t_ns,x,y,yaw,n_matched,inlier_frac,rmse_m,quality
1789658224136548618,7.968332122523116,-7.334214196803031,1.34611325114878,208,0.9952,0.01026,good
1789658224236564512,7.9698479686540455,-7.333208376709491,1.350562626714991,212,0.9811,0.01021,good
1789658224336557204,7.977142753437484,-7.334533932232068,1.3535263280746088,208,1.0,0.01412,good
1789658224436558303,7.9844564411482875,-7.334186062859896,1.3557586789882987,206,1.0,0.01041,good
1789658224546591670,7.990608707521893,-7.334194513984489,1.353064141505467,211,0.9953,0.01061,good
1789658224646574585,8.001025574324045,-7.334794626504137,1.3581132774348934,210,0.9905,0.01305,good
1789658224746566851,8.006454681650945,-7.335362435504576,1.3556450891809204,210,1.0,0.01044,good
1789658224856598106,8.015532749971062,-7.334429815846177,1.3560233578767558,207,1.0,0.01099,good
1789658224956740845,8.019731197951586,-7.334030312500625,1.3557797826745366,206,0.9951,0.00856,good
1789658225056556831,8.023295344750878,-7.332456411335383,1.3549617986945914,206,0.9951,0.00885,good
1789658225156522720,8.022984072431207,-7.331802083989054,1.3589417572659073,205,0.9902,0.00707,good
1789658225266607483,8.025720012404609,-7.33189133579348,1.358058510077514,208,0.9904,0.0061,good
1789658225366533246,8.025847926894043,-7.330045024584094,1.3662318021811073,210,0.9905,0.01508,good
1789658225466566223,8.024788988270501,-7.329035846724703,1.3659556759647693,211,0.9905,0.01534,good
1789658225566553408,8.02755552776447,-7.327572592016354,1.3637035319815212,208,0.9856,0.01415,good
1789658225666569183,8.031757914131397,-7.326933079807761,1.3618543877164582,208,1.0,0.01392,good
1789658225766568089,8.033367378277362,-7.323960975870792,1.3605862519517993,207,1.0,0.01032,good
1789658225876577505,8.03494848386946,-7.323327720908705,1.3588096302372594,209,0.9856,0.00756,good
1789658225976559097,8.033470664156297,-7.3210204780350026,1.3693802711237018,212,0.9811,0.00674,good
1789658226076553658,8.035704115725968,-7.320885645066077,1.360828746437999,211,0.9905,0.01089,good
1789658226176681622,8.034898799546617,-7.3195050677623215,1.3671181233050758,210,0.9857,0.00955,good
1789658226276643022,8.036579034537146,-7.321206661454536,1.362560715303111,206,0.9951,0.01117,good
1789658226386567084,8.036352663990336,-7.3194864471680425,1.36626961292791,209,0.9952,0.01198,good
1789658226486575426,8.035334260172625,-7.319799585559771,1.3595372812249535,211,0.9953,0.01131,good
1789658226586584211,8.03580851256132,-7.317618503297436,1.3662220385973147,208,0.9952,0.00897,good
1789658226696550752,8.041172037084802,-7.299147773642411,1.3527841982809965,207,1.0,0.00632,good
1789658226796549650,8.043872440821007,-7.2804327610570025,1.359725906115507,209,0.9952,0.00809,good
1789658226896547770,8.049663246115122,-7.259314771059199,1.3529132668339707,211,1.0,0.01336,good
1789658226996547926,8.054147925408506,-7.241051818830051,1.3486488513493395,214,1.0,0.01118,good
1789658227106538384,8.059496646484453,-7.22078615593859,1.3494344645766179,210,0.9952,0.01027,good
1789658227206564031,8.063059822618097,-7.202299957790863,1.3511874838738587,211,0.9953,0.00739,good
1789658227306585919,8.067649846790923,-7.184239160870501,1.349123562422137,214,0.9953,0.00883,good
1789658227406565050,8.071851760480174,-7.166023617640677,1.349439656897121,213,1.0,0.00951,good
1789658227516572915,8.07449200084359,-7.146231135605853,1.3509916848134418,214,1.0,0.00827,good
1789658227616578174,8.078234832740657,-7.126316900286077,1.3529985451029143,215,1.0,0.0091,good
1789658227716561379,8.080244659341309,-7.107625221724495,1.3598469099800987,216,1.0,0.00892,good
1789658227816550287,8.084549908026597,-7.09063433572895,1.3493894130914585,216,0.9954,0.00935,good
1789658227926554430,8.08769628730009,-7.070776866100229,1.345988697332079,213,1.0,0.00896,good
1789658228026547600,8.091107500953436,-7.050660549180832,1.3444483142102852,216,1.0,0.0106,good
1789658228126553554,8.094167327401133,-7.032849648299988,1.3547741107215772,216,0.9907,0.0112,good
1789658228226584192,8.097210462851775,-7.015042279861857,1.3592607779464694,213,1.0,0.00907,good
1789658228336553552,8.101356816480214,-6.9924724751886975,1.3586567828419736,216,1.0,0.01119,good
1789658228436563988,8.105589541167603,-6.975103310072307,1.3598659485447318,215,0.9953,0.01169,good
1789658228536575220,8.110692033883428,-6.954829553494106,1.353494733141945,214,1.0,0.00995,good
1789658228636560583,8.114285645073407,-6.935221127320227,1.3559852840222677,218,1.0,0.00571,good
1789658228736558686,8.119903147236847,-6.9172289442485235,1.3482311499647657,214,0.9953,0.00541,good
1789658228848002328,8.123621253250962,-6.894818714238921,1.3472249963698737,217,1.0,0.01007,good
1789658228946585072,8.12737245640616,-6.875628131111064,1.3528235647142273,216,1.0,0.01129,good
1789658229046558736,8.129971099770996,-6.858579257989459,1.3581443412679386,216,0.9954,0.01036,good
1789658229146586496,8.134074959381342,-6.840792071811784,1.3570331740001877,215,1.0,0.01082,good
1789658229256582587,8.138468387049047,-6.818753888344624,1.3530804636371176,212,1.0,0.01025,good
1789658229356580164,8.142882056754118,-6.801298670988195,1.3523118536754106,213,0.9953,0.00499,good
1789658229456585054,8.149658644826404,-6.780329879695726,1.3614976237796947,216,0.9907,0.00556,good
1789658229556567632,8.156686596537863,-6.76133044474766,1.3567046323714882,217,1.0,0.00967,good
1789658229666636589,8.163343907053434,-6.740987777374402,1.3619843130017668,219,1.0,0.00951,good
1789658229766552596,8.168863118678669,-6.721170814201437,1.3651329893110913,216,0.9954,0.00811,good
1789658229866552691,8.17063305856875,-6.7002137556916015,1.3616758168452754,218,1.0,0.01252,good
1789658229966554100,8.175331751073259,-6.681626485889263,1.366225687692598,215,0.9953,0.00662,good
1789658230076557810,8.179465381287732,-6.66139132928379,1.3629456603750614,217,0.9954,0.00959,good
1789658230176562896,8.18404626357515,-6.644801438615487,1.3578723768724763,217,1.0,0.0073,good
1789658230276561501,8.189042028016376,-6.624564820184689,1.3552393630721216,218,0.9908,0.00695,good
1789658230386568954,8.194690710595154,-6.603075655514831,1.3621188437828595,218,0.9954,0.01238,good
1789658230486552505,8.197476071489282,-6.583652376858591,1.3573325288015834,216,0.9954,0.00781,good
1789658230586588422,8.200079705457735,-6.564125904820761,1.355343278855835,216,1.0,0.00903,good
1789658230686576879,8.204255929326076,-6.5467965430181625,1.3592899946473607,219,0.9772,0.00746,good
1789658230796553094,8.20999077779343,-6.525151778505772,1.3582585690062077,219,0.9954,0.00902,good
1789658230896556384,8.215582083899827,-6.506562981208382,1.3594146752321483,214,0.986,0.00984,good
1789658230996570507,8.220489572927406,-6.487230545192351,1.3555896386992858,215,0.9953,0.01136,good
1789658231106576378,8.222317082290141,-6.4675408975714515,1.3542991875895614,216,1.0,0.01023,good
1789658231206575604,8.224283375680598,-6.446903488984379,1.3684485844611258,217,1.0,0.00697,good
1789658231306563590,8.229773275700731,-6.428329935669328,1.3582979938280901,215,1.0,0.01287,good
1789658231406559927,8.232829831620817,-6.408280879093334,1.3570846304426605,217,1.0,0.00637,good
1789658231516557634,8.236618452687011,-6.386244426415904,1.3578511197634133,218,1.0,0.00719,good
1789658231616534694,8.241843096841045,-6.36769523015288,1.362181291175294,215,1.0,0.00819,good
1789658231716658654,8.24673543163729,-6.347558077060851,1.3600557664949673,217,0.9954,0.00689,good
1789658231817022080,8.24934700859774,-6.3268689933786275,1.3536401818977162,216,1.0,0.00616,good
1789658231926579609,8.25227305590588,-6.305541253859696,1.3572028133953762,219,1.0,0.01152,good
1789658232026541580,8.259030949211834,-6.286900727391389,1.3610658111247198,218,0.9954,0.00774,good
1789658232126545983,8.263254741715253,-6.266508169909563,1.3646474395846235,221,1.0,0.01433,good
1789658232236582253,8.266277900898388,-6.2459138030044565,1.369506284190304,218,1.0,0.00882,good
1789658232336558046,8.2707310703804,-6.226381395686339,1.364491747125876,219,1.0,0.01014,good
1789658232436554060,8.274323593179599,-6.206447887495398,1.3627638252692804,219,1.0,0.0119,good
1789658232546599163,8.275856537215775,-6.185038601421131,1.3611842946349089,218,0.9954,0.0075,good
1789658232646535051,8.278341479736069,-6.165716382945951,1.3756461131013042,215,0.9953,0.00411,good
1789658232746558693,8.280458349516095,-6.148413520649421,1.3732856080975784,221,0.991,0.00855,good
1789658232846557577,8.2842886329516,-6.1307507944350945,1.38246698177901,219,0.9863,0.00472,good
1789658232947983636,8.287262564364939,-6.110785961210176,1.3765669007075536,220,1.0,0.01422,good
1789658233056659345,8.291216566398711,-6.088471304608488,1.3709111453163698,219,0.9954,0.01013,good
1789658233156574818,8.296266573801695,-6.069115442377132,1.3680002509978015,220,0.9955,0.01009,good
1789658233256556769,8.301022344952742,-6.0474878220772075,1.3660531952612318,218,1.0,0.00859,good
1789658233366560848,8.303766805672948,-6.027263740500648,1.38385468633398,217,1.0,0.00698,good
1789658233466562372,8.30589555003619,-6.004335375822201,1.386799048589108,219,1.0,0.01113,good
1789658233576561748,8.310530189963373,-5.984381445556596,1.38746415434536,220,0.9955,0.00628,good
1789658233676572197,8.31766556081987,-5.964122471198159,1.378519717914287,216,0.9954,0.00928,good
1789658233776562092,8.322595880066158,-5.943294557704346,1.3715298023710416,216,1.0,0.00721,good
1789658233876563912,8.328055752742765,-5.923541685243166,1.3733974852885285,216,0.9954,0.00631,good
1789658233976557899,8.332962193320752,-5.904620795874157,1.3713431756237862,218,0.9954,0.00604,good
1789658234086568894,8.33756042511332,-5.883159900625903,1.3672950516808704,219,1.0,0.00732,good
1789658234186577853,8.344013296194941,-5.863989187784823,1.3674252819820476,214,0.9953,0.00591,good
1789658234286574850,8.347585275030792,-5.845514255000293,1.368335171191064,217,1.0,0.00714,good
1789658234396552275,8.350090344022863,-5.82480543687057,1.3694455578713016,219,1.0,0.00641,good
1789658234496570253,8.353674715603788,-5.805731742826771,1.372285588823435,219,1.0,0.0061,good
1789658234596552658,8.356247399522033,-5.786586918377386,1.3767749970431475,219,0.9909,0.00851,good
1789658234696557543,8.360994717502564,-5.7658183399535705,1.376260456852806,219,1.0,0.00711,good
1789658234806557115,8.36369438371369,-5.744691600955428,1.37991686457566,218,0.9954,0.00823,good
1789658234906557279,8.3677014909584,-5.724561564655707,1.3784371768062438,220,0.9955,0.00639,good
1789658235006565201,8.372139751074755,-5.706445943168803,1.3744051120701508,220,0.9864,0.00761,good
1789658235116580209,8.374627432503264,-5.685379560183049,1.3849474653738172,214,1.0,0.0052,good
1789658235216552495,8.378782753337164,-5.667445036078249,1.387259781743788,219,1.0,0.01427,good
1789658235316540595,8.383127999103976,-5.649022533718043,1.3818698287307645,220,1.0,0.00838,good
1789658235416579840,8.385138652505724,-5.628762210629036,1.3854971913705578,220,0.9909,0.00989,good
1789658235526584146,8.3902563991844,-5.606580180037298,1.3855809543834423,218,0.9954,0.01049,good
1789658235626556283,8.394290421133041,-5.586467150691425,1.3856877450355136,218,1.0,0.0103,good
1789658235726567993,8.398792936933138,-5.56544695103774,1.389983667939976,219,1.0,0.00862,good
1789658235836557484,8.401525030453367,-5.543468455426497,1.3922970110585415,217,1.0,0.00935,good
1789658235936560176,8.403395978874203,-5.523613360903725,1.3855770084831245,218,1.0,0.00825,good
1789658236036551705,8.407881642024376,-5.503453607519779,1.3882800044825854,219,0.9954,0.00576,good
1789658236136557203,8.41056720016009,-5.482677533946095,1.382246363127816,218,0.9954,0.00693,good
1789658236246585073,8.414921741548,-5.461196036250685,1.3814722405555964,218,0.9954,0.00942,good
1789658236346576775,8.42114736592509,-5.439975841256406,1.3853505730625384,219,1.0,0.00779,good
1789658236446548497,8.423439214156613,-5.421074684437347,1.3866086849930839,219,1.0,0.01162,good
1789658236556564664,8.424813078157113,-5.398847460214525,1.385548529080614,216,1.0,0.00819,good
1789658236656544219,8.4275485242251,-5.380295561512812,1.388146491733415,218,1.0,0.00487,good
1789658236756559938,8.431090235591506,-5.361275785090308,1.3875747568269496,217,0.9954,0.00851,good
1789658236856505680,8.430899119733773,-5.341723917716899,1.4011049560333968,218,1.0,0.0091,good
1789658236966546716,8.437726743387863,-5.31972297269354,1.3898238249802877,217,1.0,0.00832,good
1789658237066591736,8.438104698975621,-5.300807091052063,1.4011795934778057,219,0.9909,0.00849,good
1789658237166552746,8.445730946502504,-5.280308519522364,1.3938997632112466,215,0.9953,0.01119,good
1789658237266574845,8.445537038630214,-5.260165714324953,1.3976320279242984,216,1.0,0.0093,good
1789658237376603522,8.450658223656053,-5.239381627555261,1.3913444506793644,219,0.9954,0.01251,good
1789658237476567088,8.455663909396264,-5.218566552466991,1.391593960609997,219,0.9954,0.01211,good
1789658237576554319,8.46031988036939,-5.198858980614513,1.3855353809238538,216,1.0,0.00604,good
1789658237676566844,8.46205201567763,-5.178844450631399,1.387221326880526,219,1.0,0.00917,good
1789658237786607169,8.467648823302712,-5.156739562584169,1.384814172110921,218,0.9954,0.00682,good
1789658237886569549,8.472621685867457,-5.138686621006168,1.3867292840950447,218,0.9908,0.00697,good
1789658237986552429,8.476430625141676,-5.1193600065483125,1.386927529234957,217,0.9954,0.00818,good
1789658238086730027,8.478854648727497,-5.098670203461147,1.3811812415501161,220,0.9864,0.00807,good
1789658238196554579,8.481905415298472,-5.077661029195631,1.3815713449015352,219,1.0,0.00572,good
1789658238296567614,8.481443818893286,-5.057535441550812,1.3899750678966023,219,1.0,0.00828,good
1789658238396574502,8.487902990412968,-5.037836175687865,1.3857204884701257,221,0.9955,0.0087,good
1789658238506694851,8.491345782398032,-5.016683102932176,1.3946273308050272,218,1.0,0.00355,good
1789658238606567876,8.491626979994379,-4.995042685977766,1.3972500836181696,222,1.0,0.0103,good
1789658238706570375,8.494187187468121,-4.97468359445603,1.3962165022673392,218,1.0,0.0064,good
1789658238806561337,8.501582157767194,-4.956649573437924,1.3907099887534071,218,1.0,0.01146,good
1789658238916568064,8.50656511213922,-4.9355374727487975,1.3890038913923364,218,1.0,0.00442,good
1789658239016555676,8.507051619803402,-4.916798017140936,1.3954036511080212,220,0.9955,0.00957,good
1789658239116557203,8.511864689982998,-4.897621028323127,1.3863039845990377,220,0.9909,0.00929,good
1789658239216558342,8.514491918914747,-4.878137417842691,1.391627819479253,219,1.0,0.00715,good
1789658239326555524,8.521329003305002,-4.85721066105023,1.38531898198864,216,1.0,0.00808,good
1789658239426549848,8.522924551802483,-4.837517337307908,1.3886328163070836,218,1.0,0.00871,good
1789658239526569781,8.52713743424103,-4.818326200115337,1.3870002779430763,218,0.9908,0.00692,good
1789658239626554162,8.532949904136132,-4.798079541125631,1.3886654483277905,221,0.9955,0.01008,good
1789658239736568620,8.537550254443493,-4.778247502920107,1.3898646055871897,219,0.9909,0.00705,good
1789658239836568796,8.541357573351783,-4.757346179112371,1.4003152435733968,217,1.0,0.00436,good
1789658239936555602,8.542012570996045,-4.737621553500962,1.3949176617240309,219,1.0,0.00891,good
1789658240036556410,8.546165628889526,-4.718383500922136,1.392140925047152,217,0.9954,0.00633,good
1789658240136559484,8.547988725266183,-4.6979767368891485,1.4023240450453327,219,1.0,0.00665,good
1789658240246555307,8.550673706281767,-4.676147913180013,1.3968627602083092,220,1.0,0.00702,good
1789658240346581731,8.554345218372701,-4.65895273488175,1.4016247574454905,220,1.0,0.01134,good
1789658240446592971,8.560014103955226,-4.638071871981194,1.3849378216267292,219,1.0,0.00941,good
1789658240556566314,8.566723754273758,-4.617141155649906,1.3873765692405242,219,1.0,0.00608,good
1789658240656569443,8.567423936817386,-4.598714531778928,1.4063719766482883,220,1.0,0.00728,good
1789658240756554055,8.571931393947882,-4.5780802753666485,1.39931934270831,219,1.0,0.01088,good
1789658240856551426,8.574161031191457,-4.55984849921707,1.3993999298032838,220,1.0,0.0102,good
1789658240966560896,8.578251254895747,-4.5392588216342205,1.4021589753808839,220,0.9955,0.01146,good
1789658241066567957,8.579636754492737,-4.5188463320645305,1.4159227552606861,218,1.0,0.0058,good
1789658241166604187,8.583860873000253,-4.499919788535963,1.4063817029464991,221,0.9955,0.01169,good
1789658241276769103,8.585139208602804,-4.4776158666413215,1.4064467148458237,220,1.0,0.01023,good
1789658241376556921,8.588684720554985,-4.45992966071619,1.399909927631139,221,1.0,0.01203,good
1789658241476561393,8.59477062479473,-4.440600782352619,1.3957396772569781,219,1.0,0.00868,good
1789658241586621149,8.598483090025654,-4.417421959205498,1.3990317758858495,217,1.0,0.00759,good
1789658241686644842,8.60484416068053,-4.399319917547357,1.400951155228587,216,1.0,0.00827,good
1789658241796549181,8.61045273762022,-4.376742754552028,1.4041234993795884,218,1.0,0.00675,good
1789658241886580143,8.612046925754198,-4.358435563497408,1.4168878670101681,215,1.0,0.0059,good
1789658241996550811,8.616514708278338,-4.337941985843895,1.412578316373714,216,1.0,0.00648,good
1789658242096556089,8.618064586242623,-4.319719568215911,1.4148897982793045,216,1.0,0.01086,good
1789658242196553497,8.622168349413833,-4.30144812318972,1.4092556128079603,217,1.0,0.00876,good
1789658242296559387,8.623798682222223,-4.280706223218784,1.418273747684426,217,1.0,0.00713,good
1789658242406547361,8.623550893080024,-4.258597972748896,1.4237459511162691,219,1.0,0.00918,good
1789658242506537732,8.623968103758143,-4.236920672884631,1.416983638266087,218,0.9954,0.00688,good
1789658242606559010,8.626936392923762,-4.218652013694096,1.4276271357599968,221,1.0,0.00614,good
1789658242716821264,8.633012587994445,-4.197041621121207,1.4133219810411746,217,1.0,0.00881,good
1789658242816562817,8.63531654768057,-4.177725886306401,1.429645369374831,220,1.0,0.00582,good
1789658242916567540,8.635657413010083,-4.158621109316772,1.4285321549261114,221,1.0,0.01023,good
1789658243026521795,8.64040256466864,-4.13993173948471,1.4196087467265925,216,1.0,0.00881,good
1789658243126547971,8.64234655267699,-4.121214207037883,1.4328888220102995,215,1.0,0.00864,good
1789658243226562684,8.64718352414739,-4.104127671450024,1.4256920589675777,221,1.0,0.01299,good
1789658243326564584,8.65106203769464,-4.08362380757161,1.4246300704206742,217,1.0,0.00961,good
1789658243436578381,8.658429003425486,-4.0644692223122645,1.419358734766045,218,0.9954,0.00927,good
1789658243536569670,8.6598541951319,-4.045312179040698,1.426437515602735,217,0.9954,0.00873,good
1789658243636580884,8.65982384025425,-4.026036531848327,1.414360914159826,218,1.0,0.01252,good
1789658243746559961,8.663218554023736,-4.005817649188287,1.4159658515197422,216,1.0,0.01012,good
1789658243846569304,8.664958667163559,-3.9847824090703967,1.4163243420127447,214,0.9953,0.0101,good
1789658243946552390,8.665176162001275,-3.9662922132324576,1.4213948890398753,218,1.0,0.01086,good
1789658244046572107,8.66968371675879,-3.945657094441704,1.4205971860374609,221,1.0,0.00914,good
1789658244156562861,8.673249963131633,-3.9233682445669507,1.408271615483552,220,1.0,0.00802,good
1789658244256531624,8.678356464291324,-3.9031481030984807,1.3841855280203117,216,1.0,0.00993,good
1789658244356563346,8.68304710325089,-3.882629511053023,1.3612581585203798,219,1.0,0.00822,good
1789658244456556051,8.686875425889113,-3.862708578795631,1.3432598068952062,221,0.9955,0.01155,good
1789658244566557249,8.691384088534475,-3.842247666299167,1.3284955415325486,218,1.0,0.00887,good
1789658244666670800,8.69453221784671,-3.821655252356319,1.3257695630149187,220,1.0,0.00849,good
1789658244766594491,8.699441510897005,-3.799800451506903,1.3180129359838262,220,1.0,0.00709,good
1789658244866554106,8.702234862421546,-3.778628648906187,1.3290653518637732,218,1.0,0.00922,good
1789658244976569488,8.70712603642237,-3.7596528356105186,1.3251004599756961,221,0.9955,0.00828,good
1789658245077695376,8.713201652298551,-3.7406674302781315,1.325707315754432,220,1.0,0.00808,good
1789658245176562323,8.717764019587387,-3.7211339008399307,1.3253438974403633,221,0.9955,0.00682,good
1789658245286597585,8.723893636109997,-3.699004900040184,1.3232124675250205,218,1.0,0.00665,good
1789658245386556969,8.729432731726813,-3.6808399422322697,1.3177409457894775,220,1.0,0.00911,good
1789658245486557794,8.732051652642786,-3.661756391698141,1.3215276027375304,218,1.0,0.00662,good
1789658245586595211,8.739076250683258,-3.643071182076881,1.3176491454191623,220,1.0,0.0084,good
1789658245696559032,8.745631519687393,-3.621535825915585,1.3223588847289627,221,1.0,0.00945,good
1789658245796553858,8.74786070777969,-3.603605905430842,1.3212817259859584,219,1.0,0.01198,good
1789658245896552129,8.754771128600888,-3.5838629192629923,1.3208841340626059,217,1.0,0.00661,good
1789658246006570059,8.760639973303928,-3.5636920105545826,1.3242628467874997,218,1.0,0.00918,good
1789658246106560932,8.764136048171231,-3.5431007275460296,1.318817654301448,217,1.0,0.00561,good
1789658246207006612,8.768959599596288,-3.523473225672056,1.32161816743828,219,0.9954,0.00939,good
1789658246306561362,8.772700438120982,-3.5045726718984267,1.3322229081298171,218,1.0,0.00973,good
1789658246416652223,8.778822478699144,-3.4843006056605943,1.3197346094884161,220,1.0,0.00878,good
1789658246516591581,8.78165845078606,-3.4649552664117387,1.3139957211768412,219,1.0,0.00827,good
1789658246616563492,8.789226887009052,-3.4465827983684054,1.3109385345494862,222,1.0,0.01034,good
1789658246726556804,8.796623182847267,-3.4249904753807003,1.3267956164069705,216,1.0,0.00396,good
1789658246826549806,8.800046065661272,-3.406754416368396,1.3237140682082316,219,0.9954,0.01172,good
1789658246926576418,8.804469593026186,-3.3895979820419053,1.3280378078775,218,1.0,0.00702,good
1789658247026573681,8.810313012781167,-3.3687144203471133,1.3352900764409141,217,0.9954,0.0056,good
1789658247136583780,8.814358993196905,-3.3476714739865607,1.324981472608899,221,1.0,0.00858,good
1789658247236554368,8.820287300517498,-3.3262857618268447,1.3329357826488875,222,0.9955,0.00893,good
1789658247336572971,8.824832385294814,-3.306266649537452,1.3247746255398423,220,1.0,0.00842,good
1789658247446620049,8.829701416819479,-3.2863720934404337,1.3250816666272582,219,0.9954,0.00973,good
1789658247546566730,8.83445250959502,-3.2682331076504023,1.3166223329465767,221,1.0,0.01166,good
1789658247646672254,8.841433243539901,-3.2485060703765787,1.3230391363465077,220,0.9955,0.01019,good
1789658247746627750,8.843916877179613,-3.230069443516086,1.320314892959214,221,1.0,0.00867,good
1789658247856553780,8.850279915466432,-3.2072659752654262,1.3229447103450651,221,1.0,0.01299,good
1789658247956550310,8.8548158755489,-3.1887311635511977,1.3171468338158578,220,1.0,0.01148,good
1789658248056551530,8.85894855813094,-3.1700237052823432,1.32884255414079,220,0.9909,0.00814,good
1789658248156957064,8.869569405269171,-3.150644400009891,1.3302619078642877,219,1.0,0.00979,good
1789658248266552049,8.87403973793285,-3.1303230954818084,1.3301701154298715,220,0.9955,0.01132,good
1789658248366563218,8.877230542123018,-3.112780107371381,1.3333818252244765,218,1.0,0.01132,good
1789658248466611680,8.88184058019408,-3.0941799760352793,1.3295851547644764,221,1.0,0.01338,good
1789658248576570533,8.886543148618143,-3.0741619421996855,1.3315059542211296,219,0.9909,0.0092,good
1789658248676587702,8.89138556776641,-3.0556373287605596,1.3294662356285547,222,1.0,0.01037,good
1789658248776568909,8.896525785802163,-3.0350128975969892,1.333271473975153,219,1.0,0.01419,good
1789658248876766381,8.89973319625591,-3.0160677732096763,1.3271622159914676,220,0.9955,0.008,good
1789658248986564521,8.903050668734114,-2.9960616597356875,1.3285259952622905,222,1.0,0.01028,good
1789658249086637620,8.90783445513632,-2.978276092714197,1.3303185436098164,219,0.9954,0.00864,good
1789658249186552266,8.911461230125308,-2.9611320177650704,1.3318479166041468,221,1.0,0.00859,good
1789658249296553608,8.917110885597632,-2.9391437233511413,1.3356588235388767,218,1.0,0.00894,good
1789658249396551954,8.917851755126307,-2.922656656312858,1.331154161988319,220,1.0,0.01209,good
1789658249496552928,8.925283997999351,-2.9061212569935417,1.3314767747354568,219,0.9954,0.01152,good
1789658249606632748,8.930945030038302,-2.882793489295219,1.327382412948323,220,1.0,0.00741,good
1789658249706566411,8.9358906338226,-2.8641151163456,1.326568152694273,220,1.0,0.00732,good
1789658249806611291,8.94003471351788,-2.8430048829383265,1.3321061797347973,220,0.9955,0.01202,good
1789658249906579860,8.945047446963907,-2.823655068047477,1.330110926033421,221,1.0,0.00595,good
1789658250016585481,8.950886379487919,-2.8047418835920617,1.3311623541483615,220,1.0,0.00681,good
1789658250116582076,8.955606574641944,-2.785026514128542,1.327830126076547,221,0.9955,0.00546,good
1789658250216582468,8.959924164569895,-2.7649893258428397,1.331515179003413,221,1.0,0.00839,good
1789658250316572212,8.962356488443762,-2.746760762970147,1.335876077416244,220,1.0,0.00872,good
1789658250426554195,8.967416300286354,-2.7259818777635134,1.3327425139633282,217,1.0,0.00666,good
1789658250526571252,8.971782323327071,-2.707355585929878,1.3322895856936878,219,0.9909,0.00765,good
1789658250626551182,8.976470064908039,-2.6872930654972125,1.3263306198831306,218,1.0,0.0087,good
1789658250736555238,8.985544538115644,-2.6655585064857816,1.3307955218371301,220,0.9955,0.0062,good
1789658250836566352,8.99057905682945,-2.6457975494368826,1.3357880972696146,219,1.0,0.01104,good
1789658250936568021,8.992445975900669,-2.6276738106209665,1.331107915342863,220,1.0,0.01116,good
1789658251036559897,8.99441206083337,-2.6060029188068086,1.3384130443195372,218,1.0,0.00912,good
1789658251146567111,8.997958605110744,-2.5862497993391944,1.3316419157132764,219,1.0,0.01175,good
1789658251246561179,9.004001236333636,-2.567312559215366,1.3260594011559323,218,1.0,0.00773,good
1789658251346574579,9.009739693457174,-2.548673767186717,1.3330515922820958,214,1.0,0.00974,good
1789658251446565221,9.014375360706175,-2.5296116128448904,1.3397370911404078,219,1.0,0.00846,good
1789658251546570640,9.020808620715568,-2.511703680447237,1.3386131057866149,217,1.0,0.00965,good
1789658251646579967,9.023399607100815,-2.4928048503848035,1.3321719964627414,214,0.9953,0.00729,good
1789658251756517426,9.02945348331254,-2.47169281730098,1.33193452033768,216,1.0,0.00527,good
1789658251856550158,9.033437535864397,-2.4529798635913265,1.3342430424763263,218,1.0,0.00949,good
1789658251956570687,9.038674155129458,-2.4329670056412223,1.3339200278230197,217,1.0,0.01159,good
1789658252056663643,9.04202866492732,-2.411657550510588,1.3392938514802968,215,0.9953,0.00903,good
1789658252156549004,9.047062492562443,-2.3933750381628602,1.335869422126423,218,1.0,0.0092,good
1789658252266568839,9.051690834706484,-2.368999401275795,1.3385614821749368,217,0.9954,0.00927,good
1789658252366587248,9.05587938963954,-2.3490033380324036,1.3434187613765305,218,1.0,0.00834,good
1789658252466523866,9.063503464135085,-2.3297673344934133,1.3474283306913288,216,1.0,0.00767,good
1789658252576648769,9.067556110547882,-2.3069652031601704,1.3358079498818776,220,1.0,0.00635,good
1789658252676527649,9.070203953083922,-2.2907623475787107,1.3356372231475924,219,1.0,0.01081,good
1789658252776677347,9.07922321777647,-2.271068980696021,1.3412868904386355,217,1.0,0.00728,good
1789658252879957198,9.081535874415891,-2.250458917793112,1.3419658277063562,217,1.0,0.00996,good
1789658252986586395,9.084885697731286,-2.2291063859594664,1.3382577937997708,219,1.0,0.00582,good
1789658253086547815,9.089174389323011,-2.2117729187900546,1.3406213868630101,216,1.0,0.00589,good
1789658253186560104,9.092711147175967,-2.192578188761553,1.340118098192875,218,1.0,0.00755,good
1789658253296551821,9.09677694330546,-2.1721584936135567,1.3433123367173463,220,1.0,0.00734,good
1789658253396584164,9.10077932902526,-2.1528826984006946,1.342993799545212,217,1.0,0.00776,good
1789658253496562085,9.107428025727435,-2.1352394927573672,1.345893615373561,220,1.0,0.01041,good
1789658253596564467,9.114454112408223,-2.115748062427211,1.343748812299787,217,1.0,0.01074,good
1789658253706566221,9.120667915806992,-2.092691250023342,1.3407248557461497,216,1.0,0.0099,good
1789658253806563474,9.12606642834452,-2.0743097646567223,1.3445829884682885,217,1.0,0.00642,good
1789658253906561171,9.128453497480043,-2.05386344322319,1.339271308734798,218,1.0,0.00755,good
1789658254016624274,9.132508163903022,-2.032706273271004,1.3433584275259762,218,1.0,0.00557,good
1789658254116564650,9.136528395470895,-2.0145640613806934,1.3506472880431781,220,1.0,0.00699,good
1789658254216564431,9.13924450310935,-1.9973917398765333,1.3508778381458022,220,1.0,0.00892,good
1789658254316836196,9.144715741191886,-1.9777224279601586,1.352392370392097,218,1.0,0.00462,good
1789658254426565845,9.148930574806755,-1.958911323478906,1.356163441997768,220,1.0,0.0085,good
1789658254526562830,9.15134269413228,-1.9400806422123693,1.3542853097438956,221,1.0,0.0114,good
1789658254626563147,9.157038810340508,-1.9207950427788474,1.3454693734812957,216,1.0,0.01087,good
1789658254736643332,9.163295638194093,-1.901330088569956,1.3432310133222578,219,1.0,0.0088,good
1789658254836563432,9.168866838305615,-1.881033828776929,1.3356947922303295,218,1.0,0.00974,good
1789658254936566360,9.177080084291276,-1.8613106005355382,1.3386434234729225,217,1.0,0.00589,good
1789658255036556829,9.180766178552751,-1.8439531650350944,1.3398954382886519,216,1.0,0.00464,good
1789658255146564436,9.184839374290148,-1.8242198637225548,1.3434744907651046,212,1.0,0.00931,good
1789658255246586336,9.189872772480953,-1.8056966606142857,1.3440723560371897,218,1.0,0.01037,good
1789658255346578607,9.192268559781875,-1.7872022866757167,1.3504363428201684,217,0.9954,0.00821,good
1789658255456552087,9.196301338327947,-1.7667296243388262,1.3458066882085884,214,1.0,0.009,good
1789658255556549413,9.198120141891826,-1.746847236941163,1.3416750747501995,218,1.0,0.00667,good
1789658255656551332,9.203467458009552,-1.7267764789764835,1.3454779201960188,219,1.0,0.00867,good
1789658255756548252,9.210642369586635,-1.7086739592210165,1.3433739752284763,216,1.0,0.00758,good
1789658255866567395,9.216712165641246,-1.688728092583362,1.3435357046572969,217,1.0,0.01013,good
1789658255966575462,9.218917496320474,-1.6697224062980764,1.3445539352152973,218,1.0,0.00727,good
1789658256066568517,9.222553325752239,-1.6488912512966774,1.3408665099610337,219,1.0,0.00861,good
1789658256176577245,9.227440396235934,-1.6287933993466328,1.339266862507587,215,1.0,0.00803,good
1789658256276567618,9.230617958487665,-1.6086489773571013,1.3410960767930207,217,1.0,0.00742,good
1789658256376564565,9.234372780875919,-1.5886090716488583,1.3429937182524734,216,1.0,0.00655,good
1789658256476569475,9.239459018073097,-1.5719378138930309,1.3473567059921605,218,1.0,0.00496,good
1789658256586562574,9.246050252396675,-1.5502809865447968,1.3510806776719002,218,1.0,0.00798,good
1789658256686546651,9.2479583613194,-1.531162113767118,1.3566705217947455,216,0.9954,0.0111,good
1789658256786591688,9.251119310565876,-1.5139904343464021,1.3521885493602557,217,1.0,0.00885,good
1789658256896567140,9.256945690835083,-1.4921262479646789,1.3464199962121932,218,1.0,0.00736,good
1789658256996545903,9.260195223998167,-1.4730163109993666,1.349577120779765,218,1.0,0.00859,good
1789658257096556302,9.265585248325836,-1.4545269407013417,1.3491481783656976,219,0.9954,0.00556,good
1789658257196576349,9.269103623661149,-1.4341303171511033,1.344364174389238,218,1.0,0.00724,good
1789658257306574903,9.274165563936249,-1.414761702451565,1.345168592398768,219,1.0,0.00668,good
1789658257406566470,9.277430654175662,-1.3950332206087346,1.3445934027153335,218,1.0,0.00616,good
1789658257506611590,9.281979749063746,-1.3742821682341808,1.3507161578776379,219,1.0,0.01118,good
1789658257616558999,9.28538445646777,-1.3547824406502453,1.3493587503862974,219,1.0,0.00823,good
1789658257716583749,9.289480595593533,-1.334241845588106,1.347325946697443,219,1.0,0.00633,good
1789658257816557725,9.293646159185714,-1.3167065058956768,1.3506128262618025,215,1.0,0.0059,good
1789658257916557441,9.295687623473082,-1.2979431807861876,1.3482705662039862,218,1.0,0.00672,good
1789658258026566958,9.302678530244362,-1.276329197703586,1.3464912016556458,215,1.0,0.00516,good
1789658258126548165,9.306956583359339,-1.2571540580421097,1.3499822651041464,218,1.0,0.00833,good
1789658258226557426,9.310956701038121,-1.238799914492863,1.350519917676353,215,1.0,0.0064,good
1789658258336553934,9.316057568014749,-1.2172364405354994,1.3484976968426423,218,1.0,0.0071,good
1789658258436561972,9.321663324082255,-1.1988411304375186,1.3538993581177472,217,1.0,0.00721,good
1789658258536579825,9.326504826622047,-1.1804269563849479,1.360213521761344,213,1.0,0.00993,good
1789658258636556421,9.327831523015346,-1.1591734097182733,1.3663012559134173,215,1.0,0.01273,good
1789658258746577002,9.33327185975743,-1.1417095197993192,1.3609737333473149,215,1.0,0.01044,good
1789658258846566523,9.336636878695199,-1.12181517009361,1.3598711710096356,217,1.0,0.00709,good
1789658258946559303,9.34121374254241,-1.1039680423422218,1.351876970959905,219,1.0,0.00748,good
1789658259056510985,9.34323975485279,-1.0819225975695232,1.356349680697929,215,1.0,0.00999,good
1789658259156553327,9.348788210845298,-1.0631683579337885,1.3568970162562717,216,1.0,0.00624,good
1789658259256549820,9.353988026471383,-1.045953027967138,1.3552633580365356,215,1.0,0.00713,good
1789658259356548590,9.358419468307318,-1.0282326651315499,1.360754873056374,217,1.0,0.00645,good
1789658259456549712,9.362027395470331,-1.009567298271453,1.3631654395392605,216,1.0,0.00712,good
1789658259566558729,9.363973629653941,-0.9885435565721914,1.3697911642232272,217,1.0,0.00747,good
1789658259666544871,9.366567101102056,-0.9691813426419708,1.3672128644812125,215,1.0,0.00788,good
1789658259766548733,9.37080429548241,-0.9491626921923614,1.369474837363926,216,1.0,0.00747,good
1789658259866566095,9.373798113759925,-0.9283382046513948,1.36887995784659,218,1.0,0.00719,good
1789658259976571076,9.377773106692603,-0.9089315735393673,1.3602214307019531,217,1.0,0.00945,good
1789658260076569464,9.383113515081538,-0.8894690255373895,1.359877735139002,216,1.0,0.00593,good
1789658260176570373,9.388603369892596,-0.8727239304264267,1.360195750352348,215,1.0,0.00502,good
1789658260276564634,9.393185806239755,-0.8526205784620284,1.3559600097913558,218,1.0,0.00903,good
1789658260386549070,9.39807129730106,-0.8304067412543495,1.3557797703380328,217,1.0,0.00692,good
1789658260486557404,9.405298130550847,-0.812976040390207,1.356469360213484,216,1.0,0.00523,good
1789658260586565646,9.411175127613863,-0.7948427584144627,1.3574885201897808,218,1.0,0.00538,good
1789658260686584776,9.413358009291455,-0.7737540321229712,1.3591295564425951,217,1.0,0.00576,good
1789658260796552657,9.414658836970458,-0.7531167119544323,1.362461770612336,218,1.0,0.00873,good
1789658260896551770,9.418942037664358,-0.7327206395981297,1.3618344495232753,218,1.0,0.00741,good
1789658260996559697,9.423373276884393,-0.7125926713346916,1.355573160204366,217,1.0,0.0075,good
1789658261107340004,9.428839155618297,-0.6923862339192027,1.3583210394657743,216,1.0,0.00716,good
1789658261206581502,9.432542155653444,-0.6734743421051499,1.3589834895976496,217,1.0,0.01082,good
1789658261306562013,9.435826497937509,-0.6548420030200565,1.3682377077901917,217,1.0,0.00727,good
1789658261406554247,9.437643927367956,-0.6361810594017278,1.359701222900114,217,1.0,0.00948,good
1789658261516562376,9.442513129527624,-0.6149184549960591,1.3633390565649524,216,1.0,0.0085,good
1789658261616571812,9.448954625936569,-0.5981954469807629,1.3632787774056927,215,1.0,0.00758,good
1789658261716641170,9.452083401565195,-0.5807229722514795,1.3646369773271145,218,1.0,0.00781,good
1789658261816590980,9.455582602419717,-0.5606246308600228,1.3633905649615898,217,1.0,0.00455,good
1789658261926509059,9.458051236037386,-0.5405907182327352,1.364103092165283,216,1.0,0.00938,good
1789658262026554032,9.461735316997727,-0.5220871940712817,1.3698166408079198,218,1.0,0.00701,good
1789658262126551126,9.465539438290147,-0.501590802235598,1.3630684611379602,214,1.0,0.00629,good
1789658262226553534,9.47014852349505,-0.48289085204598003,1.363029964826143,218,1.0,0.0061,good
1789658262336592097,9.473592422951922,-0.46179325503364255,1.3633981625993703,217,1.0,0.00887,good
1789658262436836751,9.475926020807405,-0.4425067011544438,1.3667902652385486,219,1.0,0.00743,good
1789658262536566915,9.480132366775928,-0.4256380977020623,1.3723918699905602,217,0.9954,0.00752,good
1789658262636556083,9.483934336521434,-0.4059023856516455,1.3678627818701827,217,1.0,0.00525,good
1789658262746627941,9.488281162470463,-0.38417286882193247,1.3655690882627611,217,1.0,0.00714,good
1789658262846661718,9.491936719775099,-0.36749447411837805,1.3632985661003445,216,1.0,0.00861,good
1789658262946582390,9.49861487932174,-0.3473551099801979,1.3579357452446859,219,1.0,0.00568,good
1789658263056556592,9.505057834321983,-0.32716324209988634,1.3590162697451493,217,1.0,0.00547,good
1789658263156527233,9.50675922227614,-0.3067710964532382,1.3559479867291875,217,1.0,0.00697,good
1789658263266561677,9.510283903006101,-0.2843742885906397,1.3556304975332296,215,1.0,0.00774,good
1789658263366558131,9.515358606109006,-0.26699920543049255,1.3620268632846126,215,1.0,0.00793,good
1789658263466572640,9.519168619054904,-0.24768982717989324,1.3646780964555578,216,1.0,0.00553,good
1789658263566566520,9.52204173958934,-0.2264412586921391,1.3618825702733162,216,1.0,0.00816,good
1789658263676576040,9.524134539051067,-0.2077370098502725,1.3660528597883745,214,1.0,0.01153,good
1789658263776567161,9.526403633546298,-0.18868476464097567,1.3699551687661773,214,1.0,0.00797,good
1789658263876564208,9.531525722950201,-0.16948156103606116,1.368239070681647,218,1.0,0.00899,good
1789658263976569088,9.535238243543771,-0.15355665787747136,1.3595242667314227,215,1.0,0.00788,good
1789658264086550190,9.541453615631678,-0.13033006998006147,1.3554457947462806,212,0.9953,0.00868,good
1789658264186542209,9.544041137420706,-0.11224075495749666,1.3620020947392004,212,1.0,0.00981,good
1789658264286549690,9.549695235565562,-0.09306660266151728,1.3589914048159704,212,1.0,0.01019,good
1789658264386549839,9.552392999821636,-0.07242640014957094,1.3587365197607681,215,0.9953,0.01049,good
1789658264496548554,9.556077495026374,-0.050533882394343865,1.3658038544795852,216,1.0,0.00655,good
1789658264596565756,9.558055336205419,-0.03145316484256186,1.3693654994330982,214,0.9953,0.00911,good
1789658264696571830,9.560853584242238,-0.00956951141857737,1.365610526953498,216,0.9954,0.01153,good
1789658264796544628,9.565614617220847,0.009914140029519763,1.3618051303574432,215,1.0,0.01137,good
1789658264906553380,9.572532518195095,0.03245095137783956,1.36168689282232,212,1.0,0.00903,good
1789658265006576416,9.576909552043796,0.05231456833446206,1.364730510353669,218,1.0,0.00816,good
1789658265106554926,9.577602641219825,0.07129444098403669,1.367429841622122,213,1.0,0.01061,good
1789658265216513338,9.583411568589925,0.09456313551404703,1.3620753843980156,214,0.9953,0.00635,good
1789658265316558900,9.588171139132834,0.1137650580063197,1.3639927102713878,211,1.0,0.00764,good
1789658265416601165,9.592475982948152,0.13444201349644566,1.3618361703642299,215,0.9953,0.01121,good
1789658265516527734,9.596673501345656,0.15423065304662167,1.3617277769680798,217,1.0,0.01032,good
1789658265626538958,9.60271227550626,0.17594634420266234,1.3668071335595549,216,1.0,0.01155,good
1789658265726554688,9.605967971858684,0.1955679875888673,1.3650639728028675,216,1.0,0.00858,good
1789658265826562048,9.609479431265546,0.21703601253850643,1.3634785319807086,216,1.0,0.00951,good
1789658265926654885,9.613730037172184,0.2384784213438352,1.3602040614507744,217,1.0,0.00952,good
1789658266036548249,9.622264455039353,0.2580686719962921,1.364612189668885,215,0.9953,0.0077,good
1789658266136574580,9.623717005691597,0.2793871520767395,1.365691709183719,216,0.9954,0.00942,good
1789658266236556895,9.625581547373113,0.2997242811319977,1.3631504259130727,217,1.0,0.01092,good
1789658266346679085,9.62979632689065,0.3228925825171318,1.3635328691742072,214,0.9953,0.00856,good
1789658266446535851,9.635880916602494,0.3432285304481919,1.362261375146838,214,1.0,0.00565,good
1789658266546554535,9.64162401070102,0.3626779988587915,1.362517306912158,212,1.0,0.0079,good
1789658266646571070,9.646698466891838,0.38207041056230745,1.3654437351520485,215,1.0,0.00688,good
1789658266756549361,9.64886933870953,0.40654897229114584,1.3687918979335119,217,1.0,0.00872,good
1789658266856563341,9.65005755710595,0.4257277137543462,1.3737493908841552,216,1.0,0.00871,good
1789658266956559710,9.653798820955902,0.44648608418826635,1.3775091117930345,212,1.0,0.00559,good
1789658267066556784,9.657366272608492,0.46898060973813105,1.3794584879377296,214,1.0,0.0105,good
1789658267166563699,9.660729631578794,0.489867895718119,1.3771832221165103,214,1.0,0.01015,good
1789658267266560799,9.663823699596172,0.5106504250630993,1.3747963288390503,213,1.0,0.00778,good
1789658267366565881,9.666341634201265,0.531697178552917,1.3761213823100926,215,1.0,0.0079,good
1789658267476573087,9.672099352117455,0.5543075069448423,1.381758328732969,215,1.0,0.01154,good
1789658267576567966,9.674814671408944,0.5739268750539633,1.381249012039938,214,1.0,0.00929,good
1789658267676554715,9.677976865388889,0.5918527470514253,1.3840365703241897,215,1.0,0.00786,good
1789658267786560274,9.683118245660257,0.6156827627050518,1.3807844071749844,214,0.9953,0.00741,good
1789658267886552856,9.685813530911865,0.6367109407593909,1.375500813808959,214,1.0,0.00946,good
1789658267986551864,9.69006536766094,0.6570406417073589,1.3769358640907805,214,0.9953,0.00965,good
1789658268086549898,9.693961710106624,0.6769423379146162,1.3714482613110839,214,1.0,0.00946,good
1789658268196543374,9.697932426972683,0.698349980926056,1.3711607421499419,214,0.9953,0.009,good
1789658268296557501,9.703949938642559,0.7161998591373185,1.3732233910153866,215,1.0,0.01139,good
1789658268396591478,9.708795619006132,0.7360618324619874,1.3719807351879756,216,1.0,0.01102,good
1789658268506564326,9.711816882990696,0.7576059330669912,1.3702599076787205,216,0.9954,0.00626,good
1789658268611333224,9.715057077575041,0.77929017667334,1.3723729042733688,214,0.9907,0.00756,good
1789658268706649780,9.72050993053791,0.7979324399268076,1.3713109560474346,214,1.0,0.00883,good
1789658268806564746,9.724995538736179,0.8177764609591386,1.3690407680375898,213,1.0,0.00907,good
1789658268916572666,9.727200664905094,0.8385392395513303,1.370631151594524,214,1.0,0.01305,good
1789658269016564202,9.731107390909225,0.858990361511204,1.3695096794514834,215,1.0,0.0102,good
1789658269116572264,9.734124198900297,0.8772715641248013,1.365848435643507,214,1.0,0.01189,good
1789658269226587804,9.739420132735315,0.9000319663390077,1.3624639459617152,215,0.9953,0.01159,good
1789658269326552239,9.745071592099304,0.9186984665365479,1.3554041832441637,214,1.0,0.01092,good
1789658269426529321,9.746221007082504,0.9357007286888037,1.3593757619941578,213,0.9953,0.01219,good
1789658269526571381,9.752250264031328,0.9556599221691352,1.3553237698557676,211,1.0,0.01109,good
1789658269636555867,9.755394088365472,0.9763443659289281,1.3533505456954227,210,1.0,0.01085,good
1789658269736616444,9.760296682777287,0.9954235105135747,1.35895784924776,208,0.9952,0.00756,good
1789658269836641653,9.765202959582382,1.0162218022441105,1.353167629678628,211,1.0,0.01221,good
1789658269946557699,9.77008189069094,1.037056715248006,1.3589036496645208,209,0.9952,0.00716,good
1789658270046608077,9.773124686029862,1.0555968406848832,1.354170440449122,208,1.0,0.00922,good
1789658270146646368,9.777369436209929,1.0762336503844998,1.3526881258357972,209,1.0,0.01086,good
1789658270246576887,9.782380834511546,1.0952459752909705,1.3507726320736366,205,1.0,0.00786,good
1789658270356567790,9.785476135962766,1.1146964965457382,1.3474440489743644,206,0.9951,0.00957,good
1789658270456596896,9.788420120712939,1.1329176929732387,1.3487013776798393,205,1.0,0.00729,good
1789658270556549618,9.792129066084545,1.150664455902135,1.349356727765908,206,0.9854,0.00955,good
1789658270656563096,9.797225633779895,1.1709397414506024,1.3466208203033685,203,1.0,0.01107,good
1789658270766564257,9.80411890872109,1.193199684163278,1.3538213563433277,204,1.0,0.01105,good
1789658270866563939,9.808183104848373,1.2113547893297572,1.3522989028712724,202,0.9901,0.01206,good
1789658270966576787,9.813139133459197,1.2314773005769277,1.3510019929172146,204,1.0,0.00902,good
1789658271076570770,9.816752059858088,1.2526972648236976,1.3531946893285869,202,1.0,0.01113,good
1789658271176585441,9.822343196207118,1.2716483077388678,1.3544139710557317,200,1.0,0.01449,good
1789658271276673405,9.827796928244162,1.2910994007836623,1.3511168498985964,200,1.0,0.0096,good
1789658271376553658,9.832432929726743,1.3094054979894811,1.3479668853668212,198,0.9949,0.01278,good
1789658271486554773,9.83737234260164,1.3300898047124092,1.3519359615135669,198,0.9848,0.01398,good
1789658271586554316,9.83913647975971,1.3497884995557015,1.3523188276796518,199,1.0,0.01185,good
1789658271686546025,9.841881205650042,1.368936400030012,1.3574607400940417,198,0.9949,0.01086,good
1789658271786546734,9.843330253087823,1.3892398643806274,1.3635675114724317,194,1.0,0.01098,good
1789658271896572552,9.847432503030594,1.4111873148928418,1.3633617408709384,195,0.9949,0.01027,good
1789658271996569983,9.850153435677257,1.431946848275015,1.3682715297490704,197,0.9949,0.01385,good
1789658272096553572,9.854405974294258,1.449737495792038,1.3683063755362912,196,1.0,0.01009,good
1789658272196571863,9.85668094361505,1.4725137872298593,1.3696582801567716,192,1.0,0.01204,good
1789658272306569358,9.860859103082642,1.4927621824317863,1.3658809647374501,194,1.0,0.01096,good
1789658272406567891,9.865797071391938,1.512780082447175,1.3608771962922783,196,0.9898,0.01147,good
1789658272506577867,9.86700066320751,1.534267042926112,1.3715824870833098,197,0.9949,0.01356,good
1789658272606557679,9.870562261081169,1.5515301571531799,1.3642669064749058,197,0.9898,0.01111,good
1789658272716552600,9.875508718906294,1.5717909912390087,1.3631999201293143,199,1.0,0.01157,good
1789658272816508616,9.879779319333288,1.590116534760449,1.3710374494187798,197,1.0,0.01155,good
1789658272916562979,9.884589219768063,1.6049254196320994,1.367361562676696,199,1.0,0.01069,good
1789658273016581049,9.891213188199357,1.6224173503712813,1.368413787418159,197,1.0,0.00963,good
1789658273126553240,9.894863406182,1.6427763670989026,1.367329394346462,197,0.9949,0.01271,good
1789658273226605890,9.898616461665496,1.6591949040459713,1.3653608913348385,197,0.9949,0.01208,good
1789658273326564766,9.903419071754671,1.6738194128867265,1.361223029446155,196,1.0,0.00841,good
1789658273426566789,9.902447327055434,1.673254193606566,1.3643412541468107,196,0.9898,0.0101,good
1789658273536590737,9.907075096952944,1.6716998826888365,1.368259307680227,194,1.0,0.00928,good
1789658273636568723,9.9074087284002,1.6700714685714888,1.3694818236973085,194,1.0,0.01051,good
1789658273736555765,9.906584621333877,1.6669407533140055,1.372110640052569,195,0.9949,0.00913,good
1789658273836572509,9.904443524531501,1.6649831479818902,1.383368271038802,191,0.9948,0.01237,good
1789658273946671045,9.902347241230581,1.6629392840096773,1.4036781481237313,195,0.9897,0.01121,good
1789658274046570188,9.90203439758017,1.6615992674356492,1.4302699040044489,193,0.9948,0.0094,good
1789658274146632808,9.90114945323723,1.660983138126559,1.4600763905064686,194,0.9948,0.00842,good
1789658274246569732,9.903239957511916,1.6598711299164415,1.4852349580464395,195,0.9949,0.01137,good
1789658274347297426,9.9065803362155,1.6594619735055836,1.519942996732778,197,0.9949,0.01008,good
1789658274456608127,9.905208685123968,1.6590769139076338,1.5517757741142135,198,0.9949,0.00736,good
1789658274556565105,9.907020588214957,1.6590747640926446,1.5746648952886952,196,0.9949,0.00863,good
1789658274656546248,9.908008254716611,1.6582072888245003,1.6078912366155302,193,1.0,0.01001,good
1789658274766567705,9.90690059754959,1.658422996373925,1.6376426029437352,197,1.0,0.01058,good
1789658274866556218,9.905351875805662,1.6598665423241308,1.6668868480091843,197,0.9898,0.00984,good
1789658274966536010,9.905617185109541,1.6588242305478325,1.695425938708632,194,1.0,0.01088,good
1789658275076548492,9.907315728978745,1.6596484579808712,1.7467220522675873,194,0.9948,0.01018,good
1789658275176550624,9.910405354231347,1.6582554646719547,1.7955248647422062,195,1.0,0.01238,good
1789658275276564830,9.916012621593667,1.6567808994307178,1.8483306261276717,193,0.9948,0.01205,good
1789658275376571776,9.92265177188995,1.65586037148582,1.9069331425523424,193,0.9896,0.00781,good
1789658275476568223,9.928760865774082,1.6543337316433857,1.9653784025915568,194,1.0,0.0085,good
1789658275576563152,9.93596245599108,1.6516362523813655,2.0253943285708993,194,0.9948,0.00779,good
1789658275686565231,9.93894704786106,1.650863406557419,2.0925989085087506,193,1.0,0.00744,good
1789658275786545049,9.94302401523276,1.6504491179103375,2.1649127593080673,192,0.9948,0.01161,good
1789658275886565773,9.942219198838844,1.6512281266612188,2.220599647058944,193,0.9948,0.01275,good
1789658275986567627,9.942846599333127,1.6513838913774808,2.2653018191552254,192,1.0,0.01181,good
1789658276086548508,9.94333845076825,1.6522319195463835,2.3288893494348297,191,0.9948,0.00805,good
1789658276196575169,9.944948123037896,1.650911354674891,2.3914817956155288,191,1.0,0.00768,good
1789658276296836277,9.943530305873116,1.6511377840967536,2.4485253408577208,197,0.9898,0.01005,good
1789658276396552118,9.947207762677824,1.6502734159282446,2.5146142486314123,194,1.0,0.00638,good
1789658276496553444,9.946539964195836,1.6504316256535168,2.579763767894419,194,0.9948,0.00882,good
1789658276606551847,9.94871018472752,1.6490591533823102,2.6292667596488526,196,0.9847,0.00978,good
1789658276706563635,9.946217068084811,1.6492400097094468,2.641878824973513,195,1.0,0.01178,good
1789658276806606051,9.946570196812342,1.64930413782712,2.6502869130349413,194,0.9948,0.01312,good
1789658276916529791,9.927724413708527,1.6557422700882858,2.6448676445660073,196,0.9949,0.0139,good
1789658277016513878,9.906911500053145,1.6630767589896491,2.6435192437699415,190,0.9947,0.0099,good
1789658277116559229,9.883245968554805,1.6714373503321545,2.6410780027009,192,1.0,0.01379,good
1789658277216556693,9.858848579663903,1.6793801154825785,2.643867886976551,190,0.9947,0.01174,good
1789658277326581085,9.832999454717159,1.6896173001043544,2.6483979816444174,192,0.9948,0.0108,good
1789658277426554698,9.809660996251756,1.6991016429144652,2.6561373508758788,193,0.9845,0.00992,good
1789658277526547848,9.786892953012929,1.708812068383212,2.656398034909702,194,0.9948,0.01197,good
1789658277626555793,9.767824341997011,1.7173102881830675,2.6579078793538073,190,0.9947,0.01421,good
1789658277736603887,9.745621787768084,1.727213184728392,2.660409515239891,193,1.0,0.0148,good
1789658277836558835,9.72705392646701,1.735871302385676,2.654414309368856,192,0.9948,0.00977,good
1789658277936562317,9.70865725940662,1.7392779621257475,2.658316429202129,193,0.9896,0.01256,good
1789658278046555307,9.688485819364333,1.7503061281245138,2.6591428954507954,191,0.9843,0.01176,good
1789658278146563446,9.67418567801746,1.7578758040076237,2.653834504466756,188,0.9894,0.01163,good
1789658278246590694,9.654345021001262,1.764310426947656,2.657049546101857,189,0.9841,0.01526,good
1789658278346578241,9.63520758009197,1.7734791557643437,2.6539802736046108,190,1.0,0.01351,good
1789658278456565626,9.61731406141894,1.7835673529562364,2.6666954770805624,189,0.9894,0.01285,good
1789658278556551581,9.597413162864143,1.7931329174752983,2.664278794651681,189,0.9947,0.01174,good
1789658278656640289,9.577977924021937,1.804629436914939,2.6631274195678474,192,0.9896,0.01424,good
1789658278766564418,9.561520688488754,1.8144126614381195,2.6617031382105516,193,0.9948,0.01277,good
1789658278866566909,9.546908933787144,1.8261737971657026,2.6719406891575197,191,0.9895,0.01436,good
1789658278966557548,9.527891171183905,1.8332601936951272,2.668101831896453,188,0.9894,0.01173,good
1789658279066553137,9.51154733323591,1.8389192494800375,2.669323729410629,189,0.9894,0.0161,good
1789658279176556049,9.497408017973619,1.841268413782881,2.6750000253133415,189,0.9841,0.01705,good
1789658279276556252,9.479902244543846,1.8469262939577402,2.680554536392582,186,0.9785,0.01568,good
1789658279376559399,9.462492513552139,1.8535591182729463,2.6797878657417185,185,0.9838,0.01871,good
1789658279476544343,9.445026065034542,1.8580328916979234,2.6769461860831827,191,0.9738,0.02002,good
1789658279586550125,9.42526108230804,1.8649060085158677,2.687610897225227,186,0.9892,0.02036,good
1789658279686562272,9.405823337001287,1.8673824197376283,2.6758798272017517,181,0.989,0.02099,good
1789658279786562141,9.384549732971836,1.8738114511402144,2.665457936205109,180,0.9778,0.01172,good
1789658279886580695,9.365414799205967,1.8787252867992799,2.66883738046002,178,0.9888,0.01492,good
1789658279996566793,9.342821429868815,1.8839745407775204,2.665044654058873,180,0.9889,0.02115,good
1789658280096571225,9.322398241576924,1.8919324854525366,2.6568150151454066,171,0.9883,0.01601,good
1789658280196567659,9.302956440870675,1.8981827125602615,2.6508615796198516,175,0.9829,0.01386,good
1789658280296563037,9.285003769096546,1.905180179816662,2.6564229848586356,176,0.9943,0.01737,good
1789658280406541237,9.267037431730145,1.91540954139683,2.6645112335182732,176,0.9602,0.01819,good
1789658280506563465,9.252380741300662,1.9250182612336062,2.677056837770559,171,0.9825,0.01489,good
1789658280606579750,9.235653407453906,1.9351976069544552,2.692482478806139,168,1.0,0.01574,good
1789658280706558462,9.2164082532063,1.9428806840122617,2.7160055694051426,173,0.9942,0.02168,good
1789658280816560809,9.196517104422922,1.950041791488481,2.746034459580031,168,0.9702,0.01203,good
1789658280916551595,9.179133824041916,1.9579560347389635,2.7707589092885163,165,0.9818,0.01435,good
1789658281016551696,9.159551502291338,1.9658361775876485,2.8017325381790537,169,0.9763,0.0192,good
1789658281116505084,9.140466412452646,1.971185295673161,2.8403143102625474,167,0.9701,0.01736,good
1789658281226573140,9.121113296187524,1.9751173539796194,2.8775843645120194,168,0.9643,0.0157,good
1789658281326593525,9.104298972026916,1.9799796266884169,2.9073381940706007,166,0.994,0.01704,good
1789658281426553895,9.083562055205135,1.9797919254785994,2.9183487373082633,173,0.9653,0.01898,good
1789658281536562825,9.061792947567362,1.9859709196554767,2.919879034060706,168,0.9821,0.01771,good
1789658281636555137,9.049393246594368,1.985993104549346,2.9364983732782894,165,0.9818,0.02088,good
1789658281736574485,9.032806449982827,1.9890564792283532,2.94610002715949,169,0.9882,0.01754,good
1789658281836569186,9.014536194126583,1.9938405358527178,2.9839281342266997,168,0.9821,0.01556,good
1789658281946553358,8.99210019430489,1.9989024510179192,3.019428983315419,177,0.9774,0.01791,good
1789658282046566377,8.977338758946008,2.0043609511956544,3.0441468615105816,179,0.9721,0.01686,good
1789658282146590122,8.958487829020932,2.006758543168287,3.0733968364697484,181,0.9779,0.01498,good
1789658282256594320,8.927646518013157,2.0042169978184807,3.1050027553335164,182,0.989,0.02075,good
1789658282356550828,8.883986967956561,2.0013503008152744,3.1273700722218507,184,0.9728,0.0212,good
1789658282456566517,8.83750508242439,1.9997774826541033,3.138045447731325,190,0.9737,0.02502,good
1789658282556549968,8.795529191092873,1.9909061560557548,-3.116265082361219,191,0.9476,0.02519,good
1789658282666554296,8.745138494741209,1.9856016853556901,-3.1048906192551082,196,0.9745,0.02302,good
1789658282766561672,8.714394964740624,1.9801569984514655,-3.0859855974097337,196,0.9796,0.02443,good
1789658282866565621,8.681184439773624,1.9778402107395912,-3.085961252261589,197,0.9746,0.02207,good
1789658282966569571,8.64834386683776,1.9753640532957149,-3.0889554619722506,200,0.975,0.01975,good
1789658283076554276,8.61691841818379,1.966656971625573,-3.099750408692492,203,0.9803,0.02145,good
1789658283176572696,8.588294484448422,1.9558325034651198,-3.1105976555057286,207,0.9758,0.0232,good
1789658283276605004,8.560233370258262,1.9459624262054773,-3.1162395426793057,211,0.9716,0.02126,good
1789658283386559992,8.533792513975213,1.939564065525576,-3.115726501714829,205,0.9707,0.02104,good
1789658283486555765,8.498787515371578,1.933491421067422,-3.115421516467572,205,0.9756,0.02171,good
1789658283586562556,8.474496449625779,1.9325689709823903,-3.1132784769958604,204,0.9804,0.02188,good
1789658283686517554,8.450924370950675,1.9173270663243298,-3.1126921889366668,211,0.9716,0.0194,good
1789658283786547048,8.42506422302464,1.9082496337967108,-3.114925353955893,206,0.9757,0.01867,good
1789658283896560069,8.399961526884521,1.8984580112028244,-3.111660723531204,207,0.971,0.0177,good
1789658283996560157,8.37575588216929,1.88981785923357,-3.10858303667341,207,0.9758,0.02257,good
1789658284096799591,8.344382549108925,1.8811735917015826,-3.100900462585828,201,0.9801,0.02233,good
1789658284206560117,8.313600299871831,1.8693761331014636,-3.0943170037034684,212,0.9717,0.02071,good
1789658284306582952,8.283641104976669,1.8569893612880133,-3.096217006072815,212,0.9811,0.02262,good
1789658284406551791,8.25272945161714,1.8468280507267552,-3.0990990478120275,210,0.9952,0.02405,good
1789658284506573108,8.223896281826788,1.832971369160844,-3.1010817203203653,212,0.9953,0.01868,good
1789658284616550751,8.196088149387686,1.8223300347835742,-3.099299334416813,211,0.9905,0.01551,good
1789658284716545255,8.166725815106378,1.8107570721755661,-3.0935634876143703,214,0.9907,0.01801,good
1789658284816560369,8.140633768969554,1.8012876761005656,-3.092273057716087,215,0.9953,0.01936,good
1789658284916550743,8.117684505552122,1.796619141206301,-3.095134831797433,219,1.0,0.01815,good
1789658285026550702,8.092894792398392,1.7861926090790226,-3.0909919329675577,216,0.9861,0.01323,good
1789658285126557657,8.074278537941812,1.7767338555654721,-3.073686540724706,214,1.0,0.01835,good
1789658285226558280,8.053982300935873,1.7685048539904624,-3.0506247277871856,215,1.0,0.0158,good
1789658285326552014,8.035033216218059,1.7646779066356557,-3.0303593157605104,213,0.9953,0.01324,good
1789658285436574646,8.015365586868171,1.755122991397156,-3.000002033515511,214,0.9953,0.01258,good
1789658285536555288,7.996248500985743,1.743804327616226,-2.983051304337938,214,1.0,0.01345,good
1789658285636580520,7.974560119233504,1.732474311664566,-2.9715526396935084,219,1.0,0.01182,good
1789658285746570302,7.953610466177489,1.7243214545446626,-2.966619176058346,215,1.0,0.01339,good
1789658285846647402,7.93480170747369,1.7155231813961098,-2.9671821244273953,215,1.0,0.01216,good
1789658285946554622,7.9136257215909955,1.704621731222474,-2.963017204552878,217,0.9954,0.01252,good
1789658286056557389,7.89389227106566,1.6954510758753893,-2.965340221210694,218,1.0,0.0107,good
1789658286156548816,7.87378541211422,1.6894928677994558,-2.9631415808467705,212,1.0,0.00715,good
1789658286256556058,7.855097631255344,1.685590088677024,-2.9692214513667685,214,1.0,0.00986,good
1789658286356550392,7.835466477049783,1.6805741483590486,-2.969064671263984,214,1.0,0.01103,good
1789658286466584347,7.815351225899352,1.6783020985209876,-2.95200554359317,214,0.9953,0.01477,good
1789658286566556646,7.797289452739684,1.673361055933457,-2.930928831453999,216,1.0,0.0089,good
1789658286666573257,7.780726189047929,1.6689982134449268,-2.913531799179521,216,1.0,0.01267,good
1789658286766562518,7.76023127980218,1.6635461078699751,-2.8967933479108656,216,1.0,0.00823,good
1789658286876623268,7.741330249869479,1.6595304159696809,-2.8762344948893896,217,1.0,0.01026,good
1789658286976544792,7.721913845655034,1.6523436479386486,-2.8543091476255813,220,1.0,0.01153,good
1789658287076558113,7.701332934202755,1.6419528465037903,-2.836222564857406,216,1.0,0.01337,good
1789658287176581806,7.68545530495871,1.6334254256435203,-2.8187824439190425,210,0.9952,0.01018,good
1789658287286629954,7.663984463566632,1.6247166744646862,-2.795284650371029,216,1.0,0.01032,good
1789658287386545171,7.6469281596242045,1.6178442675641593,-2.7897173553479706,213,1.0,0.0097,good
1789658287486610695,7.628692443890122,1.6084339293700038,-2.7861161971843305,209,1.0,0.01361,good
1789658287586569096,7.605992508817843,1.5985936217626489,-2.7925049303597245,221,1.0,0.01141,good
1789658287696561969,7.586129645800815,1.5857300194376633,-2.7961657643940234,221,1.0,0.0103,good
1789658287796560571,7.567915583835772,1.5773905318651362,-2.797257062772229,214,1.0,0.01008,good
1789658287896646298,7.549142998731424,1.5683422773374058,-2.7905906704663797,216,1.0,0.0124,good
1789658287996581329,7.528441416327781,1.5593160656521488,-2.7974161170495475,215,1.0,0.00719,good
1789658288106553767,7.507545934688929,1.5502005139925776,-2.7986596846292975,209,1.0,0.00867,good
1789658288206555451,7.490411837427159,1.54648393599587,-2.7999028141096862,214,1.0,0.00821,good
1789658288306562246,7.47194093877194,1.538271696074295,-2.8006825144869416,211,1.0,0.0091,good
1789658288406563559,7.457626968398488,1.5349452718938252,-2.8014460161931383,210,1.0,0.01244,good
1789658288506568057,7.439624887553962,1.5270290241476352,-2.796321143471309,209,1.0,0.00742,good
1789658288616571902,7.419809915757114,1.5213941266499407,-2.8000488669411427,212,1.0,0.0085,good
1789658288716558290,7.400789120414369,1.5128429033531647,-2.799838428187187,209,1.0,0.00686,good
1789658288816549030,7.3822135722108095,1.503606939544267,-2.800517324115544,212,0.9953,0.00887,good
1789658288916556899,7.360058888315432,1.4968383922215232,-2.802787978291034,214,1.0,0.00782,good
1789658289026571300,7.341002271237507,1.4883012507907716,-2.800764302872032,211,1.0,0.00788,good
1789658289126575640,7.3204808424605226,1.4786051652906758,-2.8082570954195076,213,0.9953,0.00787,good
1789658289226551796,7.30474861177849,1.4698112500037799,-2.8027100427361575,211,1.0,0.00915,good
1789658289326554414,7.28632464680707,1.4619451764637188,-2.799702556895394,211,0.9953,0.00722,good
1789658289436555638,7.265267909479984,1.4533772861568466,-2.7998322054648734,218,1.0,0.00898,good
1789658289536556830,7.247996169147353,1.445765664420636,-2.802170386380871,211,1.0,0.0099,good
1789658289636559688,7.230758915988345,1.4388545557181813,-2.8054272774207862,212,1.0,0.00769,good
1789658289746514748,7.21008623062086,1.4310904131713822,-2.8041194704349057,210,1.0,0.01003,good
1789658289846569233,7.189446054788439,1.424327452823954,-2.807206515582509,209,1.0,0.01038,good
1789658289946567184,7.169919885844344,1.4179991168242823,-2.8045194062260967,209,1.0,0.00691,good
1789658290046699169,7.151544773340139,1.4113916647055713,-2.8024019861370326,216,1.0,0.01011,good
1789658290156550169,7.132566331229704,1.4027316917734467,-2.800115755716394,215,1.0,0.00904,good
1789658290256513019,7.111716742921625,1.393384213064075,-2.7985865303576447,212,1.0,0.00776,good
1789658290356549995,7.092563715927519,1.383082441613304,-2.799740763581071,212,1.0,0.00784,good
1789658290466663888,7.073458112152566,1.3762693953481433,-2.802184106157582,215,1.0,0.00602,good
1789658290566594147,7.056128433767223,1.3678428268521068,-2.8017439220330185,213,1.0,0.00729,good
1789658290666559108,7.037711500209703,1.359667290615873,-2.801296106984154,211,1.0,0.01126,good
1789658290766559216,7.020437806208974,1.3522089022380528,-2.799363117929339,212,0.9953,0.00611,good
1789658290876562171,7.002243721276218,1.347103506890894,-2.8023261239106474,208,0.9952,0.00526,good
1789658290976553649,6.982448624589153,1.3394177013951651,-2.7999556230392773,216,1.0,0.00803,good
1789658291076564780,6.964324406594113,1.3323111880507919,-2.8001210111637795,214,0.986,0.01174,good
1789658291176667056,6.94486767259783,1.3241351115091082,-2.8023155909774133,211,0.9953,0.00795,good
1789658291286549045,6.925328713387308,1.3161995458062865,-2.8013775551335454,212,1.0,0.00827,good
1789658291386559715,6.906503222202645,1.3099906018938419,-2.800256509615266,208,1.0,0.00823,good
1789658291486557960,6.8873842444849105,1.303760829489498,-2.799804334332935,217,0.9954,0.00836,good
1789658291586555890,6.86706167743843,1.2979544710785995,-2.800053168405397,215,1.0,0.00868,good
1789658291696561224,6.8483239218844725,1.2916176388784002,-2.7992001373440334,217,0.9954,0.0088,good
1789658291796605892,6.8290647476289115,1.2834685568742668,-2.7942114053417284,207,1.0,0.00889,good
1789658291896550196,6.811716334077031,1.2780006421675907,-2.7968741135416146,206,1.0,0.01038,good
1789658291996556663,6.795299088901023,1.2714573821407749,-2.796153207446061,207,1.0,0.00804,good
1789658292106558634,6.775417454627388,1.263359035384644,-2.7967858305054016,206,1.0,0.01069,good
1789658292206564054,6.756374469834083,1.255032626708779,-2.793830558611464,208,1.0,0.00927,good
1789658292306564066,6.737559637854416,1.2490368650852512,-2.7931635214699075,210,0.9952,0.01144,good
1789658292406569633,6.71863959663943,1.241029868779346,-2.793357317853961,208,1.0,0.0069,good
1789658292506562331,6.700988997501578,1.2353872437479998,-2.792503963222669,210,1.0,0.0064,good
1789658292616569303,6.682972710029235,1.2263980387489672,-2.791727050377621,213,0.9953,0.00799,good
1789658292716565093,6.664240717719713,1.2170065480761478,-2.789111413473903,211,1.0,0.0079,good
1789658292816585993,6.647838519780209,1.211270023513595,-2.788056127934129,205,1.0,0.01054,good
1789658292916637891,6.628290070286057,1.2046239492894313,-2.79254026315135,207,1.0,0.00719,good
1789658293026555573,6.60701908652766,1.1969658773513983,-2.7928941206955322,210,1.0,0.00867,good
1789658293126546909,6.587267089553023,1.189833031449317,-2.794988728956592,207,1.0,0.00914,good
1789658293226552688,6.569514045114491,1.183338145429746,-2.794747333061738,209,0.9952,0.00713,good
1789658293326559522,6.5503013302117905,1.1769223495326724,-2.7910017937360663,210,1.0,0.00953,good
1789658293436571151,6.529317342928995,1.1698456739753627,-2.790328842910627,204,1.0,0.01056,good
1789658293536582503,6.509659636144545,1.1614853193964874,-2.7943054232852758,207,1.0,0.00726,good
1789658293636699776,6.489239262129606,1.1541978946990787,-2.7866880825788045,214,1.0,0.00615,good
1789658293746568616,6.468575849956607,1.1457618208717366,-2.7900119888288777,210,1.0,0.00867,good
1789658293846562155,6.450355423226685,1.138278564353366,-2.7911716247473497,207,1.0,0.00811,good
1789658293946536788,6.433428490145299,1.128197643229,-2.7898176376434125,205,1.0,0.00823,good
1789658294046639972,6.415605826978171,1.121420681814962,-2.785180588883119,213,1.0,0.00845,good
1789658294156548060,6.396229606938045,1.1111251212724125,-2.7912810934974472,206,1.0,0.00836,good
1789658294256544402,6.380656739470079,1.105107661926111,-2.7908884572527284,205,1.0,0.01112,good
1789658294356564429,6.364108144625167,1.0993612785560063,-2.7814624639552723,206,1.0,0.00676,good
1789658294466557660,6.342059857328412,1.093731130746582,-2.7857841699521724,203,1.0,0.0088,good
1789658294566554225,6.322635320870125,1.0882177179082833,-2.781791216331308,202,1.0,0.00942,good
1789658294666563753,6.305790511110736,1.0821525080833823,-2.779014995770457,202,1.0,0.01055,good
1789658294766619537,6.290412088276333,1.076055115240902,-2.7534540302952646,206,1.0,0.01081,good
1789658294866564808,6.2753744263912505,1.0693550867787156,-2.73025748025326,203,1.0,0.01221,good
1789658294966554485,6.262432541086564,1.0628665316723538,-2.6970602336005443,205,1.0,0.01076,good
1789658295076568739,6.249007923487272,1.0558445410739692,-2.663405225452114,204,1.0,0.00916,good
1789658295176564127,6.233603676916269,1.0479509836287235,-2.62715644107954,209,0.9952,0.01107,good
1789658295276569366,6.215007389505039,1.038219108830741,-2.5840845467624542,205,0.9951,0.01202,good
1789658295376574734,6.200171805902425,1.027096729792024,-2.5517446691258208,206,1.0,0.01033,good
1789658295476567641,6.183270862273542,1.0157795768589364,-2.5100889831884774,205,1.0,0.01357,good
1789658295586578065,6.168170231879054,1.0053814018882035,-2.4695966602958843,207,1.0,0.01454,good
1789658295686584878,6.152184612017272,0.991694990513643,-2.4370772038434816,207,1.0,0.00992,good
1789658295786555082,6.141500494630803,0.9778153526081609,-2.3891915247398368,209,0.9952,0.00836,good
1789658295886636780,6.1304993024008025,0.9680332337044897,-2.354597577328137,208,0.9952,0.0108,good
1789658295996565930,6.1173340302339945,0.9563071081586852,-2.3171665269322506,209,0.9952,0.01276,good
1789658296096551641,6.1057564970088105,0.9408412574388461,-2.2702639264256326,208,1.0,0.00886,good
1789658296196555850,6.0937866950786175,0.9244669863623014,-2.23194788039316,209,1.0,0.00907,good
1789658296306567931,6.080081203657809,0.9083319350290834,-2.196581319980608,208,0.9952,0.01017,good
1789658296406567252,6.067815616379058,0.8956781007444202,-2.165127030614211,205,1.0,0.0107,good
1789658296506557074,6.0572525908137065,0.8804639428055491,-2.132886143006241,211,0.9953,0.01056,good
1789658296606678611,6.0485736301103055,0.8633029391033052,-2.0978748572177786,207,0.9903,0.01241,good
1789658296716575087,6.038068899056313,0.8437390283560424,-2.060106296795257,205,0.9951,0.01235,good
1789658296816756361,6.028650057871026,0.8263239818604018,-2.026169217737736,207,0.9855,0.01243,good
1789658296916607616,6.019733022126911,0.8100485643975375,-1.9861838861307535,204,0.9902,0.01547,good
1789658297026551739,6.009539871805683,0.7940167020428677,-1.9524127799255881,213,0.9859,0.01169,good
1789658297126546865,6.0008822347552115,0.7771158831563163,-1.9233440185515616,205,0.9951,0.01442,good
1789658297226550490,5.994394947822466,0.7628521397566458,-1.8822097588624864,211,0.9953,0.01451,good
1789658297326549727,5.987398479086186,0.7454334442560091,-1.8405732264818166,209,1.0,0.01475,good
1789658297436553205,5.981639829643448,0.7245332816715748,-1.8053694413151204,208,0.9952,0.01577,good
1789658297536555701,5.977634862817546,0.7077550198071733,-1.7651735319458706,207,1.0,0.01469,good
1789658297636571029,5.977885909384666,0.6915129422898344,-1.7256127962014116,208,1.0,0.01055,good
1789658297746555434,5.978106210449372,0.668911238689258,-1.7153154323311492,206,1.0,0.00788,good
1789658297846668053,5.975234760016385,0.6493680848231472,-1.704077471995758,208,1.0,0.014,good
1789658297946536464,5.971912730369138,0.6281859375102619,-1.6968436696763727,216,0.9907,0.00986,good
1789658298046578997,5.971693892027405,0.6068873101282831,-1.6950085097521301,208,1.0,0.00882,good
1789658298156564004,5.969305989112244,0.5869964662547378,-1.695472372139241,207,1.0,0.0104,good
1789658298256588117,5.964362983877324,0.5672230955720244,-1.7013363957064798,207,0.9952,0.01358,good
1789658298356547252,5.960891787431303,0.5489980321584608,-1.6833680868328884,210,0.9952,0.01046,good
1789658298456583883,5.955434777027682,0.5280893115194002,-1.667872069181832,208,1.0,0.01164,good
1789658298556562647,5.954977447116351,0.5104469379434046,-1.6412692570067906,206,1.0,0.00968,good
1789658298666553413,5.954267766759827,0.485700104165124,-1.6222406906568196,207,1.0,0.01057,good
1789658298766544861,5.953056425128418,0.46387040750016895,-1.6219738778944655,197,1.0,0.00984,good
1789658298866557197,5.950105495189174,0.44131094374066215,-1.6213981500497197,203,1.0,0.00954,good
1789658298966573015,5.9496311729312925,0.42138789733555215,-1.619211515602352,208,0.9952,0.00765,good
1789658299076563841,5.947945037976587,0.40228837184720834,-1.621238405143042,205,1.0,0.00772,good
1789658299176575444,5.947022745264653,0.3835314360643747,-1.620677512457567,202,1.0,0.01014,good
1789658299276562845,5.948159845913111,0.3649238557939507,-1.6230851271802564,209,0.9952,0.00887,good
1789658299376562301,5.947634544833542,0.3444441354010679,-1.6250836075551505,206,0.9951,0.00828,good
1789658299476598625,5.949147652285004,0.32579673836407547,-1.6217769170433345,206,1.0,0.00895,good
1789658299586554993,5.947361150211081,0.30153802916637484,-1.6238243133533345,209,0.9952,0.00812,good
1789658299686572392,5.945331579277778,0.28404945489220046,-1.6203214078091686,204,0.9951,0.0073,good
1789658299786718136,5.9465589926725855,0.26403798414053203,-1.6259077538098243,207,1.0,0.01036,good
1789658299886770441,5.945573098584232,0.24345442569800047,-1.6247773224203022,209,1.0,0.01265,good
1789658299996567003,5.943817369430316,0.22055808061689808,-1.6212054716728554,207,0.9952,0.01106,good
1789658300096564466,5.945180362499176,0.2004850714191368,-1.6275883724026043,202,0.995,0.00879,good
1789658300196556244,5.944987236399891,0.1785055637238372,-1.6273186405005842,213,0.9906,0.00877,good
1789658300306689834,5.943924110197397,0.15852895149962676,-1.6265036642801551,207,0.9952,0.00986,good
1789658300406749924,5.940608254539329,0.13774302104321895,-1.6279893782657908,204,1.0,0.00949,good
1789658300506549731,5.940398404391047,0.11737203183053402,-1.6245236769465363,209,1.0,0.01072,good
1789658300606549657,5.938164240351654,0.09807979608666495,-1.6267653761587246,204,1.0,0.00713,good
1789658300716535532,5.93987228683016,0.07583810669986232,-1.6214129207652708,203,1.0,0.00871,good
1789658300816547736,5.9398531690108065,0.055690565816297305,-1.6209305756307588,202,0.995,0.00823,good
1789658300916573901,5.936408398648866,0.03437754499250084,-1.62162671913518,205,0.9951,0.0074,good
1789658301026553242,5.934538772985023,0.010313365552965997,-1.6170517560242212,203,1.0,0.00934,good
1789658301126529714,5.933184882056111,-0.008857167163020235,-1.6215221959137358,203,1.0,0.00854,good
1789658301226519852,5.93441971890439,-0.031857030129030184,-1.6196596443702946,208,0.9952,0.00924,good
1789658301326581449,5.932810467284086,-0.052327638450602676,-1.6266000768707303,200,1.0,0.01011,good
1789658301436695511,5.92875577529884,-0.0729522734776713,-1.6225613417359528,205,0.9951,0.01146,good
1789658301536581970,5.928159243294385,-0.09507837001471195,-1.6238834438661043,201,1.0,0.00825,good
1789658301636557461,5.928206276632791,-0.11551107369401512,-1.628948339211582,199,1.0,0.00691,good
1789658301746576602,5.925452515362623,-0.13770176124310013,-1.6269601589961946,205,1.0,0.0098,good
1789658301846579758,5.923444276477888,-0.1581571621504393,-1.628593014016792,205,0.9951,0.00977,good
1789658301946560230,5.920893814674087,-0.17666011892329578,-1.6280469232345747,205,1.0,0.01165,good
1789658302046556889,5.9188866255203045,-0.19825613418266258,-1.6284347237828911,207,0.9952,0.01218,good
1789658302156551133,5.915106052142777,-0.21891225436416537,-1.6319612441047993,208,1.0,0.00871,good
1789658302256573462,5.91288155663783,-0.23800960370232901,-1.6318136016320735,207,1.0,0.00871,good
1789658302356594365,5.909562278140575,-0.25512326243849726,-1.6300984149614728,202,1.0,0.01097,good
1789658302456633601,5.908718575899926,-0.2764409651263211,-1.6314631844332592,207,1.0,0.01034,good
1789658302556588360,5.911041415191627,-0.2971267586879043,-1.6282625775876316,200,1.0,0.01107,good
1789658302666563086,5.907759400409307,-0.31991785810643725,-1.6299152176601759,208,1.0,0.01051,good
1789658302766563842,5.908593643056158,-0.3406756638768315,-1.6257090423121066,202,1.0,0.00965,good
1789658302866558580,5.905925879802229,-0.35983728307515195,-1.6291786744433152,205,1.0,0.01105,good
1789658302966552744,5.903223482662007,-0.37983171639016156,-1.6188644464442137,207,0.9952,0.01143,good
1789658303076557993,5.897551161134972,-0.4015730175245251,-1.6011944484368776,201,0.995,0.01115,good
1789658303176559497,5.895324223966754,-0.4185306095398509,-1.5810780230284627,207,1.0,0.01418,good
1789658303276562428,5.895022103068763,-0.4367647403909779,-1.5580161149245273,206,1.0,0.01202,good
1789658303376566340,5.892794567767273,-0.4608250839962445,-1.5281388615423313,202,1.0,0.0091,good
1789658303476559548,5.8904849970383095,-0.48172095065861364,-1.4973415761116862,208,1.0,0.01302,good
1789658303586560911,5.8934403370911115,-0.5056861478749148,-1.4655610979368163,201,1.0,0.01302,good
1789658303686571674,5.897404105349949,-0.5255674332955002,-1.4634685824535192,206,1.0,0.01262,good
1789658303786571809,5.901490798680462,-0.5443609548798509,-1.4541590728090015,203,0.9901,0.00859,good
1789658303886563721,5.904863890661987,-0.5660965408848322,-1.450753561212623,198,1.0,0.00806,good
1789658303996549455,5.908419606500908,-0.5923532546350805,-1.4453682157887633,207,0.9952,0.00946,good
1789658304096556633,5.910286240614326,-0.6127360076009434,-1.4450741978618258,209,1.0,0.01202,good
1789658304196576644,5.915616490916114,-0.6325908827410328,-1.4432993775587362,201,1.0,0.01008,good
1789658304306560553,5.917206097299048,-0.6553278859246174,-1.4464067328736931,208,0.9952,0.00897,good
1789658304406571435,5.920532183814372,-0.6760064222521146,-1.4452077086903936,208,0.9952,0.01131,good
1789658304506595464,5.924170873561202,-0.6959418612744661,-1.4518202988217646,198,0.9949,0.00731,good
1789658304606558608,5.92585734127292,-0.7153242975427883,-1.4470632047974885,203,1.0,0.01088,good
1789658304716582459,5.927469426395573,-0.7355569183268685,-1.4472607128786061,204,1.0,0.01102,good
1789658304816560602,5.929869749863432,-0.7562140831366857,-1.4457558170333418,201,1.0,0.01156,good
1789658304916560318,5.933627171947352,-0.7754088905660076,-1.4460925655684556,206,1.0,0.01101,good
1789658305026554932,5.938495043672723,-0.7940748606725538,-1.4471691301850227,208,1.0,0.00925,good
1789658305126555137,5.9429026056906284,-0.812208857595805,-1.443099514519741,204,1.0,0.00793,good
1789658305226551713,5.94477164314671,-0.8303750328427398,-1.4486539308563409,209,0.9952,0.01048,good
1789658305326648838,5.94845093533954,-0.8476701217539753,-1.4436857660666,209,0.9952,0.01003,good
1789658305436556852,5.950579146506483,-0.8702816644299126,-1.4416199564966299,205,1.0,0.01141,good
1789658305536550428,5.952273444493544,-0.8905254391935135,-1.4372158307460305,203,1.0,0.00954,good
1789658305636556003,5.956231470328998,-0.9110152630509291,-1.4412232623947052,197,1.0,0.0093,good
1789658305736564467,5.95728536751067,-0.9312633893165534,-1.452344468958023,202,1.0,0.00908,good
1789658305836566560,5.9592618914382,-0.9512259929117917,-1.4531003476260553,199,0.995,0.00909,good
1789658305946576161,5.964541760755257,-0.9746025601574491,-1.4459348519288107,201,1.0,0.00871,good
1789658306051704969,5.969198341478563,-0.9969431377940623,-1.4435493053241706,202,0.995,0.01054,good
1789658306146561916,5.973319032953221,-1.0142107909296476,-1.441442330175165,208,1.0,0.0096,good
1789658306246566591,5.975217742376962,-1.0337096132694499,-1.4433132323652524,199,1.0,0.00859,good
1789658306356560794,5.9807180641803335,-1.0528619492408116,-1.445294426050672,209,1.0,0.00791,good
1789658306456561080,5.981909521872421,-1.0739400123312972,-1.4470898709139857,203,1.0,0.00693,good
1789658306556574144,5.984093236876926,-1.0941385493688034,-1.4469744426369993,202,1.0,0.0107,good
1789658306656590393,5.986824489119476,-1.1136288564046304,-1.4456925124507223,210,1.0,0.00987,good
1789658306756695618,5.99027420895936,-1.1354287389641515,-1.4511053153687714,209,1.0,0.00722,good
1789658306866577401,5.991626135789562,-1.155138200902479,-1.4474195946244246,214,0.9907,0.00907,good
1789658306966583891,5.993644831070052,-1.1755380619387295,-1.4511148535129241,203,1.0,0.00923,good
1789658307066550035,5.998223010478668,-1.1923066856891382,-1.4432757571847985,205,1.0,0.00993,good
1789658307166524220,6.000955283143503,-1.2123582672463487,-1.436639962633983,208,0.9952,0.01288,good
1789658307276561262,6.00280079426611,-1.2293806231089661,-1.4344612069476919,205,1.0,0.01062,good
1789658307376567352,6.005977862954873,-1.2503748350608515,-1.4404929950656726,206,1.0,0.01012,good
1789658307476568905,6.007936906453108,-1.2695210054974715,-1.4429672420003439,201,1.0,0.00812,good
1789658307586560116,6.009807096480726,-1.2923509640311708,-1.437000681772454,202,1.0,0.01112,good
1789658307686584020,6.015348061474469,-1.3112176511102223,-1.4429935745948692,206,1.0,0.01102,good
1789658307786577444,6.018025750133597,-1.331844814821927,-1.4443942468217188,206,0.9951,0.00756,good
1789658307886565905,6.019250940472894,-1.3512782066292255,-1.444243684650343,206,0.9951,0.00809,good
1789658307996645797,6.020973269950469,-1.3724556118271205,-1.4449725115748457,207,0.9952,0.00688,good
1789658308096559158,6.025230759928834,-1.3923245861243794,-1.442409935561961,206,1.0,0.00939,good
1789658308196544904,6.027480739713296,-1.4096448161327921,-1.4421922433653054,205,1.0,0.0079,good
1789658308306557011,6.0323256144291175,-1.432971509132674,-1.4426727721582966,206,1.0,0.01014,good
1789658308407926796,6.0345480330176064,-1.4527723740488558,-1.4461164458406686,207,1.0,0.00807,good
1789658308506556577,6.037147142665441,-1.4726122161082928,-1.4423383309481885,202,1.0,0.00878,good
1789658308606555138,6.041616812642077,-1.4925979794397117,-1.43564990825882,207,0.9952,0.00698,good
1789658308716515729,6.043302357703402,-1.5147087200557265,-1.4402690245393217,200,1.0,0.00961,good
1789658308816554788,6.046765237086408,-1.5333842691741122,-1.4418494185842834,210,1.0,0.01035,good
1789658308916553849,6.050889001694064,-1.552509768507028,-1.436580556566945,198,1.0,0.00657,good
1789658309016523708,6.053775037879518,-1.5730008472936508,-1.4394491669655525,208,1.0,0.00909,good
1789658309126561415,6.0563137490590595,-1.594627707738054,-1.4343934605660584,207,1.0,0.00659,good
1789658309226572130,6.059294545494926,-1.6138833058252922,-1.441703096881341,195,1.0,0.00707,good
1789658309326554551,6.061067283548542,-1.6347899130472414,-1.4394658133978624,206,1.0,0.0097,good
1789658309436559185,6.064589170856315,-1.6540248094948016,-1.4381745820455152,206,1.0,0.00706,good
1789658309536564753,6.067287370089436,-1.6731099657528796,-1.4413680853116297,205,1.0,0.00714,good
1789658309636554322,6.070634276095639,-1.6929579642362707,-1.4390277473347253,203,1.0,0.00882,good
1789658309736614554,6.0727083967236375,-1.710175648132962,-1.4423616719087236,205,1.0,0.00956,good
1789658309846906858,6.074380300689276,-1.7344017424727376,-1.4480125926458618,200,1.0,0.00718,good
1789658309946557703,6.07798426928842,-1.7531639271526327,-1.4402256468219037,202,1.0,0.01032,good
1789658310046559682,6.082293833276325,-1.7711059382423673,-1.4359940195199254,196,1.0,0.01151,good
1789658310156576416,6.082509405143448,-1.7945190138937384,-1.441814294562801,207,1.0,0.00847,good
1789658310256567974,6.084643288790031,-1.8123957880995463,-1.4418450533152491,201,1.0,0.00732,good
1789658310356592455,6.08711659507648,-1.83159245521111,-1.4480239783807722,205,0.9951,0.0082,good
1789658310456566680,6.08945296090693,-1.8528693433637615,-1.4495903442825429,204,1.0,0.00752,good
1789658310566558194,6.091188878832345,-1.8736561109700856,-1.4508957458211127,204,1.0,0.0084,good
1789658310666559677,6.092685883656813,-1.8933556106705538,-1.4519152034564355,205,0.9951,0.00813,good
1789658310766568252,6.095908735226236,-1.914329690110756,-1.4524867408115834,202,1.0,0.00635,good
1789658310866611917,6.099025487891154,-1.933056938206617,-1.4458503620763763,202,1.0,0.00856,good
1789658310976574858,6.102010589774909,-1.9554625513253652,-1.4563664333024564,205,1.0,0.00705,good
1789658311076560995,6.104791450251567,-1.973320621679865,-1.4533738738453883,206,0.9951,0.00544,good
1789658311176550394,6.105117352957821,-1.9932142382376359,-1.444283556800497,205,1.0,0.00528,good
1789658311276559865,6.107960972837777,-2.012513152477098,-1.447703274039058,195,1.0,0.01045,good
1789658311386584588,6.109789703150179,-2.0344320354725363,-1.4418663515237802,210,0.9952,0.00896,good
1789658311488846052,6.112202507623688,-2.051427999479675,-1.4385718068840678,213,0.9953,0.01009,good
1789658311586562977,6.116536031767096,-2.0738975993338826,-1.4567892585129585,205,0.9951,0.00576,good
1789658311686579615,6.1174698924010995,-2.0936160095490104,-1.4815617243102415,210,1.0,0.01436,good
1789658311796586876,6.116536049677033,-2.1141139310634696,-1.506589354754402,207,1.0,0.01033,good
1789658311896555831,6.1140630154525235,-2.129884347896536,-1.5476012243121657,205,0.9951,0.01352,good
1789658311996550322,6.114893350079659,-2.149561080578283,-1.6017920459781199,210,0.9952,0.01016,good
1789658312106578941,6.110808169050809,-2.165159303601477,-1.6639103397933346,208,0.9808,0.01186,good
1789658312206563643,6.107516509616529,-2.180799183922034,-1.7326136405202217,201,0.99,0.00941,good
1789658312306565808,6.105050064431703,-2.1984444390002684,-1.8035156791386255,207,0.9952,0.01268,good
1789658312416556263,6.0999759166290515,-2.2149220117658146,-1.874996913989863,206,0.9903,0.0101,good
1789658312516554909,6.096555891455443,-2.2275877219917684,-1.9387136776102738,200,0.975,0.0134,good
1789658312616565221,6.0922714405621115,-2.2473000394067943,-1.9591940333943303,201,0.99,0.01619,good
1789658312716587754,6.0857495814159845,-2.264557565523159,-1.97623393792433,199,0.995,0.013,good
1789658312816559642,6.077316738497405,-2.285807684637308,-1.9872509299217473,196,1.0,0.01064,good
1789658312916555937,6.069037858656884,-2.3001731527267437,-1.9852719196446629,207,0.9903,0.00745,good
1789658313016634931,6.059963235235934,-2.3192657246876296,-1.9817450484725463,206,0.9903,0.01163,good
1789658313126560120,6.050682956128182,-2.3379861112568188,-1.983425558117495,205,1.0,0.00895,good
1789658313226574643,6.043559436394328,-2.3572359640024088,-2.000351993530844,198,0.9899,0.01127,good
1789658313326550834,6.035191189255157,-2.3721132483690286,-2.0287092665717332,208,0.9952,0.01028,good
1789658313427239248,6.026296677806402,-2.390560827565029,-2.0617745573341586,211,0.9905,0.01271,good
1789658313536542673,6.01809511156485,-2.4060718623044135,-2.1016360488331656,202,0.995,0.01461,good
1789658313636711743,6.006338636187519,-2.4224896364359756,-2.132800767545081,208,1.0,0.01125,good
1789658313736565570,5.994836336259892,-2.440712175600387,-2.1585047594655555,202,0.9901,0.00907,good
1789658313846577718,5.9838365694937155,-2.456953207844732,-2.1962643469238725,206,1.0,0.01062,good
1789658313946581537,5.971892985521066,-2.47152660165025,-2.2337002871479936,208,0.9904,0.00899,good
1789658314046579453,5.958061138892344,-2.4877026344988615,-2.26689715801484,208,1.0,0.01084,good
1789658314156580665,5.943819772178099,-2.5063912826696777,-2.2947599978740065,204,0.9902,0.01351,good
1789658314256552549,5.930564655732501,-2.519219284863111,-2.331111747040211,206,0.9903,0.0123,good
1789658314356517655,5.919753417317737,-2.532194444897244,-2.364720468837576,208,0.9952,0.01088,good
1789658314456855817,5.904350054804395,-2.5437562108774836,-2.4009568075140257,211,0.9905,0.01178,good
1789658314566550859,5.888182023378783,-2.5534732745933564,-2.433137250551345,209,0.9952,0.01675,good
1789658314666525280,5.872766441367829,-2.5643026355291756,-2.455035163420994,210,0.9952,0.009,good
1789658314766560827,5.860191088755084,-2.576313350598807,-2.4821137475234054,214,0.986,0.01079,good
1789658314876563002,5.846494194524578,-2.590620609538187,-2.511956531499544,211,0.9953,0.01049,good
1789658314976579680,5.832835759595419,-2.600487193124048,-2.553651216809429,213,0.9859,0.01205,good
1789658315076589012,5.814899466879793,-2.611800959746251,-2.5768821436418423,212,0.9906,0.01343,good
1789658315176574680,5.79551271370897,-2.6228551072754014,-2.6140227759158337,211,0.9905,0.01231,good
1789658315286567437,5.775740562867813,-2.6338735842428656,-2.644394279787262,208,0.9952,0.01061,good
1789658315386757873,5.761513004287744,-2.643328477890406,-2.691836500661266,206,0.9903,0.01063,good
1789658315486570198,5.74668041604699,-2.6474738599458423,-2.7201217421078057,209,0.9856,0.01077,good
1789658315596566363,5.725875516664964,-2.6540183324240463,-2.7553016050746266,205,1.0,0.0138,good
1789658315696555457,5.707059908942585,-2.659689809521205,-2.7817466389412915,206,0.9951,0.01175,good
1789658315796545088,5.69020217046986,-2.6678058993788882,-2.823464762535655,201,1.0,0.01286,good
1789658315896557255,5.672179874820209,-2.6749753016760516,-2.853975659549238,201,0.99,0.0098,good
1789658316006546568,5.652533851742551,-2.67929338414488,-2.8852867999541343,204,0.9902,0.01061,good
1789658316106574167,5.633359563619228,-2.687902530962561,-2.919612718040295,210,1.0,0.01283,good
1789658316206587008,5.610866605290057,-2.6894589464642538,-2.955204916650685,205,1.0,0.01213,good
1789658316316573366,5.592655323708212,-2.690338073121842,-2.986625276766429,198,0.9949,0.01165,good
1789658316416600391,5.578324512333222,-2.6944805101370637,-3.003574420701899,199,0.9899,0.01492,good
1789658316518424434,5.561776849422387,-2.697494334918975,-3.0153503940436592,196,0.9949,0.01293,good
1789658316616553854,5.544559219036571,-2.7014495557585483,-3.0311323549259153,209,1.0,0.01186,good
1789658316716563714,5.527664222587988,-2.7033641477393573,-3.0217448114525607,203,1.0,0.00922,good
1789658316826573719,5.502115255701772,-2.704540906648083,-3.0308652888624112,207,1.0,0.00878,good
1789658316923924458,5.48757922165373,-2.70787872132265,-3.0251631477958107,207,1.0,0.00925,good
1789658317026644844,5.467858508256641,-2.7098188876681992,-3.0333839993135503,210,1.0,0.01085,good
1789658317126621639,5.447946526694507,-2.712176701486791,-3.0359862652879435,203,1.0,0.00917,good
1789658317236552007,5.425985977586729,-2.715034679508836,-3.0377435757237783,201,1.0,0.00846,good
1789658317336555763,5.404233268687213,-2.717059699560985,-3.029579523917382,206,0.9951,0.0089,good
1789658317436551427,5.385725951482286,-2.7210272053738764,-3.033415031819866,205,1.0,0.00785,good
1789658317536556905,5.367602820361287,-2.720735563944707,-3.022320010711407,205,1.0,0.00923,good
1789658317636552735,5.345934306823868,-2.7231028637894434,-3.0269498807642825,215,0.9907,0.00858,good
1789658317746535472,5.320739566399623,-2.728264157581438,-3.0228378860491882,209,0.9904,0.00901,good
1789658317846569356,5.301471810972438,-2.7312268539250577,-3.0211595304394936,205,1.0,0.01038,good
1789658317946561298,5.282462083400936,-2.7340859738153833,-3.017512035050365,207,0.9952,0.01193,good
1789658318046579852,5.2664074874900395,-2.737099962244919,-3.0210835478099294,209,1.0,0.01012,good
1789658318156558430,5.240589864268489,-2.7408925072341015,-3.0253671906593236,208,1.0,0.01005,good
1789658318256572100,5.219370966648511,-2.7455263456639702,-3.0319289508363485,210,0.9952,0.00896,good
1789658318356564049,5.196239460841094,-2.745295991006101,-3.0341670857659717,210,0.9857,0.00867,good
1789658318456577163,5.173857400649797,-2.7491883578637615,-3.031531922767519,199,1.0,0.00814,good
1789658318566549334,5.147329510646312,-2.750613219030804,-3.027378800683246,209,0.9952,0.00963,good
1789658318666552356,5.127333785110881,-2.7529453988913564,-3.016296116537379,205,0.9902,0.00895,good
1789658318766538176,5.109816955439572,-2.7572740125836184,-3.0150956478295945,207,1.0,0.01072,good
1789658318866549790,5.089140010179521,-2.760992546160393,-3.011539124189573,202,1.0,0.01113,good
1789658318976550330,5.0667253516167605,-2.763890267112201,-3.016814854297986,206,1.0,0.01003,good
1789658319076561191,5.046476116994505,-2.769276376702002,-3.0204607930860665,209,1.0,0.01464,good
1789658319176587460,5.025825912331183,-2.770076419117006,-3.0199926029099022,202,0.995,0.00996,good
1789658319286563693,5.006050060043401,-2.770125240394161,-3.018714105693301,205,0.9902,0.00846,good
1789658319386566742,4.992070510945477,-2.773024683160363,-3.020403509916472,205,0.9951,0.01109,good
1789658319496555067,4.967912615864007,-2.7760411126957902,-3.0226029305636612,208,1.0,0.0121,good
1789658319596560560,4.948517364155951,-2.7768402252887885,-3.022860438248076,198,0.9899,0.00912,good
1789658319696601828,4.9291070427586,-2.7812092698808857,-3.0212041459047936,206,0.9951,0.01191,good
1789658319796558397,4.908676462097139,-2.783649820295125,-3.020266820888089,199,0.995,0.00865,good
1789658319896563130,4.887850319743151,-2.7852971790665584,-3.0127323526007728,207,1.0,0.01219,good
1789658320006563382,4.868923561462662,-2.79031099222184,-3.0213600114657644,195,1.0,0.01247,good
1789658320106554678,4.8466802234396935,-2.792676967512531,-3.018560435422008,211,0.9953,0.01048,good
1789658320206554474,4.830125466227671,-2.7948070387713813,-3.0227279891705447,196,1.0,0.01135,good
1789658320316567881,4.807222680205322,-2.796807849672163,-3.01987129384803,204,1.0,0.00927,good
1789658320416550455,4.788746478152788,-2.799399883593193,-3.015968180557588,200,0.99,0.0075,good
1789658320516562658,4.773386249937711,-2.802358470255332,-3.014064328792895,207,0.9952,0.01164,good
1789658320616566750,4.7526246743667375,-2.8047295501710345,-3.0077020000010575,201,0.99,0.01189,good
1789658320726658245,4.730678107107225,-2.8075522275674016,-3.013221138992962,197,1.0,0.01218,good
1789658320826580879,4.710886940695024,-2.808461663768331,-3.015649118269359,200,0.995,0.01128,good
1789658320926572564,4.692132220713688,-2.811486954961698,-3.0115713094498466,199,0.995,0.00899,good
1789658321036567455,4.675116913209868,-2.8147856313122452,-3.0000614187424035,203,0.9951,0.00819,good
1789658321136564758,4.655674816716957,-2.8199244488145565,-3.0081010118713905,204,1.0,0.01237,good
1789658321236565247,4.635317407475607,-2.8248477918170867,-3.01050390866011,201,0.995,0.01065,good
1789658321336555384,4.618474815035497,-2.826724370004854,-3.010164848074187,201,1.0,0.01078,good
1789658321446573094,4.596863822264699,-2.828815967200062,-2.998566363978339,198,1.0,0.01271,good
1789658321546554269,4.580734405134463,-2.83458521554701,-3.0048401714633592,196,0.9949,0.00978,good
1789658321646565997,4.563398079895995,-2.8377832263824474,-3.0031004282131923,203,1.0,0.01019,good
1789658321746565041,4.54537960445551,-2.8421486231179154,-3.0012909346364522,203,1.0,0.01027,good
1789658321846552437,4.523824256046862,-2.845863251225537,-3.001159112478413,202,1.0,0.01071,good
1789658321956594906,4.504554977209493,-2.848742473756762,-2.9977082046354666,200,0.995,0.01141,good
1789658322056569862,4.484491415036646,-2.852848272876941,-3.0028891894569125,196,0.9949,0.01332,good
1789658322156571375,4.461656215974418,-2.8561868223219498,-2.9977800220846293,200,1.0,0.00953,good
1789658322256550872,4.440156697323795,-2.8596190573678006,-3.005789880569401,203,0.9951,0.01453,good
1789658322356558034,4.420570315593015,-2.8625993740159275,-2.9999477619511157,199,0.995,0.0094,good
1789658322456657913,4.40029846236613,-2.8681148444242366,-2.9996755180050187,198,1.0,0.01054,good
1789658322566549600,4.380616446051177,-2.8715865018138453,-2.999296317844022,195,1.0,0.01198,good
1789658322666574798,4.359347925923556,-2.875155392488425,-3.0074948764280465,201,0.995,0.01172,good
1789658322766566812,4.339263567923902,-2.877427406317177,-3.0072156020238965,200,0.995,0.01093,good
1789658322866693209,4.316908300879181,-2.878724573078174,-3.006057338907372,193,1.0,0.00671,good
1789658322976580267,4.297956184308532,-2.880675655696389,-3.001537000800458,200,0.995,0.00965,good
1789658323076553972,4.278774495030518,-2.885247759787378,-3.009012035863591,197,0.9949,0.00878,good
1789658323176558252,4.260844072559116,-2.8871287729287514,-3.0020580073355094,202,1.0,0.01181,good
1789658323286572422,4.236489828803609,-2.8910668804151447,-3.0066972265195857,197,1.0,0.00578,good
1789658323386718473,4.2150983536809985,-2.893730904772303,-3.0012898577371288,191,1.0,0.00717,good
1789658323486567131,4.196783086070526,-2.8980715195587896,-3.004707710395594,195,1.0,0.00919,good
1789658323596564284,4.174904943288827,-2.9008852299219012,-3.0053805250295915,199,0.995,0.00894,good
1789658323696633709,4.1556555523277465,-2.902957121784424,-2.998177511229278,205,1.0,0.01343,good
1789658323796569881,4.138955990518157,-2.9086045418534887,-3.0084191405824057,203,0.9901,0.01207,good
1789658323896564476,4.118907361628674,-2.9118431975586487,-3.0000418256204937,200,1.0,0.01062,good
1789658324006558740,4.097628852436861,-2.9163904060871793,-3.0005224836870172,193,1.0,0.00823,good
1789658324106558101,4.078906073135871,-2.918328751337252,-3.0067551181067063,199,1.0,0.00942,good
1789658324206558259,4.059385688608019,-2.9189801240501256,-3.0032004401607515,198,1.0,0.01051,good
1789658324306571879,4.034422068222767,-2.9230069855593164,-3.004152495951828,199,1.0,0.00634,good
1789658324416565076,4.016784545856555,-2.9268171080282954,-3.0101246156468293,201,0.995,0.00814,good
1789658324516566975,3.996721575675584,-2.9288372919214676,-3.0111561718214674,205,1.0,0.01008,good
1789658324616567188,3.9772331155474183,-2.9314975949809394,-3.0081146936131957,202,1.0,0.00872,good
1789658324726617179,3.9555597319639766,-2.936626980562937,-3.003001095540206,197,1.0,0.00928,good
1789658324826554358,3.9391996407972614,-2.939929677375187,-3.004380932741728,201,0.995,0.01101,good
1789658324926558256,3.9200604085323043,-2.9460088259355786,-3.000775857526006,203,1.0,0.00988,good
1789658325026571563,3.9011272707851488,-2.950427139712734,-3.0068426835754836,202,0.995,0.01007,good
1789658325126570913,3.8795738400349773,-2.9517249898939744,-3.0013187342016825,204,1.0,0.00993,good
1789658325236550915,3.858044565575546,-2.9551147319347066,-3.0035090617872684,208,1.0,0.01212,good
1789658325336553413,3.8395635769846557,-2.9569260722167034,-3.006112693959842,203,1.0,0.00753,good
1789658325436560521,3.8207736529217597,-2.9604769620918234,-3.0110060309314863,204,1.0,0.00652,good
1789658325536614183,3.798621816267218,-2.963855928180957,-3.0006119209848845,201,0.995,0.00791,good
1789658325636558813,3.782166598067238,-2.9675269679684377,-3.007438614506466,199,1.0,0.00944,good
1789658325746563388,3.7665935850380676,-2.967671932919393,-3.0043935252428153,203,1.0,0.00756,good
1789658325846552424,3.7616265792214914,-2.968157348363728,-2.9997955425539007,201,1.0,0.00717,good
1789658325946554514,3.759704043547415,-2.9693723152557867,-3.0030823321592757,204,0.9951,0.00688,good
1789658326046554737,3.7602922010883466,-2.971337944358085,-3.010057890546071,209,1.0,0.01009,good
1789658326157000371,3.7594242349521108,-2.9731628110431134,-2.9885287384801447,202,1.0,0.00884,good
1789658326256701836,3.7582574596537475,-2.9707217579615692,-2.9651331427856316,203,1.0,0.00916,good
1789658326356576162,3.757501409895121,-2.9712839751484297,-2.934848647430354,200,1.0,0.01197,good
1789658326456567241,3.7535012352286183,-2.973249099362398,-2.909403189608281,207,0.9952,0.00935,good
1789658326566562047,3.7543099307592325,-2.970670214777027,-2.8753179940819398,207,0.9952,0.00917,good
1789658326666568959,3.754288446377241,-2.9694179028174963,-2.8490139320594254,200,0.995,0.00837,good
1789658326766563982,3.75148771868438,-2.9712959764504796,-2.8183686105121266,206,1.0,0.00994,good
1789658326866558395,3.7520487982595254,-2.9707600268240335,-2.7898842711457594,204,1.0,0.00758,good
1789658326976548071,3.752257891926264,-2.9723659362571726,-2.7547115397825954,201,0.995,0.01363,good
1789658327076582135,3.7552819015506316,-2.969650447546923,-2.7099473727907664,198,0.9949,0.01335,good
1789658327176576813,3.7584913884389235,-2.9707301655102443,-2.670220882129342,202,0.9901,0.01139,good
1789658327276569325,3.7570318036878056,-2.9695922487683464,-2.59108026415934,195,1.0,0.00879,good
1789658327376550394,3.7562972861416455,-2.9664229283569536,-2.5211837347603203,200,1.0,0.00924,good
1789658327476554757,3.7551384384462154,-2.9665616385793383,-2.4484130848983923,206,0.9951,0.01395,good
1789658327586558533,3.752663366028996,-2.967277081950979,-2.3712193539089363,201,1.0,0.01031,good
1789658327686574488,3.7506962005216633,-2.9644627816096794,-2.2958362628474744,199,1.0,0.00772,good
1789658327786581129,3.751260297329987,-2.9626344785300502,-2.2291898855167873,197,1.0,0.00896,good
1789658327886558123,3.7509053832872863,-2.9603113096225613,-2.163508617522519,198,1.0,0.00986,good
1789658327986561357,3.7491706796582513,-2.9605746891349023,-2.084884406178111,194,1.0,0.00859,good
1789658328096575509,3.7483808172307533,-2.9616369254535053,-2.021131631015494,201,0.995,0.00741,good
1789658328196575490,3.7485134479765603,-2.962639006056858,-1.9479668251503999,198,1.0,0.00934,good
1789658328296571509,3.7466803812515597,-2.963173388985519,-1.8744982915088297,201,1.0,0.00956,good
1789658328406567830,3.745868469679064,-2.9644522233970276,-1.8068389989930032,207,1.0,0.01385,good
1789658328506551109,3.7442999358290328,-2.965973125346923,-1.728546531450814,203,0.9951,0.01078,good
1789658328606552460,3.7432947213199346,-2.964843571338242,-1.654560992259378,198,1.0,0.01093,good
1789658328706561016,3.743534378810776,-2.9649009314227985,-1.5994172968835374,201,1.0,0.00974,good
1789658328816570724,3.741446071894782,-2.9652354902671436,-1.5138935405393108,199,1.0,0.01116,good
1789658328916558688,3.7403255480481272,-2.9633198654056896,-1.448071300004319,205,1.0,0.01051,good
1789658329016589725,3.737605890114243,-2.962647919542647,-1.3741976455801181,201,0.995,0.01041,good
1789658329126582683,3.7380753933501185,-2.9625964006021706,-1.3023562608249935,200,1.0,0.01471,good
1789658329226588634,3.735331831893072,-2.96537517622113,-1.229481595877732,200,1.0,0.00916,good
1789658329326555179,3.7332912861438934,-2.9651050707026294,-1.1553875603738863,203,0.9951,0.01286,good
1789658329426553131,3.7312358140086337,-2.963329287056318,-1.0814217703503133,202,1.0,0.0091,good
1789658329536585179,3.732658036621101,-2.965228525208737,-1.0154025513516596,201,1.0,0.01079,good
1789658329636574205,3.730773776557563,-2.964913301764418,-0.9404016182415689,201,1.0,0.01359,good
1789658329736644079,3.724833593308861,-2.9642014331768,-0.8722214694593522,198,1.0,0.01154,good
1789658329836596274,3.7231270241112395,-2.960740920383219,-0.8088115238882774,205,1.0,0.00992,good
1789658329936569875,3.720339707522105,-2.9607679592042695,-0.7316152001932833,197,0.9949,0.01059,good
1789658330046555669,3.723148768443223,-2.9640423463118784,-0.6563371735831469,199,0.9899,0.01579,good
1789658330146555146,3.720790101040346,-2.9684627330679416,-0.5907163779981419,199,0.995,0.01152,good
1789658330246553956,3.719577010729899,-2.971844137209812,-0.521695609854443,200,1.0,0.01543,good
1789658330346561988,3.7212525222015898,-2.9719588482995882,-0.4438463222720863,198,0.9949,0.01626,good
1789658330446582778,3.7215488691231755,-2.969528915697519,-0.38572303710149153,197,1.0,0.01431,good
1789658330556564467,3.7240371048248604,-2.967411268957483,-0.2987022828604487,198,1.0,0.01653,good
1789658330656570258,3.726235803206412,-2.9660757587280524,-0.2219248439751891,194,0.9948,0.01354,good
1789658330756557069,3.725893487896947,-2.9646531941159644,-0.15635968749184873,194,1.0,0.01177,good
1789658330856560675,3.726249322131728,-2.9631905128501987,-0.08976065086182163,198,0.9949,0.0147,good
1789658330966578750,3.7239319389390766,-2.9606350912284585,-0.016502718805702334,189,0.9947,0.01482,good
1789658331066562565,3.7237359071244267,-2.960678247523224,0.059848850250018265,200,0.995,0.01314,good
1789658331166566289,3.726902161179534,-2.9625911656296897,0.08175122421908364,204,0.9902,0.0105,good
1789658331276550615,3.7285197210605125,-2.963891325372137,0.08109994158840703,205,1.0,0.0079,good
1789658331376548839,3.738955157261208,-2.9666754498071106,0.08983248223293369,197,1.0,0.00952,good
1789658331476587950,3.75762191505057,-2.9659183471243535,0.09202875247914807,204,1.0,0.01011,good
1789658331586549388,3.780282627562212,-2.961440581474003,0.09350109706987351,204,0.9951,0.00867,good
1789658331686560352,3.7976138533003456,-2.9608303132227887,0.08851013639285353,208,1.0,0.00962,good
1789658331786564743,3.816178247962052,-2.9586766144313206,0.09613596823394197,205,1.0,0.00796,good
1789658331886609243,3.834760246635863,-2.956708373846521,0.09411626720758345,205,1.0,0.00879,good
1789658331996563903,3.8539076183403793,-2.9551812611726684,0.09182427668848867,204,1.0,0.00921,good
1789658332096566170,3.8739611360822948,-2.9526010805779253,0.08675426826960628,204,1.0,0.00748,good
1789658332196569105,3.894771591141188,-2.950528077737853,0.09249311110218426,206,1.0,0.00954,good
1789658332296553263,3.913540839102985,-2.9493217554703133,0.08930052696675769,204,0.9902,0.00853,good
1789658332406563650,3.93597707134791,-2.9473143207456656,0.09399496069694344,206,1.0,0.00751,good
1789658332506566103,3.954323169895866,-2.9460480176229784,0.08996205235942487,203,1.0,0.00919,good
1789658332606541983,3.9733675536125297,-2.9446460363072293,0.09466144736411916,206,0.9951,0.01171,good
1789658332706550510,3.9935400556461182,-2.943269092446963,0.09536516048439811,207,0.9952,0.00966,good
1789658332816545639,4.015265350632215,-2.9402259869415834,0.0978472864353985,206,0.9951,0.00739,good
1789658332916558925,4.033640484504056,-2.9386969983030244,0.09417661258842956,198,0.9899,0.00899,good
1789658333016578267,4.051431540268265,-2.9358558399144283,0.09283539629969503,192,1.0,0.00937,good
1789658333116559135,4.0684648516358255,-2.932245869310442,0.09105448066008101,205,1.0,0.00999,good
1789658333226581066,4.089013306531669,-2.9311074255179594,0.09210752007136122,204,0.9951,0.00977,good
1789658333326620969,4.105959290061411,-2.929513981446407,0.09242207779496667,198,1.0,0.01122,good
1789658333426559635,4.121579391487808,-2.9274588762207654,0.08984991751735968,204,0.9951,0.00863,good
1789658333536555253,4.139543414531356,-2.9255898127572384,0.08438011067747352,197,1.0,0.0104,good
1789658333636562916,4.15645268458187,-2.920063066726516,0.08973833473304069,196,1.0,0.01098,good
1789658333736634558,4.175104751024929,-2.9172721926666108,0.0895877496644821,204,0.9951,0.00963,good
1789658333836555707,4.194083528805709,-2.915288569174345,0.08374283482641129,197,1.0,0.00945,good
1789658333946556787,4.2156305794778,-2.9141665367063454,0.07862444241903763,205,0.9951,0.00935,good
1789658334046566601,4.233879594076365,-2.9101887999209946,0.08088301612222423,202,1.0,0.00774,good
1789658334146606529,4.2522111868425,-2.9068780886600756,0.08264429645449464,199,1.0,0.01051,good
1789658334246564590,4.272952697896849,-2.9046310514860982,0.08629475926560003,198,0.9949,0.0081,good
1789658334346550669,4.293595055985909,-2.9044309714939174,0.08869072883027826,194,1.0,0.00894,good
1789658334456570756,4.314585698527022,-2.9035345614469876,0.08368000214191948,191,0.9948,0.00773,good
1789658334556547798,4.335220981544362,-2.9022788483182542,0.08426720365291794,197,1.0,0.00875,good
1789658334656563764,4.356368871745155,-2.901465499137361,0.08568680606354626,202,0.995,0.00901,good
1789658334756583211,4.375188327949685,-2.899705005903228,0.08604942088640108,190,1.0,0.00964,good
1789658334866562022,4.392501148023415,-2.8977809268740327,0.07982981982631784,196,1.0,0.01066,good
1789658334966571340,4.411828403593938,-2.894644417194262,0.08050361640260803,196,1.0,0.0114,good
1789658335066585236,4.4321612210437165,-2.8941941345148763,0.08397238705178343,198,1.0,0.00889,good
1789658335166570321,4.4519594948245285,-2.8927245354378384,0.07918262826062403,200,0.99,0.00944,good
1789658335266557499,4.472355806699016,-2.8924259272312574,0.08017569218912411,201,0.995,0.00908,good
1789658335376627572,4.496012181391229,-2.8912701214986445,0.07364520164724885,202,1.0,0.01061,good
1789658335476551531,4.5161171630754176,-2.887282260904449,0.07505339288051592,194,0.9897,0.0106,good
1789658335576549023,4.536616974167882,-2.883144032354206,0.07275990731556957,193,1.0,0.00946,good
1789658335676562607,4.559176251819642,-2.882526787734502,0.08176058790824633,204,0.9951,0.00938,good
1789658335786531481,4.58294356509398,-2.8813334989452084,0.08224203502058788,195,1.0,0.01342,good
1789658335886565064,4.60102843506339,-2.8810538054956694,0.08240532899248507,194,1.0,0.01018,good
1789658335986582018,4.6214757424529855,-2.877938308594624,0.08436348218614295,199,1.0,0.01331,good
1789658336096562139,4.644607421830471,-2.8751538479117,0.08827952007178094,202,1.0,0.01029,good
1789658336196562545,4.667132109506178,-2.871938214863406,0.09429937130617969,197,1.0,0.01244,good
1789658336296566302,4.68947904238622,-2.8719601873450844,0.09085648952357038,197,1.0,0.01067,good
1789658336396554005,4.71274723440501,-2.8712937397981824,0.09388596264074042,195,0.9949,0.00915,good
1789658336506562626,4.735849302109831,-2.868583460017269,0.08951800862184965,199,1.0,0.01118,good
1789658336606570031,4.758697779456304,-2.869342817059973,0.08661440844393528,199,1.0,0.01113,good
1789658336706562234,4.778248338037893,-2.867377501311195,0.08539528420077033,200,1.0,0.00621,good
1789658336816556559,4.7994622144037935,-2.866925780160675,0.08842148885409594,200,1.0,0.00915,good
1789658336916560409,4.8203281985740345,-2.8630331962072595,0.09284479780005192,200,0.995,0.01171,good
1789658337016554094,4.839193490186292,-2.863340533780265,0.0912213378597346,202,1.0,0.0108,good
1789658337116604023,4.85675689368809,-2.862445080287847,0.09267713519015938,205,0.9951,0.00796,good
1789658337226561468,4.879933791484963,-2.858889640418603,0.09237622457066295,206,1.0,0.00813,good
1789658337326571028,4.898397711256921,-2.857247888587963,0.08793043180963497,203,1.0,0.00969,good
1789658337426590977,4.919723004569003,-2.8554782048018095,0.08384761219646529,206,1.0,0.00994,good
1789658337526574094,4.941654609345807,-2.853642749217723,0.08235576288476551,198,1.0,0.00961,good
1789658337626575914,4.960474428476542,-2.8511942346694017,0.08195115823347596,198,1.0,0.01092,good
1789658337736575765,4.982762660843149,-2.8494821461800517,0.08579930361747733,201,1.0,0.00953,good
1789658337836598232,5.0038365733084165,-2.845651815455471,0.08429257064146677,198,0.9949,0.00971,good
1789658337936575535,5.021817207154963,-2.8428492584234517,0.08079342882845417,192,0.9948,0.01036,good
1789658338036642242,5.04271357464983,-2.8426727518367203,0.079552398232124,202,1.0,0.0114,good
1789658338136669216,5.061601412080492,-2.841243973013161,0.08562514823432885,204,0.9951,0.00943,good
1789658338246563357,5.082626999513128,-2.84021558005668,0.08787256642989202,205,1.0,0.01123,good
1789658338346559443,5.10552414858862,-2.8386201844483145,0.08420421756519467,205,1.0,0.01264,good
1789658338446551696,5.129473876315223,-2.8344172087550983,0.08450957969481075,205,0.9951,0.01034,good
1789658338546551541,5.148483438155488,-2.8322782574987104,0.08370174639204617,198,1.0,0.00975,good
1789658338656587582,5.1665530192196165,-2.830378945961793,0.08044259396448947,210,1.0,0.01005,good
1789658338756560170,5.186788701279219,-2.8280103853993066,0.07754266153121911,202,1.0,0.00917,good
1789658338856565977,5.203862521941079,-2.8245380320265894,0.07973088074070465,213,1.0,0.00919,good
1789658338956569119,5.223948301531354,-2.822661148020137,0.08240649260568642,206,0.9951,0.0096,good
1789658339066565036,5.245755239437987,-2.824086687558749,0.08363540528794798,207,1.0,0.0103,good
1789658339166573184,5.264669330027382,-2.8226255492304655,0.08664518522342644,206,0.9951,0.01257,good
1789658339266572517,5.284708090888542,-2.820114951207638,0.08111324179446086,213,0.9953,0.01081,good
1789658339366575388,5.305506433410425,-2.818169534599634,0.0809309266981033,203,0.9951,0.00774,good
1789658339476691876,5.323195582653087,-2.815686926498543,0.08385003626562668,201,1.0,0.00828,good
1789658339576547661,5.340886850616591,-2.8147706590508066,0.07732914118222009,210,0.9952,0.01175,good
1789658339676560290,5.358210651234166,-2.8118087977085864,0.08309877517111161,209,0.9952,0.00924,good
1789658339786562507,5.383938592807937,-2.8097542223670366,0.07591207684757492,209,1.0,0.01243,good
1789658339886562914,5.404148643768667,-2.806487363682379,0.07774505458897771,208,1.0,0.0084,good
1789658339986557711,5.421737202346267,-2.805918364042394,0.09080693161970885,209,1.0,0.01154,good
1789658340086557642,5.439563665326393,-2.807492022037518,0.11325761764613748,204,0.9951,0.00886,good
1789658340186580407,5.457040499123949,-2.805809909441325,0.13293254217041436,209,0.9952,0.01202,good
1789658340286579988,5.474967289376939,-2.802478059902687,0.15568682868427586,206,0.9951,0.00999,good
1789658340396561139,5.498758763297603,-2.7981082180295154,0.17644611516527473,209,1.0,0.01017,good
1789658340496778079,5.522056160206221,-2.7946817607442687,0.1886844307181412,206,1.0,0.01115,good
1789658340596569873,5.540758862780386,-2.7894584870736443,0.18872101925069695,210,0.9905,0.00887,good
1789658340696564417,5.558898110094426,-2.7852436461681083,0.1723828180504909,202,1.0,0.01079,good
1789658340796561998,5.577466688538569,-2.7815634044486295,0.1663550964257767,204,1.0,0.00784,good
1789658340906547704,5.598413709980904,-2.7781975594637665,0.15372214469725676,195,1.0,0.00761,good
1789658341006547989,5.6183881108101055,-2.773683783966693,0.14999858197655744,209,0.9904,0.00917,good
1789658341106573815,5.641073283153574,-2.771414623810014,0.13525309489482648,214,1.0,0.01039,good
1789658341206557181,5.661421241354386,-2.770330355937917,0.12537713790784252,209,1.0,0.01064,good
1789658341316562931,5.68185145130568,-2.768234989000152,0.11384237402952088,213,1.0,0.01275,good
1789658341416554703,5.6991144412753805,-2.765611942443271,0.09143709994908077,210,1.0,0.01187,good
1789658341516556994,5.712553242437574,-2.7624612701174316,0.04939213165273835,206,1.0,0.01155,good
1789658341627937933,5.732039174235883,-2.761592046565237,0.0013278827537825714,210,0.9952,0.01187,good
1789658341726603088,5.748165543050262,-2.7601676655648166,-0.04419008686147687,211,1.0,0.01214,good
1789658341826617971,5.762784144707112,-2.7587934622506447,-0.0929742943418426,211,1.0,0.01416,good
1789658341926547913,5.777797371653456,-2.7593558232025663,-0.15064212022119364,211,1.0,0.0145,good
1789658342036552609,5.794479072930202,-2.7633596941573026,-0.20469259270715437,203,0.9951,0.01031,good
1789658342136577313,5.810843675338297,-2.767562095371221,-0.2521163657677976,203,1.0,0.01345,good
1789658342236596535,5.8252935818113,-2.7744284883613957,-0.3096645433659975,211,1.0,0.00952,good
1789658342346555628,5.842675307986326,-2.7793763320052385,-0.36763092267227854,205,1.0,0.01368,good
1789658342446559277,5.858109103845298,-2.787155111217049,-0.41949251063541954,206,1.0,0.01172,good
1789658342546563666,5.870236896241736,-2.7923417563553237,-0.4786163836573059,200,0.99,0.01376,good
1789658342646571260,5.883677551175751,-2.800468106840363,-0.5246636681068477,200,0.995,0.01235,good
1789658342756569720,5.896530207182154,-2.811016997379075,-0.5809823381055897,205,0.9951,0.01066,good
1789658342856575721,5.912705173395115,-2.8208862364423517,-0.6292085319458833,209,0.9952,0.01262,good
1789658342956557816,5.926810556646049,-2.8311716971258356,-0.6816009769254745,203,1.0,0.01088,good
1789658343066576502,5.938761870587536,-2.8429383723989856,-0.7358094709449275,202,0.995,0.00955,good
1789658343166576435,5.952924999491633,-2.850714649614095,-0.788054851232735,206,0.9903,0.01134,good
1789658343266637051,5.963183035582507,-2.8611908808029285,-0.8416943571771214,204,1.0,0.01007,good
1789658343366562136,5.975322275353087,-2.8733803784286627,-0.8982866309762108,206,1.0,0.01513,good
1789658343476552901,5.9868121911766154,-2.886013640979226,-0.9436531291928694,210,0.9952,0.01327,good
1789658343576632256,5.995406167139469,-2.8995353306524976,-1.0045765369015769,206,0.9951,0.01168,good
1789658343676605228,6.003062067651465,-2.913719155496012,-1.0545492699462484,204,0.9951,0.01332,good
1789658343776560257,6.010916308711916,-2.928301746918818,-1.1008138164584322,200,0.995,0.00847,good
1789658343886565428,6.015234363597281,-2.943024566599707,-1.1667358036364865,195,0.9897,0.01339,good
1789658343986574435,6.024588547201171,-2.955872665602235,-1.2117345405031161,202,1.0,0.01269,good
1789658344086577689,6.028717844803227,-2.9720743505017833,-1.2645973748849475,205,0.9951,0.01331,good
1789658344196578589,6.0328440464375195,-2.9897373728686385,-1.3164953720313826,206,0.9951,0.00929,good
1789658344296561715,6.032489739100319,-3.0036010228208574,-1.3754624359705796,199,0.9849,0.01146,good
1789658344396567285,6.034837805475792,-3.018465774284116,-1.4291523944312934,205,0.9902,0.01396,good
1789658344496546485,6.036165601662974,-3.033493654740925,-1.4888073614278128,208,1.0,0.01533,good
1789658344596576016,6.039288737450384,-3.050084087043536,-1.5423683864993711,207,1.0,0.0169,good
1789658344706570010,6.03569535595098,-3.0686112664076903,-1.5924179458678724,208,1.0,0.01639,good
1789658344806570635,6.032109146697742,-3.08108425383846,-1.6470533374240495,211,0.9905,0.01633,good
1789658344906610406,6.030465651309544,-3.093997375476166,-1.6918199631370678,212,0.9953,0.01261,good
1789658345006558960,6.029086323113888,-3.110426030994623,-1.744247891792263,208,0.9856,0.00927,good
1789658345106569202,6.029940317511963,-3.1258920277322697,-1.7924493313943828,204,0.9902,0.01132,good
1789658345216570944,6.030059980671615,-3.1452688488635694,-1.8265694157754162,208,0.9904,0.0107,good
1789658345316554039,6.024001618425784,-3.163584394246187,-1.8753893642499364,205,0.9854,0.01114,good
1789658345416543838,6.021384273635272,-3.178706939908911,-1.9071134882801168,201,0.99,0.01373,good
1789658345516544303,6.02089589205777,-3.195080202724474,-1.9436327972391017,202,1.0,0.01737,good
1789658345626560932,6.016596087325368,-3.213753184403706,-1.982715072923429,202,0.995,0.0125,good
1789658345726557897,6.013916078323398,-3.2284584130165195,-2.018164854558863,207,0.9903,0.01596,good
1789658345826576269,6.00895020292279,-3.243161068503607,-2.042328239891425,203,0.9852,0.01597,good
1789658345926553272,5.999707916210316,-3.260674392630462,-2.044405148641431,200,0.985,0.01379,good
1789658346036558570,5.994378669836738,-3.2700168747028293,-2.0163700478584525,197,0.9949,0.01125,good
1789658346136559079,5.994763563208148,-3.271782674198229,-2.020976298664038,205,0.9951,0.01452,good
1789658346236567142,5.994555029598349,-3.2752087900166194,-2.011304628479816,202,0.9901,0.01304,good
1789658346336655424,5.9924297868427985,-3.278022856803919,-1.9979230599853672,208,0.9904,0.01479,good
1789658346446555825,5.988369282277477,-3.2793020790059617,-1.9683739775884572,202,0.995,0.01827,good
1789658346546551816,5.980580448634903,-3.2770509449747864,-1.9002646689951066,199,0.9849,0.01391,good
1789658346646554991,5.97739961311317,-3.2778006467049443,-1.820058538701015,206,0.9903,0.01917,good
1789658346746557628,5.980332573031716,-3.276848239113624,-1.750757204813871,207,0.9952,0.01872,good
1789658346846557433,5.9769361379874635,-3.280172357540569,-1.6537640266876423,205,0.9902,0.01405,good
1789658346946550572,5.967361173272689,-3.296195159653973,-1.5936843440483106,200,0.985,0.01954,good
1789658347056557415,5.961362662740259,-3.3150695042331124,-1.5730335615664581,214,0.9813,0.01371,good
1789658347156566115,5.95410666869278,-3.330443841810818,-1.5697777678696465,206,0.9806,0.01352,good
1789658347256562686,5.957538463412264,-3.348503885329411,-1.5666786098127876,203,0.9951,0.0148,good
1789658347366568237,5.956466327957319,-3.3717985578262235,-1.5666371775549257,206,0.9903,0.00938,good
1789658347466567881,5.956923088690927,-3.3898790004584796,-1.5644280398001238,209,0.9856,0.0126,good
1789658347566676576,5.956876794735588,-3.4116757748953757,-1.5655738276231628,206,0.9903,0.01211,good
1789658347676560467,5.959209298625404,-3.435319785077364,-1.5663303500176744,202,1.0,0.01399,good
1789658347776549001,5.957560662823952,-3.459982800796624,-1.5642819833254447,201,0.99,0.01424,good
1789658347876560182,5.956605685418974,-3.47814424166533,-1.5605523555404457,203,0.9901,0.01546,good
1789658347976550493,5.956174126450819,-3.4971853878851724,-1.5693059755540182,198,0.9949,0.01445,good
1789658348086549717,5.956857963643577,-3.5136896353264335,-1.565024735033376,200,0.99,0.01575,good
1789658348186701286,5.95820440260526,-3.536936123328411,-1.5482494297445186,204,0.9902,0.01465,good
1789658348286600071,5.958743594094504,-3.5587869221388986,-1.5250757395110022,199,0.9849,0.0105,good
1789658348386540966,5.957472332434587,-3.579466511056638,-1.5016218509541457,204,0.9804,0.01296,good
1789658348486551338,5.95984806593825,-3.599073722269446,-1.4692541135490098,202,0.995,0.01549,good
1789658348596559082,5.961368327346139,-3.62109074299234,-1.4376991699379602,202,0.9901,0.01348,good
1789658348696565010,5.961466770400013,-3.639255360994042,-1.4095591578562463,203,0.9852,0.01152,good
1789658348796596011,5.964459269358031,-3.6597637670661864,-1.3842570533019034,211,0.9905,0.0145,good
1789658348896581755,5.969095873077349,-3.6831594408378248,-1.3614842503981575,201,0.99,0.01212,good
1789658349006565482,5.971962889875798,-3.7010352668821866,-1.3331159333845328,205,1.0,0.01311,good
1789658349106662689,5.97628803064115,-3.7202368619932784,-1.301486984841728,196,0.9898,0.01036,good
1789658349206578869,5.979606299319671,-3.7396480789899034,-1.2699438855670249,199,0.9899,0.01285,good
1789658349316552251,5.985239406696398,-3.7608330293776637,-1.245599577818391,200,0.99,0.01411,good
1789658349416548945,5.992780459062658,-3.7761858596069136,-1.2155284729830067,197,0.9898,0.01306,good
1789658349516549658,6.0023080017942725,-3.796888332040396,-1.2028196617558813,203,0.9852,0.0108,good
1789658349616552667,6.009225190911177,-3.813458550758601,-1.1931409667139417,193,0.9896,0.01384,good
1789658349726556732,6.0138343150588005,-3.8338120959139346,-1.1986641289275053,194,0.9897,0.01444,good
1789658349826553130,6.018109850203038,-3.848595099545757,-1.1990719713555473,198,0.9949,0.01317,good
1789658349926555047,6.024750094499176,-3.867038047102558,-1.1881543051950703,194,0.9845,0.01281,good
1789658350036557170,6.0378635694696,-3.8888081400597745,-1.183228156435254,196,0.9949,0.01402,good
1789658350136539853,6.043693280022596,-3.906824405271869,-1.1910448027314635,193,0.9845,0.01215,good
1789658350236640233,6.054921469756591,-3.9273530446804155,-1.1880568712799608,194,1.0,0.01302,good
1789658350336557957,6.0623698973898605,-3.943978165586117,-1.1869532331082706,198,0.9798,0.01399,good
1789658350446556585,6.06413402716367,-3.9611313406248128,-1.1909986374043815,195,0.9897,0.01458,good
1789658350546552489,6.069189430350385,-3.983663424592199,-1.1925453247849884,195,0.9897,0.01347,good
1789658350646547708,6.076283109847974,-4.005052609618456,-1.1847736730286,193,0.9741,0.01139,good
1789658350746549705,6.081734738816306,-4.023757778614607,-1.1848020337700762,202,0.995,0.01404,good
1789658350846556831,6.094482163354347,-4.043585504056433,-1.1765114920080608,193,0.9948,0.01559,good
1789658350956554904,6.106288851425533,-4.065490248062383,-1.1853815567895147,190,0.9895,0.01402,good
1789658351056563552,6.110689898665069,-4.083407403968919,-1.1852659026046608,197,0.9898,0.01129,good
1789658351156610849,6.122020789999889,-4.102907308530947,-1.1809239769341728,192,0.9948,0.01386,good
1789658351256566354,6.132901346457163,-4.123236282544382,-1.1750793935748443,186,0.9946,0.01198,good
1789658351356560209,6.146525909551347,-4.144495758601183,-1.1734170128111627,195,0.9949,0.01473,good
1789658351466560233,6.148819254836631,-4.161855991421335,-1.1863037687331464,198,0.9848,0.01587,good
1789658351566565977,6.157000156677145,-4.181361896410391,-1.179718429929751,195,0.9897,0.01156,good
1789658351666570980,6.16237079117843,-4.199953646988412,-1.1865674671907025,196,0.9745,0.01468,good
1789658351766561465,6.162198357838056,-4.217716922897503,-1.1914334788799226,202,0.9901,0.01858,good
1789658351866556616,6.171192786818132,-4.2346687984346,-1.192306004963964,195,0.9897,0.01534,good
1789658351976553066,6.179154651461729,-4.258964842262038,-1.1870750181542606,198,0.9848,0.01247,good
1789658352076549833,6.184433327616791,-4.27693595209944,-1.1938195070774758,187,0.9893,0.01764,good
1789658352176545084,6.187983114401777,-4.294420522721634,-1.2012981704889845,192,0.974,0.01749,good
1789658352286567262,6.195309654289981,-4.3127241088607695,-1.1947959581765668,189,0.9894,0.01602,good
1789658352386568141,6.201158099747873,-4.324238504909116,-1.1968566066777877,200,0.98,0.01499,good
1789658352486587298,6.208626790503391,-4.343647748527729,-1.197897994202741,194,0.9794,0.01459,good
1789658352586542921,6.217599962408097,-4.359188300963915,-1.1929075857191374,197,0.9797,0.01478,good
1789658352696595301,6.226282095372914,-4.378900079760615,-1.2015234887058812,189,0.9841,0.0151,good
1789658352796551608,6.230878358870089,-4.398156819312691,-1.2117668280154519,193,0.9793,0.01492,good
1789658352896556969,6.231987690397637,-4.419532780007522,-1.2150650056249879,194,0.9897,0.0176,good
1789658353006571222,6.231983938697508,-4.441500697288056,-1.2110501337236805,194,0.9794,0.01802,good
1789658353099973269,6.231527486500595,-4.458610234414204,-1.2101083298456639,186,0.9731,0.01611,good
1789658353206581234,6.234704393619436,-4.4731334045054,-1.2192903174907868,199,0.9849,0.02062,good
1789658353306666283,6.242634794815542,-4.495180970240549,-1.2139320662883606,190,0.9947,0.01707,good
1789658353416535623,6.2474611005930205,-4.513339341860418,-1.2221307598587876,192,0.9844,0.01706,good
1789658353516559249,6.25595833138799,-4.533466883513453,-1.2184970952159218,196,0.9898,0.01739,good
1789658353616554246,6.261439853052512,-4.554115804418769,-1.2190026956239681,188,0.984,0.01994,good
1789658353716554854,6.2626855564685115,-4.5746235064479315,-1.2226141301079096,199,0.9799,0.02148,good
1789658353826608371,6.269006486899561,-4.595567182299707,-1.2223951134091593,187,0.9786,0.01544,good
1789658353926551463,6.270021108553799,-4.616138219630618,-1.2261585983594883,199,0.9749,0.02131,good
1789658354026562739,6.275730550840161,-4.635356484364871,-1.2176339167807912,196,0.9949,0.01893,good
1789658354126561927,6.283416805608317,-4.652901041555434,-1.219404231030339,193,0.9896,0.0172,good
1789658354226567523,6.29016838256218,-4.67077082283965,-1.222714568103924,187,0.9947,0.01811,good
1789658354336554346,6.290727614252351,-4.690558926443502,-1.2250098992021174,194,0.9742,0.01855,good
1789658354436518073,6.290405283869869,-4.710487086217604,-1.2229262370458625,189,0.9841,0.02076,good
1789658354536559204,6.289153072625698,-4.7291575037993905,-1.2204987595654109,194,0.9794,0.01861,good
1789658354646517732,6.295381910716286,-4.745506221517429,-1.2180297832298221,194,0.9845,0.0178,good
1789658354746546956,6.301331041947015,-4.7626815300922685,-1.2403531155318677,194,0.9845,0.02109,good
1789658354846558089,6.307415962466264,-4.77829986335687,-1.2541947904029505,199,0.9648,0.0171,good
1789658354946544926,6.311953689488516,-4.792855046212178,-1.293908850056764,198,0.9848,0.02153,good
1789658355056562288,6.313165391333149,-4.815622957753851,-1.3355325760995405,195,0.9846,0.01828,good
1789658355156559149,6.319935389928853,-4.8317524495493265,-1.350093298600194,189,0.9683,0.01549,good
1789658355256574399,6.323980614609097,-4.849208198195905,-1.3832961749214114,197,0.9695,0.02026,good
1789658355366566728,6.3266698716023,-4.872092836483898,-1.427500196015518,193,0.9793,0.02069,good
1789658355466559053,6.326677696463505,-4.885546708824343,-1.4382681672877846,192,0.9583,0.01714,good
1789658355566573155,6.328669579556954,-4.901893323403856,-1.441898251081721,187,0.9572,0.0183,good
1789658355666538684,6.3255821474094365,-4.923285172293291,-1.445806612780846,196,0.9796,0.0247,good
1789658355776577641,6.3309674183596,-4.948799784981129,-1.443007652073873,187,0.9733,0.01826,good
1789658355876561374,6.328501432861082,-4.971566139260222,-1.4413411613756957,193,0.9845,0.02025,good
1789658355976586901,6.333294927005531,-4.989176646173441,-1.439238716930774,194,0.9794,0.01752,good
1789658356076550435,6.335338330106353,-5.006283795673717,-1.4363606982766772,198,0.9545,0.02019,good
1789658356176571524,6.336201586609427,-5.026941741169687,-1.4434402521342753,197,0.9797,0.02163,good
1789658356286503141,6.336960201588948,-5.050236530955728,-1.4370529454773389,199,0.9799,0.0187,good
1789658356386552413,6.337905996961441,-5.068208484740156,-1.4365324602596348,192,0.9792,0.02151,good
1789658356486582761,6.338579312418163,-5.089614353184942,-1.4412416998860513,187,0.9786,0.02171,good
1789658356586530964,6.34199373376652,-5.108867095599015,-1.4349823834242816,182,0.9835,0.02436,good
1789658356700025849,6.344858834019179,-5.1308760399542646,-1.4332199353222432,200,0.965,0.01891,good
1789658356796563518,6.347117233428702,-5.149684220625718,-1.4410807075678742,190,0.9684,0.01911,good
1789658356896560756,6.351120090010229,-5.170656735780839,-1.4396414750512208,186,0.9785,0.01839,good
1789658357006590442,6.351573340685382,-5.188622339032111,-1.439799443829392,185,0.9514,0.01825,good
1789658357106608834,6.352515124936708,-5.208423457982355,-1.4354459718819579,190,0.9632,0.02444,good
1789658357206561062,6.353907003089443,-5.225886268277508,-1.4331926403778807,187,0.9679,0.02425,good
1789658357306566879,6.355397106090317,-5.248966448151316,-1.4358235029553728,182,0.9835,0.02222,good
1789658357416652588,6.359039805981601,-5.271027394715969,-1.430858940450425,178,0.9944,0.02323,good
1789658357516549819,6.365640153883795,-5.288376204260018,-1.434811699664418,191,0.9686,0.02009,good
1789658357616560822,6.369877444753155,-5.304348226301942,-1.4375000820737525,191,0.9738,0.02364,good
1789658357716942473,6.372367111448106,-5.329103476599479,-1.4319390856617116,185,0.973,0.02249,good
1789658357826569519,6.37366724168021,-5.3494158887910235,-1.4340879621138483,182,0.978,0.02315,good
1789658357926568541,6.377363403301231,-5.364400457846611,-1.4385215836634517,187,0.9305,0.02096,good
1789658358026567583,6.378885750502369,-5.38341682301719,-1.436558420656411,184,0.9565,0.01865,good
1789658358136575302,6.384195737377003,-5.404081199402738,-1.4354331645560798,178,0.9831,0.02554,good
1789658358236558387,6.3851049120493855,-5.427742748976222,-1.4366858761486931,190,0.9842,0.02345,good
1789658358336556933,6.382126191000284,-5.445109147639135,-1.4406868023075614,181,0.9724,0.02516,good
1789658358446550912,6.388403047305829,-5.467219301752642,-1.4369549724045794,184,0.9783,0.02529,good
1789658358546561088,6.392627527738436,-5.489236151345369,-1.435542257862138,197,0.9848,0.02294,good
1789658358646555116,6.39365508430911,-5.508314997889003,-1.4325685928966048,181,0.9558,0.01962,good
1789658358746547922,6.397723847907182,-5.526262110183872,-1.4333091014469306,191,0.9634,0.01949,good
1789658358856552105,6.398668226542117,-5.552819888508207,-1.4373463304918614,182,0.9615,0.01528,good
1789658358956561577,6.403323362349766,-5.572924368231603,-1.448039572362385,192,0.9688,0.01859,good
1789658359056558219,6.407882007352482,-5.59266733163182,-1.4496128409461193,180,0.9722,0.02069,good
1789658359166562371,6.4066763714467605,-5.611316228608272,-1.444451814148681,188,0.984,0.01995,good
1789658359266524944,6.406003511421663,-5.631522191381598,-1.4416190255901953,183,0.9727,0.02061,good
1789658359366575217,6.406676312057036,-5.6555802989542014,-1.4541127375909488,188,0.9734,0.02854,good
1789658359466560289,6.406491677083529,-5.673552462854849,-1.4501862355990627,184,0.9783,0.02266,good
1789658359576557386,6.4084143427747255,-5.692105661155917,-1.4484394902108326,182,0.9725,0.02298,good
1789658359676547031,6.407814789992257,-5.713605435494115,-1.4494636860062917,184,0.9402,0.02187,good
1789658359776552084,6.408663243252191,-5.727919303270302,-1.447791750629315,183,0.9781,0.01999,good
1789658359876559266,6.409091412796976,-5.746541228506608,-1.4552617362248406,194,0.9691,0.02377,good
1789658359986560918,6.4105180208114465,-5.766598304231248,-1.452805376887656,180,0.9722,0.02328,good
1789658360086562587,6.408294169759814,-5.782500520519314,-1.4533994642217982,183,0.9836,0.02543,good
1789658360186545868,6.406689304834217,-5.792929218861406,-1.4462874133680776,189,0.9577,0.02651,good
1789658360296559878,6.408811710621186,-5.816063456807069,-1.44064891300397,183,0.9891,0.02501,good
1789658360396559456,6.412071750964718,-5.831390100929196,-1.4335722722419597,191,0.9843,0.02634,good
1789658360496563218,6.410383365667012,-5.843432580936248,-1.44167576323013,187,0.9679,0.02335,good
1789658360596561573,6.41860713385441,-5.86579280156818,-1.4351473541144444,178,0.9551,0.02485,good
1789658360706555288,6.420399984537669,-5.882111758738358,-1.4316994235831741,192,0.974,0.02569,good
1789658360806564865,6.412914343767016,-5.8989273161029905,-1.4374965807042976,184,0.9674,0.0255,good
1789658360906592255,6.414366307830979,-5.913305967638131,-1.4406023802955057,183,0.9891,0.02716,good
1789658361006571778,6.4127155274556715,-5.930432943648967,-1.4426769306531144,187,0.9679,0.02795,good
1789658361116545871,6.411582890811335,-5.9515699448414905,-1.4517896345771002,180,0.9778,0.02305,good
1789658361216549176,6.409381927107094,-5.967659019307842,-1.4435693022749805,185,0.9676,0.02314,good
1789658361316549315,6.41127979202573,-5.978642533384779,-1.4420229154815216,189,0.9841,0.02437,good
1789658361416546695,6.4098493546230975,-5.996782162632005,-1.4364639846339122,188,0.9628,0.02485,good
1789658361516562185,6.4110200897655565,-6.012391360406789,-1.4472743529386751,184,0.9674,0.02496,good
1789658361626560110,6.41397696333798,-6.034538323619803,-1.4499157433475276,190,0.9737,0.02631,good
1789658361726574100,6.412063892328579,-6.053005535426444,-1.4525539840703001,190,0.9632,0.02379,good
1789658361826558647,6.41228730802921,-6.0721461235071095,-1.4506249757528897,182,0.967,0.01874,good
1789658361926567230,6.411051188914573,-6.083498546907255,-1.4475238552653915,185,0.9838,0.02186,good
1789658362026559148,6.414094946813069,-6.099633926027826,-1.4529750002263129,186,0.9839,0.02511,good
1789658362136560413,6.414320487050634,-6.120756114569738,-1.4526794235812484,188,0.984,0.01974,good
1789658362236572816,6.414863586573346,-6.133061659178193,-1.4572048424699846,193,0.9896,0.02144,good
1789658362336574276,6.419488030700146,-6.151989678944366,-1.4805167938356745,190,0.9737,0.02257,good
1789658362436563644,6.41593793310661,-6.172150821889238,-1.4862597616198248,195,0.9795,0.02128,good
1789658362546638516,6.417213393618654,-6.191591949557862,-1.5076981941767775,190,0.9737,0.02107,good
1789658362646552609,6.41379436713624,-6.211329314068678,-1.520594250504477,188,0.9787,0.01894,good
1789658362746562365,6.415710872275492,-6.225328452066243,-1.5413799059214475,189,0.9841,0.01873,good
1789658362856567833,6.415656871602013,-6.246615413745468,-1.5691269306027593,189,0.9947,0.02032,good
1789658362956585940,6.413265603670558,-6.267413472300455,-1.5820260783019997,189,0.9894,0.02165,good
1789658363056555738,6.412197302853513,-6.285982266590279,-1.6039782051211111,190,0.9895,0.01842,good
1789658363156560611,6.411636486365324,-6.302280529236095,-1.6091748558113006,189,0.9947,0.02339,good
1789658363266558493,6.4125161794343235,-6.324930673731896,-1.6144500601029341,193,0.9845,0.01848,good
1789658363366567829,6.414267956388779,-6.339945434358941,-1.6016664957375133,193,0.9689,0.02143,good
1789658363466574035,6.4137901707150045,-6.356513496162499,-1.6025643013966697,189,0.9894,0.01877,good
1789658363576568714,6.409080629609798,-6.378202321769319,-1.5912067542420367,188,0.984,0.01835,good
1789658363676555644,6.407506896656152,-6.4004820403626335,-1.5946748841880363,193,0.9637,0.0178,good
1789658363776550535,6.406511515920878,-6.421173108408026,-1.6003632285715945,191,0.9843,0.01934,good
1789658363876551038,6.401876167627636,-6.444039670623823,-1.6056763065511295,193,0.9793,0.01604,good
1789658363986555958,6.401841533139468,-6.464076462800589,-1.6102128124668733,196,0.9847,0.01708,good
1789658364086556243,6.402274217030315,-6.483239711480051,-1.61313074054387,190,0.9895,0.01745,good
1789658364186549808,6.399516198927559,-6.4995310976105785,-1.6146891484254546,190,0.9842,0.01739,good
1789658364296585399,6.403970271355265,-6.521583015915597,-1.612497643878542,189,0.9735,0.01747,good
1789658364399950761,6.401668045439749,-6.543186926024222,-1.6093882465602658,192,0.9844,0.01638,good
1789658364496564306,6.396383174637284,-6.563376459908632,-1.6076655157341488,188,0.9894,0.01504,good
1789658364596551130,6.391482069390423,-6.5835435627421175,-1.6055201874623732,193,0.9793,0.01736,good
1789658364706564185,6.389623804502143,-6.605344982690181,-1.6004513529207298,198,0.9848,0.01658,good
1789658364806570842,6.387920043006647,-6.622532562600528,-1.6051672022858272,200,0.98,0.01728,good
1789658364906560759,6.386003252283014,-6.642794971686035,-1.6140513081291232,200,0.985,0.01535,good
1789658365016558482,6.3807707009727475,-6.6648262224083155,-1.6148239255242303,191,1.0,0.01674,good
1789658365116550830,6.380414699634357,-6.686334312040614,-1.5995965792793527,194,1.0,0.02031,good
1789658365216578547,6.377721156696241,-6.710420102477346,-1.6066430736477264,192,0.9896,0.01873,good
1789658365316577747,6.377797905332013,-6.734322268026671,-1.6083418895149821,191,0.9895,0.01358,good
1789658365426538478,6.374359880014504,-6.757030197364715,-1.604233127717403,192,0.9948,0.01875,good
1789658365526562621,6.373756734021465,-6.778530739355677,-1.598781214084519,195,0.9897,0.01186,good
1789658365626557414,6.3722379447645645,-6.799868725031805,-1.6006743624938606,193,0.9896,0.01503,good
1789658365726559021,6.369901756486928,-6.823840714107022,-1.6036213543733269,193,0.9896,0.01419,good
1789658365836635413,6.36817599378959,-6.851064953356168,-1.606075073928354,200,0.995,0.01302,good
1789658365936631576,6.366893788435862,-6.870018662934776,-1.601792686948632,195,0.9846,0.01431,good
1789658366036559541,6.3668154833246895,-6.891667754709449,-1.5927496460984687,193,0.9896,0.01312,good
1789658366136571635,6.366389814690542,-6.9138279690714155,-1.6039681236060794,198,1.0,0.01797,good
1789658366246553408,6.362640682845943,-6.9417774141724715,-1.6038541512562177,199,0.995,0.01663,good
1789658366346540874,6.360537941002109,-6.969700150189335,-1.6039202716747678,195,1.0,0.01035,good
1789658366446556098,6.357726522393896,-6.991576205206875,-1.6017545436295866,188,1.0,0.01251,good
1789658366546602375,6.354750853847563,-7.013373791692729,-1.601317094310079,197,1.0,0.01827,good
1789658366656563335,6.352829740128493,-7.0362412028323815,-1.6051452371958936,201,0.99,0.01312,good
1789658366756559745,6.350309373682,-7.059817975201602,-1.6126354744891869,198,0.9949,0.0157,good
1789658366856606189,6.350383307828987,-7.084712945489253,-1.6213190389876841,194,0.9948,0.0131,good
1789658366956568285,6.3513925540118885,-7.1093132955681915,-1.6164274059813233,202,0.995,0.01804,good
1789658367056666749,6.3513883967597975,-7.1372312793579376,-1.6325439202856125,207,0.9952,0.01281,good
1789658367166556552,6.352552050337827,-7.16279844685189,-1.618089728478049,199,1.0,0.01534,good
1789658367266578651,6.352386145658461,-7.186598719198254,-1.6230124678012523,201,1.0,0.01274,good
1789658367366567567,6.3498263041926055,-7.209916718887622,-1.6188057129673823,201,0.995,0.01322,good
1789658367476543848,6.34495343390739,-7.233404989079694,-1.6263324685472418,206,0.9806,0.01158,good
1789658367576566262,6.339011686978102,-7.258585969867384,-1.631513973599117,198,0.9949,0.01279,good
1789658367676550011,6.335818302231836,-7.280707909124534,-1.6377530959229356,203,0.9901,0.01466,good
1789658367776558612,6.33414346093099,-7.305985592176593,-1.6392962615134883,200,0.985,0.00767,good
1789658367886570261,6.336473685755972,-7.333131479713807,-1.6383631407704604,203,1.0,0.01416,good
1789658367986544381,6.334743214697647,-7.355177814132542,-1.6384864902634926,202,0.995,0.00944,good
1789658368086559652,6.33135311269141,-7.379503263877109,-1.6399012438418386,199,1.0,0.0127,good
1789658368186556055,6.327244437968081,-7.400266082107649,-1.6413781930388602,200,1.0,0.0108,good
1789658368296563803,6.3244466846530365,-7.423372975937037,-1.6457644140755232,201,0.995,0.01351,good
1789658368396644999,6.324207850183414,-7.44538648808362,-1.6433073498257686,204,0.9951,0.01257,good
1789658368496569164,6.32301032320997,-7.471875238206023,-1.652387050938395,201,0.9851,0.00791,good
1789658368596534828,6.320916496672716,-7.498433031616079,-1.652398079287326,205,1.0,0.01126,good
1789658368706571723,6.317208255984367,-7.522154281724697,-1.6487915504766655,199,0.9899,0.00853,good
1789658368806575051,6.316437467275899,-7.545125941554494,-1.644552832364002,205,1.0,0.01009,good
1789658368906568232,6.315530478344097,-7.566901167406191,-1.6510525975140473,202,1.0,0.01225,good
1789658369006558117,6.312822288131042,-7.588734196175764,-1.6541128014134368,201,1.0,0.01021,good
1789658369116525800,6.314797436516448,-7.615301446564505,-1.6566661987167584,204,0.9951,0.0103,good
1789658369216555874,6.31230285050836,-7.637793497678729,-1.6602290885099074,196,0.9949,0.01202,good
1789658369316560875,6.308800588411903,-7.658895558401592,-1.6552024386723094,196,0.9949,0.01214,good
1789658369426657755,6.308107565615281,-7.689204968105979,-1.6445867155423832,202,0.995,0.01229,good
1789658369526661256,6.305400917538488,-7.710507871466486,-1.6493712835065912,203,0.9951,0.01435,good
1789658369626593242,6.303776779643467,-7.733682518961262,-1.6395218432316574,199,0.995,0.00918,good
1789658369726553745,6.304512109632844,-7.757594867958045,-1.6326771866642116,197,1.0,0.01234,good
1789658369836567758,6.301481692129335,-7.779045426497127,-1.6284696434302648,200,0.99,0.01233,good
1789658369936670310,6.299411543647416,-7.802968409117206,-1.626985608466921,203,1.0,0.01277,good
1789658370036560578,6.296886273206166,-7.8245629623669375,-1.6202450658585914,205,1.0,0.00955,good
1789658370136568066,6.2966807296041525,-7.84718519971033,-1.611049080475966,198,0.9899,0.0115,good
1789658370246605493,6.296580725146875,-7.874279803837289,-1.6070639378954408,199,0.9899,0.01131,good
1789658370346547688,6.2964342448777515,-7.895929214718139,-1.5966631685975037,194,1.0,0.01053,good
1789658370446550732,6.293228776659632,-7.917736288734417,-1.5916996713692442,197,1.0,0.01154,good
1789658370546566553,6.291943601587769,-7.938211477965027,-1.587103763075498,197,1.0,0.01348,good
1789658370656561759,6.291928939170855,-7.962199141365544,-1.5814872959090407,202,0.995,0.0118,good
1789658370756568321,6.288852849328907,-7.986350179555481,-1.5753604726810198,199,1.0,0.01094,good
1789658370856729043,6.289338298744333,-8.009871785994335,-1.5686800783737935,198,1.0,0.01074,good
1789658370956560836,6.291978150254348,-8.031007446008863,-1.5639997604358975,201,1.0,0.01177,good
1789658371066594025,6.29438615580974,-8.059442131357605,-1.5635202364465235,205,1.0,0.0122,good
1789658371166554466,6.2925125686490935,-8.07925589714549,-1.558636551942849,203,1.0,0.00835,good
1789658371266561849,6.292797371425218,-8.100865498343577,-1.5545714523860081,201,1.0,0.00924,good
1789658371366567695,6.295502635452593,-8.122915232045372,-1.5470231089235507,197,1.0,0.01138,good
1789658371476543038,6.2963648002704415,-8.145321540996347,-1.5383666687179478,201,1.0,0.00937,good
1789658371576566753,6.295996220463274,-8.168984515300817,-1.5316404085985342,200,1.0,0.01221,good
1789658371676559730,6.298166069588129,-8.192271311812359,-1.5184833608512422,199,1.0,0.01052,good
1789658371776568057,6.300905543660948,-8.209596682829371,-1.515535192343988,200,0.995,0.01075,good
1789658371886565121,6.3019522842000715,-8.235576806938646,-1.51237896179189,196,0.9949,0.01152,good
1789658371986583004,6.304814577515948,-8.258117950260935,-1.5149895168530005,202,1.0,0.01179,good
1789658372086558189,6.305664909474312,-8.278660369415732,-1.5182388727380076,202,1.0,0.01292,good
1789658372186520469,6.307379658222515,-8.297104915469182,-1.5227100645693066,202,1.0,0.0091,good
1789658372296562908,6.307193719723164,-8.3175280489624,-1.5208308447931709,197,0.9949,0.00641,good
1789658372396555408,6.307374117045169,-8.339540437894124,-1.522363640063347,203,1.0,0.00857,good
1789658372496591573,6.308588153529068,-8.357638057572192,-1.5183339093088846,197,1.0,0.00733,good
1789658372596567445,6.309091734014374,-8.376694204116239,-1.5143692603519112,195,1.0,0.00978,good
1789658372706551220,6.309445534721592,-8.396357320131418,-1.5075988864926713,200,1.0,0.01414,good
1789658372806545647,6.309419936986579,-8.4171567975163,-1.512895640813147,199,1.0,0.00931,good
1789658372906598477,6.309931930529491,-8.436832840498537,-1.5146502994128046,201,1.0,0.0083,good
1789658373006552424,6.314301604761048,-8.456405499090215,-1.5078239409112408,194,1.0,0.01128,good
1789658373116576056,6.3175232684134,-8.480064676982302,-1.508079997245208,207,1.0,0.01174,good
1789658373216534693,6.317897954200525,-8.499476078305717,-1.5075858057770353,190,0.9947,0.01256,good
1789658373316551161,6.319176757270663,-8.52203346737352,-1.509879368117698,194,1.0,0.01392,good
1789658373426604569,6.320416317916359,-8.543734959997865,-1.5108349309017257,203,1.0,0.01062,good
1789658373526536578,6.319711730970084,-8.56327495815708,-1.5148417892647752,204,1.0,0.00951,good
1789658373626654005,6.322174681512983,-8.58623221250314,-1.5064636620226637,206,1.0,0.0125,good
1789658373727247834,6.325443159734305,-8.605706393664178,-1.503338789367904,205,1.0,0.01116,good
1789658373836596294,6.328119078720186,-8.623481457088408,-1.5098168995067793,204,1.0,0.0091,good
1789658373936653001,6.328686332585863,-8.643311634882112,-1.5075836303691281,201,0.995,0.01052,good
1789658374036638621,6.331987119218379,-8.661269451921143,-1.512048527380814,205,1.0,0.0091,good
1789658374146563504,6.332850425698164,-8.68336887423874,-1.506277970084745,206,0.9951,0.01148,good
1789658374246555479,6.333421939775333,-8.705844286350997,-1.5104925482013807,202,1.0,0.01018,good
1789658374346559138,6.333328647277159,-8.727852686911397,-1.5123643716949087,201,0.995,0.01168,good
1789658374446549095,6.334214169330892,-8.745502785271432,-1.5071944359053362,192,1.0,0.00718,good
1789658374556566455,6.333883553610317,-8.765306935822206,-1.5118527936061448,205,1.0,0.00954,good
1789658374656560875,6.335678904839256,-8.779878955011942,-1.5177551252995356,197,1.0,0.0091,good
1789658374756602366,6.335603707207397,-8.799224287500621,-1.5187688229678786,201,1.0,0.00921,good
1789658374856574657,6.339535018029045,-8.820459386678055,-1.5180776283169506,203,0.9951,0.00992,good
1789658374966559389,6.341010121361123,-8.8414388209521,-1.5100862527331549,200,1.0,0.00871,good
1789658375066571922,6.343860528235926,-8.860003322680898,-1.515541150080365,202,1.0,0.0072,good
1789658375166548218,6.342141923907867,-8.87920390500128,-1.5148654605084009,193,1.0,0.00886,good
1789658375266566309,6.341839334475153,-8.901641694935165,-1.5104282256362362,207,1.0,0.01205,good
1789658375366553605,6.341608582029047,-8.9200973651356,-1.519072772836804,200,1.0,0.00986,good
1789658375476576601,6.34361264004097,-8.943115796493803,-1.5173690028924718,204,1.0,0.00841,good
1789658375576557841,6.3465179710415285,-8.959163039902895,-1.5160402253782366,194,1.0,0.00801,good
1789658375676547970,6.349788595961592,-8.981307395886692,-1.506503543026181,197,1.0,0.0092,good
1789658375776575449,6.3493984727917,-8.999629918939556,-1.5120627553924744,203,1.0,0.00872,good
1789658375886556466,6.35185021036582,-9.023667115097147,-1.5138220757485075,200,1.0,0.00989,good
1789658375986560057,6.350943516183221,-9.04161784373172,-1.5134504683682872,202,1.0,0.00691,good
1789658376086624891,6.35040999897449,-9.06324361320127,-1.5079644515010993,197,1.0,0.01038,good
1789658376186598767,6.35071264204018,-9.084632453738603,-1.518947591060843,211,1.0,0.00948,good
1789658376286557144,6.355603559450318,-9.108770604003315,-1.5109236745566925,196,1.0,0.01002,good
1789658376396578720,6.356208567795141,-9.12954467633972,-1.5216374433935098,202,1.0,0.00916,good
1789658376496559004,6.358336249147367,-9.149621066119856,-1.5254293634962297,211,1.0,0.00739,good
1789658376596558045,6.359372634287537,-9.167206271725481,-1.5175028715478327,197,0.9949,0.00907,good
1789658376706578048,6.361351036986831,-9.190699599197611,-1.5095169126779375,202,1.0,0.00887,good
1789658376806562923,6.3618546728166665,-9.21091845011921,-1.513751414485187,199,1.0,0.01103,good
1789658376906514393,6.361294007037185,-9.230084966736875,-1.5074658571392565,204,0.9951,0.00896,good
1789658377006544434,6.361619428212375,-9.247193769784808,-1.5092947196553201,195,0.9949,0.00949,good
1789658377116551295,6.363085531353875,-9.267109336198734,-1.5136572597513063,203,1.0,0.01115,good
1789658377216555657,6.365432306433346,-9.287650896281361,-1.5107459547921123,206,1.0,0.01051,good
1789658377316597239,6.365722945740285,-9.308827053072243,-1.5218251379776764,206,1.0,0.00937,good
1789658377426572416,6.365768420966372,-9.332302808301055,-1.5237579090159825,209,1.0,0.01103,good
1789658377526578482,6.365410758835386,-9.352270376957296,-1.5244537574133503,204,1.0,0.00958,good
1789658377626571437,6.36887582138793,-9.371143799930316,-1.5209411088466382,201,1.0,0.01193,good
1789658377726557578,6.370531408897177,-9.390704337053174,-1.5238211273408633,200,1.0,0.01091,good
1789658377836576549,6.370755571248436,-9.412545011598443,-1.524404860695831,201,1.0,0.00745,good
1789658377936516581,6.3714749600187695,-9.432778668461701,-1.5181907179760519,207,1.0,0.00789,good
1789658378036563387,6.3711610621360535,-9.45276783561567,-1.516422377578886,206,1.0,0.01052,good
1789658378146552533,6.372193928108249,-9.474271356891883,-1.5127230603888153,203,1.0,0.00727,good
1789658378246553475,6.37237532442184,-9.493588417228793,-1.5205809581126577,200,1.0,0.00839,good
1789658378346549898,6.371440343058941,-9.515833867549837,-1.5225411827961939,206,1.0,0.00803,good
1789658378446547044,6.3711173220524255,-9.537951952149196,-1.5223858007604412,208,1.0,0.00899,good
1789658378556565355,6.369599522288249,-9.559069722351937,-1.5306654237990742,204,1.0,0.00906,good
1789658378656561871,6.371398131001694,-9.578595421119754,-1.5339009636017462,200,1.0,0.00857,good
1789658378756586201,6.371023552306556,-9.600106666484178,-1.5368854983606177,210,1.0,0.00911,good
1789658378866652954,6.3750885348958795,-9.619360038125556,-1.535099086456386,205,1.0,0.01191,good
1789658378966577326,6.379212536550698,-9.639712646670054,-1.5268589217967155,207,1.0,0.01207,good
1789658379066704043,6.381425629787888,-9.660909267311458,-1.5186595045716402,207,0.9952,0.00791,good
1789658379166561942,6.3809140386585685,-9.680806572255118,-1.5201212478246593,210,1.0,0.011,good
1789658379276561760,6.381186437518522,-9.701223417491011,-1.5273308265620005,207,1.0,0.01277,good
1789658379376558430,6.380321186850213,-9.723369334151219,-1.532057747265177,202,1.0,0.01091,good
1789658379476548119,6.381215921537709,-9.743125221388583,-1.532509881868353,207,1.0,0.01017,good
1789658379576655209,6.381776648485779,-9.76264512199213,-1.5298410672485823,205,0.9902,0.01057,good
1789658379686560199,6.381232191914511,-9.784991720095666,-1.5301374835216566,199,1.0,0.00925,good
1789658379786563979,6.381281117677473,-9.802218245913407,-1.5257768162217096,199,0.995,0.00727,good
1789658379886552816,6.381556336682755,-9.82153753652709,-1.5296938589088456,207,1.0,0.01078,good
1789658379986559152,6.382032420682006,-9.844087724572212,-1.5294410245471461,210,1.0,0.00834,good
1789658380096563679,6.381999641164461,-9.865933464964252,-1.5360258912989322,201,1.0,0.00949,good
1789658380196574336,6.383572231362916,-9.883921097330326,-1.5422281690127095,198,1.0,0.00928,good
1789658380296574363,6.3816872627325045,-9.904217553488511,-1.5420434200774624,199,0.995,0.00907,good
1789658380406547763,6.381696152515279,-9.926325385553573,-1.5385194220017715,204,1.0,0.01058,good
1789658380506772835,6.385008696554436,-9.947528649054304,-1.5294985696536838,209,0.9952,0.00871,good
1789658380606548317,6.385555173529438,-9.965861025647191,-1.5305255866191276,204,1.0,0.00797,good
1789658380706560344,6.389554381335978,-9.984179929151622,-1.5352679899339636,209,1.0,0.00943,good
1789658380816549224,6.387175294481246,-10.007631985316413,-1.5359778361621619,207,0.9952,0.00948,good
1789658380916528141,6.38981329705457,-10.027498830658095,-1.5297117997396692,210,1.0,0.01089,good
1789658381016565557,6.39098374602769,-10.046710110858628,-1.5242990079526193,206,1.0,0.00897,good
1789658381126565257,6.394941838020245,-10.067552567703272,-1.5214083856612055,210,0.9952,0.0105,good
1789658381226570827,6.398484501777276,-10.088051546539685,-1.5287391009716063,209,0.9952,0.01053,good
1789658381326560786,6.397938011080337,-10.106076000354761,-1.5315054090784372,205,1.0,0.01036,good
1789658381426590873,6.398655659746472,-10.124886986946917,-1.5284118632120258,204,1.0,0.01058,good
1789658381536531503,6.401547946210709,-10.145609824470556,-1.5227278241988327,209,0.9952,0.00893,good
1789658381636550998,6.404130593476704,-10.165923838965412,-1.5257734231370785,203,0.9951,0.0097,good
1789658381736561271,6.402860400734409,-10.187603719747356,-1.529677150145002,201,1.0,0.01089,good
1789658381836561563,6.40473357924198,-10.20888806118337,-1.5324103923933443,205,1.0,0.01187,good
1789658381946607095,6.402791288569791,-10.2315109369109,-1.5283142882313927,207,0.9952,0.00849,good
1789658382046551726,6.401035011503309,-10.24852853900847,-1.521511034798069,202,1.0,0.00896,good
1789658382146555967,6.403986903206213,-10.267002238689367,-1.5248800050385285,200,1.0,0.0129,good
1789658382246558321,6.40674536343951,-10.28698677998065,-1.5179725075339683,204,1.0,0.00792,good
1789658382346591006,6.408819670515179,-10.306729464054714,-1.5257013820867737,214,0.9953,0.00915,good
1789658382456562899,6.409918766948165,-10.327011011324432,-1.5274649897225665,211,1.0,0.00835,good
1789658382556574993,6.409585350307591,-10.348865626097957,-1.5237425252569665,209,1.0,0.00839,good
1789658382656561458,6.413904139842662,-10.368831528500262,-1.524513095466799,207,1.0,0.01123,good
1789658382756554737,6.4142931690075,-10.388251762195013,-1.5181639951759316,202,1.0,0.00738,good
1789658382866565629,6.41562628077788,-10.406648191887015,-1.5166543007186306,211,1.0,0.01228,good
1789658382966571222,6.416119313654929,-10.427565650575096,-1.5150324035680882,204,1.0,0.01144,good
1789658383066557839,6.416682836760596,-10.44721525248883,-1.5186246146112714,206,1.0,0.01306,good
1789658383166559864,6.419941367398724,-10.468850936833103,-1.526869524768122,204,1.0,0.01083,good
1789658383276518431,6.417936572520235,-10.490152854944409,-1.5287977064192175,209,0.9952,0.00677,good
1789658383376561473,6.418901508573876,-10.511932089993024,-1.528691352424323,207,1.0,0.01056,good
1789658383476588072,6.416272492152321,-10.535366377392899,-1.5199085891973951,206,0.9951,0.01022,good
1789658383586564601,6.417467198582893,-10.55725320931984,-1.5250568429080016,202,1.0,0.01368,good
1789658383686578718,6.419392751523486,-10.578072236986863,-1.5241962421261646,210,0.9952,0.00983,good
1789658383786557504,6.418863013408425,-10.595389539266469,-1.5244884009922803,203,1.0,0.01611,good
1789658383886566899,6.422995914128243,-10.61055924114472,-1.526370333599899,207,0.9903,0.01286,good
1789658383996569408,6.426906280507057,-10.631217744305948,-1.5303930245675315,208,1.0,0.01245,good
1789658384096567198,6.426903095052077,-10.651394130931797,-1.528059425205923,200,1.0,0.01114,good
1789658384196575062,6.429446123275255,-10.670433062046282,-1.528522339133236,205,1.0,0.01004,good
1789658384306562393,6.43041845819158,-10.693214410135896,-1.5266950459186692,202,0.995,0.01133,good
1789658384406537944,6.429337676076441,-10.711874478437299,-1.529009354636716,206,1.0,0.0133,good
1789658384506555104,6.430541546092631,-10.72983243782344,-1.5320174327560514,207,0.9952,0.0101,good
1789658384606561079,6.431959954460243,-10.749182983869959,-1.5344238538587078,209,1.0,0.01202,good
1789658384716551058,6.433003993204734,-10.77097501132861,-1.5267066185412752,202,0.9901,0.00799,good
1789658384816558181,6.435549353279843,-10.7905254976477,-1.5281705528713536,213,1.0,0.01427,good
1789658384926559493,6.436243700548064,-10.81269882595695,-1.5227283430853389,204,1.0,0.01024,good
1789658385026573876,6.435721492070535,-10.834943884752974,-1.5200155831105617,212,1.0,0.0103,good
1789658385126575024,6.437917866479721,-10.854694686633069,-1.526895157086375,201,1.0,0.01046,good
1789658385226677907,6.437668551530854,-10.87725817216383,-1.5264033986442913,211,1.0,0.00883,good
1789658385326558616,6.439995134510874,-10.896274658510242,-1.521976165743513,212,0.9953,0.00725,good
1789658385436568045,6.443277476745365,-10.918668334400195,-1.5216070465679652,207,0.9952,0.00823,good
1789658385536555323,6.44626776920284,-10.939049076766402,-1.5235278046514813,205,1.0,0.00744,good
1789658385636640540,6.4494403148095625,-10.95901037895934,-1.5251829138770188,210,1.0,0.00756,good
1789658385736944173,6.4512210431324375,-10.97753877935738,-1.5320572477970764,212,0.9953,0.00841,good
1789658385846551566,6.452628940406208,-10.998891400908333,-1.530768720890323,209,1.0,0.00864,good
1789658385946574564,6.4527703318723555,-11.015590918623872,-1.5245971131784473,206,1.0,0.01533,good
1789658386046553178,6.453789019344062,-11.038510872222155,-1.5201107320593936,206,1.0,0.01173,good
1789658386156565260,6.454536756065345,-11.060966176956914,-1.5130406468111233,214,0.9953,0.01023,good
1789658386256580746,6.456462604752373,-11.08100359981499,-1.5156951578948343,212,1.0,0.01132,good
1789658386356600546,6.4587354992768145,-11.100875701846963,-1.5169072032172892,213,1.0,0.01009,good
1789658386466561520,6.4585580972989565,-11.122401173078435,-1.517810871366412,213,1.0,0.01046,good
1789658386566565914,6.458069644809832,-11.1422110676374,-1.5141999437625204,212,1.0,0.0088,good
1789658386666628805,6.461235343085923,-11.16115038328658,-1.5223395278399068,212,1.0,0.01084,good
1789658386766555276,6.466481128933138,-11.179461145410915,-1.519756314827703,214,1.0,0.01311,good
1789658386876556026,6.46951343251149,-11.199116756889454,-1.5073561071701918,209,1.0,0.01215,good
1789658386976530199,6.472686237491844,-11.214282804209766,-1.4774246122982444,211,1.0,0.01088,good
1789658387076551799,6.472560964530283,-11.23119568088966,-1.441089467245088,215,1.0,0.00994,good
1789658387176554513,6.476593577990936,-11.249168750873645,-1.416563252395637,214,1.0,0.00988,good
1789658387286564047,6.480997702486977,-11.26923805341859,-1.386929661855013,210,0.9952,0.01006,good
1789658387386560872,6.484104278081851,-11.28824777505098,-1.3653237796500879,208,1.0,0.01277,good
1789658387486576530,6.486906183971563,-11.306337212101464,-1.339410595209203,213,1.0,0.00996,good
1789658387596564471,6.489445873540241,-11.323969726735827,-1.306767649868257,210,1.0,0.0089,good
1789658387696607184,6.496062903595882,-11.343094476136478,-1.2813280543347567,215,1.0,0.0085,good
1789658387796749780,6.500589372149676,-11.361269267244154,-1.2538868483328927,214,1.0,0.0119,good
1789658387896551633,6.5077040285787735,-11.378732629915984,-1.2295896925544831,213,1.0,0.01001,good
1789658388006536464,6.5175643454939856,-11.400722271032254,-1.2090177204403985,208,1.0,0.00874,good
1789658388106553905,6.524443507157301,-11.417601351507825,-1.1735812228317386,208,1.0,0.00954,good
1789658388206564920,6.533466888876795,-11.434295012291582,-1.149787193148111,205,0.9951,0.0119,good
1789658388316553682,6.540527481555936,-11.452704601366715,-1.1152579508724936,211,1.0,0.01058,good
1789658388416554161,6.5475335916259985,-11.467211367804696,-1.0841894502431713,205,0.9902,0.01119,good
1789658388516562973,6.556188252670662,-11.483117413501809,-1.06205528441539,206,1.0,0.01229,good
1789658388616574433,6.566132509389015,-11.502465456316564,-1.0323601921913526,199,1.0,0.01143,good
1789658388726562732,6.577500695035852,-11.517764386168697,-1.0054339296030623,209,0.9952,0.00944,good
1789658388826587469,6.587133886031174,-11.535598381007114,-0.9810465028952697,211,1.0,0.0091,good
1789658388926567319,6.5970335445342405,-11.553019160161313,-0.9535830293738965,211,1.0,0.00995,good
1789658389026549689,6.608778669958188,-11.566346554211108,-0.9267094276667873,210,1.0,0.01047,good
1789658389136735374,6.623948945144545,-11.583966143436507,-0.9089721615554336,215,1.0,0.00969,good
1789658389236555330,6.634765570210568,-11.600558665299616,-0.8803865753200414,205,1.0,0.00895,good
1789658389336562295,6.647684596384861,-11.617341525102365,-0.8518206789765811,212,1.0,0.0082,good
1789658389446528731,6.663188120368959,-11.632021932508023,-0.8298204638774689,206,1.0,0.00922,good
1789658389546555936,6.676549475644911,-11.645734969832159,-0.8029182569595978,207,1.0,0.00951,good
1789658389646552939,6.69042774317638,-11.66148184856089,-0.7658241519475298,206,1.0,0.01011,good
1789658389746547868,6.704058437917936,-11.674559360349267,-0.7350634712019499,203,1.0,0.00703,good
1789658389846572425,6.720420753976567,-11.687661582754174,-0.7093876013595104,208,1.0,0.01215,good
1789658389956563527,6.73698231542517,-11.697873335093739,-0.6765792086496056,208,0.9952,0.01074,good
1789658390056605549,6.753805635967096,-11.71273260583335,-0.6485876293278416,205,0.9951,0.01047,good
1789658390156556634,6.769102490861729,-11.725887703029928,-0.6193879299778458,204,0.9951,0.0112,good
1789658390256559549,6.7843637620789545,-11.737344816262132,-0.5883444016297148,204,1.0,0.01026,good
1789658390366579600,6.802546991375729,-11.751545683125821,-0.5613947974059033,205,1.0,0.01346,good
1789658390466564127,6.817336263917037,-11.762391735187322,-0.5317538426070494,208,1.0,0.00931,good
1789658390566569506,6.835919520959194,-11.771439407547922,-0.5102162051029577,208,1.0,0.01125,good
1789658390666577087,6.855517310127052,-11.781651312648073,-0.48251719568163076,205,0.9902,0.00949,good
1789658390766556985,6.87307904692271,-11.791515762499902,-0.45516434112516385,211,1.0,0.01155,good
1789658390876534445,6.889950052031655,-11.800303493197775,-0.4225500016311019,206,1.0,0.00956,good
1789658390976566360,6.908394268043695,-11.807245885585274,-0.39682160815871836,206,1.0,0.00879,good
1789658391076553187,6.922577946922744,-11.811074564233998,-0.36738302442296195,200,0.995,0.00921,good
1789658391176655325,6.944463955929504,-11.817696631415709,-0.34327272216474225,204,1.0,0.01148,good
1789658391286567202,6.966130470380047,-11.824247835486995,-0.31578295560807873,210,1.0,0.00988,good
1789658391386560512,6.984421158060136,-11.829650225560746,-0.28715666403893825,209,0.9952,0.01044,good
1789658391486549785,6.999503840980666,-11.836363982977279,-0.2742828970299754,209,1.0,0.0116,good
1789658391596557157,7.021370047036873,-11.843560233209763,-0.2704321256568678,206,0.9951,0.0114,good
1789658391696563763,7.03827407695976,-11.850930010679317,-0.26594344594675895,208,1.0,0.01129,good
1789658391796580776,7.055503910278413,-11.856192531025105,-0.27111794584186316,210,1.0,0.01006,good
1789658391896593678,7.073912062377449,-11.861347453053243,-0.26395621147949044,213,1.0,0.0114,good
1789658392003897382,7.098484828623974,-11.866056177039326,-0.2729238915897414,204,1.0,0.0115,good
1789658392106578366,7.11935285029679,-11.871050380282774,-0.276886928956378,206,0.9951,0.00923,good
1789658392206568237,7.1373642384972715,-11.879692923750989,-0.273084530305509,213,1.0,0.01393,good
1789658392316580504,7.1576298681735695,-11.884200560741883,-0.27891603460029324,205,1.0,0.00951,good
1789658392416561468,7.177284373092505,-11.891040252873006,-0.2647379155235277,206,0.9951,0.01157,good
1789658392516550432,7.194708487658435,-11.896191971343788,-0.23536510981943007,209,0.9952,0.01193,good
1789658392616550506,7.212113553721627,-11.900821095036736,-0.20994956683810106,211,0.9858,0.00879,good
1789658392726581754,7.23260007240943,-11.905582610902869,-0.17835836520303985,215,0.9953,0.01418,good
1789658392826512387,7.253154198870911,-11.90856410321449,-0.15234662638619878,210,0.9952,0.01168,good
1789658392926555182,7.269556265985413,-11.90938248270636,-0.1235625751431926,207,1.0,0.01289,good
1789658393026571590,7.283417640238312,-11.917100216906471,-0.09634890070043614,215,1.0,0.01363,good
1789658393136556123,7.303540389624754,-11.921990458676117,-0.09387764323998507,210,1.0,0.00991,good
1789658393236589164,7.32293686153873,-11.926614132519227,-0.09450727218232327,202,1.0,0.01288,good
1789658393336590707,7.343633467794509,-11.92905062540109,-0.0928067889485711,209,1.0,0.01252,good
1789658393446558777,7.362016184998161,-11.930660771220838,-0.09272720693239503,209,1.0,0.00801,good
1789658393546560283,7.382657112893852,-11.934401994778879,-0.0872080546556824,207,0.9952,0.01211,good
1789658393646555196,7.403437527462567,-11.938333392706777,-0.08850813572180473,208,1.0,0.0102,good
1789658393746551017,7.424322498510992,-11.94089921439417,-0.08594533160788334,212,1.0,0.00846,good
1789658393856583141,7.445336498394499,-11.942118465365809,-0.08238233667877307,206,1.0,0.00987,good
1789658393956552370,7.465742286073017,-11.945721126325571,-0.08460292431524442,210,1.0,0.00862,good
1789658394056553341,7.484583449575625,-11.948323794334803,-0.08416856667014486,208,1.0,0.00684,good
1789658394166559194,7.506756491849683,-11.95028961707218,-0.08732541266982821,215,1.0,0.00788,good
1789658394266548483,7.526669677200969,-11.951886829439609,-0.08272870342097008,209,1.0,0.01008,good
1789658394366846017,7.544877370954546,-11.952762578819806,-0.08703107724844307,212,1.0,0.01112,good
1789658394466562746,7.5651526228073775,-11.955525927261107,-0.07995906332335269,207,1.0,0.00929,good
1789658394566575200,7.584864987308781,-11.955653044419789,-0.07928027159438081,214,1.0,0.00781,good
1789658394676525852,7.604955012785938,-11.958149435238207,-0.07539757251896285,214,1.0,0.0063,good
1789658394776554102,7.625291103129416,-11.957783430153695,-0.08267922795906937,215,0.9953,0.00719,good
1789658394876537466,7.644672823277357,-11.961154972548947,-0.08310952472666269,213,0.9953,0.00963,good
1789658394976547921,7.664561876178934,-11.963155357601412,-0.082965378213711,213,1.0,0.00877,good
1789658395086511188,7.689061550640302,-11.964109566442822,-0.08518471176716626,214,1.0,0.01008,good
1789658395186550665,7.709892612802514,-11.967012589520063,-0.09104288418109555,213,1.0,0.00972,good
1789658395286554459,7.728671429006944,-11.966287068315946,-0.08795213160302787,214,0.9953,0.01024,good
1789658395386562623,7.748594046307746,-11.968833414897896,-0.09124527989968303,218,0.9908,0.0092,good
1789658395496556852,7.770686523056061,-11.969191829047102,-0.08817433682263712,214,1.0,0.00792,good
1789658395596647828,7.789268133620515,-11.971521428213606,-0.08499591978356882,218,1.0,0.00802,good
1789658395696592217,7.811088151995914,-11.973589161158419,-0.08863763370700652,206,1.0,0.01075,good
1789658395796619787,7.8320327958019025,-11.976593130222284,-0.08749916385882475,215,0.9953,0.01284,good
1789658395896562140,7.850921078241861,-11.97853651603481,-0.09207069038963335,212,1.0,0.0126,good
1789658396006556203,7.871716815216054,-11.977423878971802,-0.09732290122061318,213,0.9953,0.01137,good
1789658396106564483,7.891051832300157,-11.979648413949015,-0.09568708126976525,205,1.0,0.0129,good
1789658396206556079,7.90980212998288,-11.98308310035885,-0.09258309852167847,214,0.9953,0.00874,good
1789658396306556805,7.931197946475056,-11.98225755057775,-0.09433601565155605,212,1.0,0.01047,good
1789658396416550595,7.9530776275797574,-11.982664929457073,-0.08926659249004423,208,1.0,0.00989,good
1789658396516622188,7.970909933750067,-11.986248304192666,-0.07955764715192018,208,0.9904,0.00741,good
1789658396616560860,7.990722964796998,-11.984063491745626,-0.07822068351695523,211,0.9953,0.01078,good
1789658396726607649,8.012611362788133,-11.984358458879289,-0.07859939012551488,215,0.9814,0.01317,good
1789658396826708869,8.031941093403972,-11.985315710295454,-0.07974687091620526,213,1.0,0.01533,good
1789658396926860995,8.047604652426818,-11.985154017409906,-0.0776235779541479,213,0.9953,0.01494,good
1789658397026558810,8.06569792765625,-11.986267698518239,-0.07411741576075162,205,1.0,0.01451,good
1789658397136641269,8.087197363711095,-11.987590662085628,-0.07045422176283125,208,1.0,0.01125,good
1789658397236570910,8.107335324469709,-11.990550587923172,-0.07576876214474672,207,1.0,0.01172,good
1789658397336555678,8.128403229696424,-11.991195045505076,-0.079765310512123,211,0.9953,0.01221,good
1789658397446553938,8.149717324448895,-11.993928376571393,-0.07693769958341458,209,0.9904,0.00906,good
1789658397546555668,8.168226214672417,-11.993323942993332,-0.07882092891394278,204,1.0,0.01029,good
1789658397646565250,8.18651295765573,-11.992662111090283,-0.07684438438987787,213,1.0,0.00844,good
1789658397746578480,8.207916604996244,-11.992901241252282,-0.07534460757777174,207,1.0,0.00937,good
1789658397856560981,8.232961929759618,-11.998823553160426,-0.0692601587066879,208,1.0,0.0099,good
1789658397956573692,8.249226710249236,-11.997941390848979,-0.07129624397693249,209,1.0,0.00872,good
1789658398056567333,8.26898710430865,-11.998846016812381,-0.06866096197154217,210,1.0,0.01098,good
1789658398156557181,8.289287356684987,-12.001206407865649,-0.06734708009954041,209,1.0,0.00866,good
1789658398266634813,8.308843918469442,-12.00172034853903,-0.07350023028541777,214,1.0,0.00896,good
1789658398366561589,8.32768689898695,-12.002850590723744,-0.0715075019654601,214,1.0,0.01143,good
1789658398466514068,8.34516349041386,-12.00349559963664,-0.06726630824848837,214,0.9953,0.01076,good
1789658398566587041,8.365380246591752,-12.005744590844252,-0.06604709100799713,209,1.0,0.01029,good
1789658398676564066,8.38976654414585,-12.003522147788262,-0.07268782046958869,212,0.9906,0.01028,good
1789658398776552802,8.407885963139451,-12.007357153560562,-0.07029729965398282,208,0.9904,0.01154,good
1789658398876676884,8.429273736591028,-12.008868267789023,-0.0766508266512507,213,1.0,0.01109,good
1789658398986552137,8.452399730568516,-12.008745746233291,-0.08065489210345803,210,1.0,0.01126,good
1789658399086568209,8.469340295762773,-12.011641574534647,-0.08056380422300549,209,0.9952,0.00934,good
1789658399186557766,8.489877022520224,-12.013579508618937,-0.07927723777640619,208,1.0,0.00853,good
1789658399286630337,8.512079932869103,-12.017959565642892,-0.08095388640600934,208,1.0,0.01267,good
1789658399396588017,8.53197428147881,-12.015802692262946,-0.08618059771936107,209,0.9904,0.00981,good
1789658399496576721,8.551791710319417,-12.020372560748461,-0.08390303247227252,207,1.0,0.00898,good
1789658399596535427,8.573925251707255,-12.02439153399606,-0.08821296725150266,211,1.0,0.01136,good
1789658399696634441,8.59208200561593,-12.028576683213288,-0.08466922609552022,214,1.0,0.01105,good
1789658399806544013,8.612223389143159,-12.02848152963686,-0.08510521087283719,213,0.9953,0.01145,good
1789658399906555290,8.634161606066181,-12.02885978077121,-0.09041326300203181,213,1.0,0.01067,good
1789658400006658916,8.653332397028468,-12.032494069514986,-0.09475430173884038,218,0.9954,0.01073,good
1789658400116552567,8.67609919740486,-12.03621364781831,-0.09025116079787424,216,1.0,0.01122,good
1789658400216551610,8.695423236040103,-12.03668791706942,-0.08859275331543272,218,1.0,0.00766,good
1789658400316562319,8.715195120614142,-12.041427018916163,-0.08687043520756291,217,1.0,0.00843,good
1789658400416666190,8.7345608386703,-12.043411723596929,-0.08954428180427979,213,0.9953,0.01059,good
1789658400526560175,8.753825721625445,-12.042718271391623,-0.09193680519476667,217,1.0,0.01123,good
1789658400626565032,8.77276281676646,-12.043759314196294,-0.08894960066640348,215,1.0,0.01137,good
1789658400726537557,8.792241684579515,-12.045835095172515,-0.09464273272895099,220,1.0,0.00947,good
1789658400826564154,8.808748424795233,-12.046717450110421,-0.08689111634451521,211,1.0,0.01026,good
1789658400936585800,8.828057752448727,-12.047805390260036,-0.08346703476486564,211,0.9953,0.00692,good
1789658401036555957,8.846416423601518,-12.0511999147178,-0.07878400498077845,212,1.0,0.01129,good
1789658401136569337,8.864582271387608,-12.048946163788628,-0.08457109775949181,217,1.0,0.01332,good
1789658401236588606,8.884012303613074,-12.052421125720446,-0.08038720123558576,219,1.0,0.00985,good
1789658401346509447,8.903545686147224,-12.050591997618113,-0.08159026346055877,213,1.0,0.00728,good
1789658401446553900,8.920579283144352,-12.050539377713434,-0.08457148699321884,215,0.9953,0.0095,good
1789658401546589854,8.942898377850227,-12.0542037006136,-0.07802280856267998,210,1.0,0.00973,good
1789658401656575322,8.964519613617773,-12.05537586699749,-0.07683275454288488,217,1.0,0.01043,good
1789658401756590906,8.985112062810082,-12.056735765872183,-0.07858138826963336,207,1.0,0.01021,good
1789658401856728688,9.005896935234205,-12.057285774773272,-0.08188582933863778,216,1.0,0.01044,good
1789658401966563552,9.026546275923822,-12.060251728236231,-0.08194574436093773,214,1.0,0.0119,good
1789658402066572288,9.046606292655543,-12.062337311536458,-0.0889000387702075,215,1.0,0.01013,good
1789658402166570878,9.066370203933415,-12.065147273631743,-0.07978516565200457,214,0.986,0.01184,good
1789658402266559709,9.084752470711422,-12.066419920822273,-0.08853828876329153,215,1.0,0.01085,good
1789658402376546145,9.107878232667865,-12.071611816451753,-0.08629297255927361,208,1.0,0.01212,good
1789658402476542939,9.12526904244253,-12.07268725067807,-0.09457964692694555,215,1.0,0.00894,good
1789658402576547510,9.142774900798129,-12.077821985962792,-0.08762679989157743,215,1.0,0.01391,good
1789658402676564247,9.16206613390448,-12.080455933372352,-0.08631135567254435,213,1.0,0.01463,good
1789658402786565406,9.182939629527079,-12.083486019390348,-0.07783413593635771,213,1.0,0.01288,good
1789658402886565051,9.203419954294402,-12.088146249912613,-0.08002568421470382,208,1.0,0.01497,good
1789658402986568141,9.220507302770333,-12.08863660165742,-0.0842150143111893,210,0.9952,0.01144,good
1789658403086554198,9.239020730020956,-12.092905350928506,-0.08541768304432765,214,0.9953,0.01239,good
1789658403196602341,9.259196762073923,-12.095215913515846,-0.08628637844835498,220,0.9955,0.00855,good
1789658403296573308,9.278509614784987,-12.096747052492981,-0.08813424433260521,215,0.9953,0.00988,good
1789658403396657918,9.29622038280639,-12.09989192052843,-0.08776564422550706,218,1.0,0.00921,good
1789658403496605441,9.311710706432809,-12.102368802878477,-0.0800374186093429,209,1.0,0.0096,good
1789658403606562163,9.333613641460698,-12.103084554331547,-0.08364808309461338,216,1.0,0.01471,good
1789658403706569406,9.35434210373719,-12.108645009536511,-0.07708884012091691,213,1.0,0.01569,good
1789658403806544150,9.377480037401728,-12.111438604349322,-0.08603560818723933,219,1.0,0.0168,good
1789658403906551078,9.401619549337925,-12.115004872121437,-0.07805784615963708,209,1.0,0.01443,good
1789658404016563353,9.423595908532775,-12.117212796737785,-0.07446963434392485,209,1.0,0.0167,good
1789658404116607321,9.443363008092197,-12.118046467139147,-0.07535823351930152,212,1.0,0.01541,good
1789658404216552035,9.464616646545,-12.118825770390275,-0.07197834518325522,212,0.9906,0.01399,good
1789658404316566727,9.477043653652462,-12.118761567092243,-0.07679086091006251,210,0.9952,0.01707,good
1789658404426570359,9.500855302982774,-12.122531708450062,-0.0732752971017663,216,0.9954,0.01617,good
1789658404526627790,9.5202990324442,-12.124228553340977,-0.0725805607447623,206,0.9951,0.01662,good
1789658404626561301,9.539754024203086,-12.12803252342232,-0.07272731636398103,212,1.0,0.02036,good
1789658404736550063,9.55793707864181,-12.131656793887833,-0.08122800681430611,215,0.9953,0.02309,good
1789658404836581884,9.571321439189225,-12.134781085739926,-0.07614892913944818,213,0.9906,0.01873,good
1789658404936567189,9.58752809371435,-12.13629926655808,-0.07488259618772666,216,1.0,0.02098,good
1789658405036696488,9.614512804550301,-12.1375096857616,-0.06835880462195235,216,0.9954,0.01847,good
1789658405146557688,9.630933870253553,-12.141618562491315,-0.07246025094719169,203,1.0,0.02275,good
1789658405246553516,9.655563744702572,-12.141786879266576,-0.06951616349720548,204,0.9951,0.01906,good
1789658405346563454,9.676205930740707,-12.143115503609373,-0.07215399397159163,202,1.0,0.01839,good
1789658405456576110,9.699160246259424,-12.141344727128121,-0.07546583768984073,204,1.0,0.01801,good
1789658405556575789,9.721716101509717,-12.144285952871128,-0.0912805583070997,201,0.995,0.0136,good
1789658405656564747,9.742254902309028,-12.147876881371047,-0.12483495318218044,194,0.9897,0.01592,good
1789658405756554890,9.763595586393443,-12.149592551041872,-0.16306280715133536,204,1.0,0.01607,good
1789658405866627302,9.778640674256248,-12.148541172464698,-0.1949647413986109,197,0.9898,0.01433,good
1789658405966568540,9.793768230051592,-12.15054245936287,-0.23489764329113097,196,0.9898,0.01549,good
1789658406066577148,9.811146876553874,-12.155831514080795,-0.2696226296718199,201,0.99,0.01666,good
1789658406176558070,9.829797806256408,-12.161760516227591,-0.3038302969086806,198,0.9899,0.01718,good
1789658406276564661,9.841819293931463,-12.164288046661476,-0.33939906168882783,200,0.99,0.01588,good
1789658406376509793,9.858704416031713,-12.16902447432023,-0.38255440352610326,199,1.0,0.01666,good
1789658406476548679,9.869500441086975,-12.175342082419924,-0.4213241971069162,198,1.0,0.01522,good
1789658406586573859,9.888609638912603,-12.184777361272964,-0.4542016966960418,196,0.9898,0.01574,good
1789658406686581876,9.902766802698618,-12.190790528729513,-0.49697883330197556,196,1.0,0.01354,good
1789658406786563728,9.917588433319336,-12.198512481771159,-0.5311427675177216,199,1.0,0.017,good
1789658406896615406,9.932142287121305,-12.206571156622841,-0.5628287223076172,196,0.9847,0.01628,good
1789658406996544020,9.945261243205502,-12.214224927205654,-0.6024652162096615,197,0.9949,0.01896,good
1789658407096553282,9.958471962515011,-12.222408830559635,-0.6489553441154634,200,0.995,0.01856,good
1789658407196587470,9.971193049949479,-12.23048830079391,-0.7017135699745175,197,0.9949,0.02001,good
1789658407306574305,9.978358742683055,-12.242596866211471,-0.7171906123202654,197,0.9949,0.02011,good
1789658407406574698,9.986684812147542,-12.2578176422998,-0.7230189377666573,196,0.9796,0.02033,good
1789658407506551445,10.002784595763966,-12.27283982584908,-0.724902206145836,198,0.9899,0.0218,good
1789658407616548909,10.014127307711272,-12.288781842689664,-0.7177540243204857,202,0.995,0.01937,good
1789658407716564857,10.025868200654802,-12.304344335254118,-0.7250736744453834,200,0.985,0.01753,good
1789658407816550399,10.03715080150064,-12.314274651188509,-0.7191831502915405,197,0.9898,0.02029,good
1789658407916540107,10.05225289528434,-12.328136396673232,-0.7225745366241257,196,0.9643,0.01832,good
1789658408026650511,10.062425418340615,-12.34158290856424,-0.7184312019611563,195,0.9795,0.02063,good
1789658408126573080,10.078835416056602,-12.356629928000396,-0.7242477918445148,200,0.995,0.02213,good
1789658408226562571,10.08872424066265,-12.367439804735989,-0.7191601972620074,200,0.985,0.02229,good
1789658408327936702,10.106835812844917,-12.380101682432233,-0.7258440518983982,201,0.9851,0.02066,good
1789658408436562346,10.127117458924879,-12.393723897165602,-0.7264861688646562,201,0.99,0.02511,good
1789658408536556319,10.14553823807987,-12.405363554165335,-0.7363869254118235,198,0.9899,0.02721,good
1789658408636828149,10.162616311974736,-12.418207415874136,-0.756848875560981,201,0.9851,0.0242,good
1789658408736574911,10.179069909113494,-12.432981895979237,-0.7624864390117011,200,0.99,0.01956,good
1789658408846547233,10.193152088143842,-12.450866732466524,-0.7861704656443973,200,0.985,0.02042,good
1789658408946552354,10.204842972968784,-12.46699680729598,-0.8023066918237414,204,0.9951,0.02246,good
1789658409046544773,10.21735076063918,-12.479150540444122,-0.8201645536048343,203,0.9951,0.01663,good
1789658409146563101,10.229160751683938,-12.492119435005232,-0.8403508974418739,201,1.0,0.01919,good
1789658409256565521,10.238501495195145,-12.506111203671828,-0.8595988322660004,206,0.9951,0.0182,good
1789658409356569738,10.249187550094957,-12.524657650076533,-0.8818102607154972,206,0.9951,0.0165,good
1789658409456560679,10.260641817187796,-12.537038114380415,-0.9043071011090611,208,1.0,0.01909,good
1789658409556624931,10.271278494805586,-12.55015621353233,-0.9232164458706679,209,0.9904,0.01603,good
1789658409666567631,10.282298698093035,-12.565657861548987,-0.9468424444474918,205,1.0,0.01795,good
1789658409766555387,10.290487216575567,-12.581179425803901,-0.9633568107418979,207,0.9952,0.01416,good
1789658409866559642,10.302390182328114,-12.597152431045988,-0.9878527651344913,206,1.0,0.01713,good
1789658409976570894,10.31216582622099,-12.614105141736234,-1.008203112917583,201,1.0,0.01584,good
1789658410076527247,10.325288626029845,-12.631400980457618,-1.0220519733815545,208,0.9952,0.0171,good
1789658410176549840,10.338242923397997,-12.649867128162407,-1.038705632093077,203,1.0,0.01643,good
1789658410276547859,10.346318702395793,-12.664463208745529,-1.0636748618780036,210,0.9905,0.01656,good
1789658410386642539,10.352804310914467,-12.68144593551093,-1.0949541978697328,200,1.0,0.01491,good
1789658410486615226,10.362579913787927,-12.697726999857505,-1.1106707418306805,209,0.9904,0.01722,good
1789658410586561896,10.370437175607552,-12.711947960221682,-1.1359214736741994,209,0.9952,0.01404,good
1789658410686546731,10.377048825602438,-12.727641823163014,-1.1536398256964484,208,1.0,0.01541,good
1789658410796547267,10.386034727773687,-12.748835620132487,-1.169712501250433,207,1.0,0.0113,good
1789658410896571563,10.393571092512687,-12.76604161556961,-1.189554516801911,205,0.9951,0.01371,good
1789658410996551268,10.401838287495456,-12.783309197686357,-1.2115633255451137,205,0.9854,0.01491,good
1789658411096566069,10.41001137973815,-12.804605102921926,-1.2241487805743116,203,1.0,0.01123,good
1789658411206675939,10.41299981737035,-12.821928313190947,-1.2536323618169425,204,1.0,0.01623,good
1789658411306561228,10.420832083953732,-12.84165988905599,-1.2736308769643048,207,1.0,0.01702,good
1789658411406572363,10.427940682673462,-12.860566964101046,-1.2947908755100814,205,1.0,0.01755,good
1789658411506558258,10.431965051006319,-12.878759498420521,-1.3175650812709991,208,0.9904,0.01573,good
1789658411616555004,10.43660185479277,-12.900443607004403,-1.3450036477048253,207,1.0,0.01349,good
1789658411716574138,10.43799146497384,-12.917390070941854,-1.359308088957268,207,0.9903,0.01524,good
1789658411816603050,10.442561811231155,-12.934958173142743,-1.3645877564391482,204,1.0,0.01448,good
1789658411916574835,10.443071077329462,-12.954408235335425,-1.3670252910308653,205,0.9854,0.01022,good
1789658412026559693,10.446575409041934,-12.97583419158226,-1.3637533796640187,203,0.9852,0.01334,good
1789658412126572703,10.449138247484756,-12.993217332151668,-1.3672945596006916,205,0.9805,0.00961,good
1789658412226571473,10.452110079709417,-13.01170707116385,-1.369989359569874,208,1.0,0.01806,good
1789658412326600279,10.455448808161487,-13.032073739940685,-1.3601936713616765,206,0.9806,0.01393,good
1789658412436581494,10.45969514811181,-13.052217577086905,-1.3667441986180633,207,0.9952,0.01508,good
1789658412536567561,10.462335588106146,-13.07294972782941,-1.367882207180726,204,1.0,0.01268,good
1789658412636560257,10.465503752425017,-13.091417166382584,-1.3651536215324394,206,0.9854,0.00955,good
1789658412746558730,10.471195281558884,-13.111313112030118,-1.3603569379647749,207,0.9903,0.01305,good
1789658412846560259,10.47492034844042,-13.135054289221348,-1.3641220039104154,205,0.9951,0.01052,good
1789658412946550178,10.48286065574345,-13.152577047144085,-1.3714595931054687,204,0.9951,0.01186,good
1789658413046535543,10.485559219569756,-13.171189461614109,-1.3687720748546133,203,0.9901,0.01453,good
1789658413156560557,10.488200202223839,-13.189542738831149,-1.3672994446449656,204,0.9951,0.01274,good
1789658413256552573,10.48906533976865,-13.207209494664156,-1.3609807391290023,202,0.9901,0.01245,good
1789658413356558033,10.494751974829338,-13.226292068840939,-1.3617352748792195,207,1.0,0.01294,good
1789658413466562123,10.495799216023105,-13.24790650544102,-1.3669032144506226,203,1.0,0.01156,good
1789658413566555620,10.5000373393924,-13.267380420743285,-1.3663239616523797,204,0.9902,0.00724,good
1789658413666567098,10.507223539457254,-13.28748314111562,-1.3729043967029135,207,1.0,0.00911,good
1789658413766576428,10.512171358678717,-13.308908978462703,-1.3726562458995872,208,0.9904,0.01268,good
1789658413876563944,10.51473899942818,-13.330225392400212,-1.3682955649556432,206,1.0,0.00715,good
1789658413976555757,10.520022703566319,-13.35185150582409,-1.3664169263964248,205,0.9951,0.01009,good
1789658414076549239,10.526100460243228,-13.370808748925331,-1.3703248774368737,205,0.9951,0.01065,good
1789658414186562852,10.527264106426754,-13.393629106338116,-1.3670168412102346,203,1.0,0.00941,good
1789658414286550725,10.532002005062122,-13.412609543780565,-1.3601552866459221,206,0.9951,0.00756,good
1789658414386526302,10.538295008201583,-13.432249985855591,-1.361372186538062,204,1.0,0.01012,good
1789658414486564691,10.5425195430818,-13.451956013054652,-1.349664023857285,206,0.9951,0.00642,good
1789658414596616562,10.54658376792195,-13.474369072570402,-1.3535735844900583,207,1.0,0.00874,good
1789658414696563029,10.549900781710994,-13.49473273368549,-1.3562662767168654,203,1.0,0.00653,good
1789658414796574734,10.550498252356107,-13.514244735978604,-1.3559914197870155,206,1.0,0.00925,good
1789658414906555182,10.557166818976617,-13.535892116658998,-1.3515616766658598,207,0.9903,0.01131,good
1789658415006565425,10.561900505931762,-13.554684048457572,-1.3495986390431416,206,0.9951,0.00918,good
1789658415106585523,10.56148749242605,-13.57554265722219,-1.351083582155834,205,1.0,0.00774,good
1789658415206555532,10.56948326506483,-13.594445313600582,-1.3473824563149128,209,0.9952,0.00896,good
1789658415316584927,10.573100503374866,-13.6148998258758,-1.34154925528392,209,0.9952,0.01061,good
1789658415416596118,10.577976565588745,-13.63333515385582,-1.3351155392566076,207,0.9903,0.01208,good
1789658415516541517,10.580205798107777,-13.651808123764255,-1.3360801019079391,207,1.0,0.00866,good
1789658415626582504,10.585272708650777,-13.673120536226094,-1.3342686602445009,206,0.9951,0.00867,good
1789658415726574400,10.591132255054438,-13.691126954666952,-1.3398322134592828,207,0.9903,0.00828,good
1789658415826544483,10.595545004122842,-13.707191204337262,-1.3369161948691268,202,1.0,0.00716,good
1789658415926566341,10.599688413881548,-13.72588789601624,-1.3413476653222587,207,1.0,0.00748,good
1789658416026586903,10.604471607852208,-13.747069088130088,-1.351699507760592,206,0.9951,0.00761,good
1789658416136575065,10.609966697711238,-13.766841743324232,-1.355642750694065,206,1.0,0.01221,good
1789658416236562689,10.613219840442298,-13.789040852905405,-1.3526264513589636,207,1.0,0.01541,good
1789658416336566700,10.618113768396741,-13.808974084617514,-1.3584918455569996,203,0.9951,0.01078,good
1789658416446551881,10.619690715540186,-13.830057744486936,-1.3563920093451636,203,0.9951,0.00699,good
1789658416546561744,10.623768843017418,-13.849329429607678,-1.3492707186505435,207,0.9952,0.00789,good
1789658416646553664,10.630222518731028,-13.865787257323094,-1.3477273650997337,206,0.9903,0.01264,good
1789658416746555972,10.631894403997974,-13.883752241257142,-1.3491021191366663,203,0.9951,0.01248,good
1789658416856557892,10.634885890545421,-13.90576807915171,-1.3542609346417802,205,0.9951,0.01265,good
1789658416956544886,10.638534456808536,-13.926467204156808,-1.3553038185918151,206,1.0,0.01444,good
1789658417056557678,10.641805898849125,-13.946067274554625,-1.355234705473298,204,0.9951,0.01192,good
1789658417156640802,10.644837105020937,-13.966440644061825,-1.3533271911122011,204,1.0,0.01355,good
1789658417266565490,10.65151879323356,-13.98618224616463,-1.3589844328062874,207,0.9952,0.0167,good
1789658417366587099,10.656025692485434,-14.006386787229724,-1.3618944083189979,203,0.9852,0.0107,good
1789658417466588319,10.660208192722347,-14.027386337928508,-1.3606039948164066,204,1.0,0.01349,good
1789658417576563839,10.664650434138416,-14.049738584767168,-1.3626385108024819,205,0.9902,0.01292,good
1789658417676546597,10.66836385192236,-14.069465127107788,-1.3688891751848982,201,1.0,0.01221,good
1789658417776570557,10.670310922307191,-14.09010271834647,-1.3654053800027237,203,0.9951,0.00947,good
1789658417876558241,10.675355833254438,-14.107325053609468,-1.3701776061899793,202,0.9851,0.00943,good
1789658417986582591,10.678238690233385,-14.13152037143673,-1.3608248849511233,201,1.0,0.0133,good
1789658418086549317,10.682427452017373,-14.151449410215102,-1.3618507831427433,205,0.9951,0.01259,good
1789658418186592022,10.687337710058562,-14.172338805550606,-1.3550030210478703,200,0.99,0.01478,good
1789658418286587822,10.692457151013993,-14.194910853309095,-1.3520671045338004,203,0.9951,0.016,good
1789658418396553736,10.696625386517686,-14.217411619087457,-1.3508694461032802,202,0.9851,0.00964,good
1789658418496554480,10.698987351815116,-14.236855562006491,-1.3460467091188841,199,0.995,0.01493,good
1789658418596585352,10.703715684362665,-14.258043629426771,-1.3606662935735987,204,0.9951,0.01062,good
1789658418706565154,10.707226544705842,-14.280520396535142,-1.3822884126370847,203,0.9901,0.01223,good
1789658418806583934,10.708264941325645,-14.301692736281483,-1.394214055358715,205,1.0,0.01351,good
1789658418907026639,10.711394844695343,-14.32277465886367,-1.4113763383758269,202,0.995,0.01429,good
1789658419006557034,10.71645152072544,-14.343022458827523,-1.426682587571775,204,0.9804,0.01556,good
1789658419116556508,10.720017799554249,-14.367456319487665,-1.4494796918007868,205,0.9902,0.01562,good
1789658419216549905,10.721986382402763,-14.389333447826589,-1.477376279570411,198,1.0,0.01286,good
1789658419316558542,10.726463065908023,-14.407394064417657,-1.4978423450056273,203,1.0,0.01326,good
1789658419416621547,10.725664289400115,-14.427333354086764,-1.5112601086698894,201,0.995,0.0142,good
1789658419526562042,10.727200735933133,-14.451207648672545,-1.5344609157724218,199,0.995,0.0094,good
1789658419626584252,10.730665866336384,-14.469066195170376,-1.5361320406568437,200,0.99,0.01218,good
1789658419726515115,10.726476916061385,-14.490497834217084,-1.508087913585234,198,0.9697,0.01449,good
1789658419826663727,10.72507049020516,-14.51298889605872,-1.497172680614992,198,0.9848,0.01508,good
1789658419936614185,10.725278179795206,-14.535387637177884,-1.4886108952775354,201,0.9751,0.01577,good
1789658420036549271,10.726071303839854,-14.558659200484795,-1.4892116524134267,197,0.9898,0.01725,good
1789658420136642909,10.724189226849013,-14.579976084272282,-1.4868479319769226,198,0.9899,0.0176,good
1789658420236560037,10.725939906617306,-14.599822762652723,-1.4887718019411402,195,0.9897,0.01578,good
1789658420346582440,10.726149372149665,-14.623823359892075,-1.4856809234152657,192,0.9948,0.01449,good
1789658420446608452,10.72504543080248,-14.642404341828078,-1.4805451691085116,197,0.9797,0.01507,good
1789658420546587040,10.725035547487183,-14.660081416922772,-1.4802844470595853,195,0.9897,0.01674,good
1789658420656561927,10.726559735943047,-14.684870347564637,-1.4691313828683976,194,0.9897,0.01466,good
1789658420756568495,10.72639717199744,-14.707039724556633,-1.4573344571917641,197,0.9797,0.01455,good
1789658420856603784,10.71572164750686,-14.72653557218341,-1.430823043311863,197,0.9848,0.01315,good
1789658420966552839,10.70976632562244,-14.74864396090706,-1.4089001426753323,198,0.9798,0.01462,good
1789658421066573779,10.703850312936604,-14.770733402420149,-1.3974416086087207,199,1.0,0.01871,good
1789658421166628165,10.705128681813667,-14.795194297998362,-1.3972801995749509,203,0.9852,0.01803,good
1789658421266542094,10.704144831582026,-14.817286573893226,-1.3825855046085647,200,0.98,0.01451,good
1789658421376581539,10.700480712558617,-14.838675620261219,-1.366272500303211,204,0.9902,0.01634,good
1789658421476562242,10.695666038568453,-14.860129559208962,-1.351156290659156,203,1.0,0.01859,good
1789658421576550094,10.694363935017325,-14.88168606440757,-1.338046749947804,201,0.995,0.01531,good
1789658421676548963,10.693796011055161,-14.901514332673965,-1.3258987215496074,201,1.0,0.01458,good
1789658421786559576,10.685116800779785,-14.92823189526978,-1.3059587397475367,201,0.9851,0.01413,good
1789658421886556853,10.681729761040902,-14.949186421167239,-1.3003383077718882,204,0.9951,0.01489,good
1789658421986562537,10.679659164534938,-14.969627781143803,-1.291965231017633,203,1.0,0.01638,good
1789658422086564114,10.683855885585702,-14.992393182121331,-1.2884592101191787,202,0.9901,0.01155,good
1789658422196570233,10.681527041952434,-15.014003600224358,-1.279201523428121,199,1.0,0.01484,good
1789658422296576718,10.677302882959932,-15.038968312262218,-1.261556366499143,205,0.9854,0.01465,good
1789658422396586073,10.67037783085271,-15.065328083645069,-1.2414777733808207,206,0.9903,0.01534,good
1789658422496560004,10.669695714083415,-15.087788408721558,-1.232821815820116,204,0.9951,0.01662,good
1789658422606568085,10.67541333299255,-15.112792131497443,-1.236198266245949,204,0.9853,0.0117,good
1789658422706571977,10.6771640956528,-15.131759154491839,-1.2241578318266655,206,0.9903,0.01718,good
1789658422806566815,10.681602402307025,-15.15111004936447,-1.2287859244061166,206,1.0,0.01997,good
1789658422916553268,10.681546667688652,-15.176877873467761,-1.2257120729375883,201,1.0,0.01643,good
1789658423016554513,10.685346487404752,-15.196686244218547,-1.2249854385581262,201,0.995,0.01443,good
1789658423116570057,10.692999125791303,-15.216420718448962,-1.2300563069369688,205,1.0,0.01546,good
1789658423216561437,10.696132231458185,-15.237424241684291,-1.2330120996568807,203,0.9901,0.01668,good
1789658423326573357,10.70010134395642,-15.25539181980495,-1.2274616839201606,200,1.0,0.01475,good
1789658423426575754,10.700870318408908,-15.27688646941148,-1.2143113704160993,201,0.995,0.01508,good
1789658423526573262,10.710078736272902,-15.29594614980174,-1.2114128405967357,204,0.9853,0.01467,good
1789658423636547962,10.714515387656496,-15.314986598365072,-1.2105627158087862,204,0.9853,0.01317,good
1789658423736569506,10.71837631572101,-15.333783468976618,-1.1995713534965635,203,0.9852,0.01553,good
1789658423836628993,10.724027923106126,-15.351451722508305,-1.1924411120251348,204,0.9804,0.01687,good
1789658423936564283,10.728270423819163,-15.371161137331622,-1.1879183102372413,199,1.0,0.01608,good
1789658424046738290,10.737721339221912,-15.3926736815269,-1.1759864848789514,206,0.9806,0.0167,good
1789658424146560700,10.737683022128348,-15.413980720887466,-1.1611782593006839,206,0.9854,0.01391,good
1789658424246560435,10.741705166760012,-15.433356263448736,-1.157317285410458,207,1.0,0.01729,good
1789658424356555361,10.746645961705559,-15.453688726936765,-1.1535397161286147,204,0.9853,0.01504,good
1789658424456510154,10.752699980995985,-15.472544228007873,-1.1497258585331533,204,0.9951,0.018,good
1789658424556584164,10.757499006191356,-15.49282076204558,-1.1411400050738136,205,0.9902,0.01701,good
1789658424656564975,10.769086082276086,-15.510996251073587,-1.1405283211905648,204,0.9951,0.01678,good
1789658424766574029,10.774465480241613,-15.528749480369129,-1.134155383089379,206,0.9854,0.01633,good
1789658424866533730,10.774276307040159,-15.547288750410166,-1.118905860336738,205,0.9951,0.02133,good
1789658424966585500,10.779105828561063,-15.568381053364499,-1.1170055899790967,207,0.9662,0.01557,good
1789658425066560332,10.779623529879045,-15.586852017951555,-1.111328161443396,204,0.9706,0.01537,good
1789658425176558466,10.78432318269032,-15.608062810439137,-1.0973305226068943,204,0.9853,0.01609,good
1789658425276549948,10.792781450697255,-15.625036032331144,-1.089851666479419,204,0.9902,0.01428,good
1789658425376557150,10.79879966590102,-15.639551686305085,-1.0755173262583304,206,0.9903,0.01821,good
1789658425476572297,10.805836409289109,-15.658343195529906,-1.0592390891126569,206,0.9951,0.01874,good
1789658425586550488,10.810314377326922,-15.680079796372306,-1.0383088787418926,207,0.9855,0.0128,good
1789658425686563561,10.815283553915082,-15.70204873134652,-1.0240691863890359,208,0.9856,0.01515,good
1789658425786560172,10.823204452431511,-15.724978518467989,-1.0191192516520184,206,1.0,0.01533,good
1789658425886564282,10.828217161182533,-15.745284453853222,-1.010962730176946,206,0.9903,0.01612,good
1789658425996576935,10.834197687972425,-15.764079911394317,-0.9958510412804451,207,0.9855,0.01547,good
1789658426096593753,10.837182586277903,-15.783790023565672,-0.9797814517287178,208,0.9904,0.01484,good
1789658426196509335,10.838586994686395,-15.800844357600532,-0.9574861086191081,208,0.9904,0.01347,good
1789658426296568799,10.841187092803018,-15.822584085599237,-0.9344968833921634,206,0.9951,0.01489,good
1789658426406578697,10.845549441414246,-15.84794515394172,-0.9074882621441784,208,0.9952,0.00928,good
1789658426506552369,10.851950025263326,-15.8644648951455,-0.8974168213254166,207,1.0,0.00894,good
1789658426606560040,10.860540062598536,-15.878827049631873,-0.8881958726953834,209,0.9952,0.01031,good
1789658426706553377,10.872660531964335,-15.892212466229081,-0.8805535259925323,208,1.0,0.0132,good
1789658426816506297,10.885203785471287,-15.909075403177928,-0.8680870837283756,210,1.0,0.01387,good
1789658426916556595,10.896457952213488,-15.925083188539682,-0.8714326151919959,211,0.9953,0.01122,good
1789658427016792163,10.909235640664336,-15.940674466528852,-0.8718242023040264,208,0.9904,0.00979,good
1789658427116547924,10.921216653819917,-15.955678252286345,-0.8737955267104216,209,0.9904,0.00836,good
1789658427216555988,10.93269593692691,-15.967697838855855,-0.8667302584697751,207,0.9952,0.01096,good
1789658427326588002,10.947571798662947,-15.985725453284651,-0.8743294058483342,206,0.9903,0.0099,good
1789658427426555030,10.958969192661609,-15.999861432269352,-0.8722342283991432,209,1.0,0.01385,good
1789658427526567131,10.97130795083368,-16.01323723973879,-0.8670398188419519,207,1.0,0.01351,good
1789658427626563825,10.981932716848148,-16.028589243207342,-0.8714909888857651,204,0.9902,0.01236,good
1789658427736555396,10.993673840007562,-16.045006217558214,-0.8718441555951453,211,0.9953,0.01345,good
1789658427836611180,11.003920343606799,-16.058155519775543,-0.8677816886907154,209,0.9904,0.01191,good
1789658427936574339,11.01796174448501,-16.073761086902906,-0.8673330860624262,207,0.9952,0.01098,good
1789658428046571282,11.029621250856838,-16.087586602760535,-0.8692498648180218,209,1.0,0.01235,good
1789658428146568888,11.040423422613424,-16.102120955833666,-0.8664198980297801,206,0.9951,0.00963,good
1789658428246556421,11.053171303000125,-16.115051055264317,-0.8656664941843621,207,0.9903,0.01106,good
1789658428346547027,11.064265007678529,-16.128120413120875,-0.8659193334570869,206,0.9854,0.0099,good
1789658428456561380,11.076714226689687,-16.14392804467312,-0.8649440464600489,205,0.9854,0.01176,good
1789658428556564782,11.08683742999572,-16.155255247921463,-0.8667811663558622,205,0.9854,0.01268,good
1789658428656564388,11.096753994077671,-16.16865783622473,-0.8725662712978386,209,0.9856,0.015,good
1789658428766561668,11.106106580705825,-16.183403208089988,-0.8694749379473381,206,0.9951,0.01499,good
1789658428866556811,11.118304369295641,-16.19782317586607,-0.8666295282717295,203,1.0,0.01145,good
1789658428966510938,11.129724345300945,-16.210625813999656,-0.8623466921505342,209,0.9952,0.01498,good
1789658429066568767,11.140836802644927,-16.223428541726385,-0.8617747338286812,205,0.9902,0.01469,good
1789658429176547608,11.15253517212686,-16.239709499394856,-0.8554277743868907,209,0.9856,0.01439,good
1789658429276554996,11.16274348501876,-16.25300758068465,-0.8595207836651524,206,0.9903,0.01374,good
1789658429376575383,11.177091813198828,-16.266624977261,-0.8568050878101074,207,0.9807,0.01219,good
1789658429486647739,11.18827998611629,-16.28073205645722,-0.8588529356605801,206,0.9854,0.01389,good
1789658429586581260,11.199683244210975,-16.292901439552104,-0.8586959472655382,207,0.9952,0.01447,good
1789658429686568779,11.21096380932936,-16.30632279682402,-0.863130065441949,209,0.9856,0.01706,good
1789658429786585611,11.222642351507538,-16.319196640970343,-0.8619433982983671,205,0.9951,0.01149,good
1789658429896569748,11.234446573103313,-16.33418489103449,-0.858668491189712,208,0.9856,0.01115,good
1789658429996514731,11.244050889017288,-16.34883206828506,-0.8561642555580848,204,0.9902,0.01103,good
1789658430096554419,11.254040465367728,-16.360461387490005,-0.850211568742764,208,0.9904,0.01388,good
1789658430197201893,11.265008598989834,-16.3729556910182,-0.8568858114039142,203,0.9951,0.01392,good
1789658430306561120,11.276902370887527,-16.3875267088371,-0.8568639938153864,205,0.9951,0.01254,good
1789658430406555661,11.288791549908746,-16.400548741296657,-0.8540691925112756,204,0.9951,0.01208,good
1789658430506589608,11.300665078614573,-16.415288437347055,-0.8566782260515765,207,0.9903,0.01348,good
1789658430616574473,11.311664797483129,-16.430823543406074,-0.847439079915173,207,1.0,0.01302,good
1789658430716764783,11.326221155232206,-16.443603311648474,-0.8502496173362399,206,1.0,0.01665,good
1789658430816523650,11.336811158743606,-16.458397569254217,-0.8540971301162552,204,0.9902,0.01395,good
1789658430916556245,11.34777247404747,-16.471713333126704,-0.8466194061517813,205,0.9902,0.01321,good
1789658431026569795,11.363363923298499,-16.48719690117747,-0.850171539496768,205,0.9902,0.01257,good
1789658431126548231,11.375963253863679,-16.500628265687066,-0.8497560364428411,202,0.995,0.01334,good
1789658431226575497,11.386325497415264,-16.51505716709171,-0.8487078526393914,200,1.0,0.01413,good
1789658431326563173,11.397372138353298,-16.528016016921995,-0.8543796403442026,205,1.0,0.01378,good
1789658431436557135,11.41104188330861,-16.543437949128723,-0.8554457703281069,204,0.9853,0.00938,good
1789658431536572254,11.420508703043147,-16.555566082408827,-0.850878303960058,208,0.9952,0.01421,good
1789658431636678351,11.432487149105723,-16.56910578255234,-0.8528565371646748,205,0.9951,0.0128,good
1789658431746566373,11.443404564458502,-16.582823697401526,-0.8547425218633323,209,0.9904,0.01431,good
1789658431846572567,11.454901858621264,-16.59582088094931,-0.8538745152201195,204,0.9804,0.00989,good
1789658431946576557,11.466120409747392,-16.60930645161856,-0.8520073015984304,204,0.9902,0.01557,good
1789658432056576169,11.478806188057533,-16.625160062372675,-0.8511088052389735,206,0.9903,0.01185,good
1789658432156583700,11.492239473361224,-16.63684510318269,-0.8480265697697942,205,1.0,0.01618,good
1789658432256604916,11.50599893595711,-16.650058713630116,-0.8460567649781077,207,0.9855,0.01412,good
1789658432356514712,11.516189029083522,-16.66484499870742,-0.8500481042721602,202,0.995,0.01176,good
1789658432466582934,11.527935158153959,-16.67826536964891,-0.8417664484053466,204,0.9902,0.0168,good
1789658432559946490,11.538655673609837,-16.692148059752846,-0.8433453239163236,202,0.995,0.01228,good
1789658432666559203,11.550968076325454,-16.70794630642667,-0.8447823149303216,203,1.0,0.0165,good
1789658432776559540,11.565732098608315,-16.724528089879144,-0.841238136200569,206,0.9951,0.0137,good
1789658432876552257,11.574407027478998,-16.73867209325675,-0.8344583165865214,203,0.9951,0.01635,good
1789658432976553382,11.584995726818576,-16.75096299445336,-0.8461124273728367,205,0.9951,0.01538,good
1789658433076564027,11.597326174671752,-16.763868747126935,-0.8431228419642347,202,0.995,0.01559,good
1789658433186588739,11.610096529542421,-16.77746000283657,-0.8402745195843029,203,0.9951,0.01525,good
1789658433286573387,11.622139251557908,-16.788983642188303,-0.8315734790334999,204,0.9951,0.01438,good
1789658433386558461,11.632439948582544,-16.803794548139777,-0.8257271887496621,200,0.995,0.01246,good
1789658433496563988,11.64402247764481,-16.817299769070715,-0.822075518381719,203,0.9901,0.01533,good
1789658433596566117,11.658134497301583,-16.83168313871467,-0.8219097288370778,204,0.9951,0.01382,good
1789658433696566709,11.668486689590779,-16.846025786130337,-0.8195169419196155,203,0.9951,0.01203,good
1789658433796558653,11.681233774962978,-16.858684024309525,-0.8165160388954906,200,0.995,0.01523,good
1789658433906558995,11.697201658722742,-16.873806316695756,-0.8056085070675556,202,1.0,0.01567,good
1789658434006514145,11.708242919757634,-16.886822210128162,-0.7952225475647884,204,0.9902,0.01548,good
1789658434106560369,11.719574670822007,-16.90263071630954,-0.791247190836293,202,0.995,0.01284,good
1789658434216550901,11.736464943547638,-16.917366597160413,-0.7880522414391219,203,1.0,0.01526,good
1789658434316560701,11.747837317368187,-16.9281244619329,-0.7970607785558264,202,0.995,0.01613,good
1789658434416557075,11.762438926060417,-16.944780766088925,-0.7985014058889005,202,1.0,0.01681,good
1789658434516566023,11.77605754703672,-16.958468924432363,-0.7932483619484761,197,1.0,0.0144,good
1789658434626531502,11.788633732701854,-16.971984638801942,-0.788927056594334,201,0.9851,0.01553,good
1789658434726564560,11.803139922215626,-16.98644557738634,-0.7980169831037041,198,0.9949,0.01472,good
1789658434826556323,11.818496742761962,-16.99839996238573,-0.7978273827348838,201,0.995,0.0158,good
1789658434926569549,11.831810685698555,-17.012426555090617,-0.79205982020659,199,0.9899,0.01492,good
1789658435026570609,11.843304011732998,-17.021368115838932,-0.7919081155798422,200,0.99,0.01286,good
1789658435126565544,11.85657181145279,-17.03599473522487,-0.7855540002867153,199,0.995,0.01361,good
1789658435236562174,11.870867649986508,-17.05076975233571,-0.7742600422419914,202,0.9901,0.01373,good
1789658435336555831,11.883777889922646,-17.063984000153816,-0.769239046709558,204,0.9608,0.01472,good
1789658435436557006,11.899610649536832,-17.078814985237035,-0.771305748400596,203,0.9852,0.01776,good
1789658435536548885,11.916591328947172,-17.09387671162863,-0.7696892691116679,198,0.9798,0.01769,good
1789658435636756717,11.929041370972186,-17.10562666808265,-0.7695900912930151,199,0.9648,0.01349,good
1789658435746553449,11.94437216172811,-17.12024927011991,-0.7711790487116972,195,0.9897,0.01428,good
1789658435846554642,11.956798506211374,-17.130118279276967,-0.755495728542724,198,0.9747,0.01766,good
1789658435946558095,11.969750512582188,-17.14095101162248,-0.7360097055831611,200,0.995,0.02022,good
1789658436056556116,11.983318840990338,-17.15569450996738,-0.7187475798019956,202,0.995,0.02215,good
1789658436156530186,11.99180459917547,-17.17116233012825,-0.7028873411631757,199,0.9849,0.0147,good
1789658436256575215,12.00285734098922,-17.18562075175478,-0.6880769393726436,198,0.9848,0.0143,good
1789658436356571173,12.015048088461695,-17.203742904277497,-0.6909613937711365,193,0.9948,0.01592,good
1789658436466580030,12.032057081654875,-17.218485617821123,-0.6824974814511945,195,0.9897,0.01399,good
1789658436566723610,12.047142457807146,-17.233675674814627,-0.6846145514789541,192,0.9896,0.01509,good
1789658436666590963,12.064736776006297,-17.244483247526574,-0.6823713557475719,186,0.9946,0.01393,good
1789658436776564228,12.081198762964998,-17.25922333634153,-0.6789688851544151,193,0.9896,0.01119,good
1789658436876552093,12.096571197489475,-17.271725019789944,-0.6748065275663102,191,0.9738,0.0118,good
1789658436976529422,12.115595008803664,-17.283963037164952,-0.674380890925524,192,0.9792,0.01292,good
1789658437076549567,12.13048265589406,-17.29848351683818,-0.675868081164172,198,1.0,0.01624,good
1789658437186536911,12.147321297947151,-17.3133840091364,-0.6772950434611709,190,0.9842,0.01431,good
1789658437286570205,12.164149040697536,-17.32744752100987,-0.6727440232392106,194,0.9897,0.01472,good
1789658437386565037,12.178235289507027,-17.3405253237553,-0.670844157606566,192,1.0,0.01801,good
1789658437487264060,12.195922040384295,-17.351895278944948,-0.6679404190774376,198,0.9949,0.01536,good
1789658437596588749,12.212386038839503,-17.367784844164966,-0.6668261326561258,194,0.9948,0.01455,good
1789658437696575434,12.228399352491964,-17.377258848494435,-0.6647829752978771,195,0.9949,0.01354,good
1789658437796562952,12.245618747097604,-17.390320224882668,-0.6612501120192128,192,0.9948,0.01263,good
1789658437906548648,12.264155294837572,-17.402931995365496,-0.6628023715131868,195,0.9846,0.01263,good
1789658438006563794,12.278019449835615,-17.4171261530772,-0.6633137755719613,196,1.0,0.01727,good
1789658438106552761,12.293686389071,-17.42965691980432,-0.6602234550190247,194,0.9897,0.01161,good
1789658438216599144,12.3094068629298,-17.44116128458073,-0.6607084673944751,196,0.9898,0.01231,good
1789658438316567279,12.326774136949936,-17.453722130673842,-0.6614538950044582,201,0.9851,0.01545,good
1789658438416550320,12.34212245710763,-17.466188536504845,-0.6586441874675517,196,1.0,0.0144,good
1789658438516564786,12.35605001562209,-17.474016390858672,-0.6571046353519991,192,1.0,0.01311,good
1789658438626555949,12.373003083422185,-17.489413205329278,-0.6550960520740203,198,0.9949,0.01374,good
1789658438726560730,12.391938722904609,-17.501149333099562,-0.6558849164338698,194,0.9897,0.01429,good
1789658438826608861,12.408491970102649,-17.51185255919731,-0.6605801934687066,195,0.9949,0.01167,good
1789658438927191301,12.42335301927815,-17.526461233577653,-0.6616258592922899,199,0.9899,0.01456,good
1789658439036563031,12.437963443207238,-17.538914108433328,-0.6618029765677601,200,0.985,0.0127,good
1789658439136572965,12.452843686103103,-17.551782365739708,-0.662992757939451,204,0.9853,0.01404,good
1789658439236569232,12.468053302103108,-17.564821865613894,-0.6648563809325723,205,1.0,0.01294,good
1789658439346582288,12.48424575845009,-17.57648186349239,-0.6655174412984268,202,0.9802,0.01122,good
1789658439446612110,12.501581987728725,-17.58548386766072,-0.6609297482170062,201,0.99,0.01133,good
1789658439546556564,12.516599738503945,-17.59942920050825,-0.6634125185442923,199,0.995,0.01669,good
1789658439656580528,12.533009083232336,-17.61362910482958,-0.6678059207376565,202,0.995,0.01466,good
1789658439756534075,12.546898464110782,-17.62369864671483,-0.6651064428784735,206,0.9903,0.01255,good
1789658439856560915,12.562865746676483,-17.637411629776565,-0.6691323683800647,202,0.995,0.01483,good
1789658439956581514,12.580293127046764,-17.646909781514296,-0.6630183873942548,208,0.9952,0.01465,good
1789658440066624868,12.596240653435332,-17.65929573426804,-0.6590401919760158,202,0.9851,0.01426,good
1789658440166577346,12.61252923281356,-17.67068867512325,-0.6573703412952149,206,0.9854,0.01597,good
1789658440266578062,12.628949262601,-17.685195608445312,-0.653030912517408,209,0.9904,0.01599,good
1789658440366563260,12.645499972236223,-17.69718987570412,-0.6494988656292249,207,0.9903,0.01695,good
1789658440476610134,12.660553388703324,-17.7103841875421,-0.6446044833670197,209,1.0,0.01681,good
1789658440576566982,12.677981499313729,-17.722285001730725,-0.6497017934487073,207,0.9903,0.01729,good
1789658440676529274,12.694111627361298,-17.73420837950787,-0.6469692661848045,203,0.9951,0.01526,good
1789658440776559415,12.709119784536167,-17.74646461176021,-0.6453110255780239,209,0.9952,0.01833,good
1789658440876571315,12.722248120936602,-17.756841706312954,-0.6449842807363872,206,0.9951,0.01605,good
1789658440986561248,12.74200159375562,-17.774260003425518,-0.6402476172459013,210,0.9905,0.01814,good
1789658441086560393,12.758886971309648,-17.789500080549008,-0.6350653271188611,209,1.0,0.01706,good
1789658441186685182,12.774228499667023,-17.797854582570526,-0.6373471960572392,205,0.9902,0.01685,good
1789658441286564834,12.789235531357567,-17.81013187560523,-0.6363205133168981,208,0.9952,0.01887,good
1789658441396703672,12.804661420994103,-17.823467991397983,-0.6300340248074393,205,0.9902,0.01529,good
1789658441496572195,12.818840944044881,-17.83645308831613,-0.6306977996396406,208,0.9952,0.0184,good
1789658441596552879,12.833706755617275,-17.84581705699757,-0.6300978123566278,208,0.9952,0.01887,good
1789658441696557952,12.850026873070037,-17.858196694209738,-0.6359861491702391,210,0.9857,0.01763,good
1789658441796565283,12.86239299295698,-17.868799953173433,-0.6305464198687905,208,0.9952,0.0172,good
1789658441906553850,12.878592943482863,-17.883123441601594,-0.6250780874298185,203,0.9901,0.01698,good
1789658442006547460,12.893961624639843,-17.893812228324,-0.6314324446814619,203,0.9852,0.01854,good
1789658442106560869,12.908055281935724,-17.9080955790443,-0.6214887417330008,206,0.9903,0.01788,good
1789658442216564237,12.925790904037845,-17.920220163443627,-0.6212825203257089,209,0.9904,0.0197,good
1789658442316559092,12.940237084836426,-17.935475173218983,-0.6061788871981915,204,0.9804,0.01591,good
1789658442416571686,12.954485822593394,-17.9569230087257,-0.598057559946721,207,0.9807,0.01643,good
1789658442516586781,12.973557071900064,-17.973392295123837,-0.5863847446184319,200,0.985,0.01434,good
1789658442626582593,12.993723346617783,-17.987016899769856,-0.5769431006045347,206,0.9854,0.01647,good
1789658442726588596,13.012137802474562,-18.007350668412354,-0.5723675600449768,205,0.9951,0.01253,good
1789658442826556711,13.033055167079397,-18.02339595703966,-0.5696542126582432,203,0.9951,0.01554,good
1789658442926559769,13.05216521941632,-18.041213633101513,-0.5619391351036226,204,0.9902,0.01576,good
1789658443036562786,13.073161128906692,-18.06218422157482,-0.5573753523044431,204,0.9902,0.01751,good
1789658443136551571,13.086815442708705,-18.077979394739046,-0.5485602824392031,206,0.9903,0.0148,good
1789658443236543764,13.10340429628134,-18.090091506516256,-0.541586384253619,201,1.0,0.01126,good
1789658443346551544,13.125119974201443,-18.103929977216257,-0.5387977055070955,204,0.9902,0.01497,good
1789658443446554958,13.141531151075064,-18.116340929230745,-0.5289767160520358,202,0.995,0.01258,good
1789658443546566835,13.160791193066448,-18.128718237412695,-0.5284669418789074,214,0.9953,0.01763,good
1789658443656563522,13.182956335438572,-18.1416029776926,-0.5255939398116987,205,1.0,0.01231,good
1789658443756815963,13.200368999656758,-18.150051154992198,-0.5209417681977534,204,0.9902,0.01255,good
1789658443856663088,13.218266000306283,-18.160588807977145,-0.5239297805297947,207,0.9952,0.01361,good
1789658443956567636,13.234002112843687,-18.17292332316098,-0.5243995111238597,207,0.9855,0.01212,good
1789658444066676988,13.252375224602968,-18.185451154536235,-0.5227842764655481,206,0.9903,0.01626,good
1789658444166554912,13.273770770827518,-18.197669819120417,-0.5216763743764583,208,1.0,0.01395,good
1789658444266555627,13.291183397219758,-18.208179911548726,-0.5246637638376781,205,0.9902,0.01081,good
1789658444376564208,13.312519003715872,-18.22240045021945,-0.52446330324353,207,1.0,0.0147,good
1789658444476555164,13.330477021638469,-18.229974364746788,-0.5151532689882414,205,1.0,0.01357,good
1789658444576558009,13.350853769146394,-18.2417108012256,-0.5191232934865024,206,1.0,0.01555,good
1789658444686581219,13.37186802991839,-18.25206686465545,-0.5171277643551966,209,1.0,0.01268,good
1789658444786542621,13.388989398880558,-18.260527523882285,-0.5120435107044321,205,1.0,0.01173,good
1789658444886564465,13.402756734165408,-18.270360528115074,-0.5101306831241701,204,1.0,0.01332,good
1789658444996541084,13.422683167255558,-18.282701816063526,-0.5138932248577224,205,0.9951,0.0123,good
1789658445096573839,13.440049251190901,-18.291786597674587,-0.5137693498243714,203,0.9951,0.0145,good
1789658445196572503,13.457624680346802,-18.30284703928921,-0.5165330615001793,204,1.0,0.01181,good
1789658445296579370,13.47690099254158,-18.313898453664443,-0.5181214764552016,204,1.0,0.01485,good
1789658445406559957,13.494206855742231,-18.322967882524896,-0.5116746392231779,204,0.9902,0.01131,good
1789658445506561121,13.512872648983002,-18.335187785511287,-0.5135653982777131,206,0.9903,0.01031,good
1789658445606569247,13.529970173991655,-18.349190805840415,-0.5085530841847217,202,1.0,0.0137,good
1789658445706556449,13.54825535512634,-18.362762737740464,-0.5069967637267452,206,0.9854,0.01089,good
1789658445816673585,13.566958128997175,-18.37277497806094,-0.5025838233097553,203,1.0,0.01318,good
1789658445916582586,13.58185552332969,-18.38340364187145,-0.5055740473248227,201,1.0,0.01036,good
1789658446016564826,13.59977869795672,-18.393079034933734,-0.5102997220379202,201,0.995,0.01264,good
1789658446116626306,13.616479447453084,-18.40296157169439,-0.5086512459510051,204,0.9951,0.01234,good
1789658446226559640,13.637723108119669,-18.41520487711325,-0.5049861036329928,198,0.9949,0.0107,good
1789658446326567808,13.657461162884921,-18.424593777430367,-0.5057916960870428,201,0.9851,0.00496,good
1789658446426559514,13.678712193279555,-18.434440536258144,-0.5009699522515664,204,0.9853,0.0108,good
1789658446526650808,13.697778763032305,-18.44507427363917,-0.48745823326844234,199,1.0,0.01003,good
1789658446636565624,13.713161651348486,-18.454138231274726,-0.49336996599456673,201,0.995,0.01341,good
1789658446736557997,13.732063842449126,-18.463395448893632,-0.4955918453706414,200,0.995,0.01071,good
1789658446836584238,13.749629290452376,-18.47461223214414,-0.5023859620124524,202,0.9901,0.0138,good
1789658446946565811,13.763371639207215,-18.482440039501892,-0.5048109807606835,197,1.0,0.01504,good
1789658447046563389,13.780572881940232,-18.492440592405877,-0.49871709510333445,197,0.9949,0.01432,good
1789658447146556358,13.800833619614298,-18.503447439129577,-0.5014579209923788,200,0.995,0.01348,good
1789658447246550420,13.818499381355837,-18.513686619417825,-0.5040496780200894,201,1.0,0.01472,good
1789658447356556255,13.836029502933672,-18.524852019327824,-0.5100822523869948,199,0.995,0.01366,good
1789658447456554706,13.852411751942013,-18.5343077967387,-0.511735793624988,202,1.0,0.01597,good
1789658447556573322,13.868580087614902,-18.54063545032783,-0.5107561564696204,203,0.9901,0.01467,good
1789658447666512846,13.883146349169053,-18.55046286912298,-0.5057202614061479,202,0.995,0.01563,good
1789658447766611774,13.900421486142614,-18.55903342620446,-0.5003440793924334,197,0.9949,0.01706,good
1789658447866576577,13.920060350485466,-18.567003776318657,-0.4914944173554645,199,0.995,0.01779,good
1789658447966569954,13.935755804114134,-18.575892001165883,-0.49284948322045463,200,0.985,0.01445,good
1789658448076552887,13.953950342833002,-18.583731721788734,-0.48787804442761495,198,1.0,0.01256,good
1789658448176582007,13.970588169709053,-18.59353339741634,-0.48675946591779007,195,0.9897,0.01425,good
1789658448276546037,13.98781674513402,-18.60262464530137,-0.48559185416083955,191,0.9948,0.01144,good
1789658448386582506,14.00708160785161,-18.613497279737118,-0.48718063664438144,188,0.9947,0.01443,good
1789658448486577554,14.023369557730343,-18.624165753205,-0.49019074592167594,193,0.9948,0.01408,good
1789658448586558546,14.040518118972155,-18.63433509212144,-0.4878160896753692,193,0.9896,0.01342,good
1789658448686572741,14.058657374697761,-18.64381225475104,-0.47954746167966733,196,0.9847,0.0122,good
1789658448796563712,14.076109873860764,-18.654394153269795,-0.47696161716399765,198,0.9949,0.01549,good
1789658448896558278,14.091856293523577,-18.664580153676987,-0.4745196666657281,191,0.9895,0.01497,good
1789658448996732021,14.10897190499762,-18.671544249105022,-0.4716503264207817,191,0.9948,0.01395,good
1789658449106552782,14.128817871485646,-18.6832424510623,-0.47203030344982655,188,0.9947,0.01325,good
1789658449206539056,14.146591896892875,-18.691313239088917,-0.46962507053296787,189,0.9894,0.01609,good
1789658449306571366,14.16104389328341,-18.701421780580585,-0.47296745524147915,192,0.9948,0.01519,good
1789658449406558103,14.17913466099895,-18.713016978334295,-0.47656186928443695,187,0.9947,0.01713,good
1789658449516556152,14.19868091066465,-18.72223884547128,-0.47615080646648816,191,1.0,0.01937,good
1789658449616553963,14.217271974368517,-18.732805859294743,-0.4752956129550301,187,1.0,0.01742,good
1789658449716558904,14.23683539201993,-18.742866485557084,-0.48267581541772686,189,0.9947,0.01703,good
1789658449826573082,14.254818324677128,-18.751992068469956,-0.47924635386346753,186,0.9946,0.01417,good
1789658449926558597,14.27126589082077,-18.7605715283372,-0.4818723668601675,187,0.9947,0.01645,good
1789658450026562631,14.285918287482248,-18.770412431006676,-0.4779810658172041,187,0.9893,0.01577,good
1789658450126531392,14.305830001627188,-18.780281325823687,-0.4836313885718104,188,0.9787,0.01589,good
1789658450236551019,14.325848272236476,-18.78965762396074,-0.47754725419000127,188,1.0,0.01775,good
1789658450336558075,14.34146847040922,-18.798856200334964,-0.4629980722483735,187,0.9947,0.01622,good
1789658450436572000,14.359972750555308,-18.8059499488032,-0.46365802173332354,188,0.984,0.01471,good
1789658450546536334,14.378825019477121,-18.818078306462954,-0.4721464132052582,189,0.9947,0.01948,good
1789658450646560759,14.394975165433344,-18.827578619772854,-0.49493710775015765,189,1.0,0.01682,good
1789658450746588350,14.410762800826534,-18.839204657253354,-0.5040418800528237,191,0.9843,0.01671,good
1789658450846569370,14.428639776427154,-18.84829222680289,-0.5211402948415718,187,0.9947,0.01529,good
1789658450956588016,14.44403207108673,-18.8575554486706,-0.534760675769465,191,0.9791,0.01733,good
1789658451056572464,14.46201835954112,-18.866560462183152,-0.5565986304880826,189,0.9894,0.01607,good
1789658451166578596,14.478105151377843,-18.879840407311313,-0.5854094038565585,186,1.0,0.01907,good
1789658451266565064,14.497767835767263,-18.891240124682092,-0.5893482018847574,185,0.9892,0.01744,good
1789658451366552477,14.518217526080559,-18.902358856289844,-0.5922495712096397,186,0.9946,0.01764,good
1789658451466577128,14.5356619853139,-18.915063047945726,-0.5902142218167621,182,0.9945,0.01769,good
1789658451566565985,14.552745790771128,-18.926281890086575,-0.5878120864933563,185,1.0,0.01569,good
1789658451676547860,14.573062139594898,-18.937944627416837,-0.5832561181208684,181,1.0,0.01643,good
1789658451776550808,14.58943975446125,-18.946634417100427,-0.5835675871620893,181,1.0,0.01822,good
1789658451876554146,14.605936051755515,-18.960578150584176,-0.580375954945547,183,0.9945,0.01846,good
1789658451976546651,14.62337792861317,-18.970042438671417,-0.5851498330019063,181,0.9945,0.01792,good
1789658452086591730,14.641016171147978,-18.981798581730967,-0.5752169569418666,178,0.9944,0.01906,good
1789658452186564036,14.659911660596165,-18.99203375454369,-0.5814774861618563,179,0.9944,0.01772,good
1789658452286557675,14.677753845291333,-19.005090629537037,-0.5780327691499842,177,0.9944,0.01683,good
1789658452396571812,14.69567862823054,-19.01652983327214,-0.5823693252404578,178,0.9944,0.02006,good
1789658452496594856,14.71558890251591,-19.027333014750933,-0.580731153800665,179,1.0,0.01904,good
1789658452596533164,14.732101459626728,-19.035659000482035,-0.5783628098167013,172,1.0,0.01729,good
1789658452696685444,14.744277656666476,-19.04760948170732,-0.5773292628877045,177,0.9887,0.0174,good
1789658452806604770,14.762347695270238,-19.059366832662793,-0.570988024715523,175,0.9886,0.01881,good
1789658452906550170,14.780974928506474,-19.068005495986533,-0.5733953841702955,172,0.9884,0.01712,good
1789658453006560438,14.799166772826219,-19.07353738943424,-0.5725438474512423,168,1.0,0.01767,good
1789658453116563784,14.815888156779717,-19.08401434440715,-0.5740496465718324,170,1.0,0.0164,good
1789658453216593407,14.832538460122526,-19.09211681974348,-0.575234967589884,169,1.0,0.0172,good
1789658453316581476,7.357411990317705,-21.289113495075362,-1.7676083941015464,218,0.9954,0.01032,good
1789658453426565952,7.353457798683579,-21.306740790732345,-1.7629030636937062,217,0.9954,0.00617,good
1789658453526579390,7.35147727402083,-21.324688046377695,-1.768034258962467,214,0.9953,0.00587,good
1789658453626590180,7.347981030896157,-21.344980000616165,-1.761586212025857,217,0.9954,0.0069,good
1789658453726552565,7.3457470425824205,-21.363147594298066,-1.7579323055630092,215,1.0,0.00809,good
1789658453836554411,7.342040371501356,-21.383556355967322,-1.7624429258953083,217,1.0,0.00908,good
1789658453936549036,7.338255685271161,-21.403182746163917,-1.765314991309084,219,0.9863,0.00838,good
1789658454036550328,7.334442909065837,-21.42388691643754,-1.7619530732196698,217,1.0,0.00998,good
1789658454136550067,7.330995942032792,-21.44031932405817,-1.7575210702317048,215,0.9953,0.00608,good
1789658454246546788,7.327413103601534,-21.460303816299238,-1.7613090504822415,218,0.9908,0.00972,good
1789658454346549564,7.325197372364569,-21.47782024957441,-1.7621793770782175,214,0.9953,0.00674,good
1789658454446555878,7.321531746858557,-21.496861118108082,-1.770581504702465,217,0.9954,0.00955,good
1789658454556586338,7.317710149620334,-21.517184474817466,-1.7651877376706075,217,1.0,0.00942,good
1789658454656642093,7.315166258729686,-21.53612667477877,-1.7670145315361563,217,0.9908,0.00573,good
1789658454756574021,7.309143442412063,-21.554549556794296,-1.7613053417343567,215,0.9907,0.00658,good
1789658454856556909,7.30779153685082,-21.573106082962852,-1.76104165724726,216,0.9954,0.00774,good
1789658454966641571,7.302843880305698,-21.594674180529854,-1.7610751232035364,218,1.0,0.00989,good
1789658455066563613,7.298057377418588,-21.613704791397286,-1.762651115390357,216,0.9954,0.00694,good
1789658455166548301,7.294572186740621,-21.630169945838063,-1.757179866252571,214,1.0,0.0076,good
1789658455276586136,7.290807021609895,-21.653993585918993,-1.7576448812391485,217,0.9954,0.01054,good
1789658455376556770,7.287160095732127,-21.673770365143188,-1.7614457009124405,215,0.9907,0.00649,good
1789658455476553217,7.284849734185002,-21.69296221766911,-1.7655809447076056,213,1.0,0.00734,good
1789658455576592385,7.280109533543586,-21.710390759519335,-1.7627478911493173,214,0.9953,0.00612,good
1789658455686567649,7.277367952917038,-21.73286843603446,-1.7651669177278635,213,0.9953,0.00858,good
1789658455786588540,7.272398002089632,-21.751113346154742,-1.7606355674285095,214,0.9953,0.00773,good
1789658455886578339,7.270204671146636,-21.77220820118672,-1.762471582808611,214,1.0,0.00831,good
1789658455996561658,7.264747329031261,-21.791830278197867,-1.7564281915922815,215,0.9953,0.00885,good
1789658456096574646,7.259937465094125,-21.810550707740944,-1.7584935264422639,218,1.0,0.00796,good
1789658456196581875,7.255947062492558,-21.830205322822664,-1.7543365683995378,216,1.0,0.00854,good
1789658456296567753,7.25296773560178,-21.849372744002608,-1.756991581403373,217,1.0,0.01024,good
1789658456406564631,7.248868054814141,-21.87121511722489,-1.7592992069350883,217,1.0,0.00884,good
1789658456506554453,7.245680314951542,-21.891374825122007,-1.7596209149324855,216,1.0,0.01278,good
1789658456606557275,7.2416878181425215,-21.910042668297358,-1.7588653364632763,217,1.0,0.01044,good
1789658456716613003,7.237929438462988,-21.93058586120833,-1.7575905057161976,215,1.0,0.00849,good
1789658456816560308,7.235632865857756,-21.94693337129595,-1.7526738841001548,211,0.9953,0.01277,good
1789658456916564371,7.234186161337829,-21.965136984515823,-1.7567682686439288,215,1.0,0.01058,good
1789658457016567897,7.230058522784307,-21.98387266780886,-1.7529561505987588,215,0.9953,0.01094,good
1789658457126570502,7.22573611801405,-22.00333805450628,-1.7509584053327896,216,0.9954,0.01249,good
1789658457226600178,7.2236096144066675,-22.022347305437076,-1.7573099809698312,216,1.0,0.01075,good
1789658457326587060,7.220205220897726,-22.043078012266385,-1.7583178542053581,216,1.0,0.00926,good
1789658457436549204,7.215887449794504,-22.062170491082675,-1.7539949176619214,216,1.0,0.00917,good
1789658457536550067,7.211625279500801,-22.081144960271654,-1.7616256578008518,217,1.0,0.01384,good
1789658457636558467,7.208127374835236,-22.098751681153452,-1.7621520631072258,216,1.0,0.00675,good
1789658457736547201,7.205461030350962,-22.114781410861006,-1.7638163279683667,215,0.9953,0.00991,good
1789658457846566212,7.200255596529031,-22.136559994457265,-1.759535279274026,213,1.0,0.0102,good
1789658457946558002,7.1961838894894035,-22.156834708088173,-1.7599826852340625,212,0.9953,0.01078,good
1789658458046561514,7.193991669560373,-22.17570179597885,-1.7575820298620732,213,1.0,0.01025,good
1789658458156559846,7.18856120569344,-22.197037656192723,-1.7596300593601752,215,0.9953,0.01243,good
1789658458256561824,7.185388282603995,-22.214494631962825,-1.760606118910997,215,1.0,0.00659,good
1789658458356561969,7.180978166101398,-22.233167874972892,-1.7562366212239555,210,1.0,0.00777,good
1789658458456575873,7.180039301040742,-22.2514090683129,-1.7578490943982488,213,1.0,0.00953,good
1789658458566581464,7.1773609062212875,-22.272849414805105,-1.7557503457145451,214,0.9953,0.0125,good
1789658458666564332,7.173312544038573,-22.29024889449619,-1.7563484345810372,212,1.0,0.00878,good
1789658458766554070,7.168982468485681,-22.311163451982647,-1.7517687556781907,211,1.0,0.00852,good
1789658458866568881,7.164498491658028,-22.330559459020918,-1.755400335457199,211,1.0,0.01061,good
1789658458976550306,7.160032541843878,-22.35112550318865,-1.7602920244486324,211,1.0,0.0119,good
1789658459076568046,7.156497928236325,-22.371481397090502,-1.7555849790469218,216,0.9954,0.01081,good
1789658459176523345,7.152556435091597,-22.3903496414995,-1.7545340777581961,214,0.986,0.00896,good
1789658459276555437,7.149654274358401,-22.40851305492788,-1.7519020702591883,209,1.0,0.00735,good
1789658459386566791,7.145072009535617,-22.429286885993008,-1.7498183225755641,210,1.0,0.01034,good
1789658459486549719,7.142066196914743,-22.446395433431917,-1.746762577060743,209,1.0,0.00887,good
1789658459586579422,7.137135092908169,-22.46451019124371,-1.7405971863254168,214,1.0,0.01123,good
1789658459686578553,7.136524506646512,-22.484739733334866,-1.7491701171077694,215,1.0,0.00916,good
1789658459796710198,7.133191426386631,-22.502816421730532,-1.7489690128895339,212,1.0,0.00902,good
1789658459896579909,7.130778767682509,-22.518579858836503,-1.7484955078789455,217,0.9954,0.0128,good
1789658459996565632,7.12733292989086,-22.537091768472045,-1.7464542051838718,206,1.0,0.00799,good
1789658460096668670,7.123164662772406,-22.55791167569522,-1.7397084980441841,212,1.0,0.00963,good
1789658460196568087,7.119764896470968,-22.5779109563214,-1.7432129554765894,212,0.9953,0.01056,good
1789658460306553243,7.114380537127464,-22.598458997114314,-1.7479968765555445,214,1.0,0.01023,good
1789658460406545859,7.111638320475554,-22.613402771497785,-1.747230230113508,215,1.0,0.01156,good
1789658460506553864,7.108176573622101,-22.631033104573362,-1.739250029816658,213,1.0,0.01125,good
1789658460606544444,7.106626862124735,-22.65142116430193,-1.7419163815839227,211,1.0,0.00993,good
1789658460716576468,7.102226487272914,-22.670989063930787,-1.7412823736799974,216,1.0,0.00888,good
1789658460816598065,7.1001040702545595,-22.68989826203774,-1.7356041515321163,213,1.0,0.01148,good
1789658460916567979,7.095943366698586,-22.709018429979988,-1.733279919717867,215,1.0,0.01103,good
1789658461026582227,7.09381820115305,-22.727488102638084,-1.7365784812120977,212,0.9953,0.00828,good
1789658461126569385,7.091674874648686,-22.747890288581033,-1.7333934968217906,210,1.0,0.01257,good
1789658461226562561,7.090054403911871,-22.764289998750503,-1.7332653248118597,210,1.0,0.00993,good
1789658461326529202,7.086558852593958,-22.78415887396031,-1.729729828603751,213,0.9906,0.00914,good
1789658461436551972,7.081651752829257,-22.804766949972187,-1.73711290992559,208,1.0,0.00929,good
1789658461536529315,7.077399747673733,-22.822671412503855,-1.7345911544930612,213,1.0,0.01004,good
1789658461636560027,7.073105541077655,-22.840025077942457,-1.7349492379806029,214,1.0,0.01105,good
1789658461746562150,7.0705206067174915,-22.86263994465802,-1.7334626017613017,215,0.9907,0.01023,good
1789658461846563103,7.067181521649191,-22.87987605102383,-1.7330859413862634,211,1.0,0.01,good
1789658461946581630,7.064954961777399,-22.8971528641923,-1.7309968439914567,208,1.0,0.00993,good
1789658462056562367,7.063238337746565,-22.91936285093818,-1.7250262775491028,210,0.9952,0.00901,good
1789658462156609416,7.060254704228568,-22.936309977133188,-1.7218017482957244,211,1.0,0.0102,good
1789658462256572190,7.05725856494969,-22.955606088597474,-1.72484056655863,214,1.0,0.00831,good
1789658462366556207,7.054151461266045,-22.976951264548934,-1.7243173065434576,216,0.9954,0.00923,good
1789658462466558739,7.051792522262469,-22.99912283594703,-1.725138170941338,213,1.0,0.01076,good
1789658462566552900,7.048068302398921,-23.01978938196466,-1.7247298098893211,209,1.0,0.01004,good
1789658462676556935,7.044088865665334,-23.040152931461375,-1.727740077939573,211,1.0,0.00847,good
1789658462776589984,7.039302388823595,-23.061273286270822,-1.727620883392022,211,1.0,0.01223,good
1789658462876547777,7.036666361010608,-23.06407542843819,-1.7262794684639549,214,0.9953,0.01076,good
1789658462986563607,7.035481728473902,-23.063031174412668,-1.7218544186746307,211,1.0,0.01491,good
1789658463086570809,7.035084115124144,-23.061634702908183,-1.7121566330210911,212,1.0,0.01141,good
1789658463186565826,7.032679949709609,-23.061019174342817,-1.685424830975146,211,1.0,0.01283,good
1789658463286659210,7.032236153752718,-23.059047361114626,-1.6481533381842788,208,1.0,0.01107,good
1789658463396645972,7.027477289819406,-23.06089062698747,-1.619924872354327,215,0.9953,0.01256,good
1789658463496567530,7.028037049492088,-23.060444369679473,-1.5775284832732457,205,0.9951,0.00956,good
1789658463596543215,7.02714695452306,-23.061518301941252,-1.5465364997831232,212,1.0,0.01146,good
1789658463696573620,7.024141672568831,-23.06269980853559,-1.5058783424769795,209,0.9952,0.00928,good
1789658463806609620,7.022445853337464,-23.062695932449664,-1.4522934002584498,208,0.9952,0.00922,good
1789658463906651599,7.020628870246124,-23.06143896860084,-1.4191976429899322,213,1.0,0.01008,good
1789658464006554972,7.017505281215251,-23.061976621070237,-1.3758979704619947,211,0.9953,0.00753,good
1789658464106553864,7.022737110684864,-23.058874596049684,-1.3300917643072963,210,0.9905,0.0077,good
1789658464206559885,7.019706478862982,-23.06184485487698,-1.2834390027541975,211,1.0,0.00993,good
1789658464316556300,7.020101851404197,-23.060040108698843,-1.2490706618433187,211,0.9953,0.01135,good
1789658464416560654,7.016753299537516,-23.061330638176187,-1.2106126689000345,211,1.0,0.01134,good
1789658464516564564,7.015172794455519,-23.059782777774885,-1.1776935251258396,213,1.0,0.01153,good
1789658464626565238,7.016755793438756,-23.05971589604942,-1.127585166813436,210,1.0,0.00901,good
1789658464726596924,7.015667332859901,-23.06087306770972,-1.0935890411380094,213,1.0,0.0111,good
1789658464826569262,7.015621172985582,-23.060359541240494,-1.052135566497862,205,1.0,0.01179,good
1789658464926565580,7.015248076899155,-23.060212219681357,-1.0086276329478026,206,0.9951,0.01437,good
1789658465036511942,7.014648983572956,-23.058109336929554,-0.9447485935584246,204,1.0,0.01043,good
1789658465136555539,7.0107833788557405,-23.054949648464262,-0.8834313734064729,205,0.9951,0.01177,good
1789658465236549732,7.006984090291594,-23.05251816476258,-0.809833509870699,209,1.0,0.01237,good
1789658465336548887,7.000745172097269,-23.05133062639878,-0.7374037806043863,204,0.9951,0.00756,good
1789658465446563768,6.997652359357067,-23.048088873824902,-0.6660429748195045,206,1.0,0.01198,good
1789658465546537331,6.99478459271969,-23.047360490665987,-0.5926336797564169,210,1.0,0.01304,good
1789658465646599743,6.995201262082896,-23.04761958426934,-0.526735066257195,205,0.9951,0.00825,good
1789658465746568899,6.993021137474428,-23.047492910610934,-0.45718423362101857,216,1.0,0.01015,good
1789658465856569614,6.9928692093604266,-23.046162743021284,-0.37554982187610114,209,0.9904,0.01161,good
1789658465956695190,6.997898072220474,-23.051329275432636,-0.3095420560171578,209,0.9952,0.01318,good
1789658466056560649,7.014806239092729,-23.059911957832202,-0.29607348003503575,207,1.0,0.01095,good
1789658466166554350,7.036849509133043,-23.068308504718978,-0.29206531920631407,208,1.0,0.00877,good
1789658466266561583,7.05632177928732,-23.07440206336285,-0.2901902409784418,209,1.0,0.00741,good
1789658466366568279,7.076854291787656,-23.07953377481087,-0.28895070921013155,208,0.9952,0.01179,good
1789658466476583460,7.10171464358909,-23.088240855406625,-0.28243793919661386,211,1.0,0.01131,good
1789658466576550713,7.120513077142428,-23.094562041875438,-0.27839463770001616,212,1.0,0.01206,good
1789658466676560428,7.141805174179062,-23.10236762977457,-0.2702472462620824,213,1.0,0.011,good
1789658466786556610,7.16353109546384,-23.109396463451176,-0.25318757104985257,207,1.0,0.00907,good
1789658466886559102,7.183941123904167,-23.115054870461993,-0.23840849223269012,211,0.9953,0.00886,good
1789658466986564631,7.203977024316966,-23.12059065917895,-0.2220164966895937,209,0.9952,0.01068,good
1789658467096577076,7.224076452313433,-23.124128208791973,-0.20783633978159366,209,1.0,0.00948,good
1789658467196760379,7.244223252079969,-23.131384226484155,-0.1874056186271507,208,1.0,0.00961,good
1789658467296570051,7.2632671398917665,-23.135507072386364,-0.17581630648751315,209,1.0,0.00989,good
1789658467406544646,7.281900348789673,-23.137196102846804,-0.14257482575416372,208,0.9904,0.00695,good
1789658467506563938,7.301079227297608,-23.13731632686704,-0.1289578438852426,212,0.9953,0.00875,good
1789658467606556934,7.321604131000643,-23.13951688885144,-0.10973798915084412,208,0.9952,0.00773,good
1789658467706561931,7.3397838729370015,-23.141364372806194,-0.08686774649896047,209,1.0,0.0077,good
1789658467816575376,7.36345533253392,-23.14304845780157,-0.07871444100267434,198,0.9949,0.00718,good
1789658467916562095,7.382764431996687,-23.14554223524978,-0.0528626787955482,205,1.0,0.00599,good
1789658468016559037,7.399653452717981,-23.143645127573155,-0.0367549285567901,207,1.0,0.0091,good
1789658468116531408,7.420138751599767,-23.14532455948029,-0.016458819046260478,205,1.0,0.00706,good
1789658468226554284,7.442625747638267,-23.145129465320863,0.003662837904469395,204,0.9951,0.00716,good
1789658468326571691,7.460444285745751,-23.143175136161275,0.01954095163914957,201,0.99,0.00782,good
1789658468426576043,7.47860505116433,-23.14349193752117,0.03859200945298522,204,0.9951,0.00862,good
1789658468526557896,7.501962664538135,-23.144954710739714,0.06605167608856609,205,1.0,0.00854,good
1789658468636530273,7.5251997339992895,-23.14330575259,0.08391708703295883,204,0.9951,0.00982,good
1789658468736562254,7.546080979511379,-23.140816964848185,0.10078974344396371,206,1.0,0.00942,good
1789658468836588179,7.565354236999151,-23.137349616681988,0.11433849736110145,200,0.99,0.00982,good
1789658468936556514,7.583851895626289,-23.134780536935594,0.13234060531001532,205,1.0,0.01001,good
1789658469036548923,7.599632855533347,-23.132734124395068,0.16144200342541715,209,1.0,0.00734,good
1789658469146557007,7.622064428463673,-23.129375718064807,0.1772728228762321,207,1.0,0.00807,good
1789658469246550086,7.640797124247405,-23.12515838849423,0.200808297575185,213,1.0,0.00852,good
1789658469346562627,7.659083621554052,-23.120885233804373,0.22069575803501146,215,1.0,0.0081,good
1789658469456552878,7.684217240445278,-23.1154975261969,0.23720516487264276,212,1.0,0.00842,good
1789658469556560734,7.702783855496262,-23.11180573159814,0.25367984433606927,209,1.0,0.01055,good
1789658469656581645,7.721102764853415,-23.108130406012695,0.2698295284684808,214,1.0,0.00813,good
1789658469756578186,7.73900249195047,-23.102552833374446,0.2906161347324836,213,0.9953,0.00839,good
1789658469866588641,7.75563217637747,-23.097369166130612,0.3159482149141384,210,1.0,0.01045,good
1789658469966625014,7.774256943233972,-23.091507898068674,0.338643271206515,211,1.0,0.00964,good
1789658470066543339,7.787499968720663,-23.08654536128698,0.3613743940882672,210,0.9952,0.00877,good
1789658470176567630,7.806677174769553,-23.077967150470986,0.38244819831811294,209,1.0,0.00871,good
1789658470276552676,7.823087622466981,-23.070594783126953,0.4065836480483058,205,1.0,0.00736,good
1789658470376551462,7.838590882356247,-23.063726656308738,0.426823839237614,211,0.9953,0.00817,good
1789658470476562322,7.854363904210123,-23.056691928385593,0.4469792977532491,209,1.0,0.00813,good
1789658470586556966,7.871690104134579,-23.046139449093985,0.47083445620511516,213,1.0,0.0113,good
1789658470686554216,7.8888243706485435,-23.03882005929518,0.49155171745101867,210,1.0,0.00916,good
1789658470786583297,7.906488077848009,-23.03002016559277,0.5119583473382396,212,0.9953,0.00646,good
1789658470896560997,7.924869998296728,-23.019492801037522,0.5314868776149344,212,0.9953,0.00867,good
1789658470996579468,7.941198572950025,-23.011971641142278,0.5544661776440039,211,1.0,0.00616,good
1789658471096576350,7.957879386784937,-23.004391402075523,0.5702257235084668,209,1.0,0.01097,good
1789658471196559752,7.97547401400069,-22.992257037076584,0.5898771230226207,211,1.0,0.0105,good
1789658471306551845,7.992202259016632,-22.982878697480135,0.6135038528939247,214,0.9953,0.00825,good
1789658471406555932,8.008159221608313,-22.97528780581304,0.6307076282462647,213,0.9906,0.01014,good
1789658471506547592,8.022782644849693,-22.96648224843703,0.6507684975684096,216,0.9954,0.00923,good
1789658471606574862,8.037356705829259,-22.957270822833493,0.6726939426358027,213,0.9906,0.00936,good
1789658471716525106,8.055706154411142,-22.945577710592307,0.6907879281194816,212,1.0,0.01232,good
1789658471816556561,8.070286734328315,-22.934089307835677,0.7108026621013221,213,0.9906,0.00974,good
1789658471916548518,8.083615589317356,-22.9265922457092,0.7277236186350444,211,1.0,0.00838,good
1789658472026556964,8.100517552708379,-22.914175293560096,0.7481591776643997,213,0.9953,0.01042,good
1789658472126581627,8.116611599787635,-22.903339513001246,0.7690891864386085,212,1.0,0.01148,good
1789658472226565477,8.132439809600971,-22.889964199409206,0.7858254520847099,216,1.0,0.01024,good
1789658472336572555,8.150763512318816,-22.87804139560253,0.8113577480951066,214,0.9953,0.00995,good
1789658472436538110,8.165018053460209,-22.86357364943451,0.8283101454263322,213,0.9906,0.00909,good
1789658472536570366,8.180060867624913,-22.85014043165267,0.8484741634331143,210,1.0,0.0095,good
1789658472636558067,8.191752712180495,-22.83555208363896,0.8708231399102864,212,0.9906,0.00863,good
1789658472746515148,8.2053299992748,-22.821616502518495,0.8946446186464622,211,0.9953,0.00897,good
1789658472846554125,8.216851683960883,-22.808198954135396,0.9179439675466134,215,0.9953,0.0092,good
1789658472946549512,8.228774823921391,-22.793315033519274,0.9389181785862799,212,1.0,0.00956,good
1789658473046548900,8.241065081187267,-22.77830187645523,0.9562784260393469,217,1.0,0.01253,good
1789658473156559816,8.254038863781489,-22.75976302205667,0.9744998033125396,209,1.0,0.00836,good
1789658473256562651,8.263927441678868,-22.744301407055282,0.9929785952776411,207,1.0,0.01066,good
1789658473356566578,8.272956566150338,-22.728231731110824,1.0130819888028586,208,1.0,0.01241,good
1789658473456603615,8.284467532239361,-22.712747946917123,1.0359695747421955,212,0.9953,0.01128,good
1789658473566599958,8.294522908852924,-22.69962916856985,1.0597317939741513,213,0.9953,0.01079,good
1789658473666576516,8.303628378094489,-22.680851071472226,1.080944726244941,208,0.9856,0.00836,good
1789658473766555722,8.313234751885366,-22.662140297123297,1.1030508971328048,209,0.9904,0.01021,good
1789658473866568260,8.321174496175304,-22.64960838097774,1.122079245204312,214,0.9907,0.01236,good
1789658473966602223,8.32958195848852,-22.63313349973345,1.1526926467869607,209,0.9904,0.00966,good
1789658474076514239,8.339457631458151,-22.614532513368793,1.1798465590701548,216,0.9954,0.00739,good
1789658474176562538,8.34821529018181,-22.60022350879957,1.202512492771011,209,1.0,0.00779,good
1789658474276551970,8.358929461363344,-22.586574726721885,1.2229566383262627,210,1.0,0.0092,good
1789658474386552613,8.367302355971345,-22.56790206836675,1.2508672307534814,210,1.0,0.00671,good
1789658474486558396,8.376314417712674,-22.556954467912323,1.2777145353724941,206,1.0,0.0089,good
1789658474586571734,8.38334705621721,-22.543765293682203,1.2950869512433971,204,1.0,0.00948,good
1789658474686570962,8.393007812535444,-22.533480526080698,1.320476606135253,210,1.0,0.00865,good
1789658474796654879,8.399951304927498,-22.52153360685575,1.3534351729090328,212,1.0,0.01091,good
1789658474896558777,8.405430578676022,-22.506467765549765,1.3766432321797424,209,1.0,0.00925,good
1789658474996562542,8.411655126840818,-22.49155973674342,1.4016011503691945,209,1.0,0.01079,good
1789658475096560199,8.417313757858624,-22.4780544935217,1.4289674570847717,207,1.0,0.00645,good
1789658475206568216,8.423367541359374,-22.460774225274466,1.4550991722875117,205,1.0,0.00889,good
1789658475306583428,8.42759938044552,-22.447498628577137,1.4832361153459865,207,1.0,0.00955,good
1789658475406570272,8.431800991495958,-22.435009680162477,1.5049689238198443,206,1.0,0.0093,good
1789658475506562911,8.433433078685889,-22.41638308003122,1.5243658532588629,205,1.0,0.00805,good
1789658475616571095,8.437131271239167,-22.39672061766659,1.537265545254028,203,1.0,0.00756,good
1789658475716574326,8.437283079720755,-22.381067733312534,1.5436018413026822,205,1.0,0.00656,good
1789658475816528300,8.435891180933549,-22.36150995225917,1.5570558666184826,206,1.0,0.00829,good
1789658475926561502,8.439925303205971,-22.343522383646842,1.5656158268422116,206,1.0,0.00788,good
1789658476026684895,8.443543599134577,-22.32645730474359,1.5711817119472433,205,0.9951,0.00677,good
1789658476126681112,8.444261478691962,-22.309649349358487,1.576803833104442,210,1.0,0.009,good
1789658476226525484,8.444466863731847,-22.291630802920807,1.5851514588305269,205,0.9951,0.0071,good
1789658476336558060,8.446200486944713,-22.27311701076567,1.5936430450494699,211,1.0,0.01167,good
1789658476436630496,8.446271985220326,-22.256879146818324,1.5993472829740571,211,0.9953,0.01004,good
1789658476536558068,8.450534339194002,-22.240305056193233,1.6017145349034096,206,0.9951,0.00977,good
1789658476646558219,8.456258914716807,-22.22447269389972,1.6076538421862103,213,0.9953,0.01078,good
1789658476746557621,8.45963905886349,-22.205559245824805,1.6204598040843663,206,1.0,0.01054,good
1789658476846549579,8.459186963765143,-22.189764358631223,1.6290367121214107,213,1.0,0.0103,good
1789658476946549518,8.458613387199676,-22.171695166350453,1.6396700157286517,212,1.0,0.0116,good
1789658477056568171,8.45831324978534,-22.154077658028317,1.645942766466115,210,1.0,0.00825,good
1789658477156629833,8.454037630793017,-22.135325547860877,1.6528064166685483,210,1.0,0.00912,good
1789658477256595093,8.450000600882944,-22.11537512635321,1.6623473469790218,211,1.0,0.00795,good
1789658477356563055,8.446809996956864,-22.101231727590097,1.6698136143211053,213,1.0,0.00813,good
1789658477466561896,8.443280686647938,-22.08282171621426,1.6793139505903676,210,0.9952,0.01054,good
1789658477566566321,8.438121921674632,-22.066934266628127,1.6867416288304422,211,1.0,0.01079,good
1789658477666569152,8.433748752916108,-22.05422460149211,1.6955528561890405,214,1.0,0.01011,good
1789658477776574178,8.426688495802232,-22.03798516282315,1.7100041532784,216,0.9954,0.0079,good
1789658477876548363,8.419181077761033,-22.02085559899522,1.718601495397582,212,1.0,0.00741,good
1789658477976548991,8.411452026956793,-22.008997279398443,1.7253462291263124,216,0.9954,0.01168,good
1789658478076569602,8.407411254841852,-21.994613879649417,1.7337343564823884,213,1.0,0.00733,good
1789658478186554078,8.401343514283987,-21.980993906269468,1.744780521452746,217,1.0,0.01119,good
1789658478286560246,8.398166486566438,-21.965105392336323,1.7542186039185237,213,1.0,0.00663,good
1789658478386556804,8.393451725056646,-21.949855718184256,1.7611498664506031,209,1.0,0.00858,good
1789658478496562168,8.384723477837507,-21.935892560176782,1.7721261980721736,213,1.0,0.0091,good
1789658478596679739,8.378635976425345,-21.92336565622724,1.77767213078687,213,1.0,0.00769,good
1789658478696652817,8.374446220583067,-21.906619535195297,1.7832525775585226,205,1.0,0.00818,good
1789658478796554842,8.36734265791424,-21.89393198919947,1.7933102505281366,211,1.0,0.00968,good
1789658478906609833,8.361440135156077,-21.879695812151596,1.8040163305665347,216,1.0,0.00917,good
1789658479006577003,8.358829289370497,-21.882896680223677,1.8175878642853485,212,1.0,0.00884,good
1789658479106531993,8.353779151046371,-21.882814950588322,1.8252249622003924,216,1.0,0.00743,good
1789658479216651763,8.352494778349039,-21.88520150027911,1.8296651790671008,209,1.0,0.01049,good
1789658479316563661,8.349481067800003,-21.89090634429368,1.842147727545832,213,1.0,0.00843,good
1789658479416520855,8.347509068026094,-21.90115582144762,1.8550776288710453,213,1.0,0.00848,good
1789658479516548489,8.347051109278445,-21.90907760974001,1.865918995475418,211,1.0,0.0074,good
1789658479626560190,8.344618371743806,-21.915070494890063,1.8762879048980137,211,1.0,0.00789,good
1789658479726562825,8.342216924763404,-21.91855010903949,1.88225201476272,214,1.0,0.00679,good
1789658479826580497,8.340559092358612,-21.921682627597857,1.890298772001566,213,1.0,0.00903,good
1789658479936576532,8.333065518192441,-21.928897589670118,1.8981327440267035,211,1.0,0.00974,good
1789658480036567836,8.330958744346859,-21.93390235311884,1.9040998003054328,212,1.0,0.0084,good
1789658480136578401,8.329109486917105,-21.940427402459793,1.9118352990795289,212,1.0,0.00952,good
1789658480236541098,8.325746803595244,-21.94976546204044,1.921434868967024,213,1.0,0.0091,good
1789658480346552858,8.323744693076993,-21.956332085906432,1.9314762971074992,211,1.0,0.00733,good
1789658480446563627,8.32313649197553,-21.95890881805594,1.9365201654679518,209,1.0,0.00736,good
1789658480546548119,8.32304475135703,-21.962101208690385,1.9435532404981293,210,1.0,0.00896,good
