t_start_ns,t_end_ns,t_bag_ns,scan_idx,bssid,ssid,rssi_dbm,freq_mhz,last_seen_ms
1789550084030894080,1789550087604870144,1789550087645557761,0,a2:0c:c2:cf:c6:70,Galaxy S24 Ultra,-66.0,2412.0,4
1789550084030894080,1789550087604870144,1789550087645557761,0,d4:bd:4f:61:91:c0,CESI_Corp,-55.0,2417.0,4
1789550084030894080,1789550087604870144,1789550087645557761,0,d4:bd:4f:61:91:c1,CESI_HotSpot,-56.0,2417.0,4
1789550084030894080,1789550087604870144,1789550087645557761,0,d4:bd:4f:61:91:c2,CESI_Robots,-55.0,2417.0,4
1789550084030894080,1789550087604870144,1789550087645557761,0,d4:bd:4f:61:91:c3,CESI_Recherche,-56.0,2417.0,4
1789550084030894080,1789550087604870144,1789550087645557761,0,d4:bd:4f:61:91:c4,CESI_Iot,-54.0,2417.0,4
1789550084030894080,1789550087604870144,1789550087645557761,0,d4:bd:4f:61:f4:50,CESI_Corp,-52.0,2437.0,4
1789550084030894080,1789550087604870144,1789550087645557761,0,d4:bd:4f:61:f4:51,CESI_HotSpot,-52.0,2437.0,4
1789550084030894080,1789550087604870144,1789550087645557761,0,d4:bd:4f:61:f4:52,CESI_Robots,-52.0,2437.0,4
1789550084030894080,1789550087604870144,1789550087645557761,0,d4:bd:4f:61:f4:53,CESI_Recherche,-51.0,2437.0,4
1789550084030894080,1789550087604870144,1789550087645557761,0,d4:bd:4f:61:f4:54,CESI_Iot,-54.0,2437.0,4
1789550084030894080,1789550087604870144,1789550087645557761,0,d4:bd:4f:61:e5:71,CESI_HotSpot,-50.0,2472.0,4
1789550084030894080,1789550087604870144,1789550087645557761,0,d4:bd:4f:61:e5:72,CESI_Robots,-49.0,2472.0,4
1789550084030894080,1789550087604870144,1789550087645557761,0,d4:bd:4f:61:e5:73,CESI_Recherche,-50.0,2472.0,4
1789550084030894080,1789550087604870144,1789550087645557761,0,d4:bd:4f:61:e5:74,CESI_Iot,-49.0,2472.0,4
1789550084030894080,1789550087604870144,1789550087645557761,0,d4:bd:4f:61:e5:70,CESI_Corp,-48.0,2472.0,4
1789550084030894080,1789550087604870144,1789550087645557761,0,02:91:9e:71:b0:15,poppy_net,-33.0,2472.0,4
1789550084030894080,1789550087604870144,1789550087645557761,0,d4:bd:4f:a1:91:c0,CESI_Corp,-58.0,5320.0,4
1789550084030894080,1789550087604870144,1789550087645557761,0,d4:bd:4f:a1:91:c1,CESI_HotSpot,-58.0,5320.0,4
1789550084030894080,1789550087604870144,1789550087645557761,0,d4:bd:4f:a1:91:c2,CESI_Robots,-58.0,5320.0,4
1789550084030894080,1789550087604870144,1789550087645557761,0,d4:bd:4f:a1:91:c3,CESI_Recherche,-58.0,5320.0,4
1789550084030894080,1789550087604870144,1789550087645557761,0,d4:bd:4f:a1:91:c4,CESI_Iot,-58.0,5320.0,4
1789550084030894080,1789550087604870144,1789550087645557761,0,d4:bd:4f:a0:d2:d0,CESI_Corp,-74.0,5540.0,4
1789550084030894080,1789550087604870144,1789550087645557761,0,d4:bd:4f:a0:d2:d1,CESI_HotSpot,-74.0,5540.0,4
1789550084030894080,1789550087604870144,1789550087645557761,0,d4:bd:4f:a0:d2:d2,CESI_Robots,-74.0,5540.0,4
1789550084030894080,1789550087604870144,1789550087645557761,0,d4:bd:4f:a0:d2:d3,CESI_Recherche,-74.0,5540.0,4
1789550084030894080,1789550087604870144,1789550087645557761,0,d4:bd:4f:a0:d2:d4,CESI_Iot,-74.0,5540.0,4
1789550084030894080,1789550087604870144,1789550087645557761,0,d4:bd:4f:a1:f4:50,CESI_Corp,-61.0,5580.0,4
1789550084030894080,1789550087604870144,1789550087645557761,0,d4:bd:4f:a1:f4:51,CESI_HotSpot,-61.0,5580.0,4
1789550084030894080,1789550087604870144,1789550087645557761,0,d4:bd:4f:a1:f4:52,CESI_Robots,-61.0,5580.0,4
1789550084030894080,1789550087604870144,1789550087645557761,0,d4:bd:4f:a1:f4:53,CESI_Recherche,-61.0,5580.0,4
1789550084030894080,1789550087604870144,1789550087645557761,0,d4:bd:4f:a1:f4:54,CESI_Iot,-61.0,5580.0,4
1789550084030894080,1789550087604870144,1789550087645557761,0,d4:bd:4f:a1:e5:70,CESI_Corp,-46.0,5620.0,4
1789550084030894080,1789550087604870144,1789550087645557761,0,d4:bd:4f:a1:e5:71,CESI_HotSpot,-46.0,5620.0,4
1789550084030894080,1789550087604870144,1789550087645557761,0,d4:bd:4f:a1:e5:72,CESI_Robots,-46.0,5620.0,4
1789550084030894080,1789550087604870144,1789550087645557761,0,d4:bd:4f:a1:e5:73,CESI_Recherche,-45.0,5620.0,4
1789550084030894080,1789550087604870144,1789550087645557761,0,d4:bd:4f:a1:e5:74,CESI_Iot,-45.0,5620.0,4
1789550084030894080,1789550087604870144,1789550087645557761,0,32:24:a9:e8:3e:7f,DIRECT-7F-HP OfficeJet Pro 9010,-70.0,2437.0,4200
1789550084030894080,1789550087604870144,1789550087645557761,0,78:c4:0e:d7:b1:30,RM828_WIFI,-75.0,2412.0,4200
1789550084030894080,1789550087604870144,1789550087645557761,0,f8:d0:27:79:d8:b8,EB79D8B8-@E8D0dUTYu1AOsK,-72.0,2462.0,4200
1789550084030894080,1789550087604870144,1789550087645557761,0,d4:bd:4f:a1:a9:73,CESI_Recherche,-85.0,5280.0,4200
1789550084030894080,1789550087604870144,1789550087645557761,0,d4:bd:4f:a1:a9:74,CESI_Iot,-85.0,5280.0,4
1789550084030894080,1789550087604870144,1789550087645557761,0,d4:bd:4f:a1:a9:70,CESI_Corp,-85.0,5280.0,4200
1789550084030894080,1789550087604870144,1789550087645557761,0,d4:bd:4f:a1:a9:71,CESI_HotSpot,-85.0,5280.0,4200
1789550084030894080,1789550087604870144,1789550087645557761,0,7c:26:64:69:50:05,,-90.0,5320.0,4
1789550084030894080,1789550087604870144,1789550087645557761,0,2c:5a:0f:e5:7f:e1,eduroam,-67.0,2412.0,4
1789550084030894080,1789550087604870144,1789550087645557761,0,d4:bd:4f:60:d2:d3,CESI_Recherche,-63.0,2427.0,4
1789550084030894080,1789550087604870144,1789550087645557761,0,d4:bd:4f:60:d2:d4,CESI_Iot,-61.0,2427.0,4
1789550084030894080,1789550087604870144,1789550087645557761,0,d4:bd:4f:a1:a9:72,CESI_Robots,-84.0,5280.0,4200
1789550084030894080,1789550087604870144,1789550087645557761,0,d4:bd:4f:60:d2:d1,CESI_HotSpot,-61.0,2427.0,4
1789550084030894080,1789550087604870144,1789550087645557761,0,2c:5a:0f:e5:7f:e0,eduspot,-69.0,2412.0,4200
1789550084030894080,1789550087604870144,1789550087645557761,0,d4:bd:4f:60:d2:d2,CESI_Robots,-63.0,2427.0,4
1789550084030894080,1789550087604870144,1789550087645557761,0,d4:bd:4f:60:d2:d0,CESI_Corp,-62.0,2427.0,4
1789550084030894080,1789550087604870144,1789550087645557761,0,8e:97:ea:a4:87:85,,-85.0,5200.0,20788
1789550084030894080,1789550087604870144,1789550087645557761,0,2c:5a:0f:e5:7f:ef,eduspot,-88.0,5280.0,12492
1789550084030894080,1789550087604870144,1789550087645557761,0,8c:97:ea:a4:87:84,Freebox-32CD89,-86.0,5200.0,8400
1789550084030894080,1789550087604870144,1789550087645557761,0,7c:26:64:69:50:04,,-79.0,2462.0,4200
1789550088148583936,1789550091705593088,1789550091751435038,1,a2:0c:c2:cf:c6:70,Galaxy S24 Ultra,-61.0,2412.0,4
1789550088148583936,1789550091705593088,1789550091751435038,1,d4:bd:4f:61:91:c0,CESI_Corp,-55.0,2417.0,4
1789550088148583936,1789550091705593088,1789550091751435038,1,d4:bd:4f:61:91:c1,CESI_HotSpot,-56.0,2417.0,4
1789550088148583936,1789550091705593088,1789550091751435038,1,d4:bd:4f:61:91:c2,CESI_Robots,-56.0,2417.0,4
1789550088148583936,1789550091705593088,1789550091751435038,1,d4:bd:4f:61:91:c3,CESI_Recherche,-56.0,2417.0,4
1789550088148583936,1789550091705593088,1789550091751435038,1,d4:bd:4f:61:91:c4,CESI_Iot,-56.0,2417.0,4
1789550088148583936,1789550091705593088,1789550091751435038,1,d4:bd:4f:61:f4:50,CESI_Corp,-55.0,2437.0,4
1789550088148583936,1789550091705593088,1789550091751435038,1,d4:bd:4f:61:f4:51,CESI_HotSpot,-55.0,2437.0,4
1789550088148583936,1789550091705593088,1789550091751435038,1,d4:bd:4f:61:f4:52,CESI_Robots,-55.0,2437.0,4
1789550088148583936,1789550091705593088,1789550091751435038,1,d4:bd:4f:61:f4:53,CESI_Recherche,-55.0,2437.0,4
1789550088148583936,1789550091705593088,1789550091751435038,1,d4:bd:4f:61:f4:54,CESI_Iot,-55.0,2437.0,4
1789550088148583936,1789550091705593088,1789550091751435038,1,d4:bd:4f:61:e5:71,CESI_HotSpot,-67.0,2472.0,4
1789550088148583936,1789550091705593088,1789550091751435038,1,d4:bd:4f:61:e5:72,CESI_Robots,-68.0,2472.0,4
1789550088148583936,1789550091705593088,1789550091751435038,1,d4:bd:4f:61:e5:73,CESI_Recherche,-67.0,2472.0,4
1789550088148583936,1789550091705593088,1789550091751435038,1,d4:bd:4f:61:e5:74,CESI_Iot,-66.0,2472.0,4
1789550088148583936,1789550091705593088,1789550091751435038,1,d4:bd:4f:61:e5:70,CESI_Corp,-68.0,2472.0,4
1789550088148583936,1789550091705593088,1789550091751435038,1,02:91:9e:71:b0:15,poppy_net,-30.0,2472.0,4
1789550088148583936,1789550091705593088,1789550091751435038,1,d4:bd:4f:a1:91:c0,CESI_Corp,-51.0,5320.0,4
1789550088148583936,1789550091705593088,1789550091751435038,1,d4:bd:4f:a1:91:c1,CESI_HotSpot,-51.0,5320.0,4
1789550088148583936,1789550091705593088,1789550091751435038,1,d4:bd:4f:a1:91:c2,CESI_Robots,-51.0,5320.0,4
1789550088148583936,1789550091705593088,1789550091751435038,1,d4:bd:4f:a1:91:c3,CESI_Recherche,-51.0,5320.0,4
1789550088148583936,1789550091705593088,1789550091751435038,1,d4:bd:4f:a1:91:c4,CESI_Iot,-51.0,5320.0,4
1789550088148583936,1789550091705593088,1789550091751435038,1,d4:bd:4f:a0:d2:d0,CESI_Corp,-68.0,5540.0,4
1789550088148583936,1789550091705593088,1789550091751435038,1,d4:bd:4f:a0:d2:d1,CESI_HotSpot,-68.0,5540.0,4
1789550088148583936,1789550091705593088,1789550091751435038,1,d4:bd:4f:a0:d2:d2,CESI_Robots,-68.0,5540.0,4
1789550088148583936,1789550091705593088,1789550091751435038,1,d4:bd:4f:a0:d2:d3,CESI_Recherche,-68.0,5540.0,4
1789550088148583936,1789550091705593088,1789550091751435038,1,d4:bd:4f:a0:d2:d4,CESI_Iot,-68.0,5540.0,4
1789550088148583936,1789550091705593088,1789550091751435038,1,d4:bd:4f:a1:f4:50,CESI_Corp,-52.0,5580.0,4
1789550088148583936,1789550091705593088,1789550091751435038,1,d4:bd:4f:a1:f4:51,CESI_HotSpot,-52.0,5580.0,4
1789550088148583936,1789550091705593088,1789550091751435038,1,d4:bd:4f:a1:f4:52,CESI_Robots,-52.0,5580.0,4
1789550088148583936,1789550091705593088,1789550091751435038,1,d4:bd:4f:a1:f4:53,CESI_Recherche,-52.0,5580.0,4
1789550088148583936,1789550091705593088,1789550091751435038,1,d4:bd:4f:a1:f4:54,CESI_Iot,-53.0,5580.0,4
1789550088148583936,1789550091705593088,1789550091751435038,1,d4:bd:4f:a1:e5:70,CESI_Corp,-50.0,5620.0,4
1789550088148583936,1789550091705593088,1789550091751435038,1,d4:bd:4f:a1:e5:71,CESI_HotSpot,-50.0,5620.0,4
1789550088148583936,1789550091705593088,1789550091751435038,1,d4:bd:4f:a1:e5:72,CESI_Robots,-50.0,5620.0,4
1789550088148583936,1789550091705593088,1789550091751435038,1,d4:bd:4f:a1:e5:73,CESI_Recherche,-50.0,5620.0,4
1789550088148583936,1789550091705593088,1789550091751435038,1,d4:bd:4f:a1:e5:74,CESI_Iot,-50.0,5620.0,4
1789550088148583936,1789550091705593088,1789550091751435038,1,32:24:a9:e8:3e:7f,DIRECT-7F-HP OfficeJet Pro 9010,-70.0,2437.0,8296
1789550088148583936,1789550091705593088,1789550091751435038,1,78:c4:0e:d7:b1:30,RM828_WIFI,-79.0,2412.0,4
1789550088148583936,1789550091705593088,1789550091751435038,1,f8:d0:27:79:d8:b8,EB79D8B8-@E8D0dUTYu1AOsK,-72.0,2462.0,8296
1789550088148583936,1789550091705593088,1789550091751435038,1,d4:bd:4f:a1:a9:73,CESI_Recherche,-85.0,5280.0,8296
1789550088148583936,1789550091705593088,1789550091751435038,1,d4:bd:4f:a1:a9:74,CESI_Iot,-85.0,5280.0,4100
1789550088148583936,1789550091705593088,1789550091751435038,1,d4:bd:4f:a1:a9:70,CESI_Corp,-85.0,5280.0,8296
1789550088148583936,1789550091705593088,1789550091751435038,1,d4:bd:4f:a1:a9:71,CESI_HotSpot,-85.0,5280.0,8296
1789550088148583936,1789550091705593088,1789550091751435038,1,7c:26:64:69:50:05,,-90.0,5320.0,4100
1789550088148583936,1789550091705593088,1789550091751435038,1,2c:5a:0f:e5:7f:e1,eduroam,-67.0,2412.0,4100
1789550088148583936,1789550091705593088,1789550091751435038,1,d4:bd:4f:60:d2:d3,CESI_Recherche,-62.0,2427.0,4
1789550088148583936,1789550091705593088,1789550091751435038,1,d4:bd:4f:60:d2:d4,CESI_Iot,-61.0,2427.0,4100
1789550088148583936,1789550091705593088,1789550091751435038,1,d4:bd:4f:a1:a9:72,CESI_Robots,-84.0,5280.0,8296
1789550088148583936,1789550091705593088,1789550091751435038,1,d4:bd:4f:60:d2:d1,CESI_HotSpot,-61.0,2427.0,4100
1789550088148583936,1789550091705593088,1789550091751435038,1,2c:5a:0f:e5:7f:e0,eduspot,-69.0,2412.0,8296
1789550088148583936,1789550091705593088,1789550091751435038,1,d4:bd:4f:60:d2:d2,CESI_Robots,-62.0,2427.0,4
1789550088148583936,1789550091705593088,1789550091751435038,1,d4:bd:4f:60:d2:d0,CESI_Corp,-65.0,2427.0,4
1789550088148583936,1789550091705593088,1789550091751435038,1,8e:97:ea:a4:87:85,,-85.0,5200.0,24884
1789550088148583936,1789550091705593088,1789550091751435038,1,2c:5a:0f:e5:7f:ef,eduspot,-89.0,5280.0,4
1789550088148583936,1789550091705593088,1789550091751435038,1,8c:97:ea:a4:87:84,Freebox-32CD89,-88.0,5200.0,4
1789550088148583936,1789550091705593088,1789550091751435038,1,7c:26:64:69:50:04,,-79.0,2462.0,8296
1789550088148583936,1789550091705593088,1789550091751435038,1,a2:f1:22:b1:33:3b,The best Phone out there,-87.0,5200.0,4
1789550088148583936,1789550091705593088,1789550091751435038,1,d6:31:fc:35:fc:75,iPhone17 Pro BME,-88.0,5220.0,4
1789550088148583936,1789550091705593088,1789550091751435038,1,d4:bd:4f:a1:d5:90,CESI_Corp,-87.0,5320.0,4
1789550088148583936,1789550091705593088,1789550091751435038,1,d4:bd:4f:a1:d5:92,CESI_Robots,-91.0,5320.0,4
1789550092257868032,1789550095913661952,1789550095964927103,2,a2:0c:c2:cf:c6:70,Galaxy S24 Ultra,-63.0,2412.0,4
1789550092257868032,1789550095913661952,1789550095964927103,2,d4:bd:4f:61:91:c0,CESI_Corp,-55.0,2417.0,4
1789550092257868032,1789550095913661952,1789550095964927103,2,d4:bd:4f:61:91:c1,CESI_HotSpot,-55.0,2417.0,4
1789550092257868032,1789550095913661952,1789550095964927103,2,d4:bd:4f:61:91:c2,CESI_Robots,-54.0,2417.0,4
1789550092257868032,1789550095913661952,1789550095964927103,2,d4:bd:4f:61:91:c3,CESI_Recherche,-55.0,2417.0,4
1789550092257868032,1789550095913661952,1789550095964927103,2,d4:bd:4f:61:91:c4,CESI_Iot,-55.0,2417.0,4
1789550092257868032,1789550095913661952,1789550095964927103,2,d4:bd:4f:61:f4:50,CESI_Corp,-58.0,2437.0,4
1789550092257868032,1789550095913661952,1789550095964927103,2,d4:bd:4f:61:f4:51,CESI_HotSpot,-59.0,2437.0,4
1789550092257868032,1789550095913661952,1789550095964927103,2,d4:bd:4f:61:f4:52,CESI_Robots,-56.0,2437.0,4
1789550092257868032,1789550095913661952,1789550095964927103,2,d4:bd:4f:61:f4:53,CESI_Recherche,-60.0,2437.0,4
1789550092257868032,1789550095913661952,1789550095964927103,2,d4:bd:4f:61:f4:54,CESI_Iot,-61.0,2437.0,4
1789550092257868032,1789550095913661952,1789550095964927103,2,d4:bd:4f:61:e5:71,CESI_HotSpot,-52.0,2472.0,4
1789550092257868032,1789550095913661952,1789550095964927103,2,d4:bd:4f:61:e5:72,CESI_Robots,-52.0,2472.0,4
1789550092257868032,1789550095913661952,1789550095964927103,2,d4:bd:4f:61:e5:73,CESI_Recherche,-52.0,2472.0,4
1789550092257868032,1789550095913661952,1789550095964927103,2,d4:bd:4f:61:e5:74,CESI_Iot,-51.0,2472.0,4
1789550092257868032,1789550095913661952,1789550095964927103,2,d4:bd:4f:61:e5:70,CESI_Corp,-52.0,2472.0,4
1789550092257868032,1789550095913661952,1789550095964927103,2,02:91:9e:71:b0:15,poppy_net,-32.0,2472.0,4
1789550092257868032,1789550095913661952,1789550095964927103,2,d4:bd:4f:a1:91:c0,CESI_Corp,-55.0,5320.0,4
1789550092257868032,1789550095913661952,1789550095964927103,2,d4:bd:4f:a1:91:c1,CESI_HotSpot,-56.0,5320.0,4
1789550092257868032,1789550095913661952,1789550095964927103,2,d4:bd:4f:a1:91:c2,CESI_Robots,-56.0,5320.0,4
1789550092257868032,1789550095913661952,1789550095964927103,2,d4:bd:4f:a1:91:c3,CESI_Recherche,-56.0,5320.0,4
1789550092257868032,1789550095913661952,1789550095964927103,2,d4:bd:4f:a1:91:c4,CESI_Iot,-56.0,5320.0,4
1789550092257868032,1789550095913661952,1789550095964927103,2,d4:bd:4f:a0:d2:d0,CESI_Corp,-77.0,5540.0,4
1789550092257868032,1789550095913661952,1789550095964927103,2,d4:bd:4f:a0:d2:d1,CESI_HotSpot,-77.0,5540.0,4
1789550092257868032,1789550095913661952,1789550095964927103,2,d4:bd:4f:a0:d2:d2,CESI_Robots,-77.0,5540.0,4
1789550092257868032,1789550095913661952,1789550095964927103,2,d4:bd:4f:a0:d2:d3,CESI_Recherche,-77.0,5540.0,4
1789550092257868032,1789550095913661952,1789550095964927103,2,d4:bd:4f:a0:d2:d4,CESI_Iot,-77.0,5540.0,4
1789550092257868032,1789550095913661952,1789550095964927103,2,d4:bd:4f:a1:f4:50,CESI_Corp,-66.0,5580.0,4
1789550092257868032,1789550095913661952,1789550095964927103,2,d4:bd:4f:a1:f4:51,CESI_HotSpot,-66.0,5580.0,4
1789550092257868032,1789550095913661952,1789550095964927103,2,d4:bd:4f:a1:f4:52,CESI_Robots,-66.0,5580.0,4
1789550092257868032,1789550095913661952,1789550095964927103,2,d4:bd:4f:a1:f4:53,CESI_Recherche,-66.0,5580.0,4
1789550092257868032,1789550095913661952,1789550095964927103,2,d4:bd:4f:a1:f4:54,CESI_Iot,-66.0,5580.0,4
1789550092257868032,1789550095913661952,1789550095964927103,2,d4:bd:4f:a1:e5:70,CESI_Corp,-52.0,5620.0,4
1789550092257868032,1789550095913661952,1789550095964927103,2,d4:bd:4f:a1:e5:71,CESI_HotSpot,-52.0,5620.0,4
1789550092257868032,1789550095913661952,1789550095964927103,2,d4:bd:4f:a1:e5:72,CESI_Robots,-52.0,5620.0,4
1789550092257868032,1789550095913661952,1789550095964927103,2,d4:bd:4f:a1:e5:73,CESI_Recherche,-52.0,5620.0,4
1789550092257868032,1789550095913661952,1789550095964927103,2,d4:bd:4f:a1:e5:74,CESI_Iot,-53.0,5620.0,4
1789550092257868032,1789550095913661952,1789550095964927103,2,32:24:a9:e8:3e:7f,DIRECT-7F-HP OfficeJet Pro 9010,-70.0,2437.0,12496
1789550092257868032,1789550095913661952,1789550095964927103,2,78:c4:0e:d7:b1:30,RM828_WIFI,-70.0,2412.0,4
1789550092257868032,1789550095913661952,1789550095964927103,2,f8:d0:27:79:d8:b8,EB79D8B8-@E8D0dUTYu1AOsK,-72.0,2462.0,12496
1789550092257868032,1789550095913661952,1789550095964927103,2,d4:bd:4f:a1:a9:73,CESI_Recherche,-85.0,5280.0,12496
1789550092257868032,1789550095913661952,1789550095964927103,2,d4:bd:4f:a1:a9:74,CESI_Iot,-85.0,5280.0,8300
1789550092257868032,1789550095913661952,1789550095964927103,2,d4:bd:4f:a1:a9:70,CESI_Corp,-85.0,5280.0,12496
1789550092257868032,1789550095913661952,1789550095964927103,2,d4:bd:4f:a1:a9:71,CESI_HotSpot,-85.0,5280.0,12496
1789550092257868032,1789550095913661952,1789550095964927103,2,7c:26:64:69:50:05,,-90.0,5320.0,8300
1789550092257868032,1789550095913661952,1789550095964927103,2,2c:5a:0f:e5:7f:e1,eduroam,-67.0,2412.0,8300
1789550092257868032,1789550095913661952,1789550095964927103,2,d4:bd:4f:60:d2:d3,CESI_Recherche,-63.0,2427.0,4
1789550092257868032,1789550095913661952,1789550095964927103,2,d4:bd:4f:60:d2:d4,CESI_Iot,-62.0,2427.0,4
1789550092257868032,1789550095913661952,1789550095964927103,2,d4:bd:4f:a1:a9:72,CESI_Robots,-84.0,5280.0,12496
1789550092257868032,1789550095913661952,1789550095964927103,2,d4:bd:4f:60:d2:d1,CESI_HotSpot,-66.0,2427.0,4
1789550092257868032,1789550095913661952,1789550095964927103,2,2c:5a:0f:e5:7f:e0,eduspot,-69.0,2412.0,12496
1789550092257868032,1789550095913661952,1789550095964927103,2,d4:bd:4f:60:d2:d2,CESI_Robots,-65.0,2427.0,4
1789550092257868032,1789550095913661952,1789550095964927103,2,d4:bd:4f:60:d2:d0,CESI_Corp,-66.0,2427.0,4
1789550092257868032,1789550095913661952,1789550095964927103,2,8e:97:ea:a4:87:85,,-85.0,5200.0,29084
1789550092257868032,1789550095913661952,1789550095964927103,2,2c:5a:0f:e5:7f:ef,eduspot,-89.0,5280.0,4204
1789550092257868032,1789550095913661952,1789550095964927103,2,8c:97:ea:a4:87:84,Freebox-32CD89,-88.0,5200.0,4204
1789550092257868032,1789550095913661952,1789550095964927103,2,7c:26:64:69:50:04,,-79.0,2462.0,12496
1789550092257868032,1789550095913661952,1789550095964927103,2,a2:f1:22:b1:33:3b,The best Phone out there,-87.0,5200.0,4204
1789550092257868032,1789550095913661952,1789550095964927103,2,d6:31:fc:35:fc:75,iPhone17 Pro BME,-88.0,5220.0,4204
1789550092257868032,1789550095913661952,1789550095964927103,2,d4:bd:4f:a1:d5:90,CESI_Corp,-87.0,5320.0,4204
1789550092257868032,1789550095913661952,1789550095964927103,2,d4:bd:4f:a1:d5:92,CESI_Robots,-91.0,5320.0,4204
1789550092257868032,1789550095913661952,1789550095964927103,2,8c:97:ea:a4:87:80,Freebox-32CD89,-72.0,2462.0,4
1789550096467848960,1789550100005695232,1789550100050781060,3,a2:0c:c2:cf:c6:70,Galaxy S24 Ultra,-69.0,2412.0,0
1789550096467848960,1789550100005695232,1789550100050781060,3,d4:bd:4f:61:91:c0,CESI_Corp,-55.0,2417.0,4096
1789550096467848960,1789550100005695232,1789550100050781060,3,d4:bd:4f:61:91:c1,CESI_HotSpot,-59.0,2417.0,0
1789550096467848960,1789550100005695232,1789550100050781060,3,d4:bd:4f:61:91:c2,CESI_Robots,-59.0,2417.0,0
1789550096467848960,1789550100005695232,1789550100050781060,3,d4:bd:4f:61:91:c3,CESI_Recherche,-59.0,2417.0,0
1789550096467848960,1789550100005695232,1789550100050781060,3,d4:bd:4f:61:91:c4,CESI_Iot,-59.0,2417.0,0
1789550096467848960,1789550100005695232,1789550100050781060,3,d4:bd:4f:61:f4:50,CESI_Corp,-71.0,2437.0,0
1789550096467848960,1789550100005695232,1789550100050781060,3,d4:bd:4f:61:f4:51,CESI_HotSpot,-70.0,2437.0,0
1789550096467848960,1789550100005695232,1789550100050781060,3,d4:bd:4f:61:f4:52,CESI_Robots,-72.0,2437.0,0
1789550096467848960,1789550100005695232,1789550100050781060,3,d4:bd:4f:61:f4:53,CESI_Recherche,-70.0,2437.0,0
1789550096467848960,1789550100005695232,1789550100050781060,3,d4:bd:4f:61:f4:54,CESI_Iot,-72.0,2437.0,0
1789550096467848960,1789550100005695232,1789550100050781060,3,d4:bd:4f:61:e5:71,CESI_HotSpot,-60.0,2472.0,0
1789550096467848960,1789550100005695232,1789550100050781060,3,d4:bd:4f:61:e5:72,CESI_Robots,-61.0,2472.0,0
1789550096467848960,1789550100005695232,1789550100050781060,3,d4:bd:4f:61:e5:73,CESI_Recherche,-62.0,2472.0,0
1789550096467848960,1789550100005695232,1789550100050781060,3,d4:bd:4f:61:e5:74,CESI_Iot,-62.0,2472.0,0
1789550096467848960,1789550100005695232,1789550100050781060,3,d4:bd:4f:61:e5:70,CESI_Corp,-61.0,2472.0,0
1789550096467848960,1789550100005695232,1789550100050781060,3,02:91:9e:71:b0:15,poppy_net,-34.0,2472.0,0
1789550096467848960,1789550100005695232,1789550100050781060,3,d4:bd:4f:a1:91:c0,CESI_Corp,-60.0,5320.0,0
1789550096467848960,1789550100005695232,1789550100050781060,3,d4:bd:4f:a1:91:c1,CESI_HotSpot,-60.0,5320.0,0
1789550096467848960,1789550100005695232,1789550100050781060,3,d4:bd:4f:a1:91:c2,CESI_Robots,-60.0,5320.0,0
1789550096467848960,1789550100005695232,1789550100050781060,3,d4:bd:4f:a1:91:c3,CESI_Recherche,-60.0,5320.0,0
1789550096467848960,1789550100005695232,1789550100050781060,3,d4:bd:4f:a1:91:c4,CESI_Iot,-60.0,5320.0,0
1789550096467848960,1789550100005695232,1789550100050781060,3,d4:bd:4f:a0:d2:d0,CESI_Corp,-73.0,5540.0,0
1789550096467848960,1789550100005695232,1789550100050781060,3,d4:bd:4f:a0:d2:d1,CESI_HotSpot,-72.0,5540.0,0
1789550096467848960,1789550100005695232,1789550100050781060,3,d4:bd:4f:a0:d2:d2,CESI_Robots,-72.0,5540.0,0
1789550096467848960,1789550100005695232,1789550100050781060,3,d4:bd:4f:a0:d2:d3,CESI_Recherche,-73.0,5540.0,0
1789550096467848960,1789550100005695232,1789550100050781060,3,d4:bd:4f:a0:d2:d4,CESI_Iot,-72.0,5540.0,0
1789550096467848960,1789550100005695232,1789550100050781060,3,d4:bd:4f:a1:f4:50,CESI_Corp,-64.0,5580.0,0
1789550096467848960,1789550100005695232,1789550100050781060,3,d4:bd:4f:a1:f4:51,CESI_HotSpot,-64.0,5580.0,0
1789550096467848960,1789550100005695232,1789550100050781060,3,d4:bd:4f:a1:f4:52,CESI_Robots,-64.0,5580.0,0
1789550096467848960,1789550100005695232,1789550100050781060,3,d4:bd:4f:a1:f4:53,CESI_Recherche,-64.0,5580.0,0
1789550096467848960,1789550100005695232,1789550100050781060,3,d4:bd:4f:a1:f4:54,CESI_Iot,-64.0,5580.0,0
1789550096467848960,1789550100005695232,1789550100050781060,3,d4:bd:4f:a1:e5:70,CESI_Corp,-52.0,5620.0,0
1789550096467848960,1789550100005695232,1789550100050781060,3,d4:bd:4f:a1:e5:71,CESI_HotSpot,-52.0,5620.0,0
1789550096467848960,1789550100005695232,1789550100050781060,3,d4:bd:4f:a1:e5:72,CESI_Robots,-52.0,5620.0,0
1789550096467848960,1789550100005695232,1789550100050781060,3,d4:bd:4f:a1:e5:73,CESI_Recherche,-52.0,5620.0,0
1789550096467848960,1789550100005695232,1789550100050781060,3,d4:bd:4f:a1:e5:74,CESI_Iot,-52.0,5620.0,0
1789550096467848960,1789550100005695232,1789550100050781060,3,32:24:a9:e8:3e:7f,DIRECT-7F-HP OfficeJet Pro 9010,-72.0,2437.0,0
1789550096467848960,1789550100005695232,1789550100050781060,3,78:c4:0e:d7:b1:30,RM828_WIFI,-70.0,2412.0,4096
1789550096467848960,1789550100005695232,1789550100050781060,3,f8:d0:27:79:d8:b8,EB79D8B8-@E8D0dUTYu1AOsK,-72.0,2462.0,16588
1789550096467848960,1789550100005695232,1789550100050781060,3,d4:bd:4f:a1:a9:73,CESI_Recherche,-85.0,5280.0,16588
1789550096467848960,1789550100005695232,1789550100050781060,3,d4:bd:4f:a1:a9:74,CESI_Iot,-85.0,5280.0,12392
1789550096467848960,1789550100005695232,1789550100050781060,3,d4:bd:4f:a1:a9:70,CESI_Corp,-85.0,5280.0,16588
1789550096467848960,1789550100005695232,1789550100050781060,3,d4:bd:4f:a1:a9:71,CESI_HotSpot,-85.0,5280.0,16588
1789550096467848960,1789550100005695232,1789550100050781060,3,7c:26:64:69:50:05,,-90.0,5320.0,12392
1789550096467848960,1789550100005695232,1789550100050781060,3,2c:5a:0f:e5:7f:e1,eduroam,-74.0,2412.0,0
1789550096467848960,1789550100005695232,1789550100050781060,3,d4:bd:4f:60:d2:d3,CESI_Recherche,-71.0,2427.0,0
1789550096467848960,1789550100005695232,1789550100050781060,3,d4:bd:4f:60:d2:d4,CESI_Iot,-62.0,2427.0,4096
1789550096467848960,1789550100005695232,1789550100050781060,3,d4:bd:4f:a1:a9:72,CESI_Robots,-84.0,5280.0,16588
1789550096467848960,1789550100005695232,1789550100050781060,3,d4:bd:4f:60:d2:d1,CESI_HotSpot,-74.0,2427.0,0
1789550096467848960,1789550100005695232,1789550100050781060,3,2c:5a:0f:e5:7f:e0,eduspot,-69.0,2412.0,16588
1789550096467848960,1789550100005695232,1789550100050781060,3,d4:bd:4f:60:d2:d2,CESI_Robots,-70.0,2427.0,0
1789550096467848960,1789550100005695232,1789550100050781060,3,d4:bd:4f:60:d2:d0,CESI_Corp,-69.0,2427.0,0
1789550096467848960,1789550100005695232,1789550100050781060,3,8e:97:ea:a4:87:85,,-88.0,5200.0,0
1789550096467848960,1789550100005695232,1789550100050781060,3,2c:5a:0f:e5:7f:ef,eduspot,-89.0,5280.0,0
1789550096467848960,1789550100005695232,1789550100050781060,3,8c:97:ea:a4:87:84,Freebox-32CD89,-88.0,5200.0,8296
1789550096467848960,1789550100005695232,1789550100050781060,3,7c:26:64:69:50:04,,-79.0,2462.0,16588
1789550096467848960,1789550100005695232,1789550100050781060,3,a2:f1:22:b1:33:3b,The best Phone out there,-87.0,5200.0,8296
1789550096467848960,1789550100005695232,1789550100050781060,3,d6:31:fc:35:fc:75,iPhone17 Pro BME,-88.0,5220.0,0
1789550096467848960,1789550100005695232,1789550100050781060,3,d4:bd:4f:a1:d5:90,CESI_Corp,-90.0,5320.0,0
1789550096467848960,1789550100005695232,1789550100050781060,3,d4:bd:4f:a1:d5:92,CESI_Robots,-91.0,5320.0,8296
1789550096467848960,1789550100005695232,1789550100050781060,3,8c:97:ea:a4:87:80,Freebox-32CD89,-71.0,2462.0,0
1789550096467848960,1789550100005695232,1789550100050781060,3,8e:97:ea:e1:05:d9,,-77.0,2462.0,0
1789550096467848960,1789550100005695232,1789550100050781060,3,d4:bd:4f:a1:d5:91,CESI_HotSpot,-88.0,5320.0,0
1789550096467848960,1789550100005695232,1789550100050781060,3,d4:bd:4f:a1:d5:93,CESI_Recherche,-88.0,5320.0,0
1789550100556576000,1789550104096108800,1789550104145331466,4,a2:0c:c2:cf:c6:70,Galaxy S24 Ultra,-66.0,2412.0,0
1789550100556576000,1789550104096108800,1789550104145331466,4,d4:bd:4f:61:91:c0,CESI_Corp,-54.0,2417.0,0
1789550100556576000,1789550104096108800,1789550104145331466,4,d4:bd:4f:61:91:c1,CESI_HotSpot,-55.0,2417.0,0
1789550100556576000,1789550104096108800,1789550104145331466,4,d4:bd:4f:61:91:c2,CESI_Robots,-54.0,2417.0,0
1789550100556576000,1789550104096108800,1789550104145331466,4,d4:bd:4f:61:91:c3,CESI_Recherche,-54.0,2417.0,0
1789550100556576000,1789550104096108800,1789550104145331466,4,d4:bd:4f:61:91:c4,CESI_Iot,-54.0,2417.0,0
1789550100556576000,1789550104096108800,1789550104145331466,4,d4:bd:4f:61:f4:50,CESI_Corp,-67.0,2437.0,0
1789550100556576000,1789550104096108800,1789550104145331466,4,d4:bd:4f:61:f4:51,CESI_HotSpot,-65.0,2437.0,0
1789550100556576000,1789550104096108800,1789550104145331466,4,d4:bd:4f:61:f4:52,CESI_Robots,-66.0,2437.0,0
1789550100556576000,1789550104096108800,1789550104145331466,4,d4:bd:4f:61:f4:53,CESI_Recherche,-67.0,2437.0,0
1789550100556576000,1789550104096108800,1789550104145331466,4,d4:bd:4f:61:f4:54,CESI_Iot,-67.0,2437.0,0
1789550100556576000,1789550104096108800,1789550104145331466,4,d4:bd:4f:61:e5:71,CESI_HotSpot,-48.0,2472.0,0
1789550100556576000,1789550104096108800,1789550104145331466,4,d4:bd:4f:61:e5:72,CESI_Robots,-48.0,2472.0,0
1789550100556576000,1789550104096108800,1789550104145331466,4,d4:bd:4f:61:e5:73,CESI_Recherche,-50.0,2472.0,0
1789550100556576000,1789550104096108800,1789550104145331466,4,d4:bd:4f:61:e5:74,CESI_Iot,-49.0,2472.0,0
1789550100556576000,1789550104096108800,1789550104145331466,4,d4:bd:4f:61:e5:70,CESI_Corp,-49.0,2472.0,0
1789550100556576000,1789550104096108800,1789550104145331466,4,02:91:9e:71:b0:15,poppy_net,-34.0,2472.0,0
1789550100556576000,1789550104096108800,1789550104145331466,4,d4:bd:4f:a1:91:c0,CESI_Corp,-55.0,5320.0,0
1789550100556576000,1789550104096108800,1789550104145331466,4,d4:bd:4f:a1:91:c1,CESI_HotSpot,-56.0,5320.0,0
1789550100556576000,1789550104096108800,1789550104145331466,4,d4:bd:4f:a1:91:c2,CESI_Robots,-56.0,5320.0,0
1789550100556576000,1789550104096108800,1789550104145331466,4,d4:bd:4f:a1:91:c3,CESI_Recherche,-56.0,5320.0,0
1789550100556576000,1789550104096108800,1789550104145331466,4,d4:bd:4f:a1:91:c4,CESI_Iot,-56.0,5320.0,0
1789550100556576000,1789550104096108800,1789550104145331466,4,d4:bd:4f:a0:d2:d0,CESI_Corp,-71.0,5540.0,0
1789550100556576000,1789550104096108800,1789550104145331466,4,d4:bd:4f:a0:d2:d1,CESI_HotSpot,-72.0,5540.0,0
1789550100556576000,1789550104096108800,1789550104145331466,4,d4:bd:4f:a0:d2:d2,CESI_Robots,-72.0,5540.0,0
1789550100556576000,1789550104096108800,1789550104145331466,4,d4:bd:4f:a0:d2:d3,CESI_Recherche,-72.0,5540.0,0
1789550100556576000,1789550104096108800,1789550104145331466,4,d4:bd:4f:a0:d2:d4,CESI_Iot,-72.0,5540.0,0
1789550100556576000,1789550104096108800,1789550104145331466,4,d4:bd:4f:a1:f4:50,CESI_Corp,-64.0,5580.0,0
1789550100556576000,1789550104096108800,1789550104145331466,4,d4:bd:4f:a1:f4:51,CESI_HotSpot,-64.0,5580.0,0
1789550100556576000,1789550104096108800,1789550104145331466,4,d4:bd:4f:a1:f4:52,CESI_Robots,-64.0,5580.0,0
1789550100556576000,1789550104096108800,1789550104145331466,4,d4:bd:4f:a1:f4:53,CESI_Recherche,-64.0,5580.0,0
1789550100556576000,1789550104096108800,1789550104145331466,4,d4:bd:4f:a1:f4:54,CESI_Iot,-65.0,5580.0,0
1789550100556576000,1789550104096108800,1789550104145331466,4,d4:bd:4f:a1:e5:70,CESI_Corp,-52.0,5620.0,0
1789550100556576000,1789550104096108800,1789550104145331466,4,d4:bd:4f:a1:e5:71,CESI_HotSpot,-52.0,5620.0,4
1789550100556576000,1789550104096108800,1789550104145331466,4,d4:bd:4f:a1:e5:72,CESI_Robots,-52.0,5620.0,4
1789550100556576000,1789550104096108800,1789550104145331466,4,d4:bd:4f:a1:e5:73,CESI_Recherche,-52.0,5620.0,4
1789550100556576000,1789550104096108800,1789550104145331466,4,d4:bd:4f:a1:e5:74,CESI_Iot,-52.0,5620.0,4
1789550100556576000,1789550104096108800,1789550104145331466,4,32:24:a9:e8:3e:7f,DIRECT-7F-HP OfficeJet Pro 9010,-72.0,2437.0,4100
1789550100556576000,1789550104096108800,1789550104145331466,4,78:c4:0e:d7:b1:30,RM828_WIFI,-70.0,2412.0,4
1789550100556576000,1789550104096108800,1789550104145331466,4,f8:d0:27:79:d8:b8,EB79D8B8-@E8D0dUTYu1AOsK,-72.0,2462.0,4
1789550100556576000,1789550104096108800,1789550104145331466,4,d4:bd:4f:a1:a9:73,CESI_Recherche,-85.0,5280.0,20688
1789550100556576000,1789550104096108800,1789550104145331466,4,d4:bd:4f:a1:a9:74,CESI_Iot,-89.0,5280.0,4
1789550100556576000,1789550104096108800,1789550104145331466,4,d4:bd:4f:a1:a9:70,CESI_Corp,-85.0,5280.0,20688
1789550100556576000,1789550104096108800,1789550104145331466,4,d4:bd:4f:a1:a9:71,CESI_HotSpot,-85.0,5280.0,20688
1789550100556576000,1789550104096108800,1789550104145331466,4,7c:26:64:69:50:05,,-90.0,5320.0,16492
1789550100556576000,1789550104096108800,1789550104145331466,4,2c:5a:0f:e5:7f:e1,eduroam,-74.0,2412.0,4100
1789550100556576000,1789550104096108800,1789550104145331466,4,d4:bd:4f:60:d2:d3,CESI_Recherche,-71.0,2427.0,4100
1789550100556576000,1789550104096108800,1789550104145331466,4,d4:bd:4f:60:d2:d4,CESI_Iot,-62.0,2427.0,8196
1789550100556576000,1789550104096108800,1789550104145331466,4,d4:bd:4f:a1:a9:72,CESI_Robots,-84.0,5280.0,20688
1789550100556576000,1789550104096108800,1789550104145331466,4,d4:bd:4f:60:d2:d1,CESI_HotSpot,-69.0,2427.0,4
1789550100556576000,1789550104096108800,1789550104145331466,4,2c:5a:0f:e5:7f:e0,eduspot,-69.0,2412.0,20688
1789550100556576000,1789550104096108800,1789550104145331466,4,d4:bd:4f:60:d2:d2,CESI_Robots,-67.0,2427.0,4
1789550100556576000,1789550104096108800,1789550104145331466,4,d4:bd:4f:60:d2:d0,CESI_Corp,-69.0,2427.0,4
1789550100556576000,1789550104096108800,1789550104145331466,4,8e:97:ea:a4:87:85,,-88.0,5200.0,4100
1789550100556576000,1789550104096108800,1789550104145331466,4,2c:5a:0f:e5:7f:ef,eduspot,-85.0,5280.0,4
1789550100556576000,1789550104096108800,1789550104145331466,4,8c:97:ea:a4:87:84,Freebox-32CD89,-88.0,5200.0,12396
1789550100556576000,1789550104096108800,1789550104145331466,4,7c:26:64:69:50:04,,-79.0,2462.0,20688
1789550100556576000,1789550104096108800,1789550104145331466,4,a2:f1:22:b1:33:3b,The best Phone out there,-87.0,5200.0,12396
1789550100556576000,1789550104096108800,1789550104145331466,4,d6:31:fc:35:fc:75,iPhone17 Pro BME,-88.0,5220.0,4100
1789550100556576000,1789550104096108800,1789550104145331466,4,d4:bd:4f:a1:d5:90,CESI_Corp,-90.0,5320.0,4100
1789550100556576000,1789550104096108800,1789550104145331466,4,d4:bd:4f:a1:d5:92,CESI_Robots,-91.0,5320.0,12396
1789550100556576000,1789550104096108800,1789550104145331466,4,8c:97:ea:a4:87:80,Freebox-32CD89,-71.0,2462.0,4100
1789550100556576000,1789550104096108800,1789550104145331466,4,8e:97:ea:e1:05:d9,,-77.0,2462.0,4100
1789550100556576000,1789550104096108800,1789550104145331466,4,d4:bd:4f:a1:d5:91,CESI_HotSpot,-94.0,5320.0,4
1789550100556576000,1789550104096108800,1789550104145331466,4,d4:bd:4f:a1:d5:93,CESI_Recherche,-88.0,5320.0,4100
1789550100556576000,1789550104096108800,1789550104145331466,4,d4:bd:4f:a1:d5:94,CESI_Iot,-89.0,5320.0,4
1789550104648344064,1789550108299329024,1789550108353537506,5,a2:0c:c2:cf:c6:70,Galaxy S24 Ultra,-68.0,2412.0,0
1789550104648344064,1789550108299329024,1789550108353537506,5,d4:bd:4f:61:91:c0,CESI_Corp,-61.0,2417.0,0
1789550104648344064,1789550108299329024,1789550108353537506,5,d4:bd:4f:61:91:c1,CESI_HotSpot,-59.0,2417.0,0
1789550104648344064,1789550108299329024,1789550108353537506,5,d4:bd:4f:61:91:c2,CESI_Robots,-61.0,2417.0,0
1789550104648344064,1789550108299329024,1789550108353537506,5,d4:bd:4f:61:91:c3,CESI_Recherche,-60.0,2417.0,0
1789550104648344064,1789550108299329024,1789550108353537506,5,d4:bd:4f:61:91:c4,CESI_Iot,-61.0,2417.0,0
1789550104648344064,1789550108299329024,1789550108353537506,5,d4:bd:4f:61:f4:50,CESI_Corp,-70.0,2437.0,0
1789550104648344064,1789550108299329024,1789550108353537506,5,d4:bd:4f:61:f4:51,CESI_HotSpot,-70.0,2437.0,0
1789550104648344064,1789550108299329024,1789550108353537506,5,d4:bd:4f:61:f4:52,CESI_Robots,-70.0,2437.0,0
1789550104648344064,1789550108299329024,1789550108353537506,5,d4:bd:4f:61:f4:53,CESI_Recherche,-59.0,2437.0,0
1789550104648344064,1789550108299329024,1789550108353537506,5,d4:bd:4f:61:f4:54,CESI_Iot,-71.0,2437.0,0
1789550104648344064,1789550108299329024,1789550108353537506,5,d4:bd:4f:61:e5:71,CESI_HotSpot,-42.0,2472.0,0
1789550104648344064,1789550108299329024,1789550108353537506,5,d4:bd:4f:61:e5:72,CESI_Robots,-42.0,2472.0,0
1789550104648344064,1789550108299329024,1789550108353537506,5,d4:bd:4f:61:e5:73,CESI_Recherche,-42.0,2472.0,0
1789550104648344064,1789550108299329024,1789550108353537506,5,d4:bd:4f:61:e5:74,CESI_Iot,-42.0,2472.0,0
1789550104648344064,1789550108299329024,1789550108353537506,5,d4:bd:4f:61:e5:70,CESI_Corp,-42.0,2472.0,0
1789550104648344064,1789550108299329024,1789550108353537506,5,02:91:9e:71:b0:15,poppy_net,-29.0,2472.0,0
1789550104648344064,1789550108299329024,1789550108353537506,5,d4:bd:4f:a1:91:c0,CESI_Corp,-56.0,5320.0,0
1789550104648344064,1789550108299329024,1789550108353537506,5,d4:bd:4f:a1:91:c1,CESI_HotSpot,-57.0,5320.0,0
1789550104648344064,1789550108299329024,1789550108353537506,5,d4:bd:4f:a1:91:c2,CESI_Robots,-57.0,5320.0,0
1789550104648344064,1789550108299329024,1789550108353537506,5,d4:bd:4f:a1:91:c3,CESI_Recherche,-57.0,5320.0,0
1789550104648344064,1789550108299329024,1789550108353537506,5,d4:bd:4f:a1:91:c4,CESI_Iot,-57.0,5320.0,0
1789550104648344064,1789550108299329024,1789550108353537506,5,d4:bd:4f:a0:d2:d0,CESI_Corp,-78.0,5540.0,0
1789550104648344064,1789550108299329024,1789550108353537506,5,d4:bd:4f:a0:d2:d1,CESI_HotSpot,-79.0,5540.0,0
1789550104648344064,1789550108299329024,1789550108353537506,5,d4:bd:4f:a0:d2:d2,CESI_Robots,-79.0,5540.0,0
1789550104648344064,1789550108299329024,1789550108353537506,5,d4:bd:4f:a0:d2:d3,CESI_Recherche,-79.0,5540.0,0
1789550104648344064,1789550108299329024,1789550108353537506,5,d4:bd:4f:a0:d2:d4,CESI_Iot,-79.0,5540.0,0
1789550104648344064,1789550108299329024,1789550108353537506,5,d4:bd:4f:a1:f4:50,CESI_Corp,-59.0,5580.0,0
1789550104648344064,1789550108299329024,1789550108353537506,5,d4:bd:4f:a1:f4:51,CESI_HotSpot,-59.0,5580.0,0
1789550104648344064,1789550108299329024,1789550108353537506,5,d4:bd:4f:a1:f4:52,CESI_Robots,-59.0,5580.0,0
1789550104648344064,1789550108299329024,1789550108353537506,5,d4:bd:4f:a1:f4:53,CESI_Recherche,-59.0,5580.0,0
1789550104648344064,1789550108299329024,1789550108353537506,5,d4:bd:4f:a1:f4:54,CESI_Iot,-59.0,5580.0,0
1789550104648344064,1789550108299329024,1789550108353537506,5,d4:bd:4f:a1:e5:70,CESI_Corp,-49.0,5620.0,0
1789550104648344064,1789550108299329024,1789550108353537506,5,d4:bd:4f:a1:e5:71,CESI_HotSpot,-49.0,5620.0,0
1789550104648344064,1789550108299329024,1789550108353537506,5,d4:bd:4f:a1:e5:72,CESI_Robots,-49.0,5620.0,0
1789550104648344064,1789550108299329024,1789550108353537506,5,d4:bd:4f:a1:e5:73,CESI_Recherche,-49.0,5620.0,0
1789550104648344064,1789550108299329024,1789550108353537506,5,d4:bd:4f:a1:e5:74,CESI_Iot,-48.0,5620.0,0
1789550104648344064,1789550108299329024,1789550108353537506,5,32:24:a9:e8:3e:7f,DIRECT-7F-HP OfficeJet Pro 9010,-72.0,2437.0,8296
1789550104648344064,1789550108299329024,1789550108353537506,5,78:c4:0e:d7:b1:30,RM828_WIFI,-75.0,2412.0,0
1789550104648344064,1789550108299329024,1789550108353537506,5,f8:d0:27:79:d8:b8,EB79D8B8-@E8D0dUTYu1AOsK,-72.0,2462.0,4200
1789550104648344064,1789550108299329024,1789550108353537506,5,d4:bd:4f:a1:a9:73,CESI_Recherche,-85.0,5280.0,24884
1789550104648344064,1789550108299329024,1789550108353537506,5,d4:bd:4f:a1:a9:74,CESI_Iot,-89.0,5280.0,4200
1789550104648344064,1789550108299329024,1789550108353537506,5,d4:bd:4f:a1:a9:70,CESI_Corp,-85.0,5280.0,24884
1789550104648344064,1789550108299329024,1789550108353537506,5,d4:bd:4f:a1:a9:71,CESI_HotSpot,-85.0,5280.0,24884
1789550104648344064,1789550108299329024,1789550108353537506,5,7c:26:64:69:50:05,,-90.0,5320.0,20688
1789550104648344064,1789550108299329024,1789550108353537506,5,2c:5a:0f:e5:7f:e1,eduroam,-71.0,2412.0,0
1789550104648344064,1789550108299329024,1789550108353537506,5,d4:bd:4f:60:d2:d3,CESI_Recherche,-71.0,2427.0,8296
1789550104648344064,1789550108299329024,1789550108353537506,5,d4:bd:4f:60:d2:d4,CESI_Iot,-62.0,2427.0,12392
1789550104648344064,1789550108299329024,1789550108353537506,5,d4:bd:4f:a1:a9:72,CESI_Robots,-84.0,5280.0,24884
1789550104648344064,1789550108299329024,1789550108353537506,5,d4:bd:4f:60:d2:d1,CESI_HotSpot,-69.0,2427.0,4200
1789550104648344064,1789550108299329024,1789550108353537506,5,2c:5a:0f:e5:7f:e0,eduspot,-69.0,2412.0,24884
1789550104648344064,1789550108299329024,1789550108353537506,5,d4:bd:4f:60:d2:d2,CESI_Robots,-67.0,2427.0,4200
1789550104648344064,1789550108299329024,1789550108353537506,5,d4:bd:4f:60:d2:d0,CESI_Corp,-69.0,2427.0,4200
1789550104648344064,1789550108299329024,1789550108353537506,5,8e:97:ea:a4:87:85,,-88.0,5200.0,8296
1789550104648344064,1789550108299329024,1789550108353537506,5,2c:5a:0f:e5:7f:ef,eduspot,-85.0,5280.0,4200
1789550104648344064,1789550108299329024,1789550108353537506,5,8c:97:ea:a4:87:84,Freebox-32CD89,-85.0,5200.0,0
1789550104648344064,1789550108299329024,1789550108353537506,5,7c:26:64:69:50:04,,-79.0,2462.0,24884
1789550104648344064,1789550108299329024,1789550108353537506,5,a2:f1:22:b1:33:3b,The best Phone out there,-87.0,5200.0,16592
1789550104648344064,1789550108299329024,1789550108353537506,5,d6:31:fc:35:fc:75,iPhone17 Pro BME,-88.0,5220.0,8296
1789550104648344064,1789550108299329024,1789550108353537506,5,d4:bd:4f:a1:d5:90,CESI_Corp,-90.0,5320.0,8296
1789550104648344064,1789550108299329024,1789550108353537506,5,d4:bd:4f:a1:d5:92,CESI_Robots,-91.0,5320.0,16592
1789550104648344064,1789550108299329024,1789550108353537506,5,8c:97:ea:a4:87:80,Freebox-32CD89,-71.0,2462.0,8296
1789550104648344064,1789550108299329024,1789550108353537506,5,8e:97:ea:e1:05:d9,,-77.0,2462.0,8296
1789550104648344064,1789550108299329024,1789550108353537506,5,d4:bd:4f:a1:d5:91,CESI_HotSpot,-94.0,5320.0,4200
1789550104648344064,1789550108299329024,1789550108353537506,5,d4:bd:4f:a1:d5:93,CESI_Recherche,-88.0,5320.0,8296
1789550104648344064,1789550108299329024,1789550108353537506,5,d4:bd:4f:a1:d5:94,CESI_Iot,-89.0,5320.0,4200
1789550108857551104,1789550112492008960,1789550112556137955,6,a2:0c:c2:cf:c6:70,Galaxy S24 Ultra,-58.0,2412.0,4
1789550108857551104,1789550112492008960,1789550112556137955,6,d4:bd:4f:61:91:c0,CESI_Corp,-62.0,2417.0,4
1789550108857551104,1789550112492008960,1789550112556137955,6,d4:bd:4f:61:91:c1,CESI_HotSpot,-63.0,2417.0,4
1789550108857551104,1789550112492008960,1789550112556137955,6,d4:bd:4f:61:91:c2,CESI_Robots,-64.0,2417.0,4
1789550108857551104,1789550112492008960,1789550112556137955,6,d4:bd:4f:61:91:c3,CESI_Recherche,-61.0,2417.0,4
1789550108857551104,1789550112492008960,1789550112556137955,6,d4:bd:4f:61:91:c4,CESI_Iot,-55.0,2417.0,4
1789550108857551104,1789550112492008960,1789550112556137955,6,d4:bd:4f:61:f4:50,CESI_Corp,-59.0,2437.0,4
1789550108857551104,1789550112492008960,1789550112556137955,6,d4:bd:4f:61:f4:51,CESI_HotSpot,-62.0,2437.0,4
1789550108857551104,1789550112492008960,1789550112556137955,6,d4:bd:4f:61:f4:52,CESI_Robots,-63.0,2437.0,4
1789550108857551104,1789550112492008960,1789550112556137955,6,d4:bd:4f:61:f4:53,CESI_Recherche,-62.0,2437.0,4
1789550108857551104,1789550112492008960,1789550112556137955,6,d4:bd:4f:61:f4:54,CESI_Iot,-62.0,2437.0,4
1789550108857551104,1789550112492008960,1789550112556137955,6,d4:bd:4f:61:e5:71,CESI_HotSpot,-49.0,2472.0,4
1789550108857551104,1789550112492008960,1789550112556137955,6,d4:bd:4f:61:e5:72,CESI_Robots,-49.0,2472.0,4
1789550108857551104,1789550112492008960,1789550112556137955,6,d4:bd:4f:61:e5:73,CESI_Recherche,-49.0,2472.0,4
1789550108857551104,1789550112492008960,1789550112556137955,6,d4:bd:4f:61:e5:74,CESI_Iot,-51.0,2472.0,4
1789550108857551104,1789550112492008960,1789550112556137955,6,d4:bd:4f:61:e5:70,CESI_Corp,-49.0,2472.0,4
1789550108857551104,1789550112492008960,1789550112556137955,6,02:91:9e:71:b0:15,poppy_net,-29.0,2472.0,4
1789550108857551104,1789550112492008960,1789550112556137955,6,d4:bd:4f:a1:91:c0,CESI_Corp,-59.0,5320.0,4
1789550108857551104,1789550112492008960,1789550112556137955,6,d4:bd:4f:a1:91:c1,CESI_HotSpot,-59.0,5320.0,4
1789550108857551104,1789550112492008960,1789550112556137955,6,d4:bd:4f:a1:91:c2,CESI_Robots,-59.0,5320.0,4
1789550108857551104,1789550112492008960,1789550112556137955,6,d4:bd:4f:a1:91:c3,CESI_Recherche,-59.0,5320.0,4
1789550108857551104,1789550112492008960,1789550112556137955,6,d4:bd:4f:a1:91:c4,CESI_Iot,-59.0,5320.0,4
1789550108857551104,1789550112492008960,1789550112556137955,6,d4:bd:4f:a0:d2:d0,CESI_Corp,-80.0,5540.0,4
1789550108857551104,1789550112492008960,1789550112556137955,6,d4:bd:4f:a0:d2:d1,CESI_HotSpot,-79.0,5540.0,4
1789550108857551104,1789550112492008960,1789550112556137955,6,d4:bd:4f:a0:d2:d2,CESI_Robots,-79.0,5540.0,4
1789550108857551104,1789550112492008960,1789550112556137955,6,d4:bd:4f:a0:d2:d3,CESI_Recherche,-79.0,5540.0,4
1789550108857551104,1789550112492008960,1789550112556137955,6,d4:bd:4f:a0:d2:d4,CESI_Iot,-79.0,5540.0,4
1789550108857551104,1789550112492008960,1789550112556137955,6,d4:bd:4f:a1:f4:50,CESI_Corp,-67.0,5580.0,4
1789550108857551104,1789550112492008960,1789550112556137955,6,d4:bd:4f:a1:f4:51,CESI_HotSpot,-67.0,5580.0,4
1789550108857551104,1789550112492008960,1789550112556137955,6,d4:bd:4f:a1:f4:52,CESI_Robots,-67.0,5580.0,4
1789550108857551104,1789550112492008960,1789550112556137955,6,d4:bd:4f:a1:f4:53,CESI_Recherche,-67.0,5580.0,4
1789550108857551104,1789550112492008960,1789550112556137955,6,d4:bd:4f:a1:f4:54,CESI_Iot,-67.0,5580.0,4
1789550108857551104,1789550112492008960,1789550112556137955,6,d4:bd:4f:a1:e5:70,CESI_Corp,-45.0,5620.0,4
1789550108857551104,1789550112492008960,1789550112556137955,6,d4:bd:4f:a1:e5:71,CESI_HotSpot,-45.0,5620.0,4
1789550108857551104,1789550112492008960,1789550112556137955,6,d4:bd:4f:a1:e5:72,CESI_Robots,-45.0,5620.0,4
1789550108857551104,1789550112492008960,1789550112556137955,6,d4:bd:4f:a1:e5:73,CESI_Recherche,-45.0,5620.0,4
1789550108857551104,1789550112492008960,1789550112556137955,6,d4:bd:4f:a1:e5:74,CESI_Iot,-45.0,5620.0,4
1789550108857551104,1789550112492008960,1789550112556137955,6,32:24:a9:e8:3e:7f,DIRECT-7F-HP OfficeJet Pro 9010,-72.0,2437.0,12496
1789550108857551104,1789550112492008960,1789550112556137955,6,78:c4:0e:d7:b1:30,RM828_WIFI,-74.0,2412.0,4
1789550108857551104,1789550112492008960,1789550112556137955,6,f8:d0:27:79:d8:b8,EB79D8B8-@E8D0dUTYu1AOsK,-73.0,2462.0,4
1789550108857551104,1789550112492008960,1789550112556137955,6,d4:bd:4f:a1:a9:73,CESI_Recherche,-85.0,5280.0,29084
1789550108857551104,1789550112492008960,1789550112556137955,6,d4:bd:4f:a1:a9:74,CESI_Iot,-89.0,5280.0,8400
1789550108857551104,1789550112492008960,1789550112556137955,6,d4:bd:4f:a1:a9:70,CESI_Corp,-85.0,5280.0,29084
1789550108857551104,1789550112492008960,1789550112556137955,6,d4:bd:4f:a1:a9:71,CESI_HotSpot,-85.0,5280.0,29084
1789550108857551104,1789550112492008960,1789550112556137955,6,7c:26:64:69:50:05,,-90.0,5320.0,24888
1789550108857551104,1789550112492008960,1789550112556137955,6,2c:5a:0f:e5:7f:e1,eduroam,-67.0,2412.0,4
1789550108857551104,1789550112492008960,1789550112556137955,6,d4:bd:4f:60:d2:d3,CESI_Recherche,-71.0,2427.0,12496
1789550108857551104,1789550112492008960,1789550112556137955,6,d4:bd:4f:60:d2:d4,CESI_Iot,-69.0,2427.0,4
1789550108857551104,1789550112492008960,1789550112556137955,6,d4:bd:4f:a1:a9:72,CESI_Robots,-84.0,5280.0,29084
1789550108857551104,1789550112492008960,1789550112556137955,6,d4:bd:4f:60:d2:d1,CESI_HotSpot,-69.0,2427.0,8400
1789550108857551104,1789550112492008960,1789550112556137955,6,2c:5a:0f:e5:7f:e0,eduspot,-67.0,2412.0,4
1789550108857551104,1789550112492008960,1789550112556137955,6,d4:bd:4f:60:d2:d2,CESI_Robots,-67.0,2427.0,8400
1789550108857551104,1789550112492008960,1789550112556137955,6,d4:bd:4f:60:d2:d0,CESI_Corp,-71.0,2427.0,4
1789550108857551104,1789550112492008960,1789550112556137955,6,8e:97:ea:a4:87:85,,-88.0,5200.0,12496
1789550108857551104,1789550112492008960,1789550112556137955,6,2c:5a:0f:e5:7f:ef,eduspot,-85.0,5280.0,8400
1789550108857551104,1789550112492008960,1789550112556137955,6,8c:97:ea:a4:87:84,Freebox-32CD89,-85.0,5200.0,4200
1789550108857551104,1789550112492008960,1789550112556137955,6,7c:26:64:69:50:04,,-79.0,2462.0,29084
1789550108857551104,1789550112492008960,1789550112556137955,6,a2:f1:22:b1:33:3b,The best Phone out there,-87.0,5200.0,20792
1789550108857551104,1789550112492008960,1789550112556137955,6,d6:31:fc:35:fc:75,iPhone17 Pro BME,-88.0,5220.0,12496
1789550108857551104,1789550112492008960,1789550112556137955,6,d4:bd:4f:a1:d5:90,CESI_Corp,-90.0,5320.0,12496
1789550108857551104,1789550112492008960,1789550112556137955,6,d4:bd:4f:a1:d5:92,CESI_Robots,-91.0,5320.0,20792
1789550108857551104,1789550112492008960,1789550112556137955,6,8c:97:ea:a4:87:80,Freebox-32CD89,-71.0,2462.0,12496
1789550108857551104,1789550112492008960,1789550112556137955,6,8e:97:ea:e1:05:d9,,-77.0,2462.0,12496
1789550108857551104,1789550112492008960,1789550112556137955,6,d4:bd:4f:a1:d5:91,CESI_HotSpot,-94.0,5320.0,8400
1789550108857551104,1789550112492008960,1789550112556137955,6,d4:bd:4f:a1:d5:93,CESI_Recherche,-88.0,5320.0,12496
1789550108857551104,1789550112492008960,1789550112556137955,6,d4:bd:4f:a1:d5:94,CESI_Iot,-89.0,5320.0,8400
1789550108857551104,1789550112492008960,1789550112556137955,6,2c:5a:0f:e5:7f:ee,eduroam,-86.0,5280.0,4
1789550113058824960,1789550116700320000,1789550116746906793,7,a2:0c:c2:cf:c6:70,Galaxy S24 Ultra,-68.0,2412.0,4
1789550113058824960,1789550116700320000,1789550116746906793,7,d4:bd:4f:61:91:c0,CESI_Corp,-60.0,2417.0,4
1789550113058824960,1789550116700320000,1789550116746906793,7,d4:bd:4f:61:91:c1,CESI_HotSpot,-57.0,2417.0,4
1789550113058824960,1789550116700320000,1789550116746906793,7,d4:bd:4f:61:91:c2,CESI_Robots,-60.0,2417.0,4
1789550113058824960,1789550116700320000,1789550116746906793,7,d4:bd:4f:61:91:c3,CESI_Recherche,-58.0,2417.0,4
1789550113058824960,1789550116700320000,1789550116746906793,7,d4:bd:4f:61:91:c4,CESI_Iot,-58.0,2417.0,4
1789550113058824960,1789550116700320000,1789550116746906793,7,d4:bd:4f:61:f4:50,CESI_Corp,-65.0,2437.0,4
1789550113058824960,1789550116700320000,1789550116746906793,7,d4:bd:4f:61:f4:51,CESI_HotSpot,-68.0,2437.0,4
1789550113058824960,1789550116700320000,1789550116746906793,7,d4:bd:4f:61:f4:52,CESI_Robots,-67.0,2437.0,4
1789550113058824960,1789550116700320000,1789550116746906793,7,d4:bd:4f:61:f4:53,CESI_Recherche,-68.0,2437.0,4
1789550113058824960,1789550116700320000,1789550116746906793,7,d4:bd:4f:61:f4:54,CESI_Iot,-66.0,2437.0,4
1789550113058824960,1789550116700320000,1789550116746906793,7,d4:bd:4f:61:e5:71,CESI_HotSpot,-48.0,2472.0,4
1789550113058824960,1789550116700320000,1789550116746906793,7,d4:bd:4f:61:e5:72,CESI_Robots,-47.0,2472.0,4
1789550113058824960,1789550116700320000,1789550116746906793,7,d4:bd:4f:61:e5:73,CESI_Recherche,-47.0,2472.0,4
1789550113058824960,1789550116700320000,1789550116746906793,7,d4:bd:4f:61:e5:74,CESI_Iot,-47.0,2472.0,4
1789550113058824960,1789550116700320000,1789550116746906793,7,d4:bd:4f:61:e5:70,CESI_Corp,-48.0,2472.0,4
1789550113058824960,1789550116700320000,1789550116746906793,7,02:91:9e:71:b0:15,poppy_net,-34.0,2472.0,4
1789550113058824960,1789550116700320000,1789550116746906793,7,d4:bd:4f:a1:91:c0,CESI_Corp,-64.0,5320.0,4
1789550113058824960,1789550116700320000,1789550116746906793,7,d4:bd:4f:a1:91:c1,CESI_HotSpot,-64.0,5320.0,4
1789550113058824960,1789550116700320000,1789550116746906793,7,d4:bd:4f:a1:91:c2,CESI_Robots,-64.0,5320.0,4
1789550113058824960,1789550116700320000,1789550116746906793,7,d4:bd:4f:a1:91:c3,CESI_Recherche,-64.0,5320.0,4
1789550113058824960,1789550116700320000,1789550116746906793,7,d4:bd:4f:a1:91:c4,CESI_Iot,-64.0,5320.0,4
1789550113058824960,1789550116700320000,1789550116746906793,7,d4:bd:4f:a0:d2:d0,CESI_Corp,-79.0,5540.0,4
1789550113058824960,1789550116700320000,1789550116746906793,7,d4:bd:4f:a0:d2:d1,CESI_HotSpot,-80.0,5540.0,4
1789550113058824960,1789550116700320000,1789550116746906793,7,d4:bd:4f:a0:d2:d2,CESI_Robots,-80.0,5540.0,4
1789550113058824960,1789550116700320000,1789550116746906793,7,d4:bd:4f:a0:d2:d3,CESI_Recherche,-80.0,5540.0,4
1789550113058824960,1789550116700320000,1789550116746906793,7,d4:bd:4f:a0:d2:d4,CESI_Iot,-81.0,5540.0,4
1789550113058824960,1789550116700320000,1789550116746906793,7,d4:bd:4f:a1:f4:50,CESI_Corp,-66.0,5580.0,4
1789550113058824960,1789550116700320000,1789550116746906793,7,d4:bd:4f:a1:f4:51,CESI_HotSpot,-66.0,5580.0,4
1789550113058824960,1789550116700320000,1789550116746906793,7,d4:bd:4f:a1:f4:52,CESI_Robots,-66.0,5580.0,4
1789550113058824960,1789550116700320000,1789550116746906793,7,d4:bd:4f:a1:f4:53,CESI_Recherche,-66.0,5580.0,4
1789550113058824960,1789550116700320000,1789550116746906793,7,d4:bd:4f:a1:f4:54,CESI_Iot,-66.0,5580.0,4
1789550113058824960,1789550116700320000,1789550116746906793,7,d4:bd:4f:a1:e5:70,CESI_Corp,-51.0,5620.0,4
1789550113058824960,1789550116700320000,1789550116746906793,7,d4:bd:4f:a1:e5:71,CESI_HotSpot,-51.0,5620.0,4
1789550113058824960,1789550116700320000,1789550116746906793,7,d4:bd:4f:a1:e5:72,CESI_Robots,-50.0,5620.0,4
1789550113058824960,1789550116700320000,1789550116746906793,7,d4:bd:4f:a1:e5:73,CESI_Recherche,-51.0,5620.0,4
1789550113058824960,1789550116700320000,1789550116746906793,7,d4:bd:4f:a1:e5:74,CESI_Iot,-50.0,5620.0,4
1789550113058824960,1789550116700320000,1789550116746906793,7,32:24:a9:e8:3e:7f,DIRECT-7F-HP OfficeJet Pro 9010,-66.0,2437.0,4
1789550113058824960,1789550116700320000,1789550116746906793,7,78:c4:0e:d7:b1:30,RM828_WIFI,-74.0,2412.0,4200
1789550113058824960,1789550116700320000,1789550116746906793,7,f8:d0:27:79:d8:b8,EB79D8B8-@E8D0dUTYu1AOsK,-73.0,2462.0,4200
1789550113058824960,1789550116700320000,1789550116746906793,7,d4:bd:4f:a1:a9:74,CESI_Iot,-89.0,5280.0,12596
1789550113058824960,1789550116700320000,1789550116746906793,7,7c:26:64:69:50:05,,-90.0,5320.0,29084
1789550113058824960,1789550116700320000,1789550116746906793,7,2c:5a:0f:e5:7f:e1,eduroam,-66.0,2412.0,4
1789550113058824960,1789550116700320000,1789550116746906793,7,d4:bd:4f:60:d2:d3,CESI_Recherche,-74.0,2427.0,4
1789550113058824960,1789550116700320000,1789550116746906793,7,d4:bd:4f:60:d2:d4,CESI_Iot,-72.0,2427.0,4
1789550113058824960,1789550116700320000,1789550116746906793,7,d4:bd:4f:60:d2:d1,CESI_HotSpot,-69.0,2427.0,12596
1789550113058824960,1789550116700320000,1789550116746906793,7,2c:5a:0f:e5:7f:e0,eduspot,-67.0,2412.0,4200
1789550113058824960,1789550116700320000,1789550116746906793,7,d4:bd:4f:60:d2:d2,CESI_Robots,-67.0,2427.0,12596
1789550113058824960,1789550116700320000,1789550116746906793,7,d4:bd:4f:60:d2:d0,CESI_Corp,-71.0,2427.0,4200
1789550113058824960,1789550116700320000,1789550116746906793,7,8e:97:ea:a4:87:85,,-88.0,5200.0,16692
1789550113058824960,1789550116700320000,1789550116746906793,7,2c:5a:0f:e5:7f:ef,eduspot,-85.0,5280.0,12596
1789550113058824960,1789550116700320000,1789550116746906793,7,8c:97:ea:a4:87:84,Freebox-32CD89,-85.0,5200.0,8396
1789550113058824960,1789550116700320000,1789550116746906793,7,a2:f1:22:b1:33:3b,The best Phone out there,-87.0,5200.0,24988
1789550113058824960,1789550116700320000,1789550116746906793,7,d6:31:fc:35:fc:75,iPhone17 Pro BME,-88.0,5220.0,16692
1789550113058824960,1789550116700320000,1789550116746906793,7,d4:bd:4f:a1:d5:90,CESI_Corp,-90.0,5320.0,16692
1789550113058824960,1789550116700320000,1789550116746906793,7,d4:bd:4f:a1:d5:92,CESI_Robots,-91.0,5320.0,24988
1789550113058824960,1789550116700320000,1789550116746906793,7,8c:97:ea:a4:87:80,Freebox-32CD89,-71.0,2462.0,16692
1789550113058824960,1789550116700320000,1789550116746906793,7,8e:97:ea:e1:05:d9,,-77.0,2462.0,16692
1789550113058824960,1789550116700320000,1789550116746906793,7,d4:bd:4f:a1:d5:91,CESI_HotSpot,-94.0,5320.0,12596
1789550113058824960,1789550116700320000,1789550116746906793,7,d4:bd:4f:a1:d5:93,CESI_Recherche,-88.0,5320.0,16692
1789550113058824960,1789550116700320000,1789550116746906793,7,d4:bd:4f:a1:d5:94,CESI_Iot,-89.0,5320.0,12596
1789550113058824960,1789550116700320000,1789550116746906793,7,2c:5a:0f:e5:7f:ee,eduroam,-86.0,5280.0,4
1789550117250468864,1789550120887919872,1789550120935461194,8,a2:0c:c2:cf:c6:70,Galaxy S24 Ultra,-68.0,2412.0,4200
1789550117250468864,1789550120887919872,1789550120935461194,8,d4:bd:4f:61:91:c0,CESI_Corp,-58.0,2417.0,0
1789550117250468864,1789550120887919872,1789550120935461194,8,d4:bd:4f:61:91:c1,CESI_HotSpot,-58.0,2417.0,0
1789550117250468864,1789550120887919872,1789550120935461194,8,d4:bd:4f:61:91:c2,CESI_Robots,-58.0,2417.0,0
1789550117250468864,1789550120887919872,1789550120935461194,8,d4:bd:4f:61:91:c3,CESI_Recherche,-58.0,2417.0,4200
1789550117250468864,1789550120887919872,1789550120935461194,8,d4:bd:4f:61:91:c4,CESI_Iot,-58.0,2417.0,0
1789550117250468864,1789550120887919872,1789550120935461194,8,d4:bd:4f:61:f4:50,CESI_Corp,-66.0,2437.0,0
1789550117250468864,1789550120887919872,1789550120935461194,8,d4:bd:4f:61:f4:51,CESI_HotSpot,-63.0,2437.0,0
1789550117250468864,1789550120887919872,1789550120935461194,8,d4:bd:4f:61:f4:52,CESI_Robots,-67.0,2437.0,0
1789550117250468864,1789550120887919872,1789550120935461194,8,d4:bd:4f:61:f4:53,CESI_Recherche,-66.0,2437.0,0
1789550117250468864,1789550120887919872,1789550120935461194,8,d4:bd:4f:61:f4:54,CESI_Iot,-66.0,2437.0,4200
1789550117250468864,1789550120887919872,1789550120935461194,8,d4:bd:4f:61:e5:71,CESI_HotSpot,-50.0,2472.0,0
1789550117250468864,1789550120887919872,1789550120935461194,8,d4:bd:4f:61:e5:72,CESI_Robots,-49.0,2472.0,0
1789550117250468864,1789550120887919872,1789550120935461194,8,d4:bd:4f:61:e5:73,CESI_Recherche,-49.0,2472.0,0
1789550117250468864,1789550120887919872,1789550120935461194,8,d4:bd:4f:61:e5:74,CESI_Iot,-50.0,2472.0,0
1789550117250468864,1789550120887919872,1789550120935461194,8,d4:bd:4f:61:e5:70,CESI_Corp,-48.0,2472.0,0
1789550117250468864,1789550120887919872,1789550120935461194,8,02:91:9e:71:b0:15,poppy_net,-32.0,2472.0,0
1789550117250468864,1789550120887919872,1789550120935461194,8,d4:bd:4f:a1:91:c0,CESI_Corp,-65.0,5320.0,0
1789550117250468864,1789550120887919872,1789550120935461194,8,d4:bd:4f:a1:91:c1,CESI_HotSpot,-65.0,5320.0,0
1789550117250468864,1789550120887919872,1789550120935461194,8,d4:bd:4f:a1:91:c2,CESI_Robots,-65.0,5320.0,0
1789550117250468864,1789550120887919872,1789550120935461194,8,d4:bd:4f:a1:91:c3,CESI_Recherche,-65.0,5320.0,0
1789550117250468864,1789550120887919872,1789550120935461194,8,d4:bd:4f:a1:91:c4,CESI_Iot,-65.0,5320.0,0
1789550117250468864,1789550120887919872,1789550120935461194,8,d4:bd:4f:a0:d2:d0,CESI_Corp,-79.0,5540.0,0
1789550117250468864,1789550120887919872,1789550120935461194,8,d4:bd:4f:a0:d2:d1,CESI_HotSpot,-80.0,5540.0,0
1789550117250468864,1789550120887919872,1789550120935461194,8,d4:bd:4f:a0:d2:d2,CESI_Robots,-80.0,5540.0,0
1789550117250468864,1789550120887919872,1789550120935461194,8,d4:bd:4f:a0:d2:d3,CESI_Recherche,-80.0,5540.0,0
1789550117250468864,1789550120887919872,1789550120935461194,8,d4:bd:4f:a0:d2:d4,CESI_Iot,-79.0,5540.0,0
1789550117250468864,1789550120887919872,1789550120935461194,8,d4:bd:4f:a1:f4:50,CESI_Corp,-71.0,5580.0,0
1789550117250468864,1789550120887919872,1789550120935461194,8,d4:bd:4f:a1:f4:51,CESI_HotSpot,-71.0,5580.0,0
1789550117250468864,1789550120887919872,1789550120935461194,8,d4:bd:4f:a1:f4:52,CESI_Robots,-71.0,5580.0,0
1789550117250468864,1789550120887919872,1789550120935461194,8,d4:bd:4f:a1:f4:53,CESI_Recherche,-71.0,5580.0,0
1789550117250468864,1789550120887919872,1789550120935461194,8,d4:bd:4f:a1:f4:54,CESI_Iot,-71.0,5580.0,0
1789550117250468864,1789550120887919872,1789550120935461194,8,d4:bd:4f:a1:e5:70,CESI_Corp,-40.0,5620.0,0
1789550117250468864,1789550120887919872,1789550120935461194,8,d4:bd:4f:a1:e5:71,CESI_HotSpot,-40.0,5620.0,0
1789550117250468864,1789550120887919872,1789550120935461194,8,d4:bd:4f:a1:e5:72,CESI_Robots,-40.0,5620.0,0
1789550117250468864,1789550120887919872,1789550120935461194,8,d4:bd:4f:a1:e5:73,CESI_Recherche,-40.0,5620.0,0
1789550117250468864,1789550120887919872,1789550120935461194,8,d4:bd:4f:a1:e5:74,CESI_Iot,-40.0,5620.0,0
1789550117250468864,1789550120887919872,1789550120935461194,8,32:24:a9:e8:3e:7f,DIRECT-7F-HP OfficeJet Pro 9010,-67.0,2437.0,0
1789550117250468864,1789550120887919872,1789550120935461194,8,78:c4:0e:d7:b1:30,RM828_WIFI,-74.0,2412.0,8396
1789550117250468864,1789550120887919872,1789550120935461194,8,f8:d0:27:79:d8:b8,EB79D8B8-@E8D0dUTYu1AOsK,-73.0,2462.0,8396
1789550117250468864,1789550120887919872,1789550120935461194,8,d4:bd:4f:a1:a9:74,CESI_Iot,-89.0,5280.0,16792
1789550117250468864,1789550120887919872,1789550120935461194,8,2c:5a:0f:e5:7f:e1,eduroam,-66.0,2412.0,4200
1789550117250468864,1789550120887919872,1789550120935461194,8,d4:bd:4f:60:d2:d3,CESI_Recherche,-74.0,2427.0,4200
1789550117250468864,1789550120887919872,1789550120935461194,8,d4:bd:4f:60:d2:d4,CESI_Iot,-74.0,2427.0,0
1789550117250468864,1789550120887919872,1789550120935461194,8,d4:bd:4f:60:d2:d1,CESI_HotSpot,-69.0,2427.0,16792
1789550117250468864,1789550120887919872,1789550120935461194,8,2c:5a:0f:e5:7f:e0,eduspot,-67.0,2412.0,8396
1789550117250468864,1789550120887919872,1789550120935461194,8,d4:bd:4f:60:d2:d2,CESI_Robots,-67.0,2427.0,16792
1789550117250468864,1789550120887919872,1789550120935461194,8,d4:bd:4f:60:d2:d0,CESI_Corp,-71.0,2427.0,8396
1789550117250468864,1789550120887919872,1789550120935461194,8,8e:97:ea:a4:87:85,,-88.0,5200.0,20888
1789550117250468864,1789550120887919872,1789550120935461194,8,2c:5a:0f:e5:7f:ef,eduspot,-85.0,5280.0,0
1789550117250468864,1789550120887919872,1789550120935461194,8,8c:97:ea:a4:87:84,Freebox-32CD89,-85.0,5200.0,12592
1789550117250468864,1789550120887919872,1789550120935461194,8,a2:f1:22:b1:33:3b,The best Phone out there,-87.0,5200.0,29184
1789550117250468864,1789550120887919872,1789550120935461194,8,d6:31:fc:35:fc:75,iPhone17 Pro BME,-88.0,5220.0,20888
1789550117250468864,1789550120887919872,1789550120935461194,8,d4:bd:4f:a1:d5:90,CESI_Corp,-90.0,5320.0,20888
1789550117250468864,1789550120887919872,1789550120935461194,8,d4:bd:4f:a1:d5:92,CESI_Robots,-91.0,5320.0,29184
1789550117250468864,1789550120887919872,1789550120935461194,8,8c:97:ea:a4:87:80,Freebox-32CD89,-71.0,2462.0,20888
1789550117250468864,1789550120887919872,1789550120935461194,8,8e:97:ea:e1:05:d9,,-77.0,2462.0,20888
1789550117250468864,1789550120887919872,1789550120935461194,8,d4:bd:4f:a1:d5:91,CESI_HotSpot,-94.0,5320.0,16792
1789550117250468864,1789550120887919872,1789550120935461194,8,d4:bd:4f:a1:d5:93,CESI_Recherche,-88.0,5320.0,20888
1789550117250468864,1789550120887919872,1789550120935461194,8,d4:bd:4f:a1:d5:94,CESI_Iot,-89.0,5320.0,16792
1789550117250468864,1789550120887919872,1789550120935461194,8,2c:5a:0f:e5:7f:ee,eduroam,-86.0,5280.0,4200
1789550122071960832,1789550125723217920,1789550125773615685,9,a2:0c:c2:cf:c6:70,Galaxy S24 Ultra,-63.0,2412.0,4
1789550122071960832,1789550125723217920,1789550125773615685,9,d4:bd:4f:61:91:c0,CESI_Corp,-59.0,2417.0,4
1789550122071960832,1789550125723217920,1789550125773615685,9,d4:bd:4f:61:91:c1,CESI_HotSpot,-58.0,2417.0,4
1789550122071960832,1789550125723217920,1789550125773615685,9,d4:bd:4f:61:91:c2,CESI_Robots,-61.0,2417.0,4
1789550122071960832,1789550125723217920,1789550125773615685,9,d4:bd:4f:61:91:c3,CESI_Recherche,-59.0,2417.0,4
1789550122071960832,1789550125723217920,1789550125773615685,9,d4:bd:4f:61:91:c4,CESI_Iot,-59.0,2417.0,4
1789550122071960832,1789550125723217920,1789550125773615685,9,d4:bd:4f:61:f4:50,CESI_Corp,-66.0,2437.0,0
1789550122071960832,1789550125723217920,1789550125773615685,9,d4:bd:4f:61:f4:51,CESI_HotSpot,-66.0,2437.0,0
1789550122071960832,1789550125723217920,1789550125773615685,9,d4:bd:4f:61:f4:52,CESI_Robots,-67.0,2437.0,0
1789550122071960832,1789550125723217920,1789550125773615685,9,d4:bd:4f:61:f4:53,CESI_Recherche,-66.0,2437.0,0
1789550122071960832,1789550125723217920,1789550125773615685,9,d4:bd:4f:61:f4:54,CESI_Iot,-67.0,2437.0,0
1789550122071960832,1789550125723217920,1789550125773615685,9,d4:bd:4f:61:e5:71,CESI_HotSpot,-39.0,2472.0,0
1789550122071960832,1789550125723217920,1789550125773615685,9,d4:bd:4f:61:e5:72,CESI_Robots,-41.0,2472.0,0
1789550122071960832,1789550125723217920,1789550125773615685,9,d4:bd:4f:61:e5:73,CESI_Recherche,-41.0,2472.0,0
1789550122071960832,1789550125723217920,1789550125773615685,9,d4:bd:4f:61:e5:74,CESI_Iot,-42.0,2472.0,0
1789550122071960832,1789550125723217920,1789550125773615685,9,d4:bd:4f:61:e5:70,CESI_Corp,-39.0,2472.0,0
1789550122071960832,1789550125723217920,1789550125773615685,9,02:91:9e:71:b0:15,poppy_net,-32.0,2472.0,0
1789550122071960832,1789550125723217920,1789550125773615685,9,d4:bd:4f:a1:91:c0,CESI_Corp,-66.0,5320.0,0
1789550122071960832,1789550125723217920,1789550125773615685,9,d4:bd:4f:a1:91:c1,CESI_HotSpot,-66.0,5320.0,0
1789550122071960832,1789550125723217920,1789550125773615685,9,d4:bd:4f:a1:91:c2,CESI_Robots,-66.0,5320.0,0
1789550122071960832,1789550125723217920,1789550125773615685,9,d4:bd:4f:a1:91:c3,CESI_Recherche,-66.0,5320.0,0
1789550122071960832,1789550125723217920,1789550125773615685,9,d4:bd:4f:a1:91:c4,CESI_Iot,-66.0,5320.0,0
1789550122071960832,1789550125723217920,1789550125773615685,9,d4:bd:4f:a0:d2:d0,CESI_Corp,-81.0,5540.0,0
1789550122071960832,1789550125723217920,1789550125773615685,9,d4:bd:4f:a0:d2:d1,CESI_HotSpot,-81.0,5540.0,0
1789550122071960832,1789550125723217920,1789550125773615685,9,d4:bd:4f:a0:d2:d2,CESI_Robots,-81.0,5540.0,0
1789550122071960832,1789550125723217920,1789550125773615685,9,d4:bd:4f:a0:d2:d3,CESI_Recherche,-82.0,5540.0,0
1789550122071960832,1789550125723217920,1789550125773615685,9,d4:bd:4f:a0:d2:d4,CESI_Iot,-81.0,5540.0,0
1789550122071960832,1789550125723217920,1789550125773615685,9,d4:bd:4f:a1:f4:50,CESI_Corp,-66.0,5580.0,0
1789550122071960832,1789550125723217920,1789550125773615685,9,d4:bd:4f:a1:f4:51,CESI_HotSpot,-66.0,5580.0,0
1789550122071960832,1789550125723217920,1789550125773615685,9,d4:bd:4f:a1:f4:52,CESI_Robots,-66.0,5580.0,0
1789550122071960832,1789550125723217920,1789550125773615685,9,d4:bd:4f:a1:f4:53,CESI_Recherche,-66.0,5580.0,0
1789550122071960832,1789550125723217920,1789550125773615685,9,d4:bd:4f:a1:f4:54,CESI_Iot,-66.0,5580.0,0
1789550122071960832,1789550125723217920,1789550125773615685,9,d4:bd:4f:a1:e5:70,CESI_Corp,-44.0,5620.0,0
1789550122071960832,1789550125723217920,1789550125773615685,9,d4:bd:4f:a1:e5:71,CESI_HotSpot,-44.0,5620.0,0
1789550122071960832,1789550125723217920,1789550125773615685,9,d4:bd:4f:a1:e5:72,CESI_Robots,-43.0,5620.0,0
1789550122071960832,1789550125723217920,1789550125773615685,9,d4:bd:4f:a1:e5:73,CESI_Recherche,-43.0,5620.0,0
1789550122071960832,1789550125723217920,1789550125773615685,9,d4:bd:4f:a1:e5:74,CESI_Iot,-43.0,5620.0,0
1789550122071960832,1789550125723217920,1789550125773615685,9,32:24:a9:e8:3e:7f,DIRECT-7F-HP OfficeJet Pro 9010,-62.0,2437.0,0
1789550122071960832,1789550125723217920,1789550125773615685,9,78:c4:0e:d7:b1:30,RM828_WIFI,-74.0,2412.0,13212
1789550122071960832,1789550125723217920,1789550125773615685,9,f8:d0:27:79:d8:b8,EB79D8B8-@E8D0dUTYu1AOsK,-73.0,2462.0,13212
1789550122071960832,1789550125723217920,1789550125773615685,9,d4:bd:4f:a1:a9:74,CESI_Iot,-89.0,5280.0,21608
1789550122071960832,1789550125723217920,1789550125773615685,9,2c:5a:0f:e5:7f:e1,eduroam,-69.0,2412.0,4
1789550122071960832,1789550125723217920,1789550125773615685,9,d4:bd:4f:60:d2:d3,CESI_Recherche,-74.0,2427.0,9016
1789550122071960832,1789550125723217920,1789550125773615685,9,d4:bd:4f:60:d2:d4,CESI_Iot,-74.0,2427.0,4816
1789550122071960832,1789550125723217920,1789550125773615685,9,d4:bd:4f:60:d2:d1,CESI_HotSpot,-69.0,2427.0,21608
1789550122071960832,1789550125723217920,1789550125773615685,9,2c:5a:0f:e5:7f:e0,eduspot,-67.0,2412.0,4
1789550122071960832,1789550125723217920,1789550125773615685,9,d4:bd:4f:60:d2:d2,CESI_Robots,-67.0,2427.0,21608
1789550122071960832,1789550125723217920,1789550125773615685,9,d4:bd:4f:60:d2:d0,CESI_Corp,-71.0,2427.0,13212
1789550122071960832,1789550125723217920,1789550125773615685,9,8e:97:ea:a4:87:85,,-88.0,5200.0,25704
1789550122071960832,1789550125723217920,1789550125773615685,9,2c:5a:0f:e5:7f:ef,eduspot,-82.0,5280.0,0
1789550122071960832,1789550125723217920,1789550125773615685,9,8c:97:ea:a4:87:84,Freebox-32CD89,-85.0,5200.0,17408
1789550122071960832,1789550125723217920,1789550125773615685,9,d6:31:fc:35:fc:75,iPhone17 Pro BME,-88.0,5220.0,25704
1789550122071960832,1789550125723217920,1789550125773615685,9,d4:bd:4f:a1:d5:90,CESI_Corp,-90.0,5320.0,25704
1789550122071960832,1789550125723217920,1789550125773615685,9,8c:97:ea:a4:87:80,Freebox-32CD89,-71.0,2462.0,25704
1789550122071960832,1789550125723217920,1789550125773615685,9,8e:97:ea:e1:05:d9,,-77.0,2462.0,25704
1789550122071960832,1789550125723217920,1789550125773615685,9,d4:bd:4f:a1:d5:91,CESI_HotSpot,-94.0,5320.0,21608
1789550122071960832,1789550125723217920,1789550125773615685,9,d4:bd:4f:a1:d5:93,CESI_Recherche,-88.0,5320.0,25704
1789550122071960832,1789550125723217920,1789550125773615685,9,d4:bd:4f:a1:d5:94,CESI_Iot,-89.0,5320.0,21608
1789550122071960832,1789550125723217920,1789550125773615685,9,2c:5a:0f:e5:7f:ee,eduroam,-81.0,5280.0,0
1789550126275826944,1789550129893297920,1789550129941308860,10,a2:0c:c2:cf:c6:70,Galaxy S24 Ultra,-67.0,2412.0,4
1789550126275826944,1789550129893297920,1789550129941308860,10,d4:bd:4f:61:91:c0,CESI_Corp,-64.0,2417.0,4
1789550126275826944,1789550129893297920,1789550129941308860,10,d4:bd:4f:61:91:c1,CESI_HotSpot,-64.0,2417.0,4
1789550126275826944,1789550129893297920,1789550129941308860,10,d4:bd:4f:61:91:c2,CESI_Robots,-63.0,2417.0,4
1789550126275826944,1789550129893297920,1789550129941308860,10,d4:bd:4f:61:91:c3,CESI_Recherche,-61.0,2417.0,4
1789550126275826944,1789550129893297920,1789550129941308860,10,d4:bd:4f:61:91:c4,CESI_Iot,-63.0,2417.0,4
1789550126275826944,1789550129893297920,1789550129941308860,10,d4:bd:4f:61:f4:50,CESI_Corp,-64.0,2437.0,4
1789550126275826944,1789550129893297920,1789550129941308860,10,d4:bd:4f:61:f4:51,CESI_HotSpot,-64.0,2437.0,4
1789550126275826944,1789550129893297920,1789550129941308860,10,d4:bd:4f:61:f4:52,CESI_Robots,-61.0,2437.0,4
1789550126275826944,1789550129893297920,1789550129941308860,10,d4:bd:4f:61:f4:53,CESI_Recherche,-64.0,2437.0,4
1789550126275826944,1789550129893297920,1789550129941308860,10,d4:bd:4f:61:f4:54,CESI_Iot,-66.0,2437.0,4
1789550126275826944,1789550129893297920,1789550129941308860,10,d4:bd:4f:61:e5:71,CESI_HotSpot,-40.0,2472.0,4
1789550126275826944,1789550129893297920,1789550129941308860,10,d4:bd:4f:61:e5:72,CESI_Robots,-40.0,2472.0,4
1789550126275826944,1789550129893297920,1789550129941308860,10,d4:bd:4f:61:e5:73,CESI_Recherche,-40.0,2472.0,4
1789550126275826944,1789550129893297920,1789550129941308860,10,d4:bd:4f:61:e5:74,CESI_Iot,-40.0,2472.0,4
1789550126275826944,1789550129893297920,1789550129941308860,10,d4:bd:4f:61:e5:70,CESI_Corp,-40.0,2472.0,4
1789550126275826944,1789550129893297920,1789550129941308860,10,02:91:9e:71:b0:15,poppy_net,-30.0,2472.0,4
1789550126275826944,1789550129893297920,1789550129941308860,10,d4:bd:4f:a1:91:c0,CESI_Corp,-61.0,5320.0,4
1789550126275826944,1789550129893297920,1789550129941308860,10,d4:bd:4f:a1:91:c1,CESI_HotSpot,-61.0,5320.0,4
1789550126275826944,1789550129893297920,1789550129941308860,10,d4:bd:4f:a1:91:c2,CESI_Robots,-62.0,5320.0,4
1789550126275826944,1789550129893297920,1789550129941308860,10,d4:bd:4f:a1:91:c3,CESI_Recherche,-62.0,5320.0,4
1789550126275826944,1789550129893297920,1789550129941308860,10,d4:bd:4f:a1:91:c4,CESI_Iot,-62.0,5320.0,4
1789550126275826944,1789550129893297920,1789550129941308860,10,d4:bd:4f:a0:d2:d0,CESI_Corp,-82.0,5540.0,4
1789550126275826944,1789550129893297920,1789550129941308860,10,d4:bd:4f:a0:d2:d1,CESI_HotSpot,-82.0,5540.0,4
1789550126275826944,1789550129893297920,1789550129941308860,10,d4:bd:4f:a0:d2:d2,CESI_Robots,-83.0,5540.0,4
1789550126275826944,1789550129893297920,1789550129941308860,10,d4:bd:4f:a0:d2:d3,CESI_Recherche,-82.0,5540.0,0
1789550126275826944,1789550129893297920,1789550129941308860,10,d4:bd:4f:a0:d2:d4,CESI_Iot,-82.0,5540.0,0
1789550126275826944,1789550129893297920,1789550129941308860,10,d4:bd:4f:a1:f4:50,CESI_Corp,-68.0,5580.0,0
1789550126275826944,1789550129893297920,1789550129941308860,10,d4:bd:4f:a1:f4:51,CESI_HotSpot,-69.0,5580.0,0
1789550126275826944,1789550129893297920,1789550129941308860,10,d4:bd:4f:a1:f4:52,CESI_Robots,-69.0,5580.0,0
1789550126275826944,1789550129893297920,1789550129941308860,10,d4:bd:4f:a1:f4:53,CESI_Recherche,-69.0,5580.0,0
1789550126275826944,1789550129893297920,1789550129941308860,10,d4:bd:4f:a1:f4:54,CESI_Iot,-69.0,5580.0,0
1789550126275826944,1789550129893297920,1789550129941308860,10,d4:bd:4f:a1:e5:70,CESI_Corp,-41.0,5620.0,0
1789550126275826944,1789550129893297920,1789550129941308860,10,d4:bd:4f:a1:e5:71,CESI_HotSpot,-41.0,5620.0,0
1789550126275826944,1789550129893297920,1789550129941308860,10,d4:bd:4f:a1:e5:72,CESI_Robots,-41.0,5620.0,0
1789550126275826944,1789550129893297920,1789550129941308860,10,d4:bd:4f:a1:e5:73,CESI_Recherche,-41.0,5620.0,0
1789550126275826944,1789550129893297920,1789550129941308860,10,d4:bd:4f:a1:e5:74,CESI_Iot,-41.0,5620.0,0
1789550126275826944,1789550129893297920,1789550129941308860,10,32:24:a9:e8:3e:7f,DIRECT-7F-HP OfficeJet Pro 9010,-67.0,2437.0,4
1789550126275826944,1789550129893297920,1789550129941308860,10,78:c4:0e:d7:b1:30,RM828_WIFI,-70.0,2412.0,4
1789550126275826944,1789550129893297920,1789550129941308860,10,f8:d0:27:79:d8:b8,EB79D8B8-@E8D0dUTYu1AOsK,-73.0,2462.0,17408
1789550126275826944,1789550129893297920,1789550129941308860,10,d4:bd:4f:a1:a9:74,CESI_Iot,-89.0,5280.0,25804
1789550126275826944,1789550129893297920,1789550129941308860,10,2c:5a:0f:e5:7f:e1,eduroam,-65.0,2412.0,4
1789550126275826944,1789550129893297920,1789550129941308860,10,d4:bd:4f:60:d2:d3,CESI_Recherche,-74.0,2427.0,13212
1789550126275826944,1789550129893297920,1789550129941308860,10,d4:bd:4f:60:d2:d4,CESI_Iot,-74.0,2427.0,9012
1789550126275826944,1789550129893297920,1789550129941308860,10,d4:bd:4f:60:d2:d1,CESI_HotSpot,-69.0,2427.0,25804
1789550126275826944,1789550129893297920,1789550129941308860,10,2c:5a:0f:e5:7f:e0,eduspot,-65.0,2412.0,4
1789550126275826944,1789550129893297920,1789550129941308860,10,d4:bd:4f:60:d2:d2,CESI_Robots,-67.0,2427.0,25804
1789550126275826944,1789550129893297920,1789550129941308860,10,d4:bd:4f:60:d2:d0,CESI_Corp,-71.0,2427.0,17408
1789550126275826944,1789550129893297920,1789550129941308860,10,8e:97:ea:a4:87:85,,-88.0,5200.0,29900
1789550126275826944,1789550129893297920,1789550129941308860,10,2c:5a:0f:e5:7f:ef,eduspot,-82.0,5280.0,4196
1789550126275826944,1789550129893297920,1789550129941308860,10,8c:97:ea:a4:87:84,Freebox-32CD89,-85.0,5200.0,21604
1789550126275826944,1789550129893297920,1789550129941308860,10,d6:31:fc:35:fc:75,iPhone17 Pro BME,-88.0,5220.0,29900
1789550126275826944,1789550129893297920,1789550129941308860,10,d4:bd:4f:a1:d5:90,CESI_Corp,-90.0,5320.0,29900
1789550126275826944,1789550129893297920,1789550129941308860,10,8c:97:ea:a4:87:80,Freebox-32CD89,-71.0,2462.0,29900
1789550126275826944,1789550129893297920,1789550129941308860,10,8e:97:ea:e1:05:d9,,-78.0,2462.0,4
1789550126275826944,1789550129893297920,1789550129941308860,10,d4:bd:4f:a1:d5:91,CESI_HotSpot,-94.0,5320.0,25804
1789550126275826944,1789550129893297920,1789550129941308860,10,d4:bd:4f:a1:d5:93,CESI_Recherche,-88.0,5320.0,29900
1789550126275826944,1789550129893297920,1789550129941308860,10,d4:bd:4f:a1:d5:94,CESI_Iot,-89.0,5320.0,25804
1789550126275826944,1789550129893297920,1789550129941308860,10,2c:5a:0f:e5:7f:ee,eduroam,-87.0,5280.0,4
1789550130445177088,1789550134001359872,1789550134036355663,11,a2:0c:c2:cf:c6:70,Galaxy S24 Ultra,-68.0,2412.0,4
1789550130445177088,1789550134001359872,1789550134036355663,11,d4:bd:4f:61:91:c0,CESI_Corp,-61.0,2417.0,4
1789550130445177088,1789550134001359872,1789550134036355663,11,d4:bd:4f:61:91:c1,CESI_HotSpot,-66.0,2417.0,4
1789550130445177088,1789550134001359872,1789550134036355663,11,d4:bd:4f:61:91:c2,CESI_Robots,-66.0,2417.0,4
1789550130445177088,1789550134001359872,1789550134036355663,11,d4:bd:4f:61:91:c3,CESI_Recherche,-66.0,2417.0,4
1789550130445177088,1789550134001359872,1789550134036355663,11,d4:bd:4f:61:91:c4,CESI_Iot,-67.0,2417.0,4
1789550130445177088,1789550134001359872,1789550134036355663,11,d4:bd:4f:61:f4:50,CESI_Corp,-68.0,2437.0,4
1789550130445177088,1789550134001359872,1789550134036355663,11,d4:bd:4f:61:f4:51,CESI_HotSpot,-68.0,2437.0,4
1789550130445177088,1789550134001359872,1789550134036355663,11,d4:bd:4f:61:f4:52,CESI_Robots,-69.0,2437.0,4
1789550130445177088,1789550134001359872,1789550134036355663,11,d4:bd:4f:61:f4:53,CESI_Recherche,-69.0,2437.0,4
1789550130445177088,1789550134001359872,1789550134036355663,11,d4:bd:4f:61:f4:54,CESI_Iot,-68.0,2437.0,4
1789550130445177088,1789550134001359872,1789550134036355663,11,d4:bd:4f:61:e5:71,CESI_HotSpot,-41.0,2472.0,4
1789550130445177088,1789550134001359872,1789550134036355663,11,d4:bd:4f:61:e5:72,CESI_Robots,-41.0,2472.0,4
1789550130445177088,1789550134001359872,1789550134036355663,11,d4:bd:4f:61:e5:73,CESI_Recherche,-40.0,2472.0,4
1789550130445177088,1789550134001359872,1789550134036355663,11,d4:bd:4f:61:e5:74,CESI_Iot,-40.0,2472.0,4
1789550130445177088,1789550134001359872,1789550134036355663,11,d4:bd:4f:61:e5:70,CESI_Corp,-41.0,2472.0,4
1789550130445177088,1789550134001359872,1789550134036355663,11,02:91:9e:71:b0:15,poppy_net,-28.0,2472.0,4
1789550130445177088,1789550134001359872,1789550134036355663,11,d4:bd:4f:a1:91:c0,CESI_Corp,-62.0,5320.0,4
1789550130445177088,1789550134001359872,1789550134036355663,11,d4:bd:4f:a1:91:c1,CESI_HotSpot,-62.0,5320.0,4
1789550130445177088,1789550134001359872,1789550134036355663,11,d4:bd:4f:a1:91:c2,CESI_Robots,-62.0,5320.0,4
1789550130445177088,1789550134001359872,1789550134036355663,11,d4:bd:4f:a1:91:c3,CESI_Recherche,-62.0,5320.0,4
1789550130445177088,1789550134001359872,1789550134036355663,11,d4:bd:4f:a1:91:c4,CESI_Iot,-62.0,5320.0,4
1789550130445177088,1789550134001359872,1789550134036355663,11,d4:bd:4f:a0:d2:d0,CESI_Corp,-81.0,5540.0,4
1789550130445177088,1789550134001359872,1789550134036355663,11,d4:bd:4f:a0:d2:d1,CESI_HotSpot,-80.0,5540.0,0
1789550130445177088,1789550134001359872,1789550134036355663,11,d4:bd:4f:a0:d2:d2,CESI_Robots,-80.0,5540.0,0
1789550130445177088,1789550134001359872,1789550134036355663,11,d4:bd:4f:a0:d2:d3,CESI_Recherche,-80.0,5540.0,0
1789550130445177088,1789550134001359872,1789550134036355663,11,d4:bd:4f:a0:d2:d4,CESI_Iot,-80.0,5540.0,0
1789550130445177088,1789550134001359872,1789550134036355663,11,d4:bd:4f:a1:f4:50,CESI_Corp,-71.0,5580.0,0
1789550130445177088,1789550134001359872,1789550134036355663,11,d4:bd:4f:a1:f4:51,CESI_HotSpot,-72.0,5580.0,0
1789550130445177088,1789550134001359872,1789550134036355663,11,d4:bd:4f:a1:f4:52,CESI_Robots,-71.0,5580.0,0
1789550130445177088,1789550134001359872,1789550134036355663,11,d4:bd:4f:a1:f4:53,CESI_Recherche,-72.0,5580.0,0
1789550130445177088,1789550134001359872,1789550134036355663,11,d4:bd:4f:a1:f4:54,CESI_Iot,-72.0,5580.0,0
1789550130445177088,1789550134001359872,1789550134036355663,11,d4:bd:4f:a1:e5:70,CESI_Corp,-46.0,5620.0,0
1789550130445177088,1789550134001359872,1789550134036355663,11,d4:bd:4f:a1:e5:71,CESI_HotSpot,-47.0,5620.0,0
1789550130445177088,1789550134001359872,1789550134036355663,11,d4:bd:4f:a1:e5:72,CESI_Robots,-47.0,5620.0,0
1789550130445177088,1789550134001359872,1789550134036355663,11,d4:bd:4f:a1:e5:73,CESI_Recherche,-47.0,5620.0,0
1789550130445177088,1789550134001359872,1789550134036355663,11,d4:bd:4f:a1:e5:74,CESI_Iot,-47.0,5620.0,0
1789550130445177088,1789550134001359872,1789550134036355663,11,32:24:a9:e8:3e:7f,DIRECT-7F-HP OfficeJet Pro 9010,-66.0,2437.0,4
1789550130445177088,1789550134001359872,1789550134036355663,11,78:c4:0e:d7:b1:30,RM828_WIFI,-72.0,2412.0,4
1789550130445177088,1789550134001359872,1789550134036355663,11,f8:d0:27:79:d8:b8,EB79D8B8-@E8D0dUTYu1AOsK,-73.0,2462.0,21504
1789550130445177088,1789550134001359872,1789550134036355663,11,d4:bd:4f:a1:a9:74,CESI_Iot,-89.0,5280.0,29900
1789550130445177088,1789550134001359872,1789550134036355663,11,2c:5a:0f:e5:7f:e1,eduroam,-65.0,2412.0,4100
1789550130445177088,1789550134001359872,1789550134036355663,11,d4:bd:4f:60:d2:d3,CESI_Recherche,-74.0,2427.0,17308
1789550130445177088,1789550134001359872,1789550134036355663,11,d4:bd:4f:60:d2:d4,CESI_Iot,-74.0,2427.0,13108
1789550130445177088,1789550134001359872,1789550134036355663,11,d4:bd:4f:60:d2:d1,CESI_HotSpot,-69.0,2427.0,29900
1789550130445177088,1789550134001359872,1789550134036355663,11,2c:5a:0f:e5:7f:e0,eduspot,-67.0,2412.0,4
1789550130445177088,1789550134001359872,1789550134036355663,11,d4:bd:4f:60:d2:d2,CESI_Robots,-67.0,2427.0,29900
1789550130445177088,1789550134001359872,1789550134036355663,11,d4:bd:4f:60:d2:d0,CESI_Corp,-71.0,2427.0,21504
1789550130445177088,1789550134001359872,1789550134036355663,11,2c:5a:0f:e5:7f:ef,eduspot,-87.0,5280.0,4
1789550130445177088,1789550134001359872,1789550134036355663,11,8c:97:ea:a4:87:84,Freebox-32CD89,-85.0,5200.0,4
1789550130445177088,1789550134001359872,1789550134036355663,11,8e:97:ea:e1:05:d9,,-78.0,2462.0,4100
1789550130445177088,1789550134001359872,1789550134036355663,11,d4:bd:4f:a1:d5:91,CESI_HotSpot,-94.0,5320.0,29900
1789550130445177088,1789550134001359872,1789550134036355663,11,d4:bd:4f:a1:d5:94,CESI_Iot,-89.0,5320.0,29900
1789550130445177088,1789550134001359872,1789550134036355663,11,2c:5a:0f:e5:7f:ee,eduroam,-87.0,5280.0,4100
1789550134541637888,1789550138189724928,1789550138235248277,12,a2:0c:c2:cf:c6:70,Galaxy S24 Ultra,-68.0,2412.0,4200
1789550134541637888,1789550138189724928,1789550138235248277,12,d4:bd:4f:61:91:c0,CESI_Corp,-60.0,2417.0,0
1789550134541637888,1789550138189724928,1789550138235248277,12,d4:bd:4f:61:91:c1,CESI_HotSpot,-58.0,2417.0,0
1789550134541637888,1789550138189724928,1789550138235248277,12,d4:bd:4f:61:91:c2,CESI_Robots,-60.0,2417.0,0
1789550134541637888,1789550138189724928,1789550138235248277,12,d4:bd:4f:61:91:c3,CESI_Recherche,-58.0,2417.0,0
1789550134541637888,1789550138189724928,1789550138235248277,12,d4:bd:4f:61:91:c4,CESI_Iot,-59.0,2417.0,0
1789550134541637888,1789550138189724928,1789550138235248277,12,d4:bd:4f:61:f4:50,CESI_Corp,-70.0,2437.0,0
1789550134541637888,1789550138189724928,1789550138235248277,12,d4:bd:4f:61:f4:51,CESI_HotSpot,-68.0,2437.0,0
1789550134541637888,1789550138189724928,1789550138235248277,12,d4:bd:4f:61:f4:52,CESI_Robots,-69.0,2437.0,0
1789550134541637888,1789550138189724928,1789550138235248277,12,d4:bd:4f:61:f4:53,CESI_Recherche,-70.0,2437.0,0
1789550134541637888,1789550138189724928,1789550138235248277,12,d4:bd:4f:61:f4:54,CESI_Iot,-70.0,2437.0,0
1789550134541637888,1789550138189724928,1789550138235248277,12,d4:bd:4f:61:e5:71,CESI_HotSpot,-39.0,2472.0,0
1789550134541637888,1789550138189724928,1789550138235248277,12,d4:bd:4f:61:e5:72,CESI_Robots,-39.0,2472.0,0
1789550134541637888,1789550138189724928,1789550138235248277,12,d4:bd:4f:61:e5:73,CESI_Recherche,-39.0,2472.0,0
1789550134541637888,1789550138189724928,1789550138235248277,12,d4:bd:4f:61:e5:74,CESI_Iot,-39.0,2472.0,0
1789550134541637888,1789550138189724928,1789550138235248277,12,d4:bd:4f:61:e5:70,CESI_Corp,-39.0,2472.0,0
1789550134541637888,1789550138189724928,1789550138235248277,12,02:91:9e:71:b0:15,poppy_net,-29.0,2472.0,0
1789550134541637888,1789550138189724928,1789550138235248277,12,d4:bd:4f:a1:91:c0,CESI_Corp,-64.0,5320.0,0
1789550134541637888,1789550138189724928,1789550138235248277,12,d4:bd:4f:a1:91:c1,CESI_HotSpot,-65.0,5320.0,0
1789550134541637888,1789550138189724928,1789550138235248277,12,d4:bd:4f:a1:91:c2,CESI_Robots,-65.0,5320.0,0
1789550134541637888,1789550138189724928,1789550138235248277,12,d4:bd:4f:a1:91:c3,CESI_Recherche,-65.0,5320.0,0
1789550134541637888,1789550138189724928,1789550138235248277,12,d4:bd:4f:a1:91:c4,CESI_Iot,-65.0,5320.0,0
1789550134541637888,1789550138189724928,1789550138235248277,12,d4:bd:4f:a0:d2:d0,CESI_Corp,-80.0,5540.0,0
1789550134541637888,1789550138189724928,1789550138235248277,12,d4:bd:4f:a0:d2:d1,CESI_HotSpot,-82.0,5540.0,0
1789550134541637888,1789550138189724928,1789550138235248277,12,d4:bd:4f:a0:d2:d2,CESI_Robots,-81.0,5540.0,0
1789550134541637888,1789550138189724928,1789550138235248277,12,d4:bd:4f:a0:d2:d3,CESI_Recherche,-82.0,5540.0,0
1789550134541637888,1789550138189724928,1789550138235248277,12,d4:bd:4f:a0:d2:d4,CESI_Iot,-81.0,5540.0,0
1789550134541637888,1789550138189724928,1789550138235248277,12,d4:bd:4f:a1:f4:50,CESI_Corp,-69.0,5580.0,0
1789550134541637888,1789550138189724928,1789550138235248277,12,d4:bd:4f:a1:f4:51,CESI_HotSpot,-70.0,5580.0,0
1789550134541637888,1789550138189724928,1789550138235248277,12,d4:bd:4f:a1:f4:52,CESI_Robots,-69.0,5580.0,0
1789550134541637888,1789550138189724928,1789550138235248277,12,d4:bd:4f:a1:f4:53,CESI_Recherche,-70.0,5580.0,0
1789550134541637888,1789550138189724928,1789550138235248277,12,d4:bd:4f:a1:f4:54,CESI_Iot,-70.0,5580.0,0
1789550134541637888,1789550138189724928,1789550138235248277,12,d4:bd:4f:a1:e5:70,CESI_Corp,-45.0,5620.0,0
1789550134541637888,1789550138189724928,1789550138235248277,12,d4:bd:4f:a1:e5:71,CESI_HotSpot,-45.0,5620.0,0
1789550134541637888,1789550138189724928,1789550138235248277,12,d4:bd:4f:a1:e5:72,CESI_Robots,-45.0,5620.0,0
1789550134541637888,1789550138189724928,1789550138235248277,12,d4:bd:4f:a1:e5:73,CESI_Recherche,-45.0,5620.0,0
1789550134541637888,1789550138189724928,1789550138235248277,12,d4:bd:4f:a1:e5:74,CESI_Iot,-45.0,5620.0,0
1789550134541637888,1789550138189724928,1789550138235248277,12,32:24:a9:e8:3e:7f,DIRECT-7F-HP OfficeJet Pro 9010,-70.0,2437.0,0
1789550134541637888,1789550138189724928,1789550138235248277,12,78:c4:0e:d7:b1:30,RM828_WIFI,-79.0,2412.0,0
1789550134541637888,1789550138189724928,1789550138235248277,12,f8:d0:27:79:d8:b8,EB79D8B8-@E8D0dUTYu1AOsK,-73.0,2462.0,25700
1789550134541637888,1789550138189724928,1789550138235248277,12,2c:5a:0f:e5:7f:e1,eduroam,-66.0,2412.0,0
1789550134541637888,1789550138189724928,1789550138235248277,12,d4:bd:4f:60:d2:d3,CESI_Recherche,-74.0,2427.0,21504
1789550134541637888,1789550138189724928,1789550138235248277,12,d4:bd:4f:60:d2:d4,CESI_Iot,-74.0,2427.0,17304
1789550134541637888,1789550138189724928,1789550138235248277,12,2c:5a:0f:e5:7f:e0,eduspot,-67.0,2412.0,4200
1789550134541637888,1789550138189724928,1789550138235248277,12,d4:bd:4f:60:d2:d0,CESI_Corp,-71.0,2427.0,25700
1789550134541637888,1789550138189724928,1789550138235248277,12,2c:5a:0f:e5:7f:ef,eduspot,-88.0,5280.0,0
1789550134541637888,1789550138189724928,1789550138235248277,12,8c:97:ea:a4:87:84,Freebox-32CD89,-85.0,5200.0,4200
1789550134541637888,1789550138189724928,1789550138235248277,12,8e:97:ea:e1:05:d9,,-78.0,2462.0,8296
1789550134541637888,1789550138189724928,1789550138235248277,12,2c:5a:0f:e5:7f:ee,eduroam,-87.0,5280.0,8296
1789550138735710976,1789550142290419200,1789550142342194574,13,a2:0c:c2:cf:c6:70,Galaxy S24 Ultra,-78.0,2412.0,0
1789550138735710976,1789550142290419200,1789550142342194574,13,d4:bd:4f:61:91:c0,CESI_Corp,-62.0,2417.0,0
1789550138735710976,1789550142290419200,1789550142342194574,13,d4:bd:4f:61:91:c1,CESI_HotSpot,-63.0,2417.0,0
1789550138735710976,1789550142290419200,1789550142342194574,13,d4:bd:4f:61:91:c2,CESI_Robots,-62.0,2417.0,0
1789550138735710976,1789550142290419200,1789550142342194574,13,d4:bd:4f:61:91:c3,CESI_Recherche,-62.0,2417.0,0
1789550138735710976,1789550142290419200,1789550142342194574,13,d4:bd:4f:61:91:c4,CESI_Iot,-62.0,2417.0,0
1789550138735710976,1789550142290419200,1789550142342194574,13,d4:bd:4f:61:f4:50,CESI_Corp,-62.0,2437.0,0
1789550138735710976,1789550142290419200,1789550142342194574,13,d4:bd:4f:61:f4:51,CESI_HotSpot,-72.0,2437.0,0
1789550138735710976,1789550142290419200,1789550142342194574,13,d4:bd:4f:61:f4:52,CESI_Robots,-71.0,2437.0,0
1789550138735710976,1789550142290419200,1789550142342194574,13,d4:bd:4f:61:f4:53,CESI_Recherche,-70.0,2437.0,0
1789550138735710976,1789550142290419200,1789550142342194574,13,d4:bd:4f:61:f4:54,CESI_Iot,-77.0,2437.0,0
1789550138735710976,1789550142290419200,1789550142342194574,13,d4:bd:4f:61:e5:71,CESI_HotSpot,-37.0,2472.0,0
1789550138735710976,1789550142290419200,1789550142342194574,13,d4:bd:4f:61:e5:72,CESI_Robots,-37.0,2472.0,0
1789550138735710976,1789550142290419200,1789550142342194574,13,d4:bd:4f:61:e5:73,CESI_Recherche,-37.0,2472.0,0
1789550138735710976,1789550142290419200,1789550142342194574,13,d4:bd:4f:61:e5:74,CESI_Iot,-37.0,2472.0,0
1789550138735710976,1789550142290419200,1789550142342194574,13,d4:bd:4f:61:e5:70,CESI_Corp,-37.0,2472.0,0
1789550138735710976,1789550142290419200,1789550142342194574,13,02:91:9e:71:b0:15,poppy_net,-31.0,2472.0,0
1789550138735710976,1789550142290419200,1789550142342194574,13,d4:bd:4f:a1:91:c0,CESI_Corp,-67.0,5320.0,0
1789550138735710976,1789550142290419200,1789550142342194574,13,d4:bd:4f:a1:91:c1,CESI_HotSpot,-67.0,5320.0,0
1789550138735710976,1789550142290419200,1789550142342194574,13,d4:bd:4f:a1:91:c2,CESI_Robots,-67.0,5320.0,0
1789550138735710976,1789550142290419200,1789550142342194574,13,d4:bd:4f:a1:91:c3,CESI_Recherche,-67.0,5320.0,0
1789550138735710976,1789550142290419200,1789550142342194574,13,d4:bd:4f:a1:91:c4,CESI_Iot,-67.0,5320.0,0
1789550138735710976,1789550142290419200,1789550142342194574,13,d4:bd:4f:a0:d2:d0,CESI_Corp,-86.0,5540.0,0
1789550138735710976,1789550142290419200,1789550142342194574,13,d4:bd:4f:a0:d2:d1,CESI_HotSpot,-85.0,5540.0,0
1789550138735710976,1789550142290419200,1789550142342194574,13,d4:bd:4f:a0:d2:d2,CESI_Robots,-85.0,5540.0,0
1789550138735710976,1789550142290419200,1789550142342194574,13,d4:bd:4f:a0:d2:d3,CESI_Recherche,-85.0,5540.0,0
1789550138735710976,1789550142290419200,1789550142342194574,13,d4:bd:4f:a0:d2:d4,CESI_Iot,-86.0,5540.0,0
1789550138735710976,1789550142290419200,1789550142342194574,13,d4:bd:4f:a1:f4:50,CESI_Corp,-67.0,5580.0,0
1789550138735710976,1789550142290419200,1789550142342194574,13,d4:bd:4f:a1:f4:51,CESI_HotSpot,-67.0,5580.0,0
1789550138735710976,1789550142290419200,1789550142342194574,13,d4:bd:4f:a1:f4:52,CESI_Robots,-67.0,5580.0,0
1789550138735710976,1789550142290419200,1789550142342194574,13,d4:bd:4f:a1:f4:53,CESI_Recherche,-67.0,5580.0,0
1789550138735710976,1789550142290419200,1789550142342194574,13,d4:bd:4f:a1:f4:54,CESI_Iot,-67.0,5580.0,0
1789550138735710976,1789550142290419200,1789550142342194574,13,d4:bd:4f:a1:e5:70,CESI_Corp,-42.0,5620.0,0
1789550138735710976,1789550142290419200,1789550142342194574,13,d4:bd:4f:a1:e5:71,CESI_HotSpot,-42.0,5620.0,0
1789550138735710976,1789550142290419200,1789550142342194574,13,d4:bd:4f:a1:e5:72,CESI_Robots,-42.0,5620.0,0
1789550138735710976,1789550142290419200,1789550142342194574,13,d4:bd:4f:a1:e5:73,CESI_Recherche,-42.0,5620.0,0
1789550138735710976,1789550142290419200,1789550142342194574,13,d4:bd:4f:a1:e5:74,CESI_Iot,-42.0,5620.0,0
1789550138735710976,1789550142290419200,1789550142342194574,13,32:24:a9:e8:3e:7f,DIRECT-7F-HP OfficeJet Pro 9010,-69.0,2437.0,0
1789550138735710976,1789550142290419200,1789550142342194574,13,78:c4:0e:d7:b1:30,RM828_WIFI,-73.0,2412.0,0
1789550138735710976,1789550142290419200,1789550142342194574,13,f8:d0:27:79:d8:b8,EB79D8B8-@E8D0dUTYu1AOsK,-73.0,2462.0,29796
1789550138735710976,1789550142290419200,1789550142342194574,13,2c:5a:0f:e5:7f:e1,eduroam,-64.0,2412.0,0
1789550138735710976,1789550142290419200,1789550142342194574,13,d4:bd:4f:60:d2:d3,CESI_Recherche,-74.0,2427.0,25600
1789550138735710976,1789550142290419200,1789550142342194574,13,d4:bd:4f:60:d2:d4,CESI_Iot,-74.0,2427.0,21400
1789550138735710976,1789550142290419200,1789550142342194574,13,2c:5a:0f:e5:7f:e0,eduspot,-65.0,2412.0,0
1789550138735710976,1789550142290419200,1789550142342194574,13,d4:bd:4f:60:d2:d0,CESI_Corp,-74.0,2427.0,0
1789550138735710976,1789550142290419200,1789550142342194574,13,2c:5a:0f:e5:7f:ef,eduspot,-88.0,5280.0,4096
1789550138735710976,1789550142290419200,1789550142342194574,13,8c:97:ea:a4:87:84,Freebox-32CD89,-85.0,5200.0,8296
1789550138735710976,1789550142290419200,1789550142342194574,13,8e:97:ea:e1:05:d9,,-78.0,2462.0,12392
1789550138735710976,1789550142290419200,1789550142342194574,13,2c:5a:0f:e5:7f:ee,eduroam,-85.0,5280.0,0
1789550138735710976,1789550142290419200,1789550142342194574,13,d4:bd:4f:60:d2:d1,CESI_HotSpot,-73.0,2427.0,0
1789550138735710976,1789550142290419200,1789550142342194574,13,d4:bd:4f:60:d2:d2,CESI_Robots,-70.0,2427.0,0
1789550138735710976,1789550142290419200,1789550142342194574,13,7c:26:64:69:50:04,,-80.0,2462.0,0
1789550143914927872,1789550147507811072,1789550147542182867,14,a2:0c:c2:cf:c6:70,Galaxy S24 Ultra,-69.0,2412.0,4
1789550143914927872,1789550147507811072,1789550147542182867,14,d4:bd:4f:61:91:c0,CESI_Corp,-57.0,2417.0,4
1789550143914927872,1789550147507811072,1789550147542182867,14,d4:bd:4f:61:91:c1,CESI_HotSpot,-63.0,2417.0,4
1789550143914927872,1789550147507811072,1789550147542182867,14,d4:bd:4f:61:91:c2,CESI_Robots,-61.0,2417.0,4
1789550143914927872,1789550147507811072,1789550147542182867,14,d4:bd:4f:61:91:c3,CESI_Recherche,-61.0,2417.0,4
1789550143914927872,1789550147507811072,1789550147542182867,14,d4:bd:4f:61:91:c4,CESI_Iot,-64.0,2417.0,4
1789550143914927872,1789550147507811072,1789550147542182867,14,d4:bd:4f:61:f4:50,CESI_Corp,-65.0,2437.0,4
1789550143914927872,1789550147507811072,1789550147542182867,14,d4:bd:4f:61:f4:51,CESI_HotSpot,-66.0,2437.0,4
1789550143914927872,1789550147507811072,1789550147542182867,14,d4:bd:4f:61:f4:52,CESI_Robots,-66.0,2437.0,4
1789550143914927872,1789550147507811072,1789550147542182867,14,d4:bd:4f:61:f4:53,CESI_Recherche,-66.0,2437.0,4
1789550143914927872,1789550147507811072,1789550147542182867,14,d4:bd:4f:61:f4:54,CESI_Iot,-66.0,2437.0,4
1789550143914927872,1789550147507811072,1789550147542182867,14,d4:bd:4f:61:e5:71,CESI_HotSpot,-33.0,2472.0,4
1789550143914927872,1789550147507811072,1789550147542182867,14,d4:bd:4f:61:e5:72,CESI_Robots,-35.0,2472.0,4
1789550143914927872,1789550147507811072,1789550147542182867,14,d4:bd:4f:61:e5:73,CESI_Recherche,-35.0,2472.0,4
1789550143914927872,1789550147507811072,1789550147542182867,14,d4:bd:4f:61:e5:74,CESI_Iot,-34.0,2472.0,4
1789550143914927872,1789550147507811072,1789550147542182867,14,d4:bd:4f:61:e5:70,CESI_Corp,-33.0,2472.0,4
1789550143914927872,1789550147507811072,1789550147542182867,14,02:91:9e:71:b0:15,poppy_net,-33.0,2472.0,4
1789550143914927872,1789550147507811072,1789550147542182867,14,d4:bd:4f:a1:91:c0,CESI_Corp,-59.0,5320.0,4
1789550143914927872,1789550147507811072,1789550147542182867,14,d4:bd:4f:a1:91:c1,CESI_HotSpot,-59.0,5320.0,4
1789550143914927872,1789550147507811072,1789550147542182867,14,d4:bd:4f:a1:91:c2,CESI_Robots,-59.0,5320.0,4
1789550143914927872,1789550147507811072,1789550147542182867,14,d4:bd:4f:a1:91:c3,CESI_Recherche,-59.0,5320.0,4
1789550143914927872,1789550147507811072,1789550147542182867,14,d4:bd:4f:a1:91:c4,CESI_Iot,-59.0,5320.0,4
1789550143914927872,1789550147507811072,1789550147542182867,14,d4:bd:4f:a0:d2:d0,CESI_Corp,-72.0,5540.0,4
1789550143914927872,1789550147507811072,1789550147542182867,14,d4:bd:4f:a0:d2:d1,CESI_HotSpot,-72.0,5540.0,4
1789550143914927872,1789550147507811072,1789550147542182867,14,d4:bd:4f:a0:d2:d2,CESI_Robots,-72.0,5540.0,4
1789550143914927872,1789550147507811072,1789550147542182867,14,d4:bd:4f:a0:d2:d3,CESI_Recherche,-72.0,5540.0,4
1789550143914927872,1789550147507811072,1789550147542182867,14,d4:bd:4f:a0:d2:d4,CESI_Iot,-73.0,5540.0,4
1789550143914927872,1789550147507811072,1789550147542182867,14,d4:bd:4f:a1:f4:50,CESI_Corp,-61.0,5580.0,4
1789550143914927872,1789550147507811072,1789550147542182867,14,d4:bd:4f:a1:f4:51,CESI_HotSpot,-61.0,5580.0,4
1789550143914927872,1789550147507811072,1789550147542182867,14,d4:bd:4f:a1:f4:52,CESI_Robots,-61.0,5580.0,4
1789550143914927872,1789550147507811072,1789550147542182867,14,d4:bd:4f:a1:f4:53,CESI_Recherche,-61.0,5580.0,4
1789550143914927872,1789550147507811072,1789550147542182867,14,d4:bd:4f:a1:f4:54,CESI_Iot,-61.0,5580.0,4
1789550143914927872,1789550147507811072,1789550147542182867,14,d4:bd:4f:a1:e5:70,CESI_Corp,-34.0,5620.0,4
1789550143914927872,1789550147507811072,1789550147542182867,14,d4:bd:4f:a1:e5:71,CESI_HotSpot,-34.0,5620.0,4
1789550143914927872,1789550147507811072,1789550147542182867,14,d4:bd:4f:a1:e5:72,CESI_Robots,-33.0,5620.0,4
1789550143914927872,1789550147507811072,1789550147542182867,14,d4:bd:4f:a1:e5:73,CESI_Recherche,-33.0,5620.0,4
1789550143914927872,1789550147507811072,1789550147542182867,14,d4:bd:4f:a1:e5:74,CESI_Iot,-34.0,5620.0,4
1789550143914927872,1789550147507811072,1789550147542182867,14,32:24:a9:e8:3e:7f,DIRECT-7F-HP OfficeJet Pro 9010,-63.0,2437.0,4
1789550143914927872,1789550147507811072,1789550147542182867,14,78:c4:0e:d7:b1:30,RM828_WIFI,-73.0,2412.0,5228
1789550143914927872,1789550147507811072,1789550147542182867,14,f8:d0:27:79:d8:b8,EB79D8B8-@E8D0dUTYu1AOsK,-72.0,2462.0,4
1789550143914927872,1789550147507811072,1789550147542182867,14,2c:5a:0f:e5:7f:e1,eduroam,-63.0,2412.0,4
1789550143914927872,1789550147507811072,1789550147542182867,14,d4:bd:4f:60:d2:d3,CESI_Recherche,-65.0,2427.0,4
1789550143914927872,1789550147507811072,1789550147542182867,14,d4:bd:4f:60:d2:d4,CESI_Iot,-65.0,2427.0,4
1789550143914927872,1789550147507811072,1789550147542182867,14,2c:5a:0f:e5:7f:e0,eduspot,-63.0,2412.0,4
1789550143914927872,1789550147507811072,1789550147542182867,14,d4:bd:4f:60:d2:d0,CESI_Corp,-65.0,2427.0,4
1789550143914927872,1789550147507811072,1789550147542182867,14,2c:5a:0f:e5:7f:ef,eduspot,-83.0,5280.0,4
1789550143914927872,1789550147507811072,1789550147542182867,14,8c:97:ea:a4:87:84,Freebox-32CD89,-85.0,5200.0,13524
1789550143914927872,1789550147507811072,1789550147542182867,14,8e:97:ea:e1:05:d9,,-78.0,2462.0,17620
1789550143914927872,1789550147507811072,1789550147542182867,14,2c:5a:0f:e5:7f:ee,eduroam,-85.0,5280.0,5228
1789550143914927872,1789550147507811072,1789550147542182867,14,d4:bd:4f:60:d2:d1,CESI_HotSpot,-65.0,2427.0,4
1789550143914927872,1789550147507811072,1789550147542182867,14,d4:bd:4f:60:d2:d2,CESI_Robots,-70.0,2427.0,5228
1789550143914927872,1789550147507811072,1789550147542182867,14,7c:26:64:69:50:04,,-80.0,2462.0,5228
1789550148044759040,1789550151609821952,1789550151669269006,15,a2:0c:c2:cf:c6:70,Galaxy S24 Ultra,-68.0,2412.0,0
1789550148044759040,1789550151609821952,1789550151669269006,15,d4:bd:4f:61:91:c0,CESI_Corp,-54.0,2417.0,0
1789550148044759040,1789550151609821952,1789550151669269006,15,d4:bd:4f:61:91:c1,CESI_HotSpot,-53.0,2417.0,0
1789550148044759040,1789550151609821952,1789550151669269006,15,d4:bd:4f:61:91:c2,CESI_Robots,-52.0,2417.0,0
1789550148044759040,1789550151609821952,1789550151669269006,15,d4:bd:4f:61:91:c3,CESI_Recherche,-54.0,2417.0,0
1789550148044759040,1789550151609821952,1789550151669269006,15,d4:bd:4f:61:91:c4,CESI_Iot,-53.0,2417.0,0
1789550148044759040,1789550151609821952,1789550151669269006,15,d4:bd:4f:61:f4:50,CESI_Corp,-61.0,2437.0,0
1789550148044759040,1789550151609821952,1789550151669269006,15,d4:bd:4f:61:f4:51,CESI_HotSpot,-64.0,2437.0,0
1789550148044759040,1789550151609821952,1789550151669269006,15,d4:bd:4f:61:f4:52,CESI_Robots,-64.0,2437.0,0
1789550148044759040,1789550151609821952,1789550151669269006,15,d4:bd:4f:61:f4:53,CESI_Recherche,-64.0,2437.0,0
1789550148044759040,1789550151609821952,1789550151669269006,15,d4:bd:4f:61:f4:54,CESI_Iot,-64.0,2437.0,0
1789550148044759040,1789550151609821952,1789550151669269006,15,d4:bd:4f:61:e5:71,CESI_HotSpot,-50.0,2472.0,0
1789550148044759040,1789550151609821952,1789550151669269006,15,d4:bd:4f:61:e5:72,CESI_Robots,-50.0,2472.0,0
1789550148044759040,1789550151609821952,1789550151669269006,15,d4:bd:4f:61:e5:73,CESI_Recherche,-50.0,2472.0,0
1789550148044759040,1789550151609821952,1789550151669269006,15,d4:bd:4f:61:e5:74,CESI_Iot,-50.0,2472.0,0
1789550148044759040,1789550151609821952,1789550151669269006,15,d4:bd:4f:61:e5:70,CESI_Corp,-50.0,2472.0,0
1789550148044759040,1789550151609821952,1789550151669269006,15,02:91:9e:71:b0:15,poppy_net,-32.0,2472.0,0
1789550148044759040,1789550151609821952,1789550151669269006,15,d4:bd:4f:a1:91:c0,CESI_Corp,-42.0,5320.0,0
1789550148044759040,1789550151609821952,1789550151669269006,15,d4:bd:4f:a1:91:c1,CESI_HotSpot,-42.0,5320.0,0
1789550148044759040,1789550151609821952,1789550151669269006,15,d4:bd:4f:a1:91:c2,CESI_Robots,-42.0,5320.0,0
1789550148044759040,1789550151609821952,1789550151669269006,15,d4:bd:4f:a1:91:c3,CESI_Recherche,-42.0,5320.0,0
1789550148044759040,1789550151609821952,1789550151669269006,15,d4:bd:4f:a1:91:c4,CESI_Iot,-42.0,5320.0,0
1789550148044759040,1789550151609821952,1789550151669269006,15,d4:bd:4f:a0:d2:d0,CESI_Corp,-80.0,5540.0,0
1789550148044759040,1789550151609821952,1789550151669269006,15,d4:bd:4f:a0:d2:d1,CESI_HotSpot,-79.0,5540.0,0
1789550148044759040,1789550151609821952,1789550151669269006,15,d4:bd:4f:a0:d2:d2,CESI_Robots,-79.0,5540.0,0
1789550148044759040,1789550151609821952,1789550151669269006,15,d4:bd:4f:a0:d2:d3,CESI_Recherche,-80.0,5540.0,0
1789550148044759040,1789550151609821952,1789550151669269006,15,d4:bd:4f:a0:d2:d4,CESI_Iot,-79.0,5540.0,0
1789550148044759040,1789550151609821952,1789550151669269006,15,d4:bd:4f:a1:f4:50,CESI_Corp,-61.0,5580.0,0
1789550148044759040,1789550151609821952,1789550151669269006,15,d4:bd:4f:a1:f4:51,CESI_HotSpot,-61.0,5580.0,0
1789550148044759040,1789550151609821952,1789550151669269006,15,d4:bd:4f:a1:f4:52,CESI_Robots,-61.0,5580.0,0
1789550148044759040,1789550151609821952,1789550151669269006,15,d4:bd:4f:a1:f4:53,CESI_Recherche,-61.0,5580.0,0
1789550148044759040,1789550151609821952,1789550151669269006,15,d4:bd:4f:a1:f4:54,CESI_Iot,-61.0,5580.0,0
1789550148044759040,1789550151609821952,1789550151669269006,15,d4:bd:4f:a1:e5:70,CESI_Corp,-36.0,5620.0,0
1789550148044759040,1789550151609821952,1789550151669269006,15,d4:bd:4f:a1:e5:71,CESI_HotSpot,-36.0,5620.0,0
1789550148044759040,1789550151609821952,1789550151669269006,15,d4:bd:4f:a1:e5:72,CESI_Robots,-36.0,5620.0,0
1789550148044759040,1789550151609821952,1789550151669269006,15,d4:bd:4f:a1:e5:73,CESI_Recherche,-36.0,5620.0,0
1789550148044759040,1789550151609821952,1789550151669269006,15,d4:bd:4f:a1:e5:74,CESI_Iot,-36.0,5620.0,0
1789550148044759040,1789550151609821952,1789550151669269006,15,32:24:a9:e8:3e:7f,DIRECT-7F-HP OfficeJet Pro 9010,-70.0,2437.0,0
1789550148044759040,1789550151609821952,1789550151669269006,15,78:c4:0e:d7:b1:30,RM828_WIFI,-71.0,2412.0,0
1789550148044759040,1789550151609821952,1789550151669269006,15,f8:d0:27:79:d8:b8,EB79D8B8-@E8D0dUTYu1AOsK,-71.0,2462.0,0
1789550148044759040,1789550151609821952,1789550151669269006,15,2c:5a:0f:e5:7f:e1,eduroam,-64.0,2412.0,0
1789550148044759040,1789550151609821952,1789550151669269006,15,d4:bd:4f:60:d2:d3,CESI_Recherche,-65.0,2427.0,4096
1789550148044759040,1789550151609821952,1789550151669269006,15,d4:bd:4f:60:d2:d4,CESI_Iot,-65.0,2427.0,4096
1789550148044759040,1789550151609821952,1789550151669269006,15,2c:5a:0f:e5:7f:e0,eduspot,-64.0,2412.0,0
1789550148044759040,1789550151609821952,1789550151669269006,15,d4:bd:4f:60:d2:d0,CESI_Corp,-65.0,2427.0,4096
1789550148044759040,1789550151609821952,1789550151669269006,15,2c:5a:0f:e5:7f:ef,eduspot,-83.0,5280.0,4096
1789550148044759040,1789550151609821952,1789550151669269006,15,8c:97:ea:a4:87:84,Freebox-32CD89,-85.0,5200.0,17616
1789550148044759040,1789550151609821952,1789550151669269006,15,8e:97:ea:e1:05:d9,,-78.0,2462.0,21712
1789550148044759040,1789550151609821952,1789550151669269006,15,2c:5a:0f:e5:7f:ee,eduroam,-84.0,5280.0,0
1789550148044759040,1789550151609821952,1789550151669269006,15,d4:bd:4f:60:d2:d1,CESI_HotSpot,-65.0,2427.0,4096
1789550148044759040,1789550151609821952,1789550151669269006,15,d4:bd:4f:60:d2:d2,CESI_Robots,-70.0,2427.0,9320
1789550148044759040,1789550151609821952,1789550151669269006,15,7c:26:64:69:50:04,,-80.0,2462.0,9320
1789550152172491008,1789550155803333888,1789550155837403178,16,a2:0c:c2:cf:c6:70,Galaxy S24 Ultra,-68.0,2412.0,4200
1789550152172491008,1789550155803333888,1789550155837403178,16,d4:bd:4f:61:91:c0,CESI_Corp,-55.0,2417.0,4
1789550152172491008,1789550155803333888,1789550155837403178,16,d4:bd:4f:61:91:c1,CESI_HotSpot,-51.0,2417.0,4
1789550152172491008,1789550155803333888,1789550155837403178,16,d4:bd:4f:61:91:c2,CESI_Robots,-53.0,2417.0,4
1789550152172491008,1789550155803333888,1789550155837403178,16,d4:bd:4f:61:91:c3,CESI_Recherche,-52.0,2417.0,4
1789550152172491008,1789550155803333888,1789550155837403178,16,d4:bd:4f:61:91:c4,CESI_Iot,-52.0,2417.0,4
1789550152172491008,1789550155803333888,1789550155837403178,16,d4:bd:4f:61:f4:50,CESI_Corp,-64.0,2437.0,4
1789550152172491008,1789550155803333888,1789550155837403178,16,d4:bd:4f:61:f4:51,CESI_HotSpot,-68.0,2437.0,4
1789550152172491008,1789550155803333888,1789550155837403178,16,d4:bd:4f:61:f4:52,CESI_Robots,-67.0,2437.0,4
1789550152172491008,1789550155803333888,1789550155837403178,16,d4:bd:4f:61:f4:53,CESI_Recherche,-67.0,2437.0,4
1789550152172491008,1789550155803333888,1789550155837403178,16,d4:bd:4f:61:f4:54,CESI_Iot,-67.0,2437.0,4
1789550152172491008,1789550155803333888,1789550155837403178,16,d4:bd:4f:61:e5:71,CESI_HotSpot,-44.0,2472.0,4
1789550152172491008,1789550155803333888,1789550155837403178,16,d4:bd:4f:61:e5:72,CESI_Robots,-44.0,2472.0,4
1789550152172491008,1789550155803333888,1789550155837403178,16,d4:bd:4f:61:e5:73,CESI_Recherche,-44.0,2472.0,4
1789550152172491008,1789550155803333888,1789550155837403178,16,d4:bd:4f:61:e5:74,CESI_Iot,-43.0,2472.0,4
1789550152172491008,1789550155803333888,1789550155837403178,16,d4:bd:4f:61:e5:70,CESI_Corp,-44.0,2472.0,4
1789550152172491008,1789550155803333888,1789550155837403178,16,02:91:9e:71:b0:15,poppy_net,-35.0,2472.0,4
1789550152172491008,1789550155803333888,1789550155837403178,16,d4:bd:4f:a1:91:c0,CESI_Corp,-45.0,5320.0,4
1789550152172491008,1789550155803333888,1789550155837403178,16,d4:bd:4f:a1:91:c1,CESI_HotSpot,-45.0,5320.0,4
1789550152172491008,1789550155803333888,1789550155837403178,16,d4:bd:4f:a1:91:c2,CESI_Robots,-45.0,5320.0,4
1789550152172491008,1789550155803333888,1789550155837403178,16,d4:bd:4f:a1:91:c3,CESI_Recherche,-45.0,5320.0,4
1789550152172491008,1789550155803333888,1789550155837403178,16,d4:bd:4f:a1:91:c4,CESI_Iot,-45.0,5320.0,4
1789550152172491008,1789550155803333888,1789550155837403178,16,d4:bd:4f:a0:d2:d0,CESI_Corp,-75.0,5540.0,4
1789550152172491008,1789550155803333888,1789550155837403178,16,d4:bd:4f:a0:d2:d1,CESI_HotSpot,-76.0,5540.0,4
1789550152172491008,1789550155803333888,1789550155837403178,16,d4:bd:4f:a0:d2:d2,CESI_Robots,-75.0,5540.0,4
1789550152172491008,1789550155803333888,1789550155837403178,16,d4:bd:4f:a0:d2:d3,CESI_Recherche,-76.0,5540.0,4
1789550152172491008,1789550155803333888,1789550155837403178,16,d4:bd:4f:a0:d2:d4,CESI_Iot,-76.0,5540.0,4
1789550152172491008,1789550155803333888,1789550155837403178,16,d4:bd:4f:a1:f4:50,CESI_Corp,-61.0,5580.0,4
1789550152172491008,1789550155803333888,1789550155837403178,16,d4:bd:4f:a1:f4:51,CESI_HotSpot,-61.0,5580.0,4
1789550152172491008,1789550155803333888,1789550155837403178,16,d4:bd:4f:a1:f4:52,CESI_Robots,-61.0,5580.0,4
1789550152172491008,1789550155803333888,1789550155837403178,16,d4:bd:4f:a1:f4:53,CESI_Recherche,-62.0,5580.0,4
1789550152172491008,1789550155803333888,1789550155837403178,16,d4:bd:4f:a1:f4:54,CESI_Iot,-61.0,5580.0,4
1789550152172491008,1789550155803333888,1789550155837403178,16,d4:bd:4f:a1:e5:70,CESI_Corp,-37.0,5620.0,4
1789550152172491008,1789550155803333888,1789550155837403178,16,d4:bd:4f:a1:e5:71,CESI_HotSpot,-37.0,5620.0,4
1789550152172491008,1789550155803333888,1789550155837403178,16,d4:bd:4f:a1:e5:72,CESI_Robots,-37.0,5620.0,4
1789550152172491008,1789550155803333888,1789550155837403178,16,d4:bd:4f:a1:e5:73,CESI_Recherche,-37.0,5620.0,4
1789550152172491008,1789550155803333888,1789550155837403178,16,d4:bd:4f:a1:e5:74,CESI_Iot,-37.0,5620.0,4
1789550152172491008,1789550155803333888,1789550155837403178,16,32:24:a9:e8:3e:7f,DIRECT-7F-HP OfficeJet Pro 9010,-65.0,2437.0,4
1789550152172491008,1789550155803333888,1789550155837403178,16,78:c4:0e:d7:b1:30,RM828_WIFI,-71.0,2412.0,4200
1789550152172491008,1789550155803333888,1789550155837403178,16,f8:d0:27:79:d8:b8,EB79D8B8-@E8D0dUTYu1AOsK,-71.0,2462.0,4
1789550152172491008,1789550155803333888,1789550155837403178,16,2c:5a:0f:e5:7f:e1,eduroam,-64.0,2412.0,4200
1789550152172491008,1789550155803333888,1789550155837403178,16,d4:bd:4f:60:d2:d3,CESI_Recherche,-65.0,2427.0,8296
1789550152172491008,1789550155803333888,1789550155837403178,16,d4:bd:4f:60:d2:d4,CESI_Iot,-65.0,2427.0,8296
1789550152172491008,1789550155803333888,1789550155837403178,16,2c:5a:0f:e5:7f:e0,eduspot,-64.0,2412.0,4200
1789550152172491008,1789550155803333888,1789550155837403178,16,d4:bd:4f:60:d2:d0,CESI_Corp,-65.0,2427.0,8296
1789550152172491008,1789550155803333888,1789550155837403178,16,2c:5a:0f:e5:7f:ef,eduspot,-83.0,5280.0,8296
1789550152172491008,1789550155803333888,1789550155837403178,16,8c:97:ea:a4:87:84,Freebox-32CD89,-85.0,5200.0,21816
1789550152172491008,1789550155803333888,1789550155837403178,16,8e:97:ea:e1:05:d9,,-78.0,2462.0,25912
1789550152172491008,1789550155803333888,1789550155837403178,16,2c:5a:0f:e5:7f:ee,eduroam,-84.0,5280.0,4200
1789550152172491008,1789550155803333888,1789550155837403178,16,d4:bd:4f:60:d2:d1,CESI_HotSpot,-65.0,2427.0,8296
1789550152172491008,1789550155803333888,1789550155837403178,16,d4:bd:4f:60:d2:d2,CESI_Robots,-70.0,2427.0,13520
1789550152172491008,1789550155803333888,1789550155837403178,16,7c:26:64:69:50:04,,-80.0,2462.0,13520
1789550156340481024,1789550159897635840,1789550159935105399,17,a2:0c:c2:cf:c6:70,Galaxy S24 Ultra,-71.0,2412.0,0
1789550156340481024,1789550159897635840,1789550159935105399,17,d4:bd:4f:61:91:c0,CESI_Corp,-59.0,2417.0,0
1789550156340481024,1789550159897635840,1789550159935105399,17,d4:bd:4f:61:91:c1,CESI_HotSpot,-59.0,2417.0,0
1789550156340481024,1789550159897635840,1789550159935105399,17,d4:bd:4f:61:91:c2,CESI_Robots,-59.0,2417.0,0
1789550156340481024,1789550159897635840,1789550159935105399,17,d4:bd:4f:61:91:c3,CESI_Recherche,-61.0,2417.0,0
1789550156340481024,1789550159897635840,1789550159935105399,17,d4:bd:4f:61:91:c4,CESI_Iot,-60.0,2417.0,0
1789550156340481024,1789550159897635840,1789550159935105399,17,d4:bd:4f:61:f4:50,CESI_Corp,-63.0,2437.0,0
1789550156340481024,1789550159897635840,1789550159935105399,17,d4:bd:4f:61:f4:51,CESI_HotSpot,-63.0,2437.0,0
1789550156340481024,1789550159897635840,1789550159935105399,17,d4:bd:4f:61:f4:52,CESI_Robots,-63.0,2437.0,0
1789550156340481024,1789550159897635840,1789550159935105399,17,d4:bd:4f:61:f4:53,CESI_Recherche,-64.0,2437.0,0
1789550156340481024,1789550159897635840,1789550159935105399,17,d4:bd:4f:61:f4:54,CESI_Iot,-64.0,2437.0,0
1789550156340481024,1789550159897635840,1789550159935105399,17,d4:bd:4f:61:e5:71,CESI_HotSpot,-51.0,2472.0,0
1789550156340481024,1789550159897635840,1789550159935105399,17,d4:bd:4f:61:e5:72,CESI_Robots,-51.0,2472.0,0
1789550156340481024,1789550159897635840,1789550159935105399,17,d4:bd:4f:61:e5:73,CESI_Recherche,-45.0,2472.0,0
1789550156340481024,1789550159897635840,1789550159935105399,17,d4:bd:4f:61:e5:74,CESI_Iot,-46.0,2472.0,0
1789550156340481024,1789550159897635840,1789550159935105399,17,d4:bd:4f:61:e5:70,CESI_Corp,-51.0,2472.0,0
1789550156340481024,1789550159897635840,1789550159935105399,17,02:91:9e:71:b0:15,poppy_net,-33.0,2472.0,0
1789550156340481024,1789550159897635840,1789550159935105399,17,d4:bd:4f:a1:91:c0,CESI_Corp,-46.0,5320.0,0
1789550156340481024,1789550159897635840,1789550159935105399,17,d4:bd:4f:a1:91:c1,CESI_HotSpot,-46.0,5320.0,0
1789550156340481024,1789550159897635840,1789550159935105399,17,d4:bd:4f:a1:91:c2,CESI_Robots,-46.0,5320.0,0
1789550156340481024,1789550159897635840,1789550159935105399,17,d4:bd:4f:a1:91:c3,CESI_Recherche,-46.0,5320.0,0
1789550156340481024,1789550159897635840,1789550159935105399,17,d4:bd:4f:a1:91:c4,CESI_Iot,-46.0,5320.0,0
1789550156340481024,1789550159897635840,1789550159935105399,17,d4:bd:4f:a0:d2:d0,CESI_Corp,-77.0,5540.0,0
1789550156340481024,1789550159897635840,1789550159935105399,17,d4:bd:4f:a0:d2:d1,CESI_HotSpot,-77.0,5540.0,0
1789550156340481024,1789550159897635840,1789550159935105399,17,d4:bd:4f:a0:d2:d2,CESI_Robots,-77.0,5540.0,0
1789550156340481024,1789550159897635840,1789550159935105399,17,d4:bd:4f:a0:d2:d3,CESI_Recherche,-77.0,5540.0,0
1789550156340481024,1789550159897635840,1789550159935105399,17,d4:bd:4f:a0:d2:d4,CESI_Iot,-77.0,5540.0,0
1789550156340481024,1789550159897635840,1789550159935105399,17,d4:bd:4f:a1:f4:50,CESI_Corp,-67.0,5580.0,0
1789550156340481024,1789550159897635840,1789550159935105399,17,d4:bd:4f:a1:f4:51,CESI_HotSpot,-67.0,5580.0,0
1789550156340481024,1789550159897635840,1789550159935105399,17,d4:bd:4f:a1:f4:52,CESI_Robots,-68.0,5580.0,0
1789550156340481024,1789550159897635840,1789550159935105399,17,d4:bd:4f:a1:f4:53,CESI_Recherche,-68.0,5580.0,0
1789550156340481024,1789550159897635840,1789550159935105399,17,d4:bd:4f:a1:f4:54,CESI_Iot,-68.0,5580.0,0
1789550156340481024,1789550159897635840,1789550159935105399,17,d4:bd:4f:a1:e5:70,CESI_Corp,-40.0,5620.0,0
1789550156340481024,1789550159897635840,1789550159935105399,17,d4:bd:4f:a1:e5:71,CESI_HotSpot,-39.0,5620.0,0
1789550156340481024,1789550159897635840,1789550159935105399,17,d4:bd:4f:a1:e5:72,CESI_Robots,-39.0,5620.0,0
1789550156340481024,1789550159897635840,1789550159935105399,17,d4:bd:4f:a1:e5:73,CESI_Recherche,-39.0,5620.0,0
1789550156340481024,1789550159897635840,1789550159935105399,17,d4:bd:4f:a1:e5:74,CESI_Iot,-39.0,5620.0,0
1789550156340481024,1789550159897635840,1789550159935105399,17,32:24:a9:e8:3e:7f,DIRECT-7F-HP OfficeJet Pro 9010,-70.0,2437.0,0
1789550156340481024,1789550159897635840,1789550159935105399,17,78:c4:0e:d7:b1:30,RM828_WIFI,-66.0,2412.0,0
1789550156340481024,1789550159897635840,1789550159935105399,17,f8:d0:27:79:d8:b8,EB79D8B8-@E8D0dUTYu1AOsK,-71.0,2462.0,4096
1789550156340481024,1789550159897635840,1789550159935105399,17,2c:5a:0f:e5:7f:e1,eduroam,-64.0,2412.0,8292
1789550156340481024,1789550159897635840,1789550159935105399,17,d4:bd:4f:60:d2:d3,CESI_Recherche,-65.0,2427.0,12388
1789550156340481024,1789550159897635840,1789550159935105399,17,d4:bd:4f:60:d2:d4,CESI_Iot,-65.0,2427.0,12388
1789550156340481024,1789550159897635840,1789550159935105399,17,2c:5a:0f:e5:7f:e0,eduspot,-60.0,2412.0,0
1789550156340481024,1789550159897635840,1789550159935105399,17,d4:bd:4f:60:d2:d0,CESI_Corp,-65.0,2427.0,12388
1789550156340481024,1789550159897635840,1789550159935105399,17,2c:5a:0f:e5:7f:ef,eduspot,-75.0,5280.0,0
1789550156340481024,1789550159897635840,1789550159935105399,17,8c:97:ea:a4:87:84,Freebox-32CD89,-85.0,5200.0,25908
1789550156340481024,1789550159897635840,1789550159935105399,17,2c:5a:0f:e5:7f:ee,eduroam,-76.0,5280.0,0
1789550156340481024,1789550159897635840,1789550159935105399,17,d4:bd:4f:60:d2:d1,CESI_HotSpot,-65.0,2427.0,12388
1789550156340481024,1789550159897635840,1789550159935105399,17,d4:bd:4f:60:d2:d2,CESI_Robots,-70.0,2427.0,17612
1789550156340481024,1789550159897635840,1789550159935105399,17,7c:26:64:69:50:04,,-80.0,2462.0,17612
1789550156340481024,1789550159897635840,1789550159935105399,17,8c:97:ea:a4:87:80,Freebox-32CD89,-82.0,2462.0,0
1789550160436121088,1789550164094479104,1789550164144969800,18,a2:0c:c2:cf:c6:70,Galaxy S24 Ultra,-72.0,2412.0,0
1789550160436121088,1789550164094479104,1789550164144969800,18,d4:bd:4f:61:91:c0,CESI_Corp,-55.0,2417.0,0
1789550160436121088,1789550164094479104,1789550164144969800,18,d4:bd:4f:61:91:c1,CESI_HotSpot,-56.0,2417.0,0
1789550160436121088,1789550164094479104,1789550164144969800,18,d4:bd:4f:61:91:c2,CESI_Robots,-56.0,2417.0,0
1789550160436121088,1789550164094479104,1789550164144969800,18,d4:bd:4f:61:91:c3,CESI_Recherche,-58.0,2417.0,0
1789550160436121088,1789550164094479104,1789550164144969800,18,d4:bd:4f:61:91:c4,CESI_Iot,-56.0,2417.0,0
1789550160436121088,1789550164094479104,1789550164144969800,18,d4:bd:4f:61:f4:50,CESI_Corp,-68.0,2437.0,0
1789550160436121088,1789550164094479104,1789550164144969800,18,d4:bd:4f:61:f4:51,CESI_HotSpot,-69.0,2437.0,0
1789550160436121088,1789550164094479104,1789550164144969800,18,d4:bd:4f:61:f4:52,CESI_Robots,-67.0,2437.0,0
1789550160436121088,1789550164094479104,1789550164144969800,18,d4:bd:4f:61:f4:53,CESI_Recherche,-68.0,2437.0,0
1789550160436121088,1789550164094479104,1789550164144969800,18,d4:bd:4f:61:f4:54,CESI_Iot,-76.0,2437.0,0
1789550160436121088,1789550164094479104,1789550164144969800,18,d4:bd:4f:61:e5:71,CESI_HotSpot,-45.0,2472.0,0
1789550160436121088,1789550164094479104,1789550164144969800,18,d4:bd:4f:61:e5:72,CESI_Robots,-45.0,2472.0,0
1789550160436121088,1789550164094479104,1789550164144969800,18,d4:bd:4f:61:e5:73,CESI_Recherche,-46.0,2472.0,0
1789550160436121088,1789550164094479104,1789550164144969800,18,d4:bd:4f:61:e5:74,CESI_Iot,-45.0,2472.0,0
1789550160436121088,1789550164094479104,1789550164144969800,18,d4:bd:4f:61:e5:70,CESI_Corp,-45.0,2472.0,0
1789550160436121088,1789550164094479104,1789550164144969800,18,02:91:9e:71:b0:15,poppy_net,-29.0,2472.0,0
1789550160436121088,1789550164094479104,1789550164144969800,18,d4:bd:4f:a1:91:c0,CESI_Corp,-44.0,5320.0,0
1789550160436121088,1789550164094479104,1789550164144969800,18,d4:bd:4f:a1:91:c1,CESI_HotSpot,-44.0,5320.0,0
1789550160436121088,1789550164094479104,1789550164144969800,18,d4:bd:4f:a1:91:c2,CESI_Robots,-44.0,5320.0,0
1789550160436121088,1789550164094479104,1789550164144969800,18,d4:bd:4f:a1:91:c3,CESI_Recherche,-45.0,5320.0,0
1789550160436121088,1789550164094479104,1789550164144969800,18,d4:bd:4f:a1:91:c4,CESI_Iot,-44.0,5320.0,0
1789550160436121088,1789550164094479104,1789550164144969800,18,d4:bd:4f:a0:d2:d0,CESI_Corp,-83.0,5540.0,0
1789550160436121088,1789550164094479104,1789550164144969800,18,d4:bd:4f:a0:d2:d1,CESI_HotSpot,-83.0,5540.0,0
1789550160436121088,1789550164094479104,1789550164144969800,18,d4:bd:4f:a0:d2:d2,CESI_Robots,-82.0,5540.0,0
1789550160436121088,1789550164094479104,1789550164144969800,18,d4:bd:4f:a0:d2:d3,CESI_Recherche,-83.0,5540.0,0
1789550160436121088,1789550164094479104,1789550164144969800,18,d4:bd:4f:a0:d2:d4,CESI_Iot,-82.0,5540.0,0
1789550160436121088,1789550164094479104,1789550164144969800,18,d4:bd:4f:a1:f4:50,CESI_Corp,-69.0,5580.0,0
1789550160436121088,1789550164094479104,1789550164144969800,18,d4:bd:4f:a1:f4:51,CESI_HotSpot,-69.0,5580.0,0
1789550160436121088,1789550164094479104,1789550164144969800,18,d4:bd:4f:a1:f4:52,CESI_Robots,-69.0,5580.0,0
1789550160436121088,1789550164094479104,1789550164144969800,18,d4:bd:4f:a1:f4:53,CESI_Recherche,-69.0,5580.0,0
1789550160436121088,1789550164094479104,1789550164144969800,18,d4:bd:4f:a1:f4:54,CESI_Iot,-69.0,5580.0,0
1789550160436121088,1789550164094479104,1789550164144969800,18,d4:bd:4f:a1:e5:70,CESI_Corp,-40.0,5620.0,0
1789550160436121088,1789550164094479104,1789550164144969800,18,d4:bd:4f:a1:e5:71,CESI_HotSpot,-40.0,5620.0,0
1789550160436121088,1789550164094479104,1789550164144969800,18,d4:bd:4f:a1:e5:72,CESI_Robots,-40.0,5620.0,0
1789550160436121088,1789550164094479104,1789550164144969800,18,d4:bd:4f:a1:e5:73,CESI_Recherche,-40.0,5620.0,0
1789550160436121088,1789550164094479104,1789550164144969800,18,d4:bd:4f:a1:e5:74,CESI_Iot,-40.0,5620.0,0
1789550160436121088,1789550164094479104,1789550164144969800,18,32:24:a9:e8:3e:7f,DIRECT-7F-HP OfficeJet Pro 9010,-62.0,2437.0,0
1789550160436121088,1789550164094479104,1789550164144969800,18,78:c4:0e:d7:b1:30,RM828_WIFI,-77.0,2412.0,0
1789550160436121088,1789550164094479104,1789550164144969800,18,f8:d0:27:79:d8:b8,EB79D8B8-@E8D0dUTYu1AOsK,-71.0,2462.0,8296
1789550160436121088,1789550164094479104,1789550164144969800,18,2c:5a:0f:e5:7f:e1,eduroam,-57.0,2412.0,0
1789550160436121088,1789550164094479104,1789550164144969800,18,d4:bd:4f:60:d2:d3,CESI_Recherche,-70.0,2427.0,0
1789550160436121088,1789550164094479104,1789550164144969800,18,d4:bd:4f:60:d2:d4,CESI_Iot,-65.0,2427.0,16588
1789550160436121088,1789550164094479104,1789550164144969800,18,2c:5a:0f:e5:7f:e0,eduspot,-57.0,2412.0,0
1789550160436121088,1789550164094479104,1789550164144969800,18,d4:bd:4f:60:d2:d0,CESI_Corp,-65.0,2427.0,16588
1789550160436121088,1789550164094479104,1789550164144969800,18,2c:5a:0f:e5:7f:ef,eduspot,-83.0,5280.0,0
1789550160436121088,1789550164094479104,1789550164144969800,18,2c:5a:0f:e5:7f:ee,eduroam,-76.0,5280.0,4200
1789550160436121088,1789550164094479104,1789550164144969800,18,d4:bd:4f:60:d2:d1,CESI_HotSpot,-68.0,2427.0,0
1789550160436121088,1789550164094479104,1789550164144969800,18,d4:bd:4f:60:d2:d2,CESI_Robots,-70.0,2427.0,0
1789550160436121088,1789550164094479104,1789550164144969800,18,7c:26:64:69:50:04,,-80.0,2462.0,21812
1789550160436121088,1789550164094479104,1789550164144969800,18,8c:97:ea:a4:87:80,Freebox-32CD89,-82.0,2462.0,4200
1789550164646827008,1789550168189094144,1789550168243578000,19,a2:0c:c2:cf:c6:70,Galaxy S24 Ultra,-72.0,2412.0,4092
1789550164646827008,1789550168189094144,1789550168243578000,19,d4:bd:4f:61:91:c0,CESI_Corp,-53.0,2417.0,0
1789550164646827008,1789550168189094144,1789550168243578000,19,d4:bd:4f:61:91:c1,CESI_HotSpot,-55.0,2417.0,0
1789550164646827008,1789550168189094144,1789550168243578000,19,d4:bd:4f:61:91:c2,CESI_Robots,-52.0,2417.0,0
1789550164646827008,1789550168189094144,1789550168243578000,19,d4:bd:4f:61:91:c3,CESI_Recherche,-52.0,2417.0,0
1789550164646827008,1789550168189094144,1789550168243578000,19,d4:bd:4f:61:91:c4,CESI_Iot,-53.0,2417.0,0
1789550164646827008,1789550168189094144,1789550168243578000,19,d4:bd:4f:61:f4:50,CESI_Corp,-69.0,2437.0,0
1789550164646827008,1789550168189094144,1789550168243578000,19,d4:bd:4f:61:f4:51,CESI_HotSpot,-70.0,2437.0,0
1789550164646827008,1789550168189094144,1789550168243578000,19,d4:bd:4f:61:f4:52,CESI_Robots,-71.0,2437.0,0
1789550164646827008,1789550168189094144,1789550168243578000,19,d4:bd:4f:61:f4:53,CESI_Recherche,-72.0,2437.0,0
1789550164646827008,1789550168189094144,1789550168243578000,19,d4:bd:4f:61:f4:54,CESI_Iot,-77.0,2437.0,0
1789550164646827008,1789550168189094144,1789550168243578000,19,d4:bd:4f:61:e5:71,CESI_HotSpot,-35.0,2472.0,0
1789550164646827008,1789550168189094144,1789550168243578000,19,d4:bd:4f:61:e5:72,CESI_Robots,-35.0,2472.0,0
1789550164646827008,1789550168189094144,1789550168243578000,19,d4:bd:4f:61:e5:73,CESI_Recherche,-35.0,2472.0,0
1789550164646827008,1789550168189094144,1789550168243578000,19,d4:bd:4f:61:e5:74,CESI_Iot,-40.0,2472.0,0
1789550164646827008,1789550168189094144,1789550168243578000,19,d4:bd:4f:61:e5:70,CESI_Corp,-35.0,2472.0,0
1789550164646827008,1789550168189094144,1789550168243578000,19,02:91:9e:71:b0:15,poppy_net,-35.0,2472.0,0
1789550164646827008,1789550168189094144,1789550168243578000,19,d4:bd:4f:a1:91:c0,CESI_Corp,-61.0,5320.0,0
1789550164646827008,1789550168189094144,1789550168243578000,19,d4:bd:4f:a1:91:c1,CESI_HotSpot,-61.0,5320.0,0
1789550164646827008,1789550168189094144,1789550168243578000,19,d4:bd:4f:a1:91:c2,CESI_Robots,-61.0,5320.0,0
1789550164646827008,1789550168189094144,1789550168243578000,19,d4:bd:4f:a1:91:c3,CESI_Recherche,-61.0,5320.0,0
1789550164646827008,1789550168189094144,1789550168243578000,19,d4:bd:4f:a1:91:c4,CESI_Iot,-61.0,5320.0,0
1789550164646827008,1789550168189094144,1789550168243578000,19,d4:bd:4f:a0:d2:d0,CESI_Corp,-81.0,5540.0,0
1789550164646827008,1789550168189094144,1789550168243578000,19,d4:bd:4f:a0:d2:d1,CESI_HotSpot,-80.0,5540.0,0
1789550164646827008,1789550168189094144,1789550168243578000,19,d4:bd:4f:a0:d2:d2,CESI_Robots,-81.0,5540.0,0
1789550164646827008,1789550168189094144,1789550168243578000,19,d4:bd:4f:a0:d2:d3,CESI_Recherche,-81.0,5540.0,0
1789550164646827008,1789550168189094144,1789550168243578000,19,d4:bd:4f:a0:d2:d4,CESI_Iot,-82.0,5540.0,0
1789550164646827008,1789550168189094144,1789550168243578000,19,d4:bd:4f:a1:f4:50,CESI_Corp,-71.0,5580.0,0
1789550164646827008,1789550168189094144,1789550168243578000,19,d4:bd:4f:a1:f4:51,CESI_HotSpot,-72.0,5580.0,0
1789550164646827008,1789550168189094144,1789550168243578000,19,d4:bd:4f:a1:f4:52,CESI_Robots,-72.0,5580.0,0
1789550164646827008,1789550168189094144,1789550168243578000,19,d4:bd:4f:a1:f4:53,CESI_Recherche,-72.0,5580.0,0
1789550164646827008,1789550168189094144,1789550168243578000,19,d4:bd:4f:a1:f4:54,CESI_Iot,-71.0,5580.0,0
1789550164646827008,1789550168189094144,1789550168243578000,19,d4:bd:4f:a1:e5:70,CESI_Corp,-40.0,5620.0,0
1789550164646827008,1789550168189094144,1789550168243578000,19,d4:bd:4f:a1:e5:71,CESI_HotSpot,-40.0,5620.0,0
1789550164646827008,1789550168189094144,1789550168243578000,19,d4:bd:4f:a1:e5:72,CESI_Robots,-40.0,5620.0,0
1789550164646827008,1789550168189094144,1789550168243578000,19,d4:bd:4f:a1:e5:73,CESI_Recherche,-40.0,5620.0,0
1789550164646827008,1789550168189094144,1789550168243578000,19,d4:bd:4f:a1:e5:74,CESI_Iot,-40.0,5620.0,0
1789550164646827008,1789550168189094144,1789550168243578000,19,32:24:a9:e8:3e:7f,DIRECT-7F-HP OfficeJet Pro 9010,-64.0,2437.0,0
1789550164646827008,1789550168189094144,1789550168243578000,19,78:c4:0e:d7:b1:30,RM828_WIFI,-77.0,2412.0,4092
1789550164646827008,1789550168189094144,1789550168243578000,19,f8:d0:27:79:d8:b8,EB79D8B8-@E8D0dUTYu1AOsK,-79.0,2462.0,0
1789550164646827008,1789550168189094144,1789550168243578000,19,2c:5a:0f:e5:7f:e1,eduroam,-63.0,2412.0,0
1789550164646827008,1789550168189094144,1789550168243578000,19,d4:bd:4f:60:d2:d3,CESI_Recherche,-70.0,2427.0,4092
1789550164646827008,1789550168189094144,1789550168243578000,19,d4:bd:4f:60:d2:d4,CESI_Iot,-65.0,2427.0,20680
1789550164646827008,1789550168189094144,1789550168243578000,19,2c:5a:0f:e5:7f:e0,eduspot,-63.0,2412.0,0
1789550164646827008,1789550168189094144,1789550168243578000,19,d4:bd:4f:60:d2:d0,CESI_Corp,-65.0,2427.0,20680
1789550164646827008,1789550168189094144,1789550168243578000,19,2c:5a:0f:e5:7f:ef,eduspot,-79.0,5280.0,0
1789550164646827008,1789550168189094144,1789550168243578000,19,2c:5a:0f:e5:7f:ee,eduroam,-79.0,5280.0,0
1789550164646827008,1789550168189094144,1789550168243578000,19,d4:bd:4f:60:d2:d1,CESI_HotSpot,-68.0,2427.0,4092
1789550164646827008,1789550168189094144,1789550168243578000,19,d4:bd:4f:60:d2:d2,CESI_Robots,-70.0,2427.0,4092
1789550164646827008,1789550168189094144,1789550168243578000,19,7c:26:64:69:50:04,,-80.0,2462.0,25904
1789550164646827008,1789550168189094144,1789550168243578000,19,8c:97:ea:a4:87:80,Freebox-32CD89,-82.0,2462.0,8292
1789550168746848000,1789550172391809024,1789550172425856900,20,a2:0c:c2:cf:c6:70,Galaxy S24 Ultra,-72.0,2412.0,8292
1789550168746848000,1789550172391809024,1789550172425856900,20,d4:bd:4f:61:91:c0,CESI_Corp,-62.0,2417.0,0
1789550168746848000,1789550172391809024,1789550172425856900,20,d4:bd:4f:61:91:c1,CESI_HotSpot,-67.0,2417.0,0
1789550168746848000,1789550172391809024,1789550172425856900,20,d4:bd:4f:61:91:c2,CESI_Robots,-63.0,2417.0,0
1789550168746848000,1789550172391809024,1789550172425856900,20,d4:bd:4f:61:91:c3,CESI_Recherche,-62.0,2417.0,0
1789550168746848000,1789550172391809024,1789550172425856900,20,d4:bd:4f:61:91:c4,CESI_Iot,-62.0,2417.0,0
1789550168746848000,1789550172391809024,1789550172425856900,20,d4:bd:4f:61:f4:50,CESI_Corp,-66.0,2437.0,0
1789550168746848000,1789550172391809024,1789550172425856900,20,d4:bd:4f:61:f4:51,CESI_HotSpot,-70.0,2437.0,0
1789550168746848000,1789550172391809024,1789550172425856900,20,d4:bd:4f:61:f4:52,CESI_Robots,-69.0,2437.0,0
1789550168746848000,1789550172391809024,1789550172425856900,20,d4:bd:4f:61:f4:53,CESI_Recherche,-70.0,2437.0,0
1789550168746848000,1789550172391809024,1789550172425856900,20,d4:bd:4f:61:f4:54,CESI_Iot,-70.0,2437.0,0
1789550168746848000,1789550172391809024,1789550172425856900,20,d4:bd:4f:61:e5:71,CESI_HotSpot,-35.0,2472.0,0
1789550168746848000,1789550172391809024,1789550172425856900,20,d4:bd:4f:61:e5:72,CESI_Robots,-35.0,2472.0,0
1789550168746848000,1789550172391809024,1789550172425856900,20,d4:bd:4f:61:e5:73,CESI_Recherche,-34.0,2472.0,0
1789550168746848000,1789550172391809024,1789550172425856900,20,d4:bd:4f:61:e5:74,CESI_Iot,-34.0,2472.0,0
1789550168746848000,1789550172391809024,1789550172425856900,20,d4:bd:4f:61:e5:70,CESI_Corp,-35.0,2472.0,0
1789550168746848000,1789550172391809024,1789550172425856900,20,02:91:9e:71:b0:15,poppy_net,-33.0,2472.0,0
1789550168746848000,1789550172391809024,1789550172425856900,20,d4:bd:4f:a1:91:c0,CESI_Corp,-60.0,5320.0,0
1789550168746848000,1789550172391809024,1789550172425856900,20,d4:bd:4f:a1:91:c1,CESI_HotSpot,-61.0,5320.0,0
1789550168746848000,1789550172391809024,1789550172425856900,20,d4:bd:4f:a1:91:c2,CESI_Robots,-61.0,5320.0,0
1789550168746848000,1789550172391809024,1789550172425856900,20,d4:bd:4f:a1:91:c3,CESI_Recherche,-61.0,5320.0,0
1789550168746848000,1789550172391809024,1789550172425856900,20,d4:bd:4f:a1:91:c4,CESI_Iot,-61.0,5320.0,0
1789550168746848000,1789550172391809024,1789550172425856900,20,d4:bd:4f:a0:d2:d0,CESI_Corp,-77.0,5540.0,0
1789550168746848000,1789550172391809024,1789550172425856900,20,d4:bd:4f:a0:d2:d1,CESI_HotSpot,-77.0,5540.0,0
1789550168746848000,1789550172391809024,1789550172425856900,20,d4:bd:4f:a0:d2:d2,CESI_Robots,-77.0,5540.0,0
1789550168746848000,1789550172391809024,1789550172425856900,20,d4:bd:4f:a0:d2:d3,CESI_Recherche,-78.0,5540.0,0
1789550168746848000,1789550172391809024,1789550172425856900,20,d4:bd:4f:a0:d2:d4,CESI_Iot,-77.0,5540.0,0
1789550168746848000,1789550172391809024,1789550172425856900,20,d4:bd:4f:a1:f4:50,CESI_Corp,-72.0,5580.0,0
1789550168746848000,1789550172391809024,1789550172425856900,20,d4:bd:4f:a1:f4:51,CESI_HotSpot,-72.0,5580.0,0
1789550168746848000,1789550172391809024,1789550172425856900,20,d4:bd:4f:a1:f4:52,CESI_Robots,-72.0,5580.0,0
1789550168746848000,1789550172391809024,1789550172425856900,20,d4:bd:4f:a1:f4:53,CESI_Recherche,-71.0,5580.0,0
1789550168746848000,1789550172391809024,1789550172425856900,20,d4:bd:4f:a1:f4:54,CESI_Iot,-71.0,5580.0,0
1789550168746848000,1789550172391809024,1789550172425856900,20,d4:bd:4f:a1:e5:70,CESI_Corp,-38.0,5620.0,0
1789550168746848000,1789550172391809024,1789550172425856900,20,d4:bd:4f:a1:e5:71,CESI_HotSpot,-38.0,5620.0,0
1789550168746848000,1789550172391809024,1789550172425856900,20,d4:bd:4f:a1:e5:72,CESI_Robots,-38.0,5620.0,0
1789550168746848000,1789550172391809024,1789550172425856900,20,d4:bd:4f:a1:e5:73,CESI_Recherche,-38.0,5620.0,0
1789550168746848000,1789550172391809024,1789550172425856900,20,d4:bd:4f:a1:e5:74,CESI_Iot,-38.0,5620.0,0
1789550168746848000,1789550172391809024,1789550172425856900,20,32:24:a9:e8:3e:7f,DIRECT-7F-HP OfficeJet Pro 9010,-74.0,2437.0,0
1789550168746848000,1789550172391809024,1789550172425856900,20,78:c4:0e:d7:b1:30,RM828_WIFI,-69.0,2412.0,0
1789550168746848000,1789550172391809024,1789550172425856900,20,f8:d0:27:79:d8:b8,EB79D8B8-@E8D0dUTYu1AOsK,-79.0,2462.0,4200
1789550168746848000,1789550172391809024,1789550172425856900,20,2c:5a:0f:e5:7f:e1,eduroam,-63.0,2412.0,4200
1789550168746848000,1789550172391809024,1789550172425856900,20,d4:bd:4f:60:d2:d3,CESI_Recherche,-70.0,2427.0,8292
1789550168746848000,1789550172391809024,1789550172425856900,20,d4:bd:4f:60:d2:d4,CESI_Iot,-65.0,2427.0,24880
1789550168746848000,1789550172391809024,1789550172425856900,20,2c:5a:0f:e5:7f:e0,eduspot,-65.0,2412.0,0
1789550168746848000,1789550172391809024,1789550172425856900,20,d4:bd:4f:60:d2:d0,CESI_Corp,-65.0,2427.0,24880
1789550168746848000,1789550172391809024,1789550172425856900,20,2c:5a:0f:e5:7f:ef,eduspot,-80.0,5280.0,0
1789550168746848000,1789550172391809024,1789550172425856900,20,2c:5a:0f:e5:7f:ee,eduroam,-80.0,5280.0,0
1789550168746848000,1789550172391809024,1789550172425856900,20,d4:bd:4f:60:d2:d1,CESI_HotSpot,-68.0,2427.0,8292
1789550168746848000,1789550172391809024,1789550172425856900,20,d4:bd:4f:60:d2:d2,CESI_Robots,-70.0,2427.0,8292
1789550168746848000,1789550172391809024,1789550172425856900,20,8c:97:ea:a4:87:80,Freebox-32CD89,-82.0,2462.0,12492
1789550172928966912,1789550176485582080,1789550176525302413,21,a2:0c:c2:cf:c6:70,Galaxy S24 Ultra,-72.0,2412.0,12388
1789550172928966912,1789550176485582080,1789550176525302413,21,d4:bd:4f:61:91:c0,CESI_Corp,-66.0,2417.0,0
1789550172928966912,1789550176485582080,1789550176525302413,21,d4:bd:4f:61:91:c1,CESI_HotSpot,-66.0,2417.0,0
1789550172928966912,1789550176485582080,1789550176525302413,21,d4:bd:4f:61:91:c2,CESI_Robots,-68.0,2417.0,0
1789550172928966912,1789550176485582080,1789550176525302413,21,d4:bd:4f:61:91:c3,CESI_Recherche,-65.0,2417.0,0
1789550172928966912,1789550176485582080,1789550176525302413,21,d4:bd:4f:61:91:c4,CESI_Iot,-66.0,2417.0,0
1789550172928966912,1789550176485582080,1789550176525302413,21,d4:bd:4f:61:f4:50,CESI_Corp,-67.0,2437.0,0
1789550172928966912,1789550176485582080,1789550176525302413,21,d4:bd:4f:61:f4:51,CESI_HotSpot,-70.0,2437.0,0
1789550172928966912,1789550176485582080,1789550176525302413,21,d4:bd:4f:61:f4:52,CESI_Robots,-71.0,2437.0,0
1789550172928966912,1789550176485582080,1789550176525302413,21,d4:bd:4f:61:f4:53,CESI_Recherche,-70.0,2437.0,0
1789550172928966912,1789550176485582080,1789550176525302413,21,d4:bd:4f:61:f4:54,CESI_Iot,-69.0,2437.0,0
1789550172928966912,1789550176485582080,1789550176525302413,21,d4:bd:4f:61:e5:71,CESI_HotSpot,-41.0,2472.0,0
1789550172928966912,1789550176485582080,1789550176525302413,21,d4:bd:4f:61:e5:72,CESI_Robots,-40.0,2472.0,0
1789550172928966912,1789550176485582080,1789550176525302413,21,d4:bd:4f:61:e5:73,CESI_Recherche,-42.0,2472.0,0
1789550172928966912,1789550176485582080,1789550176525302413,21,d4:bd:4f:61:e5:74,CESI_Iot,-42.0,2472.0,0
1789550172928966912,1789550176485582080,1789550176525302413,21,d4:bd:4f:61:e5:70,CESI_Corp,-41.0,2472.0,0
1789550172928966912,1789550176485582080,1789550176525302413,21,02:91:9e:71:b0:15,poppy_net,-33.0,2472.0,0
1789550172928966912,1789550176485582080,1789550176525302413,21,d4:bd:4f:a1:91:c0,CESI_Corp,-61.0,5320.0,0
1789550172928966912,1789550176485582080,1789550176525302413,21,d4:bd:4f:a1:91:c1,CESI_HotSpot,-61.0,5320.0,0
1789550172928966912,1789550176485582080,1789550176525302413,21,d4:bd:4f:a1:91:c2,CESI_Robots,-61.0,5320.0,0
1789550172928966912,1789550176485582080,1789550176525302413,21,d4:bd:4f:a1:91:c3,CESI_Recherche,-61.0,5320.0,0
1789550172928966912,1789550176485582080,1789550176525302413,21,d4:bd:4f:a1:91:c4,CESI_Iot,-61.0,5320.0,0
1789550172928966912,1789550176485582080,1789550176525302413,21,d4:bd:4f:a0:d2:d0,CESI_Corp,-79.0,5540.0,0
1789550172928966912,1789550176485582080,1789550176525302413,21,d4:bd:4f:a0:d2:d1,CESI_HotSpot,-79.0,5540.0,0
1789550172928966912,1789550176485582080,1789550176525302413,21,d4:bd:4f:a0:d2:d2,CESI_Robots,-79.0,5540.0,0
1789550172928966912,1789550176485582080,1789550176525302413,21,d4:bd:4f:a0:d2:d3,CESI_Recherche,-79.0,5540.0,0
1789550172928966912,1789550176485582080,1789550176525302413,21,d4:bd:4f:a0:d2:d4,CESI_Iot,-79.0,5540.0,0
1789550172928966912,1789550176485582080,1789550176525302413,21,d4:bd:4f:a1:f4:50,CESI_Corp,-66.0,5580.0,0
1789550172928966912,1789550176485582080,1789550176525302413,21,d4:bd:4f:a1:f4:51,CESI_HotSpot,-66.0,5580.0,0
1789550172928966912,1789550176485582080,1789550176525302413,21,d4:bd:4f:a1:f4:52,CESI_Robots,-66.0,5580.0,0
1789550172928966912,1789550176485582080,1789550176525302413,21,d4:bd:4f:a1:f4:53,CESI_Recherche,-66.0,5580.0,0
1789550172928966912,1789550176485582080,1789550176525302413,21,d4:bd:4f:a1:f4:54,CESI_Iot,-66.0,5580.0,0
1789550172928966912,1789550176485582080,1789550176525302413,21,d4:bd:4f:a1:e5:70,CESI_Corp,-45.0,5620.0,0
1789550172928966912,1789550176485582080,1789550176525302413,21,d4:bd:4f:a1:e5:71,CESI_HotSpot,-45.0,5620.0,0
1789550172928966912,1789550176485582080,1789550176525302413,21,d4:bd:4f:a1:e5:72,CESI_Robots,-45.0,5620.0,0
1789550172928966912,1789550176485582080,1789550176525302413,21,d4:bd:4f:a1:e5:73,CESI_Recherche,-45.0,5620.0,0
1789550172928966912,1789550176485582080,1789550176525302413,21,d4:bd:4f:a1:e5:74,CESI_Iot,-45.0,5620.0,0
1789550172928966912,1789550176485582080,1789550176525302413,21,32:24:a9:e8:3e:7f,DIRECT-7F-HP OfficeJet Pro 9010,-67.0,2437.0,0
1789550172928966912,1789550176485582080,1789550176525302413,21,78:c4:0e:d7:b1:30,RM828_WIFI,-71.0,2412.0,0
1789550172928966912,1789550176485582080,1789550176525302413,21,f8:d0:27:79:d8:b8,EB79D8B8-@E8D0dUTYu1AOsK,-79.0,2462.0,8296
1789550172928966912,1789550176485582080,1789550176525302413,21,2c:5a:0f:e5:7f:e1,eduroam,-63.0,2412.0,0
1789550172928966912,1789550176485582080,1789550176525302413,21,d4:bd:4f:60:d2:d3,CESI_Recherche,-70.0,2427.0,12388
1789550172928966912,1789550176485582080,1789550176525302413,21,d4:bd:4f:60:d2:d4,CESI_Iot,-65.0,2427.0,28976
1789550172928966912,1789550176485582080,1789550176525302413,21,2c:5a:0f:e5:7f:e0,eduspot,-63.0,2412.0,0
1789550172928966912,1789550176485582080,1789550176525302413,21,d4:bd:4f:60:d2:d0,CESI_Corp,-65.0,2427.0,28976
1789550172928966912,1789550176485582080,1789550176525302413,21,2c:5a:0f:e5:7f:ef,eduspot,-84.0,5280.0,0
1789550172928966912,1789550176485582080,1789550176525302413,21,2c:5a:0f:e5:7f:ee,eduroam,-80.0,5280.0,4096
1789550172928966912,1789550176485582080,1789550176525302413,21,d4:bd:4f:60:d2:d1,CESI_HotSpot,-68.0,2427.0,12388
1789550172928966912,1789550176485582080,1789550176525302413,21,d4:bd:4f:60:d2:d2,CESI_Robots,-70.0,2427.0,12388
1789550172928966912,1789550176485582080,1789550176525302413,21,8c:97:ea:a4:87:80,Freebox-32CD89,-82.0,2462.0,16588
1789550177028211968,1789550180581446912,1789550180615094366,22,a2:0c:c2:cf:c6:70,Galaxy S24 Ultra,-72.0,2412.0,16484
1789550177028211968,1789550180581446912,1789550180615094366,22,d4:bd:4f:61:91:c0,CESI_Corp,-64.0,2417.0,0
1789550177028211968,1789550180581446912,1789550180615094366,22,d4:bd:4f:61:91:c1,CESI_HotSpot,-63.0,2417.0,0
1789550177028211968,1789550180581446912,1789550180615094366,22,d4:bd:4f:61:91:c2,CESI_Robots,-66.0,2417.0,0
1789550177028211968,1789550180581446912,1789550180615094366,22,d4:bd:4f:61:91:c3,CESI_Recherche,-63.0,2417.0,0
1789550177028211968,1789550180581446912,1789550180615094366,22,d4:bd:4f:61:91:c4,CESI_Iot,-66.0,2417.0,0
1789550177028211968,1789550180581446912,1789550180615094366,22,d4:bd:4f:61:f4:50,CESI_Corp,-66.0,2437.0,0
1789550177028211968,1789550180581446912,1789550180615094366,22,d4:bd:4f:61:f4:51,CESI_HotSpot,-66.0,2437.0,0
1789550177028211968,1789550180581446912,1789550180615094366,22,d4:bd:4f:61:f4:52,CESI_Robots,-66.0,2437.0,0
1789550177028211968,1789550180581446912,1789550180615094366,22,d4:bd:4f:61:f4:53,CESI_Recherche,-67.0,2437.0,0
1789550177028211968,1789550180581446912,1789550180615094366,22,d4:bd:4f:61:f4:54,CESI_Iot,-66.0,2437.0,0
1789550177028211968,1789550180581446912,1789550180615094366,22,d4:bd:4f:61:e5:71,CESI_HotSpot,-46.0,2472.0,0
1789550177028211968,1789550180581446912,1789550180615094366,22,d4:bd:4f:61:e5:72,CESI_Robots,-46.0,2472.0,0
1789550177028211968,1789550180581446912,1789550180615094366,22,d4:bd:4f:61:e5:73,CESI_Recherche,-46.0,2472.0,0
1789550177028211968,1789550180581446912,1789550180615094366,22,d4:bd:4f:61:e5:74,CESI_Iot,-46.0,2472.0,0
1789550177028211968,1789550180581446912,1789550180615094366,22,d4:bd:4f:61:e5:70,CESI_Corp,-46.0,2472.0,0
1789550177028211968,1789550180581446912,1789550180615094366,22,02:91:9e:71:b0:15,poppy_net,-29.0,2472.0,0
1789550177028211968,1789550180581446912,1789550180615094366,22,d4:bd:4f:a1:91:c0,CESI_Corp,-71.0,5320.0,0
1789550177028211968,1789550180581446912,1789550180615094366,22,d4:bd:4f:a1:91:c1,CESI_HotSpot,-71.0,5320.0,0
1789550177028211968,1789550180581446912,1789550180615094366,22,d4:bd:4f:a1:91:c2,CESI_Robots,-71.0,5320.0,0
1789550177028211968,1789550180581446912,1789550180615094366,22,d4:bd:4f:a1:91:c3,CESI_Recherche,-71.0,5320.0,0
1789550177028211968,1789550180581446912,1789550180615094366,22,d4:bd:4f:a1:91:c4,CESI_Iot,-71.0,5320.0,0
1789550177028211968,1789550180581446912,1789550180615094366,22,d4:bd:4f:a0:d2:d0,CESI_Corp,-82.0,5540.0,0
1789550177028211968,1789550180581446912,1789550180615094366,22,d4:bd:4f:a0:d2:d1,CESI_HotSpot,-82.0,5540.0,0
1789550177028211968,1789550180581446912,1789550180615094366,22,d4:bd:4f:a0:d2:d2,CESI_Robots,-83.0,5540.0,0
1789550177028211968,1789550180581446912,1789550180615094366,22,d4:bd:4f:a0:d2:d3,CESI_Recherche,-82.0,5540.0,0
1789550177028211968,1789550180581446912,1789550180615094366,22,d4:bd:4f:a0:d2:d4,CESI_Iot,-82.0,5540.0,0
1789550177028211968,1789550180581446912,1789550180615094366,22,d4:bd:4f:a1:f4:50,CESI_Corp,-66.0,5580.0,0
1789550177028211968,1789550180581446912,1789550180615094366,22,d4:bd:4f:a1:f4:51,CESI_HotSpot,-67.0,5580.0,0
1789550177028211968,1789550180581446912,1789550180615094366,22,d4:bd:4f:a1:f4:52,CESI_Robots,-66.0,5580.0,0
1789550177028211968,1789550180581446912,1789550180615094366,22,d4:bd:4f:a1:f4:53,CESI_Recherche,-67.0,5580.0,0
1789550177028211968,1789550180581446912,1789550180615094366,22,d4:bd:4f:a1:f4:54,CESI_Iot,-67.0,5580.0,0
1789550177028211968,1789550180581446912,1789550180615094366,22,d4:bd:4f:a1:e5:70,CESI_Corp,-40.0,5620.0,0
1789550177028211968,1789550180581446912,1789550180615094366,22,d4:bd:4f:a1:e5:71,CESI_HotSpot,-40.0,5620.0,0
1789550177028211968,1789550180581446912,1789550180615094366,22,d4:bd:4f:a1:e5:72,CESI_Robots,-40.0,5620.0,0
1789550177028211968,1789550180581446912,1789550180615094366,22,d4:bd:4f:a1:e5:73,CESI_Recherche,-39.0,5620.0,0
1789550177028211968,1789550180581446912,1789550180615094366,22,d4:bd:4f:a1:e5:74,CESI_Iot,-40.0,5620.0,0
1789550177028211968,1789550180581446912,1789550180615094366,22,32:24:a9:e8:3e:7f,DIRECT-7F-HP OfficeJet Pro 9010,-67.0,2437.0,4096
1789550177028211968,1789550180581446912,1789550180615094366,22,78:c4:0e:d7:b1:30,RM828_WIFI,-74.0,2412.0,0
1789550177028211968,1789550180581446912,1789550180615094366,22,f8:d0:27:79:d8:b8,EB79D8B8-@E8D0dUTYu1AOsK,-78.0,2462.0,0
1789550177028211968,1789550180581446912,1789550180615094366,22,2c:5a:0f:e5:7f:e1,eduroam,-63.0,2412.0,0
1789550177028211968,1789550180581446912,1789550180615094366,22,d4:bd:4f:60:d2:d3,CESI_Recherche,-73.0,2427.0,0
1789550177028211968,1789550180581446912,1789550180615094366,22,d4:bd:4f:60:d2:d4,CESI_Iot,-72.0,2427.0,0
1789550177028211968,1789550180581446912,1789550180615094366,22,2c:5a:0f:e5:7f:e0,eduspot,-62.0,2412.0,0
1789550177028211968,1789550180581446912,1789550180615094366,22,2c:5a:0f:e5:7f:ef,eduspot,-81.0,5280.0,0
1789550177028211968,1789550180581446912,1789550180615094366,22,2c:5a:0f:e5:7f:ee,eduroam,-81.0,5280.0,0
1789550177028211968,1789550180581446912,1789550180615094366,22,d4:bd:4f:60:d2:d1,CESI_HotSpot,-68.0,2427.0,16484
1789550177028211968,1789550180581446912,1789550180615094366,22,d4:bd:4f:60:d2:d2,CESI_Robots,-70.0,2427.0,16484
1789550177028211968,1789550180581446912,1789550180615094366,22,8c:97:ea:a4:87:80,Freebox-32CD89,-82.0,2462.0,20684
1789550181119308032,1789550184681443072,1789550184716939192,23,a2:0c:c2:cf:c6:70,Galaxy S24 Ultra,-67.0,2412.0,4
1789550181119308032,1789550184681443072,1789550184716939192,23,d4:bd:4f:61:91:c0,CESI_Corp,-58.0,2417.0,4
1789550181119308032,1789550184681443072,1789550184716939192,23,d4:bd:4f:61:91:c1,CESI_HotSpot,-58.0,2417.0,4
1789550181119308032,1789550184681443072,1789550184716939192,23,d4:bd:4f:61:91:c2,CESI_Robots,-58.0,2417.0,4
1789550181119308032,1789550184681443072,1789550184716939192,23,d4:bd:4f:61:91:c3,CESI_Recherche,-59.0,2417.0,4
1789550181119308032,1789550184681443072,1789550184716939192,23,d4:bd:4f:61:91:c4,CESI_Iot,-59.0,2417.0,4
1789550181119308032,1789550184681443072,1789550184716939192,23,d4:bd:4f:61:f4:50,CESI_Corp,-68.0,2437.0,4
1789550181119308032,1789550184681443072,1789550184716939192,23,d4:bd:4f:61:f4:51,CESI_HotSpot,-69.0,2437.0,4
1789550181119308032,1789550184681443072,1789550184716939192,23,d4:bd:4f:61:f4:52,CESI_Robots,-68.0,2437.0,4
1789550181119308032,1789550184681443072,1789550184716939192,23,d4:bd:4f:61:f4:53,CESI_Recherche,-68.0,2437.0,4
1789550181119308032,1789550184681443072,1789550184716939192,23,d4:bd:4f:61:f4:54,CESI_Iot,-69.0,2437.0,4
1789550181119308032,1789550184681443072,1789550184716939192,23,d4:bd:4f:61:e5:71,CESI_HotSpot,-40.0,2472.0,4
1789550181119308032,1789550184681443072,1789550184716939192,23,d4:bd:4f:61:e5:72,CESI_Robots,-40.0,2472.0,4
1789550181119308032,1789550184681443072,1789550184716939192,23,d4:bd:4f:61:e5:73,CESI_Recherche,-40.0,2472.0,4
1789550181119308032,1789550184681443072,1789550184716939192,23,d4:bd:4f:61:e5:74,CESI_Iot,-40.0,2472.0,4
1789550181119308032,1789550184681443072,1789550184716939192,23,d4:bd:4f:61:e5:70,CESI_Corp,-40.0,2472.0,4
1789550181119308032,1789550184681443072,1789550184716939192,23,02:91:9e:71:b0:15,poppy_net,-28.0,2472.0,4
1789550181119308032,1789550184681443072,1789550184716939192,23,d4:bd:4f:a1:91:c0,CESI_Corp,-65.0,5320.0,4
1789550181119308032,1789550184681443072,1789550184716939192,23,d4:bd:4f:a1:91:c1,CESI_HotSpot,-65.0,5320.0,4
1789550181119308032,1789550184681443072,1789550184716939192,23,d4:bd:4f:a1:91:c2,CESI_Robots,-65.0,5320.0,4
1789550181119308032,1789550184681443072,1789550184716939192,23,d4:bd:4f:a1:91:c3,CESI_Recherche,-65.0,5320.0,4
1789550181119308032,1789550184681443072,1789550184716939192,23,d4:bd:4f:a1:91:c4,CESI_Iot,-65.0,5320.0,4
1789550181119308032,1789550184681443072,1789550184716939192,23,d4:bd:4f:a0:d2:d0,CESI_Corp,-83.0,5540.0,4
1789550181119308032,1789550184681443072,1789550184716939192,23,d4:bd:4f:a0:d2:d1,CESI_HotSpot,-84.0,5540.0,4
1789550181119308032,1789550184681443072,1789550184716939192,23,d4:bd:4f:a0:d2:d2,CESI_Robots,-84.0,5540.0,4
1789550181119308032,1789550184681443072,1789550184716939192,23,d4:bd:4f:a0:d2:d3,CESI_Recherche,-83.0,5540.0,4
1789550181119308032,1789550184681443072,1789550184716939192,23,d4:bd:4f:a0:d2:d4,CESI_Iot,-83.0,5540.0,4
1789550181119308032,1789550184681443072,1789550184716939192,23,d4:bd:4f:a1:f4:50,CESI_Corp,-66.0,5580.0,4
1789550181119308032,1789550184681443072,1789550184716939192,23,d4:bd:4f:a1:f4:51,CESI_HotSpot,-66.0,5580.0,0
1789550181119308032,1789550184681443072,1789550184716939192,23,d4:bd:4f:a1:f4:52,CESI_Robots,-66.0,5580.0,0
1789550181119308032,1789550184681443072,1789550184716939192,23,d4:bd:4f:a1:f4:53,CESI_Recherche,-66.0,5580.0,0
1789550181119308032,1789550184681443072,1789550184716939192,23,d4:bd:4f:a1:f4:54,CESI_Iot,-66.0,5580.0,0
1789550181119308032,1789550184681443072,1789550184716939192,23,d4:bd:4f:a1:e5:70,CESI_Corp,-35.0,5620.0,0
1789550181119308032,1789550184681443072,1789550184716939192,23,d4:bd:4f:a1:e5:71,CESI_HotSpot,-35.0,5620.0,0
1789550181119308032,1789550184681443072,1789550184716939192,23,d4:bd:4f:a1:e5:72,CESI_Robots,-35.0,5620.0,0
1789550181119308032,1789550184681443072,1789550184716939192,23,d4:bd:4f:a1:e5:73,CESI_Recherche,-35.0,5620.0,0
1789550181119308032,1789550184681443072,1789550184716939192,23,d4:bd:4f:a1:e5:74,CESI_Iot,-35.0,5620.0,0
1789550181119308032,1789550184681443072,1789550184716939192,23,32:24:a9:e8:3e:7f,DIRECT-7F-HP OfficeJet Pro 9010,-67.0,2437.0,8192
1789550181119308032,1789550184681443072,1789550184716939192,23,78:c4:0e:d7:b1:30,RM828_WIFI,-66.0,2412.0,4
1789550181119308032,1789550184681443072,1789550184716939192,23,f8:d0:27:79:d8:b8,EB79D8B8-@E8D0dUTYu1AOsK,-78.0,2462.0,4096
1789550181119308032,1789550184681443072,1789550184716939192,23,2c:5a:0f:e5:7f:e1,eduroam,-60.0,2412.0,4
1789550181119308032,1789550184681443072,1789550184716939192,23,d4:bd:4f:60:d2:d3,CESI_Recherche,-73.0,2427.0,4096
1789550181119308032,1789550184681443072,1789550184716939192,23,d4:bd:4f:60:d2:d4,CESI_Iot,-72.0,2427.0,4096
1789550181119308032,1789550184681443072,1789550184716939192,23,2c:5a:0f:e5:7f:e0,eduspot,-62.0,2412.0,4096
1789550181119308032,1789550184681443072,1789550184716939192,23,2c:5a:0f:e5:7f:ef,eduspot,-77.0,5280.0,4
1789550181119308032,1789550184681443072,1789550184716939192,23,2c:5a:0f:e5:7f:ee,eduroam,-77.0,5280.0,4
1789550181119308032,1789550184681443072,1789550184716939192,23,d4:bd:4f:60:d2:d1,CESI_HotSpot,-68.0,2427.0,20580
1789550181119308032,1789550184681443072,1789550184716939192,23,d4:bd:4f:60:d2:d2,CESI_Robots,-70.0,2427.0,20580
1789550181119308032,1789550184681443072,1789550184716939192,23,8c:97:ea:a4:87:80,Freebox-32CD89,-82.0,2462.0,24780
1789550181119308032,1789550184681443072,1789550184716939192,23,d4:bd:4f:60:d2:d0,CESI_Corp,-71.0,2427.0,4
1789550185221463040,1789550188777564928,1789550188811030887,24,a2:0c:c2:cf:c6:70,Galaxy S24 Ultra,-67.0,2412.0,4096
1789550185221463040,1789550188777564928,1789550188811030887,24,d4:bd:4f:61:91:c0,CESI_Corp,-64.0,2417.0,0
1789550185221463040,1789550188777564928,1789550188811030887,24,d4:bd:4f:61:91:c1,CESI_HotSpot,-59.0,2417.0,0
1789550185221463040,1789550188777564928,1789550188811030887,24,d4:bd:4f:61:91:c2,CESI_Robots,-59.0,2417.0,0
1789550185221463040,1789550188777564928,1789550188811030887,24,d4:bd:4f:61:91:c3,CESI_Recherche,-64.0,2417.0,0
1789550185221463040,1789550188777564928,1789550188811030887,24,d4:bd:4f:61:91:c4,CESI_Iot,-61.0,2417.0,0
1789550185221463040,1789550188777564928,1789550188811030887,24,d4:bd:4f:61:f4:50,CESI_Corp,-69.0,2437.0,0
1789550185221463040,1789550188777564928,1789550188811030887,24,d4:bd:4f:61:f4:51,CESI_HotSpot,-68.0,2437.0,0
1789550185221463040,1789550188777564928,1789550188811030887,24,d4:bd:4f:61:f4:52,CESI_Robots,-68.0,2437.0,0
1789550185221463040,1789550188777564928,1789550188811030887,24,d4:bd:4f:61:f4:53,CESI_Recherche,-68.0,2437.0,0
1789550185221463040,1789550188777564928,1789550188811030887,24,d4:bd:4f:61:f4:54,CESI_Iot,-66.0,2437.0,0
1789550185221463040,1789550188777564928,1789550188811030887,24,d4:bd:4f:61:e5:71,CESI_HotSpot,-39.0,2472.0,0
1789550185221463040,1789550188777564928,1789550188811030887,24,d4:bd:4f:61:e5:72,CESI_Robots,-30.0,2472.0,0
1789550185221463040,1789550188777564928,1789550188811030887,24,d4:bd:4f:61:e5:73,CESI_Recherche,-38.0,2472.0,0
1789550185221463040,1789550188777564928,1789550188811030887,24,d4:bd:4f:61:e5:74,CESI_Iot,-38.0,2472.0,0
1789550185221463040,1789550188777564928,1789550188811030887,24,d4:bd:4f:61:e5:70,CESI_Corp,-38.0,2472.0,0
1789550185221463040,1789550188777564928,1789550188811030887,24,02:91:9e:71:b0:15,poppy_net,-30.0,2472.0,0
1789550185221463040,1789550188777564928,1789550188811030887,24,d4:bd:4f:a1:91:c0,CESI_Corp,-62.0,5320.0,0
1789550185221463040,1789550188777564928,1789550188811030887,24,d4:bd:4f:a1:91:c1,CESI_HotSpot,-63.0,5320.0,0
1789550185221463040,1789550188777564928,1789550188811030887,24,d4:bd:4f:a1:91:c2,CESI_Robots,-63.0,5320.0,0
1789550185221463040,1789550188777564928,1789550188811030887,24,d4:bd:4f:a1:91:c3,CESI_Recherche,-63.0,5320.0,0
1789550185221463040,1789550188777564928,1789550188811030887,24,d4:bd:4f:a1:91:c4,CESI_Iot,-63.0,5320.0,0
1789550185221463040,1789550188777564928,1789550188811030887,24,d4:bd:4f:a0:d2:d0,CESI_Corp,-74.0,5540.0,0
1789550185221463040,1789550188777564928,1789550188811030887,24,d4:bd:4f:a0:d2:d1,CESI_HotSpot,-75.0,5540.0,0
1789550185221463040,1789550188777564928,1789550188811030887,24,d4:bd:4f:a0:d2:d2,CESI_Robots,-75.0,5540.0,0
1789550185221463040,1789550188777564928,1789550188811030887,24,d4:bd:4f:a0:d2:d3,CESI_Recherche,-75.0,5540.0,0
1789550185221463040,1789550188777564928,1789550188811030887,24,d4:bd:4f:a0:d2:d4,CESI_Iot,-74.0,5540.0,0
1789550185221463040,1789550188777564928,1789550188811030887,24,d4:bd:4f:a1:f4:50,CESI_Corp,-71.0,5580.0,0
1789550185221463040,1789550188777564928,1789550188811030887,24,d4:bd:4f:a1:f4:51,CESI_HotSpot,-71.0,5580.0,0
1789550185221463040,1789550188777564928,1789550188811030887,24,d4:bd:4f:a1:f4:52,CESI_Robots,-71.0,5580.0,0
1789550185221463040,1789550188777564928,1789550188811030887,24,d4:bd:4f:a1:f4:53,CESI_Recherche,-71.0,5580.0,0
1789550185221463040,1789550188777564928,1789550188811030887,24,d4:bd:4f:a1:f4:54,CESI_Iot,-71.0,5580.0,0
1789550185221463040,1789550188777564928,1789550188811030887,24,d4:bd:4f:a1:e5:70,CESI_Corp,-43.0,5620.0,0
1789550185221463040,1789550188777564928,1789550188811030887,24,d4:bd:4f:a1:e5:71,CESI_HotSpot,-43.0,5620.0,0
1789550185221463040,1789550188777564928,1789550188811030887,24,d4:bd:4f:a1:e5:72,CESI_Robots,-43.0,5620.0,0
1789550185221463040,1789550188777564928,1789550188811030887,24,d4:bd:4f:a1:e5:73,CESI_Recherche,-43.0,5620.0,0
1789550185221463040,1789550188777564928,1789550188811030887,24,d4:bd:4f:a1:e5:74,CESI_Iot,-43.0,5620.0,0
1789550185221463040,1789550188777564928,1789550188811030887,24,32:24:a9:e8:3e:7f,DIRECT-7F-HP OfficeJet Pro 9010,-65.0,2437.0,0
1789550185221463040,1789550188777564928,1789550188811030887,24,78:c4:0e:d7:b1:30,RM828_WIFI,-66.0,2412.0,4096
1789550185221463040,1789550188777564928,1789550188811030887,24,f8:d0:27:79:d8:b8,EB79D8B8-@E8D0dUTYu1AOsK,-78.0,2462.0,8188
1789550185221463040,1789550188777564928,1789550188811030887,24,2c:5a:0f:e5:7f:e1,eduroam,-62.0,2412.0,0
1789550185221463040,1789550188777564928,1789550188811030887,24,d4:bd:4f:60:d2:d3,CESI_Recherche,-73.0,2427.0,8188
1789550185221463040,1789550188777564928,1789550188811030887,24,d4:bd:4f:60:d2:d4,CESI_Iot,-72.0,2427.0,8188
1789550185221463040,1789550188777564928,1789550188811030887,24,2c:5a:0f:e5:7f:e0,eduspot,-62.0,2412.0,0
1789550185221463040,1789550188777564928,1789550188811030887,24,2c:5a:0f:e5:7f:ef,eduspot,-84.0,5280.0,0
1789550185221463040,1789550188777564928,1789550188811030887,24,2c:5a:0f:e5:7f:ee,eduroam,-84.0,5280.0,0
1789550185221463040,1789550188777564928,1789550188811030887,24,d4:bd:4f:60:d2:d1,CESI_HotSpot,-68.0,2427.0,24672
1789550185221463040,1789550188777564928,1789550188811030887,24,d4:bd:4f:60:d2:d2,CESI_Robots,-70.0,2427.0,24672
1789550185221463040,1789550188777564928,1789550188811030887,24,8c:97:ea:a4:87:80,Freebox-32CD89,-82.0,2462.0,28872
1789550185221463040,1789550188777564928,1789550188811030887,24,d4:bd:4f:60:d2:d0,CESI_Corp,-71.0,2427.0,4096
1789550189314558976,1789550192876658944,1789550192919098560,25,a2:0c:c2:cf:c6:70,Galaxy S24 Ultra,-67.0,2412.0,8192
1789550189314558976,1789550192876658944,1789550192919098560,25,d4:bd:4f:61:91:c0,CESI_Corp,-61.0,2417.0,0
1789550189314558976,1789550192876658944,1789550192919098560,25,d4:bd:4f:61:91:c1,CESI_HotSpot,-62.0,2417.0,0
1789550189314558976,1789550192876658944,1789550192919098560,25,d4:bd:4f:61:91:c2,CESI_Robots,-59.0,2417.0,4096
1789550189314558976,1789550192876658944,1789550192919098560,25,d4:bd:4f:61:91:c3,CESI_Recherche,-64.0,2417.0,4096
1789550189314558976,1789550192876658944,1789550192919098560,25,d4:bd:4f:61:91:c4,CESI_Iot,-61.0,2417.0,4096
1789550189314558976,1789550192876658944,1789550192919098560,25,d4:bd:4f:61:f4:50,CESI_Corp,-65.0,2437.0,0
1789550189314558976,1789550192876658944,1789550192919098560,25,d4:bd:4f:61:f4:51,CESI_HotSpot,-66.0,2437.0,0
1789550189314558976,1789550192876658944,1789550192919098560,25,d4:bd:4f:61:f4:52,CESI_Robots,-66.0,2437.0,0
1789550189314558976,1789550192876658944,1789550192919098560,25,d4:bd:4f:61:f4:53,CESI_Recherche,-64.0,2437.0,0
1789550189314558976,1789550192876658944,1789550192919098560,25,d4:bd:4f:61:f4:54,CESI_Iot,-65.0,2437.0,0
1789550189314558976,1789550192876658944,1789550192919098560,25,d4:bd:4f:61:e5:71,CESI_HotSpot,-48.0,2472.0,0
1789550189314558976,1789550192876658944,1789550192919098560,25,d4:bd:4f:61:e5:72,CESI_Robots,-47.0,2472.0,0
1789550189314558976,1789550192876658944,1789550192919098560,25,d4:bd:4f:61:e5:73,CESI_Recherche,-46.0,2472.0,0
1789550189314558976,1789550192876658944,1789550192919098560,25,d4:bd:4f:61:e5:74,CESI_Iot,-47.0,2472.0,0
1789550189314558976,1789550192876658944,1789550192919098560,25,d4:bd:4f:61:e5:70,CESI_Corp,-48.0,2472.0,0
1789550189314558976,1789550192876658944,1789550192919098560,25,02:91:9e:71:b0:15,poppy_net,-28.0,2472.0,0
1789550189314558976,1789550192876658944,1789550192919098560,25,d4:bd:4f:a1:91:c0,CESI_Corp,-61.0,5320.0,0
1789550189314558976,1789550192876658944,1789550192919098560,25,d4:bd:4f:a1:91:c1,CESI_HotSpot,-61.0,5320.0,0
1789550189314558976,1789550192876658944,1789550192919098560,25,d4:bd:4f:a1:91:c2,CESI_Robots,-61.0,5320.0,0
1789550189314558976,1789550192876658944,1789550192919098560,25,d4:bd:4f:a1:91:c3,CESI_Recherche,-62.0,5320.0,0
1789550189314558976,1789550192876658944,1789550192919098560,25,d4:bd:4f:a1:91:c4,CESI_Iot,-62.0,5320.0,0
1789550189314558976,1789550192876658944,1789550192919098560,25,d4:bd:4f:a0:d2:d0,CESI_Corp,-82.0,5540.0,0
1789550189314558976,1789550192876658944,1789550192919098560,25,d4:bd:4f:a0:d2:d1,CESI_HotSpot,-83.0,5540.0,0
1789550189314558976,1789550192876658944,1789550192919098560,25,d4:bd:4f:a0:d2:d2,CESI_Robots,-83.0,5540.0,0
1789550189314558976,1789550192876658944,1789550192919098560,25,d4:bd:4f:a0:d2:d3,CESI_Recherche,-83.0,5540.0,0
1789550189314558976,1789550192876658944,1789550192919098560,25,d4:bd:4f:a0:d2:d4,CESI_Iot,-82.0,5540.0,0
1789550189314558976,1789550192876658944,1789550192919098560,25,d4:bd:4f:a1:f4:50,CESI_Corp,-65.0,5580.0,0
1789550189314558976,1789550192876658944,1789550192919098560,25,d4:bd:4f:a1:f4:51,CESI_HotSpot,-65.0,5580.0,0
1789550189314558976,1789550192876658944,1789550192919098560,25,d4:bd:4f:a1:f4:52,CESI_Robots,-66.0,5580.0,0
1789550189314558976,1789550192876658944,1789550192919098560,25,d4:bd:4f:a1:f4:53,CESI_Recherche,-65.0,5580.0,0
1789550189314558976,1789550192876658944,1789550192919098560,25,d4:bd:4f:a1:f4:54,CESI_Iot,-65.0,5580.0,0
1789550189314558976,1789550192876658944,1789550192919098560,25,d4:bd:4f:a1:e5:70,CESI_Corp,-34.0,5620.0,0
1789550189314558976,1789550192876658944,1789550192919098560,25,d4:bd:4f:a1:e5:71,CESI_HotSpot,-34.0,5620.0,0
1789550189314558976,1789550192876658944,1789550192919098560,25,d4:bd:4f:a1:e5:72,CESI_Robots,-34.0,5620.0,0
1789550189314558976,1789550192876658944,1789550192919098560,25,d4:bd:4f:a1:e5:73,CESI_Recherche,-34.0,5620.0,0
1789550189314558976,1789550192876658944,1789550192919098560,25,d4:bd:4f:a1:e5:74,CESI_Iot,-34.0,5620.0,0
1789550189314558976,1789550192876658944,1789550192919098560,25,32:24:a9:e8:3e:7f,DIRECT-7F-HP OfficeJet Pro 9010,-65.0,2437.0,4096
1789550189314558976,1789550192876658944,1789550192919098560,25,78:c4:0e:d7:b1:30,RM828_WIFI,-60.0,2412.0,0
1789550189314558976,1789550192876658944,1789550192919098560,25,f8:d0:27:79:d8:b8,EB79D8B8-@E8D0dUTYu1AOsK,-71.0,2462.0,0
1789550189314558976,1789550192876658944,1789550192919098560,25,2c:5a:0f:e5:7f:e1,eduroam,-61.0,2412.0,0
1789550189314558976,1789550192876658944,1789550192919098560,25,d4:bd:4f:60:d2:d3,CESI_Recherche,-67.0,2427.0,0
1789550189314558976,1789550192876658944,1789550192919098560,25,d4:bd:4f:60:d2:d4,CESI_Iot,-72.0,2427.0,12284
1789550189314558976,1789550192876658944,1789550192919098560,25,2c:5a:0f:e5:7f:e0,eduspot,-61.0,2412.0,0
1789550189314558976,1789550192876658944,1789550192919098560,25,2c:5a:0f:e5:7f:ef,eduspot,-83.0,5280.0,0
1789550189314558976,1789550192876658944,1789550192919098560,25,2c:5a:0f:e5:7f:ee,eduroam,-84.0,5280.0,4096
1789550189314558976,1789550192876658944,1789550192919098560,25,d4:bd:4f:60:d2:d1,CESI_HotSpot,-68.0,2427.0,28768
1789550189314558976,1789550192876658944,1789550192919098560,25,d4:bd:4f:60:d2:d2,CESI_Robots,-66.0,2427.0,0
1789550189314558976,1789550192876658944,1789550192919098560,25,d4:bd:4f:60:d2:d0,CESI_Corp,-68.0,2427.0,0
1789550193422189056,1789550196956907008,1789550197000155655,26,a2:0c:c2:cf:c6:70,Galaxy S24 Ultra,-67.0,2412.0,12288
1789550193422189056,1789550196956907008,1789550197000155655,26,d4:bd:4f:61:91:c0,CESI_Corp,-59.0,2417.0,0
1789550193422189056,1789550196956907008,1789550197000155655,26,d4:bd:4f:61:91:c1,CESI_HotSpot,-61.0,2417.0,0
1789550193422189056,1789550196956907008,1789550197000155655,26,d4:bd:4f:61:91:c2,CESI_Robots,-62.0,2417.0,0
1789550193422189056,1789550196956907008,1789550197000155655,26,d4:bd:4f:61:91:c3,CESI_Recherche,-62.0,2417.0,0
1789550193422189056,1789550196956907008,1789550197000155655,26,d4:bd:4f:61:91:c4,CESI_Iot,-60.0,2417.0,0
1789550193422189056,1789550196956907008,1789550197000155655,26,d4:bd:4f:61:f4:50,CESI_Corp,-67.0,2437.0,0
1789550193422189056,1789550196956907008,1789550197000155655,26,d4:bd:4f:61:f4:51,CESI_HotSpot,-73.0,2437.0,0
1789550193422189056,1789550196956907008,1789550197000155655,26,d4:bd:4f:61:f4:52,CESI_Robots,-70.0,2437.0,0
1789550193422189056,1789550196956907008,1789550197000155655,26,d4:bd:4f:61:f4:53,CESI_Recherche,-70.0,2437.0,0
1789550193422189056,1789550196956907008,1789550197000155655,26,d4:bd:4f:61:f4:54,CESI_Iot,-73.0,2437.0,0
1789550193422189056,1789550196956907008,1789550197000155655,26,d4:bd:4f:61:e5:71,CESI_HotSpot,-41.0,2472.0,0
1789550193422189056,1789550196956907008,1789550197000155655,26,d4:bd:4f:61:e5:72,CESI_Robots,-39.0,2472.0,0
1789550193422189056,1789550196956907008,1789550197000155655,26,d4:bd:4f:61:e5:73,CESI_Recherche,-40.0,2472.0,0
1789550193422189056,1789550196956907008,1789550197000155655,26,d4:bd:4f:61:e5:74,CESI_Iot,-39.0,2472.0,0
1789550193422189056,1789550196956907008,1789550197000155655,26,d4:bd:4f:61:e5:70,CESI_Corp,-40.0,2472.0,0
1789550193422189056,1789550196956907008,1789550197000155655,26,02:91:9e:71:b0:15,poppy_net,-32.0,2472.0,0
1789550193422189056,1789550196956907008,1789550197000155655,26,d4:bd:4f:a1:91:c0,CESI_Corp,-63.0,5320.0,0
1789550193422189056,1789550196956907008,1789550197000155655,26,d4:bd:4f:a1:91:c1,CESI_HotSpot,-62.0,5320.0,0
1789550193422189056,1789550196956907008,1789550197000155655,26,d4:bd:4f:a1:91:c2,CESI_Robots,-64.0,5320.0,0
1789550193422189056,1789550196956907008,1789550197000155655,26,d4:bd:4f:a1:91:c3,CESI_Recherche,-64.0,5320.0,0
1789550193422189056,1789550196956907008,1789550197000155655,26,d4:bd:4f:a1:91:c4,CESI_Iot,-64.0,5320.0,0
1789550193422189056,1789550196956907008,1789550197000155655,26,d4:bd:4f:a0:d2:d0,CESI_Corp,-80.0,5540.0,0
1789550193422189056,1789550196956907008,1789550197000155655,26,d4:bd:4f:a0:d2:d1,CESI_HotSpot,-81.0,5540.0,0
1789550193422189056,1789550196956907008,1789550197000155655,26,d4:bd:4f:a0:d2:d2,CESI_Robots,-81.0,5540.0,0
1789550193422189056,1789550196956907008,1789550197000155655,26,d4:bd:4f:a0:d2:d3,CESI_Recherche,-81.0,5540.0,0
1789550193422189056,1789550196956907008,1789550197000155655,26,d4:bd:4f:a0:d2:d4,CESI_Iot,-81.0,5540.0,0
1789550193422189056,1789550196956907008,1789550197000155655,26,d4:bd:4f:a1:f4:50,CESI_Corp,-65.0,5580.0,0
1789550193422189056,1789550196956907008,1789550197000155655,26,d4:bd:4f:a1:f4:51,CESI_HotSpot,-65.0,5580.0,0
1789550193422189056,1789550196956907008,1789550197000155655,26,d4:bd:4f:a1:f4:52,CESI_Robots,-65.0,5580.0,0
1789550193422189056,1789550196956907008,1789550197000155655,26,d4:bd:4f:a1:f4:53,CESI_Recherche,-65.0,5580.0,0
1789550193422189056,1789550196956907008,1789550197000155655,26,d4:bd:4f:a1:f4:54,CESI_Iot,-65.0,5580.0,0
1789550193422189056,1789550196956907008,1789550197000155655,26,d4:bd:4f:a1:e5:70,CESI_Corp,-39.0,5620.0,0
1789550193422189056,1789550196956907008,1789550197000155655,26,d4:bd:4f:a1:e5:71,CESI_HotSpot,-39.0,5620.0,0
1789550193422189056,1789550196956907008,1789550197000155655,26,d4:bd:4f:a1:e5:72,CESI_Robots,-39.0,5620.0,0
1789550193422189056,1789550196956907008,1789550197000155655,26,d4:bd:4f:a1:e5:73,CESI_Recherche,-39.0,5620.0,0
1789550193422189056,1789550196956907008,1789550197000155655,26,d4:bd:4f:a1:e5:74,CESI_Iot,-38.0,5620.0,0
1789550193422189056,1789550196956907008,1789550197000155655,26,32:24:a9:e8:3e:7f,DIRECT-7F-HP OfficeJet Pro 9010,-69.0,2437.0,0
1789550193422189056,1789550196956907008,1789550197000155655,26,78:c4:0e:d7:b1:30,RM828_WIFI,-73.0,2412.0,0
1789550193422189056,1789550196956907008,1789550197000155655,26,f8:d0:27:79:d8:b8,EB79D8B8-@E8D0dUTYu1AOsK,-81.0,2462.0,0
1789550193422189056,1789550196956907008,1789550197000155655,26,2c:5a:0f:e5:7f:e1,eduroam,-61.0,2412.0,4096
1789550193422189056,1789550196956907008,1789550197000155655,26,d4:bd:4f:60:d2:d3,CESI_Recherche,-67.0,2427.0,4096
1789550193422189056,1789550196956907008,1789550197000155655,26,d4:bd:4f:60:d2:d4,CESI_Iot,-72.0,2427.0,16380
1789550193422189056,1789550196956907008,1789550197000155655,26,2c:5a:0f:e5:7f:e0,eduspot,-61.0,2412.0,4096
1789550193422189056,1789550196956907008,1789550197000155655,26,2c:5a:0f:e5:7f:ef,eduspot,-83.0,5280.0,0
1789550193422189056,1789550196956907008,1789550197000155655,26,2c:5a:0f:e5:7f:ee,eduroam,-82.0,5280.0,0
1789550193422189056,1789550196956907008,1789550197000155655,26,d4:bd:4f:60:d2:d2,CESI_Robots,-66.0,2427.0,4096
1789550193422189056,1789550196956907008,1789550197000155655,26,d4:bd:4f:60:d2:d0,CESI_Corp,-68.0,2427.0,4096
1789550197505201152,1789550201155947008,1789550201191033028,27,a2:0c:c2:cf:c6:70,Galaxy S24 Ultra,-67.0,2412.0,16488
1789550197505201152,1789550201155947008,1789550201191033028,27,d4:bd:4f:61:91:c0,CESI_Corp,-59.0,2417.0,4
1789550197505201152,1789550201155947008,1789550201191033028,27,d4:bd:4f:61:91:c1,CESI_HotSpot,-59.0,2417.0,4
1789550197505201152,1789550201155947008,1789550201191033028,27,d4:bd:4f:61:91:c2,CESI_Robots,-60.0,2417.0,4
1789550197505201152,1789550201155947008,1789550201191033028,27,d4:bd:4f:61:91:c3,CESI_Recherche,-59.0,2417.0,4
1789550197505201152,1789550201155947008,1789550201191033028,27,d4:bd:4f:61:91:c4,CESI_Iot,-58.0,2417.0,4
1789550197505201152,1789550201155947008,1789550201191033028,27,d4:bd:4f:61:f4:50,CESI_Corp,-72.0,2437.0,0
1789550197505201152,1789550201155947008,1789550201191033028,27,d4:bd:4f:61:f4:51,CESI_HotSpot,-71.0,2437.0,0
1789550197505201152,1789550201155947008,1789550201191033028,27,d4:bd:4f:61:f4:52,CESI_Robots,-71.0,2437.0,0
1789550197505201152,1789550201155947008,1789550201191033028,27,d4:bd:4f:61:f4:53,CESI_Recherche,-62.0,2437.0,0
1789550197505201152,1789550201155947008,1789550201191033028,27,d4:bd:4f:61:f4:54,CESI_Iot,-66.0,2437.0,0
1789550197505201152,1789550201155947008,1789550201191033028,27,d4:bd:4f:61:e5:71,CESI_HotSpot,-48.0,2472.0,0
1789550197505201152,1789550201155947008,1789550201191033028,27,d4:bd:4f:61:e5:72,CESI_Robots,-43.0,2472.0,0
1789550197505201152,1789550201155947008,1789550201191033028,27,d4:bd:4f:61:e5:73,CESI_Recherche,-42.0,2472.0,0
1789550197505201152,1789550201155947008,1789550201191033028,27,d4:bd:4f:61:e5:74,CESI_Iot,-43.0,2472.0,0
1789550197505201152,1789550201155947008,1789550201191033028,27,d4:bd:4f:61:e5:70,CESI_Corp,-43.0,2472.0,0
1789550197505201152,1789550201155947008,1789550201191033028,27,02:91:9e:71:b0:15,poppy_net,-41.0,2472.0,0
1789550197505201152,1789550201155947008,1789550201191033028,27,d4:bd:4f:a1:91:c0,CESI_Corp,-67.0,5320.0,0
1789550197505201152,1789550201155947008,1789550201191033028,27,d4:bd:4f:a1:91:c1,CESI_HotSpot,-67.0,5320.0,0
1789550197505201152,1789550201155947008,1789550201191033028,27,d4:bd:4f:a1:91:c2,CESI_Robots,-67.0,5320.0,0
1789550197505201152,1789550201155947008,1789550201191033028,27,d4:bd:4f:a1:91:c3,CESI_Recherche,-67.0,5320.0,0
1789550197505201152,1789550201155947008,1789550201191033028,27,d4:bd:4f:a1:91:c4,CESI_Iot,-67.0,5320.0,0
1789550197505201152,1789550201155947008,1789550201191033028,27,d4:bd:4f:a0:d2:d0,CESI_Corp,-77.0,5540.0,0
1789550197505201152,1789550201155947008,1789550201191033028,27,d4:bd:4f:a0:d2:d1,CESI_HotSpot,-77.0,5540.0,0
1789550197505201152,1789550201155947008,1789550201191033028,27,d4:bd:4f:a0:d2:d2,CESI_Robots,-77.0,5540.0,0
1789550197505201152,1789550201155947008,1789550201191033028,27,d4:bd:4f:a0:d2:d3,CESI_Recherche,-77.0,5540.0,0
1789550197505201152,1789550201155947008,1789550201191033028,27,d4:bd:4f:a0:d2:d4,CESI_Iot,-77.0,5540.0,0
1789550197505201152,1789550201155947008,1789550201191033028,27,d4:bd:4f:a1:f4:50,CESI_Corp,-65.0,5580.0,0
1789550197505201152,1789550201155947008,1789550201191033028,27,d4:bd:4f:a1:f4:51,CESI_HotSpot,-65.0,5580.0,0
1789550197505201152,1789550201155947008,1789550201191033028,27,d4:bd:4f:a1:f4:52,CESI_Robots,-65.0,5580.0,0
1789550197505201152,1789550201155947008,1789550201191033028,27,d4:bd:4f:a1:f4:53,CESI_Recherche,-65.0,5580.0,0
1789550197505201152,1789550201155947008,1789550201191033028,27,d4:bd:4f:a1:f4:54,CESI_Iot,-65.0,5580.0,0
1789550197505201152,1789550201155947008,1789550201191033028,27,d4:bd:4f:a1:e5:70,CESI_Corp,-42.0,5620.0,0
1789550197505201152,1789550201155947008,1789550201191033028,27,d4:bd:4f:a1:e5:71,CESI_HotSpot,-41.0,5620.0,0
1789550197505201152,1789550201155947008,1789550201191033028,27,d4:bd:4f:a1:e5:72,CESI_Robots,-41.0,5620.0,0
1789550197505201152,1789550201155947008,1789550201191033028,27,d4:bd:4f:a1:e5:73,CESI_Recherche,-41.0,5620.0,0
1789550197505201152,1789550201155947008,1789550201191033028,27,d4:bd:4f:a1:e5:74,CESI_Iot,-41.0,5620.0,0
1789550197505201152,1789550201155947008,1789550201191033028,27,32:24:a9:e8:3e:7f,DIRECT-7F-HP OfficeJet Pro 9010,-67.0,2437.0,0
1789550197505201152,1789550201155947008,1789550201191033028,27,78:c4:0e:d7:b1:30,RM828_WIFI,-64.0,2412.0,4
1789550197505201152,1789550201155947008,1789550201191033028,27,f8:d0:27:79:d8:b8,EB79D8B8-@E8D0dUTYu1AOsK,-70.0,2462.0,0
1789550197505201152,1789550201155947008,1789550201191033028,27,2c:5a:0f:e5:7f:e1,eduroam,-61.0,2412.0,8296
1789550197505201152,1789550201155947008,1789550201191033028,27,d4:bd:4f:60:d2:d3,CESI_Recherche,-70.0,2427.0,0
1789550197505201152,1789550201155947008,1789550201191033028,27,d4:bd:4f:60:d2:d4,CESI_Iot,-72.0,2427.0,20580
1789550197505201152,1789550201155947008,1789550201191033028,27,2c:5a:0f:e5:7f:e0,eduspot,-61.0,2412.0,8296
1789550197505201152,1789550201155947008,1789550201191033028,27,2c:5a:0f:e5:7f:ef,eduspot,-85.0,5280.0,0
1789550197505201152,1789550201155947008,1789550201191033028,27,2c:5a:0f:e5:7f:ee,eduroam,-82.0,5280.0,4200
1789550197505201152,1789550201155947008,1789550201191033028,27,d4:bd:4f:60:d2:d2,CESI_Robots,-66.0,2427.0,8296
1789550197505201152,1789550201155947008,1789550201191033028,27,d4:bd:4f:60:d2:d0,CESI_Corp,-68.0,2427.0,8296
1789550201693015040,1789550205263986176,1789550205297351505,28,a2:0c:c2:cf:c6:70,Galaxy S24 Ultra,-67.0,2412.0,4
1789550201693015040,1789550205263986176,1789550205297351505,28,d4:bd:4f:61:91:c0,CESI_Corp,-53.0,2417.0,4
1789550201693015040,1789550205263986176,1789550205297351505,28,d4:bd:4f:61:91:c1,CESI_HotSpot,-59.0,2417.0,4100
1789550201693015040,1789550205263986176,1789550205297351505,28,d4:bd:4f:61:91:c2,CESI_Robots,-48.0,2417.0,4
1789550201693015040,1789550205263986176,1789550205297351505,28,d4:bd:4f:61:91:c3,CESI_Recherche,-59.0,2417.0,4100
1789550201693015040,1789550205263986176,1789550205297351505,28,d4:bd:4f:61:91:c4,CESI_Iot,-58.0,2417.0,4100
1789550201693015040,1789550205263986176,1789550205297351505,28,d4:bd:4f:61:f4:50,CESI_Corp,-66.0,2437.0,4
1789550201693015040,1789550205263986176,1789550205297351505,28,d4:bd:4f:61:f4:51,CESI_HotSpot,-64.0,2437.0,4
1789550201693015040,1789550205263986176,1789550205297351505,28,d4:bd:4f:61:f4:52,CESI_Robots,-64.0,2437.0,4
1789550201693015040,1789550205263986176,1789550205297351505,28,d4:bd:4f:61:f4:53,CESI_Recherche,-66.0,2437.0,4
1789550201693015040,1789550205263986176,1789550205297351505,28,d4:bd:4f:61:f4:54,CESI_Iot,-66.0,2437.0,4
1789550201693015040,1789550205263986176,1789550205297351505,28,d4:bd:4f:61:e5:71,CESI_HotSpot,-31.0,2472.0,4
1789550201693015040,1789550205263986176,1789550205297351505,28,d4:bd:4f:61:e5:72,CESI_Robots,-31.0,2472.0,4
1789550201693015040,1789550205263986176,1789550205297351505,28,d4:bd:4f:61:e5:73,CESI_Recherche,-32.0,2472.0,4
1789550201693015040,1789550205263986176,1789550205297351505,28,d4:bd:4f:61:e5:74,CESI_Iot,-31.0,2472.0,4
1789550201693015040,1789550205263986176,1789550205297351505,28,d4:bd:4f:61:e5:70,CESI_Corp,-31.0,2472.0,4
1789550201693015040,1789550205263986176,1789550205297351505,28,02:91:9e:71:b0:15,poppy_net,-40.0,2472.0,4
1789550201693015040,1789550205263986176,1789550205297351505,28,d4:bd:4f:a1:91:c0,CESI_Corp,-56.0,5320.0,4
1789550201693015040,1789550205263986176,1789550205297351505,28,d4:bd:4f:a1:91:c1,CESI_HotSpot,-56.0,5320.0,4
1789550201693015040,1789550205263986176,1789550205297351505,28,d4:bd:4f:a1:91:c2,CESI_Robots,-56.0,5320.0,4
1789550201693015040,1789550205263986176,1789550205297351505,28,d4:bd:4f:a1:91:c3,CESI_Recherche,-56.0,5320.0,4
1789550201693015040,1789550205263986176,1789550205297351505,28,d4:bd:4f:a1:91:c4,CESI_Iot,-56.0,5320.0,4
1789550201693015040,1789550205263986176,1789550205297351505,28,d4:bd:4f:a0:d2:d0,CESI_Corp,-74.0,5540.0,4
1789550201693015040,1789550205263986176,1789550205297351505,28,d4:bd:4f:a0:d2:d1,CESI_HotSpot,-73.0,5540.0,4
1789550201693015040,1789550205263986176,1789550205297351505,28,d4:bd:4f:a0:d2:d2,CESI_Robots,-73.0,5540.0,4
1789550201693015040,1789550205263986176,1789550205297351505,28,d4:bd:4f:a0:d2:d3,CESI_Recherche,-73.0,5540.0,4
1789550201693015040,1789550205263986176,1789550205297351505,28,d4:bd:4f:a0:d2:d4,CESI_Iot,-73.0,5540.0,4
1789550201693015040,1789550205263986176,1789550205297351505,28,d4:bd:4f:a1:f4:50,CESI_Corp,-66.0,5580.0,4
1789550201693015040,1789550205263986176,1789550205297351505,28,d4:bd:4f:a1:f4:51,CESI_HotSpot,-67.0,5580.0,4
1789550201693015040,1789550205263986176,1789550205297351505,28,d4:bd:4f:a1:f4:52,CESI_Robots,-66.0,5580.0,4
1789550201693015040,1789550205263986176,1789550205297351505,28,d4:bd:4f:a1:f4:53,CESI_Recherche,-66.0,5580.0,4
1789550201693015040,1789550205263986176,1789550205297351505,28,d4:bd:4f:a1:f4:54,CESI_Iot,-67.0,5580.0,4
1789550201693015040,1789550205263986176,1789550205297351505,28,d4:bd:4f:a1:e5:70,CESI_Corp,-37.0,5620.0,4
1789550201693015040,1789550205263986176,1789550205297351505,28,d4:bd:4f:a1:e5:71,CESI_HotSpot,-38.0,5620.0,4
1789550201693015040,1789550205263986176,1789550205297351505,28,d4:bd:4f:a1:e5:72,CESI_Robots,-36.0,5620.0,4
1789550201693015040,1789550205263986176,1789550205297351505,28,d4:bd:4f:a1:e5:73,CESI_Recherche,-37.0,5620.0,4
1789550201693015040,1789550205263986176,1789550205297351505,28,d4:bd:4f:a1:e5:74,CESI_Iot,-36.0,5620.0,4
1789550201693015040,1789550205263986176,1789550205297351505,28,32:24:a9:e8:3e:7f,DIRECT-7F-HP OfficeJet Pro 9010,-73.0,2437.0,4
1789550201693015040,1789550205263986176,1789550205297351505,28,78:c4:0e:d7:b1:30,RM828_WIFI,-65.0,2412.0,4
1789550201693015040,1789550205263986176,1789550205297351505,28,f8:d0:27:79:d8:b8,EB79D8B8-@E8D0dUTYu1AOsK,-75.0,2462.0,4
1789550201693015040,1789550205263986176,1789550205297351505,28,2c:5a:0f:e5:7f:e1,eduroam,-59.0,2412.0,4
1789550201693015040,1789550205263986176,1789550205297351505,28,d4:bd:4f:60:d2:d3,CESI_Recherche,-70.0,2427.0,4096
1789550201693015040,1789550205263986176,1789550205297351505,28,d4:bd:4f:60:d2:d4,CESI_Iot,-72.0,2427.0,24676
1789550201693015040,1789550205263986176,1789550205297351505,28,2c:5a:0f:e5:7f:e0,eduspot,-59.0,2412.0,4
1789550201693015040,1789550205263986176,1789550205297351505,28,2c:5a:0f:e5:7f:ef,eduspot,-87.0,5280.0,4
1789550201693015040,1789550205263986176,1789550205297351505,28,2c:5a:0f:e5:7f:ee,eduroam,-82.0,5280.0,8296
1789550201693015040,1789550205263986176,1789550205297351505,28,d4:bd:4f:60:d2:d2,CESI_Robots,-66.0,2427.0,12392
1789550201693015040,1789550205263986176,1789550205297351505,28,d4:bd:4f:60:d2:d0,CESI_Corp,-68.0,2427.0,12392
1789550201693015040,1789550205263986176,1789550205297351505,28,d4:bd:4f:60:d2:d1,CESI_HotSpot,-72.0,2427.0,4
1789550205802134016,1789550209354299136,1789550209395922797,29,a2:0c:c2:cf:c6:70,Galaxy S24 Ultra,-67.0,2412.0,4100
1789550205802134016,1789550209354299136,1789550209395922797,29,d4:bd:4f:61:91:c0,CESI_Corp,-46.0,2417.0,4
1789550205802134016,1789550209354299136,1789550209395922797,29,d4:bd:4f:61:91:c1,CESI_HotSpot,-47.0,2417.0,4
1789550205802134016,1789550209354299136,1789550209395922797,29,d4:bd:4f:61:91:c2,CESI_Robots,-47.0,2417.0,4
1789550205802134016,1789550209354299136,1789550209395922797,29,d4:bd:4f:61:91:c3,CESI_Recherche,-47.0,2417.0,4
1789550205802134016,1789550209354299136,1789550209395922797,29,d4:bd:4f:61:91:c4,CESI_Iot,-47.0,2417.0,4
1789550205802134016,1789550209354299136,1789550209395922797,29,d4:bd:4f:61:f4:50,CESI_Corp,-62.0,2437.0,4
1789550205802134016,1789550209354299136,1789550209395922797,29,d4:bd:4f:61:f4:51,CESI_HotSpot,-62.0,2437.0,4
1789550205802134016,1789550209354299136,1789550209395922797,29,d4:bd:4f:61:f4:52,CESI_Robots,-62.0,2437.0,4
1789550205802134016,1789550209354299136,1789550209395922797,29,d4:bd:4f:61:f4:53,CESI_Recherche,-74.0,2437.0,4
1789550205802134016,1789550209354299136,1789550209395922797,29,d4:bd:4f:61:f4:54,CESI_Iot,-62.0,2437.0,4
1789550205802134016,1789550209354299136,1789550209395922797,29,d4:bd:4f:61:e5:71,CESI_HotSpot,-31.0,2472.0,4100
1789550205802134016,1789550209354299136,1789550209395922797,29,d4:bd:4f:61:e5:72,CESI_Robots,-31.0,2472.0,4100
1789550205802134016,1789550209354299136,1789550209395922797,29,d4:bd:4f:61:e5:73,CESI_Recherche,-32.0,2472.0,4100
1789550205802134016,1789550209354299136,1789550209395922797,29,d4:bd:4f:61:e5:74,CESI_Iot,-31.0,2472.0,4100
1789550205802134016,1789550209354299136,1789550209395922797,29,d4:bd:4f:61:e5:70,CESI_Corp,-31.0,2472.0,4100
1789550205802134016,1789550209354299136,1789550209395922797,29,02:91:9e:71:b0:15,poppy_net,-32.0,2472.0,4
1789550205802134016,1789550209354299136,1789550209395922797,29,d4:bd:4f:a1:91:c0,CESI_Corp,-49.0,5320.0,4
1789550205802134016,1789550209354299136,1789550209395922797,29,d4:bd:4f:a1:91:c1,CESI_HotSpot,-49.0,5320.0,4
1789550205802134016,1789550209354299136,1789550209395922797,29,d4:bd:4f:a1:91:c2,CESI_Robots,-49.0,5320.0,4
1789550205802134016,1789550209354299136,1789550209395922797,29,d4:bd:4f:a1:91:c3,CESI_Recherche,-49.0,5320.0,4
1789550205802134016,1789550209354299136,1789550209395922797,29,d4:bd:4f:a1:91:c4,CESI_Iot,-49.0,5320.0,4
1789550205802134016,1789550209354299136,1789550209395922797,29,d4:bd:4f:a0:d2:d0,CESI_Corp,-79.0,5540.0,4
1789550205802134016,1789550209354299136,1789550209395922797,29,d4:bd:4f:a0:d2:d1,CESI_HotSpot,-79.0,5540.0,4
1789550205802134016,1789550209354299136,1789550209395922797,29,d4:bd:4f:a0:d2:d2,CESI_Robots,-79.0,5540.0,4
1789550205802134016,1789550209354299136,1789550209395922797,29,d4:bd:4f:a0:d2:d3,CESI_Recherche,-78.0,5540.0,4
1789550205802134016,1789550209354299136,1789550209395922797,29,d4:bd:4f:a0:d2:d4,CESI_Iot,-79.0,5540.0,4
1789550205802134016,1789550209354299136,1789550209395922797,29,d4:bd:4f:a1:f4:50,CESI_Corp,-66.0,5580.0,4
1789550205802134016,1789550209354299136,1789550209395922797,29,d4:bd:4f:a1:f4:51,CESI_HotSpot,-66.0,5580.0,4
1789550205802134016,1789550209354299136,1789550209395922797,29,d4:bd:4f:a1:f4:52,CESI_Robots,-66.0,5580.0,4
1789550205802134016,1789550209354299136,1789550209395922797,29,d4:bd:4f:a1:f4:53,CESI_Recherche,-66.0,5580.0,4
1789550205802134016,1789550209354299136,1789550209395922797,29,d4:bd:4f:a1:f4:54,CESI_Iot,-66.0,5580.0,4
1789550205802134016,1789550209354299136,1789550209395922797,29,d4:bd:4f:a1:e5:70,CESI_Corp,-34.0,5620.0,4
1789550205802134016,1789550209354299136,1789550209395922797,29,d4:bd:4f:a1:e5:71,CESI_HotSpot,-33.0,5620.0,4
1789550205802134016,1789550209354299136,1789550209395922797,29,d4:bd:4f:a1:e5:72,CESI_Robots,-33.0,5620.0,4
1789550205802134016,1789550209354299136,1789550209395922797,29,d4:bd:4f:a1:e5:73,CESI_Recherche,-33.0,5620.0,4
1789550205802134016,1789550209354299136,1789550209395922797,29,d4:bd:4f:a1:e5:74,CESI_Iot,-33.0,5620.0,4
1789550205802134016,1789550209354299136,1789550209395922797,29,32:24:a9:e8:3e:7f,DIRECT-7F-HP OfficeJet Pro 9010,-73.0,2437.0,4100
1789550205802134016,1789550209354299136,1789550209395922797,29,78:c4:0e:d7:b1:30,RM828_WIFI,-74.0,2412.0,4
1789550205802134016,1789550209354299136,1789550209395922797,29,f8:d0:27:79:d8:b8,EB79D8B8-@E8D0dUTYu1AOsK,-73.0,2462.0,4
1789550205802134016,1789550209354299136,1789550209395922797,29,2c:5a:0f:e5:7f:e1,eduroam,-60.0,2412.0,4
1789550205802134016,1789550209354299136,1789550209395922797,29,d4:bd:4f:60:d2:d3,CESI_Recherche,-70.0,2427.0,8192
1789550205802134016,1789550209354299136,1789550209395922797,29,d4:bd:4f:60:d2:d4,CESI_Iot,-72.0,2427.0,28772
1789550205802134016,1789550209354299136,1789550209395922797,29,2c:5a:0f:e5:7f:e0,eduspot,-59.0,2412.0,4
1789550205802134016,1789550209354299136,1789550209395922797,29,2c:5a:0f:e5:7f:ef,eduspot,-83.0,5280.0,4
1789550205802134016,1789550209354299136,1789550209395922797,29,2c:5a:0f:e5:7f:ee,eduroam,-83.0,5280.0,4
1789550205802134016,1789550209354299136,1789550209395922797,29,d4:bd:4f:60:d2:d2,CESI_Robots,-66.0,2427.0,16488
1789550205802134016,1789550209354299136,1789550209395922797,29,d4:bd:4f:60:d2:d0,CESI_Corp,-68.0,2427.0,16488
1789550205802134016,1789550209354299136,1789550209395922797,29,d4:bd:4f:60:d2:d1,CESI_HotSpot,-72.0,2427.0,4100
1789550205802134016,1789550209354299136,1789550209395922797,29,7c:26:64:69:50:04,,-82.0,2462.0,4
1789550209900893952,1789550213450031104,1789550213482656206,30,a2:0c:c2:cf:c6:70,Galaxy S24 Ultra,-73.0,2412.0,0
1789550209900893952,1789550213450031104,1789550213482656206,30,d4:bd:4f:61:91:c0,CESI_Corp,-46.0,2417.0,0
1789550209900893952,1789550213450031104,1789550213482656206,30,d4:bd:4f:61:91:c1,CESI_HotSpot,-47.0,2417.0,0
1789550209900893952,1789550213450031104,1789550213482656206,30,d4:bd:4f:61:91:c2,CESI_Robots,-53.0,2417.0,0
1789550209900893952,1789550213450031104,1789550213482656206,30,d4:bd:4f:61:91:c3,CESI_Recherche,-46.0,2417.0,0
1789550209900893952,1789550213450031104,1789550213482656206,30,d4:bd:4f:61:91:c4,CESI_Iot,-47.0,2417.0,0
1789550209900893952,1789550213450031104,1789550213482656206,30,d4:bd:4f:61:f4:50,CESI_Corp,-64.0,2437.0,0
1789550209900893952,1789550213450031104,1789550213482656206,30,d4:bd:4f:61:f4:51,CESI_HotSpot,-62.0,2437.0,0
1789550209900893952,1789550213450031104,1789550213482656206,30,d4:bd:4f:61:f4:52,CESI_Robots,-60.0,2437.0,0
1789550209900893952,1789550213450031104,1789550213482656206,30,d4:bd:4f:61:f4:53,CESI_Recherche,-58.0,2437.0,0
1789550209900893952,1789550213450031104,1789550213482656206,30,d4:bd:4f:61:f4:54,CESI_Iot,-64.0,2437.0,0
1789550209900893952,1789550213450031104,1789550213482656206,30,d4:bd:4f:61:e5:71,CESI_HotSpot,-39.0,2472.0,0
1789550209900893952,1789550213450031104,1789550213482656206,30,d4:bd:4f:61:e5:72,CESI_Robots,-40.0,2472.0,0
1789550209900893952,1789550213450031104,1789550213482656206,30,d4:bd:4f:61:e5:73,CESI_Recherche,-32.0,2472.0,0
1789550209900893952,1789550213450031104,1789550213482656206,30,d4:bd:4f:61:e5:74,CESI_Iot,-40.0,2472.0,0
1789550209900893952,1789550213450031104,1789550213482656206,30,d4:bd:4f:61:e5:70,CESI_Corp,-39.0,2472.0,0
1789550209900893952,1789550213450031104,1789550213482656206,30,02:91:9e:71:b0:15,poppy_net,-31.0,2472.0,0
1789550209900893952,1789550213450031104,1789550213482656206,30,d4:bd:4f:a1:91:c0,CESI_Corp,-46.0,5320.0,0
1789550209900893952,1789550213450031104,1789550213482656206,30,d4:bd:4f:a1:91:c1,CESI_HotSpot,-47.0,5320.0,0
1789550209900893952,1789550213450031104,1789550213482656206,30,d4:bd:4f:a1:91:c2,CESI_Robots,-47.0,5320.0,0
1789550209900893952,1789550213450031104,1789550213482656206,30,d4:bd:4f:a1:91:c3,CESI_Recherche,-47.0,5320.0,0
1789550209900893952,1789550213450031104,1789550213482656206,30,d4:bd:4f:a1:91:c4,CESI_Iot,-47.0,5320.0,0
1789550209900893952,1789550213450031104,1789550213482656206,30,d4:bd:4f:a0:d2:d0,CESI_Corp,-73.0,5540.0,0
1789550209900893952,1789550213450031104,1789550213482656206,30,d4:bd:4f:a0:d2:d1,CESI_HotSpot,-73.0,5540.0,0
1789550209900893952,1789550213450031104,1789550213482656206,30,d4:bd:4f:a0:d2:d2,CESI_Robots,-73.0,5540.0,0
1789550209900893952,1789550213450031104,1789550213482656206,30,d4:bd:4f:a0:d2:d3,CESI_Recherche,-73.0,5540.0,0
1789550209900893952,1789550213450031104,1789550213482656206,30,d4:bd:4f:a0:d2:d4,CESI_Iot,-72.0,5540.0,0
1789550209900893952,1789550213450031104,1789550213482656206,30,d4:bd:4f:a1:f4:50,CESI_Corp,-66.0,5580.0,0
1789550209900893952,1789550213450031104,1789550213482656206,30,d4:bd:4f:a1:f4:51,CESI_HotSpot,-67.0,5580.0,0
1789550209900893952,1789550213450031104,1789550213482656206,30,d4:bd:4f:a1:f4:52,CESI_Robots,-67.0,5580.0,0
1789550209900893952,1789550213450031104,1789550213482656206,30,d4:bd:4f:a1:f4:53,CESI_Recherche,-67.0,5580.0,0
1789550209900893952,1789550213450031104,1789550213482656206,30,d4:bd:4f:a1:f4:54,CESI_Iot,-67.0,5580.0,0
1789550209900893952,1789550213450031104,1789550213482656206,30,d4:bd:4f:a1:e5:70,CESI_Corp,-38.0,5620.0,0
1789550209900893952,1789550213450031104,1789550213482656206,30,d4:bd:4f:a1:e5:71,CESI_HotSpot,-38.0,5620.0,0
1789550209900893952,1789550213450031104,1789550213482656206,30,d4:bd:4f:a1:e5:72,CESI_Robots,-38.0,5620.0,0
1789550209900893952,1789550213450031104,1789550213482656206,30,d4:bd:4f:a1:e5:73,CESI_Recherche,-39.0,5620.0,0
1789550209900893952,1789550213450031104,1789550213482656206,30,d4:bd:4f:a1:e5:74,CESI_Iot,-37.0,5620.0,0
1789550209900893952,1789550213450031104,1789550213482656206,30,32:24:a9:e8:3e:7f,DIRECT-7F-HP OfficeJet Pro 9010,-73.0,2437.0,8192
1789550209900893952,1789550213450031104,1789550213482656206,30,78:c4:0e:d7:b1:30,RM828_WIFI,-74.0,2412.0,4096
1789550209900893952,1789550213450031104,1789550213482656206,30,f8:d0:27:79:d8:b8,EB79D8B8-@E8D0dUTYu1AOsK,-73.0,2462.0,4096
1789550209900893952,1789550213450031104,1789550213482656206,30,2c:5a:0f:e5:7f:e1,eduroam,-60.0,2412.0,4096
1789550209900893952,1789550213450031104,1789550213482656206,30,d4:bd:4f:60:d2:d3,CESI_Recherche,-70.0,2427.0,12284
1789550209900893952,1789550213450031104,1789550213482656206,30,d4:bd:4f:60:d2:d4,CESI_Iot,-69.0,2427.0,0
1789550209900893952,1789550213450031104,1789550213482656206,30,2c:5a:0f:e5:7f:e0,eduspot,-59.0,2412.0,4096
1789550209900893952,1789550213450031104,1789550213482656206,30,2c:5a:0f:e5:7f:ef,eduspot,-75.0,5280.0,0
1789550209900893952,1789550213450031104,1789550213482656206,30,2c:5a:0f:e5:7f:ee,eduroam,-77.0,5280.0,0
1789550209900893952,1789550213450031104,1789550213482656206,30,d4:bd:4f:60:d2:d2,CESI_Robots,-68.0,2427.0,0
1789550209900893952,1789550213450031104,1789550213482656206,30,d4:bd:4f:60:d2:d0,CESI_Corp,-72.0,2427.0,0
1789550209900893952,1789550213450031104,1789550213482656206,30,d4:bd:4f:60:d2:d1,CESI_HotSpot,-71.0,2427.0,0
1789550209900893952,1789550213450031104,1789550213482656206,30,7c:26:64:69:50:04,,-82.0,2462.0,4096
1789550213986624000,1789550217544605952,1789550217584012513,31,a2:0c:c2:cf:c6:70,Galaxy S24 Ultra,-57.0,2412.0,0
1789550213986624000,1789550217544605952,1789550217584012513,31,d4:bd:4f:61:91:c0,CESI_Corp,-52.0,2417.0,0
1789550213986624000,1789550217544605952,1789550217584012513,31,d4:bd:4f:61:91:c1,CESI_HotSpot,-53.0,2417.0,0
1789550213986624000,1789550217544605952,1789550217584012513,31,d4:bd:4f:61:91:c2,CESI_Robots,-52.0,2417.0,0
1789550213986624000,1789550217544605952,1789550217584012513,31,d4:bd:4f:61:91:c3,CESI_Recherche,-49.0,2417.0,0
1789550213986624000,1789550217544605952,1789550217584012513,31,d4:bd:4f:61:91:c4,CESI_Iot,-54.0,2417.0,0
1789550213986624000,1789550217544605952,1789550217584012513,31,d4:bd:4f:61:f4:50,CESI_Corp,-60.0,2437.0,0
1789550213986624000,1789550217544605952,1789550217584012513,31,d4:bd:4f:61:f4:51,CESI_HotSpot,-60.0,2437.0,0
1789550213986624000,1789550217544605952,1789550217584012513,31,d4:bd:4f:61:f4:52,CESI_Robots,-62.0,2437.0,0
1789550213986624000,1789550217544605952,1789550217584012513,31,d4:bd:4f:61:f4:53,CESI_Recherche,-62.0,2437.0,0
1789550213986624000,1789550217544605952,1789550217584012513,31,d4:bd:4f:61:f4:54,CESI_Iot,-61.0,2437.0,0
1789550213986624000,1789550217544605952,1789550217584012513,31,d4:bd:4f:61:e5:71,CESI_HotSpot,-38.0,2472.0,0
1789550213986624000,1789550217544605952,1789550217584012513,31,d4:bd:4f:61:e5:72,CESI_Robots,-37.0,2472.0,0
1789550213986624000,1789550217544605952,1789550217584012513,31,d4:bd:4f:61:e5:73,CESI_Recherche,-37.0,2472.0,0
1789550213986624000,1789550217544605952,1789550217584012513,31,d4:bd:4f:61:e5:74,CESI_Iot,-37.0,2472.0,0
1789550213986624000,1789550217544605952,1789550217584012513,31,d4:bd:4f:61:e5:70,CESI_Corp,-38.0,2472.0,0
1789550213986624000,1789550217544605952,1789550217584012513,31,02:91:9e:71:b0:15,poppy_net,-30.0,2472.0,0
1789550213986624000,1789550217544605952,1789550217584012513,31,d4:bd:4f:a1:91:c0,CESI_Corp,-48.0,5320.0,0
1789550213986624000,1789550217544605952,1789550217584012513,31,d4:bd:4f:a1:91:c1,CESI_HotSpot,-48.0,5320.0,0
1789550213986624000,1789550217544605952,1789550217584012513,31,d4:bd:4f:a1:91:c2,CESI_Robots,-48.0,5320.0,0
1789550213986624000,1789550217544605952,1789550217584012513,31,d4:bd:4f:a1:91:c3,CESI_Recherche,-48.0,5320.0,0
1789550213986624000,1789550217544605952,1789550217584012513,31,d4:bd:4f:a1:91:c4,CESI_Iot,-48.0,5320.0,0
1789550213986624000,1789550217544605952,1789550217584012513,31,d4:bd:4f:a0:d2:d0,CESI_Corp,-80.0,5540.0,0
1789550213986624000,1789550217544605952,1789550217584012513,31,d4:bd:4f:a0:d2:d1,CESI_HotSpot,-80.0,5540.0,0
1789550213986624000,1789550217544605952,1789550217584012513,31,d4:bd:4f:a0:d2:d2,CESI_Robots,-80.0,5540.0,0
1789550213986624000,1789550217544605952,1789550217584012513,31,d4:bd:4f:a0:d2:d3,CESI_Recherche,-79.0,5540.0,0
1789550213986624000,1789550217544605952,1789550217584012513,31,d4:bd:4f:a0:d2:d4,CESI_Iot,-80.0,5540.0,0
1789550213986624000,1789550217544605952,1789550217584012513,31,d4:bd:4f:a1:f4:50,CESI_Corp,-62.0,5580.0,0
1789550213986624000,1789550217544605952,1789550217584012513,31,d4:bd:4f:a1:f4:51,CESI_HotSpot,-62.0,5580.0,0
1789550213986624000,1789550217544605952,1789550217584012513,31,d4:bd:4f:a1:f4:52,CESI_Robots,-62.0,5580.0,0
1789550213986624000,1789550217544605952,1789550217584012513,31,d4:bd:4f:a1:f4:53,CESI_Recherche,-62.0,5580.0,0
1789550213986624000,1789550217544605952,1789550217584012513,31,d4:bd:4f:a1:f4:54,CESI_Iot,-62.0,5580.0,0
1789550213986624000,1789550217544605952,1789550217584012513,31,d4:bd:4f:a1:e5:70,CESI_Corp,-36.0,5620.0,0
1789550213986624000,1789550217544605952,1789550217584012513,31,d4:bd:4f:a1:e5:71,CESI_HotSpot,-35.0,5620.0,0
1789550213986624000,1789550217544605952,1789550217584012513,31,d4:bd:4f:a1:e5:72,CESI_Robots,-35.0,5620.0,0
1789550213986624000,1789550217544605952,1789550217584012513,31,d4:bd:4f:a1:e5:73,CESI_Recherche,-35.0,5620.0,0
1789550213986624000,1789550217544605952,1789550217584012513,31,d4:bd:4f:a1:e5:74,CESI_Iot,-35.0,5620.0,0
1789550213986624000,1789550217544605952,1789550217584012513,31,32:24:a9:e8:3e:7f,DIRECT-7F-HP OfficeJet Pro 9010,-69.0,2437.0,0
1789550213986624000,1789550217544605952,1789550217584012513,31,78:c4:0e:d7:b1:30,RM828_WIFI,-74.0,2412.0,8192
1789550213986624000,1789550217544605952,1789550217584012513,31,f8:d0:27:79:d8:b8,EB79D8B8-@E8D0dUTYu1AOsK,-66.0,2462.0,0
1789550213986624000,1789550217544605952,1789550217584012513,31,2c:5a:0f:e5:7f:e1,eduroam,-68.0,2412.0,0
1789550213986624000,1789550217544605952,1789550217584012513,31,d4:bd:4f:60:d2:d3,CESI_Recherche,-70.0,2427.0,16380
1789550213986624000,1789550217544605952,1789550217584012513,31,d4:bd:4f:60:d2:d4,CESI_Iot,-69.0,2427.0,4096
1789550213986624000,1789550217544605952,1789550217584012513,31,2c:5a:0f:e5:7f:e0,eduspot,-59.0,2412.0,8192
1789550213986624000,1789550217544605952,1789550217584012513,31,2c:5a:0f:e5:7f:ef,eduspot,-86.0,5280.0,0
1789550213986624000,1789550217544605952,1789550217584012513,31,2c:5a:0f:e5:7f:ee,eduroam,-77.0,5280.0,4096
1789550213986624000,1789550217544605952,1789550217584012513,31,d4:bd:4f:60:d2:d2,CESI_Robots,-68.0,2427.0,4096
1789550213986624000,1789550217544605952,1789550217584012513,31,d4:bd:4f:60:d2:d0,CESI_Corp,-72.0,2427.0,4096
1789550213986624000,1789550217544605952,1789550217584012513,31,d4:bd:4f:60:d2:d1,CESI_HotSpot,-71.0,2427.0,4096
1789550213986624000,1789550217544605952,1789550217584012513,31,7c:26:64:69:50:04,,-82.0,2462.0,8192
1789550218086891776,1789550221744465152,1789550221784973523,32,a2:0c:c2:cf:c6:70,Galaxy S24 Ultra,-60.0,2412.0,0
1789550218086891776,1789550221744465152,1789550221784973523,32,d4:bd:4f:61:91:c0,CESI_Corp,-47.0,2417.0,0
1789550218086891776,1789550221744465152,1789550221784973523,32,d4:bd:4f:61:91:c1,CESI_HotSpot,-47.0,2417.0,0
1789550218086891776,1789550221744465152,1789550221784973523,32,d4:bd:4f:61:91:c2,CESI_Robots,-47.0,2417.0,0
1789550218086891776,1789550221744465152,1789550221784973523,32,d4:bd:4f:61:91:c3,CESI_Recherche,-47.0,2417.0,0
1789550218086891776,1789550221744465152,1789550221784973523,32,d4:bd:4f:61:91:c4,CESI_Iot,-44.0,2417.0,0
1789550218086891776,1789550221744465152,1789550221784973523,32,d4:bd:4f:61:f4:50,CESI_Corp,-57.0,2437.0,0
1789550218086891776,1789550221744465152,1789550221784973523,32,d4:bd:4f:61:f4:51,CESI_HotSpot,-56.0,2437.0,0
1789550218086891776,1789550221744465152,1789550221784973523,32,d4:bd:4f:61:f4:52,CESI_Robots,-56.0,2437.0,0
1789550218086891776,1789550221744465152,1789550221784973523,32,d4:bd:4f:61:f4:53,CESI_Recherche,-56.0,2437.0,0
1789550218086891776,1789550221744465152,1789550221784973523,32,d4:bd:4f:61:f4:54,CESI_Iot,-57.0,2437.0,0
1789550218086891776,1789550221744465152,1789550221784973523,32,d4:bd:4f:61:e5:71,CESI_HotSpot,-38.0,2472.0,0
1789550218086891776,1789550221744465152,1789550221784973523,32,d4:bd:4f:61:e5:72,CESI_Robots,-38.0,2472.0,0
1789550218086891776,1789550221744465152,1789550221784973523,32,d4:bd:4f:61:e5:73,CESI_Recherche,-39.0,2472.0,0
1789550218086891776,1789550221744465152,1789550221784973523,32,d4:bd:4f:61:e5:74,CESI_Iot,-39.0,2472.0,0
1789550218086891776,1789550221744465152,1789550221784973523,32,d4:bd:4f:61:e5:70,CESI_Corp,-39.0,2472.0,0
1789550218086891776,1789550221744465152,1789550221784973523,32,02:91:9e:71:b0:15,poppy_net,-30.0,2472.0,0
1789550218086891776,1789550221744465152,1789550221784973523,32,d4:bd:4f:a1:91:c0,CESI_Corp,-47.0,5320.0,0
1789550218086891776,1789550221744465152,1789550221784973523,32,d4:bd:4f:a1:91:c1,CESI_HotSpot,-47.0,5320.0,0
1789550218086891776,1789550221744465152,1789550221784973523,32,d4:bd:4f:a1:91:c2,CESI_Robots,-48.0,5320.0,0
1789550218086891776,1789550221744465152,1789550221784973523,32,d4:bd:4f:a1:91:c3,CESI_Recherche,-47.0,5320.0,0
1789550218086891776,1789550221744465152,1789550221784973523,32,d4:bd:4f:a1:91:c4,CESI_Iot,-48.0,5320.0,0
1789550218086891776,1789550221744465152,1789550221784973523,32,d4:bd:4f:a0:d2:d0,CESI_Corp,-80.0,5540.0,0
1789550218086891776,1789550221744465152,1789550221784973523,32,d4:bd:4f:a0:d2:d1,CESI_HotSpot,-80.0,5540.0,0
1789550218086891776,1789550221744465152,1789550221784973523,32,d4:bd:4f:a0:d2:d2,CESI_Robots,-79.0,5540.0,0
1789550218086891776,1789550221744465152,1789550221784973523,32,d4:bd:4f:a0:d2:d3,CESI_Recherche,-79.0,5540.0,0
1789550218086891776,1789550221744465152,1789550221784973523,32,d4:bd:4f:a0:d2:d4,CESI_Iot,-79.0,5540.0,0
1789550218086891776,1789550221744465152,1789550221784973523,32,d4:bd:4f:a1:f4:50,CESI_Corp,-60.0,5580.0,0
1789550218086891776,1789550221744465152,1789550221784973523,32,d4:bd:4f:a1:f4:51,CESI_HotSpot,-60.0,5580.0,0
1789550218086891776,1789550221744465152,1789550221784973523,32,d4:bd:4f:a1:f4:52,CESI_Robots,-61.0,5580.0,0
1789550218086891776,1789550221744465152,1789550221784973523,32,d4:bd:4f:a1:f4:53,CESI_Recherche,-61.0,5580.0,0
1789550218086891776,1789550221744465152,1789550221784973523,32,d4:bd:4f:a1:f4:54,CESI_Iot,-61.0,5580.0,0
1789550218086891776,1789550221744465152,1789550221784973523,32,d4:bd:4f:a1:e5:70,CESI_Corp,-39.0,5620.0,0
1789550218086891776,1789550221744465152,1789550221784973523,32,d4:bd:4f:a1:e5:71,CESI_HotSpot,-39.0,5620.0,4
1789550218086891776,1789550221744465152,1789550221784973523,32,d4:bd:4f:a1:e5:72,CESI_Robots,-39.0,5620.0,4
1789550218086891776,1789550221744465152,1789550221784973523,32,d4:bd:4f:a1:e5:73,CESI_Recherche,-39.0,5620.0,4
1789550218086891776,1789550221744465152,1789550221784973523,32,d4:bd:4f:a1:e5:74,CESI_Iot,-39.0,5620.0,4
1789550218086891776,1789550221744465152,1789550221784973523,32,32:24:a9:e8:3e:7f,DIRECT-7F-HP OfficeJet Pro 9010,-69.0,2437.0,4200
1789550218086891776,1789550221744465152,1789550221784973523,32,78:c4:0e:d7:b1:30,RM828_WIFI,-64.0,2412.0,4
1789550218086891776,1789550221744465152,1789550221784973523,32,f8:d0:27:79:d8:b8,EB79D8B8-@E8D0dUTYu1AOsK,-67.0,2462.0,4
1789550218086891776,1789550221744465152,1789550221784973523,32,2c:5a:0f:e5:7f:e1,eduroam,-68.0,2412.0,4200
1789550218086891776,1789550221744465152,1789550221784973523,32,d4:bd:4f:60:d2:d3,CESI_Recherche,-67.0,2427.0,4
1789550218086891776,1789550221744465152,1789550221784973523,32,d4:bd:4f:60:d2:d4,CESI_Iot,-69.0,2427.0,8296
1789550218086891776,1789550221744465152,1789550221784973523,32,2c:5a:0f:e5:7f:e0,eduspot,-59.0,2412.0,12392
1789550218086891776,1789550221744465152,1789550221784973523,32,2c:5a:0f:e5:7f:ef,eduspot,-86.0,5280.0,4200
1789550218086891776,1789550221744465152,1789550221784973523,32,2c:5a:0f:e5:7f:ee,eduroam,-77.0,5280.0,8296
1789550218086891776,1789550221744465152,1789550221784973523,32,d4:bd:4f:60:d2:d2,CESI_Robots,-68.0,2427.0,8296
1789550218086891776,1789550221744465152,1789550221784973523,32,d4:bd:4f:60:d2:d0,CESI_Corp,-64.0,2427.0,4
1789550218086891776,1789550221744465152,1789550221784973523,32,d4:bd:4f:60:d2:d1,CESI_HotSpot,-71.0,2427.0,8296
1789550218086891776,1789550221744465152,1789550221784973523,32,7c:26:64:69:50:04,,-71.0,2462.0,4
1789550218086891776,1789550221744465152,1789550221784973523,32,d6:31:fc:35:fc:75,iPhone17 Pro BME,-88.0,5220.0,4
1789550218086891776,1789550221744465152,1789550221784973523,32,7c:26:64:69:50:05,,-86.0,5320.0,4
1789550222290441984,1789550225844435968,1789550225885090692,33,a2:0c:c2:cf:c6:70,Galaxy S24 Ultra,-57.0,2412.0,0
1789550222290441984,1789550225844435968,1789550225885090692,33,d4:bd:4f:61:91:c0,CESI_Corp,-43.0,2417.0,0
1789550222290441984,1789550225844435968,1789550225885090692,33,d4:bd:4f:61:91:c1,CESI_HotSpot,-43.0,2417.0,0
1789550222290441984,1789550225844435968,1789550225885090692,33,d4:bd:4f:61:91:c2,CESI_Robots,-43.0,2417.0,0
1789550222290441984,1789550225844435968,1789550225885090692,33,d4:bd:4f:61:91:c3,CESI_Recherche,-46.0,2417.0,0
1789550222290441984,1789550225844435968,1789550225885090692,33,d4:bd:4f:61:91:c4,CESI_Iot,-43.0,2417.0,0
1789550222290441984,1789550225844435968,1789550225885090692,33,d4:bd:4f:61:f4:50,CESI_Corp,-54.0,2437.0,0
1789550222290441984,1789550225844435968,1789550225885090692,33,d4:bd:4f:61:f4:51,CESI_HotSpot,-54.0,2437.0,0
1789550222290441984,1789550225844435968,1789550225885090692,33,d4:bd:4f:61:f4:52,CESI_Robots,-53.0,2437.0,0
1789550222290441984,1789550225844435968,1789550225885090692,33,d4:bd:4f:61:f4:53,CESI_Recherche,-55.0,2437.0,0
1789550222290441984,1789550225844435968,1789550225885090692,33,d4:bd:4f:61:f4:54,CESI_Iot,-54.0,2437.0,0
1789550222290441984,1789550225844435968,1789550225885090692,33,d4:bd:4f:61:e5:71,CESI_HotSpot,-48.0,2472.0,0
1789550222290441984,1789550225844435968,1789550225885090692,33,d4:bd:4f:61:e5:72,CESI_Robots,-47.0,2472.0,0
1789550222290441984,1789550225844435968,1789550225885090692,33,d4:bd:4f:61:e5:73,CESI_Recherche,-47.0,2472.0,0
1789550222290441984,1789550225844435968,1789550225885090692,33,d4:bd:4f:61:e5:74,CESI_Iot,-47.0,2472.0,0
1789550222290441984,1789550225844435968,1789550225885090692,33,d4:bd:4f:61:e5:70,CESI_Corp,-47.0,2472.0,0
1789550222290441984,1789550225844435968,1789550225885090692,33,02:91:9e:71:b0:15,poppy_net,-31.0,2472.0,0
1789550222290441984,1789550225844435968,1789550225885090692,33,d4:bd:4f:a1:91:c0,CESI_Corp,-54.0,5320.0,0
1789550222290441984,1789550225844435968,1789550225885090692,33,d4:bd:4f:a1:91:c1,CESI_HotSpot,-55.0,5320.0,0
1789550222290441984,1789550225844435968,1789550225885090692,33,d4:bd:4f:a1:91:c2,CESI_Robots,-55.0,5320.0,0
1789550222290441984,1789550225844435968,1789550225885090692,33,d4:bd:4f:a1:91:c3,CESI_Recherche,-55.0,5320.0,0
1789550222290441984,1789550225844435968,1789550225885090692,33,d4:bd:4f:a1:91:c4,CESI_Iot,-55.0,5320.0,0
1789550222290441984,1789550225844435968,1789550225885090692,33,d4:bd:4f:a0:d2:d0,CESI_Corp,-69.0,5540.0,0
1789550222290441984,1789550225844435968,1789550225885090692,33,d4:bd:4f:a0:d2:d1,CESI_HotSpot,-69.0,5540.0,0
1789550222290441984,1789550225844435968,1789550225885090692,33,d4:bd:4f:a0:d2:d2,CESI_Robots,-69.0,5540.0,0
1789550222290441984,1789550225844435968,1789550225885090692,33,d4:bd:4f:a0:d2:d3,CESI_Recherche,-69.0,5540.0,0
1789550222290441984,1789550225844435968,1789550225885090692,33,d4:bd:4f:a0:d2:d4,CESI_Iot,-69.0,5540.0,0
1789550222290441984,1789550225844435968,1789550225885090692,33,d4:bd:4f:a1:f4:50,CESI_Corp,-59.0,5580.0,0
1789550222290441984,1789550225844435968,1789550225885090692,33,d4:bd:4f:a1:f4:51,CESI_HotSpot,-59.0,5580.0,0
1789550222290441984,1789550225844435968,1789550225885090692,33,d4:bd:4f:a1:f4:52,CESI_Robots,-59.0,5580.0,0
1789550222290441984,1789550225844435968,1789550225885090692,33,d4:bd:4f:a1:f4:53,CESI_Recherche,-60.0,5580.0,0
1789550222290441984,1789550225844435968,1789550225885090692,33,d4:bd:4f:a1:f4:54,CESI_Iot,-60.0,5580.0,0
1789550222290441984,1789550225844435968,1789550225885090692,33,d4:bd:4f:a1:e5:70,CESI_Corp,-41.0,5620.0,0
1789550222290441984,1789550225844435968,1789550225885090692,33,d4:bd:4f:a1:e5:71,CESI_HotSpot,-41.0,5620.0,0
1789550222290441984,1789550225844435968,1789550225885090692,33,d4:bd:4f:a1:e5:72,CESI_Robots,-41.0,5620.0,0
1789550222290441984,1789550225844435968,1789550225885090692,33,d4:bd:4f:a1:e5:73,CESI_Recherche,-40.0,5620.0,0
1789550222290441984,1789550225844435968,1789550225885090692,33,d4:bd:4f:a1:e5:74,CESI_Iot,-40.0,5620.0,0
1789550222290441984,1789550225844435968,1789550225885090692,33,32:24:a9:e8:3e:7f,DIRECT-7F-HP OfficeJet Pro 9010,-69.0,2437.0,8296
1789550222290441984,1789550225844435968,1789550225885090692,33,78:c4:0e:d7:b1:30,RM828_WIFI,-61.0,2412.0,0
1789550222290441984,1789550225844435968,1789550225885090692,33,f8:d0:27:79:d8:b8,EB79D8B8-@E8D0dUTYu1AOsK,-75.0,2462.0,0
1789550222290441984,1789550225844435968,1789550225885090692,33,2c:5a:0f:e5:7f:e1,eduroam,-68.0,2412.0,8296
1789550222290441984,1789550225844435968,1789550225885090692,33,d4:bd:4f:60:d2:d3,CESI_Recherche,-67.0,2427.0,4100
1789550222290441984,1789550225844435968,1789550225885090692,33,d4:bd:4f:60:d2:d4,CESI_Iot,-69.0,2427.0,12392
1789550222290441984,1789550225844435968,1789550225885090692,33,2c:5a:0f:e5:7f:e0,eduspot,-59.0,2412.0,16488
1789550222290441984,1789550225844435968,1789550225885090692,33,2c:5a:0f:e5:7f:ef,eduspot,-86.0,5280.0,8296
1789550222290441984,1789550225844435968,1789550225885090692,33,2c:5a:0f:e5:7f:ee,eduroam,-84.0,5280.0,0
1789550222290441984,1789550225844435968,1789550225885090692,33,d4:bd:4f:60:d2:d2,CESI_Robots,-63.0,2427.0,0
1789550222290441984,1789550225844435968,1789550225885090692,33,d4:bd:4f:60:d2:d0,CESI_Corp,-64.0,2427.0,0
1789550222290441984,1789550225844435968,1789550225885090692,33,d4:bd:4f:60:d2:d1,CESI_HotSpot,-71.0,2427.0,12392
1789550222290441984,1789550225844435968,1789550225885090692,33,7c:26:64:69:50:04,,-71.0,2462.0,4100
1789550222290441984,1789550225844435968,1789550225885090692,33,d6:31:fc:35:fc:75,iPhone17 Pro BME,-88.0,5220.0,4100
1789550222290441984,1789550225844435968,1789550225885090692,33,7c:26:64:69:50:05,,-85.0,5320.0,0
1789550222290441984,1789550225844435968,1789550225885090692,33,d4:bd:4f:61:a9:70,CESI_Corp,-77.0,2447.0,0
1789550222290441984,1789550225844435968,1789550225885090692,33,d4:bd:4f:a1:d5:91,CESI_HotSpot,-84.0,5320.0,0
1789550222290441984,1789550225844435968,1789550225885090692,33,d4:bd:4f:a1:d5:92,CESI_Robots,-86.0,5320.0,0
1789550222290441984,1789550225844435968,1789550225885090692,33,d4:bd:4f:a1:d5:93,CESI_Recherche,-85.0,5320.0,0
1789550222290441984,1789550225844435968,1789550225885090692,33,d4:bd:4f:a0:5d:90,CESI_Corp,-88.0,5620.0,0
1789550222290441984,1789550225844435968,1789550225885090692,33,d4:bd:4f:a0:5d:91,CESI_HotSpot,-88.0,5620.0,0
1789550222290441984,1789550225844435968,1789550225885090692,33,d4:bd:4f:a0:5d:92,CESI_Robots,-87.0,5620.0,0
1789550226390161152,1789550230038100992,1789550230094894568,34,a2:0c:c2:cf:c6:70,Galaxy S24 Ultra,-61.0,2412.0,0
1789550226390161152,1789550230038100992,1789550230094894568,34,d4:bd:4f:61:91:c0,CESI_Corp,-41.0,2417.0,0
1789550226390161152,1789550230038100992,1789550230094894568,34,d4:bd:4f:61:91:c1,CESI_HotSpot,-41.0,2417.0,0
1789550226390161152,1789550230038100992,1789550230094894568,34,d4:bd:4f:61:91:c2,CESI_Robots,-41.0,2417.0,0
1789550226390161152,1789550230038100992,1789550230094894568,34,d4:bd:4f:61:91:c3,CESI_Recherche,-46.0,2417.0,0
1789550226390161152,1789550230038100992,1789550230094894568,34,d4:bd:4f:61:91:c4,CESI_Iot,-43.0,2417.0,4200
1789550226390161152,1789550230038100992,1789550230094894568,34,d4:bd:4f:61:f4:50,CESI_Corp,-54.0,2437.0,0
1789550226390161152,1789550230038100992,1789550230094894568,34,d4:bd:4f:61:f4:51,CESI_HotSpot,-54.0,2437.0,0
1789550226390161152,1789550230038100992,1789550230094894568,34,d4:bd:4f:61:f4:52,CESI_Robots,-54.0,2437.0,0
1789550226390161152,1789550230038100992,1789550230094894568,34,d4:bd:4f:61:f4:53,CESI_Recherche,-54.0,2437.0,0
1789550226390161152,1789550230038100992,1789550230094894568,34,d4:bd:4f:61:f4:54,CESI_Iot,-54.0,2437.0,0
1789550226390161152,1789550230038100992,1789550230094894568,34,d4:bd:4f:61:e5:71,CESI_HotSpot,-43.0,2472.0,0
1789550226390161152,1789550230038100992,1789550230094894568,34,d4:bd:4f:61:e5:72,CESI_Robots,-43.0,2472.0,0
1789550226390161152,1789550230038100992,1789550230094894568,34,d4:bd:4f:61:e5:73,CESI_Recherche,-43.0,2472.0,0
1789550226390161152,1789550230038100992,1789550230094894568,34,d4:bd:4f:61:e5:74,CESI_Iot,-43.0,2472.0,0
1789550226390161152,1789550230038100992,1789550230094894568,34,d4:bd:4f:61:e5:70,CESI_Corp,-43.0,2472.0,0
1789550226390161152,1789550230038100992,1789550230094894568,34,02:91:9e:71:b0:15,poppy_net,-32.0,2472.0,0
1789550226390161152,1789550230038100992,1789550230094894568,34,d4:bd:4f:a1:91:c0,CESI_Corp,-52.0,5320.0,0
1789550226390161152,1789550230038100992,1789550230094894568,34,d4:bd:4f:a1:91:c1,CESI_HotSpot,-52.0,5320.0,0
1789550226390161152,1789550230038100992,1789550230094894568,34,d4:bd:4f:a1:91:c2,CESI_Robots,-52.0,5320.0,0
1789550226390161152,1789550230038100992,1789550230094894568,34,d4:bd:4f:a1:91:c3,CESI_Recherche,-52.0,5320.0,0
1789550226390161152,1789550230038100992,1789550230094894568,34,d4:bd:4f:a1:91:c4,CESI_Iot,-52.0,5320.0,0
1789550226390161152,1789550230038100992,1789550230094894568,34,d4:bd:4f:a0:d2:d0,CESI_Corp,-82.0,5540.0,0
1789550226390161152,1789550230038100992,1789550230094894568,34,d4:bd:4f:a0:d2:d1,CESI_HotSpot,-83.0,5540.0,0
1789550226390161152,1789550230038100992,1789550230094894568,34,d4:bd:4f:a0:d2:d2,CESI_Robots,-84.0,5540.0,0
1789550226390161152,1789550230038100992,1789550230094894568,34,d4:bd:4f:a0:d2:d3,CESI_Recherche,-82.0,5540.0,0
1789550226390161152,1789550230038100992,1789550230094894568,34,d4:bd:4f:a0:d2:d4,CESI_Iot,-83.0,5540.0,0
1789550226390161152,1789550230038100992,1789550230094894568,34,d4:bd:4f:a1:f4:50,CESI_Corp,-54.0,5580.0,0
1789550226390161152,1789550230038100992,1789550230094894568,34,d4:bd:4f:a1:f4:51,CESI_HotSpot,-54.0,5580.0,0
1789550226390161152,1789550230038100992,1789550230094894568,34,d4:bd:4f:a1:f4:52,CESI_Robots,-54.0,5580.0,0
1789550226390161152,1789550230038100992,1789550230094894568,34,d4:bd:4f:a1:f4:53,CESI_Recherche,-54.0,5580.0,0
1789550226390161152,1789550230038100992,1789550230094894568,34,d4:bd:4f:a1:f4:54,CESI_Iot,-54.0,5580.0,0
1789550226390161152,1789550230038100992,1789550230094894568,34,d4:bd:4f:a1:e5:70,CESI_Corp,-45.0,5620.0,0
1789550226390161152,1789550230038100992,1789550230094894568,34,d4:bd:4f:a1:e5:71,CESI_HotSpot,-44.0,5620.0,0
1789550226390161152,1789550230038100992,1789550230094894568,34,d4:bd:4f:a1:e5:72,CESI_Robots,-44.0,5620.0,0
1789550226390161152,1789550230038100992,1789550230094894568,34,d4:bd:4f:a1:e5:73,CESI_Recherche,-44.0,5620.0,0
1789550226390161152,1789550230038100992,1789550230094894568,34,d4:bd:4f:a1:e5:74,CESI_Iot,-44.0,5620.0,0
1789550226390161152,1789550230038100992,1789550230094894568,34,32:24:a9:e8:3e:7f,DIRECT-7F-HP OfficeJet Pro 9010,-69.0,2437.0,12496
1789550226390161152,1789550230038100992,1789550230094894568,34,78:c4:0e:d7:b1:30,RM828_WIFI,-61.0,2412.0,4200
1789550226390161152,1789550230038100992,1789550230094894568,34,f8:d0:27:79:d8:b8,EB79D8B8-@E8D0dUTYu1AOsK,-66.0,2462.0,0
1789550226390161152,1789550230038100992,1789550230094894568,34,2c:5a:0f:e5:7f:e1,eduroam,-68.0,2412.0,12496
1789550226390161152,1789550230038100992,1789550230094894568,34,d4:bd:4f:60:d2:d3,CESI_Recherche,-67.0,2427.0,8300
1789550226390161152,1789550230038100992,1789550230094894568,34,d4:bd:4f:60:d2:d4,CESI_Iot,-69.0,2427.0,16592
1789550226390161152,1789550230038100992,1789550230094894568,34,2c:5a:0f:e5:7f:e0,eduspot,-59.0,2412.0,20688
1789550226390161152,1789550230038100992,1789550230094894568,34,2c:5a:0f:e5:7f:ef,eduspot,-86.0,5280.0,12496
1789550226390161152,1789550230038100992,1789550230094894568,34,2c:5a:0f:e5:7f:ee,eduroam,-84.0,5280.0,4200
1789550226390161152,1789550230038100992,1789550230094894568,34,d4:bd:4f:60:d2:d2,CESI_Robots,-63.0,2427.0,4200
1789550226390161152,1789550230038100992,1789550230094894568,34,d4:bd:4f:60:d2:d0,CESI_Corp,-61.0,2427.0,0
1789550226390161152,1789550230038100992,1789550230094894568,34,d4:bd:4f:60:d2:d1,CESI_HotSpot,-63.0,2427.0,0
1789550226390161152,1789550230038100992,1789550230094894568,34,7c:26:64:69:50:04,,-71.0,2462.0,8300
1789550226390161152,1789550230038100992,1789550230094894568,34,d6:31:fc:35:fc:75,iPhone17 Pro BME,-88.0,5220.0,8300
1789550226390161152,1789550230038100992,1789550230094894568,34,7c:26:64:69:50:05,,-85.0,5320.0,4200
1789550226390161152,1789550230038100992,1789550230094894568,34,d4:bd:4f:61:a9:70,CESI_Corp,-77.0,2447.0,4200
1789550226390161152,1789550230038100992,1789550230094894568,34,d4:bd:4f:a1:d5:91,CESI_HotSpot,-84.0,5320.0,4200
1789550226390161152,1789550230038100992,1789550230094894568,34,d4:bd:4f:a1:d5:92,CESI_Robots,-86.0,5320.0,4200
1789550226390161152,1789550230038100992,1789550230094894568,34,d4:bd:4f:a1:d5:93,CESI_Recherche,-85.0,5320.0,4200
1789550226390161152,1789550230038100992,1789550230094894568,34,d4:bd:4f:a0:5d:90,CESI_Corp,-88.0,5620.0,4200
1789550226390161152,1789550230038100992,1789550230094894568,34,d4:bd:4f:a0:5d:91,CESI_HotSpot,-88.0,5620.0,4200
1789550226390161152,1789550230038100992,1789550230094894568,34,d4:bd:4f:a0:5d:92,CESI_Robots,-87.0,5620.0,4200
1789550226390161152,1789550230038100992,1789550230094894568,34,d4:bd:4f:a1:a9:71,CESI_HotSpot,-86.0,5280.0,0
1789550226390161152,1789550230038100992,1789550230094894568,34,d4:bd:4f:a1:a9:74,CESI_Iot,-88.0,5280.0,0
1789550230599904000,1789550234237634048,1789550234281940043,35,a2:0c:c2:cf:c6:70,Galaxy S24 Ultra,-56.0,2412.0,0
1789550230599904000,1789550234237634048,1789550234281940043,35,d4:bd:4f:61:91:c0,CESI_Corp,-42.0,2417.0,0
1789550230599904000,1789550234237634048,1789550234281940043,35,d4:bd:4f:61:91:c1,CESI_HotSpot,-45.0,2417.0,0
1789550230599904000,1789550234237634048,1789550234281940043,35,d4:bd:4f:61:91:c2,CESI_Robots,-44.0,2417.0,0
1789550230599904000,1789550234237634048,1789550234281940043,35,d4:bd:4f:61:91:c3,CESI_Recherche,-42.0,2417.0,0
1789550230599904000,1789550234237634048,1789550234281940043,35,d4:bd:4f:61:91:c4,CESI_Iot,-42.0,2417.0,0
1789550230599904000,1789550234237634048,1789550234281940043,35,d4:bd:4f:61:f4:50,CESI_Corp,-49.0,2437.0,0
1789550230599904000,1789550234237634048,1789550234281940043,35,d4:bd:4f:61:f4:51,CESI_HotSpot,-50.0,2437.0,0
1789550230599904000,1789550234237634048,1789550234281940043,35,d4:bd:4f:61:f4:52,CESI_Robots,-50.0,2437.0,0
1789550230599904000,1789550234237634048,1789550234281940043,35,d4:bd:4f:61:f4:53,CESI_Recherche,-50.0,2437.0,0
1789550230599904000,1789550234237634048,1789550234281940043,35,d4:bd:4f:61:f4:54,CESI_Iot,-52.0,2437.0,0
1789550230599904000,1789550234237634048,1789550234281940043,35,d4:bd:4f:61:e5:71,CESI_HotSpot,-49.0,2472.0,0
1789550230599904000,1789550234237634048,1789550234281940043,35,d4:bd:4f:61:e5:72,CESI_Robots,-49.0,2472.0,0
1789550230599904000,1789550234237634048,1789550234281940043,35,d4:bd:4f:61:e5:73,CESI_Recherche,-47.0,2472.0,0
1789550230599904000,1789550234237634048,1789550234281940043,35,d4:bd:4f:61:e5:74,CESI_Iot,-49.0,2472.0,0
1789550230599904000,1789550234237634048,1789550234281940043,35,d4:bd:4f:61:e5:70,CESI_Corp,-49.0,2472.0,0
1789550230599904000,1789550234237634048,1789550234281940043,35,02:91:9e:71:b0:15,poppy_net,-35.0,2472.0,0
1789550230599904000,1789550234237634048,1789550234281940043,35,d4:bd:4f:a1:91:c0,CESI_Corp,-52.0,5320.0,0
1789550230599904000,1789550234237634048,1789550234281940043,35,d4:bd:4f:a1:91:c1,CESI_HotSpot,-52.0,5320.0,0
1789550230599904000,1789550234237634048,1789550234281940043,35,d4:bd:4f:a1:91:c2,CESI_Robots,-53.0,5320.0,0
1789550230599904000,1789550234237634048,1789550234281940043,35,d4:bd:4f:a1:91:c3,CESI_Recherche,-53.0,5320.0,0
1789550230599904000,1789550234237634048,1789550234281940043,35,d4:bd:4f:a1:91:c4,CESI_Iot,-53.0,5320.0,0
1789550230599904000,1789550234237634048,1789550234281940043,35,d4:bd:4f:a0:d2:d0,CESI_Corp,-72.0,5540.0,0
1789550230599904000,1789550234237634048,1789550234281940043,35,d4:bd:4f:a0:d2:d1,CESI_HotSpot,-72.0,5540.0,0
1789550230599904000,1789550234237634048,1789550234281940043,35,d4:bd:4f:a0:d2:d2,CESI_Robots,-72.0,5540.0,0
1789550230599904000,1789550234237634048,1789550234281940043,35,d4:bd:4f:a0:d2:d3,CESI_Recherche,-72.0,5540.0,0
1789550230599904000,1789550234237634048,1789550234281940043,35,d4:bd:4f:a0:d2:d4,CESI_Iot,-72.0,5540.0,0
1789550230599904000,1789550234237634048,1789550234281940043,35,d4:bd:4f:a1:f4:50,CESI_Corp,-59.0,5580.0,0
1789550230599904000,1789550234237634048,1789550234281940043,35,d4:bd:4f:a1:f4:51,CESI_HotSpot,-59.0,5580.0,0
1789550230599904000,1789550234237634048,1789550234281940043,35,d4:bd:4f:a1:f4:52,CESI_Robots,-59.0,5580.0,0
1789550230599904000,1789550234237634048,1789550234281940043,35,d4:bd:4f:a1:f4:53,CESI_Recherche,-59.0,5580.0,0
1789550230599904000,1789550234237634048,1789550234281940043,35,d4:bd:4f:a1:f4:54,CESI_Iot,-59.0,5580.0,0
1789550230599904000,1789550234237634048,1789550234281940043,35,d4:bd:4f:a1:e5:70,CESI_Corp,-46.0,5620.0,0
1789550230599904000,1789550234237634048,1789550234281940043,35,d4:bd:4f:a1:e5:71,CESI_HotSpot,-45.0,5620.0,0
1789550230599904000,1789550234237634048,1789550234281940043,35,d4:bd:4f:a1:e5:72,CESI_Robots,-45.0,5620.0,0
1789550230599904000,1789550234237634048,1789550234281940043,35,d4:bd:4f:a1:e5:73,CESI_Recherche,-45.0,5620.0,0
1789550230599904000,1789550234237634048,1789550234281940043,35,d4:bd:4f:a1:e5:74,CESI_Iot,-45.0,5620.0,0
1789550230599904000,1789550234237634048,1789550234281940043,35,32:24:a9:e8:3e:7f,DIRECT-7F-HP OfficeJet Pro 9010,-69.0,2437.0,16692
1789550230599904000,1789550234237634048,1789550234281940043,35,78:c4:0e:d7:b1:30,RM828_WIFI,-67.0,2412.0,0
1789550230599904000,1789550234237634048,1789550234281940043,35,f8:d0:27:79:d8:b8,EB79D8B8-@E8D0dUTYu1AOsK,-68.0,2462.0,0
1789550230599904000,1789550234237634048,1789550234281940043,35,2c:5a:0f:e5:7f:e1,eduroam,-72.0,2412.0,0
1789550230599904000,1789550234237634048,1789550234281940043,35,d4:bd:4f:60:d2:d3,CESI_Recherche,-64.0,2427.0,0
1789550230599904000,1789550234237634048,1789550234281940043,35,d4:bd:4f:60:d2:d4,CESI_Iot,-67.0,2427.0,0
1789550230599904000,1789550234237634048,1789550234281940043,35,2c:5a:0f:e5:7f:e0,eduspot,-71.0,2412.0,0
1789550230599904000,1789550234237634048,1789550234281940043,35,2c:5a:0f:e5:7f:ef,eduspot,-86.0,5280.0,16692
1789550230599904000,1789550234237634048,1789550234281940043,35,2c:5a:0f:e5:7f:ee,eduroam,-84.0,5280.0,8396
1789550230599904000,1789550234237634048,1789550234281940043,35,d4:bd:4f:60:d2:d2,CESI_Robots,-68.0,2427.0,0
1789550230599904000,1789550234237634048,1789550234281940043,35,d4:bd:4f:60:d2:d0,CESI_Corp,-63.0,2427.0,0
1789550230599904000,1789550234237634048,1789550234281940043,35,d4:bd:4f:60:d2:d1,CESI_HotSpot,-67.0,2427.0,0
1789550230599904000,1789550234237634048,1789550234281940043,35,7c:26:64:69:50:04,,-71.0,2462.0,12496
1789550230599904000,1789550234237634048,1789550234281940043,35,d6:31:fc:35:fc:75,iPhone17 Pro BME,-88.0,5220.0,12496
1789550230599904000,1789550234237634048,1789550234281940043,35,7c:26:64:69:50:05,,-85.0,5320.0,8396
1789550230599904000,1789550234237634048,1789550234281940043,35,d4:bd:4f:61:a9:70,CESI_Corp,-77.0,2447.0,8396
1789550230599904000,1789550234237634048,1789550234281940043,35,d4:bd:4f:a1:d5:91,CESI_HotSpot,-84.0,5320.0,8396
1789550230599904000,1789550234237634048,1789550234281940043,35,d4:bd:4f:a1:d5:92,CESI_Robots,-86.0,5320.0,8396
1789550230599904000,1789550234237634048,1789550234281940043,35,d4:bd:4f:a1:d5:93,CESI_Recherche,-85.0,5320.0,8396
1789550230599904000,1789550234237634048,1789550234281940043,35,d4:bd:4f:a0:5d:90,CESI_Corp,-88.0,5620.0,8396
1789550230599904000,1789550234237634048,1789550234281940043,35,d4:bd:4f:a0:5d:91,CESI_HotSpot,-88.0,5620.0,8396
1789550230599904000,1789550234237634048,1789550234281940043,35,d4:bd:4f:a0:5d:92,CESI_Robots,-87.0,5620.0,8396
1789550230599904000,1789550234237634048,1789550234281940043,35,d4:bd:4f:a1:a9:71,CESI_HotSpot,-86.0,5280.0,4196
1789550230599904000,1789550234237634048,1789550234281940043,35,d4:bd:4f:a1:a9:74,CESI_Iot,-88.0,5280.0,4196
1789550230599904000,1789550234237634048,1789550234281940043,35,a2:f1:22:b1:33:3b,The best Phone out there,-88.0,5200.0,0
1789550234785337856,1789550238334234880,1789550238391740376,36,a2:0c:c2:cf:c6:70,Galaxy S24 Ultra,-54.0,2412.0,0
1789550234785337856,1789550238334234880,1789550238391740376,36,d4:bd:4f:61:91:c0,CESI_Corp,-41.0,2417.0,0
1789550234785337856,1789550238334234880,1789550238391740376,36,d4:bd:4f:61:91:c1,CESI_HotSpot,-41.0,2417.0,0
1789550234785337856,1789550238334234880,1789550238391740376,36,d4:bd:4f:61:91:c2,CESI_Robots,-41.0,2417.0,0
1789550234785337856,1789550238334234880,1789550238391740376,36,d4:bd:4f:61:91:c3,CESI_Recherche,-42.0,2417.0,0
1789550234785337856,1789550238334234880,1789550238391740376,36,d4:bd:4f:61:91:c4,CESI_Iot,-41.0,2417.0,0
1789550234785337856,1789550238334234880,1789550238391740376,36,d4:bd:4f:61:f4:50,CESI_Corp,-60.0,2437.0,0
1789550234785337856,1789550238334234880,1789550238391740376,36,d4:bd:4f:61:f4:51,CESI_HotSpot,-56.0,2437.0,0
1789550234785337856,1789550238334234880,1789550238391740376,36,d4:bd:4f:61:f4:52,CESI_Robots,-60.0,2437.0,0
1789550234785337856,1789550238334234880,1789550238391740376,36,d4:bd:4f:61:f4:53,CESI_Recherche,-56.0,2437.0,0
1789550234785337856,1789550238334234880,1789550238391740376,36,d4:bd:4f:61:f4:54,CESI_Iot,-57.0,2437.0,0
1789550234785337856,1789550238334234880,1789550238391740376,36,d4:bd:4f:61:e5:71,CESI_HotSpot,-47.0,2472.0,0
1789550234785337856,1789550238334234880,1789550238391740376,36,d4:bd:4f:61:e5:72,CESI_Robots,-47.0,2472.0,0
1789550234785337856,1789550238334234880,1789550238391740376,36,d4:bd:4f:61:e5:73,CESI_Recherche,-48.0,2472.0,0
1789550234785337856,1789550238334234880,1789550238391740376,36,d4:bd:4f:61:e5:74,CESI_Iot,-47.0,2472.0,0
1789550234785337856,1789550238334234880,1789550238391740376,36,d4:bd:4f:61:e5:70,CESI_Corp,-47.0,2472.0,0
1789550234785337856,1789550238334234880,1789550238391740376,36,02:91:9e:71:b0:15,poppy_net,-32.0,2472.0,0
1789550234785337856,1789550238334234880,1789550238391740376,36,d4:bd:4f:a1:91:c0,CESI_Corp,-52.0,5320.0,4092
1789550234785337856,1789550238334234880,1789550238391740376,36,d4:bd:4f:a1:91:c1,CESI_HotSpot,-52.0,5320.0,4092
1789550234785337856,1789550238334234880,1789550238391740376,36,d4:bd:4f:a1:91:c2,CESI_Robots,-53.0,5320.0,4092
1789550234785337856,1789550238334234880,1789550238391740376,36,d4:bd:4f:a1:91:c3,CESI_Recherche,-53.0,5320.0,4092
1789550234785337856,1789550238334234880,1789550238391740376,36,d4:bd:4f:a1:91:c4,CESI_Iot,-53.0,5320.0,4092
1789550234785337856,1789550238334234880,1789550238391740376,36,d4:bd:4f:a0:d2:d0,CESI_Corp,-65.0,5540.0,0
1789550234785337856,1789550238334234880,1789550238391740376,36,d4:bd:4f:a0:d2:d1,CESI_HotSpot,-65.0,5540.0,0
1789550234785337856,1789550238334234880,1789550238391740376,36,d4:bd:4f:a0:d2:d2,CESI_Robots,-65.0,5540.0,0
1789550234785337856,1789550238334234880,1789550238391740376,36,d4:bd:4f:a0:d2:d3,CESI_Recherche,-65.0,5540.0,0
1789550234785337856,1789550238334234880,1789550238391740376,36,d4:bd:4f:a0:d2:d4,CESI_Iot,-65.0,5540.0,0
1789550234785337856,1789550238334234880,1789550238391740376,36,d4:bd:4f:a1:f4:50,CESI_Corp,-50.0,5580.0,0
1789550234785337856,1789550238334234880,1789550238391740376,36,d4:bd:4f:a1:f4:51,CESI_HotSpot,-50.0,5580.0,0
1789550234785337856,1789550238334234880,1789550238391740376,36,d4:bd:4f:a1:f4:52,CESI_Robots,-50.0,5580.0,0
1789550234785337856,1789550238334234880,1789550238391740376,36,d4:bd:4f:a1:f4:53,CESI_Recherche,-50.0,5580.0,0
1789550234785337856,1789550238334234880,1789550238391740376,36,d4:bd:4f:a1:f4:54,CESI_Iot,-50.0,5580.0,0
1789550234785337856,1789550238334234880,1789550238391740376,36,d4:bd:4f:a1:e5:70,CESI_Corp,-42.0,5620.0,4
1789550234785337856,1789550238334234880,1789550238391740376,36,d4:bd:4f:a1:e5:71,CESI_HotSpot,-42.0,5620.0,4
1789550234785337856,1789550238334234880,1789550238391740376,36,d4:bd:4f:a1:e5:72,CESI_Robots,-42.0,5620.0,4
1789550234785337856,1789550238334234880,1789550238391740376,36,d4:bd:4f:a1:e5:73,CESI_Recherche,-42.0,5620.0,4
1789550234785337856,1789550238334234880,1789550238391740376,36,d4:bd:4f:a1:e5:74,CESI_Iot,-42.0,5620.0,4
1789550234785337856,1789550238334234880,1789550238391740376,36,32:24:a9:e8:3e:7f,DIRECT-7F-HP OfficeJet Pro 9010,-69.0,2437.0,20788
1789550234785337856,1789550238334234880,1789550238391740376,36,78:c4:0e:d7:b1:30,RM828_WIFI,-67.0,2412.0,4096
1789550234785337856,1789550238334234880,1789550238391740376,36,f8:d0:27:79:d8:b8,EB79D8B8-@E8D0dUTYu1AOsK,-66.0,2462.0,4
1789550234785337856,1789550238334234880,1789550238391740376,36,2c:5a:0f:e5:7f:e1,eduroam,-72.0,2412.0,4096
1789550234785337856,1789550238334234880,1789550238391740376,36,d4:bd:4f:60:d2:d3,CESI_Recherche,-64.0,2427.0,4096
1789550234785337856,1789550238334234880,1789550238391740376,36,d4:bd:4f:60:d2:d4,CESI_Iot,-67.0,2427.0,4096
1789550234785337856,1789550238334234880,1789550238391740376,36,2c:5a:0f:e5:7f:e0,eduspot,-71.0,2412.0,4096
1789550234785337856,1789550238334234880,1789550238391740376,36,2c:5a:0f:e5:7f:ef,eduspot,-86.0,5280.0,20788
1789550234785337856,1789550238334234880,1789550238391740376,36,2c:5a:0f:e5:7f:ee,eduroam,-84.0,5280.0,12492
1789550234785337856,1789550238334234880,1789550238391740376,36,d4:bd:4f:60:d2:d2,CESI_Robots,-68.0,2427.0,4096
1789550234785337856,1789550238334234880,1789550238391740376,36,d4:bd:4f:60:d2:d0,CESI_Corp,-63.0,2427.0,4096
1789550234785337856,1789550238334234880,1789550238391740376,36,d4:bd:4f:60:d2:d1,CESI_HotSpot,-61.0,2427.0,4
1789550234785337856,1789550238334234880,1789550238391740376,36,7c:26:64:69:50:04,,-79.0,2462.0,4
1789550234785337856,1789550238334234880,1789550238391740376,36,d6:31:fc:35:fc:75,iPhone17 Pro BME,-84.0,5220.0,4
1789550234785337856,1789550238334234880,1789550238391740376,36,7c:26:64:69:50:05,,-85.0,5320.0,12492
1789550234785337856,1789550238334234880,1789550238391740376,36,d4:bd:4f:61:a9:70,CESI_Corp,-77.0,2447.0,12492
1789550234785337856,1789550238334234880,1789550238391740376,36,d4:bd:4f:a1:d5:91,CESI_HotSpot,-86.0,5320.0,4
1789550234785337856,1789550238334234880,1789550238391740376,36,d4:bd:4f:a1:d5:92,CESI_Robots,-86.0,5320.0,4
1789550234785337856,1789550238334234880,1789550238391740376,36,d4:bd:4f:a1:d5:93,CESI_Recherche,-87.0,5320.0,4
1789550234785337856,1789550238334234880,1789550238391740376,36,d4:bd:4f:a0:5d:90,CESI_Corp,-88.0,5620.0,12492
1789550234785337856,1789550238334234880,1789550238391740376,36,d4:bd:4f:a0:5d:91,CESI_HotSpot,-88.0,5620.0,12492
1789550234785337856,1789550238334234880,1789550238391740376,36,d4:bd:4f:a0:5d:92,CESI_Robots,-87.0,5620.0,12492
1789550234785337856,1789550238334234880,1789550238391740376,36,d4:bd:4f:a1:a9:71,CESI_HotSpot,-86.0,5280.0,8292
1789550234785337856,1789550238334234880,1789550238391740376,36,d4:bd:4f:a1:a9:74,CESI_Iot,-88.0,5280.0,8292
1789550234785337856,1789550238334234880,1789550238391740376,36,a2:f1:22:b1:33:3b,The best Phone out there,-88.0,5200.0,4096
1789550234785337856,1789550238334234880,1789550238391740376,36,d4:bd:4f:a1:d5:90,CESI_Corp,-86.0,5320.0,4
1789550234785337856,1789550238334234880,1789550238391740376,36,d4:bd:4f:a1:d5:94,CESI_Iot,-85.0,5320.0,4
1789550238901138944,1789550242530266112,1789550242575398386,37,a2:0c:c2:cf:c6:70,Galaxy S24 Ultra,-52.0,2412.0,4
1789550238901138944,1789550242530266112,1789550242575398386,37,d4:bd:4f:61:91:c0,CESI_Corp,-38.0,2417.0,4
1789550238901138944,1789550242530266112,1789550242575398386,37,d4:bd:4f:61:91:c1,CESI_HotSpot,-37.0,2417.0,4
1789550238901138944,1789550242530266112,1789550242575398386,37,d4:bd:4f:61:91:c2,CESI_Robots,-37.0,2417.0,4
1789550238901138944,1789550242530266112,1789550242575398386,37,d4:bd:4f:61:91:c3,CESI_Recherche,-39.0,2417.0,4
1789550238901138944,1789550242530266112,1789550242575398386,37,d4:bd:4f:61:91:c4,CESI_Iot,-36.0,2417.0,4
1789550238901138944,1789550242530266112,1789550242575398386,37,d4:bd:4f:61:f4:50,CESI_Corp,-54.0,2437.0,4
1789550238901138944,1789550242530266112,1789550242575398386,37,d4:bd:4f:61:f4:51,CESI_HotSpot,-54.0,2437.0,4
1789550238901138944,1789550242530266112,1789550242575398386,37,d4:bd:4f:61:f4:52,CESI_Robots,-54.0,2437.0,4
1789550238901138944,1789550242530266112,1789550242575398386,37,d4:bd:4f:61:f4:53,CESI_Recherche,-46.0,2437.0,4
1789550238901138944,1789550242530266112,1789550242575398386,37,d4:bd:4f:61:f4:54,CESI_Iot,-55.0,2437.0,4
1789550238901138944,1789550242530266112,1789550242575398386,37,d4:bd:4f:61:e5:71,CESI_HotSpot,-52.0,2472.0,4
1789550238901138944,1789550242530266112,1789550242575398386,37,d4:bd:4f:61:e5:72,CESI_Robots,-55.0,2472.0,4
1789550238901138944,1789550242530266112,1789550242575398386,37,d4:bd:4f:61:e5:73,CESI_Recherche,-55.0,2472.0,4
1789550238901138944,1789550242530266112,1789550242575398386,37,d4:bd:4f:61:e5:74,CESI_Iot,-53.0,2472.0,4
1789550238901138944,1789550242530266112,1789550242575398386,37,d4:bd:4f:61:e5:70,CESI_Corp,-52.0,2472.0,4
1789550238901138944,1789550242530266112,1789550242575398386,37,02:91:9e:71:b0:15,poppy_net,-32.0,2472.0,4
1789550238901138944,1789550242530266112,1789550242575398386,37,d4:bd:4f:a1:91:c0,CESI_Corp,-43.0,5320.0,4
1789550238901138944,1789550242530266112,1789550242575398386,37,d4:bd:4f:a1:91:c1,CESI_HotSpot,-43.0,5320.0,4
1789550238901138944,1789550242530266112,1789550242575398386,37,d4:bd:4f:a1:91:c2,CESI_Robots,-43.0,5320.0,4
1789550238901138944,1789550242530266112,1789550242575398386,37,d4:bd:4f:a1:91:c3,CESI_Recherche,-43.0,5320.0,4
1789550238901138944,1789550242530266112,1789550242575398386,37,d4:bd:4f:a1:91:c4,CESI_Iot,-43.0,5320.0,4
1789550238901138944,1789550242530266112,1789550242575398386,37,d4:bd:4f:a0:d2:d0,CESI_Corp,-62.0,5540.0,4
1789550238901138944,1789550242530266112,1789550242575398386,37,d4:bd:4f:a0:d2:d1,CESI_HotSpot,-62.0,5540.0,4
1789550238901138944,1789550242530266112,1789550242575398386,37,d4:bd:4f:a0:d2:d2,CESI_Robots,-62.0,5540.0,4
1789550238901138944,1789550242530266112,1789550242575398386,37,d4:bd:4f:a0:d2:d3,CESI_Recherche,-63.0,5540.0,4
1789550238901138944,1789550242530266112,1789550242575398386,37,d4:bd:4f:a0:d2:d4,CESI_Iot,-62.0,5540.0,4
1789550238901138944,1789550242530266112,1789550242575398386,37,d4:bd:4f:a1:f4:50,CESI_Corp,-53.0,5580.0,4
1789550238901138944,1789550242530266112,1789550242575398386,37,d4:bd:4f:a1:f4:51,CESI_HotSpot,-53.0,5580.0,4
1789550238901138944,1789550242530266112,1789550242575398386,37,d4:bd:4f:a1:f4:52,CESI_Robots,-53.0,5580.0,4
1789550238901138944,1789550242530266112,1789550242575398386,37,d4:bd:4f:a1:f4:53,CESI_Recherche,-53.0,5580.0,4
1789550238901138944,1789550242530266112,1789550242575398386,37,d4:bd:4f:a1:f4:54,CESI_Iot,-53.0,5580.0,4
1789550238901138944,1789550242530266112,1789550242575398386,37,d4:bd:4f:a1:e5:70,CESI_Corp,-53.0,5620.0,4
1789550238901138944,1789550242530266112,1789550242575398386,37,d4:bd:4f:a1:e5:71,CESI_HotSpot,-53.0,5620.0,4
1789550238901138944,1789550242530266112,1789550242575398386,37,d4:bd:4f:a1:e5:72,CESI_Robots,-53.0,5620.0,4
1789550238901138944,1789550242530266112,1789550242575398386,37,d4:bd:4f:a1:e5:73,CESI_Recherche,-52.0,5620.0,4
1789550238901138944,1789550242530266112,1789550242575398386,37,d4:bd:4f:a1:e5:74,CESI_Iot,-52.0,5620.0,4
1789550238901138944,1789550242530266112,1789550242575398386,37,32:24:a9:e8:3e:7f,DIRECT-7F-HP OfficeJet Pro 9010,-69.0,2437.0,24988
1789550238901138944,1789550242530266112,1789550242575398386,37,78:c4:0e:d7:b1:30,RM828_WIFI,-68.0,2412.0,4
1789550238901138944,1789550242530266112,1789550242575398386,37,f8:d0:27:79:d8:b8,EB79D8B8-@E8D0dUTYu1AOsK,-62.0,2462.0,4
1789550238901138944,1789550242530266112,1789550242575398386,37,2c:5a:0f:e5:7f:e1,eduroam,-72.0,2412.0,8296
1789550238901138944,1789550242530266112,1789550242575398386,37,d4:bd:4f:60:d2:d3,CESI_Recherche,-62.0,2427.0,4
1789550238901138944,1789550242530266112,1789550242575398386,37,d4:bd:4f:60:d2:d4,CESI_Iot,-64.0,2427.0,4
1789550238901138944,1789550242530266112,1789550242575398386,37,2c:5a:0f:e5:7f:e0,eduspot,-71.0,2412.0,8296
1789550238901138944,1789550242530266112,1789550242575398386,37,2c:5a:0f:e5:7f:ef,eduspot,-86.0,5280.0,24988
1789550238901138944,1789550242530266112,1789550242575398386,37,2c:5a:0f:e5:7f:ee,eduroam,-84.0,5280.0,16692
1789550238901138944,1789550242530266112,1789550242575398386,37,d4:bd:4f:60:d2:d2,CESI_Robots,-68.0,2427.0,8296
1789550238901138944,1789550242530266112,1789550242575398386,37,d4:bd:4f:60:d2:d0,CESI_Corp,-63.0,2427.0,4
1789550238901138944,1789550242530266112,1789550242575398386,37,d4:bd:4f:60:d2:d1,CESI_HotSpot,-63.0,2427.0,4
1789550238901138944,1789550242530266112,1789550242575398386,37,7c:26:64:69:50:04,,-79.0,2462.0,4204
1789550238901138944,1789550242530266112,1789550242575398386,37,d6:31:fc:35:fc:75,iPhone17 Pro BME,-84.0,5220.0,4204
1789550238901138944,1789550242530266112,1789550242575398386,37,7c:26:64:69:50:05,,-85.0,5320.0,16692
1789550238901138944,1789550242530266112,1789550242575398386,37,d4:bd:4f:61:a9:70,CESI_Corp,-77.0,2447.0,16692
1789550238901138944,1789550242530266112,1789550242575398386,37,d4:bd:4f:a1:d5:91,CESI_HotSpot,-84.0,5320.0,4
1789550238901138944,1789550242530266112,1789550242575398386,37,d4:bd:4f:a1:d5:92,CESI_Robots,-85.0,5320.0,4
1789550238901138944,1789550242530266112,1789550242575398386,37,d4:bd:4f:a1:d5:93,CESI_Recherche,-87.0,5320.0,4
1789550238901138944,1789550242530266112,1789550242575398386,37,d4:bd:4f:a0:5d:90,CESI_Corp,-88.0,5620.0,16692
1789550238901138944,1789550242530266112,1789550242575398386,37,d4:bd:4f:a0:5d:91,CESI_HotSpot,-88.0,5620.0,16692
1789550238901138944,1789550242530266112,1789550242575398386,37,d4:bd:4f:a0:5d:92,CESI_Robots,-87.0,5620.0,16692
1789550238901138944,1789550242530266112,1789550242575398386,37,d4:bd:4f:a1:a9:71,CESI_HotSpot,-86.0,5280.0,12492
1789550238901138944,1789550242530266112,1789550242575398386,37,d4:bd:4f:a1:a9:74,CESI_Iot,-88.0,5280.0,12492
1789550238901138944,1789550242530266112,1789550242575398386,37,a2:f1:22:b1:33:3b,The best Phone out there,-82.0,5200.0,4
1789550238901138944,1789550242530266112,1789550242575398386,37,d4:bd:4f:a1:d5:90,CESI_Corp,-84.0,5320.0,4
1789550238901138944,1789550242530266112,1789550242575398386,37,d4:bd:4f:a1:d5:94,CESI_Iot,-85.0,5320.0,4204
1789550243078450944,1789550246728802048,1789550246788406573,38,a2:0c:c2:cf:c6:70,Galaxy S24 Ultra,-53.0,2412.0,0
1789550243078450944,1789550246728802048,1789550246788406573,38,d4:bd:4f:61:91:c0,CESI_Corp,-48.0,2417.0,0
1789550243078450944,1789550246728802048,1789550246788406573,38,d4:bd:4f:61:91:c1,CESI_HotSpot,-42.0,2417.0,0
1789550243078450944,1789550246728802048,1789550246788406573,38,d4:bd:4f:61:91:c2,CESI_Robots,-42.0,2417.0,0
1789550243078450944,1789550246728802048,1789550246788406573,38,d4:bd:4f:61:91:c3,CESI_Recherche,-41.0,2417.0,0
1789550243078450944,1789550246728802048,1789550246788406573,38,d4:bd:4f:61:91:c4,CESI_Iot,-41.0,2417.0,0
1789550243078450944,1789550246728802048,1789550246788406573,38,d4:bd:4f:61:f4:50,CESI_Corp,-52.0,2437.0,0
1789550243078450944,1789550246728802048,1789550246788406573,38,d4:bd:4f:61:f4:51,CESI_HotSpot,-46.0,2437.0,0
1789550243078450944,1789550246728802048,1789550246788406573,38,d4:bd:4f:61:f4:52,CESI_Robots,-52.0,2437.0,0
1789550243078450944,1789550246728802048,1789550246788406573,38,d4:bd:4f:61:f4:53,CESI_Recherche,-52.0,2437.0,0
1789550243078450944,1789550246728802048,1789550246788406573,38,d4:bd:4f:61:f4:54,CESI_Iot,-53.0,2437.0,0
1789550243078450944,1789550246728802048,1789550246788406573,38,d4:bd:4f:61:e5:71,CESI_HotSpot,-48.0,2472.0,0
1789550243078450944,1789550246728802048,1789550246788406573,38,d4:bd:4f:61:e5:72,CESI_Robots,-49.0,2472.0,0
1789550243078450944,1789550246728802048,1789550246788406573,38,d4:bd:4f:61:e5:73,CESI_Recherche,-48.0,2472.0,0
1789550243078450944,1789550246728802048,1789550246788406573,38,d4:bd:4f:61:e5:74,CESI_Iot,-49.0,2472.0,0
1789550243078450944,1789550246728802048,1789550246788406573,38,d4:bd:4f:61:e5:70,CESI_Corp,-48.0,2472.0,0
1789550243078450944,1789550246728802048,1789550246788406573,38,02:91:9e:71:b0:15,poppy_net,-37.0,2472.0,0
1789550243078450944,1789550246728802048,1789550246788406573,38,d4:bd:4f:a1:91:c0,CESI_Corp,-42.0,5320.0,0
1789550243078450944,1789550246728802048,1789550246788406573,38,d4:bd:4f:a1:91:c1,CESI_HotSpot,-42.0,5320.0,0
1789550243078450944,1789550246728802048,1789550246788406573,38,d4:bd:4f:a1:91:c2,CESI_Robots,-42.0,5320.0,0
1789550243078450944,1789550246728802048,1789550246788406573,38,d4:bd:4f:a1:91:c3,CESI_Recherche,-42.0,5320.0,0
1789550243078450944,1789550246728802048,1789550246788406573,38,d4:bd:4f:a1:91:c4,CESI_Iot,-43.0,5320.0,0
1789550243078450944,1789550246728802048,1789550246788406573,38,d4:bd:4f:a0:d2:d0,CESI_Corp,-73.0,5540.0,0
1789550243078450944,1789550246728802048,1789550246788406573,38,d4:bd:4f:a0:d2:d1,CESI_HotSpot,-73.0,5540.0,0
1789550243078450944,1789550246728802048,1789550246788406573,38,d4:bd:4f:a0:d2:d2,CESI_Robots,-73.0,5540.0,0
1789550243078450944,1789550246728802048,1789550246788406573,38,d4:bd:4f:a0:d2:d3,CESI_Recherche,-73.0,5540.0,0
1789550243078450944,1789550246728802048,1789550246788406573,38,d4:bd:4f:a0:d2:d4,CESI_Iot,-73.0,5540.0,0
1789550243078450944,1789550246728802048,1789550246788406573,38,d4:bd:4f:a1:f4:50,CESI_Corp,-53.0,5580.0,0
1789550243078450944,1789550246728802048,1789550246788406573,38,d4:bd:4f:a1:f4:51,CESI_HotSpot,-53.0,5580.0,0
1789550243078450944,1789550246728802048,1789550246788406573,38,d4:bd:4f:a1:f4:52,CESI_Robots,-53.0,5580.0,0
1789550243078450944,1789550246728802048,1789550246788406573,38,d4:bd:4f:a1:f4:53,CESI_Recherche,-53.0,5580.0,0
1789550243078450944,1789550246728802048,1789550246788406573,38,d4:bd:4f:a1:f4:54,CESI_Iot,-53.0,5580.0,0
1789550243078450944,1789550246728802048,1789550246788406573,38,d4:bd:4f:a1:e5:70,CESI_Corp,-54.0,5620.0,0
1789550243078450944,1789550246728802048,1789550246788406573,38,d4:bd:4f:a1:e5:71,CESI_HotSpot,-54.0,5620.0,0
1789550243078450944,1789550246728802048,1789550246788406573,38,d4:bd:4f:a1:e5:72,CESI_Robots,-54.0,5620.0,0
1789550243078450944,1789550246728802048,1789550246788406573,38,d4:bd:4f:a1:e5:73,CESI_Recherche,-54.0,5620.0,0
1789550243078450944,1789550246728802048,1789550246788406573,38,d4:bd:4f:a1:e5:74,CESI_Iot,-53.0,5620.0,0
1789550243078450944,1789550246728802048,1789550246788406573,38,32:24:a9:e8:3e:7f,DIRECT-7F-HP OfficeJet Pro 9010,-69.0,2437.0,29184
1789550243078450944,1789550246728802048,1789550246788406573,38,78:c4:0e:d7:b1:30,RM828_WIFI,-76.0,2412.0,0
1789550243078450944,1789550246728802048,1789550246788406573,38,f8:d0:27:79:d8:b8,EB79D8B8-@E8D0dUTYu1AOsK,-62.0,2462.0,4200
1789550243078450944,1789550246728802048,1789550246788406573,38,2c:5a:0f:e5:7f:e1,eduroam,-71.0,2412.0,0
1789550243078450944,1789550246728802048,1789550246788406573,38,d4:bd:4f:60:d2:d3,CESI_Recherche,-62.0,2427.0,4200
1789550243078450944,1789550246728802048,1789550246788406573,38,d4:bd:4f:60:d2:d4,CESI_Iot,-66.0,2427.0,0
1789550243078450944,1789550246728802048,1789550246788406573,38,2c:5a:0f:e5:7f:e0,eduspot,-71.0,2412.0,12492
1789550243078450944,1789550246728802048,1789550246788406573,38,2c:5a:0f:e5:7f:ef,eduspot,-86.0,5280.0,29184
1789550243078450944,1789550246728802048,1789550246788406573,38,2c:5a:0f:e5:7f:ee,eduroam,-84.0,5280.0,20888
1789550243078450944,1789550246728802048,1789550246788406573,38,d4:bd:4f:60:d2:d2,CESI_Robots,-70.0,2427.0,0
1789550243078450944,1789550246728802048,1789550246788406573,38,d4:bd:4f:60:d2:d0,CESI_Corp,-68.0,2427.0,0
1789550243078450944,1789550246728802048,1789550246788406573,38,d4:bd:4f:60:d2:d1,CESI_HotSpot,-69.0,2427.0,0
1789550243078450944,1789550246728802048,1789550246788406573,38,7c:26:64:69:50:04,,-79.0,2462.0,8400
1789550243078450944,1789550246728802048,1789550246788406573,38,d6:31:fc:35:fc:75,iPhone17 Pro BME,-82.0,5220.0,0
1789550243078450944,1789550246728802048,1789550246788406573,38,7c:26:64:69:50:05,,-85.0,5320.0,0
1789550243078450944,1789550246728802048,1789550246788406573,38,d4:bd:4f:61:a9:70,CESI_Corp,-77.0,2447.0,20888
1789550243078450944,1789550246728802048,1789550246788406573,38,d4:bd:4f:a1:d5:91,CESI_HotSpot,-84.0,5320.0,4200
1789550243078450944,1789550246728802048,1789550246788406573,38,d4:bd:4f:a1:d5:92,CESI_Robots,-85.0,5320.0,4200
1789550243078450944,1789550246728802048,1789550246788406573,38,d4:bd:4f:a1:d5:93,CESI_Recherche,-87.0,5320.0,4200
1789550243078450944,1789550246728802048,1789550246788406573,38,d4:bd:4f:a0:5d:90,CESI_Corp,-88.0,5620.0,20888
1789550243078450944,1789550246728802048,1789550246788406573,38,d4:bd:4f:a0:5d:91,CESI_HotSpot,-88.0,5620.0,20888
1789550243078450944,1789550246728802048,1789550246788406573,38,d4:bd:4f:a0:5d:92,CESI_Robots,-87.0,5620.0,20888
1789550243078450944,1789550246728802048,1789550246788406573,38,d4:bd:4f:a1:a9:71,CESI_HotSpot,-86.0,5280.0,16688
1789550243078450944,1789550246728802048,1789550246788406573,38,d4:bd:4f:a1:a9:74,CESI_Iot,-88.0,5280.0,16688
1789550243078450944,1789550246728802048,1789550246788406573,38,a2:f1:22:b1:33:3b,The best Phone out there,-80.0,5200.0,0
1789550243078450944,1789550246728802048,1789550246788406573,38,d4:bd:4f:a1:d5:90,CESI_Corp,-84.0,5320.0,4200
1789550243078450944,1789550246728802048,1789550246788406573,38,d4:bd:4f:a1:d5:94,CESI_Iot,-85.0,5320.0,8400
1789550247294213888,1789550250926086912,1789550250970862998,39,a2:0c:c2:cf:c6:70,Galaxy S24 Ultra,-56.0,2412.0,0
1789550247294213888,1789550250926086912,1789550250970862998,39,d4:bd:4f:61:91:c0,CESI_Corp,-38.0,2417.0,0
1789550247294213888,1789550250926086912,1789550250970862998,39,d4:bd:4f:61:91:c1,CESI_HotSpot,-38.0,2417.0,0
1789550247294213888,1789550250926086912,1789550250970862998,39,d4:bd:4f:61:91:c2,CESI_Robots,-39.0,2417.0,0
1789550247294213888,1789550250926086912,1789550250970862998,39,d4:bd:4f:61:91:c3,CESI_Recherche,-39.0,2417.0,0
1789550247294213888,1789550250926086912,1789550250970862998,39,d4:bd:4f:61:91:c4,CESI_Iot,-39.0,2417.0,0
1789550247294213888,1789550250926086912,1789550250970862998,39,d4:bd:4f:61:f4:50,CESI_Corp,-53.0,2437.0,0
1789550247294213888,1789550250926086912,1789550250970862998,39,d4:bd:4f:61:f4:51,CESI_HotSpot,-54.0,2437.0,0
1789550247294213888,1789550250926086912,1789550250970862998,39,d4:bd:4f:61:f4:52,CESI_Robots,-55.0,2437.0,0
1789550247294213888,1789550250926086912,1789550250970862998,39,d4:bd:4f:61:f4:53,CESI_Recherche,-55.0,2437.0,0
1789550247294213888,1789550250926086912,1789550250970862998,39,d4:bd:4f:61:f4:54,CESI_Iot,-55.0,2437.0,0
1789550247294213888,1789550250926086912,1789550250970862998,39,d4:bd:4f:61:e5:71,CESI_HotSpot,-52.0,2472.0,0
1789550247294213888,1789550250926086912,1789550250970862998,39,d4:bd:4f:61:e5:72,CESI_Robots,-51.0,2472.0,0
1789550247294213888,1789550250926086912,1789550250970862998,39,d4:bd:4f:61:e5:73,CESI_Recherche,-52.0,2472.0,0
1789550247294213888,1789550250926086912,1789550250970862998,39,d4:bd:4f:61:e5:74,CESI_Iot,-52.0,2472.0,0
1789550247294213888,1789550250926086912,1789550250970862998,39,d4:bd:4f:61:e5:70,CESI_Corp,-52.0,2472.0,0
1789550247294213888,1789550250926086912,1789550250970862998,39,02:91:9e:71:b0:15,poppy_net,-30.0,2472.0,0
1789550247294213888,1789550250926086912,1789550250970862998,39,d4:bd:4f:a1:91:c0,CESI_Corp,-38.0,5320.0,0
1789550247294213888,1789550250926086912,1789550250970862998,39,d4:bd:4f:a1:91:c1,CESI_HotSpot,-39.0,5320.0,0
1789550247294213888,1789550250926086912,1789550250970862998,39,d4:bd:4f:a1:91:c2,CESI_Robots,-38.0,5320.0,0
1789550247294213888,1789550250926086912,1789550250970862998,39,d4:bd:4f:a1:91:c3,CESI_Recherche,-38.0,5320.0,0
1789550247294213888,1789550250926086912,1789550250970862998,39,d4:bd:4f:a1:91:c4,CESI_Iot,-39.0,5320.0,0
1789550247294213888,1789550250926086912,1789550250970862998,39,d4:bd:4f:a0:d2:d0,CESI_Corp,-76.0,5540.0,0
1789550247294213888,1789550250926086912,1789550250970862998,39,d4:bd:4f:a0:d2:d1,CESI_HotSpot,-76.0,5540.0,0
1789550247294213888,1789550250926086912,1789550250970862998,39,d4:bd:4f:a0:d2:d2,CESI_Robots,-76.0,5540.0,0
1789550247294213888,1789550250926086912,1789550250970862998,39,d4:bd:4f:a0:d2:d3,CESI_Recherche,-76.0,5540.0,0
1789550247294213888,1789550250926086912,1789550250970862998,39,d4:bd:4f:a0:d2:d4,CESI_Iot,-76.0,5540.0,0
1789550247294213888,1789550250926086912,1789550250970862998,39,d4:bd:4f:a1:f4:50,CESI_Corp,-43.0,5580.0,0
1789550247294213888,1789550250926086912,1789550250970862998,39,d4:bd:4f:a1:f4:51,CESI_HotSpot,-43.0,5580.0,0
1789550247294213888,1789550250926086912,1789550250970862998,39,d4:bd:4f:a1:f4:52,CESI_Robots,-43.0,5580.0,0
1789550247294213888,1789550250926086912,1789550250970862998,39,d4:bd:4f:a1:f4:53,CESI_Recherche,-43.0,5580.0,0
1789550247294213888,1789550250926086912,1789550250970862998,39,d4:bd:4f:a1:f4:54,CESI_Iot,-43.0,5580.0,0
1789550247294213888,1789550250926086912,1789550250970862998,39,d4:bd:4f:a1:e5:70,CESI_Corp,-50.0,5620.0,0
1789550247294213888,1789550250926086912,1789550250970862998,39,d4:bd:4f:a1:e5:71,CESI_HotSpot,-50.0,5620.0,0
1789550247294213888,1789550250926086912,1789550250970862998,39,d4:bd:4f:a1:e5:72,CESI_Robots,-50.0,5620.0,0
1789550247294213888,1789550250926086912,1789550250970862998,39,d4:bd:4f:a1:e5:73,CESI_Recherche,-50.0,5620.0,0
1789550247294213888,1789550250926086912,1789550250970862998,39,d4:bd:4f:a1:e5:74,CESI_Iot,-50.0,5620.0,0
1789550247294213888,1789550250926086912,1789550250970862998,39,78:c4:0e:d7:b1:30,RM828_WIFI,-79.0,2412.0,0
1789550247294213888,1789550250926086912,1789550250970862998,39,f8:d0:27:79:d8:b8,EB79D8B8-@E8D0dUTYu1AOsK,-63.0,2462.0,0
1789550247294213888,1789550250926086912,1789550250970862998,39,2c:5a:0f:e5:7f:e1,eduroam,-73.0,2412.0,0
1789550247294213888,1789550250926086912,1789550250970862998,39,d4:bd:4f:60:d2:d3,CESI_Recherche,-62.0,2427.0,8396
1789550247294213888,1789550250926086912,1789550250970862998,39,d4:bd:4f:60:d2:d4,CESI_Iot,-66.0,2427.0,4196
1789550247294213888,1789550250926086912,1789550250970862998,39,2c:5a:0f:e5:7f:e0,eduspot,-72.0,2412.0,0
1789550247294213888,1789550250926086912,1789550250970862998,39,2c:5a:0f:e5:7f:ee,eduroam,-84.0,5280.0,25084
1789550247294213888,1789550250926086912,1789550250970862998,39,d4:bd:4f:60:d2:d2,CESI_Robots,-69.0,2427.0,0
1789550247294213888,1789550250926086912,1789550250970862998,39,d4:bd:4f:60:d2:d0,CESI_Corp,-64.0,2427.0,0
1789550247294213888,1789550250926086912,1789550250970862998,39,d4:bd:4f:60:d2:d1,CESI_HotSpot,-65.0,2427.0,0
1789550247294213888,1789550250926086912,1789550250970862998,39,7c:26:64:69:50:04,,-79.0,2462.0,12596
1789550247294213888,1789550250926086912,1789550250970862998,39,d6:31:fc:35:fc:75,iPhone17 Pro BME,-83.0,5220.0,0
1789550247294213888,1789550250926086912,1789550250970862998,39,7c:26:64:69:50:05,,-88.0,5320.0,0
1789550247294213888,1789550250926086912,1789550250970862998,39,d4:bd:4f:61:a9:70,CESI_Corp,-77.0,2447.0,25084
1789550247294213888,1789550250926086912,1789550250970862998,39,d4:bd:4f:a1:d5:91,CESI_HotSpot,-89.0,5320.0,0
1789550247294213888,1789550250926086912,1789550250970862998,39,d4:bd:4f:a1:d5:92,CESI_Robots,-89.0,5320.0,0
1789550247294213888,1789550250926086912,1789550250970862998,39,d4:bd:4f:a1:d5:93,CESI_Recherche,-91.0,5320.0,0
1789550247294213888,1789550250926086912,1789550250970862998,39,d4:bd:4f:a0:5d:90,CESI_Corp,-88.0,5620.0,25084
1789550247294213888,1789550250926086912,1789550250970862998,39,d4:bd:4f:a0:5d:91,CESI_HotSpot,-88.0,5620.0,25084
1789550247294213888,1789550250926086912,1789550250970862998,39,d4:bd:4f:a0:5d:92,CESI_Robots,-87.0,5620.0,25084
1789550247294213888,1789550250926086912,1789550250970862998,39,d4:bd:4f:a1:a9:71,CESI_HotSpot,-86.0,5280.0,20884
1789550247294213888,1789550250926086912,1789550250970862998,39,d4:bd:4f:a1:a9:74,CESI_Iot,-88.0,5280.0,20884
1789550247294213888,1789550250926086912,1789550250970862998,39,a2:f1:22:b1:33:3b,The best Phone out there,-78.0,5200.0,0
1789550247294213888,1789550250926086912,1789550250970862998,39,d4:bd:4f:a1:d5:90,CESI_Corp,-88.0,5320.0,0
1789550247294213888,1789550250926086912,1789550250970862998,39,d4:bd:4f:a1:d5:94,CESI_Iot,-85.0,5320.0,12596
1789550251473702912,1789550255119646976,1789550255170504557,40,a2:0c:c2:cf:c6:70,Galaxy S24 Ultra,-53.0,2412.0,4
1789550251473702912,1789550255119646976,1789550255170504557,40,d4:bd:4f:61:91:c0,CESI_Corp,-40.0,2417.0,4
1789550251473702912,1789550255119646976,1789550255170504557,40,d4:bd:4f:61:91:c1,CESI_HotSpot,-40.0,2417.0,4
1789550251473702912,1789550255119646976,1789550255170504557,40,d4:bd:4f:61:91:c2,CESI_Robots,-40.0,2417.0,4
1789550251473702912,1789550255119646976,1789550255170504557,40,d4:bd:4f:61:91:c3,CESI_Recherche,-40.0,2417.0,4
1789550251473702912,1789550255119646976,1789550255170504557,40,d4:bd:4f:61:91:c4,CESI_Iot,-39.0,2417.0,4
1789550251473702912,1789550255119646976,1789550255170504557,40,d4:bd:4f:61:f4:50,CESI_Corp,-54.0,2437.0,4
1789550251473702912,1789550255119646976,1789550255170504557,40,d4:bd:4f:61:f4:51,CESI_HotSpot,-43.0,2437.0,4
1789550251473702912,1789550255119646976,1789550255170504557,40,d4:bd:4f:61:f4:52,CESI_Robots,-55.0,2437.0,4
1789550251473702912,1789550255119646976,1789550255170504557,40,d4:bd:4f:61:f4:53,CESI_Recherche,-53.0,2437.0,4
1789550251473702912,1789550255119646976,1789550255170504557,40,d4:bd:4f:61:f4:54,CESI_Iot,-53.0,2437.0,4
1789550251473702912,1789550255119646976,1789550255170504557,40,d4:bd:4f:61:e5:71,CESI_HotSpot,-51.0,2472.0,4
1789550251473702912,1789550255119646976,1789550255170504557,40,d4:bd:4f:61:e5:72,CESI_Robots,-51.0,2472.0,4
1789550251473702912,1789550255119646976,1789550255170504557,40,d4:bd:4f:61:e5:73,CESI_Recherche,-50.0,2472.0,4
1789550251473702912,1789550255119646976,1789550255170504557,40,d4:bd:4f:61:e5:74,CESI_Iot,-51.0,2472.0,4
1789550251473702912,1789550255119646976,1789550255170504557,40,d4:bd:4f:61:e5:70,CESI_Corp,-51.0,2472.0,4
1789550251473702912,1789550255119646976,1789550255170504557,40,02:91:9e:71:b0:15,poppy_net,-29.0,2472.0,4
1789550251473702912,1789550255119646976,1789550255170504557,40,d4:bd:4f:a1:91:c0,CESI_Corp,-47.0,5320.0,4
1789550251473702912,1789550255119646976,1789550255170504557,40,d4:bd:4f:a1:91:c1,CESI_HotSpot,-47.0,5320.0,4
1789550251473702912,1789550255119646976,1789550255170504557,40,d4:bd:4f:a1:91:c2,CESI_Robots,-47.0,5320.0,4
1789550251473702912,1789550255119646976,1789550255170504557,40,d4:bd:4f:a1:91:c3,CESI_Recherche,-47.0,5320.0,4
1789550251473702912,1789550255119646976,1789550255170504557,40,d4:bd:4f:a1:91:c4,CESI_Iot,-48.0,5320.0,4
1789550251473702912,1789550255119646976,1789550255170504557,40,d4:bd:4f:a0:d2:d0,CESI_Corp,-76.0,5540.0,4
1789550251473702912,1789550255119646976,1789550255170504557,40,d4:bd:4f:a0:d2:d1,CESI_HotSpot,-76.0,5540.0,4
1789550251473702912,1789550255119646976,1789550255170504557,40,d4:bd:4f:a0:d2:d2,CESI_Robots,-75.0,5540.0,4
1789550251473702912,1789550255119646976,1789550255170504557,40,d4:bd:4f:a0:d2:d3,CESI_Recherche,-76.0,5540.0,4
1789550251473702912,1789550255119646976,1789550255170504557,40,d4:bd:4f:a0:d2:d4,CESI_Iot,-76.0,5540.0,4
1789550251473702912,1789550255119646976,1789550255170504557,40,d4:bd:4f:a1:f4:50,CESI_Corp,-45.0,5580.0,4
1789550251473702912,1789550255119646976,1789550255170504557,40,d4:bd:4f:a1:f4:51,CESI_HotSpot,-45.0,5580.0,4
1789550251473702912,1789550255119646976,1789550255170504557,40,d4:bd:4f:a1:f4:52,CESI_Robots,-45.0,5580.0,4
1789550251473702912,1789550255119646976,1789550255170504557,40,d4:bd:4f:a1:f4:53,CESI_Recherche,-46.0,5580.0,4
1789550251473702912,1789550255119646976,1789550255170504557,40,d4:bd:4f:a1:f4:54,CESI_Iot,-46.0,5580.0,4
1789550251473702912,1789550255119646976,1789550255170504557,40,d4:bd:4f:a1:e5:70,CESI_Corp,-57.0,5620.0,4
1789550251473702912,1789550255119646976,1789550255170504557,40,d4:bd:4f:a1:e5:71,CESI_HotSpot,-57.0,5620.0,4
1789550251473702912,1789550255119646976,1789550255170504557,40,d4:bd:4f:a1:e5:72,CESI_Robots,-56.0,5620.0,4
1789550251473702912,1789550255119646976,1789550255170504557,40,d4:bd:4f:a1:e5:73,CESI_Recherche,-57.0,5620.0,4
1789550251473702912,1789550255119646976,1789550255170504557,40,d4:bd:4f:a1:e5:74,CESI_Iot,-56.0,5620.0,4
1789550251473702912,1789550255119646976,1789550255170504557,40,78:c4:0e:d7:b1:30,RM828_WIFI,-68.0,2412.0,4
1789550251473702912,1789550255119646976,1789550255170504557,40,f8:d0:27:79:d8:b8,EB79D8B8-@E8D0dUTYu1AOsK,-57.0,2462.0,4
1789550251473702912,1789550255119646976,1789550255170504557,40,2c:5a:0f:e5:7f:e1,eduroam,-73.0,2412.0,4200
1789550251473702912,1789550255119646976,1789550255170504557,40,d4:bd:4f:60:d2:d3,CESI_Recherche,-62.0,2427.0,12596
1789550251473702912,1789550255119646976,1789550255170504557,40,d4:bd:4f:60:d2:d4,CESI_Iot,-66.0,2427.0,8396
1789550251473702912,1789550255119646976,1789550255170504557,40,2c:5a:0f:e5:7f:e0,eduspot,-72.0,2412.0,4200
1789550251473702912,1789550255119646976,1789550255170504557,40,2c:5a:0f:e5:7f:ee,eduroam,-84.0,5280.0,29284
1789550251473702912,1789550255119646976,1789550255170504557,40,d4:bd:4f:60:d2:d2,CESI_Robots,-67.0,2427.0,4
1789550251473702912,1789550255119646976,1789550255170504557,40,d4:bd:4f:60:d2:d0,CESI_Corp,-60.0,2427.0,4
1789550251473702912,1789550255119646976,1789550255170504557,40,d4:bd:4f:60:d2:d1,CESI_HotSpot,-67.0,2427.0,4
1789550251473702912,1789550255119646976,1789550255170504557,40,7c:26:64:69:50:04,,-68.0,2462.0,4
1789550251473702912,1789550255119646976,1789550255170504557,40,d6:31:fc:35:fc:75,iPhone17 Pro BME,-83.0,5220.0,4
1789550251473702912,1789550255119646976,1789550255170504557,40,7c:26:64:69:50:05,,-83.0,5320.0,4
1789550251473702912,1789550255119646976,1789550255170504557,40,d4:bd:4f:61:a9:70,CESI_Corp,-77.0,2447.0,29284
1789550251473702912,1789550255119646976,1789550255170504557,40,d4:bd:4f:a1:d5:91,CESI_HotSpot,-89.0,5320.0,4200
1789550251473702912,1789550255119646976,1789550255170504557,40,d4:bd:4f:a1:d5:92,CESI_Robots,-89.0,5320.0,4200
1789550251473702912,1789550255119646976,1789550255170504557,40,d4:bd:4f:a1:d5:93,CESI_Recherche,-91.0,5320.0,4200
1789550251473702912,1789550255119646976,1789550255170504557,40,d4:bd:4f:a0:5d:90,CESI_Corp,-88.0,5620.0,29284
1789550251473702912,1789550255119646976,1789550255170504557,40,d4:bd:4f:a0:5d:91,CESI_HotSpot,-88.0,5620.0,29284
1789550251473702912,1789550255119646976,1789550255170504557,40,d4:bd:4f:a0:5d:92,CESI_Robots,-87.0,5620.0,29284
1789550251473702912,1789550255119646976,1789550255170504557,40,d4:bd:4f:a1:a9:71,CESI_HotSpot,-86.0,5280.0,25084
1789550251473702912,1789550255119646976,1789550255170504557,40,d4:bd:4f:a1:a9:74,CESI_Iot,-88.0,5280.0,25084
1789550251473702912,1789550255119646976,1789550255170504557,40,a2:f1:22:b1:33:3b,The best Phone out there,-82.0,5200.0,4
1789550251473702912,1789550255119646976,1789550255170504557,40,d4:bd:4f:a1:d5:90,CESI_Corp,-88.0,5320.0,4200
1789550251473702912,1789550255119646976,1789550255170504557,40,d4:bd:4f:a1:d5:94,CESI_Iot,-85.0,5320.0,16796
1789550255673763072,1789550259222534912,1789550259268434159,41,a2:0c:c2:cf:c6:70,Galaxy S24 Ultra,-49.0,2412.0,8
1789550255673763072,1789550259222534912,1789550259268434159,41,d4:bd:4f:61:91:c0,CESI_Corp,-45.0,2417.0,8
1789550255673763072,1789550259222534912,1789550259268434159,41,d4:bd:4f:61:91:c1,CESI_HotSpot,-45.0,2417.0,8
1789550255673763072,1789550259222534912,1789550259268434159,41,d4:bd:4f:61:91:c2,CESI_Robots,-45.0,2417.0,8
1789550255673763072,1789550259222534912,1789550259268434159,41,d4:bd:4f:61:91:c3,CESI_Recherche,-46.0,2417.0,8
1789550255673763072,1789550259222534912,1789550259268434159,41,d4:bd:4f:61:91:c4,CESI_Iot,-46.0,2417.0,8
1789550255673763072,1789550259222534912,1789550259268434159,41,d4:bd:4f:61:f4:50,CESI_Corp,-38.0,2437.0,8
1789550255673763072,1789550259222534912,1789550259268434159,41,d4:bd:4f:61:f4:51,CESI_HotSpot,-39.0,2437.0,8
1789550255673763072,1789550259222534912,1789550259268434159,41,d4:bd:4f:61:f4:52,CESI_Robots,-39.0,2437.0,8
1789550255673763072,1789550259222534912,1789550259268434159,41,d4:bd:4f:61:f4:53,CESI_Recherche,-39.0,2437.0,8
1789550255673763072,1789550259222534912,1789550259268434159,41,d4:bd:4f:61:f4:54,CESI_Iot,-39.0,2437.0,8
1789550255673763072,1789550259222534912,1789550259268434159,41,d4:bd:4f:61:e5:71,CESI_HotSpot,-61.0,2472.0,8
1789550255673763072,1789550259222534912,1789550259268434159,41,d4:bd:4f:61:e5:72,CESI_Robots,-60.0,2472.0,8
1789550255673763072,1789550259222534912,1789550259268434159,41,d4:bd:4f:61:e5:73,CESI_Recherche,-61.0,2472.0,8
1789550255673763072,1789550259222534912,1789550259268434159,41,d4:bd:4f:61:e5:74,CESI_Iot,-60.0,2472.0,8
1789550255673763072,1789550259222534912,1789550259268434159,41,d4:bd:4f:61:e5:70,CESI_Corp,-61.0,2472.0,8
1789550255673763072,1789550259222534912,1789550259268434159,41,02:91:9e:71:b0:15,poppy_net,-30.0,2472.0,8
1789550255673763072,1789550259222534912,1789550259268434159,41,d4:bd:4f:a1:91:c0,CESI_Corp,-44.0,5320.0,8
1789550255673763072,1789550259222534912,1789550259268434159,41,d4:bd:4f:a1:91:c1,CESI_HotSpot,-44.0,5320.0,8
1789550255673763072,1789550259222534912,1789550259268434159,41,d4:bd:4f:a1:91:c2,CESI_Robots,-44.0,5320.0,8
1789550255673763072,1789550259222534912,1789550259268434159,41,d4:bd:4f:a1:91:c3,CESI_Recherche,-44.0,5320.0,8
1789550255673763072,1789550259222534912,1789550259268434159,41,d4:bd:4f:a1:91:c4,CESI_Iot,-44.0,5320.0,8
1789550255673763072,1789550259222534912,1789550259268434159,41,d4:bd:4f:a0:d2:d0,CESI_Corp,-74.0,5540.0,8
1789550255673763072,1789550259222534912,1789550259268434159,41,d4:bd:4f:a0:d2:d1,CESI_HotSpot,-74.0,5540.0,8
1789550255673763072,1789550259222534912,1789550259268434159,41,d4:bd:4f:a0:d2:d2,CESI_Robots,-74.0,5540.0,8
1789550255673763072,1789550259222534912,1789550259268434159,41,d4:bd:4f:a0:d2:d3,CESI_Recherche,-74.0,5540.0,8
1789550255673763072,1789550259222534912,1789550259268434159,41,d4:bd:4f:a0:d2:d4,CESI_Iot,-74.0,5540.0,8
1789550255673763072,1789550259222534912,1789550259268434159,41,d4:bd:4f:a1:f4:50,CESI_Corp,-42.0,5580.0,8
1789550255673763072,1789550259222534912,1789550259268434159,41,d4:bd:4f:a1:f4:51,CESI_HotSpot,-42.0,5580.0,8
1789550255673763072,1789550259222534912,1789550259268434159,41,d4:bd:4f:a1:f4:52,CESI_Robots,-42.0,5580.0,8
1789550255673763072,1789550259222534912,1789550259268434159,41,d4:bd:4f:a1:f4:53,CESI_Recherche,-42.0,5580.0,8
1789550255673763072,1789550259222534912,1789550259268434159,41,d4:bd:4f:a1:f4:54,CESI_Iot,-42.0,5580.0,8
1789550255673763072,1789550259222534912,1789550259268434159,41,d4:bd:4f:a1:e5:70,CESI_Corp,-59.0,5620.0,8
1789550255673763072,1789550259222534912,1789550259268434159,41,d4:bd:4f:a1:e5:71,CESI_HotSpot,-59.0,5620.0,8
1789550255673763072,1789550259222534912,1789550259268434159,41,d4:bd:4f:a1:e5:72,CESI_Robots,-59.0,5620.0,8
1789550255673763072,1789550259222534912,1789550259268434159,41,d4:bd:4f:a1:e5:73,CESI_Recherche,-58.0,5620.0,8
1789550255673763072,1789550259222534912,1789550259268434159,41,d4:bd:4f:a1:e5:74,CESI_Iot,-59.0,5620.0,8
1789550255673763072,1789550259222534912,1789550259268434159,41,78:c4:0e:d7:b1:30,RM828_WIFI,-68.0,2412.0,4104
1789550255673763072,1789550259222534912,1789550259268434159,41,f8:d0:27:79:d8:b8,EB79D8B8-@E8D0dUTYu1AOsK,-57.0,2462.0,4104
1789550255673763072,1789550259222534912,1789550259268434159,41,2c:5a:0f:e5:7f:e1,eduroam,-73.0,2412.0,8300
1789550255673763072,1789550259222534912,1789550259268434159,41,d4:bd:4f:60:d2:d3,CESI_Recherche,-73.0,2427.0,8
1789550255673763072,1789550259222534912,1789550259268434159,41,d4:bd:4f:60:d2:d4,CESI_Iot,-66.0,2427.0,12496
1789550255673763072,1789550259222534912,1789550259268434159,41,2c:5a:0f:e5:7f:e0,eduspot,-72.0,2412.0,8300
1789550255673763072,1789550259222534912,1789550259268434159,41,d4:bd:4f:60:d2:d2,CESI_Robots,-72.0,2427.0,8
1789550255673763072,1789550259222534912,1789550259268434159,41,d4:bd:4f:60:d2:d0,CESI_Corp,-72.0,2427.0,8
1789550255673763072,1789550259222534912,1789550259268434159,41,d4:bd:4f:60:d2:d1,CESI_HotSpot,-71.0,2427.0,8
1789550255673763072,1789550259222534912,1789550259268434159,41,7c:26:64:69:50:04,,-68.0,2462.0,4104
1789550255673763072,1789550259222534912,1789550259268434159,41,d6:31:fc:35:fc:75,iPhone17 Pro BME,-74.0,5220.0,8
1789550255673763072,1789550259222534912,1789550259268434159,41,7c:26:64:69:50:05,,-88.0,5320.0,8
1789550255673763072,1789550259222534912,1789550259268434159,41,d4:bd:4f:a1:d5:91,CESI_HotSpot,-89.0,5320.0,8300
1789550255673763072,1789550259222534912,1789550259268434159,41,d4:bd:4f:a1:d5:92,CESI_Robots,-89.0,5320.0,8300
1789550255673763072,1789550259222534912,1789550259268434159,41,d4:bd:4f:a1:d5:93,CESI_Recherche,-89.0,5320.0,8
1789550255673763072,1789550259222534912,1789550259268434159,41,d4:bd:4f:a1:a9:71,CESI_HotSpot,-86.0,5280.0,29184
1789550255673763072,1789550259222534912,1789550259268434159,41,d4:bd:4f:a1:a9:74,CESI_Iot,-88.0,5280.0,29184
1789550255673763072,1789550259222534912,1789550259268434159,41,a2:f1:22:b1:33:3b,The best Phone out there,-74.0,5200.0,8
1789550255673763072,1789550259222534912,1789550259268434159,41,d4:bd:4f:a1:d5:90,CESI_Corp,-88.0,5320.0,8300
1789550255673763072,1789550259222534912,1789550259268434159,41,d4:bd:4f:a1:d5:94,CESI_Iot,-90.0,5320.0,8
1789550259771929856,1789550263416996864,1789550263465679228,42,a2:0c:c2:cf:c6:70,Galaxy S24 Ultra,-55.0,2412.0,0
1789550259771929856,1789550263416996864,1789550263465679228,42,d4:bd:4f:61:91:c0,CESI_Corp,-44.0,2417.0,0
1789550259771929856,1789550263416996864,1789550263465679228,42,d4:bd:4f:61:91:c1,CESI_HotSpot,-44.0,2417.0,0
1789550259771929856,1789550263416996864,1789550263465679228,42,d4:bd:4f:61:91:c2,CESI_Robots,-44.0,2417.0,0
1789550259771929856,1789550263416996864,1789550263465679228,42,d4:bd:4f:61:91:c3,CESI_Recherche,-43.0,2417.0,0
1789550259771929856,1789550263416996864,1789550263465679228,42,d4:bd:4f:61:91:c4,CESI_Iot,-43.0,2417.0,0
1789550259771929856,1789550263416996864,1789550263465679228,42,d4:bd:4f:61:f4:50,CESI_Corp,-40.0,2437.0,0
1789550259771929856,1789550263416996864,1789550263465679228,42,d4:bd:4f:61:f4:51,CESI_HotSpot,-40.0,2437.0,0
1789550259771929856,1789550263416996864,1789550263465679228,42,d4:bd:4f:61:f4:52,CESI_Robots,-39.0,2437.0,0
1789550259771929856,1789550263416996864,1789550263465679228,42,d4:bd:4f:61:f4:53,CESI_Recherche,-40.0,2437.0,0
1789550259771929856,1789550263416996864,1789550263465679228,42,d4:bd:4f:61:f4:54,CESI_Iot,-40.0,2437.0,0
1789550259771929856,1789550263416996864,1789550263465679228,42,d4:bd:4f:61:e5:71,CESI_HotSpot,-67.0,2472.0,0
1789550259771929856,1789550263416996864,1789550263465679228,42,d4:bd:4f:61:e5:72,CESI_Robots,-68.0,2472.0,0
1789550259771929856,1789550263416996864,1789550263465679228,42,d4:bd:4f:61:e5:73,CESI_Recherche,-68.0,2472.0,0
1789550259771929856,1789550263416996864,1789550263465679228,42,d4:bd:4f:61:e5:74,CESI_Iot,-69.0,2472.0,0
1789550259771929856,1789550263416996864,1789550263465679228,42,d4:bd:4f:61:e5:70,CESI_Corp,-69.0,2472.0,0
1789550259771929856,1789550263416996864,1789550263465679228,42,02:91:9e:71:b0:15,poppy_net,-31.0,2472.0,0
1789550259771929856,1789550263416996864,1789550263465679228,42,d4:bd:4f:a1:91:c0,CESI_Corp,-44.0,5320.0,0
1789550259771929856,1789550263416996864,1789550263465679228,42,d4:bd:4f:a1:91:c1,CESI_HotSpot,-44.0,5320.0,0
1789550259771929856,1789550263416996864,1789550263465679228,42,d4:bd:4f:a1:91:c2,CESI_Robots,-44.0,5320.0,0
1789550259771929856,1789550263416996864,1789550263465679228,42,d4:bd:4f:a1:91:c3,CESI_Recherche,-44.0,5320.0,0
1789550259771929856,1789550263416996864,1789550263465679228,42,d4:bd:4f:a1:91:c4,CESI_Iot,-44.0,5320.0,0
1789550259771929856,1789550263416996864,1789550263465679228,42,d4:bd:4f:a0:d2:d0,CESI_Corp,-73.0,5540.0,0
1789550259771929856,1789550263416996864,1789550263465679228,42,d4:bd:4f:a0:d2:d1,CESI_HotSpot,-73.0,5540.0,0
1789550259771929856,1789550263416996864,1789550263465679228,42,d4:bd:4f:a0:d2:d2,CESI_Robots,-73.0,5540.0,0
1789550259771929856,1789550263416996864,1789550263465679228,42,d4:bd:4f:a0:d2:d3,CESI_Recherche,-73.0,5540.0,0
1789550259771929856,1789550263416996864,1789550263465679228,42,d4:bd:4f:a0:d2:d4,CESI_Iot,-73.0,5540.0,0
1789550259771929856,1789550263416996864,1789550263465679228,42,d4:bd:4f:a1:f4:50,CESI_Corp,-37.0,5580.0,0
1789550259771929856,1789550263416996864,1789550263465679228,42,d4:bd:4f:a1:f4:51,CESI_HotSpot,-37.0,5580.0,0
1789550259771929856,1789550263416996864,1789550263465679228,42,d4:bd:4f:a1:f4:52,CESI_Robots,-38.0,5580.0,0
1789550259771929856,1789550263416996864,1789550263465679228,42,d4:bd:4f:a1:f4:53,CESI_Recherche,-37.0,5580.0,0
1789550259771929856,1789550263416996864,1789550263465679228,42,d4:bd:4f:a1:f4:54,CESI_Iot,-38.0,5580.0,0
1789550259771929856,1789550263416996864,1789550263465679228,42,d4:bd:4f:a1:e5:70,CESI_Corp,-57.0,5620.0,0
1789550259771929856,1789550263416996864,1789550263465679228,42,d4:bd:4f:a1:e5:71,CESI_HotSpot,-57.0,5620.0,0
1789550259771929856,1789550263416996864,1789550263465679228,42,d4:bd:4f:a1:e5:72,CESI_Robots,-57.0,5620.0,0
1789550259771929856,1789550263416996864,1789550263465679228,42,d4:bd:4f:a1:e5:73,CESI_Recherche,-57.0,5620.0,0
1789550259771929856,1789550263416996864,1789550263465679228,42,d4:bd:4f:a1:e5:74,CESI_Iot,-56.0,5620.0,0
1789550259771929856,1789550263416996864,1789550263465679228,42,78:c4:0e:d7:b1:30,RM828_WIFI,-68.0,2412.0,8296
1789550259771929856,1789550263416996864,1789550263465679228,42,f8:d0:27:79:d8:b8,EB79D8B8-@E8D0dUTYu1AOsK,-61.0,2462.0,0
1789550259771929856,1789550263416996864,1789550263465679228,42,2c:5a:0f:e5:7f:e1,eduroam,-73.0,2412.0,12492
1789550259771929856,1789550263416996864,1789550263465679228,42,d4:bd:4f:60:d2:d3,CESI_Recherche,-62.0,2427.0,0
1789550259771929856,1789550263416996864,1789550263465679228,42,d4:bd:4f:60:d2:d4,CESI_Iot,-66.0,2427.0,16688
1789550259771929856,1789550263416996864,1789550263465679228,42,2c:5a:0f:e5:7f:e0,eduspot,-72.0,2412.0,12492
1789550259771929856,1789550263416996864,1789550263465679228,42,d4:bd:4f:60:d2:d2,CESI_Robots,-61.0,2427.0,0
1789550259771929856,1789550263416996864,1789550263465679228,42,d4:bd:4f:60:d2:d0,CESI_Corp,-72.0,2427.0,4200
1789550259771929856,1789550263416996864,1789550263465679228,42,d4:bd:4f:60:d2:d1,CESI_HotSpot,-71.0,2427.0,4200
1789550259771929856,1789550263416996864,1789550263465679228,42,7c:26:64:69:50:04,,-68.0,2462.0,8296
1789550259771929856,1789550263416996864,1789550263465679228,42,d6:31:fc:35:fc:75,iPhone17 Pro BME,-81.0,5220.0,0
1789550259771929856,1789550263416996864,1789550263465679228,42,7c:26:64:69:50:05,,-84.0,5320.0,0
1789550259771929856,1789550263416996864,1789550263465679228,42,d4:bd:4f:a1:d5:91,CESI_HotSpot,-89.0,5320.0,12492
1789550259771929856,1789550263416996864,1789550263465679228,42,d4:bd:4f:a1:d5:92,CESI_Robots,-85.0,5320.0,0
1789550259771929856,1789550263416996864,1789550263465679228,42,d4:bd:4f:a1:d5:93,CESI_Recherche,-84.0,5320.0,0
1789550259771929856,1789550263416996864,1789550263465679228,42,a2:f1:22:b1:33:3b,The best Phone out there,-77.0,5200.0,0
1789550259771929856,1789550263416996864,1789550263465679228,42,d4:bd:4f:a1:d5:90,CESI_Corp,-86.0,5320.0,0
1789550259771929856,1789550263416996864,1789550263465679228,42,d4:bd:4f:a1:d5:94,CESI_Iot,-85.0,5320.0,0
1789550263969348864,1789550267613099008,1789550267653639773,43,a2:0c:c2:cf:c6:70,Galaxy S24 Ultra,-46.0,2412.0,0
1789550263969348864,1789550267613099008,1789550267653639773,43,d4:bd:4f:61:91:c0,CESI_Corp,-47.0,2417.0,0
1789550263969348864,1789550267613099008,1789550267653639773,43,d4:bd:4f:61:91:c1,CESI_HotSpot,-49.0,2417.0,0
1789550263969348864,1789550267613099008,1789550267653639773,43,d4:bd:4f:61:91:c2,CESI_Robots,-49.0,2417.0,0
1789550263969348864,1789550267613099008,1789550267653639773,43,d4:bd:4f:61:91:c3,CESI_Recherche,-50.0,2417.0,0
1789550263969348864,1789550267613099008,1789550267653639773,43,d4:bd:4f:61:91:c4,CESI_Iot,-47.0,2417.0,0
1789550263969348864,1789550267613099008,1789550267653639773,43,d4:bd:4f:61:f4:50,CESI_Corp,-41.0,2437.0,0
1789550263969348864,1789550267613099008,1789550267653639773,43,d4:bd:4f:61:f4:51,CESI_HotSpot,-42.0,2437.0,0
1789550263969348864,1789550267613099008,1789550267653639773,43,d4:bd:4f:61:f4:52,CESI_Robots,-42.0,2437.0,0
1789550263969348864,1789550267613099008,1789550267653639773,43,d4:bd:4f:61:f4:53,CESI_Recherche,-42.0,2437.0,0
1789550263969348864,1789550267613099008,1789550267653639773,43,d4:bd:4f:61:f4:54,CESI_Iot,-42.0,2437.0,0
1789550263969348864,1789550267613099008,1789550267653639773,43,d4:bd:4f:61:e5:71,CESI_HotSpot,-59.0,2472.0,0
1789550263969348864,1789550267613099008,1789550267653639773,43,d4:bd:4f:61:e5:72,CESI_Robots,-69.0,2472.0,0
1789550263969348864,1789550267613099008,1789550267653639773,43,d4:bd:4f:61:e5:73,CESI_Recherche,-67.0,2472.0,0
1789550263969348864,1789550267613099008,1789550267653639773,43,d4:bd:4f:61:e5:74,CESI_Iot,-69.0,2472.0,0
1789550263969348864,1789550267613099008,1789550267653639773,43,d4:bd:4f:61:e5:70,CESI_Corp,-67.0,2472.0,0
1789550263969348864,1789550267613099008,1789550267653639773,43,02:91:9e:71:b0:15,poppy_net,-33.0,2472.0,0
1789550263969348864,1789550267613099008,1789550267653639773,43,d4:bd:4f:a1:91:c0,CESI_Corp,-47.0,5320.0,0
1789550263969348864,1789550267613099008,1789550267653639773,43,d4:bd:4f:a1:91:c1,CESI_HotSpot,-47.0,5320.0,0
1789550263969348864,1789550267613099008,1789550267653639773,43,d4:bd:4f:a1:91:c2,CESI_Robots,-48.0,5320.0,0
1789550263969348864,1789550267613099008,1789550267653639773,43,d4:bd:4f:a1:91:c3,CESI_Recherche,-48.0,5320.0,0
1789550263969348864,1789550267613099008,1789550267653639773,43,d4:bd:4f:a1:91:c4,CESI_Iot,-48.0,5320.0,0
1789550263969348864,1789550267613099008,1789550267653639773,43,d4:bd:4f:a0:d2:d0,CESI_Corp,-71.0,5540.0,0
1789550263969348864,1789550267613099008,1789550267653639773,43,d4:bd:4f:a0:d2:d1,CESI_HotSpot,-71.0,5540.0,0
1789550263969348864,1789550267613099008,1789550267653639773,43,d4:bd:4f:a0:d2:d2,CESI_Robots,-71.0,5540.0,0
1789550263969348864,1789550267613099008,1789550267653639773,43,d4:bd:4f:a0:d2:d3,CESI_Recherche,-71.0,5540.0,0
1789550263969348864,1789550267613099008,1789550267653639773,43,d4:bd:4f:a0:d2:d4,CESI_Iot,-71.0,5540.0,0
1789550263969348864,1789550267613099008,1789550267653639773,43,d4:bd:4f:a1:f4:50,CESI_Corp,-35.0,5580.0,0
1789550263969348864,1789550267613099008,1789550267653639773,43,d4:bd:4f:a1:f4:51,CESI_HotSpot,-35.0,5580.0,0
1789550263969348864,1789550267613099008,1789550267653639773,43,d4:bd:4f:a1:f4:52,CESI_Robots,-35.0,5580.0,0
1789550263969348864,1789550267613099008,1789550267653639773,43,d4:bd:4f:a1:f4:53,CESI_Recherche,-35.0,5580.0,0
1789550263969348864,1789550267613099008,1789550267653639773,43,d4:bd:4f:a1:f4:54,CESI_Iot,-35.0,5580.0,0
1789550263969348864,1789550267613099008,1789550267653639773,43,d4:bd:4f:a1:e5:70,CESI_Corp,-58.0,5620.0,0
1789550263969348864,1789550267613099008,1789550267653639773,43,d4:bd:4f:a1:e5:71,CESI_HotSpot,-58.0,5620.0,0
1789550263969348864,1789550267613099008,1789550267653639773,43,d4:bd:4f:a1:e5:72,CESI_Robots,-58.0,5620.0,0
1789550263969348864,1789550267613099008,1789550267653639773,43,d4:bd:4f:a1:e5:73,CESI_Recherche,-57.0,5620.0,0
1789550263969348864,1789550267613099008,1789550267653639773,43,d4:bd:4f:a1:e5:74,CESI_Iot,-57.0,5620.0,0
1789550263969348864,1789550267613099008,1789550267653639773,43,78:c4:0e:d7:b1:30,RM828_WIFI,-70.0,2412.0,0
1789550263969348864,1789550267613099008,1789550267653639773,43,f8:d0:27:79:d8:b8,EB79D8B8-@E8D0dUTYu1AOsK,-61.0,2462.0,0
1789550263969348864,1789550267613099008,1789550267653639773,43,2c:5a:0f:e5:7f:e1,eduroam,-73.0,2412.0,16692
1789550263969348864,1789550267613099008,1789550267653639773,43,d4:bd:4f:60:d2:d3,CESI_Recherche,-59.0,2427.0,0
1789550263969348864,1789550267613099008,1789550267653639773,43,d4:bd:4f:60:d2:d4,CESI_Iot,-60.0,2427.0,0
1789550263969348864,1789550267613099008,1789550267653639773,43,2c:5a:0f:e5:7f:e0,eduspot,-72.0,2412.0,16692
1789550263969348864,1789550267613099008,1789550267653639773,43,d4:bd:4f:60:d2:d2,CESI_Robots,-61.0,2427.0,4200
1789550263969348864,1789550267613099008,1789550267653639773,43,d4:bd:4f:60:d2:d0,CESI_Corp,-60.0,2427.0,0
1789550263969348864,1789550267613099008,1789550267653639773,43,d4:bd:4f:60:d2:d1,CESI_HotSpot,-60.0,2427.0,0
1789550263969348864,1789550267613099008,1789550267653639773,43,7c:26:64:69:50:04,,-68.0,2462.0,12496
1789550263969348864,1789550267613099008,1789550267653639773,43,d6:31:fc:35:fc:75,iPhone17 Pro BME,-77.0,5220.0,0
1789550263969348864,1789550267613099008,1789550267653639773,43,7c:26:64:69:50:05,,-84.0,5320.0,4200
1789550263969348864,1789550267613099008,1789550267653639773,43,d4:bd:4f:a1:d5:91,CESI_HotSpot,-88.0,5320.0,0
1789550263969348864,1789550267613099008,1789550267653639773,43,d4:bd:4f:a1:d5:92,CESI_Robots,-86.0,5320.0,0
1789550263969348864,1789550267613099008,1789550267653639773,43,d4:bd:4f:a1:d5:93,CESI_Recherche,-87.0,5320.0,0
1789550263969348864,1789550267613099008,1789550267653639773,43,a2:f1:22:b1:33:3b,The best Phone out there,-75.0,5200.0,0
1789550263969348864,1789550267613099008,1789550267653639773,43,d4:bd:4f:a1:d5:90,CESI_Corp,-86.0,5320.0,0
1789550263969348864,1789550267613099008,1789550267653639773,43,d4:bd:4f:a1:d5:94,CESI_Iot,-86.0,5320.0,0
1789550268160378880,1789550271808634880,1789550271846844721,44,a2:0c:c2:cf:c6:70,Galaxy S24 Ultra,-48.0,2412.0,4
1789550268160378880,1789550271808634880,1789550271846844721,44,d4:bd:4f:61:91:c0,CESI_Corp,-45.0,2417.0,0
1789550268160378880,1789550271808634880,1789550271846844721,44,d4:bd:4f:61:91:c1,CESI_HotSpot,-46.0,2417.0,0
1789550268160378880,1789550271808634880,1789550271846844721,44,d4:bd:4f:61:91:c2,CESI_Robots,-45.0,2417.0,4
1789550268160378880,1789550271808634880,1789550271846844721,44,d4:bd:4f:61:91:c3,CESI_Recherche,-47.0,2417.0,0
1789550268160378880,1789550271808634880,1789550271846844721,44,d4:bd:4f:61:91:c4,CESI_Iot,-47.0,2417.0,0
1789550268160378880,1789550271808634880,1789550271846844721,44,d4:bd:4f:61:f4:50,CESI_Corp,-30.0,2437.0,0
1789550268160378880,1789550271808634880,1789550271846844721,44,d4:bd:4f:61:f4:51,CESI_HotSpot,-30.0,2437.0,0
1789550268160378880,1789550271808634880,1789550271846844721,44,d4:bd:4f:61:f4:52,CESI_Robots,-30.0,2437.0,0
1789550268160378880,1789550271808634880,1789550271846844721,44,d4:bd:4f:61:f4:53,CESI_Recherche,-32.0,2437.0,0
1789550268160378880,1789550271808634880,1789550271846844721,44,d4:bd:4f:61:f4:54,CESI_Iot,-32.0,2437.0,0
1789550268160378880,1789550271808634880,1789550271846844721,44,d4:bd:4f:61:e5:71,CESI_HotSpot,-65.0,2472.0,0
1789550268160378880,1789550271808634880,1789550271846844721,44,d4:bd:4f:61:e5:72,CESI_Robots,-64.0,2472.0,0
1789550268160378880,1789550271808634880,1789550271846844721,44,d4:bd:4f:61:e5:73,CESI_Recherche,-63.0,2472.0,0
1789550268160378880,1789550271808634880,1789550271846844721,44,d4:bd:4f:61:e5:74,CESI_Iot,-64.0,2472.0,0
1789550268160378880,1789550271808634880,1789550271846844721,44,d4:bd:4f:61:e5:70,CESI_Corp,-64.0,2472.0,0
1789550268160378880,1789550271808634880,1789550271846844721,44,02:91:9e:71:b0:15,poppy_net,-35.0,2472.0,0
1789550268160378880,1789550271808634880,1789550271846844721,44,d4:bd:4f:a1:91:c0,CESI_Corp,-50.0,5320.0,0
1789550268160378880,1789550271808634880,1789550271846844721,44,d4:bd:4f:a1:91:c1,CESI_HotSpot,-50.0,5320.0,0
1789550268160378880,1789550271808634880,1789550271846844721,44,d4:bd:4f:a1:91:c2,CESI_Robots,-50.0,5320.0,0
1789550268160378880,1789550271808634880,1789550271846844721,44,d4:bd:4f:a1:91:c3,CESI_Recherche,-50.0,5320.0,0
1789550268160378880,1789550271808634880,1789550271846844721,44,d4:bd:4f:a1:91:c4,CESI_Iot,-51.0,5320.0,0
1789550268160378880,1789550271808634880,1789550271846844721,44,d4:bd:4f:a0:d2:d0,CESI_Corp,-70.0,5540.0,0
1789550268160378880,1789550271808634880,1789550271846844721,44,d4:bd:4f:a0:d2:d1,CESI_HotSpot,-70.0,5540.0,0
1789550268160378880,1789550271808634880,1789550271846844721,44,d4:bd:4f:a0:d2:d2,CESI_Robots,-70.0,5540.0,0
1789550268160378880,1789550271808634880,1789550271846844721,44,d4:bd:4f:a0:d2:d3,CESI_Recherche,-70.0,5540.0,0
1789550268160378880,1789550271808634880,1789550271846844721,44,d4:bd:4f:a0:d2:d4,CESI_Iot,-70.0,5540.0,0
1789550268160378880,1789550271808634880,1789550271846844721,44,d4:bd:4f:a1:f4:50,CESI_Corp,-34.0,5580.0,0
1789550268160378880,1789550271808634880,1789550271846844721,44,d4:bd:4f:a1:f4:51,CESI_HotSpot,-34.0,5580.0,0
1789550268160378880,1789550271808634880,1789550271846844721,44,d4:bd:4f:a1:f4:52,CESI_Robots,-34.0,5580.0,0
1789550268160378880,1789550271808634880,1789550271846844721,44,d4:bd:4f:a1:f4:53,CESI_Recherche,-34.0,5580.0,0
1789550268160378880,1789550271808634880,1789550271846844721,44,d4:bd:4f:a1:f4:54,CESI_Iot,-34.0,5580.0,0
1789550268160378880,1789550271808634880,1789550271846844721,44,d4:bd:4f:a1:e5:70,CESI_Corp,-63.0,5620.0,0
1789550268160378880,1789550271808634880,1789550271846844721,44,d4:bd:4f:a1:e5:71,CESI_HotSpot,-63.0,5620.0,0
1789550268160378880,1789550271808634880,1789550271846844721,44,d4:bd:4f:a1:e5:72,CESI_Robots,-63.0,5620.0,0
1789550268160378880,1789550271808634880,1789550271846844721,44,d4:bd:4f:a1:e5:73,CESI_Recherche,-62.0,5620.0,0
1789550268160378880,1789550271808634880,1789550271846844721,44,d4:bd:4f:a1:e5:74,CESI_Iot,-63.0,5620.0,0
1789550268160378880,1789550271808634880,1789550271846844721,44,78:c4:0e:d7:b1:30,RM828_WIFI,-70.0,2412.0,4196
1789550268160378880,1789550271808634880,1789550271846844721,44,f8:d0:27:79:d8:b8,EB79D8B8-@E8D0dUTYu1AOsK,-56.0,2462.0,0
1789550268160378880,1789550271808634880,1789550271846844721,44,2c:5a:0f:e5:7f:e1,eduroam,-73.0,2412.0,20888
1789550268160378880,1789550271808634880,1789550271846844721,44,d4:bd:4f:60:d2:d3,CESI_Recherche,-56.0,2427.0,0
1789550268160378880,1789550271808634880,1789550271846844721,44,d4:bd:4f:60:d2:d4,CESI_Iot,-62.0,2427.0,0
1789550268160378880,1789550271808634880,1789550271846844721,44,2c:5a:0f:e5:7f:e0,eduspot,-72.0,2412.0,20888
1789550268160378880,1789550271808634880,1789550271846844721,44,d4:bd:4f:60:d2:d2,CESI_Robots,-61.0,2427.0,8396
1789550268160378880,1789550271808634880,1789550271846844721,44,d4:bd:4f:60:d2:d0,CESI_Corp,-56.0,2427.0,0
1789550268160378880,1789550271808634880,1789550271846844721,44,d4:bd:4f:60:d2:d1,CESI_HotSpot,-56.0,2427.0,0
1789550268160378880,1789550271808634880,1789550271846844721,44,7c:26:64:69:50:04,,-65.0,2462.0,0
1789550268160378880,1789550271808634880,1789550271846844721,44,d6:31:fc:35:fc:75,iPhone17 Pro BME,-77.0,5220.0,4196
1789550268160378880,1789550271808634880,1789550271846844721,44,7c:26:64:69:50:05,,-77.0,5320.0,0
1789550268160378880,1789550271808634880,1789550271846844721,44,d4:bd:4f:a1:d5:91,CESI_HotSpot,-88.0,5320.0,4196
1789550268160378880,1789550271808634880,1789550271846844721,44,d4:bd:4f:a1:d5:92,CESI_Robots,-86.0,5320.0,4196
1789550268160378880,1789550271808634880,1789550271846844721,44,d4:bd:4f:a1:d5:93,CESI_Recherche,-87.0,5320.0,4196
1789550268160378880,1789550271808634880,1789550271846844721,44,a2:f1:22:b1:33:3b,The best Phone out there,-72.0,5200.0,0
1789550268160378880,1789550271808634880,1789550271846844721,44,d4:bd:4f:a1:d5:90,CESI_Corp,-86.0,5320.0,4196
1789550268160378880,1789550271808634880,1789550271846844721,44,d4:bd:4f:a1:d5:94,CESI_Iot,-86.0,5320.0,4196
1789550272352930048,1789550276006392832,1789550276046876920,45,a2:0c:c2:cf:c6:70,Galaxy S24 Ultra,-46.0,2412.0,4
1789550272352930048,1789550276006392832,1789550276046876920,45,d4:bd:4f:61:91:c0,CESI_Corp,-52.0,2417.0,4
1789550272352930048,1789550276006392832,1789550276046876920,45,d4:bd:4f:61:91:c1,CESI_HotSpot,-53.0,2417.0,4
1789550272352930048,1789550276006392832,1789550276046876920,45,d4:bd:4f:61:91:c2,CESI_Robots,-53.0,2417.0,4
1789550272352930048,1789550276006392832,1789550276046876920,45,d4:bd:4f:61:91:c3,CESI_Recherche,-52.0,2417.0,4
1789550272352930048,1789550276006392832,1789550276046876920,45,d4:bd:4f:61:91:c4,CESI_Iot,-54.0,2417.0,4
1789550272352930048,1789550276006392832,1789550276046876920,45,d4:bd:4f:61:f4:50,CESI_Corp,-31.0,2437.0,4
1789550272352930048,1789550276006392832,1789550276046876920,45,d4:bd:4f:61:f4:51,CESI_HotSpot,-31.0,2437.0,4
1789550272352930048,1789550276006392832,1789550276046876920,45,d4:bd:4f:61:f4:52,CESI_Robots,-33.0,2437.0,4
1789550272352930048,1789550276006392832,1789550276046876920,45,d4:bd:4f:61:f4:53,CESI_Recherche,-32.0,2437.0,4
1789550272352930048,1789550276006392832,1789550276046876920,45,d4:bd:4f:61:f4:54,CESI_Iot,-33.0,2437.0,4
1789550272352930048,1789550276006392832,1789550276046876920,45,d4:bd:4f:61:e5:71,CESI_HotSpot,-65.0,2472.0,4
1789550272352930048,1789550276006392832,1789550276046876920,45,d4:bd:4f:61:e5:72,CESI_Robots,-66.0,2472.0,4
1789550272352930048,1789550276006392832,1789550276046876920,45,d4:bd:4f:61:e5:73,CESI_Recherche,-64.0,2472.0,4
1789550272352930048,1789550276006392832,1789550276046876920,45,d4:bd:4f:61:e5:74,CESI_Iot,-66.0,2472.0,4
1789550272352930048,1789550276006392832,1789550276046876920,45,d4:bd:4f:61:e5:70,CESI_Corp,-64.0,2472.0,4
1789550272352930048,1789550276006392832,1789550276046876920,45,02:91:9e:71:b0:15,poppy_net,-30.0,2472.0,4
1789550272352930048,1789550276006392832,1789550276046876920,45,d4:bd:4f:a1:91:c0,CESI_Corp,-49.0,5320.0,4
1789550272352930048,1789550276006392832,1789550276046876920,45,d4:bd:4f:a1:91:c1,CESI_HotSpot,-49.0,5320.0,4
1789550272352930048,1789550276006392832,1789550276046876920,45,d4:bd:4f:a1:91:c2,CESI_Robots,-49.0,5320.0,4
1789550272352930048,1789550276006392832,1789550276046876920,45,d4:bd:4f:a1:91:c3,CESI_Recherche,-49.0,5320.0,4
1789550272352930048,1789550276006392832,1789550276046876920,45,d4:bd:4f:a1:91:c4,CESI_Iot,-49.0,5320.0,4
1789550272352930048,1789550276006392832,1789550276046876920,45,d4:bd:4f:a0:d2:d0,CESI_Corp,-69.0,5540.0,4
1789550272352930048,1789550276006392832,1789550276046876920,45,d4:bd:4f:a0:d2:d1,CESI_HotSpot,-69.0,5540.0,4
1789550272352930048,1789550276006392832,1789550276046876920,45,d4:bd:4f:a0:d2:d2,CESI_Robots,-69.0,5540.0,4
1789550272352930048,1789550276006392832,1789550276046876920,45,d4:bd:4f:a0:d2:d3,CESI_Recherche,-68.0,5540.0,4
1789550272352930048,1789550276006392832,1789550276046876920,45,d4:bd:4f:a0:d2:d4,CESI_Iot,-69.0,5540.0,4
1789550272352930048,1789550276006392832,1789550276046876920,45,d4:bd:4f:a1:f4:50,CESI_Corp,-37.0,5580.0,4
1789550272352930048,1789550276006392832,1789550276046876920,45,d4:bd:4f:a1:f4:51,CESI_HotSpot,-37.0,5580.0,4
1789550272352930048,1789550276006392832,1789550276046876920,45,d4:bd:4f:a1:f4:52,CESI_Robots,-38.0,5580.0,4
1789550272352930048,1789550276006392832,1789550276046876920,45,d4:bd:4f:a1:f4:53,CESI_Recherche,-37.0,5580.0,4
1789550272352930048,1789550276006392832,1789550276046876920,45,d4:bd:4f:a1:f4:54,CESI_Iot,-37.0,5580.0,4
1789550272352930048,1789550276006392832,1789550276046876920,45,d4:bd:4f:a1:e5:70,CESI_Corp,-65.0,5620.0,4
1789550272352930048,1789550276006392832,1789550276046876920,45,d4:bd:4f:a1:e5:71,CESI_HotSpot,-65.0,5620.0,4
1789550272352930048,1789550276006392832,1789550276046876920,45,d4:bd:4f:a1:e5:72,CESI_Robots,-65.0,5620.0,4
1789550272352930048,1789550276006392832,1789550276046876920,45,d4:bd:4f:a1:e5:73,CESI_Recherche,-64.0,5620.0,4
1789550272352930048,1789550276006392832,1789550276046876920,45,d4:bd:4f:a1:e5:74,CESI_Iot,-64.0,5620.0,4
1789550272352930048,1789550276006392832,1789550276046876920,45,78:c4:0e:d7:b1:30,RM828_WIFI,-70.0,2412.0,8392
1789550272352930048,1789550276006392832,1789550276046876920,45,f8:d0:27:79:d8:b8,EB79D8B8-@E8D0dUTYu1AOsK,-57.0,2462.0,4
1789550272352930048,1789550276006392832,1789550276046876920,45,2c:5a:0f:e5:7f:e1,eduroam,-73.0,2412.0,25084
1789550272352930048,1789550276006392832,1789550276046876920,45,d4:bd:4f:60:d2:d3,CESI_Recherche,-64.0,2427.0,4
1789550272352930048,1789550276006392832,1789550276046876920,45,d4:bd:4f:60:d2:d4,CESI_Iot,-62.0,2427.0,4196
1789550272352930048,1789550276006392832,1789550276046876920,45,2c:5a:0f:e5:7f:e0,eduspot,-72.0,2412.0,25084
1789550272352930048,1789550276006392832,1789550276046876920,45,d4:bd:4f:60:d2:d2,CESI_Robots,-61.0,2427.0,12592
1789550272352930048,1789550276006392832,1789550276046876920,45,d4:bd:4f:60:d2:d0,CESI_Corp,-65.0,2427.0,4
1789550272352930048,1789550276006392832,1789550276046876920,45,d4:bd:4f:60:d2:d1,CESI_HotSpot,-56.0,2427.0,4196
1789550272352930048,1789550276006392832,1789550276046876920,45,7c:26:64:69:50:04,,-65.0,2462.0,4196
1789550272352930048,1789550276006392832,1789550276046876920,45,d6:31:fc:35:fc:75,iPhone17 Pro BME,-72.0,5220.0,4
1789550272352930048,1789550276006392832,1789550276046876920,45,7c:26:64:69:50:05,,-77.0,5320.0,4196
1789550272352930048,1789550276006392832,1789550276046876920,45,d4:bd:4f:a1:d5:91,CESI_HotSpot,-88.0,5320.0,8392
1789550272352930048,1789550276006392832,1789550276046876920,45,d4:bd:4f:a1:d5:92,CESI_Robots,-86.0,5320.0,8392
1789550272352930048,1789550276006392832,1789550276046876920,45,d4:bd:4f:a1:d5:93,CESI_Recherche,-87.0,5320.0,8392
1789550272352930048,1789550276006392832,1789550276046876920,45,a2:f1:22:b1:33:3b,The best Phone out there,-70.0,5200.0,4
1789550272352930048,1789550276006392832,1789550276046876920,45,d4:bd:4f:a1:d5:90,CESI_Corp,-86.0,5320.0,8392
1789550272352930048,1789550276006392832,1789550276046876920,45,d4:bd:4f:a1:d5:94,CESI_Iot,-86.0,5320.0,8392
1789550276549554944,1789550280215069952,1789550280255333212,46,a2:0c:c2:cf:c6:70,Galaxy S24 Ultra,-46.0,2412.0,0
1789550276549554944,1789550280215069952,1789550280255333212,46,d4:bd:4f:61:91:c0,CESI_Corp,-51.0,2417.0,0
1789550276549554944,1789550280215069952,1789550280255333212,46,d4:bd:4f:61:91:c1,CESI_HotSpot,-54.0,2417.0,0
1789550276549554944,1789550280215069952,1789550280255333212,46,d4:bd:4f:61:91:c2,CESI_Robots,-53.0,2417.0,0
1789550276549554944,1789550280215069952,1789550280255333212,46,d4:bd:4f:61:91:c3,CESI_Recherche,-54.0,2417.0,0
1789550276549554944,1789550280215069952,1789550280255333212,46,d4:bd:4f:61:91:c4,CESI_Iot,-53.0,2417.0,0
1789550276549554944,1789550280215069952,1789550280255333212,46,d4:bd:4f:61:f4:50,CESI_Corp,-41.0,2437.0,0
1789550276549554944,1789550280215069952,1789550280255333212,46,d4:bd:4f:61:f4:51,CESI_HotSpot,-41.0,2437.0,0
1789550276549554944,1789550280215069952,1789550280255333212,46,d4:bd:4f:61:f4:52,CESI_Robots,-33.0,2437.0,4208
1789550276549554944,1789550280215069952,1789550280255333212,46,d4:bd:4f:61:f4:53,CESI_Recherche,-32.0,2437.0,4208
1789550276549554944,1789550280215069952,1789550280255333212,46,d4:bd:4f:61:f4:54,CESI_Iot,-33.0,2437.0,4208
1789550276549554944,1789550280215069952,1789550280255333212,46,d4:bd:4f:61:e5:71,CESI_HotSpot,-66.0,2472.0,0
1789550276549554944,1789550280215069952,1789550280255333212,46,d4:bd:4f:61:e5:72,CESI_Robots,-65.0,2472.0,0
1789550276549554944,1789550280215069952,1789550280255333212,46,d4:bd:4f:61:e5:73,CESI_Recherche,-62.0,2472.0,0
1789550276549554944,1789550280215069952,1789550280255333212,46,d4:bd:4f:61:e5:74,CESI_Iot,-65.0,2472.0,0
1789550276549554944,1789550280215069952,1789550280255333212,46,d4:bd:4f:61:e5:70,CESI_Corp,-65.0,2472.0,0
1789550276549554944,1789550280215069952,1789550280255333212,46,02:91:9e:71:b0:15,poppy_net,-30.0,2472.0,0
1789550276549554944,1789550280215069952,1789550280255333212,46,d4:bd:4f:a1:91:c0,CESI_Corp,-53.0,5320.0,0
1789550276549554944,1789550280215069952,1789550280255333212,46,d4:bd:4f:a1:91:c1,CESI_HotSpot,-53.0,5320.0,0
1789550276549554944,1789550280215069952,1789550280255333212,46,d4:bd:4f:a1:91:c2,CESI_Robots,-53.0,5320.0,0
1789550276549554944,1789550280215069952,1789550280255333212,46,d4:bd:4f:a1:91:c3,CESI_Recherche,-53.0,5320.0,0
1789550276549554944,1789550280215069952,1789550280255333212,46,d4:bd:4f:a1:91:c4,CESI_Iot,-53.0,5320.0,0
1789550276549554944,1789550280215069952,1789550280255333212,46,d4:bd:4f:a0:d2:d0,CESI_Corp,-65.0,5540.0,0
1789550276549554944,1789550280215069952,1789550280255333212,46,d4:bd:4f:a0:d2:d1,CESI_HotSpot,-65.0,5540.0,0
1789550276549554944,1789550280215069952,1789550280255333212,46,d4:bd:4f:a0:d2:d2,CESI_Robots,-65.0,5540.0,0
1789550276549554944,1789550280215069952,1789550280255333212,46,d4:bd:4f:a0:d2:d3,CESI_Recherche,-65.0,5540.0,0
1789550276549554944,1789550280215069952,1789550280255333212,46,d4:bd:4f:a0:d2:d4,CESI_Iot,-65.0,5540.0,0
1789550276549554944,1789550280215069952,1789550280255333212,46,d4:bd:4f:a1:f4:50,CESI_Corp,-35.0,5580.0,0
1789550276549554944,1789550280215069952,1789550280255333212,46,d4:bd:4f:a1:f4:51,CESI_HotSpot,-35.0,5580.0,0
1789550276549554944,1789550280215069952,1789550280255333212,46,d4:bd:4f:a1:f4:52,CESI_Robots,-35.0,5580.0,0
1789550276549554944,1789550280215069952,1789550280255333212,46,d4:bd:4f:a1:f4:53,CESI_Recherche,-35.0,5580.0,0
1789550276549554944,1789550280215069952,1789550280255333212,46,d4:bd:4f:a1:f4:54,CESI_Iot,-35.0,5580.0,0
1789550276549554944,1789550280215069952,1789550280255333212,46,d4:bd:4f:a1:e5:70,CESI_Corp,-69.0,5620.0,0
1789550276549554944,1789550280215069952,1789550280255333212,46,d4:bd:4f:a1:e5:71,CESI_HotSpot,-69.0,5620.0,0
1789550276549554944,1789550280215069952,1789550280255333212,46,d4:bd:4f:a1:e5:72,CESI_Robots,-69.0,5620.0,0
1789550276549554944,1789550280215069952,1789550280255333212,46,d4:bd:4f:a1:e5:73,CESI_Recherche,-68.0,5620.0,0
1789550276549554944,1789550280215069952,1789550280255333212,46,d4:bd:4f:a1:e5:74,CESI_Iot,-68.0,5620.0,0
1789550276549554944,1789550280215069952,1789550280255333212,46,78:c4:0e:d7:b1:30,RM828_WIFI,-67.0,2412.0,0
1789550276549554944,1789550280215069952,1789550280255333212,46,f8:d0:27:79:d8:b8,EB79D8B8-@E8D0dUTYu1AOsK,-54.0,2462.0,0
1789550276549554944,1789550280215069952,1789550280255333212,46,2c:5a:0f:e5:7f:e1,eduroam,-73.0,2412.0,29288
1789550276549554944,1789550280215069952,1789550280255333212,46,d4:bd:4f:60:d2:d3,CESI_Recherche,-70.0,2427.0,0
1789550276549554944,1789550280215069952,1789550280255333212,46,d4:bd:4f:60:d2:d4,CESI_Iot,-62.0,2427.0,8400
1789550276549554944,1789550280215069952,1789550280255333212,46,2c:5a:0f:e5:7f:e0,eduspot,-72.0,2412.0,29288
1789550276549554944,1789550280215069952,1789550280255333212,46,d4:bd:4f:60:d2:d2,CESI_Robots,-71.0,2427.0,0
1789550276549554944,1789550280215069952,1789550280255333212,46,d4:bd:4f:60:d2:d0,CESI_Corp,-71.0,2427.0,0
1789550276549554944,1789550280215069952,1789550280255333212,46,d4:bd:4f:60:d2:d1,CESI_HotSpot,-71.0,2427.0,0
1789550276549554944,1789550280215069952,1789550280255333212,46,7c:26:64:69:50:04,,-65.0,2462.0,8400
1789550276549554944,1789550280215069952,1789550280255333212,46,d6:31:fc:35:fc:75,iPhone17 Pro BME,-75.0,5220.0,0
1789550276549554944,1789550280215069952,1789550280255333212,46,7c:26:64:69:50:05,,-77.0,5320.0,8400
1789550276549554944,1789550280215069952,1789550280255333212,46,d4:bd:4f:a1:d5:91,CESI_HotSpot,-88.0,5320.0,12596
1789550276549554944,1789550280215069952,1789550280255333212,46,d4:bd:4f:a1:d5:92,CESI_Robots,-86.0,5320.0,12596
1789550276549554944,1789550280215069952,1789550280255333212,46,d4:bd:4f:a1:d5:93,CESI_Recherche,-87.0,5320.0,12596
1789550276549554944,1789550280215069952,1789550280255333212,46,a2:f1:22:b1:33:3b,The best Phone out there,-72.0,5200.0,0
1789550276549554944,1789550280215069952,1789550280255333212,46,d4:bd:4f:a1:d5:90,CESI_Corp,-86.0,5320.0,12596
1789550276549554944,1789550280215069952,1789550280255333212,46,d4:bd:4f:a1:d5:94,CESI_Iot,-86.0,5320.0,12596
1789550280757900032,1789550284298593024,1789550284335256304,47,a2:0c:c2:cf:c6:70,Galaxy S24 Ultra,-46.0,2412.0,0
1789550280757900032,1789550284298593024,1789550284335256304,47,d4:bd:4f:61:91:c0,CESI_Corp,-48.0,2417.0,0
1789550280757900032,1789550284298593024,1789550284335256304,47,d4:bd:4f:61:91:c1,CESI_HotSpot,-53.0,2417.0,0
1789550280757900032,1789550284298593024,1789550284335256304,47,d4:bd:4f:61:91:c2,CESI_Robots,-54.0,2417.0,0
1789550280757900032,1789550284298593024,1789550284335256304,47,d4:bd:4f:61:91:c3,CESI_Recherche,-48.0,2417.0,0
1789550280757900032,1789550284298593024,1789550284335256304,47,d4:bd:4f:61:91:c4,CESI_Iot,-48.0,2417.0,0
1789550280757900032,1789550284298593024,1789550284335256304,47,d4:bd:4f:61:f4:50,CESI_Corp,-42.0,2437.0,0
1789550280757900032,1789550284298593024,1789550284335256304,47,d4:bd:4f:61:f4:51,CESI_HotSpot,-42.0,2437.0,0
1789550280757900032,1789550284298593024,1789550284335256304,47,d4:bd:4f:61:f4:52,CESI_Robots,-42.0,2437.0,0
1789550280757900032,1789550284298593024,1789550284335256304,47,d4:bd:4f:61:f4:53,CESI_Recherche,-42.0,2437.0,0
1789550280757900032,1789550284298593024,1789550284335256304,47,d4:bd:4f:61:f4:54,CESI_Iot,-42.0,2437.0,0
1789550280757900032,1789550284298593024,1789550284335256304,47,d4:bd:4f:61:e5:71,CESI_HotSpot,-64.0,2472.0,0
1789550280757900032,1789550284298593024,1789550284335256304,47,d4:bd:4f:61:e5:72,CESI_Robots,-64.0,2472.0,0
1789550280757900032,1789550284298593024,1789550284335256304,47,d4:bd:4f:61:e5:73,CESI_Recherche,-56.0,2472.0,0
1789550280757900032,1789550284298593024,1789550284335256304,47,d4:bd:4f:61:e5:74,CESI_Iot,-64.0,2472.0,0
1789550280757900032,1789550284298593024,1789550284335256304,47,d4:bd:4f:61:e5:70,CESI_Corp,-57.0,2472.0,0
1789550280757900032,1789550284298593024,1789550284335256304,47,02:91:9e:71:b0:15,poppy_net,-30.0,2472.0,0
1789550280757900032,1789550284298593024,1789550284335256304,47,d4:bd:4f:a1:91:c0,CESI_Corp,-55.0,5320.0,0
1789550280757900032,1789550284298593024,1789550284335256304,47,d4:bd:4f:a1:91:c1,CESI_HotSpot,-55.0,5320.0,0
1789550280757900032,1789550284298593024,1789550284335256304,47,d4:bd:4f:a1:91:c2,CESI_Robots,-55.0,5320.0,0
1789550280757900032,1789550284298593024,1789550284335256304,47,d4:bd:4f:a1:91:c3,CESI_Recherche,-55.0,5320.0,0
1789550280757900032,1789550284298593024,1789550284335256304,47,d4:bd:4f:a1:91:c4,CESI_Iot,-55.0,5320.0,0
1789550280757900032,1789550284298593024,1789550284335256304,47,d4:bd:4f:a0:d2:d0,CESI_Corp,-69.0,5540.0,0
1789550280757900032,1789550284298593024,1789550284335256304,47,d4:bd:4f:a0:d2:d1,CESI_HotSpot,-69.0,5540.0,0
1789550280757900032,1789550284298593024,1789550284335256304,47,d4:bd:4f:a0:d2:d2,CESI_Robots,-69.0,5540.0,0
1789550280757900032,1789550284298593024,1789550284335256304,47,d4:bd:4f:a0:d2:d3,CESI_Recherche,-69.0,5540.0,0
1789550280757900032,1789550284298593024,1789550284335256304,47,d4:bd:4f:a0:d2:d4,CESI_Iot,-69.0,5540.0,0
1789550280757900032,1789550284298593024,1789550284335256304,47,d4:bd:4f:a1:f4:50,CESI_Corp,-39.0,5580.0,0
1789550280757900032,1789550284298593024,1789550284335256304,47,d4:bd:4f:a1:f4:51,CESI_HotSpot,-39.0,5580.0,0
1789550280757900032,1789550284298593024,1789550284335256304,47,d4:bd:4f:a1:f4:52,CESI_Robots,-39.0,5580.0,0
1789550280757900032,1789550284298593024,1789550284335256304,47,d4:bd:4f:a1:f4:53,CESI_Recherche,-39.0,5580.0,0
1789550280757900032,1789550284298593024,1789550284335256304,47,d4:bd:4f:a1:f4:54,CESI_Iot,-40.0,5580.0,0
1789550280757900032,1789550284298593024,1789550284335256304,47,d4:bd:4f:a1:e5:70,CESI_Corp,-65.0,5620.0,0
1789550280757900032,1789550284298593024,1789550284335256304,47,d4:bd:4f:a1:e5:71,CESI_HotSpot,-65.0,5620.0,0
1789550280757900032,1789550284298593024,1789550284335256304,47,d4:bd:4f:a1:e5:72,CESI_Robots,-65.0,5620.0,0
1789550280757900032,1789550284298593024,1789550284335256304,47,d4:bd:4f:a1:e5:73,CESI_Recherche,-65.0,5620.0,0
1789550280757900032,1789550284298593024,1789550284335256304,47,d4:bd:4f:a1:e5:74,CESI_Iot,-65.0,5620.0,0
1789550280757900032,1789550284298593024,1789550284335256304,47,78:c4:0e:d7:b1:30,RM828_WIFI,-70.0,2412.0,0
1789550280757900032,1789550284298593024,1789550284335256304,47,f8:d0:27:79:d8:b8,EB79D8B8-@E8D0dUTYu1AOsK,-55.0,2462.0,0
1789550280757900032,1789550284298593024,1789550284335256304,47,d4:bd:4f:60:d2:d3,CESI_Recherche,-64.0,2427.0,0
1789550280757900032,1789550284298593024,1789550284335256304,47,d4:bd:4f:60:d2:d4,CESI_Iot,-62.0,2427.0,12488
1789550280757900032,1789550284298593024,1789550284335256304,47,d4:bd:4f:60:d2:d2,CESI_Robots,-71.0,2427.0,4088
1789550280757900032,1789550284298593024,1789550284335256304,47,d4:bd:4f:60:d2:d0,CESI_Corp,-62.0,2427.0,0
1789550280757900032,1789550284298593024,1789550284335256304,47,d4:bd:4f:60:d2:d1,CESI_HotSpot,-58.0,2427.0,0
1789550280757900032,1789550284298593024,1789550284335256304,47,7c:26:64:69:50:04,,-68.0,2462.0,0
1789550280757900032,1789550284298593024,1789550284335256304,47,d6:31:fc:35:fc:75,iPhone17 Pro BME,-71.0,5220.0,0
1789550280757900032,1789550284298593024,1789550284335256304,47,7c:26:64:69:50:05,,-80.0,5320.0,0
1789550280757900032,1789550284298593024,1789550284335256304,47,d4:bd:4f:a1:d5:91,CESI_HotSpot,-84.0,5320.0,0
1789550280757900032,1789550284298593024,1789550284335256304,47,d4:bd:4f:a1:d5:92,CESI_Robots,-84.0,5320.0,0
1789550280757900032,1789550284298593024,1789550284335256304,47,d4:bd:4f:a1:d5:93,CESI_Recherche,-84.0,5320.0,0
1789550280757900032,1789550284298593024,1789550284335256304,47,a2:f1:22:b1:33:3b,The best Phone out there,-73.0,5200.0,0
1789550280757900032,1789550284298593024,1789550284335256304,47,d4:bd:4f:a1:d5:90,CESI_Corp,-86.0,5320.0,16684
1789550280757900032,1789550284298593024,1789550284335256304,47,d4:bd:4f:a1:d5:94,CESI_Iot,-84.0,5320.0,0
1789550284838849024,1789550288405208064,1789550288464576676,48,a2:0c:c2:cf:c6:70,Galaxy S24 Ultra,-42.0,2412.0,0
1789550284838849024,1789550288405208064,1789550288464576676,48,d4:bd:4f:61:91:c0,CESI_Corp,-51.0,2417.0,0
1789550284838849024,1789550288405208064,1789550288464576676,48,d4:bd:4f:61:91:c1,CESI_HotSpot,-51.0,2417.0,0
1789550284838849024,1789550288405208064,1789550288464576676,48,d4:bd:4f:61:91:c2,CESI_Robots,-51.0,2417.0,0
1789550284838849024,1789550288405208064,1789550288464576676,48,d4:bd:4f:61:91:c3,CESI_Recherche,-52.0,2417.0,0
1789550284838849024,1789550288405208064,1789550288464576676,48,d4:bd:4f:61:91:c4,CESI_Iot,-48.0,2417.0,0
1789550284838849024,1789550288405208064,1789550288464576676,48,d4:bd:4f:61:f4:50,CESI_Corp,-44.0,2437.0,0
1789550284838849024,1789550288405208064,1789550288464576676,48,d4:bd:4f:61:f4:51,CESI_HotSpot,-55.0,2437.0,0
1789550284838849024,1789550288405208064,1789550288464576676,48,d4:bd:4f:61:f4:52,CESI_Robots,-44.0,2437.0,0
1789550284838849024,1789550288405208064,1789550288464576676,48,d4:bd:4f:61:f4:53,CESI_Recherche,-55.0,2437.0,0
1789550284838849024,1789550288405208064,1789550288464576676,48,d4:bd:4f:61:f4:54,CESI_Iot,-45.0,2437.0,0
1789550284838849024,1789550288405208064,1789550288464576676,48,d4:bd:4f:61:e5:71,CESI_HotSpot,-67.0,2472.0,0
1789550284838849024,1789550288405208064,1789550288464576676,48,d4:bd:4f:61:e5:72,CESI_Robots,-68.0,2472.0,0
1789550284838849024,1789550288405208064,1789550288464576676,48,d4:bd:4f:61:e5:73,CESI_Recherche,-66.0,2472.0,0
1789550284838849024,1789550288405208064,1789550288464576676,48,d4:bd:4f:61:e5:74,CESI_Iot,-69.0,2472.0,0
1789550284838849024,1789550288405208064,1789550288464576676,48,d4:bd:4f:61:e5:70,CESI_Corp,-68.0,2472.0,0
1789550284838849024,1789550288405208064,1789550288464576676,48,02:91:9e:71:b0:15,poppy_net,-31.0,2472.0,0
1789550284838849024,1789550288405208064,1789550288464576676,48,d4:bd:4f:a1:91:c0,CESI_Corp,-55.0,5320.0,0
1789550284838849024,1789550288405208064,1789550288464576676,48,d4:bd:4f:a1:91:c1,CESI_HotSpot,-56.0,5320.0,0
1789550284838849024,1789550288405208064,1789550288464576676,48,d4:bd:4f:a1:91:c2,CESI_Robots,-56.0,5320.0,0
1789550284838849024,1789550288405208064,1789550288464576676,48,d4:bd:4f:a1:91:c3,CESI_Recherche,-56.0,5320.0,0
1789550284838849024,1789550288405208064,1789550288464576676,48,d4:bd:4f:a1:91:c4,CESI_Iot,-56.0,5320.0,0
1789550284838849024,1789550288405208064,1789550288464576676,48,d4:bd:4f:a0:d2:d0,CESI_Corp,-72.0,5540.0,0
1789550284838849024,1789550288405208064,1789550288464576676,48,d4:bd:4f:a0:d2:d1,CESI_HotSpot,-72.0,5540.0,0
1789550284838849024,1789550288405208064,1789550288464576676,48,d4:bd:4f:a0:d2:d2,CESI_Robots,-72.0,5540.0,0
1789550284838849024,1789550288405208064,1789550288464576676,48,d4:bd:4f:a0:d2:d3,CESI_Recherche,-72.0,5540.0,0
1789550284838849024,1789550288405208064,1789550288464576676,48,d4:bd:4f:a0:d2:d4,CESI_Iot,-72.0,5540.0,0
1789550284838849024,1789550288405208064,1789550288464576676,48,d4:bd:4f:a1:f4:50,CESI_Corp,-46.0,5580.0,0
1789550284838849024,1789550288405208064,1789550288464576676,48,d4:bd:4f:a1:f4:51,CESI_HotSpot,-46.0,5580.0,0
1789550284838849024,1789550288405208064,1789550288464576676,48,d4:bd:4f:a1:f4:52,CESI_Robots,-46.0,5580.0,0
1789550284838849024,1789550288405208064,1789550288464576676,48,d4:bd:4f:a1:f4:53,CESI_Recherche,-46.0,5580.0,0
1789550284838849024,1789550288405208064,1789550288464576676,48,d4:bd:4f:a1:f4:54,CESI_Iot,-46.0,5580.0,0
1789550284838849024,1789550288405208064,1789550288464576676,48,d4:bd:4f:a1:e5:70,CESI_Corp,-67.0,5620.0,0
1789550284838849024,1789550288405208064,1789550288464576676,48,d4:bd:4f:a1:e5:71,CESI_HotSpot,-66.0,5620.0,0
1789550284838849024,1789550288405208064,1789550288464576676,48,d4:bd:4f:a1:e5:72,CESI_Robots,-66.0,5620.0,0
1789550284838849024,1789550288405208064,1789550288464576676,48,d4:bd:4f:a1:e5:73,CESI_Recherche,-66.0,5620.0,0
1789550284838849024,1789550288405208064,1789550288464576676,48,d4:bd:4f:a1:e5:74,CESI_Iot,-66.0,5620.0,0
1789550284838849024,1789550288405208064,1789550288464576676,48,78:c4:0e:d7:b1:30,RM828_WIFI,-65.0,2412.0,0
1789550284838849024,1789550288405208064,1789550288464576676,48,f8:d0:27:79:d8:b8,EB79D8B8-@E8D0dUTYu1AOsK,-56.0,2462.0,0
1789550284838849024,1789550288405208064,1789550288464576676,48,d4:bd:4f:60:d2:d3,CESI_Recherche,-64.0,2427.0,4100
1789550284838849024,1789550288405208064,1789550288464576676,48,d4:bd:4f:60:d2:d4,CESI_Iot,-62.0,2427.0,16588
1789550284838849024,1789550288405208064,1789550288464576676,48,d4:bd:4f:60:d2:d2,CESI_Robots,-71.0,2427.0,8188
1789550284838849024,1789550288405208064,1789550288464576676,48,d4:bd:4f:60:d2:d0,CESI_Corp,-62.0,2427.0,4100
1789550284838849024,1789550288405208064,1789550288464576676,48,d4:bd:4f:60:d2:d1,CESI_HotSpot,-58.0,2427.0,4100
1789550284838849024,1789550288405208064,1789550288464576676,48,7c:26:64:69:50:04,,-69.0,2462.0,0
1789550284838849024,1789550288405208064,1789550288464576676,48,d6:31:fc:35:fc:75,iPhone17 Pro BME,-73.0,5220.0,0
1789550284838849024,1789550288405208064,1789550288464576676,48,7c:26:64:69:50:05,,-75.0,5320.0,0
1789550284838849024,1789550288405208064,1789550288464576676,48,d4:bd:4f:a1:d5:91,CESI_HotSpot,-86.0,5320.0,0
1789550284838849024,1789550288405208064,1789550288464576676,48,d4:bd:4f:a1:d5:92,CESI_Robots,-84.0,5320.0,4100
1789550284838849024,1789550288405208064,1789550288464576676,48,d4:bd:4f:a1:d5:93,CESI_Recherche,-86.0,5320.0,0
1789550284838849024,1789550288405208064,1789550288464576676,48,a2:f1:22:b1:33:3b,The best Phone out there,-79.0,5200.0,0
1789550284838849024,1789550288405208064,1789550288464576676,48,d4:bd:4f:a1:d5:90,CESI_Corp,-86.0,5320.0,20784
1789550284838849024,1789550288405208064,1789550288464576676,48,d4:bd:4f:a1:d5:94,CESI_Iot,-87.0,5320.0,0
1789550288967578880,1789550292598774784,1789550292635021417,49,a2:0c:c2:cf:c6:70,Galaxy S24 Ultra,-49.0,2412.0,4
1789550288967578880,1789550292598774784,1789550292635021417,49,d4:bd:4f:61:91:c0,CESI_Corp,-50.0,2417.0,4
1789550288967578880,1789550292598774784,1789550292635021417,49,d4:bd:4f:61:91:c1,CESI_HotSpot,-49.0,2417.0,4
1789550288967578880,1789550292598774784,1789550292635021417,49,d4:bd:4f:61:91:c2,CESI_Robots,-49.0,2417.0,4
1789550288967578880,1789550292598774784,1789550292635021417,49,d4:bd:4f:61:91:c3,CESI_Recherche,-49.0,2417.0,4
1789550288967578880,1789550292598774784,1789550292635021417,49,d4:bd:4f:61:91:c4,CESI_Iot,-53.0,2417.0,4
1789550288967578880,1789550292598774784,1789550292635021417,49,d4:bd:4f:61:f4:50,CESI_Corp,-42.0,2437.0,4
1789550288967578880,1789550292598774784,1789550292635021417,49,d4:bd:4f:61:f4:51,CESI_HotSpot,-40.0,2437.0,4
1789550288967578880,1789550292598774784,1789550292635021417,49,d4:bd:4f:61:f4:52,CESI_Robots,-42.0,2437.0,4
1789550288967578880,1789550292598774784,1789550292635021417,49,d4:bd:4f:61:f4:53,CESI_Recherche,-42.0,2437.0,4
1789550288967578880,1789550292598774784,1789550292635021417,49,d4:bd:4f:61:f4:54,CESI_Iot,-40.0,2437.0,4
1789550288967578880,1789550292598774784,1789550292635021417,49,d4:bd:4f:61:e5:71,CESI_HotSpot,-66.0,2472.0,4
1789550288967578880,1789550292598774784,1789550292635021417,49,d4:bd:4f:61:e5:72,CESI_Robots,-66.0,2472.0,4
1789550288967578880,1789550292598774784,1789550292635021417,49,d4:bd:4f:61:e5:73,CESI_Recherche,-66.0,2472.0,4
1789550288967578880,1789550292598774784,1789550292635021417,49,d4:bd:4f:61:e5:74,CESI_Iot,-67.0,2472.0,4
1789550288967578880,1789550292598774784,1789550292635021417,49,d4:bd:4f:61:e5:70,CESI_Corp,-65.0,2472.0,4
1789550288967578880,1789550292598774784,1789550292635021417,49,02:91:9e:71:b0:15,poppy_net,-32.0,2472.0,4
1789550288967578880,1789550292598774784,1789550292635021417,49,d4:bd:4f:a1:91:c0,CESI_Corp,-55.0,5320.0,4
1789550288967578880,1789550292598774784,1789550292635021417,49,d4:bd:4f:a1:91:c1,CESI_HotSpot,-55.0,5320.0,4
1789550288967578880,1789550292598774784,1789550292635021417,49,d4:bd:4f:a1:91:c2,CESI_Robots,-55.0,5320.0,4
1789550288967578880,1789550292598774784,1789550292635021417,49,d4:bd:4f:a1:91:c3,CESI_Recherche,-55.0,5320.0,4
1789550288967578880,1789550292598774784,1789550292635021417,49,d4:bd:4f:a1:91:c4,CESI_Iot,-55.0,5320.0,4
1789550288967578880,1789550292598774784,1789550292635021417,49,d4:bd:4f:a0:d2:d0,CESI_Corp,-69.0,5540.0,4
1789550288967578880,1789550292598774784,1789550292635021417,49,d4:bd:4f:a0:d2:d1,CESI_HotSpot,-69.0,5540.0,4
1789550288967578880,1789550292598774784,1789550292635021417,49,d4:bd:4f:a0:d2:d2,CESI_Robots,-69.0,5540.0,4
1789550288967578880,1789550292598774784,1789550292635021417,49,d4:bd:4f:a0:d2:d3,CESI_Recherche,-69.0,5540.0,4
1789550288967578880,1789550292598774784,1789550292635021417,49,d4:bd:4f:a0:d2:d4,CESI_Iot,-69.0,5540.0,4
1789550288967578880,1789550292598774784,1789550292635021417,49,d4:bd:4f:a1:f4:50,CESI_Corp,-43.0,5580.0,4
1789550288967578880,1789550292598774784,1789550292635021417,49,d4:bd:4f:a1:f4:51,CESI_HotSpot,-43.0,5580.0,4
1789550288967578880,1789550292598774784,1789550292635021417,49,d4:bd:4f:a1:f4:52,CESI_Robots,-43.0,5580.0,4
1789550288967578880,1789550292598774784,1789550292635021417,49,d4:bd:4f:a1:f4:53,CESI_Recherche,-43.0,5580.0,4
1789550288967578880,1789550292598774784,1789550292635021417,49,d4:bd:4f:a1:f4:54,CESI_Iot,-43.0,5580.0,4
1789550288967578880,1789550292598774784,1789550292635021417,49,d4:bd:4f:a1:e5:70,CESI_Corp,-65.0,5620.0,4
1789550288967578880,1789550292598774784,1789550292635021417,49,d4:bd:4f:a1:e5:71,CESI_HotSpot,-65.0,5620.0,4
1789550288967578880,1789550292598774784,1789550292635021417,49,d4:bd:4f:a1:e5:72,CESI_Robots,-65.0,5620.0,4
1789550288967578880,1789550292598774784,1789550292635021417,49,d4:bd:4f:a1:e5:73,CESI_Recherche,-65.0,5620.0,4
1789550288967578880,1789550292598774784,1789550292635021417,49,d4:bd:4f:a1:e5:74,CESI_Iot,-65.0,5620.0,4
1789550288967578880,1789550292598774784,1789550292635021417,49,78:c4:0e:d7:b1:30,RM828_WIFI,-65.0,2412.0,4200
1789550288967578880,1789550292598774784,1789550292635021417,49,f8:d0:27:79:d8:b8,EB79D8B8-@E8D0dUTYu1AOsK,-57.0,2462.0,4
1789550288967578880,1789550292598774784,1789550292635021417,49,d4:bd:4f:60:d2:d3,CESI_Recherche,-68.0,2427.0,4
1789550288967578880,1789550292598774784,1789550292635021417,49,d4:bd:4f:60:d2:d4,CESI_Iot,-70.0,2427.0,4
1789550288967578880,1789550292598774784,1789550292635021417,49,d4:bd:4f:60:d2:d2,CESI_Robots,-71.0,2427.0,12388
1789550288967578880,1789550292598774784,1789550292635021417,49,d4:bd:4f:60:d2:d0,CESI_Corp,-62.0,2427.0,8300
1789550288967578880,1789550292598774784,1789550292635021417,49,d4:bd:4f:60:d2:d1,CESI_HotSpot,-58.0,2427.0,8300
1789550288967578880,1789550292598774784,1789550292635021417,49,7c:26:64:69:50:04,,-69.0,2462.0,4
1789550288967578880,1789550292598774784,1789550292635021417,49,d6:31:fc:35:fc:75,iPhone17 Pro BME,-70.0,5220.0,4
1789550288967578880,1789550292598774784,1789550292635021417,49,7c:26:64:69:50:05,,-76.0,5320.0,4
1789550288967578880,1789550292598774784,1789550292635021417,49,d4:bd:4f:a1:d5:91,CESI_HotSpot,-86.0,5320.0,4200
1789550288967578880,1789550292598774784,1789550292635021417,49,d4:bd:4f:a1:d5:92,CESI_Robots,-84.0,5320.0,8300
1789550288967578880,1789550292598774784,1789550292635021417,49,d4:bd:4f:a1:d5:93,CESI_Recherche,-86.0,5320.0,4200
1789550288967578880,1789550292598774784,1789550292635021417,49,a2:f1:22:b1:33:3b,The best Phone out there,-70.0,5200.0,4
1789550288967578880,1789550292598774784,1789550292635021417,49,d4:bd:4f:a1:d5:90,CESI_Corp,-86.0,5320.0,24984
1789550288967578880,1789550292598774784,1789550292635021417,49,d4:bd:4f:a1:d5:94,CESI_Iot,-87.0,5320.0,4200
1789550293141232128,1789550296691590912,1789550296730934692,50,a2:0c:c2:cf:c6:70,Galaxy S24 Ultra,-47.0,2412.0,4
1789550293141232128,1789550296691590912,1789550296730934692,50,d4:bd:4f:61:91:c0,CESI_Corp,-53.0,2417.0,4
1789550293141232128,1789550296691590912,1789550296730934692,50,d4:bd:4f:61:91:c1,CESI_HotSpot,-54.0,2417.0,4
1789550293141232128,1789550296691590912,1789550296730934692,50,d4:bd:4f:61:91:c2,CESI_Robots,-54.0,2417.0,4
1789550293141232128,1789550296691590912,1789550296730934692,50,d4:bd:4f:61:91:c3,CESI_Recherche,-56.0,2417.0,4
1789550293141232128,1789550296691590912,1789550296730934692,50,d4:bd:4f:61:91:c4,CESI_Iot,-54.0,2417.0,4
1789550293141232128,1789550296691590912,1789550296730934692,50,d4:bd:4f:61:f4:50,CESI_Corp,-53.0,2437.0,4
1789550293141232128,1789550296691590912,1789550296730934692,50,d4:bd:4f:61:f4:51,CESI_HotSpot,-53.0,2437.0,4
1789550293141232128,1789550296691590912,1789550296730934692,50,d4:bd:4f:61:f4:52,CESI_Robots,-53.0,2437.0,4
1789550293141232128,1789550296691590912,1789550296730934692,50,d4:bd:4f:61:f4:53,CESI_Recherche,-54.0,2437.0,4
1789550293141232128,1789550296691590912,1789550296730934692,50,d4:bd:4f:61:f4:54,CESI_Iot,-54.0,2437.0,4
1789550293141232128,1789550296691590912,1789550296730934692,50,d4:bd:4f:61:e5:71,CESI_HotSpot,-66.0,2472.0,4
1789550293141232128,1789550296691590912,1789550296730934692,50,d4:bd:4f:61:e5:72,CESI_Robots,-72.0,2472.0,4
1789550293141232128,1789550296691590912,1789550296730934692,50,d4:bd:4f:61:e5:73,CESI_Recherche,-71.0,2472.0,4
1789550293141232128,1789550296691590912,1789550296730934692,50,d4:bd:4f:61:e5:74,CESI_Iot,-54.0,2472.0,4
1789550293141232128,1789550296691590912,1789550296730934692,50,d4:bd:4f:61:e5:70,CESI_Corp,-73.0,2472.0,4
1789550293141232128,1789550296691590912,1789550296730934692,50,02:91:9e:71:b0:15,poppy_net,-29.0,2472.0,4
1789550293141232128,1789550296691590912,1789550296730934692,50,d4:bd:4f:a1:91:c0,CESI_Corp,-58.0,5320.0,4
1789550293141232128,1789550296691590912,1789550296730934692,50,d4:bd:4f:a1:91:c1,CESI_HotSpot,-58.0,5320.0,4
1789550293141232128,1789550296691590912,1789550296730934692,50,d4:bd:4f:a1:91:c2,CESI_Robots,-58.0,5320.0,4
1789550293141232128,1789550296691590912,1789550296730934692,50,d4:bd:4f:a1:91:c3,CESI_Recherche,-58.0,5320.0,4
1789550293141232128,1789550296691590912,1789550296730934692,50,d4:bd:4f:a1:91:c4,CESI_Iot,-58.0,5320.0,4
1789550293141232128,1789550296691590912,1789550296730934692,50,d4:bd:4f:a0:d2:d0,CESI_Corp,-74.0,5540.0,4
1789550293141232128,1789550296691590912,1789550296730934692,50,d4:bd:4f:a0:d2:d1,CESI_HotSpot,-73.0,5540.0,4
1789550293141232128,1789550296691590912,1789550296730934692,50,d4:bd:4f:a0:d2:d2,CESI_Robots,-73.0,5540.0,4
1789550293141232128,1789550296691590912,1789550296730934692,50,d4:bd:4f:a0:d2:d3,CESI_Recherche,-73.0,5540.0,4
1789550293141232128,1789550296691590912,1789550296730934692,50,d4:bd:4f:a0:d2:d4,CESI_Iot,-73.0,5540.0,4
1789550293141232128,1789550296691590912,1789550296730934692,50,d4:bd:4f:a1:f4:50,CESI_Corp,-43.0,5580.0,4
1789550293141232128,1789550296691590912,1789550296730934692,50,d4:bd:4f:a1:f4:51,CESI_HotSpot,-43.0,5580.0,4
1789550293141232128,1789550296691590912,1789550296730934692,50,d4:bd:4f:a1:f4:52,CESI_Robots,-43.0,5580.0,4
1789550293141232128,1789550296691590912,1789550296730934692,50,d4:bd:4f:a1:f4:53,CESI_Recherche,-43.0,5580.0,4
1789550293141232128,1789550296691590912,1789550296730934692,50,d4:bd:4f:a1:f4:54,CESI_Iot,-43.0,5580.0,4
1789550293141232128,1789550296691590912,1789550296730934692,50,d4:bd:4f:a1:e5:70,CESI_Corp,-68.0,5620.0,4
1789550293141232128,1789550296691590912,1789550296730934692,50,d4:bd:4f:a1:e5:71,CESI_HotSpot,-68.0,5620.0,4
1789550293141232128,1789550296691590912,1789550296730934692,50,d4:bd:4f:a1:e5:72,CESI_Robots,-68.0,5620.0,4
1789550293141232128,1789550296691590912,1789550296730934692,50,d4:bd:4f:a1:e5:73,CESI_Recherche,-68.0,5620.0,4
1789550293141232128,1789550296691590912,1789550296730934692,50,d4:bd:4f:a1:e5:74,CESI_Iot,-68.0,5620.0,4
1789550293141232128,1789550296691590912,1789550296730934692,50,78:c4:0e:d7:b1:30,RM828_WIFI,-65.0,2412.0,8296
1789550293141232128,1789550296691590912,1789550296730934692,50,f8:d0:27:79:d8:b8,EB79D8B8-@E8D0dUTYu1AOsK,-52.0,2462.0,4
1789550293141232128,1789550296691590912,1789550296730934692,50,d4:bd:4f:60:d2:d3,CESI_Recherche,-68.0,2427.0,4100
1789550293141232128,1789550296691590912,1789550296730934692,50,d4:bd:4f:60:d2:d4,CESI_Iot,-70.0,2427.0,4100
1789550293141232128,1789550296691590912,1789550296730934692,50,d4:bd:4f:60:d2:d2,CESI_Robots,-71.0,2427.0,16484
1789550293141232128,1789550296691590912,1789550296730934692,50,d4:bd:4f:60:d2:d0,CESI_Corp,-62.0,2427.0,12396
1789550293141232128,1789550296691590912,1789550296730934692,50,d4:bd:4f:60:d2:d1,CESI_HotSpot,-58.0,2427.0,12396
1789550293141232128,1789550296691590912,1789550296730934692,50,7c:26:64:69:50:04,,-63.0,2462.0,4
1789550293141232128,1789550296691590912,1789550296730934692,50,d6:31:fc:35:fc:75,iPhone17 Pro BME,-72.0,5220.0,4
1789550293141232128,1789550296691590912,1789550296730934692,50,7c:26:64:69:50:05,,-73.0,5320.0,4
1789550293141232128,1789550296691590912,1789550296730934692,50,d4:bd:4f:a1:d5:91,CESI_HotSpot,-85.0,5320.0,4
1789550293141232128,1789550296691590912,1789550296730934692,50,d4:bd:4f:a1:d5:92,CESI_Robots,-84.0,5320.0,4
1789550293141232128,1789550296691590912,1789550296730934692,50,d4:bd:4f:a1:d5:93,CESI_Recherche,-84.0,5320.0,4
1789550293141232128,1789550296691590912,1789550296730934692,50,a2:f1:22:b1:33:3b,The best Phone out there,-70.0,5200.0,4
1789550293141232128,1789550296691590912,1789550296730934692,50,d4:bd:4f:a1:d5:90,CESI_Corp,-84.0,5320.0,4
1789550293141232128,1789550296691590912,1789550296730934692,50,d4:bd:4f:a1:d5:94,CESI_Iot,-85.0,5320.0,4
1789550293141232128,1789550296691590912,1789550296730934692,50,c2:03:f7:21:a2:04,iPhone g,-75.0,2437.0,4
1789550297234072064,1789550300782980864,1789550300838930055,51,a2:0c:c2:cf:c6:70,Galaxy S24 Ultra,-46.0,2412.0,0
1789550297234072064,1789550300782980864,1789550300838930055,51,d4:bd:4f:61:91:c0,CESI_Corp,-69.0,2417.0,0
1789550297234072064,1789550300782980864,1789550300838930055,51,d4:bd:4f:61:91:c1,CESI_HotSpot,-59.0,2417.0,0
1789550297234072064,1789550300782980864,1789550300838930055,51,d4:bd:4f:61:91:c2,CESI_Robots,-57.0,2417.0,0
1789550297234072064,1789550300782980864,1789550300838930055,51,d4:bd:4f:61:91:c3,CESI_Recherche,-59.0,2417.0,0
1789550297234072064,1789550300782980864,1789550300838930055,51,d4:bd:4f:61:91:c4,CESI_Iot,-60.0,2417.0,0
1789550297234072064,1789550300782980864,1789550300838930055,51,d4:bd:4f:61:f4:50,CESI_Corp,-48.0,2437.0,0
1789550297234072064,1789550300782980864,1789550300838930055,51,d4:bd:4f:61:f4:51,CESI_HotSpot,-48.0,2437.0,0
1789550297234072064,1789550300782980864,1789550300838930055,51,d4:bd:4f:61:f4:52,CESI_Robots,-47.0,2437.0,0
1789550297234072064,1789550300782980864,1789550300838930055,51,d4:bd:4f:61:f4:53,CESI_Recherche,-48.0,2437.0,0
1789550297234072064,1789550300782980864,1789550300838930055,51,d4:bd:4f:61:f4:54,CESI_Iot,-48.0,2437.0,0
1789550297234072064,1789550300782980864,1789550300838930055,51,d4:bd:4f:61:e5:71,CESI_HotSpot,-68.0,2472.0,0
1789550297234072064,1789550300782980864,1789550300838930055,51,d4:bd:4f:61:e5:72,CESI_Robots,-68.0,2472.0,0
1789550297234072064,1789550300782980864,1789550300838930055,51,d4:bd:4f:61:e5:73,CESI_Recherche,-67.0,2472.0,0
1789550297234072064,1789550300782980864,1789550300838930055,51,d4:bd:4f:61:e5:74,CESI_Iot,-62.0,2472.0,0
1789550297234072064,1789550300782980864,1789550300838930055,51,d4:bd:4f:61:e5:70,CESI_Corp,-67.0,2472.0,0
1789550297234072064,1789550300782980864,1789550300838930055,51,02:91:9e:71:b0:15,poppy_net,-33.0,2472.0,0
1789550297234072064,1789550300782980864,1789550300838930055,51,d4:bd:4f:a1:91:c0,CESI_Corp,-58.0,5320.0,0
1789550297234072064,1789550300782980864,1789550300838930055,51,d4:bd:4f:a1:91:c1,CESI_HotSpot,-58.0,5320.0,0
1789550297234072064,1789550300782980864,1789550300838930055,51,d4:bd:4f:a1:91:c2,CESI_Robots,-58.0,5320.0,0
1789550297234072064,1789550300782980864,1789550300838930055,51,d4:bd:4f:a1:91:c3,CESI_Recherche,-58.0,5320.0,0
1789550297234072064,1789550300782980864,1789550300838930055,51,d4:bd:4f:a1:91:c4,CESI_Iot,-58.0,5320.0,0
1789550297234072064,1789550300782980864,1789550300838930055,51,d4:bd:4f:a0:d2:d0,CESI_Corp,-73.0,5540.0,0
1789550297234072064,1789550300782980864,1789550300838930055,51,d4:bd:4f:a0:d2:d1,CESI_HotSpot,-73.0,5540.0,0
1789550297234072064,1789550300782980864,1789550300838930055,51,d4:bd:4f:a0:d2:d2,CESI_Robots,-73.0,5540.0,0
1789550297234072064,1789550300782980864,1789550300838930055,51,d4:bd:4f:a0:d2:d3,CESI_Recherche,-73.0,5540.0,0
1789550297234072064,1789550300782980864,1789550300838930055,51,d4:bd:4f:a0:d2:d4,CESI_Iot,-73.0,5540.0,0
1789550297234072064,1789550300782980864,1789550300838930055,51,d4:bd:4f:a1:f4:50,CESI_Corp,-50.0,5580.0,0
1789550297234072064,1789550300782980864,1789550300838930055,51,d4:bd:4f:a1:f4:51,CESI_HotSpot,-50.0,5580.0,0
1789550297234072064,1789550300782980864,1789550300838930055,51,d4:bd:4f:a1:f4:52,CESI_Robots,-50.0,5580.0,0
1789550297234072064,1789550300782980864,1789550300838930055,51,d4:bd:4f:a1:f4:53,CESI_Recherche,-50.0,5580.0,0
1789550297234072064,1789550300782980864,1789550300838930055,51,d4:bd:4f:a1:f4:54,CESI_Iot,-50.0,5580.0,0
1789550297234072064,1789550300782980864,1789550300838930055,51,d4:bd:4f:a1:e5:70,CESI_Corp,-72.0,5620.0,0
1789550297234072064,1789550300782980864,1789550300838930055,51,d4:bd:4f:a1:e5:71,CESI_HotSpot,-71.0,5620.0,0
1789550297234072064,1789550300782980864,1789550300838930055,51,d4:bd:4f:a1:e5:72,CESI_Robots,-71.0,5620.0,0
1789550297234072064,1789550300782980864,1789550300838930055,51,d4:bd:4f:a1:e5:73,CESI_Recherche,-71.0,5620.0,0
1789550297234072064,1789550300782980864,1789550300838930055,51,d4:bd:4f:a1:e5:74,CESI_Iot,-71.0,5620.0,0
1789550297234072064,1789550300782980864,1789550300838930055,51,78:c4:0e:d7:b1:30,RM828_WIFI,-65.0,2412.0,12388
1789550297234072064,1789550300782980864,1789550300838930055,51,f8:d0:27:79:d8:b8,EB79D8B8-@E8D0dUTYu1AOsK,-58.0,2462.0,0
1789550297234072064,1789550300782980864,1789550300838930055,51,d4:bd:4f:60:d2:d3,CESI_Recherche,-68.0,2427.0,8192
1789550297234072064,1789550300782980864,1789550300838930055,51,d4:bd:4f:60:d2:d4,CESI_Iot,-70.0,2427.0,8192
1789550297234072064,1789550300782980864,1789550300838930055,51,d4:bd:4f:60:d2:d2,CESI_Robots,-71.0,2427.0,20576
1789550297234072064,1789550300782980864,1789550300838930055,51,d4:bd:4f:60:d2:d0,CESI_Corp,-62.0,2427.0,16488
1789550297234072064,1789550300782980864,1789550300838930055,51,d4:bd:4f:60:d2:d1,CESI_HotSpot,-58.0,2427.0,16488
1789550297234072064,1789550300782980864,1789550300838930055,51,7c:26:64:69:50:04,,-59.0,2462.0,0
1789550297234072064,1789550300782980864,1789550300838930055,51,d6:31:fc:35:fc:75,iPhone17 Pro BME,-74.0,5220.0,0
1789550297234072064,1789550300782980864,1789550300838930055,51,7c:26:64:69:50:05,,-69.0,5320.0,0
1789550297234072064,1789550300782980864,1789550300838930055,51,d4:bd:4f:a1:d5:91,CESI_HotSpot,-83.0,5320.0,0
1789550297234072064,1789550300782980864,1789550300838930055,51,d4:bd:4f:a1:d5:92,CESI_Robots,-83.0,5320.0,0
1789550297234072064,1789550300782980864,1789550300838930055,51,d4:bd:4f:a1:d5:93,CESI_Recherche,-83.0,5320.0,0
1789550297234072064,1789550300782980864,1789550300838930055,51,a2:f1:22:b1:33:3b,The best Phone out there,-72.0,5200.0,0
1789550297234072064,1789550300782980864,1789550300838930055,51,d4:bd:4f:a1:d5:90,CESI_Corp,-85.0,5320.0,0
1789550297234072064,1789550300782980864,1789550300838930055,51,d4:bd:4f:a1:d5:94,CESI_Iot,-84.0,5320.0,0
1789550297234072064,1789550300782980864,1789550300838930055,51,c2:03:f7:21:a2:04,iPhone g,-75.0,2437.0,4096
1789550297234072064,1789550300782980864,1789550300838930055,51,d4:bd:4f:61:d5:90,CESI_Corp,-68.0,2417.0,0
1789550297234072064,1789550300782980864,1789550300838930055,51,d4:bd:4f:61:d5:91,CESI_HotSpot,-65.0,2417.0,0
1789550297234072064,1789550300782980864,1789550300838930055,51,d4:bd:4f:61:a9:71,CESI_HotSpot,-79.0,2447.0,0
1789550297234072064,1789550300782980864,1789550300838930055,51,72:a7:41:12:25:ea,Cepsup-Etudiants,-77.0,2462.0,0
1789550297234072064,1789550300782980864,1789550300838930055,51,d4:bd:4f:a1:91:30,CESI_Corp,-91.0,5200.0,0
1789550297234072064,1789550300782980864,1789550300838930055,51,d4:bd:4f:a1:91:31,CESI_HotSpot,-90.0,5200.0,0
1789550297234072064,1789550300782980864,1789550300838930055,51,d4:bd:4f:a1:a9:70,CESI_Corp,-89.0,5280.0,0
1789550297234072064,1789550300782980864,1789550300838930055,51,d4:bd:4f:a1:a9:71,CESI_HotSpot,-89.0,5280.0,0
1789550297234072064,1789550300782980864,1789550300838930055,51,d4:bd:4f:a1:a9:72,CESI_Robots,-90.0,5280.0,0
1789550297234072064,1789550300782980864,1789550300838930055,51,d4:bd:4f:a1:a9:73,CESI_Recherche,-92.0,5280.0,0
