t_ns,t_bag_ns,filename
1789658825836760223,1789658825923605465,1789658825836760223.jpg
1789658825870081130,1789658825958665695,1789658825870081130.jpg
1789658825903409311,1789658825993351086,1789658825903409311.jpg
1789658825936730736,1789658826024888313,1789658825936730736.jpg
1789658825970055714,1789658826058097999,1789658825970055714.jpg
1789658826003382262,1789658826090983715,1789658826003382262.jpg
1789658826036705821,1789658826126686921,1789658826036705821.jpg
1789658826070032480,1789658826160153079,1789658826070032480.jpg
1789658826103359669,1789658826192136902,1789658826103359669.jpg
1789658826136680789,1789658826224135261,1789658826136680789.jpg
1789658826170006882,1789658826257798097,1789658826170006882.jpg
1789658826203332375,1789658826292500913,1789658826203332375.jpg
1789658826236656636,1789658826325771004,1789658826236656636.jpg
1789658826269981594,1789658826358537780,1789658826269981594.jpg
1789658826303306961,1789658826391412811,1789658826303306961.jpg
1789658826336632325,1789658826425493706,1789658826336632325.jpg
1789658826369963924,1789658826457331312,1789658826369963924.jpg
1789658826403284366,1789658826496103111,1789658826403284366.jpg
1789658826436609379,1789658826524384512,1789658826436609379.jpg
1789658826469931827,1789658826555493977,1789658826469931827.jpg
1789658826503259428,1789658826591798366,1789658826503259428.jpg
1789658826536581688,1789658826624936591,1789658826536581688.jpg
1789658826569907840,1789658826658767254,1789658826569907840.jpg
1789658826603233070,1789658826690363072,1789658826603233070.jpg
1789658826636559728,1789658826724846730,1789658826636559728.jpg
1789658826669883325,1789658826758921125,1789658826669883325.jpg
1789658826703208098,1789658826793458392,1789658826703208098.jpg
1789658826736535454,1789658826825850719,1789658826736535454.jpg
1789658826769860079,1789658826857133215,1789658826769860079.jpg
1789658826803183707,1789658826890123705,1789658826803183707.jpg
1789658826836507684,1789658826925853947,1789658826836507684.jpg
1789658826869835281,1789658826959300513,1789658826869835281.jpg
1789658826903164725,1789658826991546197,1789658826903164725.jpg
1789658826936484417,1789658827022589295,1789658826936484417.jpg
1789658826969808478,1789658827056865275,1789658826969808478.jpg
1789658827003134116,1789658827094097149,1789658827003134116.jpg
1789658827036457637,1789658827126743448,1789658827036457637.jpg
1789658827069783322,1789658827158134385,1789658827069783322.jpg
1789658827103108574,1789658827189744499,1789658827103108574.jpg
1789658827136433913,1789658827225244769,1789658827136433913.jpg
1789658827169762421,1789658827257906326,1789658827169762421.jpg
1789658827203083974,1789658827291735508,1789658827203083974.jpg
1789658827236411447,1789658827326529193,1789658827236411447.jpg
1789658827269735794,1789658827357698175,1789658827269735794.jpg
1789658827303059727,1789658827391886844,1789658827303059727.jpg
1789658827336386798,1789658827424343650,1789658827336386798.jpg
1789658827369710329,1789658827455925580,1789658827369710329.jpg
1789658827403038377,1789658827491958571,1789658827403038377.jpg
1789658827436361281,1789658827526174017,1789658827436361281.jpg
1789658827469683195,1789658827562478091,1789658827469683195.jpg
1789658827503009805,1789658827592058112,1789658827503009805.jpg
1789658827536334945,1789658827623901773,1789658827536334945.jpg
1789658827569664111,1789658827658703253,1789658827569664111.jpg
1789658827602992446,1789658827690479621,1789658827602992446.jpg
1789658827636310251,1789658827723552238,1789658827636310251.jpg
1789658827669635705,1789658827760008176,1789658827669635705.jpg
1789658827702965678,1789658827791511961,1789658827702965678.jpg
1789658827736286716,1789658827824155316,1789658827736286716.jpg
1789658827769612904,1789658827858171102,1789658827769612904.jpg
1789658827802934356,1789658827896075137,1789658827802934356.jpg
1789658827836261028,1789658827926839448,1789658827836261028.jpg
1789658827869586698,1789658827956735106,1789658827869586698.jpg
1789658827902911792,1789658827991878481,1789658827902911792.jpg
1789658827936237407,1789658828024639035,1789658827936237407.jpg
1789658827969560979,1789658828057794687,1789658827969560979.jpg
1789658828002886589,1789658828090467466,1789658828002886589.jpg
1789658828036212503,1789658828122968067,1789658828036212503.jpg
1789658828069541306,1789658828158751438,1789658828069541306.jpg
1789658828102862362,1789658828191907830,1789658828102862362.jpg
1789658828136186397,1789658828226959228,1789658828136186397.jpg
1789658828169513782,1789658828257871256,1789658828169513782.jpg
1789658828202842077,1789658828293836824,1789658828202842077.jpg
1789658828236164712,1789658828325495400,1789658828236164712.jpg
1789658828269486995,1789658828359006057,1789658828269486995.jpg
1789658828302811918,1789658828391023194,1789658828302811918.jpg
1789658828336137139,1789658828427404265,1789658828336137139.jpg
1789658828369462706,1789658828456901419,1789658828369462706.jpg
1789658828402792198,1789658828492058776,1789658828402792198.jpg
1789658828436115815,1789658828526578081,1789658828436115815.jpg
1789658828469438200,1789658828557504091,1789658828469438200.jpg
1789658828502762061,1789658828590538987,1789658828502762061.jpg
1789658828536087420,1789658828624655085,1789658828536087420.jpg
1789658828569413694,1789658828661138153,1789658828569413694.jpg
1789658828602738887,1789658828690612252,1789658828602738887.jpg
1789658828636063434,1789658828724755590,1789658828636063434.jpg
1789658828669388724,1789658828757282523,1789658828669388724.jpg
1789658828702712770,1789658828789708349,1789658828702712770.jpg
1789658828736037755,1789658828825753414,1789658828736037755.jpg
1789658828769362842,1789658828856451191,1789658828769362842.jpg
1789658828802688789,1789658828891631825,1789658828802688789.jpg
1789658828836014047,1789658828924401601,1789658828836014047.jpg
1789658828869337233,1789658828958192007,1789658828869337233.jpg
1789658828902669095,1789658828991327159,1789658828902669095.jpg
1789658828935988657,1789658829023450200,1789658828935988657.jpg
1789658828969315738,1789658829057325825,1789658828969315738.jpg
1789658829002639185,1789658829092354594,1789658829002639185.jpg
1789658829035964688,1789658829124376120,1789658829035964688.jpg
1789658829069290015,1789658829157774004,1789658829069290015.jpg
1789658829102614281,1789658829190623925,1789658829102614281.jpg
1789658829135938446,1789658829226305023,1789658829135938446.jpg
1789658829169263524,1789658829257692164,1789658829169263524.jpg
1789658829202590974,1789658829290101213,1789658829202590974.jpg
1789658829235916770,1789658829325981803,1789658829235916770.jpg
1789658829269240197,1789658829359456054,1789658829269240197.jpg
1789658829302568816,1789658829392169462,1789658829302568816.jpg
1789658829335889457,1789658829422475143,1789658829335889457.jpg
1789658829369214653,1789658829457975135,1789658829369214653.jpg
1789658829402542517,1789658829491294763,1789658829402542517.jpg
1789658829435864236,1789658829524834048,1789658829435864236.jpg
1789658829469189423,1789658829559197193,1789658829469189423.jpg
1789658829502515763,1789658829591584835,1789658829502515763.jpg
1789658829535840409,1789658829624020050,1789658829535840409.jpg
1789658829569165583,1789658829660165205,1789658829569165583.jpg
1789658829602490245,1789658829691729877,1789658829602490245.jpg
1789658829635816649,1789658829723791068,1789658829635816649.jpg
1789658829669141825,1789658829757191192,1789658829669141825.jpg
1789658829702465176,1789658829790011930,1789658829702465176.jpg
1789658829735791602,1789658829825827726,1789658829735791602.jpg
1789658829769115933,1789658829857304568,1789658829769115933.jpg
1789658829802448329,1789658829889034678,1789658829802448329.jpg
1789658829835767938,1789658829925175777,1789658829835767938.jpg
1789658829869091644,1789658829957231765,1789658829869091644.jpg
1789658829902417051,1789658829993589634,1789658829902417051.jpg
1789658829935740517,1789658830025001830,1789658829935740517.jpg
1789658829969068328,1789658830057126778,1789658829969068328.jpg
1789658830002393405,1789658830090472072,1789658830002393405.jpg
1789658830035716019,1789658830122652240,1789658830035716019.jpg
1789658830069043306,1789658830159739139,1789658830069043306.jpg
1789658830102365905,1789658830191807182,1789658830102365905.jpg
1789658830135692644,1789658830224092495,1789658830135692644.jpg
1789658830169020003,1789658830256552412,1789658830169020003.jpg
1789658830202342951,1789658830291167900,1789658830202342951.jpg
1789658830235666882,1789658830324858663,1789658830235666882.jpg
1789658830268992474,1789658830357664309,1789658830268992474.jpg
1789658830302318921,1789658830390766592,1789658830302318921.jpg
1789658830335647070,1789658830428606833,1789658830335647070.jpg
1789658830368967780,1789658830458976420,1789658830368967780.jpg
1789658830402297157,1789658830491493039,1789658830402297157.jpg
1789658830435618280,1789658830522836775,1789658830435618280.jpg
1789658830468947697,1789658830557462022,1789658830468947697.jpg
1789658830502265341,1789658830590354535,1789658830502265341.jpg
1789658830535591444,1789658830623647237,1789658830535591444.jpg
1789658830568919112,1789658830661338892,1789658830568919112.jpg
1789658830602243086,1789658830687966391,1789658830602243086.jpg
1789658830635568254,1789658830724992736,1789658830635568254.jpg
1789658830668893569,1789658830761730073,1789658830668893569.jpg
1789658830702218409,1789658830791105973,1789658830702218409.jpg
1789658830735543570,1789658830824151795,1789658830735543570.jpg
1789658830768869089,1789658830857615492,1789658830768869089.jpg
1789658830802194265,1789658830888901970,1789658830802194265.jpg
1789658830835518052,1789658830924370353,1789658830835518052.jpg
1789658830868844697,1789658830958498377,1789658830868844697.jpg
1789658830902171692,1789658830990307393,1789658830902171692.jpg
1789658830935493683,1789658831022933305,1789658830935493683.jpg
1789658830968819619,1789658831058539239,1789658830968819619.jpg
1789658831002142553,1789658831091067710,1789658831002142553.jpg
1789658831035471270,1789658831124520444,1789658831035471270.jpg
1789658831068808801,1789658831156241518,1789658831068808801.jpg
1789658831102118560,1789658831192862008,1789658831102118560.jpg
1789658831135449574,1789658831224621081,1789658831135449574.jpg
1789658831168769415,1789658831258230495,1789658831168769415.jpg
1789658831202096399,1789658831292285114,1789658831202096399.jpg
1789658831235418473,1789658831322555149,1789658831235418473.jpg
1789658831268744958,1789658831356166951,1789658831268744958.jpg
1789658831302070455,1789658831392118965,1789658831302070455.jpg
1789658831335395037,1789658831424000589,1789658831335395037.jpg
1789658831368723836,1789658831457216535,1789658831368723836.jpg
1789658831402044216,1789658831492651142,1789658831402044216.jpg
1789658831435372649,1789658831525070173,1789658831435372649.jpg
1789658831468701274,1789658831558193085,1789658831468701274.jpg
1789658831502022265,1789658831591714632,1789658831502022265.jpg
1789658831535345614,1789658831624092868,1789658831535345614.jpg
1789658831568673245,1789658831657524417,1789658831568673245.jpg
1789658831601995868,1789658831690279454,1789658831601995868.jpg
1789658831635321880,1789658831723980235,1789658831635321880.jpg
1789658831668644878,1789658831756961375,1789658831668644878.jpg
1789658831701971146,1789658831790809613,1789658831701971146.jpg
1789658831735299793,1789658831824074946,1789658831735299793.jpg
1789658831768623397,1789658831858387297,1789658831768623397.jpg
1789658831801947211,1789658831889753385,1789658831801947211.jpg
1789658831835271613,1789658831924714138,1789658831835271613.jpg
1789658831868599470,1789658831957970694,1789658831868599470.jpg
1789658831901923313,1789658831989616975,1789658831901923313.jpg
1789658831935248111,1789658832023002156,1789658831935248111.jpg
1789658831968571807,1789658832057977891,1789658831968571807.jpg
1789658832001895563,1789658832090655968,1789658832001895563.jpg
1789658832035224007,1789658832124635980,1789658832035224007.jpg
1789658832068551293,1789658832157473107,1789658832068551293.jpg
1789658832101871705,1789658832190951692,1789658832101871705.jpg
1789658832135197191,1789658832225402723,1789658832135197191.jpg
1789658832168522609,1789658832256370677,1789658832168522609.jpg
1789658832201849821,1789658832291181455,1789658832201849821.jpg
1789658832235176014,1789658832324636412,1789658832235176014.jpg
1789658832268496921,1789658832357267583,1789658832268496921.jpg
1789658832301824431,1789658832390818592,1789658832301824431.jpg
1789658832335155615,1789658832421858895,1789658832335155615.jpg
1789658832368472170,1789658832456831981,1789658832368472170.jpg
1789658832401798582,1789658832491678276,1789658832401798582.jpg
1789658832435124201,1789658832524813430,1789658832435124201.jpg
1789658832468447406,1789658832555982135,1789658832468447406.jpg
1789658832501775592,1789658832589557995,1789658832501775592.jpg
1789658832535099055,1789658832624473843,1789658832535099055.jpg
1789658832568423593,1789658832657140050,1789658832568423593.jpg
1789658832601750098,1789658832690616858,1789658832601750098.jpg
1789658832635074906,1789658832722944799,1789658832635074906.jpg
1789658832668397266,1789658832756536251,1789658832668397266.jpg
1789658832701747782,1789658832791423804,1789658832701747782.jpg
1789658832735048457,1789658832822397591,1789658832735048457.jpg
1789658832768377460,1789658832860371365,1789658832768377460.jpg
1789658832801698313,1789658832890451444,1789658832801698313.jpg
1789658832835025695,1789658832924570599,1789658832835025695.jpg
1789658832868351573,1789658832956909040,1789658832868351573.jpg
1789658832901674062,1789658832989010823,1789658832901674062.jpg
1789658832934999491,1789658833024105757,1789658832934999491.jpg
1789658832968323937,1789658833055706041,1789658832968323937.jpg
1789658833001651912,1789658833090574928,1789658833001651912.jpg
1789658833034974745,1789658833123751506,1789658833034974745.jpg
1789658833068299822,1789658833156032283,1789658833068299822.jpg
1789658833101628683,1789658833190733194,1789658833101628683.jpg
1789658833134950355,1789658833225470734,1789658833134950355.jpg
1789658833168274835,1789658833255955076,1789658833168274835.jpg
1789658833201604837,1789658833291481625,1789658833201604837.jpg
1789658833234925461,1789658833322730958,1789658833234925461.jpg
1789658833268253190,1789658833357500478,1789658833268253190.jpg
1789658833301585010,1789658833390393326,1789658833301585010.jpg
1789658833334899833,1789658833424082589,1789658833334899833.jpg
1789658833368230076,1789658833458861294,1789658833368230076.jpg
1789658833401552090,1789658833491531909,1789658833401552090.jpg
1789658833434878651,1789658833523566417,1789658833434878651.jpg
1789658833468204041,1789658833556437895,1789658833468204041.jpg
1789658833501526875,1789658833589386870,1789658833501526875.jpg
1789658833534851114,1789658833626391254,1789658833534851114.jpg
1789658833568175616,1789658833657506481,1789658833568175616.jpg
1789658833601500405,1789658833690095228,1789658833601500405.jpg
1789658833634829974,1789658833725529224,1789658833634829974.jpg
1789658833668151144,1789658833756754688,1789658833668151144.jpg
1789658833701475924,1789658833789535928,1789658833701475924.jpg
1789658833734802409,1789658833822774819,1789658833734802409.jpg
1789658833768128430,1789658833858745907,1789658833768128430.jpg
1789658833801455971,1789658833890652586,1789658833801455971.jpg
1789658833834777540,1789658833923183669,1789658833834777540.jpg
1789658833868101603,1789658833956719697,1789658833868101603.jpg
1789658833901427498,1789658833990462458,1789658833901427498.jpg
1789658833934753997,1789658834023709367,1789658833934753997.jpg
1789658833968078600,1789658834055436998,1789658833968078600.jpg
1789658834001409907,1789658834087449933,1789658834001409907.jpg
1789658834034728414,1789658834124097978,1789658834034728414.jpg
1789658834068053009,1789658834156807610,1789658834068053009.jpg
1789658834101378113,1789658834189030390,1789658834101378113.jpg
1789658834134703646,1789658834221722300,1789658834134703646.jpg
1789658834168028167,1789658834255216849,1789658834168028167.jpg
1789658834201352778,1789658834291218399,1789658834201352778.jpg
1789658834234676177,1789658834324105969,1789658834234676177.jpg
1789658834268003151,1789658834355942651,1789658834268003151.jpg
1789658834301328547,1789658834390159970,1789658834301328547.jpg
1789658834334653469,1789658834422207052,1789658834334653469.jpg
1789658834367979160,1789658834457782969,1789658834367979160.jpg
1789658834401303272,1789658834490598098,1789658834401303272.jpg
1789658834434630549,1789658834522954521,1789658834434630549.jpg
1789658834467953667,1789658834555655227,1789658834467953667.jpg
1789658834501278397,1789658834590566224,1789658834501278397.jpg
1789658834534605362,1789658834623964258,1789658834534605362.jpg
1789658834567927974,1789658834655917991,1789658834567927974.jpg
1789658834601262574,1789658834693300491,1789658834601262574.jpg
1789658834634579852,1789658834727025698,1789658834634579852.jpg
1789658834667909874,1789658834756897877,1789658834667909874.jpg
1789658834701229825,1789658834789256133,1789658834701229825.jpg
1789658834734556122,1789658834822975062,1789658834734556122.jpg
1789658834767882263,1789658834854518848,1789658834767882263.jpg
1789658834801204203,1789658834890337349,1789658834801204203.jpg
1789658834834529837,1789658834923049166,1789658834834529837.jpg
1789658834867856531,1789658834955802297,1789658834867856531.jpg
1789658834901179119,1789658834991905418,1789658834901179119.jpg
1789658834934506267,1789658835024811173,1789658834934506267.jpg
1789658834967830836,1789658835055987842,1789658834967830836.jpg
1789658835001156473,1789658835090217494,1789658835001156473.jpg
1789658835034483490,1789658835123238930,1789658835034483490.jpg
1789658835067805759,1789658835156357936,1789658835067805759.jpg
1789658835101129208,1789658835190646845,1789658835101129208.jpg
1789658835134455962,1789658835222652448,1789658835134455962.jpg
1789658835167783916,1789658835255421633,1789658835167783916.jpg
1789658835201109817,1789658835290019587,1789658835201109817.jpg
1789658835234432767,1789658835322885121,1789658835234432767.jpg
1789658835267757184,1789658835355245729,1789658835267757184.jpg
1789658835301090933,1789658835390118080,1789658835301090933.jpg
1789658835334407057,1789658835422235159,1789658835334407057.jpg
1789658835367733747,1789658835458492201,1789658835367733747.jpg
1789658835401057784,1789658835489651815,1789658835401057784.jpg
1789658835434382227,1789658835524723955,1789658835434382227.jpg
1789658835467705403,1789658835557733317,1789658835467705403.jpg
1789658835501032107,1789658835590648831,1789658835501032107.jpg
1789658835534357166,1789658835623070900,1789658835534357166.jpg
1789658835567681408,1789658835655986025,1789658835567681408.jpg
1789658835601006327,1789658835690495426,1789658835601006327.jpg
1789658835634331353,1789658835723902385,1789658835634331353.jpg
1789658835667658062,1789658835759312142,1789658835667658062.jpg
1789658835700981717,1789658835790020347,1789658835700981717.jpg
1789658835734304508,1789658835824496212,1789658835734304508.jpg
1789658835767634386,1789658835858053610,1789658835767634386.jpg
1789658835800957769,1789658835888121264,1789658835800957769.jpg
1789658835834283942,1789658835922708681,1789658835834283942.jpg
1789658835867607818,1789658835957455277,1789658835867607818.jpg
1789658835900934293,1789658835990347032,1789658835900934293.jpg
1789658835934260474,1789658836024089813,1789658835934260474.jpg
1789658835967582201,1789658836057861315,1789658835967582201.jpg
1789658836000908003,1789658836089449247,1789658836000908003.jpg
1789658836034232453,1789658836122832004,1789658836034232453.jpg
1789658836067557878,1789658836158475364,1789658836067557878.jpg
1789658836100883650,1789658836190245994,1789658836100883650.jpg
1789658836134207721,1789658836226263192,1789658836134207721.jpg
1789658836167532454,1789658836256115243,1789658836167532454.jpg
1789658836200857580,1789658836289925207,1789658836200857580.jpg
1789658836234184451,1789658836322354739,1789658836234184451.jpg
1789658836267510570,1789658836355665072,1789658836267510570.jpg
1789658836300833053,1789658836389799857,1789658836300833053.jpg
1789658836334162305,1789658836423484251,1789658836334162305.jpg
1789658836367484469,1789658836456632683,1789658836367484469.jpg
1789658836400811072,1789658836489735598,1789658836400811072.jpg
1789658836434135743,1789658836522013598,1789658836434135743.jpg
1789658836467458081,1789658836557613052,1789658836467458081.jpg
1789658836500785175,1789658836590603453,1789658836500785175.jpg
1789658836534110414,1789658836623166220,1789658836534110414.jpg
1789658836567437384,1789658836657080995,1789658836567437384.jpg
1789658836600759371,1789658836691767982,1789658836600759371.jpg
1789658836634086645,1789658836722514927,1789658836634086645.jpg
1789658836667412507,1789658836758019218,1789658836667412507.jpg
1789658836700736523,1789658836789604428,1789658836700736523.jpg
1789658836734059369,1789658836823937299,1789658836734059369.jpg
1789658836767383810,1789658836856894830,1789658836767383810.jpg
1789658836800711413,1789658836889134424,1789658836800711413.jpg
1789658836834039252,1789658836923296764,1789658836834039252.jpg
1789658836867360051,1789658836957393809,1789658836867360051.jpg
1789658836900685194,1789658836990028519,1789658836900685194.jpg
1789658836934010553,1789658837020084452,1789658836934010553.jpg
1789658836967335932,1789658837054027466,1789658836967335932.jpg
1789658837000661458,1789658837092338786,1789658837000661458.jpg
1789658837033986949,1789658837123249614,1789658837033986949.jpg
1789658837067314053,1789658837155258216,1789658837067314053.jpg
1789658837100638387,1789658837190384559,1789658837100638387.jpg
1789658837133960872,1789658837222881347,1789658837133960872.jpg
1789658837167288546,1789658837258291309,1789658837167288546.jpg
1789658837200612398,1789658837291083680,1789658837200612398.jpg
1789658837233935626,1789658837322457546,1789658837233935626.jpg
1789658837267261991,1789658837357589685,1789658837267261991.jpg
1789658837300585485,1789658837388998957,1789658837300585485.jpg
1789658837333912709,1789658837424726500,1789658837333912709.jpg
1789658837367238333,1789658837456201530,1789658837367238333.jpg
1789658837400562003,1789658837489949884,1789658837400562003.jpg
1789658837433890762,1789658837522267513,1789658837433890762.jpg
1789658837467212157,1789658837556557997,1789658837467212157.jpg
1789658837500538254,1789658837592688802,1789658837500538254.jpg
1789658837533863232,1789658837621764474,1789658837533863232.jpg
1789658837567186938,1789658837657144233,1789658837567186938.jpg
1789658837600512639,1789658837688495804,1789658837600512639.jpg
1789658837633836726,1789658837722121423,1789658837633836726.jpg
1789658837667163481,1789658837756015495,1789658837667163481.jpg
1789658837700486829,1789658837789796700,1789658837700486829.jpg
1789658837733813207,1789658837821279026,1789658837733813207.jpg
1789658837767138971,1789658837855026455,1789658837767138971.jpg
1789658837800465837,1789658837888967451,1789658837800465837.jpg
1789658837833787519,1789658837926435394,1789658837833787519.jpg
1789658837867112965,1789658837954295794,1789658837867112965.jpg
1789658837900437490,1789658837992022635,1789658837900437490.jpg
1789658837933763020,1789658838022397371,1789658837933763020.jpg
1789658837967088540,1789658838054096078,1789658837967088540.jpg
1789658838000412898,1789658838089033391,1789658838000412898.jpg
1789658838033738363,1789658838123874669,1789658838033738363.jpg
1789658838067064880,1789658838154843106,1789658838067064880.jpg
1789658838100389194,1789658838189564834,1789658838100389194.jpg
1789658838133714295,1789658838224298579,1789658838133714295.jpg
1789658838167043330,1789658838258929588,1789658838167043330.jpg
1789658838200363543,1789658838290379508,1789658838200363543.jpg
1789658838233691111,1789658838323355131,1789658838233691111.jpg
1789658838267015217,1789658838355276201,1789658838267015217.jpg
1789658838300342575,1789658838392756754,1789658838300342575.jpg
1789658838333665354,1789658838423268097,1789658838333665354.jpg
1789658838366990511,1789658838455753331,1789658838366990511.jpg
1789658838400315028,1789658838487101532,1789658838400315028.jpg
1789658838433638992,1789658838522276928,1789658838433638992.jpg
1789658838466967005,1789658838556984601,1789658838466967005.jpg
1789658838500290771,1789658838587616624,1789658838500290771.jpg
1789658838533614389,1789658838621394608,1789658838533614389.jpg
1789658838566943973,1789658838657038506,1789658838566943973.jpg
1789658838600264043,1789658838691009779,1789658838600264043.jpg
1789658838633591678,1789658838723719949,1789658838633591678.jpg
1789658838666916840,1789658838756249293,1789658838666916840.jpg
1789658838700241461,1789658838787561625,1789658838700241461.jpg
1789658838733565167,1789658838821785944,1789658838733565167.jpg
1789658838766890579,1789658838854957172,1789658838766890579.jpg
1789658838800215003,1789658838890822414,1789658838800215003.jpg
1789658838833542229,1789658838920967640,1789658838833542229.jpg
1789658838866864617,1789658838958465823,1789658838866864617.jpg
1789658838900190300,1789658838989373892,1789658838900190300.jpg
1789658838933516778,1789658839021092728,1789658838933516778.jpg
1789658838966841608,1789658839057186647,1789658838966841608.jpg
1789658839000167445,1789658839089461000,1789658839000167445.jpg
1789658839033491923,1789658839122801685,1789658839033491923.jpg
1789658839066816357,1789658839154368156,1789658839066816357.jpg
1789658839100141407,1789658839189582662,1789658839100141407.jpg
1789658839133470151,1789658839223379460,1789658839133470151.jpg
1789658839166791323,1789658839256569577,1789658839166791323.jpg
1789658839200115758,1789658839287874521,1789658839200115758.jpg
1789658839233445475,1789658839323114156,1789658839233445475.jpg
1789658839266765069,1789658839355612001,1789658839266765069.jpg
1789658839300092153,1789658839390198011,1789658839300092153.jpg
1789658839333416692,1789658839420468381,1789658839333416692.jpg
1789658839366741753,1789658839454316603,1789658839366741753.jpg
1789658839400067786,1789658839488915984,1789658839400067786.jpg
1789658839433392699,1789658839525120139,1789658839433392699.jpg
1789658839466719344,1789658839553127739,1789658839466719344.jpg
1789658839500041430,1789658839585895075,1789658839500041430.jpg
1789658839533370253,1789658839622716782,1789658839533370253.jpg
1789658839566698361,1789658839656479748,1789658839566698361.jpg
1789658839600018215,1789658839690401246,1789658839600018215.jpg
1789658839633343298,1789658839722162414,1789658839633343298.jpg
1789658839666666216,1789658839756763757,1789658839666666216.jpg
1789658839699994850,1789658839789900764,1789658839699994850.jpg
1789658839733319985,1789658839823074140,1789658839733319985.jpg
1789658839766643436,1789658839854318882,1789658839766643436.jpg
1789658839799968440,1789658839889581776,1789658839799968440.jpg
1789658839833293256,1789658839923248319,1789658839833293256.jpg
1789658839866618947,1789658839955384196,1789658839866618947.jpg
1789658839899944437,1789658839989697328,1789658839899944437.jpg
1789658839933268111,1789658840022283651,1789658839933268111.jpg
1789658839966593185,1789658840055673816,1789658839966593185.jpg
1789658839999919358,1789658840088044277,1789658839999919358.jpg
1789658840033245388,1789658840123591790,1789658840033245388.jpg
1789658840066569680,1789658840158393478,1789658840066569680.jpg
1789658840099894823,1789658840190157276,1789658840099894823.jpg
1789658840133217800,1789658840225048683,1789658840133217800.jpg
1789658840166551861,1789658840254838015,1789658840166551861.jpg
1789658840199870045,1789658840290058855,1789658840199870045.jpg
1789658840233194885,1789658840323880338,1789658840233194885.jpg
1789658840266519165,1789658840354299944,1789658840266519165.jpg
1789658840299845327,1789658840389284866,1789658840299845327.jpg
1789658840333168643,1789658840424249419,1789658840333168643.jpg
1789658840366495502,1789658840456699488,1789658840366495502.jpg
1789658840399819919,1789658840487500154,1789658840399819919.jpg
1789658840433144471,1789658840525006374,1789658840433144471.jpg
1789658840466470999,1789658840555593214,1789658840466470999.jpg
1789658840499794194,1789658840590143041,1789658840499794194.jpg
1789658840533119368,1789658840622188014,1789658840533119368.jpg
1789658840566446547,1789658840656591939,1789658840566446547.jpg
1789658840599773246,1789658840689844646,1789658840599773246.jpg
1789658840633096620,1789658840722387786,1789658840633096620.jpg
1789658840666420939,1789658840755515831,1789658840666420939.jpg
1789658840699745333,1789658840788284833,1789658840699745333.jpg
1789658840733072630,1789658840821602352,1789658840733072630.jpg
1789658840766396486,1789658840855240823,1789658840766396486.jpg
1789658840799722601,1789658840888744299,1789658840799722601.jpg
1789658840833046684,1789658840921241682,1789658840833046684.jpg
1789658840866373826,1789658840954797637,1789658840866373826.jpg
1789658840899696820,1789658840990737506,1789658840899696820.jpg
1789658840933021359,1789658841022621448,1789658840933021359.jpg
1789658840966347526,1789658841057317881,1789658840966347526.jpg
1789658840999670972,1789658841088590086,1789658840999670972.jpg
1789658841033000067,1789658841120937881,1789658841033000067.jpg
1789658841066325468,1789658841154635147,1789658841066325468.jpg
1789658841099647475,1789658841191104886,1789658841099647475.jpg
1789658841132972726,1789658841219900180,1789658841132972726.jpg
1789658841166296872,1789658841254676073,1789658841166296872.jpg
1789658841199622612,1789658841290845953,1789658841199622612.jpg
1789658841232946286,1789658841322911611,1789658841232946286.jpg
1789658841266273248,1789658841354441954,1789658841266273248.jpg
1789658841299597247,1789658841388145368,1789658841299597247.jpg
1789658841332922372,1789658841421683768,1789658841332922372.jpg
1789658841366250277,1789658841456481346,1789658841366250277.jpg
1789658841399575237,1789658841487862565,1789658841399575237.jpg
1789658841432898687,1789658841521997463,1789658841432898687.jpg
1789658841466228240,1789658841553075915,1789658841466228240.jpg
1789658841499548587,1789658841587241201,1789658841499548587.jpg
1789658841532877440,1789658841624513171,1789658841532877440.jpg
1789658841566206737,1789658841654799004,1789658841566206737.jpg
1789658841599522537,1789658841688024545,1789658841599522537.jpg
1789658841632848971,1789658841722516671,1789658841632848971.jpg
1789658841666172008,1789658841756598626,1789658841666172008.jpg
1789658841699501834,1789658841789404275,1789658841699501834.jpg
1789658841732823094,1789658841821105335,1789658841732823094.jpg
1789658841766148925,1789658841856464540,1789658841766148925.jpg
1789658841799473140,1789658841889558124,1789658841799473140.jpg
1789658841832798746,1789658841921710019,1789658841832798746.jpg
1789658841866124338,1789658841955434135,1789658841866124338.jpg
1789658841899448947,1789658841989075292,1789658841899448947.jpg
1789658841932776489,1789658842023772929,1789658841932776489.jpg
1789658841966099784,1789658842056525358,1789658841966099784.jpg
1789658841999425130,1789658842091258253,1789658841999425130.jpg
1789658842032753479,1789658842123856225,1789658842032753479.jpg
1789658842066074769,1789658842154972843,1789658842066074769.jpg
1789658842099399388,1789658842188291641,1789658842099399388.jpg
1789658842132724729,1789658842222475148,1789658842132724729.jpg
1789658842166050404,1789658842255332055,1789658842166050404.jpg
1789658842199375963,1789658842289226203,1789658842199375963.jpg
1789658842232699436,1789658842321628608,1789658842232699436.jpg
1789658842266025688,1789658842354861668,1789658842266025688.jpg
1789658842299350233,1789658842387911272,1789658842299350233.jpg
1789658842332674357,1789658842422291328,1789658842332674357.jpg
1789658842366002145,1789658842457171292,1789658842366002145.jpg
1789658842399325013,1789658842489451312,1789658842399325013.jpg
1789658842432652662,1789658842522564580,1789658842432652662.jpg
1789658842465977332,1789658842555157182,1789658842465977332.jpg
1789658842499300576,1789658842590084459,1789658842499300576.jpg
1789658842532627001,1789658842622233651,1789658842532627001.jpg
1789658842565952040,1789658842654801439,1789658842565952040.jpg
1789658842599275963,1789658842690585870,1789658842599275963.jpg
1789658842632600828,1789658842721512217,1789658842632600828.jpg
1789658842665925062,1789658842757431940,1789658842665925062.jpg
1789658842699252016,1789658842789364917,1789658842699252016.jpg
1789658842732576686,1789658842821899447,1789658842732576686.jpg
1789658842765900892,1789658842860745805,1789658842765900892.jpg
1789658842799227523,1789658842888963787,1789658842799227523.jpg
1789658842832551214,1789658842921682513,1789658842832551214.jpg
1789658842865876466,1789658842955542458,1789658842865876466.jpg
1789658842899199921,1789658842988794685,1789658842899199921.jpg
1789658842932529158,1789658843022638649,1789658842932529158.jpg
1789658842965854645,1789658843055185753,1789658842965854645.jpg
1789658842999179316,1789658843093120755,1789658842999179316.jpg
1789658843032503776,1789658843121915457,1789658843032503776.jpg
1789658843065829321,1789658843154022632,1789658843065829321.jpg
1789658843099156210,1789658843186385705,1789658843099156210.jpg
1789658843132478739,1789658843220115841,1789658843132478739.jpg
1789658843165803674,1789658843255061432,1789658843165803674.jpg
1789658843199133765,1789658843289106685,1789658843199133765.jpg
1789658843232452116,1789658843322120365,1789658843232452116.jpg
1789658843265782772,1789658843356043771,1789658843265782772.jpg
1789658843299103322,1789658843388324884,1789658843299103322.jpg
1789658843332428427,1789658843422099740,1789658843332428427.jpg
1789658843365753662,1789658843455815172,1789658843365753662.jpg
1789658843399079153,1789658843488309685,1789658843399079153.jpg
1789658843432404498,1789658843521532561,1789658843432404498.jpg
1789658843465728941,1789658843554753177,1789658843465728941.jpg
1789658843499055385,1789658843589853337,1789658843499055385.jpg
1789658843532383065,1789658843620750852,1789658843532383065.jpg
1789658843565704455,1789658843653608000,1789658843565704455.jpg
1789658843599030709,1789658843689133349,1789658843599030709.jpg
1789658843632354714,1789658843722161824,1789658843632354714.jpg
1789658843665679228,1789658843754525657,1789658843665679228.jpg
1789658843699007433,1789658843787613500,1789658843699007433.jpg
1789658843732329686,1789658843820342708,1789658843732329686.jpg
1789658843765654721,1789658843856794282,1789658843765654721.jpg
1789658843798980662,1789658843888333774,1789658843798980662.jpg
1789658843832307647,1789658843921748791,1789658843832307647.jpg
1789658843865629752,1789658843955931577,1789658843865629752.jpg
1789658843898955088,1789658843989306429,1789658843898955088.jpg
1789658843932281066,1789658844022619264,1789658843932281066.jpg
1789658843965606108,1789658844054461857,1789658843965606108.jpg
1789658843998934262,1789658844085661954,1789658843998934262.jpg
1789658844032255809,1789658844123038902,1789658844032255809.jpg
1789658844065580327,1789658844155554193,1789658844065580327.jpg
1789658844098906043,1789658844190549282,1789658844098906043.jpg
1789658844132231016,1789658844221466149,1789658844132231016.jpg
1789658844165557826,1789658844255295133,1789658844165557826.jpg
1789658844198881828,1789658844288251148,1789658844198881828.jpg
1789658844232206769,1789658844323980860,1789658844232206769.jpg
1789658844265535585,1789658844355653625,1789658844265535585.jpg
1789658844298857003,1789658844387283817,1789658844298857003.jpg
1789658844332184673,1789658844420525526,1789658844332184673.jpg
1789658844365506555,1789658844455976600,1789658844365506555.jpg
1789658844398830944,1789658844487178771,1789658844398830944.jpg
1789658844432156866,1789658844522182768,1789658844432156866.jpg
1789658844465482154,1789658844554733612,1789658844465482154.jpg
1789658844498807347,1789658844590239832,1789658844498807347.jpg
1789658844532135883,1789658844619668456,1789658844532135883.jpg
1789658844565457185,1789658844654576382,1789658844565457185.jpg
1789658844598781858,1789658844688581804,1789658844598781858.jpg
1789658844632107024,1789658844720220682,1789658844632107024.jpg
1789658844665436100,1789658844754390005,1789658844665436100.jpg
1789658844698760640,1789658844787666823,1789658844698760640.jpg
1789658844732083556,1789658844821589767,1789658844732083556.jpg
1789658844765407112,1789658844852855528,1789658844765407112.jpg
1789658844798731417,1789658844886938336,1789658844798731417.jpg
1789658844832059727,1789658844922282210,1789658844832059727.jpg
1789658844865394332,1789658844952454659,1789658844865394332.jpg
1789658844898707399,1789658844990153133,1789658844898707399.jpg
1789658844932032898,1789658845023347676,1789658844932032898.jpg
1789658844965358477,1789658845054167825,1789658844965358477.jpg
1789658844998683847,1789658845088060603,1789658844998683847.jpg
1789658845032009064,1789658845123068618,1789658845032009064.jpg
1789658845065334353,1789658845153333564,1789658845065334353.jpg
1789658845098661121,1789658845189130996,1789658845098661121.jpg
1789658845131983386,1789658845221514013,1789658845131983386.jpg
1789658845165313404,1789658845254890255,1789658845165313404.jpg
1789658845198632589,1789658845289972101,1789658845198632589.jpg
1789658845231957660,1789658845322592184,1789658845231957660.jpg
1789658845265286003,1789658845355179620,1789658845265286003.jpg
1789658845298617446,1789658845389946645,1789658845298617446.jpg
1789658845331934345,1789658845423080024,1789658845331934345.jpg
1789658845365258764,1789658845454750938,1789658845365258764.jpg
1789658845398585699,1789658845488022146,1789658845398585699.jpg
1789658845431909177,1789658845521116582,1789658845431909177.jpg
1789658845465232278,1789658845556924940,1789658845465232278.jpg
1789658845498559230,1789658845588450970,1789658845498559230.jpg
1789658845531884622,1789658845621593904,1789658845531884622.jpg
1789658845565219856,1789658845654732487,1789658845565219856.jpg
1789658845598535724,1789658845688209095,1789658845598535724.jpg
1789658845631859540,1789658845720368362,1789658845631859540.jpg
1789658845665194229,1789658845756568409,1789658845665194229.jpg
1789658845698510203,1789658845789091366,1789658845698510203.jpg
1789658845731838500,1789658845820453105,1789658845731838500.jpg
1789658845765162294,1789658845854961750,1789658845765162294.jpg
1789658845798485833,1789658845889441044,1789658845798485833.jpg
1789658845831812202,1789658845920384910,1789658845831812202.jpg
1789658845865135820,1789658845952578064,1789658845865135820.jpg
1789658845898464223,1789658845988873811,1789658845898464223.jpg
1789658845931786258,1789658846022208054,1789658845931786258.jpg
1789658845965111197,1789658846053536666,1789658845965111197.jpg
1789658845998436083,1789658846088629030,1789658845998436083.jpg
1789658846031761472,1789658846119893552,1789658846031761472.jpg
1789658846065090864,1789658846155460992,1789658846065090864.jpg
1789658846098410922,1789658846188570298,1789658846098410922.jpg
1789658846131737231,1789658846220705381,1789658846131737231.jpg
1789658846165065759,1789658846256772766,1789658846165065759.jpg
1789658846198386519,1789658846288188726,1789658846198386519.jpg
1789658846231712741,1789658846324822961,1789658846231712741.jpg
1789658846265035936,1789658846352970206,1789658846265035936.jpg
1789658846298362547,1789658846388346079,1789658846298362547.jpg
1789658846331690501,1789658846420832612,1789658846331690501.jpg
1789658846365013216,1789658846454507398,1789658846365013216.jpg
1789658846398337873,1789658846486755014,1789658846398337873.jpg
1789658846431677809,1789658846519888394,1789658846431677809.jpg
1789658846464986397,1789658846558826898,1789658846464986397.jpg
1789658846498315674,1789658846587930682,1789658846498315674.jpg
1789658846531638433,1789658846620283812,1789658846531638433.jpg
1789658846564963538,1789658846653846473,1789658846564963538.jpg
1789658846598294450,1789658846687986724,1789658846598294450.jpg
1789658846631613253,1789658846720172064,1789658846631613253.jpg
1789658846664937904,1789658846753093673,1789658846664937904.jpg
1789658846698262578,1789658846786265922,1789658846698262578.jpg
1789658846731589658,1789658846827205317,1789658846731589658.jpg
1789658846764915446,1789658846852966555,1789658846764915446.jpg
1789658846798240866,1789658846887553808,1789658846798240866.jpg
1789658846831565309,1789658846922727022,1789658846831565309.jpg
1789658846864889044,1789658846954200999,1789658846864889044.jpg
1789658846898213834,1789658846989385823,1789658846898213834.jpg
1789658846931540458,1789658847021761305,1789658846931540458.jpg
1789658846964864018,1789658847055191322,1789658846964864018.jpg
1789658846998190691,1789658847090635804,1789658846998190691.jpg
1789658847031515304,1789658847123103690,1789658847031515304.jpg
1789658847064839996,1789658847154997670,1789658847064839996.jpg
1789658847098163738,1789658847188050812,1789658847098163738.jpg
1789658847131496093,1789658847227559148,1789658847131496093.jpg
1789658847164817903,1789658847251529432,1789658847164817903.jpg
1789658847198139826,1789658847285445969,1789658847198139826.jpg
1789658847231468057,1789658847323099798,1789658847231468057.jpg
1789658847264790035,1789658847354418428,1789658847264790035.jpg
1789658847298116882,1789658847387178341,1789658847298116882.jpg
1789658847331439249,1789658847422106397,1789658847331439249.jpg
1789658847364765013,1789658847455548247,1789658847364765013.jpg
1789658847398094674,1789658847490151278,1789658847398094674.jpg
1789658847431415949,1789658847521516000,1789658847431415949.jpg
1789658847464742588,1789658847554183230,1789658847464742588.jpg
1789658847498066239,1789658847588107045,1789658847498066239.jpg
1789658847531390579,1789658847620560209,1789658847531390579.jpg
1789658847564716868,1789658847655559892,1789658847564716868.jpg
1789658847598041135,1789658847686645827,1789658847598041135.jpg
1789658847631367048,1789658847719201136,1789658847631367048.jpg
1789658847664729844,1789658847754804630,1789658847664729844.jpg
1789658847698090200,1789658847788758166,1789658847698090200.jpg
1789658847731455931,1789658847822606632,1789658847731455931.jpg
1789658847764817582,1789658847852355319,1789658847764817582.jpg
1789658847798193634,1789658847888926946,1789658847798193634.jpg
1789658847831543771,1789658847922891499,1789658847831543771.jpg
1789658847864906530,1789658847954126948,1789658847864906530.jpg
1789658847898270228,1789658847988196591,1789658847898270228.jpg
1789658847931631261,1789658848021267640,1789658847931631261.jpg
1789658847964996504,1789658848054140863,1789658847964996504.jpg
1789658847998359630,1789658848087104250,1789658847998359630.jpg
1789658848031720534,1789658848120188039,1789658848031720534.jpg
1789658848065085650,1789658848157061803,1789658848065085650.jpg
1789658848098444908,1789658848187961338,1789658848098444908.jpg
1789658848131811279,1789658848222812861,1789658848131811279.jpg
1789658848165183609,1789658848256467815,1789658848165183609.jpg
1789658848198535464,1789658848290611992,1789658848198535464.jpg
1789658848231898334,1789658848322078451,1789658848231898334.jpg
1789658848265262028,1789658848353893583,1789658848265262028.jpg
1789658848298625191,1789658848386495205,1789658848298625191.jpg
1789658848331986593,1789658848421969519,1789658848331986593.jpg
1789658848365351188,1789658848453910443,1789658848365351188.jpg
1789658848398674610,1789658848488233076,1789658848398674610.jpg
1789658848432000257,1789658848522380976,1789658848432000257.jpg
1789658848465325975,1789658848556691184,1789658848465325975.jpg
1789658848498653990,1789658848587631088,1789658848498653990.jpg
1789658848531974820,1789658848620949480,1789658848531974820.jpg
1789658848565301270,1789658848655615491,1789658848565301270.jpg
1789658848598624265,1789658848689215299,1789658848598624265.jpg
1789658848631955479,1789658848721696370,1789658848631955479.jpg
1789658848665275803,1789658848757041744,1789658848665275803.jpg
1789658848698599456,1789658848788635328,1789658848698599456.jpg
1789658848731928419,1789658848822545014,1789658848731928419.jpg
1789658848765250818,1789658848854300333,1789658848765250818.jpg
1789658848798580689,1789658848887312996,1789658848798580689.jpg
1789658848831904402,1789658848922394176,1789658848831904402.jpg
1789658848865226400,1789658848954488798,1789658848865226400.jpg
1789658848898557440,1789658848988643530,1789658848898557440.jpg
1789658848931876356,1789658849020592954,1789658848931876356.jpg
1789658848965203245,1789658849056397090,1789658848965203245.jpg
1789658848998527966,1789658849086621261,1789658848998527966.jpg
1789658849031851244,1789658849121699164,1789658849031851244.jpg
1789658849065177090,1789658849153676568,1789658849065177090.jpg
1789658849098501864,1789658849188194880,1789658849098501864.jpg
1789658849131830191,1789658849222676638,1789658849131830191.jpg
1789658849165163712,1789658849255568861,1789658849165163712.jpg
1789658849198477003,1789658849288321348,1789658849198477003.jpg
1789658849231806596,1789658849324426066,1789658849231806596.jpg
1789658849265130026,1789658849356437524,1789658849265130026.jpg
1789658849298452564,1789658849388310858,1789658849298452564.jpg
1789658849331779548,1789658849423258507,1789658849331779548.jpg
1789658849365102955,1789658849455651766,1789658849365102955.jpg
1789658849398428926,1789658849486199832,1789658849398428926.jpg
1789658849431752349,1789658849520813382,1789658849431752349.jpg
1789658849465078069,1789658849553994761,1789658849465078069.jpg
1789658849498405411,1789658849587387077,1789658849498405411.jpg
1789658849531727258,1789658849621870946,1789658849531727258.jpg
1789658849565054125,1789658849654072305,1789658849565054125.jpg
1789658849598378511,1789658849686190759,1789658849598378511.jpg
1789658849631706968,1789658849721892621,1789658849631706968.jpg
1789658849665028187,1789658849753339044,1789658849665028187.jpg
1789658849698353649,1789658849787035331,1789658849698353649.jpg
1789658849731682913,1789658849819605954,1789658849731682913.jpg
1789658849765003538,1789658849854823519,1789658849765003538.jpg
1789658849798331289,1789658849890441773,1789658849798331289.jpg
1789658849831653520,1789658849920721127,1789658849831653520.jpg
1789658849864979402,1789658849953624497,1789658849864979402.jpg
1789658849898305036,1789658849987796378,1789658849898305036.jpg
1789658849931628019,1789658850024213659,1789658849931628019.jpg
1789658849964956095,1789658850055640120,1789658849964956095.jpg
1789658849998279805,1789658850086770221,1789658849998279805.jpg
1789658850031607663,1789658850121603763,1789658850031607663.jpg
1789658850064933973,1789658850155958248,1789658850064933973.jpg
1789658850098254371,1789658850188175348,1789658850098254371.jpg
1789658850131588910,1789658850221369893,1789658850131588910.jpg
1789658850164904875,1789658850253844427,1789658850164904875.jpg
1789658850198229635,1789658850287073120,1789658850198229635.jpg
1789658850231563369,1789658850323229559,1789658850231563369.jpg
1789658850264879933,1789658850355991786,1789658850264879933.jpg
1789658850298206410,1789658850387295511,1789658850298206410.jpg
1789658850331530275,1789658850423394915,1789658850331530275.jpg
1789658850364854602,1789658850455810248,1789658850364854602.jpg
1789658850398180079,1789658850488389704,1789658850398180079.jpg
1789658850431552707,1789658850520975494,1789658850431552707.jpg
1789658850464832246,1789658850555729613,1789658850464832246.jpg
1789658850498171236,1789658850586054910,1789658850498171236.jpg
1789658850531484047,1789658850621354565,1789658850531484047.jpg
1789658850564806835,1789658850653289452,1789658850564806835.jpg
1789658850598131011,1789658850685134824,1789658850598131011.jpg
1789658850631458901,1789658850721304910,1789658850631458901.jpg
1789658850664781219,1789658850752701724,1789658850664781219.jpg
1789658850698105816,1789658850789189892,1789658850698105816.jpg
1789658850731433078,1789658850819592778,1789658850731433078.jpg
1789658850764757558,1789658850855222718,1789658850764757558.jpg
1789658850798081549,1789658850887975686,1789658850798081549.jpg
1789658850831407886,1789658850918459293,1789658850831407886.jpg
1789658850864733106,1789658850954653267,1789658850864733106.jpg
1789658850898059137,1789658850988128265,1789658850898059137.jpg
1789658850931382047,1789658851020703981,1789658850931382047.jpg
1789658850964708110,1789658851054075280,1789658850964708110.jpg
1789658850998032172,1789658851089041725,1789658850998032172.jpg
1789658851031359011,1789658851119213213,1789658851031359011.jpg
1789658851064684703,1789658851151175229,1789658851064684703.jpg
1789658851098046337,1789658851188600771,1789658851098046337.jpg
1789658851131410103,1789658851223215284,1789658851131410103.jpg
1789658851164772296,1789658851255482011,1789658851164772296.jpg
1789658851198096467,1789658851289401327,1789658851198096467.jpg
1789658851231428740,1789658851320830344,1789658851231428740.jpg
1789658851264747759,1789658851353073276,1789658851264747759.jpg
1789658851298072605,1789658851391607315,1789658851298072605.jpg
1789658851331397202,1789658851421963388,1789658851331397202.jpg
1789658851364723081,1789658851453318852,1789658851364723081.jpg
1789658851398049794,1789658851487749872,1789658851398049794.jpg
1789658851431372218,1789658851521914087,1789658851431372218.jpg
1789658851464698619,1789658851559631525,1789658851464698619.jpg
1789658851498020330,1789658851586697329,1789658851498020330.jpg
1789658851531349957,1789658851621303916,1789658851531349957.jpg
1789658851564678314,1789658851655250287,1789658851564678314.jpg
1789658851597997775,1789658851685548974,1789658851597997775.jpg
1789658851631324177,1789658851722799633,1789658851631324177.jpg
1789658851664649438,1789658851755739706,1789658851664649438.jpg
1789658851697974121,1789658851787606041,1789658851697974121.jpg
1789658851731297809,1789658851821965822,1789658851731297809.jpg
1789658851764634144,1789658851853478947,1789658851764634144.jpg
1789658851797949120,1789658851888357395,1789658851797949120.jpg
1789658851831273923,1789658851921699880,1789658851831273923.jpg
1789658851864601193,1789658851954045253,1789658851864601193.jpg
1789658851897923172,1789658851987403756,1789658851897923172.jpg
1789658851931255209,1789658852020920216,1789658851931255209.jpg
1789658851964576970,1789658852054929455,1789658851964576970.jpg
1789658851997899807,1789658852086096463,1789658851997899807.jpg
1789658852031226961,1789658852120579407,1789658852031226961.jpg
1789658852064548834,1789658852153571071,1789658852064548834.jpg
1789658852097874510,1789658852188057015,1789658852097874510.jpg
1789658852131200998,1789658852221902297,1789658852131200998.jpg
1789658852164525213,1789658852254359648,1789658852164525213.jpg
1789658852197849983,1789658852286323701,1789658852197849983.jpg
1789658852231174929,1789658852320568654,1789658852231174929.jpg
1789658852264503911,1789658852352585187,1789658852264503911.jpg
1789658852297825723,1789658852387788142,1789658852297825723.jpg
1789658852331152250,1789658852420762215,1789658852331152250.jpg
1789658852364480056,1789658852455118941,1789658852364480056.jpg
1789658852397799748,1789658852487986388,1789658852397799748.jpg
1789658852431130676,1789658852520487570,1789658852431130676.jpg
1789658852464450774,1789658852554788669,1789658852464450774.jpg
1789658852497776897,1789658852590041418,1789658852497776897.jpg
1789658852531103858,1789658852619586337,1789658852531103858.jpg
1789658852564425862,1789658852653630519,1789658852564425862.jpg
1789658852597752370,1789658852688535318,1789658852597752370.jpg
1789658852631076603,1789658852722171441,1789658852631076603.jpg
1789658852664401089,1789658852753498795,1789658852664401089.jpg
1789658852697730042,1789658852786187896,1789658852697730042.jpg
1789658852731051385,1789658852821702674,1789658852731051385.jpg
1789658852764379413,1789658852854096100,1789658852764379413.jpg
1789658852797706931,1789658852890961181,1789658852797706931.jpg
1789658852831028192,1789658852921853180,1789658852831028192.jpg
1789658852864355209,1789658852954450341,1789658852864355209.jpg
1789658852897676427,1789658852987137812,1789658852897676427.jpg
1789658852931003300,1789658853021575203,1789658852931003300.jpg
1789658852964327800,1789658853054185566,1789658852964327800.jpg
1789658852997653186,1789658853088059366,1789658852997653186.jpg
1789658853030977289,1789658853120407406,1789658853030977289.jpg
1789658853064303223,1789658853154178450,1789658853064303223.jpg
1789658853097626553,1789658853186222871,1789658853097626553.jpg
1789658853130955464,1789658853222556027,1789658853130955464.jpg
1789658853164279485,1789658853255113022,1789658853164279485.jpg
1789658853197603819,1789658853288582429,1789658853197603819.jpg
1789658853230926818,1789658853321681608,1789658853230926818.jpg
1789658853264254593,1789658853354393913,1789658853264254593.jpg
1789658853297580232,1789658853384858465,1789658853297580232.jpg
1789658853330904264,1789658853420475757,1789658853330904264.jpg
1789658853364230773,1789658853453408424,1789658853364230773.jpg
1789658853397552881,1789658853488015883,1789658853397552881.jpg
1789658853430879009,1789658853519807350,1789658853430879009.jpg
1789658853464203233,1789658853554604431,1789658853464203233.jpg
1789658853497530230,1789658853588340310,1789658853497530230.jpg
1789658853530860115,1789658853622461453,1789658853530860115.jpg
1789658853564180310,1789658853654621462,1789658853564180310.jpg
1789658853597504066,1789658853687641385,1789658853597504066.jpg
1789658853630828662,1789658853719583699,1789658853630828662.jpg
1789658853664153977,1789658853753034625,1789658853664153977.jpg
1789658853697484680,1789658853787052512,1789658853697484680.jpg
1789658853730803909,1789658853821140508,1789658853730803909.jpg
1789658853764130984,1789658853853561211,1789658853764130984.jpg
1789658853797454271,1789658853885878215,1789658853797454271.jpg
1789658853830779301,1789658853921222258,1789658853830779301.jpg
1789658853864112772,1789658853954121649,1789658853864112772.jpg
1789658853897428396,1789658853989571114,1789658853897428396.jpg
1789658853930755721,1789658854020648237,1789658853930755721.jpg
1789658853964081384,1789658854054632199,1789658853964081384.jpg
1789658853997409469,1789658854086525848,1789658853997409469.jpg
1789658854030732592,1789658854119738728,1789658854030732592.jpg
1789658854064055412,1789658854154260282,1789658854064055412.jpg
1789658854097383218,1789658854186932885,1789658854097383218.jpg
1789658854130705651,1789658854220326369,1789658854130705651.jpg
1789658854164030741,1789658854252614226,1789658854164030741.jpg
1789658854197355344,1789658854286847420,1789658854197355344.jpg
1789658854230680348,1789658854321610855,1789658854230680348.jpg
1789658854264006697,1789658854353394897,1789658854264006697.jpg
1789658854297330555,1789658854386509502,1789658854297330555.jpg
1789658854330659418,1789658854421945116,1789658854330659418.jpg
1789658854363981658,1789658854456799029,1789658854363981658.jpg
1789658854397307312,1789658854487285154,1789658854397307312.jpg
1789658854430634792,1789658854520386556,1789658854430634792.jpg
1789658854463957427,1789658854552130785,1789658854463957427.jpg
1789658854497283364,1789658854588954293,1789658854497283364.jpg
1789658854530607867,1789658854619719742,1789658854530607867.jpg
1789658854563932131,1789658854652861995,1789658854563932131.jpg
1789658854597261445,1789658854687531488,1789658854597261445.jpg
1789658854630582273,1789658854720405657,1789658854630582273.jpg
1789658854663910960,1789658854753368712,1789658854663910960.jpg
1789658854697234170,1789658854788021207,1789658854697234170.jpg
1789658854730556787,1789658854821118590,1789658854730556787.jpg
1789658854763887113,1789658854856485707,1789658854763887113.jpg
1789658854797207481,1789658854887584329,1789658854797207481.jpg
1789658854830533317,1789658854920149194,1789658854830533317.jpg
1789658854863898147,1789658854955051531,1789658854863898147.jpg
1789658854897257994,1789658854986162801,1789658854897257994.jpg
1789658854930623175,1789658855020488215,1789658854930623175.jpg
1789658854963984033,1789658855053788739,1789658854963984033.jpg
1789658854997347648,1789658855091224615,1789658854997347648.jpg
1789658855030720821,1789658855119746756,1789658855030720821.jpg
1789658855064072975,1789658855155069930,1789658855064072975.jpg
1789658855097437627,1789658855187343159,1789658855097437627.jpg
1789658855130799136,1789658855220063593,1789658855130799136.jpg
1789658855164161434,1789658855253954800,1789658855164161434.jpg
1789658855197545667,1789658855287240140,1789658855197545667.jpg
1789658855230886867,1789658855319654419,1789658855230886867.jpg
1789658855264251405,1789658855353910631,1789658855264251405.jpg
1789658855297613373,1789658855386841688,1789658855297613373.jpg
1789658855330980794,1789658855422275524,1789658855330980794.jpg
1789658855364341151,1789658855454298447,1789658855364341151.jpg
1789658855397702995,1789658855488467311,1789658855397702995.jpg
1789658855431066710,1789658855521114914,1789658855431066710.jpg
1789658855464427560,1789658855554456493,1789658855464427560.jpg
1789658855497793146,1789658855586281015,1789658855497793146.jpg
1789658855531158359,1789658855618832696,1789658855531158359.jpg
1789658855564517238,1789658855652322696,1789658855564517238.jpg
1789658855597880981,1789658855688210127,1789658855597880981.jpg
1789658855631242567,1789658855721562798,1789658855631242567.jpg
1789658855664606048,1789658855755921322,1789658855664606048.jpg
1789658855697967961,1789658855787490705,1789658855697967961.jpg
1789658855731331917,1789658855821838358,1789658855731331917.jpg
1789658855764695029,1789658855856729826,1789658855764695029.jpg
1789658855798056720,1789658855890158550,1789658855798056720.jpg
1789658855831421796,1789658855922110012,1789658855831421796.jpg
1789658855864786185,1789658855954246800,1789658855864786185.jpg
1789658855898147059,1789658855987524566,1789658855898147059.jpg
1789658855931509230,1789658856021110488,1789658855931509230.jpg
1789658855964873991,1789658856054936420,1789658855964873991.jpg
1789658855998236705,1789658856086385215,1789658855998236705.jpg
1789658856031601208,1789658856123047731,1789658856031601208.jpg
1789658856064959925,1789658856157792852,1789658856064959925.jpg
1789658856098322668,1789658856189788035,1789658856098322668.jpg
1789658856131685222,1789658856222375363,1789658856131685222.jpg
1789658856165048697,1789658856254830937,1789658856165048697.jpg
1789658856198411098,1789658856289440618,1789658856198411098.jpg
1789658856231775604,1789658856322560372,1789658856231775604.jpg
1789658856265140440,1789658856354719086,1789658856265140440.jpg
1789658856298501038,1789658856389204846,1789658856298501038.jpg
1789658856331862658,1789658856421329506,1789658856331862658.jpg
1789658856365228157,1789658856455810711,1789658856365228157.jpg
1789658856398591589,1789658856486907667,1789658856398591589.jpg
1789658856431952629,1789658856522261988,1789658856431952629.jpg
1789658856465315372,1789658856555869502,1789658856465315372.jpg
1789658856498678586,1789658856588052845,1789658856498678586.jpg
1789658856532041783,1789658856623747302,1789658856532041783.jpg
1789658856565404478,1789658856656986033,1789658856565404478.jpg
1789658856598769226,1789658856689392905,1789658856598769226.jpg
1789658856632131152,1789658856722529954,1789658856632131152.jpg
1789658856665491895,1789658856754995917,1789658856665491895.jpg
1789658856698856479,1789658856788126540,1789658856698856479.jpg
1789658856732218766,1789658856824537453,1789658856732218766.jpg
1789658856765580099,1789658856853759810,1789658856765580099.jpg
1789658856798944227,1789658856890011840,1789658856798944227.jpg
1789658856832308145,1789658856922931823,1789658856832308145.jpg
1789658856865670358,1789658856958409751,1789658856865670358.jpg
1789658856899034434,1789658856988715291,1789658856899034434.jpg
1789658856932398133,1789658857022199421,1789658856932398133.jpg
1789658856965759662,1789658857056516039,1789658856965759662.jpg
1789658856999123298,1789658857091029243,1789658856999123298.jpg
1789658857032484852,1789658857121298469,1789658857032484852.jpg
1789658857065850913,1789658857155600329,1789658857065850913.jpg
1789658857099215003,1789658857189825136,1789658857099215003.jpg
1789658857132574918,1789658857223498111,1789658857132574918.jpg
1789658857165938079,1789658857256223471,1789658857165938079.jpg
1789658857199299744,1789658857294731791,1789658857199299744.jpg
1789658857232663200,1789658857323340299,1789658857232663200.jpg
1789658857266027852,1789658857355921943,1789658857266027852.jpg
1789658857299387718,1789658857388370869,1789658857299387718.jpg
1789658857332751526,1789658857423500236,1789658857332751526.jpg
1789658857366113379,1789658857454884960,1789658857366113379.jpg
1789658857399480450,1789658857489868406,1789658857399480450.jpg
1789658857432851696,1789658857521794981,1789658857432851696.jpg
1789658857466202340,1789658857559507069,1789658857466202340.jpg
1789658857499566998,1789658857591866166,1789658857499566998.jpg
1789658857532927993,1789658857622030507,1789658857532927993.jpg
1789658857566290715,1789658857655418826,1789658857566290715.jpg
1789658857599655728,1789658857691081747,1789658857599655728.jpg
1789658857633018193,1789658857721565448,1789658857633018193.jpg
1789658857666383322,1789658857757423844,1789658857666383322.jpg
1789658857699704674,1789658857789441619,1789658857699704674.jpg
1789658857733031367,1789658857822680943,1789658857733031367.jpg
1789658857766355575,1789658857856284383,1789658857766355575.jpg
1789658857799680754,1789658857890399027,1789658857799680754.jpg
1789658857833008752,1789658857924073668,1789658857833008752.jpg
1789658857866331747,1789658857954599608,1789658857866331747.jpg
1789658857899661273,1789658857989546278,1789658857899661273.jpg
1789658857932980940,1789658858022790472,1789658857932980940.jpg
1789658857966307647,1789658858055668420,1789658857966307647.jpg
1789658857999634349,1789658858090442522,1789658857999634349.jpg
1789658858032956236,1789658858122287952,1789658858032956236.jpg
1789658858066283246,1789658858158060129,1789658858066283246.jpg
1789658858099606637,1789658858187786394,1789658858099606637.jpg
1789658858132934640,1789658858221314726,1789658858132934640.jpg
1789658858166261940,1789658858256404928,1789658858166261940.jpg
1789658858199582085,1789658858289460814,1789658858199582085.jpg
1789658858232907433,1789658858322623567,1789658858232907433.jpg
1789658858266233054,1789658858355124862,1789658858266233054.jpg
1789658858299558646,1789658858390990721,1789658858299558646.jpg
1789658858332882874,1789658858423547014,1789658858332882874.jpg
1789658858366209425,1789658858455138342,1789658858366209425.jpg
1789658858399532609,1789658858492127587,1789658858399532609.jpg
1789658858432858447,1789658858522435442,1789658858432858447.jpg
1789658858466183788,1789658858556247245,1789658858466183788.jpg
1789658858499507766,1789658858591277024,1789658858499507766.jpg
1789658858532832638,1789658858622780058,1789658858532832638.jpg
1789658858566158490,1789658858655529270,1789658858566158490.jpg
1789658858599486187,1789658858688213632,1789658858599486187.jpg
1789658858632812900,1789658858722138765,1789658858632812900.jpg
1789658858666135182,1789658858756459310,1789658858666135182.jpg
1789658858699458346,1789658858790518326,1789658858699458346.jpg
1789658858732788023,1789658858821546952,1789658858732788023.jpg
1789658858766109637,1789658858855423586,1789658858766109637.jpg
1789658858799433736,1789658858890295296,1789658858799433736.jpg
1789658858832760940,1789658858921342940,1789658858832760940.jpg
1789658858866084697,1789658858954715500,1789658858866084697.jpg
1789658858899409977,1789658858989744000,1789658858899409977.jpg
1789658858932734562,1789658859022383068,1789658858932734562.jpg
1789658858966059518,1789658859056386957,1789658858966059518.jpg
1789658858999384918,1789658859088825107,1789658858999384918.jpg
1789658859032710260,1789658859122416807,1789658859032710260.jpg
1789658859066039243,1789658859156235111,1789658859066039243.jpg
1789658859099359086,1789658859188577615,1789658859099359086.jpg
1789658859132685510,1789658859223374365,1789658859132685510.jpg
1789658859166010818,1789658859254228701,1789658859166010818.jpg
1789658859199336541,1789658859286826585,1789658859199336541.jpg
1789658859232662671,1789658859324085469,1789658859232662671.jpg
1789658859265985156,1789658859355120632,1789658859265985156.jpg
1789658859299310220,1789658859388432305,1789658859299310220.jpg
1789658859332637236,1789658859423507897,1789658859332637236.jpg
1789658859365960666,1789658859456364142,1789658859365960666.jpg
1789658859399290802,1789658859489802441,1789658859399290802.jpg
1789658859432610314,1789658859523169779,1789658859432610314.jpg
1789658859465936592,1789658859555459323,1789658859465936592.jpg
1789658859499262438,1789658859588768737,1789658859499262438.jpg
1789658859532584978,1789658859621425619,1789658859532584978.jpg
1789658859565912218,1789658859655763330,1789658859565912218.jpg
1789658859599235373,1789658859687098445,1789658859599235373.jpg
1789658859632563189,1789658859722320402,1789658859632563189.jpg
1789658859665895327,1789658859755788069,1789658859665895327.jpg
1789658859699211250,1789658859785721605,1789658859699211250.jpg
1789658859732536678,1789658859820380415,1789658859732536678.jpg
1789658859765862016,1789658859855770607,1789658859765862016.jpg
1789658859799191328,1789658859891864884,1789658859799191328.jpg
1789658859832513016,1789658859922167203,1789658859832513016.jpg
1789658859865836570,1789658859954586556,1789658859865836570.jpg
1789658859899163170,1789658859988715627,1789658859899163170.jpg
1789658859932485423,1789658860023292773,1789658859932485423.jpg
1789658859965812384,1789658860054151035,1789658859965812384.jpg
1789658859999139905,1789658860088140870,1789658859999139905.jpg
1789658860032463222,1789658860121365843,1789658860032463222.jpg
1789658860065790085,1789658860154742366,1789658860065790085.jpg
1789658860099112042,1789658860189833902,1789658860099112042.jpg
1789658860132438031,1789658860224490102,1789658860132438031.jpg
1789658860165763230,1789658860255656612,1789658860165763230.jpg
1789658860199089029,1789658860289212444,1789658860199089029.jpg
1789658860232415916,1789658860322381011,1789658860232415916.jpg
1789658860265741973,1789658860354209924,1789658860265741973.jpg
1789658860299064898,1789658860387900584,1789658860299064898.jpg
1789658860332392921,1789658860426102601,1789658860332392921.jpg
1789658860365714530,1789658860454932769,1789658860365714530.jpg
1789658860399039272,1789658860488458879,1789658860399039272.jpg
1789658860432365837,1789658860521194092,1789658860432365837.jpg
1789658860465690999,1789658860555260054,1789658860465690999.jpg
1789658860499014215,1789658860590245816,1789658860499014215.jpg
1789658860532340236,1789658860623446530,1789658860532340236.jpg
1789658860565665732,1789658860657803685,1789658860565665732.jpg
1789658860598987658,1789658860689425438,1789658860598987658.jpg
1789658860632316603,1789658860721794942,1789658860632316603.jpg
1789658860665640173,1789658860754278701,1789658860665640173.jpg
1789658860698966251,1789658860789015954,1789658860698966251.jpg
1789658860732289565,1789658860822743094,1789658860732289565.jpg
1789658860765624203,1789658860855096858,1789658860765624203.jpg
1789658860798940803,1789658860887784628,1789658860798940803.jpg
1789658860832264901,1789658860921726057,1789658860832264901.jpg
1789658860865590756,1789658860956336555,1789658860865590756.jpg
1789658860898915826,1789658860991217690,1789658860898915826.jpg
1789658860932240406,1789658861020181428,1789658860932240406.jpg
1789658860965568614,1789658861056050195,1789658860965568614.jpg
1789658860998891980,1789658861088698727,1789658860998891980.jpg
1789658861032215746,1789658861123034494,1789658861032215746.jpg
1789658861065542641,1789658861153125154,1789658861065542641.jpg
1789658861098865947,1789658861190163990,1789658861098865947.jpg
1789658861132197070,1789658861224477388,1789658861132197070.jpg
1789658861165514982,1789658861259142328,1789658861165514982.jpg
1789658861198843853,1789658861289036014,1789658861198843853.jpg
1789658861232183898,1789658861321061327,1789658861232183898.jpg
1789658861265491887,1789658861355010367,1789658861265491887.jpg
1789658861298818770,1789658861387474775,1789658861298818770.jpg
1789658861332142246,1789658861420473071,1789658861332142246.jpg
1789658861365468456,1789658861456055534,1789658861365468456.jpg
1789658861398792455,1789658861486769191,1789658861398792455.jpg
1789658861432116949,1789658861522696567,1789658861432116949.jpg
1789658861465443244,1789658861556188031,1789658861465443244.jpg
1789658861498767699,1789658861588920578,1789658861498767699.jpg
1789658861532105987,1789658861622169106,1789658861532105987.jpg
1789658861565418685,1789658861656307750,1789658861565418685.jpg
1789658861598742084,1789658861688936190,1789658861598742084.jpg
1789658861632068795,1789658861722678700,1789658861632068795.jpg
1789658861665392900,1789658861753683050,1789658861665392900.jpg
1789658861698718924,1789658861788470393,1789658861698718924.jpg
1789658861732044819,1789658861819984521,1789658861732044819.jpg
1789658861765368107,1789658861853856823,1789658861765368107.jpg
1789658861798707727,1789658861889997377,1789658861798707727.jpg
1789658861832018410,1789658861921514745,1789658861832018410.jpg
1789658861865347129,1789658861953979838,1789658861865347129.jpg
1789658861898669891,1789658861989284330,1789658861898669891.jpg
1789658861931992677,1789658862021019523,1789658861931992677.jpg
1789658861965321833,1789658862056081524,1789658861965321833.jpg
1789658861998644030,1789658862088356217,1789658861998644030.jpg
1789658862031970578,1789658862122011712,1789658862031970578.jpg
1789658862065295682,1789658862153739055,1789658862065295682.jpg
1789658862098617621,1789658862189961254,1789658862098617621.jpg
1789658862131948784,1789658862221837110,1789658862131948784.jpg
1789658862165272170,1789658862253779074,1789658862165272170.jpg
1789658862198594353,1789658862288521975,1789658862198594353.jpg
1789658862231919766,1789658862322468052,1789658862231919766.jpg
1789658862265245287,1789658862360844582,1789658862265245287.jpg
1789658862298573559,1789658862389805653,1789658862298573559.jpg
1789658862331895164,1789658862421710174,1789658862331895164.jpg
1789658862365223304,1789658862454199897,1789658862365223304.jpg
1789658862398543822,1789658862486985164,1789658862398543822.jpg
1789658862431869513,1789658862521363837,1789658862431869513.jpg
1789658862465200456,1789658862555931689,1789658862465200456.jpg
1789658862498519618,1789658862587913985,1789658862498519618.jpg
1789658862531845743,1789658862622211846,1789658862531845743.jpg
1789658862565173921,1789658862653402652,1789658862565173921.jpg
1789658862598497014,1789658862689092426,1789658862598497014.jpg
1789658862631823408,1789658862722094779,1789658862631823408.jpg
1789658862665146051,1789658862754266420,1789658862665146051.jpg
1789658862698471628,1789658862788173277,1789658862698471628.jpg
1789658862731801088,1789658862820659777,1789658862731801088.jpg
1789658862765122040,1789658862855441732,1789658862765122040.jpg
1789658862798449200,1789658862889712853,1789658862798449200.jpg
1789658862831769629,1789658862920323680,1789658862831769629.jpg
1789658862865099422,1789658862954495972,1789658862865099422.jpg
1789658862898422953,1789658862989864776,1789658862898422953.jpg
1789658862931748106,1789658863022755762,1789658862931748106.jpg
1789658862965073555,1789658863056404721,1789658862965073555.jpg
1789658862998397790,1789658863087614119,1789658862998397790.jpg
1789658863031722351,1789658863124233045,1789658863031722351.jpg
1789658863065047174,1789658863153738616,1789658863065047174.jpg
1789658863098373966,1789658863189435668,1789658863098373966.jpg
1789658863131701692,1789658863221529164,1789658863131701692.jpg
1789658863165023940,1789658863254114587,1789658863165023940.jpg
1789658863198350045,1789658863291072020,1789658863198350045.jpg
1789658863231672602,1789658863321946467,1789658863231672602.jpg
1789658863264999931,1789658863355140442,1789658863264999931.jpg
1789658863298326199,1789658863389275958,1789658863298326199.jpg
1789658863331647178,1789658863421350177,1789658863331647178.jpg
1789658863364974548,1789658863456828200,1789658863364974548.jpg
1789658863398298875,1789658863490589562,1789658863398298875.jpg
1789658863431622764,1789658863521970991,1789658863431622764.jpg
1789658863464951344,1789658863555004231,1789658863464951344.jpg
1789658863498273925,1789658863588405810,1789658863498273925.jpg
1789658863531600365,1789658863621903719,1789658863531600365.jpg
1789658863564923228,1789658863654043158,1789658863564923228.jpg
1789658863598248707,1789658863689171045,1789658863598248707.jpg
1789658863631574477,1789658863722341410,1789658863631574477.jpg
1789658863664899066,1789658863755964684,1789658863664899066.jpg
1789658863698225009,1789658863789585348,1789658863698225009.jpg
1789658863731549204,1789658863819517996,1789658863731549204.jpg
1789658863764875256,1789658863854798155,1789658863764875256.jpg
1789658863798200772,1789658863887891245,1789658863798200772.jpg
1789658863831526556,1789658863919332431,1789658863831526556.jpg
1789658863864850216,1789658863951326931,1789658863864850216.jpg
1789658863898175362,1789658863987444931,1789658863898175362.jpg
1789658863931501053,1789658864021126241,1789658863931501053.jpg
1789658863964827191,1789658864055382660,1789658863964827191.jpg
1789658863998150463,1789658864087759220,1789658863998150463.jpg
1789658864031478263,1789658864121063932,1789658864031478263.jpg
1789658864064808729,1789658864155315888,1789658864064808729.jpg
1789658864098129711,1789658864189059881,1789658864098129711.jpg
1789658864131451577,1789658864221549067,1789658864131451577.jpg
1789658864164775447,1789658864254014568,1789658864164775447.jpg
1789658864198101179,1789658864290251583,1789658864198101179.jpg
1789658864231426321,1789658864320837282,1789658864231426321.jpg
1789658864264752847,1789658864354283322,1789658864264752847.jpg
1789658864298078148,1789658864389048778,1789658864298078148.jpg
1789658864331402106,1789658864421260622,1789658864331402106.jpg
1789658864364726305,1789658864455749625,1789658864364726305.jpg
1789658864398051503,1789658864487417618,1789658864398051503.jpg
1789658864431377167,1789658864522983620,1789658864431377167.jpg
1789658864464701260,1789658864553600114,1789658864464701260.jpg
1789658864498028317,1789658864586335661,1789658864498028317.jpg
1789658864531352462,1789658864619507915,1789658864531352462.jpg
1789658864564676986,1789658864653948161,1789658864564676986.jpg
1789658864598004140,1789658864684290183,1789658864598004140.jpg
1789658864631331847,1789658864720443423,1789658864631331847.jpg
1789658864664652536,1789658864753694711,1789658864664652536.jpg
1789658864697978798,1789658864788316561,1789658864697978798.jpg
1789658864731302971,1789658864821142994,1789658864731302971.jpg
1789658864764635837,1789658864853737769,1789658864764635837.jpg
1789658864797953574,1789658864887803491,1789658864797953574.jpg
1789658864831279659,1789658864921311603,1789658864831279659.jpg
1789658864864603455,1789658864952454597,1789658864864603455.jpg
1789658864897928287,1789658864987600835,1789658864897928287.jpg
1789658864931256842,1789658865022241444,1789658864931256842.jpg
1789658864964579068,1789658865053810627,1789658864964579068.jpg
1789658864997904388,1789658865087100062,1789658864997904388.jpg
1789658865031232221,1789658865119502418,1789658865031232221.jpg
1789658865064555318,1789658865155209137,1789658865064555318.jpg
1789658865097881755,1789658865189339505,1789658865097881755.jpg
1789658865131205533,1789658865223268639,1789658865131205533.jpg
1789658865164529535,1789658865253571460,1789658865164529535.jpg
1789658865197856713,1789658865288186625,1789658865197856713.jpg
1789658865231178363,1789658865321301381,1789658865231178363.jpg
1789658865264510174,1789658865354595205,1789658865264510174.jpg
1789658865297832843,1789658865387477415,1789658865297832843.jpg
1789658865331156288,1789658865421307367,1789658865331156288.jpg
1789658865364483965,1789658865454713873,1789658865364483965.jpg
1789658865397804453,1789658865487973068,1789658865397804453.jpg
1789658865431133984,1789658865521463682,1789658865431133984.jpg
1789658865464459129,1789658865551809371,1789658865464459129.jpg
1789658865497779542,1789658865588773396,1789658865497779542.jpg
1789658865531108427,1789658865621880486,1789658865531108427.jpg
1789658865564433839,1789658865656627147,1789658865564433839.jpg
1789658865597761119,1789658865687445208,1789658865597761119.jpg
1789658865631081106,1789658865722928176,1789658865631081106.jpg
1789658865664408562,1789658865754367696,1789658865664408562.jpg
1789658865697733778,1789658865786684573,1789658865697733778.jpg
1789658865731054750,1789658865820043173,1789658865731054750.jpg
1789658865764382686,1789658865854264130,1789658865764382686.jpg
1789658865797706506,1789658865885256185,1789658865797706506.jpg
1789658865831032706,1789658865922570494,1789658865831032706.jpg
1789658865864359188,1789658865954605067,1789658865864359188.jpg
1789658865897684093,1789658865987068754,1789658865897684093.jpg
1789658865931007915,1789658866022909617,1789658865931007915.jpg
1789658865964332603,1789658866053288342,1789658865964332603.jpg
1789658865997660625,1789658866086619202,1789658865997660625.jpg
1789658866030985073,1789658866120867455,1789658866030985073.jpg
1789658866064307333,1789658866155887366,1789658866064307333.jpg
1789658866097632845,1789658866187942012,1789658866097632845.jpg
1789658866130956844,1789658866220057582,1789658866130956844.jpg
1789658866164285113,1789658866254503476,1789658866164285113.jpg
1789658866197609429,1789658866288446555,1789658866197609429.jpg
1789658866230931526,1789658866322507148,1789658866230931526.jpg
1789658866264258572,1789658866354693531,1789658866264258572.jpg
1789658866297582655,1789658866386755677,1789658866297582655.jpg
1789658866330911973,1789658866421285031,1789658866330911973.jpg
1789658866364234122,1789658866453132592,1789658866364234122.jpg
1789658866397556776,1789658866487469157,1789658866397556776.jpg
1789658866430887635,1789658866520848849,1789658866430887635.jpg
1789658866464208307,1789658866553406385,1789658866464208307.jpg
1789658866497534523,1789658866586902053,1789658866497534523.jpg
1789658866530864031,1789658866619315483,1789658866530864031.jpg
1789658866564183269,1789658866653654233,1789658866564183269.jpg
1789658866597509028,1789658866689704088,1789658866597509028.jpg
1789658866630834534,1789658866721782160,1789658866630834534.jpg
1789658866664160035,1789658866758730205,1789658866664160035.jpg
1789658866697485405,1789658866787281422,1789658866697485405.jpg
1789658866730810774,1789658866820900345,1789658866730810774.jpg
1789658866764136069,1789658866854539861,1789658866764136069.jpg
1789658866797462602,1789658866884817830,1789658866797462602.jpg
1789658866830787367,1789658866920111120,1789658866830787367.jpg
1789658866864115020,1789658866954545255,1789658866864115020.jpg
1789658866897435456,1789658866988185974,1789658866897435456.jpg
1789658866930762607,1789658867021620498,1789658866930762607.jpg
1789658866964085802,1789658867052114608,1789658866964085802.jpg
1789658866997411541,1789658867088714295,1789658866997411541.jpg
1789658867030736932,1789658867121521471,1789658867030736932.jpg
1789658867064059965,1789658867154637042,1789658867064059965.jpg
1789658867097386255,1789658867187518659,1789658867097386255.jpg
1789658867130711438,1789658867219343074,1789658867130711438.jpg
1789658867164036468,1789658867253416852,1789658867164036468.jpg
1789658867197362310,1789658867288591905,1789658867197362310.jpg
1789658867230686730,1789658867321608462,1789658867230686730.jpg
1789658867264013629,1789658867353776327,1789658867264013629.jpg
1789658867297342418,1789658867386651852,1789658867297342418.jpg
1789658867330665033,1789658867421359366,1789658867330665033.jpg
1789658867363988259,1789658867452975862,1789658867363988259.jpg
1789658867397313834,1789658867486783150,1789658867397313834.jpg
1789658867430642519,1789658867522121345,1789658867430642519.jpg
1789658867463961684,1789658867555023536,1789658867463961684.jpg
1789658867497287636,1789658867589187348,1789658867497287636.jpg
1789658867530613890,1789658867621901249,1789658867530613890.jpg
1789658867563936846,1789658867653983320,1789658867563936846.jpg
1789658867597261649,1789658867687218666,1789658867597261649.jpg
1789658867630588383,1789658867720974344,1789658867630588383.jpg
1789658867663913828,1789658867755540438,1789658867663913828.jpg
1789658867697238261,1789658867787947701,1789658867697238261.jpg
1789658867730574752,1789658867820450906,1789658867730574752.jpg
1789658867763888418,1789658867857321399,1789658867763888418.jpg
1789658867797216625,1789658867889807234,1789658867797216625.jpg
1789658867830540530,1789658867921253365,1789658867830540530.jpg
1789658867863863317,1789658867953931379,1789658867863863317.jpg
1789658867897188539,1789658867986284867,1789658867897188539.jpg
1789658867930522900,1789658868021697523,1789658867930522900.jpg
1789658867963837603,1789658868054263911,1789658867963837603.jpg
1789658867997173463,1789658868087137917,1789658867997173463.jpg
1789658868030488381,1789658868118716304,1789658868030488381.jpg
1789658868063817517,1789658868155696126,1789658868063817517.jpg
1789658868097139202,1789658868186677812,1789658868097139202.jpg
1789658868130465446,1789658868219968433,1789658868130465446.jpg
1789658868163789837,1789658868255811870,1789658868163789837.jpg
1789658868197114594,1789658868286973031,1789658868197114594.jpg
1789658868230441269,1789658868319355055,1789658868230441269.jpg
1789658868263765643,1789658868353527404,1789658868263765643.jpg
1789658868297091113,1789658868387464872,1789658868297091113.jpg
1789658868330420269,1789658868421540632,1789658868330420269.jpg
1789658868363739875,1789658868454165573,1789658868363739875.jpg
1789658868397068762,1789658868486631317,1789658868397068762.jpg
1789658868430391214,1789658868526257914,1789658868430391214.jpg
1789658868463715217,1789658868552510121,1789658868463715217.jpg
1789658868497042334,1789658868588741785,1789658868497042334.jpg
1789658868530370283,1789658868619472091,1789658868530370283.jpg
1789658868563692510,1789658868652376504,1789658868563692510.jpg
1789658868597019285,1789658868686510910,1789658868597019285.jpg
1789658868630341265,1789658868720072410,1789658868630341265.jpg
1789658868663669723,1789658868751646426,1789658868663669723.jpg
1789658868696990764,1789658868786741187,1789658868696990764.jpg
1789658868730318741,1789658868819621878,1789658868730318741.jpg
1789658868763643102,1789658868855603292,1789658868763643102.jpg
1789658868796967475,1789658868888127718,1789658868796967475.jpg
1789658868830295752,1789658868919884635,1789658868830295752.jpg
1789658868863617582,1789658868953159813,1789658868863617582.jpg
1789658868896941563,1789658868987195796,1789658868896941563.jpg
1789658868930265947,1789658869018680112,1789658868930265947.jpg
1789658868963592064,1789658869052532398,1789658868963592064.jpg
1789658868996917899,1789658869083859424,1789658868996917899.jpg
1789658869030241659,1789658869121185882,1789658869030241659.jpg
1789658869063569214,1789658869155120536,1789658869063569214.jpg
1789658869096892705,1789658869185226679,1789658869096892705.jpg
1789658869130218231,1789658869219262052,1789658869130218231.jpg
1789658869163543326,1789658869255581268,1789658869163543326.jpg
1789658869196867030,1789658869288993515,1789658869196867030.jpg
1789658869230197523,1789658869321278302,1789658869230197523.jpg
1789658869263518736,1789658869353665234,1789658869263518736.jpg
1789658869296842061,1789658869388082963,1789658869296842061.jpg
1789658869330168269,1789658869421099984,1789658869330168269.jpg
1789658869363493204,1789658869454715371,1789658869363493204.jpg
1789658869396821484,1789658869487295222,1789658869396821484.jpg
1789658869430147493,1789658869521542013,1789658869430147493.jpg
1789658869463467572,1789658869555594959,1789658869463467572.jpg
1789658869496794628,1789658869587861895,1789658869496794628.jpg
1789658869530119706,1789658869622551652,1789658869530119706.jpg
1789658869563446202,1789658869654831402,1789658869563446202.jpg
1789658869596770668,1789658869687494750,1789658869596770668.jpg
1789658869630092510,1789658869720118488,1789658869630092510.jpg
1789658869663419061,1789658869754887390,1789658869663419061.jpg
1789658869696744654,1789658869787674381,1789658869696744654.jpg
1789658869730070224,1789658869822920451,1789658869730070224.jpg
1789658869763395262,1789658869853107832,1789658869763395262.jpg
1789658869796720827,1789658869888664169,1789658869796720827.jpg
1789658869830050068,1789658869921325979,1789658869830050068.jpg
1789658869863370369,1789658869952304739,1789658869863370369.jpg
1789658869896696418,1789658869989573551,1789658869896696418.jpg
1789658869930020720,1789658870020879892,1789658869930020720.jpg
1789658869963346339,1789658870052859228,1789658869963346339.jpg
1789658869996672957,1789658870088399214,1789658869996672957.jpg
1789658870029996128,1789658870121144336,1789658870029996128.jpg
1789658870063329114,1789658870155275928,1789658870063329114.jpg
1789658870096645306,1789658870185066731,1789658870096645306.jpg
1789658870129972976,1789658870219085752,1789658870129972976.jpg
1789658870163296463,1789658870253199697,1789658870163296463.jpg
1789658870196620806,1789658870288800736,1789658870196620806.jpg
1789658870229947389,1789658870320435898,1789658870229947389.jpg
1789658870263271882,1789658870352332922,1789658870263271882.jpg
1789658870296598502,1789658870387872074,1789658870296598502.jpg
1789658870329922342,1789658870420354484,1789658870329922342.jpg
1789658870363246275,1789658870453503352,1789658870363246275.jpg
1789658870396572046,1789658870486296640,1789658870396572046.jpg
1789658870429898420,1789658870519118260,1789658870429898420.jpg
1789658870463222359,1789658870553474751,1789658870463222359.jpg
1789658870496548215,1789658870587231356,1789658870496548215.jpg
1789658870529874411,1789658870619273263,1789658870529874411.jpg
1789658870563198258,1789658870653242898,1789658870563198258.jpg
1789658870596522614,1789658870686802584,1789658870596522614.jpg
1789658870629853263,1789658870721308866,1789658870629853263.jpg
1789658870663173384,1789658870752124484,1789658870663173384.jpg
1789658870696497859,1789658870785277499,1789658870696497859.jpg
1789658870729824926,1789658870821184083,1789658870729824926.jpg
1789658870763148002,1789658870853537609,1789658870763148002.jpg
1789658870796476920,1789658870886114015,1789658870796476920.jpg
1789658870829801029,1789658870919496375,1789658870829801029.jpg
1789658870863122897,1789658870956364183,1789658870863122897.jpg
1789658870896448769,1789658870988100398,1789658870896448769.jpg
1789658870929773676,1789658871020799096,1789658870929773676.jpg
1789658870963099081,1789658871052643196,1789658870963099081.jpg
1789658870996464149,1789658871088704108,1789658870996464149.jpg
1789658871029824546,1789658871120975026,1789658871029824546.jpg
1789658871063191907,1789658871153404642,1789658871063191907.jpg
1789658871096552454,1789658871185353016,1789658871096552454.jpg
1789658871129913818,1789658871220862280,1789658871129913818.jpg
1789658871163279335,1789658871254636904,1789658871163279335.jpg
1789658871196640672,1789658871287114333,1789658871196640672.jpg
1789658871230001265,1789658871320436787,1789658871230001265.jpg
1789658871263365236,1789658871353303776,1789658871263365236.jpg
1789658871296728401,1789658871389423371,1789658871296728401.jpg
1789658871330091152,1789658871420619327,1789658871330091152.jpg
1789658871363454223,1789658871453559277,1789658871363454223.jpg
1789658871396817160,1789658871487481746,1789658871396817160.jpg
1789658871430180137,1789658871522413328,1789658871430180137.jpg
1789658871463543402,1789658871554123840,1789658871463543402.jpg
1789658871496906669,1789658871587050920,1789658871496906669.jpg
1789658871530267030,1789658871619046403,1789658871530267030.jpg
1789658871563633675,1789658871655404249,1789658871563633675.jpg
1789658871596993220,1789658871687077910,1789658871596993220.jpg
1789658871630358623,1789658871723707561,1789658871630358623.jpg
1789658871663720632,1789658871753940422,1789658871663720632.jpg
1789658871697085350,1789658871788105142,1789658871697085350.jpg
1789658871730451423,1789658871824697109,1789658871730451423.jpg
1789658871763810857,1789658871855926731,1789658871763810857.jpg
1789658871797174653,1789658871887400455,1789658871797174653.jpg
1789658871830537210,1789658871921916404,1789658871830537210.jpg
1789658871863896524,1789658871954326409,1789658871863896524.jpg
1789658871897261607,1789658871988498759,1789658871897261607.jpg
1789658871930623561,1789658872020320915,1789658871930623561.jpg
1789658871963989918,1789658872053052021,1789658871963989918.jpg
1789658871997357904,1789658872088533694,1789658871997357904.jpg
1789658872030712951,1789658872120561084,1789658872030712951.jpg
1789658872064075831,1789658872151940404,1789658872064075831.jpg
1789658872097436243,1789658872185869374,1789658872097436243.jpg
1789658872130804041,1789658872221872548,1789658872130804041.jpg
1789658872164164997,1789658872254969751,1789658872164164997.jpg
1789658872197529101,1789658872289736987,1789658872197529101.jpg
1789658872230889890,1789658872324540907,1789658872230889890.jpg
1789658872264251819,1789658872354511963,1789658872264251819.jpg
1789658872297578311,1789658872385969892,1789658872297578311.jpg
1789658872330905846,1789658872423967623,1789658872330905846.jpg
1789658872364228320,1789658872455511234,1789658872364228320.jpg
1789658872397554332,1789658872487800281,1789658872397554332.jpg
1789658872430878912,1789658872523072388,1789658872430878912.jpg
1789658872464204243,1789658872556296402,1789658872464204243.jpg
1789658872497528386,1789658872588864939,1789658872497528386.jpg
1789658872530856896,1789658872619857366,1789658872530856896.jpg
1789658872564179046,1789658872654766579,1789658872564179046.jpg
1789658872597504142,1789658872689962096,1789658872597504142.jpg
1789658872630834680,1789658872719610756,1789658872630834680.jpg
1789658872664155543,1789658872753287605,1789658872664155543.jpg
1789658872697479338,1789658872787479232,1789658872697479338.jpg
1789658872730811026,1789658872819376516,1789658872730811026.jpg
1789658872764130705,1789658872855023165,1789658872764130705.jpg
1789658872797455112,1789658872887278861,1789658872797455112.jpg
1789658872830781072,1789658872920115778,1789658872830781072.jpg
1789658872864103893,1789658872952852401,1789658872864103893.jpg
1789658872897428936,1789658872990000737,1789658872897428936.jpg
1789658872930754195,1789658873019661082,1789658872930754195.jpg
1789658872964082937,1789658873052987963,1789658872964082937.jpg
1789658872997404476,1789658873087315845,1789658872997404476.jpg
1789658873030730380,1789658873120734889,1789658873030730380.jpg
1789658873064055241,1789658873153481827,1789658873064055241.jpg
1789658873097380825,1789658873188654790,1789658873097380825.jpg
1789658873130704888,1789658873222580501,1789658873130704888.jpg
1789658873164030140,1789658873254951823,1789658873164030140.jpg
1789658873197356015,1789658873287263425,1789658873197356015.jpg
1789658873230680477,1789658873322220988,1789658873230680477.jpg
1789658873264006837,1789658873355556053,1789658873264006837.jpg
1789658873297329225,1789658873385912189,1789658873297329225.jpg
1789658873330655727,1789658873421508229,1789658873330655727.jpg
1789658873363984254,1789658873454180836,1789658873363984254.jpg
1789658873397307782,1789658873486797502,1789658873397307782.jpg
1789658873430632580,1789658873521124920,1789658873430632580.jpg
1789658873463956751,1789658873555881713,1789658873463956751.jpg
1789658873497281922,1789658873586803309,1789658873497281922.jpg
1789658873530859699,1789658873621821000,1789658873530859699.jpg
1789658873563932222,1789658873654671268,1789658873563932222.jpg
1789658873597258612,1789658873686214249,1789658873597258612.jpg
1789658873630585532,1789658873721693090,1789658873630585532.jpg
1789658873663906998,1789658873753739646,1789658873663906998.jpg
1789658873697233356,1789658873789171210,1789658873697233356.jpg
1789658873730557113,1789658873817988252,1789658873730557113.jpg
1789658873763883647,1789658873856076999,1789658873763883647.jpg
1789658873797211367,1789658873891568006,1789658873797211367.jpg
1789658873830531954,1789658873923624192,1789658873830531954.jpg
1789658873863858335,1789658873956247375,1789658873863858335.jpg
1789658873897183749,1789658873987443776,1789658873897183749.jpg
1789658873930507661,1789658874020289082,1789658873930507661.jpg
1789658873963834212,1789658874056324347,1789658873963834212.jpg
1789658873997158844,1789658874087318608,1789658873997158844.jpg
1789658874030483821,1789658874119889979,1789658874030483821.jpg
1789658874063812519,1789658874153768173,1789658874063812519.jpg
1789658874097133663,1789658874187744123,1789658874097133663.jpg
1789658874130463573,1789658874222421993,1789658874130463573.jpg
1789658874163785068,1789658874254089804,1789658874163785068.jpg
1789658874197110867,1789658874287281337,1789658874197110867.jpg
1789658874230439194,1789658874320184956,1789658874230439194.jpg
1789658874263761154,1789658874354865436,1789658874263761154.jpg
1789658874297084131,1789658874386730592,1789658874297084131.jpg
1789658874330409064,1789658874419466919,1789658874330409064.jpg
1789658874363736341,1789658874455993278,1789658874363736341.jpg
1789658874397070399,1789658874488590222,1789658874397070399.jpg
1789658874430383797,1789658874520133445,1789658874430383797.jpg
1789658874463711148,1789658874553792795,1789658874463711148.jpg
1789658874497033805,1789658874588055420,1789658874497033805.jpg
1789658874530360791,1789658874620568016,1789658874530360791.jpg
1789658874563685522,1789658874654704053,1789658874563685522.jpg
1789658874597010792,1789658874685626390,1789658874597010792.jpg
1789658874630335785,1789658874720636655,1789658874630335785.jpg
1789658874663660022,1789658874754153011,1789658874663660022.jpg
1789658874696986409,1789658874786798823,1789658874696986409.jpg
1789658874730309446,1789658874822245795,1789658874730309446.jpg
1789658874763635704,1789658874854108062,1789658874763635704.jpg
1789658874796969890,1789658874887308521,1789658874796969890.jpg
1789658874830289081,1789658874918944703,1789658874830289081.jpg
1789658874863616606,1789658874953424228,1789658874863616606.jpg
1789658874896937398,1789658874987441658,1789658874896937398.jpg
1789658874930261192,1789658875021214708,1789658874930261192.jpg
1789658874963589503,1789658875053492423,1789658874963589503.jpg
1789658874996911008,1789658875086980299,1789658874996911008.jpg
1789658875030238316,1789658875121914326,1789658875030238316.jpg
1789658875063561583,1789658875152516434,1789658875063561583.jpg
1789658875096887240,1789658875186630528,1789658875096887240.jpg
1789658875130216385,1789658875221460744,1789658875130216385.jpg
1789658875163537219,1789658875254944009,1789658875163537219.jpg
1789658875196864349,1789658875288013880,1789658875196864349.jpg
1789658875230187781,1789658875321441091,1789658875230187781.jpg
1789658875263512922,1789658875352905317,1789658875263512922.jpg
1789658875296848741,1789658875387271513,1789658875296848741.jpg
1789658875330162423,1789658875419734906,1789658875330162423.jpg
1789658875363488867,1789658875455163101,1789658875363488867.jpg
1789658875396813979,1789658875487481703,1789658875396813979.jpg
1789658875430143642,1789658875519446300,1789658875430143642.jpg
1789658875463464135,1789658875553307532,1789658875463464135.jpg
1789658875496790313,1789658875587301593,1789658875496790313.jpg
1789658875530117715,1789658875621055866,1789658875530117715.jpg
1789658875563439310,1789658875654024871,1789658875563439310.jpg
1789658875596764275,1789658875685342991,1789658875596764275.jpg
1789658875630089510,1789658875720073229,1789658875630089510.jpg
1789658875663413898,1789658875752744708,1789658875663413898.jpg
1789658875696740247,1789658875788258585,1789658875696740247.jpg
1789658875730063946,1789658875820333381,1789658875730063946.jpg
1789658875763394487,1789658875855136247,1789658875763394487.jpg
1789658875796715908,1789658875887348686,1789658875796715908.jpg
1789658875830040378,1789658875919950371,1789658875830040378.jpg
1789658875863369259,1789658875956574301,1789658875863369259.jpg
1789658875896689787,1789658875989017177,1789658875896689787.jpg
1789658875930013908,1789658876020044696,1789658875930013908.jpg
1789658875963340981,1789658876055500834,1789658875963340981.jpg
1789658875996664754,1789658876087483690,1789658875996664754.jpg
1789658876029993855,1789658876119028616,1789658876029993855.jpg
1789658876063315743,1789658876153521030,1789658876063315743.jpg
1789658876096644756,1789658876188675105,1789658876096644756.jpg
1789658876129970106,1789658876220981060,1789658876129970106.jpg
1789658876163291354,1789658876254157632,1789658876163291354.jpg
1789658876196616533,1789658876289238710,1789658876196616533.jpg
1789658876229943127,1789658876320791414,1789658876229943127.jpg
1789658876263267731,1789658876354595390,1789658876263267731.jpg
1789658876296594257,1789658876386469064,1789658876296594257.jpg
1789658876329917346,1789658876421042790,1789658876329917346.jpg
1789658876363241773,1789658876451351464,1789658876363241773.jpg
1789658876396566977,1789658876487033965,1789658876396566977.jpg
1789658876429895941,1789658876521368329,1789658876429895941.jpg
1789658876463217556,1789658876553541937,1789658876463217556.jpg
1789658876496543470,1789658876588009592,1789658876496543470.jpg
1789658876529866434,1789658876622822587,1789658876529866434.jpg
1789658876563190837,1789658876654798072,1789658876563190837.jpg
1789658876596518377,1789658876690402187,1789658876596518377.jpg
1789658876629845704,1789658876721785416,1789658876629845704.jpg
1789658876663169327,1789658876753698644,1789658876663169327.jpg
1789658876696494736,1789658876786169963,1789658876696494736.jpg
1789658876729816200,1789658876822104048,1789658876729816200.jpg
1789658876763143310,1789658876855522907,1789658876763143310.jpg
1789658876796468317,1789658876890037080,1789658876796468317.jpg
1789658876829792999,1789658876920016377,1789658876829792999.jpg
1789658876863118719,1789658876953060176,1789658876863118719.jpg
1789658876896442922,1789658876988372801,1789658876896442922.jpg
1789658876929769848,1789658877022710813,1789658876929769848.jpg
1789658876963094208,1789658877052415658,1789658876963094208.jpg
1789658876996421379,1789658877088053364,1789658876996421379.jpg
1789658877029742224,1789658877120395281,1789658877029742224.jpg
1789658877063068458,1789658877155028172,1789658877063068458.jpg
1789658877096396589,1789658877187632024,1789658877096396589.jpg
1789658877129719297,1789658877219077287,1789658877129719297.jpg
1789658877163044687,1789658877255021038,1789658877163044687.jpg
1789658877196368942,1789658877288513840,1789658877196368942.jpg
1789658877229695079,1789658877319565877,1789658877229695079.jpg
1789658877263019222,1789658877353991460,1789658877263019222.jpg
1789658877296344743,1789658877388031242,1789658877296344743.jpg
1789658877329670236,1789658877423754446,1789658877329670236.jpg
1789658877362998278,1789658877452903403,1789658877362998278.jpg
1789658877396320000,1789658877488312914,1789658877396320000.jpg
1789658877429647632,1789658877522308216,1789658877429647632.jpg
1789658877462970036,1789658877554255091,1789658877462970036.jpg
1789658877496298282,1789658877586529399,1789658877496298282.jpg
1789658877529621115,1789658877622232918,1789658877529621115.jpg
1789658877562946596,1789658877654239514,1789658877562946596.jpg
1789658877596273474,1789658877688246131,1789658877596273474.jpg
1789658877629594443,1789658877722660047,1789658877629594443.jpg
1789658877662919840,1789658877755039852,1789658877662919840.jpg
1789658877696246483,1789658877786956339,1789658877696246483.jpg
1789658877729571255,1789658877821568249,1789658877729571255.jpg
1789658877762896248,1789658877853982312,1789658877762896248.jpg
1789658877796228208,1789658877886528481,1789658877796228208.jpg
1789658877829547238,1789658877920393880,1789658877829547238.jpg
1789658877862879041,1789658877957739136,1789658877862879041.jpg
1789658877896196185,1789658877986637825,1789658877896196185.jpg
1789658877929524183,1789658878022920397,1789658877929524183.jpg
1789658877962846347,1789658878053592355,1789658877962846347.jpg
1789658877996173203,1789658878086285556,1789658877996173203.jpg
1789658878029497601,1789658878121549332,1789658878029497601.jpg
1789658878062821716,1789658878153378564,1789658878062821716.jpg
1789658878096150608,1789658878188374423,1789658878096150608.jpg
1789658878129472350,1789658878219595732,1789658878129472350.jpg
1789658878162805069,1789658878253443244,1789658878162805069.jpg
1789658878196123991,1789658878285775642,1789658878196123991.jpg
1789658878229447553,1789658878319704058,1789658878229447553.jpg
1789658878262773477,1789658878353539015,1789658878262773477.jpg
1789658878296098118,1789658878385982688,1789658878296098118.jpg
1789658878329425917,1789658878423449273,1789658878329425917.jpg
1789658878362749486,1789658878451631265,1789658878362749486.jpg
1789658878396074213,1789658878485925020,1789658878396074213.jpg
1789658878429401327,1789658878523005916,1789658878429401327.jpg
1789658878462723101,1789658878553186281,1789658878462723101.jpg
1789658878496051081,1789658878588218768,1789658878496051081.jpg
1789658878529378436,1789658878619909875,1789658878529378436.jpg
1789658878562700139,1789658878652958693,1789658878562700139.jpg
1789658878596024742,1789658878687185561,1789658878596024742.jpg
1789658878629350928,1789658878720771434,1789658878629350928.jpg
1789658878662675409,1789658878753108055,1789658878662675409.jpg
1789658878695999762,1789658878786649559,1789658878695999762.jpg
1789658878729325352,1789658878820158323,1789658878729325352.jpg
1789658878762654020,1789658878855963080,1789658878762654020.jpg
1789658878795975091,1789658878887929029,1789658878795975091.jpg
1789658878829304141,1789658878922488441,1789658878829304141.jpg
1789658878862625931,1789658878953037200,1789658878862625931.jpg
1789658878895949882,1789658878985831878,1789658878895949882.jpg
1789658878929278189,1789658879021983104,1789658878929278189.jpg
1789658878962600290,1789658879053703858,1789658878962600290.jpg
1789658878995926548,1789658879085798988,1789658878995926548.jpg
1789658879029251989,1789658879119119371,1789658879029251989.jpg
1789658879062576262,1789658879152646764,1789658879062576262.jpg
1789658879095906954,1789658879188967373,1789658879095906954.jpg
1789658879129226801,1789658879220926452,1789658879129226801.jpg
1789658879162554418,1789658879254692930,1789658879162554418.jpg
1789658879195881752,1789658879286479774,1789658879195881752.jpg
1789658879229201470,1789658879320091850,1789658879229201470.jpg
1789658879262527404,1789658879354287886,1789658879262527404.jpg
1789658879295853510,1789658879386107100,1789658879295853510.jpg
1789658879329177390,1789658879420088792,1789658879329177390.jpg
1789658879362502199,1789658879452436191,1789658879362502199.jpg
1789658879395833168,1789658879487067564,1789658879395833168.jpg
1789658879429152492,1789658879522046479,1789658879429152492.jpg
1789658879462477888,1789658879552150329,1789658879462477888.jpg
1789658879495804245,1789658879587156725,1789658879495804245.jpg
1789658879529127061,1789658879621743284,1789658879529127061.jpg
1789658879562453449,1789658879652690826,1789658879562453449.jpg
1789658879595780506,1789658879686679166,1789658879595780506.jpg
1789658879629102427,1789658879720454995,1789658879629102427.jpg
1789658879662433657,1789658879753097568,1789658879662433657.jpg
1789658879695752412,1789658879785548648,1789658879695752412.jpg
1789658879729084985,1789658879820741297,1789658879729084985.jpg
1789658879762405929,1789658879853577512,1789658879762405929.jpg
1789658879795728859,1789658879888380489,1789658879795728859.jpg
1789658879829054017,1789658879920594059,1789658879829054017.jpg
1789658879862379576,1789658879954303502,1789658879862379576.jpg
1789658879895707582,1789658879986530183,1789658879895707582.jpg
1789658879929029737,1789658880019655368,1789658879929029737.jpg
1789658879962354536,1789658880054265742,1789658879962354536.jpg
1789658879995677630,1789658880086101659,1789658879995677630.jpg
1789658880029004433,1789658880119497539,1789658880029004433.jpg
1789658880062330574,1789658880153783276,1789658880062330574.jpg
1789658880095663057,1789658880192734254,1789658880095663057.jpg
1789658880128979959,1789658880221631406,1789658880128979959.jpg
1789658880162308872,1789658880250083370,1789658880162308872.jpg
1789658880195632890,1789658880286561288,1789658880195632890.jpg
1789658880228961917,1789658880320676568,1789658880228961917.jpg
1789658880262287736,1789658880353378732,1789658880262287736.jpg
1789658880295605785,1789658880384909290,1789658880295605785.jpg
1789658880328933144,1789658880420232398,1789658880328933144.jpg
1789658880362254667,1789658880453147832,1789658880362254667.jpg
1789658880395583206,1789658880486978400,1789658880395583206.jpg
1789658880428906059,1789658880517622156,1789658880428906059.jpg
1789658880462230659,1789658880552738882,1789658880462230659.jpg
1789658880495557825,1789658880587573488,1789658880495557825.jpg
1789658880528881051,1789658880618980606,1789658880528881051.jpg
1789658880562204448,1789658880652326803,1789658880562204448.jpg
1789658880595532335,1789658880685442970,1789658880595532335.jpg
1789658880628856471,1789658880719936145,1789658880628856471.jpg
1789658880662188663,1789658880754838563,1789658880662188663.jpg
1789658880695508208,1789658880785650073,1789658880695508208.jpg
1789658880728832049,1789658880818653763,1789658880728832049.jpg
1789658880762158046,1789658880850104194,1789658880762158046.jpg
1789658880795481862,1789658880886554483,1789658880795481862.jpg
1789658880828812398,1789658880918742555,1789658880828812398.jpg
1789658880862132025,1789658880951266429,1789658880862132025.jpg
1789658880895456780,1789658880985369821,1789658880895456780.jpg
1789658880928783575,1789658881020220575,1789658880928783575.jpg
1789658880962107636,1789658881053863205,1789658880962107636.jpg
1789658880995435963,1789658881086891043,1789658880995435963.jpg
1789658881028757759,1789658881118916324,1789658881028757759.jpg
1789658881062083129,1789658881154953425,1789658881062083129.jpg
1789658881095409596,1789658881187443986,1789658881095409596.jpg
1789658881128733772,1789658881218954878,1789658881128733772.jpg
1789658881162063997,1789658881252650544,1789658881162063997.jpg
1789658881195382063,1789658881286523462,1789658881195382063.jpg
1789658881228711684,1789658881321014248,1789658881228711684.jpg
1789658881262034117,1789658881352586897,1789658881262034117.jpg
1789658881295360321,1789658881385200065,1789658881295360321.jpg
1789658881328685000,1789658881420512728,1789658881328685000.jpg
1789658881362008058,1789658881451733445,1789658881362008058.jpg
1789658881395335667,1789658881489485448,1789658881395335667.jpg
1789658881428657669,1789658881518616684,1789658881428657669.jpg
1789658881461984303,1789658881552451289,1789658881461984303.jpg
1789658881495315889,1789658881586746045,1789658881495315889.jpg
1789658881528633974,1789658881619169664,1789658881528633974.jpg
1789658881561961549,1789658881652267351,1789658881561961549.jpg
1789658881595285405,1789658881684677100,1789658881595285405.jpg
1789658881628609060,1789658881720879732,1789658881628609060.jpg
1789658881661937703,1789658881750963693,1789658881661937703.jpg
1789658881695260176,1789658881785298281,1789658881695260176.jpg
1789658881728586249,1789658881818785343,1789658881728586249.jpg
1789658881761908991,1789658881851427676,1789658881761908991.jpg
1789658881795237629,1789658881886861465,1789658881795237629.jpg
1789658881828560955,1789658881918955373,1789658881828560955.jpg
1789658881861886327,1789658881950932434,1789658881861886327.jpg
1789658881895215648,1789658881985537104,1789658881895215648.jpg
1789658881928534651,1789658882020936024,1789658881928534651.jpg
1789658881961862950,1789658882053101263,1789658881961862950.jpg
1789658881995185686,1789658882086554512,1789658881995185686.jpg
1789658882028511134,1789658882118303063,1789658882028511134.jpg
1789658882061838290,1789658882154232519,1789658882061838290.jpg
1789658882095162668,1789658882185903647,1789658882095162668.jpg
1789658882128488324,1789658882220021705,1789658882128488324.jpg
1789658882161814637,1789658882253005119,1789658882161814637.jpg
1789658882195135208,1789658882284615822,1789658882195135208.jpg
1789658882228464054,1789658882318850340,1789658882228464054.jpg
1789658882261788409,1789658882351537449,1789658882261788409.jpg
1789658882295113700,1789658882386079437,1789658882295113700.jpg
1789658882328438145,1789658882417422206,1789658882328438145.jpg
1789658882361762960,1789658882452024358,1789658882361762960.jpg
1789658882395090428,1789658882485192932,1789658882395090428.jpg
1789658882428411851,1789658882517259230,1789658882428411851.jpg
1789658882461737646,1789658882557108065,1789658882461737646.jpg
1789658882495062929,1789658882584990346,1789658882495062929.jpg
1789658882528389458,1789658882618267676,1789658882528389458.jpg
1789658882561714647,1789658882653334682,1789658882561714647.jpg
1789658882595039434,1789658882686247042,1789658882595039434.jpg
1789658882628363987,1789658882717509869,1789658882628363987.jpg
1789658882661689981,1789658882752597190,1789658882661689981.jpg
1789658882695014899,1789658882784533715,1789658882695014899.jpg
1789658882728338752,1789658882817570367,1789658882728338752.jpg
1789658882761664007,1789658882853824405,1789658882761664007.jpg
1789658882794988958,1789658882884858981,1789658882794988958.jpg
1789658882828314977,1789658882918537426,1789658882828314977.jpg
1789658882861639551,1789658882952470435,1789658882861639551.jpg
1789658882894968927,1789658882986292800,1789658882894968927.jpg
1789658882928289192,1789658883018473132,1789658882928289192.jpg
1789658882961618316,1789658883049955396,1789658882961618316.jpg
1789658882994939259,1789658883085799041,1789658882994939259.jpg
1789658883028265182,1789658883119034187,1789658883028265182.jpg
1789658883061591273,1789658883152772074,1789658883061591273.jpg
1789658883094914278,1789658883186316505,1789658883094914278.jpg
1789658883128241226,1789658883218826714,1789658883128241226.jpg
1789658883161565111,1789658883251677929,1789658883161565111.jpg
1789658883194891333,1789658883284794060,1789658883194891333.jpg
1789658883228218029,1789658883319888547,1789658883228218029.jpg
1789658883261542168,1789658883351884774,1789658883261542168.jpg
1789658883294865641,1789658883384325170,1789658883294865641.jpg
1789658883328191052,1789658883416578185,1789658883328191052.jpg
1789658883361517465,1789658883451352479,1789658883361517465.jpg
1789658883394841958,1789658883488226680,1789658883394841958.jpg
1789658883428165637,1789658883519787904,1789658883428165637.jpg
1789658883461492881,1789658883552729283,1789658883461492881.jpg
1789658883494817433,1789658883584118161,1789658883494817433.jpg
1789658883528151262,1789658883618491600,1789658883528151262.jpg
1789658883561467604,1789658883654843264,1789658883561467604.jpg
1789658883594792742,1789658883684905689,1789658883594792742.jpg
1789658883628116474,1789658883718089078,1789658883628116474.jpg
1789658883661442448,1789658883751093269,1789658883661442448.jpg
1789658883694770685,1789658883786602685,1789658883694770685.jpg
1789658883728091979,1789658883820413273,1789658883728091979.jpg
1789658883761418475,1789658883851347187,1789658883761418475.jpg
1789658883794746359,1789658883884644015,1789658883794746359.jpg
1789658883828067234,1789658883920264076,1789658883828067234.jpg
1789658883861395043,1789658883954065053,1789658883861395043.jpg
1789658883894721077,1789658883987520543,1789658883894721077.jpg
1789658883928045623,1789658884017859274,1789658883928045623.jpg
1789658883961368655,1789658884051576736,1789658883961368655.jpg
1789658883994693208,1789658884086298366,1789658883994693208.jpg
1789658884028019877,1789658884119019679,1789658884028019877.jpg
1789658884061343496,1789658884150561293,1789658884061343496.jpg
1789658884094669303,1789658884184809125,1789658884094669303.jpg
1789658884127993121,1789658884220845356,1789658884127993121.jpg
1789658884161318856,1789658884252035353,1789658884161318856.jpg
1789658884194647437,1789658884288549289,1789658884194647437.jpg
1789658884227970680,1789658884316308020,1789658884227970680.jpg
1789658884261292410,1789658884349372264,1789658884261292410.jpg
1789658884294619490,1789658884386209208,1789658884294619490.jpg
1789658884327944377,1789658884418598902,1789658884327944377.jpg
1789658884361272016,1789658884451051614,1789658884361272016.jpg
1789658884394597521,1789658884484988790,1789658884394597521.jpg
1789658884427919897,1789658884518476557,1789658884427919897.jpg
1789658884461245826,1789658884550986303,1789658884461245826.jpg
1789658884494571333,1789658884584696321,1789658884494571333.jpg
1789658884527894386,1789658884617504704,1789658884527894386.jpg
1789658884561219881,1789658884652670763,1789658884561219881.jpg
1789658884594546523,1789658884686244749,1789658884594546523.jpg
1789658884627879421,1789658884720219239,1789658884627879421.jpg
1789658884661196312,1789658884749849032,1789658884661196312.jpg
1789658884694524089,1789658884786328692,1789658884694524089.jpg
1789658884727845615,1789658884817534577,1789658884727845615.jpg
1789658884761172240,1789658884852401257,1789658884761172240.jpg
1789658884794501480,1789658884887810066,1789658884794501480.jpg
1789658884827820869,1789658884924051216,1789658884827820869.jpg
1789658884861147474,1789658884953443481,1789658884861147474.jpg
1789658884894471400,1789658884985359470,1789658884894471400.jpg
1789658884927798069,1789658885019134931,1789658884927798069.jpg
1789658884961126056,1789658885051751877,1789658884961126056.jpg
1789658884994447336,1789658885083270566,1789658884994447336.jpg
1789658885027773587,1789658885119517845,1789658885027773587.jpg
1789658885061096655,1789658885150102309,1789658885061096655.jpg
1789658885094422040,1789658885186347736,1789658885094422040.jpg
1789658885127749091,1789658885222366079,1789658885127749091.jpg
1789658885161073703,1789658885251386635,1789658885161073703.jpg
1789658885194401003,1789658885285364329,1789658885194401003.jpg
1789658885227721449,1789658885320306563,1789658885227721449.jpg
1789658885261048299,1789658885352887584,1789658885261048299.jpg
1789658885294376983,1789658885383467974,1789658885294376983.jpg
1789658885327696884,1789658885420222494,1789658885327696884.jpg
1789658885361023989,1789658885452362643,1789658885361023989.jpg
1789658885394348119,1789658885486315004,1789658885394348119.jpg
1789658885427674312,1789658885517984447,1789658885427674312.jpg
1789658885461000213,1789658885550873717,1789658885461000213.jpg
1789658885494324286,1789658885584782950,1789658885494324286.jpg
1789658885527651362,1789658885620629411,1789658885527651362.jpg
1789658885560974932,1789658885650105654,1789658885560974932.jpg
1789658885594300561,1789658885682843855,1789658885594300561.jpg
1789658885627627170,1789658885718198148,1789658885627627170.jpg
1789658885660946937,1789658885752170435,1789658885660946937.jpg
1789658885694278674,1789658885784734846,1789658885694278674.jpg
1789658885727599273,1789658885818368052,1789658885727599273.jpg
1789658885760924613,1789658885851668214,1789658885760924613.jpg
1789658885794250505,1789658885884101408,1789658885794250505.jpg
1789658885827576217,1789658885918562584,1789658885827576217.jpg
1789658885860905523,1789658885951138384,1789658885860905523.jpg
1789658885894225825,1789658885984725777,1789658885894225825.jpg
1789658885927555690,1789658886016101453,1789658885927555690.jpg
1789658885960882925,1789658886050835305,1789658885960882925.jpg
1789658885994200138,1789658886084924532,1789658885994200138.jpg
1789658886027525751,1789658886119330729,1789658886027525751.jpg
1789658886060850470,1789658886152378790,1789658886060850470.jpg
1789658886094177734,1789658886184223653,1789658886094177734.jpg
1789658886127505894,1789658886217231456,1789658886127505894.jpg
1789658886160825365,1789658886249767887,1789658886160825365.jpg
1789658886194151722,1789658886284317801,1789658886194151722.jpg
1789658886227475857,1789658886317552985,1789658886227475857.jpg
1789658886260802399,1789658886348938382,1789658886260802399.jpg
1789658886294130142,1789658886383238306,1789658886294130142.jpg
1789658886327451238,1789658886417370883,1789658886327451238.jpg
1789658886360777265,1789658886452406910,1789658886360777265.jpg
1789658886394102257,1789658886485341456,1789658886394102257.jpg
1789658886427428944,1789658886517783094,1789658886427428944.jpg
1789658886460754106,1789658886552199717,1789658886460754106.jpg
1789658886494076912,1789658886585921772,1789658886494076912.jpg
1789658886527402767,1789658886618067031,1789658886527402767.jpg
1789658886560726940,1789658886651364713,1789658886560726940.jpg
1789658886594056799,1789658886686686229,1789658886594056799.jpg
1789658886627381026,1789658886719067240,1789658886627381026.jpg
1789658886660704016,1789658886752995380,1789658886660704016.jpg
1789658886694028675,1789658886781885867,1789658886694028675.jpg
1789658886727355189,1789658886818273234,1789658886727355189.jpg
1789658886760681165,1789658886851664709,1789658886760681165.jpg
1789658886794003823,1789658886885505593,1789658886794003823.jpg
1789658886827330040,1789658886917322327,1789658886827330040.jpg
1789658886860655425,1789658886952773635,1789658886860655425.jpg
1789658886893978704,1789658886986135185,1789658886893978704.jpg
1789658886927312019,1789658887019817945,1789658886927312019.jpg
1789658886960628313,1789658887052195678,1789658886960628313.jpg
1789658886993954076,1789658887084073188,1789658886993954076.jpg
1789658887027279338,1789658887116496790,1789658887027279338.jpg
1789658887060603958,1789658887152225311,1789658887060603958.jpg
1789658887093929379,1789658887185906497,1789658887093929379.jpg
1789658887127254334,1789658887218120791,1789658887127254334.jpg
1789658887160580566,1789658887252715779,1789658887160580566.jpg
1789658887193909758,1789658887284334965,1789658887193909758.jpg
1789658887227229436,1789658887320116354,1789658887227229436.jpg
1789658887260558615,1789658887352947663,1789658887260558615.jpg
1789658887293880898,1789658887384216251,1789658887293880898.jpg
1789658887327205594,1789658887417981008,1789658887327205594.jpg
1789658887360532927,1789658887453423984,1789658887360532927.jpg
1789658887393855665,1789658887482696253,1789658887393855665.jpg
1789658887427182013,1789658887518177579,1789658887427182013.jpg
1789658887460504948,1789658887552866248,1789658887460504948.jpg
1789658887493831947,1789658887586688226,1789658887493831947.jpg
1789658887527158787,1789658887618586717,1789658887527158787.jpg
1789658887560481328,1789658887650332139,1789658887560481328.jpg
1789658887593805899,1789658887684977254,1789658887593805899.jpg
1789658887627131086,1789658887718135922,1789658887627131086.jpg
1789658887660455987,1789658887751482213,1789658887660455987.jpg
1789658887693783080,1789658887782370314,1789658887693783080.jpg
1789658887727107744,1789658887818434360,1789658887727107744.jpg
1789658887760433761,1789658887851311445,1789658887760433761.jpg
1789658887793756583,1789658887884077035,1789658887793756583.jpg
1789658887827084628,1789658887916915363,1789658887827084628.jpg
1789658887860407323,1789658887950708786,1789658887860407323.jpg
1789658887893731945,1789658887983567798,1789658887893731945.jpg
1789658887927057461,1789658888018736968,1789658887927057461.jpg
1789658887960382283,1789658888050739585,1789658887960382283.jpg
1789658887993712336,1789658888084096858,1789658887993712336.jpg
1789658888027034364,1789658888116431537,1789658888027034364.jpg
1789658888060357964,1789658888151233832,1789658888060357964.jpg
1789658888093688610,1789658888185080994,1789658888093688610.jpg
1789658888127007532,1789658888216335212,1789658888127007532.jpg
1789658888160332623,1789658888251245855,1789658888160332623.jpg
1789658888193662310,1789658888283296007,1789658888193662310.jpg
1789658888226984100,1789658888317897457,1789658888226984100.jpg
1789658888260321237,1789658888351039163,1789658888260321237.jpg
1789658888293634426,1789658888382761086,1789658888293634426.jpg
1789658888326962346,1789658888416477235,1789658888326962346.jpg
1789658888360284294,1789658888448488426,1789658888360284294.jpg
1789658888393608231,1789658888482770220,1789658888393608231.jpg
1789658888426933375,1789658888519325082,1789658888426933375.jpg
1789658888460258654,1789658888550740535,1789658888460258654.jpg
1789658888493585197,1789658888585485314,1789658888493585197.jpg
1789658888526909479,1789658888620206426,1789658888526909479.jpg
1789658888560234622,1789658888650176486,1789658888560234622.jpg
1789658888593563225,1789658888685660312,1789658888593563225.jpg
1789658888626884498,1789658888717668281,1789658888626884498.jpg
1789658888660211036,1789658888751497629,1789658888660211036.jpg
1789658888693537119,1789658888783970266,1789658888693537119.jpg
1789658888726860470,1789658888816996254,1789658888726860470.jpg
1789658888760187654,1789658888850510521,1789658888760187654.jpg
1789658888793511723,1789658888882049376,1789658888793511723.jpg
1789658888826836289,1789658888917441076,1789658888826836289.jpg
1789658888860161778,1789658888950782423,1789658888860161778.jpg
1789658888893485285,1789658888985407095,1789658888893485285.jpg
1789658888926810877,1789658889016512910,1789658888926810877.jpg
1789658888960136451,1789658889052279412,1789658888960136451.jpg
1789658888993462264,1789658889086270569,1789658888993462264.jpg
1789658889026785974,1789658889118121433,1789658889026785974.jpg
1789658889060114328,1789658889150785212,1789658889060114328.jpg
1789658889093438975,1789658889183572393,1789658889093438975.jpg
1789658889126761954,1789658889215083991,1789658889126761954.jpg
1789658889160105320,1789658889251030560,1789658889160105320.jpg
1789658889193412647,1789658889285332392,1789658889193412647.jpg
1789658889226737344,1789658889316150607,1789658889226737344.jpg
1789658889260063923,1789658889350844369,1789658889260063923.jpg
1789658889293386812,1789658889386172589,1789658889293386812.jpg
1789658889326714181,1789658889418035341,1789658889326714181.jpg
1789658889360038268,1789658889449518329,1789658889360038268.jpg
1789658889393363856,1789658889485101763,1789658889393363856.jpg
1789658889426691653,1789658889518730007,1789658889426691653.jpg
1789658889460015044,1789658889552557467,1789658889460015044.jpg
1789658889493337430,1789658889584937089,1789658889493337430.jpg
1789658889526664080,1789658889616033961,1789658889526664080.jpg
1789658889559990260,1789658889650365680,1789658889559990260.jpg
1789658889593313988,1789658889683078865,1789658889593313988.jpg
1789658889626640450,1789658889715998208,1789658889626640450.jpg
1789658889659964107,1789658889751543625,1789658889659964107.jpg
1789658889693288519,1789658889784936045,1789658889693288519.jpg
1789658889726615509,1789658889817129340,1789658889726615509.jpg
1789658889759941478,1789658889850223344,1789658889759941478.jpg
1789658889793264022,1789658889885889442,1789658889793264022.jpg
1789658889826590363,1789658889918175327,1789658889826590363.jpg
1789658889859914237,1789658889951168742,1789658889859914237.jpg
1789658889893242157,1789658889982953404,1789658889893242157.jpg
1789658889926577435,1789658890017606057,1789658889926577435.jpg
1789658889959889818,1789658890050029844,1789658889959889818.jpg
1789658889993214316,1789658890084227050,1789658889993214316.jpg
1789658890026540277,1789658890116198928,1789658890026540277.jpg
1789658890059869656,1789658890153379842,1789658890059869656.jpg
1789658890093190392,1789658890185199725,1789658890093190392.jpg
1789658890126515895,1789658890217467482,1789658890126515895.jpg
1789658890159844471,1789658890249845512,1789658890159844471.jpg
1789658890193165829,1789658890284347855,1789658890193165829.jpg
1789658890226490508,1789658890315988578,1789658890226490508.jpg
1789658890259819180,1789658890351365927,1789658890259819180.jpg
1789658890293142424,1789658890384979616,1789658890293142424.jpg
1789658890326467249,1789658890415626856,1789658890326467249.jpg
1789658890359791093,1789658890450971762,1789658890359791093.jpg
1789658890393117204,1789658890484401810,1789658890393117204.jpg
1789658890426443594,1789658890515285412,1789658890426443594.jpg
1789658890459766019,1789658890552553860,1789658890459766019.jpg
1789658890493095877,1789658890584633456,1789658890493095877.jpg
1789658890526416575,1789658890617166166,1789658890526416575.jpg
1789658890559742446,1789658890650737727,1789658890559742446.jpg
1789658890593070363,1789658890683007669,1789658890593070363.jpg
1789658890626392768,1789658890717718671,1789658890626392768.jpg
1789658890659718068,1789658890748844949,1789658890659718068.jpg
1789658890693043072,1789658890782438584,1789658890693043072.jpg
1789658890726367599,1789658890817530128,1789658890726367599.jpg
1789658890759692993,1789658890850702741,1789658890759692993.jpg
1789658890793015598,1789658890883738470,1789658890793015598.jpg
1789658890826343752,1789658890916518930,1789658890826343752.jpg
1789658890859668682,1789658890952619790,1789658890859668682.jpg
1789658890892994623,1789658890983393618,1789658890892994623.jpg
1789658890926321588,1789658891016811426,1789658890926321588.jpg
1789658890959643937,1789658891050914376,1789658890959643937.jpg
1789658890992970028,1789658891085855741,1789658890992970028.jpg
1789658891026293129,1789658891115240267,1789658891026293129.jpg
1789658891059621813,1789658891151476882,1789658891059621813.jpg
1789658891092945428,1789658891183203046,1789658891092945428.jpg
1789658891126269718,1789658891217054839,1789658891126269718.jpg
1789658891159597188,1789658891251278063,1789658891159597188.jpg
1789658891192918585,1789658891285813609,1789658891192918585.jpg
1789658891226247653,1789658891318153955,1789658891226247653.jpg
1789658891259572210,1789658891348775992,1789658891259572210.jpg
1789658891292894693,1789658891382465439,1789658891292894693.jpg
1789658891326222031,1789658891417954006,1789658891326222031.jpg
1789658891359545732,1789658891450086249,1789658891359545732.jpg
1789658891392870616,1789658891484428172,1789658891392870616.jpg
1789658891426196528,1789658891516572488,1789658891426196528.jpg
1789658891459520334,1789658891549704992,1789658891459520334.jpg
1789658891492847402,1789658891582552246,1789658891492847402.jpg
1789658891526169917,1789658891616231230,1789658891526169917.jpg
1789658891559497434,1789658891650487860,1789658891559497434.jpg
1789658891592819785,1789658891684935594,1789658891592819785.jpg
1789658891626145274,1789658891718272331,1789658891626145274.jpg
1789658891659475666,1789658891750455831,1789658891659475666.jpg
1789658891692796186,1789658891782962097,1789658891692796186.jpg
1789658891726121167,1789658891817781874,1789658891726121167.jpg
1789658891759447131,1789658891849303657,1789658891759447131.jpg
1789658891792771106,1789658891884065176,1789658891792771106.jpg
1789658891826105914,1789658891916926486,1789658891826105914.jpg
1789658891859420911,1789658891949479324,1789658891859420911.jpg
1789658891892747544,1789658891982764915,1789658891892747544.jpg
1789658891926072606,1789658892016846903,1789658891926072606.jpg
1789658891959397225,1789658892049599216,1789658891959397225.jpg
1789658891992726003,1789658892084866570,1789658891992726003.jpg
1789658892026048744,1789658892116893224,1789658892026048744.jpg
1789658892059373889,1789658892150748794,1789658892059373889.jpg
1789658892092697542,1789658892182100584,1789658892092697542.jpg
1789658892126024488,1789658892218351272,1789658892126024488.jpg
1789658892159349906,1789658892251009034,1789658892159349906.jpg
1789658892192676258,1789658892281699273,1789658892192676258.jpg
1789658892225999362,1789658892316068269,1789658892225999362.jpg
1789658892259325167,1789658892349049130,1789658892259325167.jpg
1789658892292648850,1789658892383639582,1789658892292648850.jpg
1789658892325976530,1789658892418048058,1789658892325976530.jpg
1789658892359299854,1789658892449568841,1789658892359299854.jpg
1789658892392627819,1789658892483319323,1789658892392627819.jpg
1789658892425953678,1789658892515955585,1789658892425953678.jpg
1789658892459274597,1789658892550570480,1789658892459274597.jpg
1789658892492598786,1789658892581743239,1789658892492598786.jpg
1789658892525923563,1789658892615018608,1789658892525923563.jpg
1789658892559253169,1789658892651797315,1789658892559253169.jpg
1789658892592573765,1789658892683098310,1789658892592573765.jpg
1789658892625905471,1789658892717039488,1789658892625905471.jpg
1789658892659228214,1789658892748519051,1789658892659228214.jpg
1789658892692550565,1789658892783494655,1789658892692550565.jpg
1789658892725875390,1789658892818417539,1789658892725875390.jpg
1789658892759199550,1789658892850420324,1789658892759199550.jpg
1789658892792527716,1789658892883079881,1789658892792527716.jpg
1789658892825854527,1789658892916431192,1789658892825854527.jpg
1789658892859176480,1789658892950761283,1789658892859176480.jpg
1789658892892505717,1789658892983752550,1789658892892505717.jpg
1789658892925824754,1789658893015083822,1789658892925824754.jpg
1789658892959154016,1789658893047495722,1789658892959154016.jpg
1789658892992479785,1789658893081275499,1789658892992479785.jpg
1789658893025803042,1789658893120757091,1789658893025803042.jpg
1789658893059128663,1789658893151466441,1789658893059128663.jpg
1789658893092452020,1789658893182549203,1789658893092452020.jpg
1789658893125778062,1789658893216190800,1789658893125778062.jpg
1789658893159100270,1789658893249847563,1789658893159100270.jpg
1789658893192428837,1789658893282194798,1789658893192428837.jpg
1789658893225752713,1789658893318064038,1789658893225752713.jpg
1789658893259077478,1789658893350494085,1789658893259077478.jpg
1789658893292403139,1789658893382206751,1789658893292403139.jpg
1789658893325726630,1789658893415729167,1789658893325726630.jpg
1789658893359052586,1789658893449258527,1789658893359052586.jpg
1789658893392381275,1789658893482653910,1789658893392381275.jpg
1789658893425702022,1789658893516379448,1789658893425702022.jpg
1789658893459030743,1789658893551156505,1789658893459030743.jpg
1789658893492353244,1789658893581701601,1789658893492353244.jpg
1789658893525676825,1789658893616924049,1789658893525676825.jpg
1789658893559003594,1789658893651015796,1789658893559003594.jpg
1789658893592328923,1789658893682115169,1789658893592328923.jpg
1789658893625656607,1789658893715583920,1789658893625656607.jpg
1789658893658978908,1789658893750167205,1789658893658978908.jpg
1789658893692303554,1789658893782409185,1789658893692303554.jpg
1789658893725628265,1789658893816462305,1789658893725628265.jpg
1789658893758954115,1789658893850995036,1789658893758954115.jpg
1789658893792279885,1789658893883431343,1789658893792279885.jpg
1789658893825604562,1789658893916388520,1789658893825604562.jpg
1789658893858929145,1789658893952013620,1789658893858929145.jpg
1789658893892255015,1789658893983362743,1789658893892255015.jpg
1789658893925581047,1789658894016062799,1789658893925581047.jpg
1789658893958910935,1789658894049136361,1789658893958910935.jpg
1789658893992229597,1789658894083631779,1789658893992229597.jpg
1789658894025555780,1789658894117530201,1789658894025555780.jpg
1789658894058880680,1789658894147597925,1789658894058880680.jpg
1789658894092204870,1789658894181817039,1789658894092204870.jpg
1789658894125530802,1789658894217996156,1789658894125530802.jpg
1789658894158857505,1789658894249596641,1789658894158857505.jpg
1789658894192186446,1789658894283153852,1789658894192186446.jpg
1789658894225506456,1789658894317349485,1789658894225506456.jpg
1789658894258831562,1789658894350311180,1789658894258831562.jpg
1789658894292161442,1789658894384481536,1789658894292161442.jpg
1789658894325482605,1789658894415782902,1789658894325482605.jpg
1789658894358809204,1789658894448507365,1789658894358809204.jpg
1789658894392131643,1789658894481613315,1789658894392131643.jpg
1789658894425455870,1789658894516294800,1789658894425455870.jpg
1789658894458782252,1789658894551450973,1789658894458782252.jpg
1789658894492107822,1789658894582642009,1789658894492107822.jpg
1789658894525433409,1789658894616105150,1789658894525433409.jpg
1789658894558757585,1789658894649093215,1789658894558757585.jpg
1789658894592081715,1789658894682683536,1789658894592081715.jpg
1789658894625407694,1789658894718882023,1789658894625407694.jpg
1789658894658733285,1789658894749107316,1789658894658733285.jpg
1789658894692057715,1789658894782404314,1789658894692057715.jpg
1789658894725387514,1789658894816239201,1789658894725387514.jpg
1789658894758707915,1789658894850054069,1789658894758707915.jpg
1789658894792033521,1789658894882580780,1789658894792033521.jpg
1789658894825357096,1789658894914070473,1789658894825357096.jpg
1789658894858683980,1789658894949766941,1789658894858683980.jpg
1789658894892007865,1789658894983929427,1789658894892007865.jpg
1789658894925334495,1789658895016039060,1789658894925334495.jpg
1789658894958663835,1789658895049480053,1789658894958663835.jpg
1789658894991984683,1789658895080945636,1789658894991984683.jpg
1789658895025319254,1789658895117016758,1789658895025319254.jpg
1789658895058634557,1789658895149157112,1789658895058634557.jpg
1789658895091959426,1789658895181790523,1789658895091959426.jpg
1789658895125284219,1789658895216930845,1789658895125284219.jpg
1789658895158608304,1789658895250314211,1789658895158608304.jpg
1789658895191938800,1789658895282782850,1789658895191938800.jpg
1789658895225260045,1789658895314330540,1789658895225260045.jpg
1789658895258586100,1789658895350651375,1789658895258586100.jpg
1789658895291909937,1789658895383170420,1789658895291909937.jpg
1789658895325232783,1789658895415392494,1789658895325232783.jpg
1789658895358559947,1789658895448887004,1789658895358559947.jpg
1789658895391885013,1789658895481092874,1789658895391885013.jpg
1789658895425212319,1789658895517452727,1789658895425212319.jpg
1789658895458536986,1789658895549501066,1789658895458536986.jpg
1789658895491860281,1789658895582125422,1789658895491860281.jpg
1789658895525187529,1789658895616397386,1789658895525187529.jpg
1789658895558511148,1789658895651285846,1789658895558511148.jpg
1789658895591838413,1789658895683662396,1789658895591838413.jpg
1789658895625161141,1789658895714041424,1789658895625161141.jpg
1789658895658486606,1789658895748912107,1789658895658486606.jpg
1789658895691811581,1789658895783273920,1789658895691811581.jpg
1789658895725136505,1789658895814715373,1789658895725136505.jpg
1789658895758464170,1789658895849112962,1789658895758464170.jpg
1789658895791789551,1789658895883535902,1789658895791789551.jpg
1789658895825112025,1789658895914981948,1789658895825112025.jpg
1789658895858437591,1789658895949389777,1789658895858437591.jpg
1789658895891761712,1789658895982129147,1789658895891761712.jpg
1789658895925086690,1789658896017241489,1789658895925086690.jpg
1789658895958413741,1789658896048762421,1789658895958413741.jpg
1789658895991737466,1789658896080670117,1789658895991737466.jpg
1789658896025063298,1789658896117415160,1789658896025063298.jpg
1789658896058395297,1789658896149851486,1789658896058395297.jpg
1789658896091713806,1789658896181793070,1789658896091713806.jpg
1789658896125038637,1789658896214302670,1789658896125038637.jpg
1789658896158363332,1789658896247727887,1789658896158363332.jpg
1789658896191694397,1789658896284708032,1789658896191694397.jpg
1789658896225014342,1789658896315895310,1789658896225014342.jpg
1789658896258339532,1789658896349769918,1789658896258339532.jpg
1789658896291663746,1789658896383456291,1789658896291663746.jpg
1789658896324988267,1789658896415591887,1789658896324988267.jpg
1789658896358319440,1789658896450590936,1789658896358319440.jpg
1789658896391637043,1789658896479721398,1789658896391637043.jpg
1789658896424965052,1789658896514749502,1789658896424965052.jpg
1789658896458294165,1789658896549582631,1789658896458294165.jpg
1789658896491614984,1789658896583521422,1789658896491614984.jpg
1789658896524942399,1789658896614147719,1789658896524942399.jpg
1789658896558264509,1789658896645023286,1789658896558264509.jpg
1789658896591589930,1789658896683958935,1789658896591589930.jpg
1789658896624915029,1789658896717220269,1789658896624915029.jpg
1789658896658240665,1789658896749056671,1789658896658240665.jpg
1789658896691564179,1789658896783650457,1789658896691564179.jpg
1789658896724889856,1789658896816823053,1789658896724889856.jpg
1789658896758219138,1789658896851135405,1789658896758219138.jpg
1789658896791541317,1789658896881110485,1789658896791541317.jpg
1789658896824865873,1789658896914654030,1789658896824865873.jpg
1789658896858189793,1789658896950308111,1789658896858189793.jpg
1789658896891515147,1789658896983479689,1789658896891515147.jpg
1789658896924844824,1789658897015737299,1789658896924844824.jpg
1789658896958165509,1789658897048536093,1789658896958165509.jpg
1789658896991491819,1789658897083550920,1789658896991491819.jpg
1789658897024816357,1789658897116398564,1789658897024816357.jpg
1789658897058140781,1789658897149375890,1789658897058140781.jpg
1789658897091468013,1789658897182056633,1789658897091468013.jpg
1789658897124790822,1789658897213657840,1789658897124790822.jpg
1789658897158121314,1789658897249911253,1789658897158121314.jpg
1789658897191443348,1789658897281494757,1789658897191443348.jpg
1789658897224771318,1789658897314757294,1789658897224771318.jpg
1789658897258091258,1789658897348574701,1789658897258091258.jpg
1789658897291418980,1789658897381897976,1789658897291418980.jpg
1789658897324743264,1789658897415157255,1789658897324743264.jpg
1789658897358071078,1789658897449457847,1789658897358071078.jpg
1789658897391393317,1789658897482063204,1789658897391393317.jpg
1789658897424720627,1789658897516591308,1789658897424720627.jpg
1789658897458042645,1789658897548887731,1789658897458042645.jpg
1789658897491372187,1789658897581748486,1789658897491372187.jpg
1789658897524694060,1789658897615597151,1789658897524694060.jpg
1789658897558019075,1789658897648023755,1789658897558019075.jpg
1789658897591343917,1789658897680148296,1789658897591343917.jpg
1789658897624667083,1789658897714658326,1789658897624667083.jpg
1789658897657996079,1789658897749094395,1789658897657996079.jpg
1789658897691318750,1789658897783137997,1789658897691318750.jpg
1789658897724644547,1789658897815578897,1789658897724644547.jpg
1789658897757968580,1789658897848464874,1789658897757968580.jpg
1789658897791293840,1789658897882815650,1789658897791293840.jpg
1789658897824623045,1789658897915347583,1789658897824623045.jpg
1789658897857943873,1789658897947238762,1789658897857943873.jpg
1789658897891272939,1789658897983295607,1789658897891272939.jpg
1789658897924600063,1789658898015548384,1789658897924600063.jpg
1789658897957919576,1789658898048957213,1789658897957919576.jpg
1789658897991245328,1789658898082335450,1789658897991245328.jpg
1789658898024571532,1789658898115551933,1789658898024571532.jpg
1789658898057896089,1789658898148453539,1789658898057896089.jpg
1789658898091225196,1789658898183321446,1789658898091225196.jpg
1789658898124546353,1789658898216548744,1789658898124546353.jpg
1789658898157872418,1789658898249767783,1789658898157872418.jpg
1789658898191196394,1789658898281094056,1789658898191196394.jpg
1789658898224521507,1789658898316998499,1789658898224521507.jpg
1789658898257858324,1789658898349479861,1789658898257858324.jpg
1789658898291169242,1789658898381766007,1789658898291169242.jpg
1789658898324497487,1789658898415907106,1789658898324497487.jpg
1789658898357823859,1789658898446527238,1789658898357823859.jpg
1789658898391146488,1789658898481760020,1789658898391146488.jpg
1789658898424473237,1789658898515273326,1789658898424473237.jpg
1789658898457796031,1789658898552209714,1789658898457796031.jpg
1789658898491123325,1789658898581557187,1789658898491123325.jpg
1789658898524447982,1789658898614879241,1789658898524447982.jpg
1789658898557770978,1789658898649672872,1789658898557770978.jpg
1789658898591099405,1789658898683587905,1789658898591099405.jpg
1789658898624422460,1789658898716356331,1789658898624422460.jpg
1789658898657750212,1789658898747912336,1789658898657750212.jpg
1789658898691072758,1789658898780690891,1789658898691072758.jpg
1789658898724397368,1789658898816349676,1789658898724397368.jpg
1789658898757725594,1789658898850805060,1789658898757725594.jpg
1789658898791047913,1789658898882075058,1789658898791047913.jpg
1789658898824377628,1789658898914515365,1789658898824377628.jpg
1789658898857698843,1789658898948488988,1789658898857698843.jpg
1789658898891024358,1789658898983052572,1789658898891024358.jpg
1789658898924348631,1789658899016953754,1789658898924348631.jpg
1789658898957673289,1789658899046959333,1789658898957673289.jpg
1789658898990999677,1789658899083299910,1789658898990999677.jpg
1789658899024322452,1789658899114878137,1789658899024322452.jpg
1789658899057649790,1789658899149304041,1789658899057649790.jpg
1789658899090976545,1789658899183343514,1789658899090976545.jpg
1789658899124299192,1789658899216202121,1789658899124299192.jpg
1789658899157627370,1789658899248976621,1789658899157627370.jpg
1789658899190949880,1789658899280815617,1789658899190949880.jpg
1789658899224280507,1789658899316234096,1789658899224280507.jpg
1789658899257600392,1789658899348610369,1789658899257600392.jpg
1789658899290924144,1789658899381765022,1789658899290924144.jpg
1789658899324262060,1789658899416405011,1789658899324262060.jpg
1789658899357574055,1789658899447051975,1789658899357574055.jpg
1789658899390898382,1789658899484085452,1789658899390898382.jpg
1789658899424224803,1789658899515429744,1789658899424224803.jpg
1789658899457550209,1789658899547079561,1789658899457550209.jpg
1789658899490876728,1789658899581918876,1789658899490876728.jpg
1789658899524200366,1789658899615978719,1789658899524200366.jpg
1789658899557528920,1789658899650139669,1789658899557528920.jpg
1789658899590850428,1789658899682229693,1789658899590850428.jpg
1789658899624177897,1789658899714574430,1789658899624177897.jpg
1789658899657502154,1789658899750094702,1789658899657502154.jpg
1789658899690827186,1789658899782458624,1789658899690827186.jpg
1789658899724152840,1789658899817097575,1789658899724152840.jpg
1789658899757476572,1789658899848709709,1789658899757476572.jpg
1789658899790801790,1789658899880304213,1789658899790801790.jpg
1789658899824127486,1789658899918912876,1789658899824127486.jpg
1789658899857451400,1789658899951515011,1789658899857451400.jpg
1789658899890779766,1789658899982189196,1789658899890779766.jpg
1789658899924102961,1789658900014744815,1789658899924102961.jpg
1789658899957426441,1789658900050587576,1789658899957426441.jpg
1789658899990754725,1789658900084349244,1789658899990754725.jpg
1789658900024077017,1789658900115229089,1789658900024077017.jpg
1789658900057402136,1789658900150149068,1789658900057402136.jpg
1789658900090727979,1789658900179726385,1789658900090727979.jpg
1789658900124052227,1789658900213861948,1789658900124052227.jpg
1789658900157380761,1789658900247904588,1789658900157380761.jpg
1789658900190703582,1789658900282063723,1789658900190703582.jpg
1789658900224030633,1789658900316450258,1789658900224030633.jpg
1789658900257357030,1789658900347536985,1789658900257357030.jpg
1789658900290678148,1789658900382827729,1789658900290678148.jpg
1789658900324006144,1789658900415270296,1789658900324006144.jpg
1789658900357328339,1789658900448719938,1789658900357328339.jpg
1789658900390654507,1789658900481679561,1789658900390654507.jpg
1789658900423983888,1789658900514458820,1789658900423983888.jpg
1789658900457304190,1789658900550522110,1789658900457304190.jpg
1789658900490629070,1789658900585081324,1789658900490629070.jpg
1789658900523954686,1789658900615797527,1789658900523954686.jpg
1789658900557281861,1789658900646778887,1789658900557281861.jpg
1789658900590603952,1789658900682264123,1789658900590603952.jpg
1789658900623930737,1789658900715158119,1789658900623930737.jpg
1789658900657255090,1789658900747726811,1789658900657255090.jpg
1789658900690579126,1789658900782544238,1789658900690579126.jpg
1789658900723907393,1789658900814260868,1789658900723907393.jpg
1789658900757228987,1789658900852113206,1789658900757228987.jpg
1789658900790557259,1789658900881588101,1789658900790557259.jpg
1789658900823879819,1789658900915405897,1789658900823879819.jpg
1789658900857206379,1789658900948492497,1789658900857206379.jpg
1789658900890533070,1789658900979763513,1789658900890533070.jpg
1789658900923856613,1789658901015697474,1789658900923856613.jpg
1789658900957181008,1789658901048688893,1789658900957181008.jpg
1789658900990508387,1789658901080911301,1789658900990508387.jpg
1789658901023831070,1789658901113641821,1789658901023831070.jpg
1789658901057168807,1789658901148955416,1789658901057168807.jpg
1789658901090481517,1789658901182827174,1789658901090481517.jpg
1789658901123808855,1789658901216166042,1789658901123808855.jpg
1789658901157133334,1789658901248862897,1789658901157133334.jpg
1789658901190457892,1789658901281897610,1789658901190457892.jpg
1789658901223782909,1789658901316158946,1789658901223782909.jpg
1789658901257107565,1789658901347072883,1789658901257107565.jpg
1789658901290433728,1789658901379610336,1789658901290433728.jpg
1789658901323759261,1789658901412676177,1789658901323759261.jpg
1789658901357101588,1789658901448921331,1789658901357101588.jpg
1789658901390409380,1789658901480966265,1789658901390409380.jpg
1789658901423733092,1789658901514144250,1789658901423733092.jpg
1789658901457059555,1789658901549743909,1789658901457059555.jpg
1789658901490383948,1789658901582028593,1789658901490383948.jpg
1789658901523710401,1789658901616986886,1789658901523710401.jpg
1789658901557037003,1789658901647922211,1789658901557037003.jpg
1789658901590357666,1789658901682453037,1789658901590357666.jpg
1789658901623687601,1789658901716429346,1789658901623687601.jpg
1789658901657008723,1789658901748757103,1789658901657008723.jpg
1789658901690334194,1789658901781120673,1789658901690334194.jpg
1789658901723662291,1789658901816682648,1789658901723662291.jpg
1789658901756990206,1789658901848236247,1789658901756990206.jpg
1789658901790311029,1789658901882353162,1789658901790311029.jpg
1789658901823634671,1789658901914495759,1789658901823634671.jpg
1789658901856961066,1789658901948530918,1789658901856961066.jpg
1789658901890285085,1789658901981275530,1789658901890285085.jpg
1789658901923607926,1789658902014698618,1789658901923607926.jpg
1789658901956935525,1789658902048013007,1789658901956935525.jpg
1789658901990261004,1789658902080467352,1789658901990261004.jpg
1789658902023584178,1789658902115292538,1789658902023584178.jpg
1789658902056914551,1789658902147696718,1789658902056914551.jpg
1789658902090235162,1789658902181578513,1789658902090235162.jpg
1789658902123562299,1789658902214369197,1789658902123562299.jpg
1789658902156889207,1789658902248532759,1789658902156889207.jpg
1789658902190211390,1789658902283771691,1789658902190211390.jpg
1789658902223538962,1789658902317136466,1789658902223538962.jpg
1789658902256859931,1789658902348329893,1789658902256859931.jpg
1789658902290186690,1789658902382493399,1789658902290186690.jpg
1789658902323515350,1789658902415499706,1789658902323515350.jpg
1789658902356836752,1789658902449611733,1789658902356836752.jpg
1789658902390162833,1789658902480368490,1789658902390162833.jpg
1789658902423486630,1789658902513397074,1789658902423486630.jpg
1789658902456812200,1789658902552154232,1789658902456812200.jpg
1789658902490139766,1789658902580245436,1789658902490139766.jpg
1789658902523461630,1789658902614859408,1789658902523461630.jpg
1789658902556787321,1789658902649344977,1789658902556787321.jpg
1789658902590119157,1789658902681579700,1789658902590119157.jpg
1789658902623436689,1789658902714581396,1789658902623436689.jpg
1789658902656763000,1789658902748213625,1789658902656763000.jpg
1789658902690089081,1789658902780413627,1789658902690089081.jpg
1789658902723413637,1789658902815762017,1789658902723413637.jpg
1789658902756739077,1789658902849383524,1789658902756739077.jpg
1789658902790063777,1789658902884694120,1789658902790063777.jpg
1789658902823387947,1789658902914374693,1789658902823387947.jpg
1789658902856714495,1789658902949721879,1789658902856714495.jpg
1789658902890040037,1789658902981673205,1789658902890040037.jpg
1789658902923366178,1789658903014238009,1789658902923366178.jpg
1789658902956689315,1789658903048338907,1789658902956689315.jpg
1789658902990013623,1789658903081776514,1789658902990013623.jpg
1789658903023338732,1789658903116465446,1789658903023338732.jpg
1789658903056664214,1789658903149163375,1789658903056664214.jpg
1789658903089989061,1789658903179083126,1789658903089989061.jpg
1789658903123316322,1789658903214927239,1789658903123316322.jpg
1789658903156638253,1789658903247809495,1789658903156638253.jpg
1789658903189965571,1789658903281089459,1789658903189965571.jpg
1789658903223289739,1789658903313936587,1789658903223289739.jpg
1789658903256615264,1789658903347199810,1789658903256615264.jpg
1789658903289940857,1789658903381523793,1789658903289940857.jpg
1789658903323264828,1789658903415004435,1789658903323264828.jpg
1789658903356594150,1789658903446876301,1789658903356594150.jpg
1789658903389918932,1789658903480993939,1789658903389918932.jpg
1789658903423247849,1789658903515927418,1789658903423247849.jpg
1789658903456566088,1789658903546877724,1789658903456566088.jpg
1789658903489891031,1789658903580703817,1789658903489891031.jpg
1789658903523224584,1789658903613735012,1789658903523224584.jpg
1789658903556540575,1789658903648045699,1789658903556540575.jpg
1789658903589866148,1789658903680490359,1789658903589866148.jpg
1789658903623206490,1789658903714679661,1789658903623206490.jpg
1789658903656517280,1789658903747499197,1789658903656517280.jpg
1789658903689845017,1789658903780578983,1789658903689845017.jpg
1789658903723168355,1789658903813961184,1789658903723168355.jpg
1789658903756491905,1789658903847577655,1789658903756491905.jpg
1789658903789822078,1789658903882049780,1789658903789822078.jpg
1789658903823142781,1789658903915161324,1789658903823142781.jpg
1789658903856467377,1789658903947916122,1789658903856467377.jpg
1789658903889791608,1789658903981986872,1789658903889791608.jpg
1789658903923117687,1789658904014084064,1789658903923117687.jpg
1789658903956444831,1789658904045790380,1789658903956444831.jpg
1789658903989767699,1789658904081745397,1789658903989767699.jpg
1789658904023095261,1789658904116408553,1789658904023095261.jpg
1789658904056418315,1789658904147878193,1789658904056418315.jpg
1789658904089742448,1789658904180639842,1789658904089742448.jpg
1789658904123069009,1789658904215040063,1789658904123069009.jpg
1789658904156392982,1789658904248473225,1789658904156392982.jpg
1789658904189730124,1789658904281376333,1789658904189730124.jpg
1789658904223044200,1789658904314425009,1789658904223044200.jpg
1789658904256369547,1789658904348150476,1789658904256369547.jpg
1789658904289693690,1789658904381087989,1789658904289693690.jpg
1789658904323018993,1789658904415743331,1789658904323018993.jpg
1789658904356377489,1789658904448154085,1789658904356377489.jpg
1789658904389671622,1789658904480879476,1789658904389671622.jpg
1789658904422993828,1789658904516845882,1789658904422993828.jpg
1789658904456318637,1789658904547628917,1789658904456318637.jpg
1789658904489643984,1789658904580095984,1789658904489643984.jpg
1789658904522972205,1789658904617397805,1789658904522972205.jpg
1789658904556297377,1789658904645873700,1789658904556297377.jpg
1789658904589621833,1789658904681384214,1789658904589621833.jpg
1789658904622964810,1789658904713566328,1789658904622964810.jpg
1789658904656270300,1789658904746483472,1789658904656270300.jpg
1789658904689595700,1789658904781021188,1789658904689595700.jpg
1789658904722920508,1789658904814429092,1789658904722920508.jpg
1789658904756246753,1789658904847375291,1789658904756246753.jpg
1789658904789570787,1789658904880795879,1789658904789570787.jpg
1789658904822894898,1789658904912723910,1789658904822894898.jpg
1789658904856225267,1789658904946804846,1789658904856225267.jpg
1789658904889544129,1789658904977894388,1789658904889544129.jpg
1789658904922871953,1789658905011116706,1789658904922871953.jpg
1789658904956197706,1789658905050144670,1789658904956197706.jpg
1789658904989521832,1789658905079742006,1789658904989521832.jpg
1789658905022846472,1789658905114777779,1789658905022846472.jpg
1789658905056170807,1789658905147736496,1789658905056170807.jpg
1789658905089502264,1789658905182739158,1789658905089502264.jpg
1789658905122825664,1789658905212291403,1789658905122825664.jpg
1789658905156148869,1789658905249025189,1789658905156148869.jpg
1789658905189473524,1789658905283269194,1789658905189473524.jpg
1789658905222797535,1789658905314528878,1789658905222797535.jpg
1789658905256123532,1789658905348223902,1789658905256123532.jpg
1789658905289447526,1789658905382976055,1789658905289447526.jpg
1789658905322772860,1789658905413315513,1789658905322772860.jpg
1789658905356098617,1789658905449089074,1789658905356098617.jpg
1789658905389423702,1789658905480382146,1789658905389423702.jpg
1789658905422749754,1789658905515288275,1789658905422749754.jpg
1789658905456075221,1789658905546349059,1789658905456075221.jpg
1789658905489398340,1789658905582907185,1789658905489398340.jpg
1789658905522730380,1789658905615145297,1789658905522730380.jpg
1789658905556047887,1789658905646809412,1789658905556047887.jpg
1789658905589375488,1789658905681237854,1789658905589375488.jpg
1789658905622699232,1789658905717232555,1789658905622699232.jpg
1789658905656025706,1789658905746713877,1789658905656025706.jpg
1789658905689353927,1789658905780552359,1789658905689353927.jpg
1789658905722675304,1789658905813342211,1789658905722675304.jpg
1789658905756003718,1789658905848785673,1789658905756003718.jpg
1789658905789325199,1789658905881173817,1789658905789325199.jpg
1789658905822648290,1789658905913902931,1789658905822648290.jpg
1789658905855980431,1789658905948441610,1789658905855980431.jpg
1789658905889299396,1789658905981051357,1789658905889299396.jpg
1789658905922628606,1789658906014170587,1789658905922628606.jpg
1789658905955952886,1789658906048016698,1789658905955952886.jpg
1789658905989275971,1789658906080248496,1789658905989275971.jpg
1789658906022601215,1789658906113238453,1789658906022601215.jpg
1789658906055927655,1789658906146499955,1789658906055927655.jpg
1789658906089252762,1789658906179518522,1789658906089252762.jpg
1789658906122579419,1789658906214761584,1789658906122579419.jpg
1789658906155901599,1789658906247936737,1789658906155901599.jpg
1789658906189226695,1789658906280923694,1789658906189226695.jpg
1789658906222551267,1789658906314855450,1789658906222551267.jpg
1789658906255877487,1789658906349612363,1789658906255877487.jpg
1789658906289203829,1789658906383090746,1789658906289203829.jpg
1789658906322527544,1789658906414259916,1789658906322527544.jpg
1789658906355855858,1789658906450418167,1789658906355855858.jpg
1789658906389175989,1789658906479449060,1789658906389175989.jpg
1789658906422505028,1789658906514606569,1789658906422505028.jpg
1789658906455831801,1789658906548701709,1789658906455831801.jpg
1789658906489153246,1789658906579795788,1789658906489153246.jpg
1789658906522478330,1789658906613532941,1789658906522478330.jpg
1789658906555803527,1789658906649086232,1789658906555803527.jpg
1789658906589129861,1789658906681352177,1789658906589129861.jpg
1789658906622453047,1789658906712540216,1789658906622453047.jpg
1789658906655776995,1789658906748887757,1789658906655776995.jpg
1789658906689102952,1789658906780052242,1789658906689102952.jpg
1789658906722426796,1789658906812426850,1789658906722426796.jpg
1789658906755755714,1789658906849741023,1789658906755755714.jpg
1789658906789077872,1789658906881467098,1789658906789077872.jpg
1789658906822402446,1789658906915053015,1789658906822402446.jpg
1789658906855733155,1789658906945577689,1789658906855733155.jpg
1789658906889054529,1789658906982846771,1789658906889054529.jpg
1789658906922379824,1789658907015000998,1789658906922379824.jpg
1789658906955703470,1789658907047780981,1789658906955703470.jpg
1789658906989031220,1789658907080785918,1789658906989031220.jpg
1789658907022356932,1789658907115572626,1789658907022356932.jpg
1789658907055678423,1789658907147078043,1789658907055678423.jpg
1789658907089004544,1789658907182993266,1789658907089004544.jpg
1789658907122329734,1789658907213048476,1789658907122329734.jpg
1789658907155656821,1789658907246702538,1789658907155656821.jpg
1789658907188987905,1789658907281012689,1789658907188987905.jpg
1789658907222304872,1789658907313528570,1789658907222304872.jpg
1789658907255633707,1789658907349552178,1789658907255633707.jpg
1789658907288954915,1789658907380079982,1789658907288954915.jpg
1789658907322286871,1789658907412876223,1789658907322286871.jpg
1789658907355606766,1789658907449986644,1789658907355606766.jpg
1789658907388930587,1789658907480440710,1789658907388930587.jpg
1789658907422258107,1789658907514461463,1789658907422258107.jpg
1789658907455585459,1789658907546537138,1789658907455585459.jpg
1789658907488943947,1789658907580016188,1789658907488943947.jpg
1789658907522308814,1789658907612582067,1789658907522308814.jpg
1789658907555669595,1789658907647174782,1789658907555669595.jpg
1789658907589034111,1789658907679177144,1789658907589034111.jpg
1789658907622396877,1789658907713662937,1789658907622396877.jpg
1789658907655772456,1789658907748762522,1789658907655772456.jpg
1789658907689123272,1789658907785154654,1789658907689123272.jpg
1789658907722485309,1789658907813324912,1789658907722485309.jpg
1789658907755852216,1789658907848098065,1789658907755852216.jpg
1789658907789210092,1789658907881144390,1789658907789210092.jpg
1789658907822574720,1789658907914366227,1789658907822574720.jpg
1789658907855936973,1789658907947077194,1789658907855936973.jpg
1789658907889299864,1789658907979518596,1789658907889299864.jpg
1789658907922664260,1789658908012810894,1789658907922664260.jpg
1789658907956024822,1789658908047097064,1789658907956024822.jpg
1789658907989389640,1789658908082027637,1789658907989389640.jpg
1789658908022756129,1789658908113316433,1789658908022756129.jpg
1789658908056114362,1789658908149027589,1789658908056114362.jpg
1789658908089475917,1789658908181667318,1789658908089475917.jpg
1789658908122840642,1789658908213077257,1789658908122840642.jpg
1789658908156202462,1789658908248054273,1789658908156202462.jpg
1789658908189566331,1789658908280954622,1789658908189566331.jpg
1789658908222928448,1789658908314692756,1789658908222928448.jpg
1789658908256297378,1789658908347692231,1789658908256297378.jpg
1789658908289653796,1789658908381805371,1789658908289653796.jpg
1789658908323025702,1789658908415037004,1789658908323025702.jpg
1789658908356384262,1789658908448370708,1789658908356384262.jpg
1789658908389743858,1789658908482360426,1789658908389743858.jpg
1789658908423108855,1789658908515798423,1789658908423108855.jpg
1789658908456469128,1789658908547948465,1789658908456469128.jpg
1789658908489833397,1789658908582108362,1789658908489833397.jpg
1789658908523197920,1789658908615969732,1789658908523197920.jpg
1789658908556560017,1789658908649534817,1789658908556560017.jpg
1789658908589922577,1789658908681480034,1789658908589922577.jpg
1789658908623246677,1789658908715204798,1789658908623246677.jpg
1789658908656573705,1789658908748584926,1789658908656573705.jpg
1789658908689900424,1789658908781119825,1789658908689900424.jpg
1789658908723222372,1789658908813704241,1789658908723222372.jpg
1789658908756548316,1789658908848891712,1789658908756548316.jpg
1789658908789871802,1789658908882605662,1789658908789871802.jpg
1789658908823200047,1789658908916909591,1789658908823200047.jpg
1789658908856521865,1789658908947118610,1789658908856521865.jpg
1789658908889845638,1789658908982607367,1789658908889845638.jpg
1789658908923173732,1789658909013578637,1789658908923173732.jpg
1789658908956497557,1789658909049803645,1789658908956497557.jpg
1789658908989824731,1789658909081202863,1789658908989824731.jpg
1789658909023150105,1789658909112901959,1789658909023150105.jpg
1789658909056474123,1789658909148847533,1789658909056474123.jpg
1789658909089798497,1789658909179093310,1789658909089798497.jpg
1789658909123125353,1789658909213314668,1789658909123125353.jpg
1789658909156449938,1789658909249290667,1789658909156449938.jpg
1789658909189772453,1789658909284478269,1789658909189772453.jpg
1789658909223100595,1789658909314987518,1789658909223100595.jpg
1789658909256424669,1789658909350545865,1789658909256424669.jpg
1789658909289747810,1789658909381639834,1789658909289747810.jpg
1789658909323078704,1789658909413681269,1789658909323078704.jpg
1789658909356398132,1789658909447246632,1789658909356398132.jpg
1789658909389725559,1789658909482408012,1789658909389725559.jpg
1789658909423050394,1789658909515673534,1789658909423050394.jpg
1789658909456375111,1789658909547413313,1789658909456375111.jpg
1789658909489702251,1789658909581470455,1789658909489702251.jpg
1789658909523024164,1789658909616190943,1789658909523024164.jpg
1789658909556350310,1789658909650036333,1789658909556350310.jpg
1789658909589676755,1789658909681562861,1789658909589676755.jpg
1789658909623001249,1789658909714043910,1789658909623001249.jpg
1789658909656325078,1789658909748947873,1789658909656325078.jpg
1789658909689649654,1789658909777681797,1789658909689649654.jpg
1789658909722979332,1789658909813937008,1789658909722979332.jpg
1789658909756301987,1789658909848176273,1789658909756301987.jpg
1789658909789625243,1789658909885409709,1789658909789625243.jpg
1789658909822951631,1789658909913399122,1789658909822951631.jpg
1789658909856276986,1789658909947543242,1789658909856276986.jpg
1789658909889604551,1789658909981340022,1789658909889604551.jpg
1789658909922928769,1789658910015388349,1789658909922928769.jpg
1789658909956250786,1789658910050303720,1789658909956250786.jpg
1789658909989580928,1789658910082284880,1789658909989580928.jpg
1789658910022899735,1789658910112792833,1789658910022899735.jpg
1789658910056233800,1789658910147369900,1789658910056233800.jpg
1789658910089552602,1789658910180547073,1789658910089552602.jpg
1789658910122877386,1789658910213874519,1789658910122877386.jpg
1789658910156202721,1789658910249678469,1789658910156202721.jpg
1789658910189532873,1789658910281358306,1789658910189532873.jpg
1789658910222854540,1789658910315563961,1789658910222854540.jpg
1789658910256183525,1789658910345753000,1789658910256183525.jpg
1789658910289502204,1789658910380300328,1789658910289502204.jpg
1789658910322831058,1789658910417002894,1789658910322831058.jpg
1789658910356151420,1789658910445717929,1789658910356151420.jpg
1789658910389482743,1789658910482174671,1789658910389482743.jpg
1789658910422808053,1789658910514433025,1789658910422808053.jpg
1789658910456130197,1789658910545982996,1789658910456130197.jpg
1789658910489453679,1789658910580161726,1789658910489453679.jpg
1789658910522779925,1789658910613973488,1789658910522779925.jpg
1789658910556105195,1789658910647897468,1789658910556105195.jpg
1789658910589428566,1789658910682512386,1789658910589428566.jpg
1789658910622754258,1789658910715506066,1789658910622754258.jpg
1789658910656088124,1789658910746650404,1789658910656088124.jpg
1789658910689404560,1789658910778338592,1789658910689404560.jpg
1789658910722733404,1789658910815104268,1789658910722733404.jpg
1789658910756054279,1789658910846227088,1789658910756054279.jpg
1789658910789379312,1789658910878342576,1789658910789379312.jpg
1789658910822707193,1789658910915773802,1789658910822707193.jpg
1789658910856028400,1789658910948362107,1789658910856028400.jpg
1789658910889356327,1789658910980665959,1789658910889356327.jpg
1789658910922680110,1789658911015757712,1789658910922680110.jpg
1789658910956006618,1789658911047584897,1789658910956006618.jpg
1789658910989330144,1789658911083821794,1789658910989330144.jpg
1789658911022655917,1789658911116092130,1789658911022655917.jpg
1789658911055983732,1789658911148482849,1789658911055983732.jpg
1789658911089305649,1789658911179944491,1789658911089305649.jpg
1789658911122634236,1789658911213802047,1789658911122634236.jpg
1789658911155956984,1789658911249339044,1789658911155956984.jpg
1789658911189280176,1789658911280698912,1789658911189280176.jpg
1789658911222606943,1789658911315990825,1789658911222606943.jpg
1789658911255932520,1789658911347597313,1789658911255932520.jpg
1789658911289257342,1789658911380044086,1789658911289257342.jpg
1789658911322583179,1789658911414628635,1789658911322583179.jpg
1789658911355910110,1789658911448462785,1789658911355910110.jpg
1789658911389232536,1789658911481136143,1789658911389232536.jpg
1789658911422557314,1789658911513729726,1789658911422557314.jpg
1789658911455888702,1789658911548425049,1789658911455888702.jpg
1789658911489208957,1789658911580416283,1789658911489208957.jpg
1789658911522532674,1789658911613196526,1789658911522532674.jpg
1789658911555856853,1789658911645466306,1789658911555856853.jpg
1789658911589182037,1789658911680714387,1789658911589182037.jpg
1789658911622513735,1789658911715141460,1789658911622513735.jpg
1789658911655833515,1789658911746572418,1789658911655833515.jpg
1789658911689157744,1789658911780653818,1789658911689157744.jpg
1789658911722489254,1789658911815374233,1789658911722489254.jpg
1789658911755808369,1789658911848890135,1789658911755808369.jpg
1789658911789137277,1789658911881992755,1789658911789137277.jpg
1789658911822464635,1789658911914620355,1789658911822464635.jpg
1789658911855783403,1789658911946994816,1789658911855783403.jpg
1789658911889115942,1789658911979410905,1789658911889115942.jpg
1789658911922441233,1789658912013774166,1789658911922441233.jpg
1789658911955765264,1789658912046022762,1789658911955765264.jpg
1789658911989085679,1789658912079969167,1789658911989085679.jpg
1789658912022409770,1789658912114527069,1789658912022409770.jpg
1789658912055734464,1789658912146787979,1789658912055734464.jpg
1789658912089060129,1789658912180492078,1789658912089060129.jpg
1789658912122384136,1789658912213133252,1789658912122384136.jpg
1789658912155711375,1789658912246640562,1789658912155711375.jpg
1789658912189034600,1789658912281062617,1789658912189034600.jpg
1789658912222362806,1789658912314813456,1789658912222362806.jpg
1789658912255686174,1789658912346664121,1789658912255686174.jpg
1789658912289015025,1789658912380280779,1789658912289015025.jpg
1789658912322338135,1789658912413979137,1789658912322338135.jpg
1789658912355659730,1789658912448102370,1789658912355659730.jpg
1789658912388987410,1789658912478323945,1789658912388987410.jpg
1789658912422311238,1789658912513506714,1789658912422311238.jpg
1789658912455636579,1789658912547613261,1789658912455636579.jpg
1789658912488961709,1789658912580269435,1789658912488961709.jpg
1789658912522288160,1789658912613873853,1789658912522288160.jpg
1789658912555611430,1789658912646244258,1789658912555611430.jpg
1789658912588936501,1789658912680323178,1789658912588936501.jpg
1789658912622265143,1789658912713124309,1789658912622265143.jpg
1789658912655586472,1789658912745809130,1789658912655586472.jpg
1789658912688911744,1789658912779519784,1789658912688911744.jpg
1789658912722237069,1789658912813305029,1789658912722237069.jpg
1789658912755562719,1789658912846447389,1789658912755562719.jpg
1789658912788889042,1789658912880310575,1789658912788889042.jpg
1789658912822212953,1789658912914059154,1789658912822212953.jpg
1789658912855538720,1789658912947181829,1789658912855538720.jpg
1789658912888862328,1789658912980481091,1789658912888862328.jpg
1789658912922187710,1789658913015309299,1789658912922187710.jpg
1789658912955516456,1789658913047989305,1789658912955516456.jpg
1789658912988838681,1789658913079414541,1789658912988838681.jpg
1789658913022163884,1789658913113149972,1789658913022163884.jpg
1789658913055487459,1789658913149292022,1789658913055487459.jpg
1789658913088814262,1789658913180603818,1789658913088814262.jpg
1789658913122141079,1789658913215730145,1789658913122141079.jpg
1789658913155463651,1789658913253217073,1789658913155463651.jpg
1789658913188790862,1789658913280379349,1789658913188790862.jpg
1789658913222114357,1789658913311063852,1789658913222114357.jpg
1789658913255438969,1789658913343987146,1789658913255438969.jpg
1789658913288766009,1789658913380116789,1789658913288766009.jpg
1789658913322088642,1789658913413027676,1789658913322088642.jpg
1789658913355415775,1789658913445996468,1789658913355415775.jpg
1789658913388748073,1789658913480017889,1789658913388748073.jpg
1789658913422064095,1789658913514346578,1789658913422064095.jpg
1789658913455390118,1789658913546225927,1789658913455390118.jpg
1789658913488716665,1789658913579349881,1789658913488716665.jpg
1789658913522041405,1789658913613811416,1789658913522041405.jpg
1789658913555366167,1789658913646624362,1789658913555366167.jpg
1789658913588690687,1789658913680029491,1789658913588690687.jpg
1789658913622019118,1789658913712219255,1789658913622019118.jpg
1789658913655339498,1789658913744443000,1789658913655339498.jpg
1789658913688667746,1789658913779637787,1789658913688667746.jpg
1789658913721993649,1789658913811972509,1789658913721993649.jpg
1789658913755317417,1789658913848005655,1789658913755317417.jpg
1789658913788655485,1789658913880652755,1789658913788655485.jpg
1789658913821969681,1789658913914123585,1789658913821969681.jpg
1789658913855292376,1789658913948431645,1789658913855292376.jpg
1789658913888617196,1789658913979081575,1789658913888617196.jpg
1789658913921942224,1789658914013797435,1789658913921942224.jpg
1789658913955271480,1789658914046494052,1789658913955271480.jpg
1789658913988593596,1789658914079458548,1789658913988593596.jpg
1789658914021917253,1789658914113065651,1789658914021917253.jpg
1789658914055245821,1789658914147666145,1789658914055245821.jpg
1789658914088567502,1789658914178582603,1789658914088567502.jpg
1789658914121895544,1789658914213826981,1789658914121895544.jpg
1789658914155217525,1789658914247195223,1789658914155217525.jpg
1789658914188544979,1789658914280116924,1789658914188544979.jpg
1789658914221871055,1789658914315435281,1789658914221871055.jpg
1789658914255193704,1789658914348198026,1789658914255193704.jpg
1789658914288518688,1789658914381063822,1789658914288518688.jpg
1789658914321846318,1789658914414143795,1789658914321846318.jpg
1789658914355169254,1789658914446639808,1789658914355169254.jpg
1789658914388493033,1789658914479994235,1789658914388493033.jpg
1789658914421818209,1789658914513134059,1789658914421818209.jpg
1789658914455145438,1789658914544990724,1789658914455145438.jpg
1789658914488470978,1789658914581740993,1789658914488470978.jpg
1789658914521795247,1789658914612298057,1789658914521795247.jpg
1789658914555118324,1789658914646490639,1789658914555118324.jpg
1789658914588449491,1789658914680623316,1789658914588449491.jpg
1789658914621772498,1789658914715489152,1789658914621772498.jpg
1789658914655095540,1789658914747189712,1789658914655095540.jpg
1789658914688422150,1789658914781016400,1789658914688422150.jpg
1789658914721744416,1789658914814854088,1789658914721744416.jpg
1789658914755070852,1789658914846506149,1789658914755070852.jpg
1789658914788396330,1789658914879436702,1789658914788396330.jpg
1789658914821721156,1789658914911714889,1789658914821721156.jpg
1789658914855045932,1789658914947689371,1789658914855045932.jpg
1789658914888369308,1789658914980497799,1789658914888369308.jpg
1789658914921751558,1789658915013372503,1789658914921751558.jpg
1789658914955026372,1789658915048744951,1789658914955026372.jpg
1789658914988346895,1789658915079081096,1789658914988346895.jpg
1789658915021672485,1789658915114247403,1789658915021672485.jpg
1789658915054995299,1789658915145609457,1789658915054995299.jpg
1789658915088327501,1789658915178538788,1789658915088327501.jpg
1789658915121649503,1789658915214102544,1789658915121649503.jpg
1789658915154971634,1789658915248289497,1789658915154971634.jpg
1789658915188315573,1789658915280217716,1789658915188315573.jpg
1789658915221625452,1789658915311368499,1789658915221625452.jpg
1789658915254952034,1789658915345105005,1789658915254952034.jpg
1789658915288276373,1789658915377731162,1789658915288276373.jpg
1789658915321598517,1789658915414976914,1789658915321598517.jpg
1789658915354924383,1789658915447174808,1789658915354924383.jpg
1789658915388248547,1789658915480005106,1789658915388248547.jpg
1789658915421573391,1789658915513855441,1789658915421573391.jpg
1789658915454898913,1789658915548359087,1789658915454898913.jpg
1789658915488224886,1789658915579393781,1789658915488224886.jpg
1789658915521551559,1789658915611878258,1789658915521551559.jpg
1789658915554874748,1789658915647303167,1789658915554874748.jpg
1789658915588198389,1789658915681286461,1789658915588198389.jpg
1789658915621528349,1789658915713008316,1789658915621528349.jpg
1789658915654849172,1789658915746910298,1789658915654849172.jpg
1789658915688175767,1789658915781574957,1789658915688175767.jpg
1789658915721498430,1789658915814902644,1789658915721498430.jpg
1789658915754828540,1789658915845744271,1789658915754828540.jpg
1789658915788154483,1789658915879628309,1789658915788154483.jpg
1789658915821474958,1789658915912488791,1789658915821474958.jpg
1789658915854799978,1789658915946464826,1789658915854799978.jpg
1789658915888125205,1789658915980072466,1789658915888125205.jpg
1789658915921454218,1789658916013659533,1789658915921454218.jpg
1789658915954783107,1789658916045468312,1789658915954783107.jpg
1789658915988101120,1789658916079420514,1789658915988101120.jpg
1789658916021431878,1789658916113274998,1789658916021431878.jpg
1789658916054751613,1789658916146533336,1789658916054751613.jpg
1789658916088077359,1789658916180032666,1789658916088077359.jpg
1789658916121400509,1789658916214170214,1789658916121400509.jpg
1789658916154725629,1789658916247012900,1789658916154725629.jpg
1789658916188050849,1789658916279463971,1789658916188050849.jpg
1789658916221376562,1789658916312412986,1789658916221376562.jpg
1789658916254701454,1789658916347039869,1789658916254701454.jpg
1789658916288031411,1789658916385280493,1789658916288031411.jpg
1789658916321353842,1789658916414381608,1789658916321353842.jpg
1789658916354682430,1789658916445546058,1789658916354682430.jpg
1789658916388003150,1789658916479761103,1789658916388003150.jpg
1789658916421326710,1789658916514019794,1789658916421326710.jpg
1789658916454653063,1789658916545609581,1789658916454653063.jpg
1789658916487984184,1789658916579569505,1789658916487984184.jpg
1789658916521304451,1789658916610103625,1789658916521304451.jpg
1789658916554628833,1789658916646004555,1789658916554628833.jpg
1789658916587954231,1789658916680003552,1789658916587954231.jpg
1789658916621278567,1789658916713467050,1789658916621278567.jpg
1789658916654604609,1789658916747419030,1789658916654604609.jpg
1789658916687930378,1789658916779858416,1789658916687930378.jpg
1789658916721255240,1789658916813601681,1789658916721255240.jpg
1789658916754579948,1789658916847318244,1789658916754579948.jpg
1789658916787904638,1789658916878890975,1789658916787904638.jpg
1789658916821233211,1789658916912483394,1789658916821233211.jpg
1789658916854558330,1789658916944934483,1789658916854558330.jpg
1789658916887881383,1789658916978020661,1789658916887881383.jpg
1789658916921205983,1789658917014193692,1789658916921205983.jpg
1789658916954529482,1789658917046067487,1789658916954529482.jpg
1789658916987857327,1789658917080193109,1789658916987857327.jpg
1789658917021184392,1789658917113104849,1789658917021184392.jpg
1789658917054507129,1789658917146993406,1789658917054507129.jpg
1789658917087835948,1789658917179532159,1789658917087835948.jpg
1789658917121155091,1789658917213082987,1789658917121155091.jpg
1789658917154480622,1789658917245516447,1789658917154480622.jpg
1789658917187811615,1789658917280878359,1789658917187811615.jpg
1789658917221131329,1789658917314924169,1789658917221131329.jpg
1789658917254457598,1789658917346890998,1789658917254457598.jpg
1789658917287780964,1789658917378234516,1789658917287780964.jpg
1789658917321108561,1789658917415079579,1789658917321108561.jpg
1789658917354433858,1789658917443417499,1789658917354433858.jpg
1789658917387756029,1789658917477773447,1789658917387756029.jpg
1789658917421081938,1789658917513847222,1789658917421081938.jpg
1789658917454405481,1789658917545891196,1789658917454405481.jpg
1789658917487733554,1789658917580034911,1789658917487733554.jpg
1789658917521057767,1789658917611484147,1789658917521057767.jpg
1789658917554382659,1789658917645987515,1789658917554382659.jpg
1789658917587707404,1789658917680308408,1789658917587707404.jpg
1789658917621031534,1789658917713602060,1789658917621031534.jpg
1789658917654361420,1789658917746664221,1789658917654361420.jpg
1789658917687683170,1789658917780409875,1789658917687683170.jpg
1789658917721007271,1789658917813456758,1789658917721007271.jpg
1789658917754333704,1789658917847942720,1789658917754333704.jpg
1789658917787658359,1789658917878179887,1789658917787658359.jpg
1789658917820988361,1789658917913434562,1789658917820988361.jpg
1789658917854308501,1789658917946605571,1789658917854308501.jpg
1789658917887634317,1789658917979728858,1789658917887634317.jpg
1789658917920964793,1789658918014474940,1789658917920964793.jpg
1789658917954284547,1789658918044009670,1789658917954284547.jpg
1789658917987613963,1789658918080891640,1789658917987613963.jpg
1789658918020933632,1789658918113049166,1789658918020933632.jpg
1789658918054259777,1789658918146338596,1789658918054259777.jpg
1789658918087585274,1789658918178510695,1789658918087585274.jpg
1789658918120910069,1789658918211378696,1789658918120910069.jpg
1789658918154241143,1789658918246137148,1789658918154241143.jpg
1789658918187559833,1789658918278168678,1789658918187559833.jpg
1789658918220884690,1789658918313206658,1789658918220884690.jpg
1789658918254211817,1789658918345466106,1789658918254211817.jpg
1789658918287533924,1789658918379001638,1789658918287533924.jpg
1789658918320861082,1789658918413762664,1789658918320861082.jpg
1789658918354184484,1789658918445631774,1789658918354184484.jpg
1789658918387549238,1789658918477347298,1789658918387549238.jpg
1789658918420836002,1789658918511874202,1789658918420836002.jpg
1789658918454161610,1789658918551440780,1789658918454161610.jpg
1789658918487492100,1789658918579506951,1789658918487492100.jpg
1789658918520812061,1789658918611812250,1789658918520812061.jpg
1789658918554139817,1789658918647809528,1789658918554139817.jpg
1789658918587461229,1789658918679503756,1789658918587461229.jpg
1789658918620785425,1789658918711601524,1789658918620785425.jpg
1789658918654112036,1789658918747162263,1789658918654112036.jpg
1789658918687435918,1789658918778923340,1789658918687435918.jpg
1789658918720771485,1789658918812473298,1789658918720771485.jpg
1789658918754088556,1789658918845376519,1789658918754088556.jpg
1789658918787412808,1789658918878121506,1789658918787412808.jpg
1789658918820737825,1789658918913200946,1789658918820737825.jpg
1789658918854062891,1789658918944805844,1789658918854062891.jpg
1789658918887388089,1789658918978488834,1789658918887388089.jpg
1789658918920712843,1789658919013814396,1789658918920712843.jpg
1789658918954038281,1789658919046831188,1789658918954038281.jpg
1789658918987373520,1789658919078219889,1789658918987373520.jpg
1789658919020688860,1789658919112866808,1789658919020688860.jpg
1789658919054013488,1789658919147034152,1789658919054013488.jpg
1789658919087339021,1789658919179256102,1789658919087339021.jpg
1789658919120665171,1789658919211903425,1789658919120665171.jpg
1789658919153989330,1789658919244002342,1789658919153989330.jpg
1789658919187313207,1789658919278707352,1789658919187313207.jpg
1789658919220639273,1789658919312540948,1789658919220639273.jpg
1789658919253968423,1789658919345695421,1789658919253968423.jpg
1789658919287288952,1789658919379064348,1789658919287288952.jpg
1789658919320615102,1789658919414840709,1789658919320615102.jpg
1789658919353939387,1789658919448053272,1789658919353939387.jpg
1789658919387266363,1789658919477987340,1789658919387266363.jpg
1789658919420593597,1789658919512360306,1789658919420593597.jpg
1789658919453915022,1789658919545546758,1789658919453915022.jpg
1789658919487239867,1789658919578415777,1789658919487239867.jpg
1789658919520565599,1789658919613019069,1789658919520565599.jpg
1789658919553889416,1789658919646563083,1789658919553889416.jpg
1789658919587215727,1789658919679212499,1789658919587215727.jpg
1789658919620541662,1789658919712154015,1789658919620541662.jpg
1789658919653869793,1789658919743310022,1789658919653869793.jpg
1789658919687190338,1789658919778756542,1789658919687190338.jpg
1789658919720516193,1789658919813857186,1789658919720516193.jpg
1789658919753841893,1789658919845728685,1789658919753841893.jpg
1789658919787165389,1789658919879089243,1789658919787165389.jpg
1789658919820493415,1789658919911031054,1789658919820493415.jpg
1789658919853818302,1789658919946121476,1789658919853818302.jpg
1789658919887143366,1789658919978904850,1789658919887143366.jpg
1789658919920469019,1789658920012959235,1789658919920469019.jpg
1789658919953791872,1789658920045201444,1789658919953791872.jpg
1789658919987118053,1789658920079573577,1789658919987118053.jpg
1789658920020441322,1789658920111454816,1789658920020441322.jpg
1789658920053768437,1789658920145953649,1789658920053768437.jpg
1789658920087098562,1789658920178284576,1789658920087098562.jpg
1789658920120421864,1789658920213586472,1789658920120421864.jpg
1789658920153744129,1789658920243029688,1789658920153744129.jpg
1789658920187068702,1789658920278282771,1789658920187068702.jpg
1789658920220395683,1789658920313988968,1789658920220395683.jpg
1789658920253718007,1789658920345351281,1789658920253718007.jpg
1789658920287047751,1789658920378175877,1789658920287047751.jpg
1789658920320369096,1789658920411561619,1789658920320369096.jpg
1789658920353694193,1789658920445045783,1789658920353694193.jpg
1789658920387018401,1789658920480676297,1789658920387018401.jpg
1789658920420342704,1789658920511576331,1789658920420342704.jpg
1789658920453669407,1789658920545460370,1789658920453669407.jpg
1789658920486995060,1789658920578973682,1789658920486995060.jpg
1789658920520318567,1789658920612146505,1789658920520318567.jpg
1789658920553645563,1789658920645515859,1789658920553645563.jpg
1789658920586968910,1789658920678005744,1789658920586968910.jpg
1789658920620298237,1789658920712710310,1789658920620298237.jpg
1789658920653619738,1789658920745730472,1789658920653619738.jpg
1789658920686944466,1789658920779278579,1789658920686944466.jpg
1789658920720270641,1789658920812870424,1789658920720270641.jpg
1789658920753594969,1789658920844495562,1789658920753594969.jpg
1789658920786921431,1789658920883939219,1789658920786921431.jpg
1789658920820247272,1789658920911194141,1789658920820247272.jpg
1789658920853570958,1789658920944374909,1789658920853570958.jpg
1789658920886895328,1789658920980393113,1789658920886895328.jpg
1789658920920219944,1789658921011749279,1789658920920219944.jpg
1789658920953551067,1789658921044481267,1789658920953551067.jpg
1789658920986874070,1789658921078819753,1789658920986874070.jpg
1789658921020195524,1789658921112877731,1789658921020195524.jpg
1789658921053524412,1789658921146751271,1789658921053524412.jpg
1789658921086845970,1789658921180157068,1789658921086845970.jpg
1789658921120173473,1789658921212137249,1789658921120173473.jpg
1789658921153500621,1789658921247969163,1789658921153500621.jpg
1789658921186823356,1789658921282137378,1789658921186823356.jpg
1789658921220151868,1789658921310797232,1789658921220151868.jpg
1789658921253472006,1789658921344642588,1789658921253472006.jpg
1789658921286796952,1789658921380711753,1789658921286796952.jpg
1789658921320124847,1789658921413506313,1789658921320124847.jpg
1789658921353447342,1789658921443666021,1789658921353447342.jpg
1789658921386772835,1789658921479164188,1789658921386772835.jpg
1789658921420098492,1789658921512269570,1789658921420098492.jpg
1789658921453424681,1789658921554127179,1789658921453424681.jpg
1789658921486754610,1789658921579226104,1789658921486754610.jpg
1789658921520082862,1789658921609393201,1789658921520082862.jpg
1789658921553397860,1789658921643081432,1789658921553397860.jpg
1789658921586723080,1789658921677346199,1789658921586723080.jpg
1789658921620047179,1789658921712195537,1789658921620047179.jpg
1789658921653374661,1789658921743646663,1789658921653374661.jpg
1789658921686701994,1789658921778367395,1789658921686701994.jpg
1789658921720023119,1789658921810437202,1789658921720023119.jpg
1789658921753348964,1789658921843604915,1789658921753348964.jpg
1789658921786677878,1789658921883119088,1789658921786677878.jpg
1789658921819999272,1789658921908771846,1789658921819999272.jpg
1789658921853324251,1789658921945130279,1789658921853324251.jpg
1789658921886650144,1789658921980112761,1789658921886650144.jpg
1789658921919973346,1789658922013353508,1789658921919973346.jpg
1789658921953304302,1789658922045162121,1789658921953304302.jpg
1789658921986625781,1789658922079428758,1789658921986625781.jpg
1789658922019950518,1789658922112536418,1789658922019950518.jpg
1789658922053277234,1789658922146654227,1789658922053277234.jpg
1789658922086600943,1789658922177825326,1789658922086600943.jpg
1789658922119925825,1789658922211984263,1789658922119925825.jpg
1789658922153251147,1789658922245140421,1789658922153251147.jpg
1789658922186577912,1789658922280644422,1789658922186577912.jpg
1789658922219902885,1789658922312382908,1789658922219902885.jpg
1789658922253226182,1789658922343718445,1789658922253226182.jpg
1789658922286552388,1789658922380476716,1789658922286552388.jpg
1789658922319875993,1789658922411453081,1789658922319875993.jpg
1789658922353203713,1789658922454085977,1789658922353203713.jpg
1789658922386528463,1789658922478270768,1789658922386528463.jpg
1789658922419851440,1789658922514520891,1789658922419851440.jpg
1789658922453179161,1789658922545968072,1789658922453179161.jpg
1789658922486503391,1789658922580277134,1789658922486503391.jpg
1789658922519827458,1789658922612736557,1789658922519827458.jpg
1789658922553155046,1789658922644862289,1789658922553155046.jpg
1789658922586476213,1789658922678825548,1789658922586476213.jpg
1789658922619802871,1789658922712370322,1789658922619802871.jpg
1789658922653127224,1789658922744391742,1789658922653127224.jpg
1789658922686453777,1789658922777346018,1789658922686453777.jpg
1789658922719780443,1789658922812788058,1789658922719780443.jpg
1789658922753103781,1789658922845511213,1789658922753103781.jpg
1789658922786430034,1789658922884950593,1789658922786430034.jpg
1789658922819764605,1789658922911978283,1789658922819764605.jpg
1789658922853079531,1789658922945680403,1789658922853079531.jpg
1789658922886406902,1789658922978784915,1789658922886406902.jpg
1789658922919730962,1789658923011735376,1789658922919730962.jpg
1789658922953054400,1789658923047024255,1789658922953054400.jpg
1789658922986379081,1789658923079697486,1789658922986379081.jpg
1789658923019704942,1789658923110154962,1789658923019704942.jpg
1789658923053030314,1789658923145278236,1789658923053030314.jpg
1789658923086355227,1789658923179152480,1789658923086355227.jpg
1789658923119680705,1789658923213617277,1789658923119680705.jpg
1789658923153012634,1789658923246322840,1789658923153012634.jpg
1789658923186330897,1789658923279386835,1789658923186330897.jpg
1789658923219659323,1789658923312295502,1789658923219659323.jpg
1789658923252980083,1789658923341822252,1789658923252980083.jpg
1789658923286308605,1789658923378676945,1789658923286308605.jpg
1789658923319630250,1789658923414056506,1789658923319630250.jpg
1789658923352961820,1789658923444878266,1789658923352961820.jpg
1789658923386281023,1789658923479088720,1789658923386281023.jpg
1789658923419606922,1789658923512911021,1789658923419606922.jpg
1789658923452933271,1789658923546016422,1789658923452933271.jpg
1789658923486256425,1789658923578517307,1789658923486256425.jpg
1789658923519582709,1789658923610985805,1789658923519582709.jpg
1789658923552909295,1789658923645461194,1789658923552909295.jpg
1789658923586232812,1789658923677595944,1789658923586232812.jpg
1789658923619559994,1789658923711097812,1789658923619559994.jpg
1789658923652881745,1789658923745111606,1789658923652881745.jpg
1789658923686210348,1789658923776957922,1789658923686210348.jpg
1789658923719532759,1789658923811017826,1789658923719532759.jpg
1789658923752855920,1789658923846336741,1789658923752855920.jpg
1789658923786182677,1789658923878861588,1789658923786182677.jpg
1789658923819507921,1789658923910261290,1789658923819507921.jpg
1789658923852835647,1789658923944642313,1789658923852835647.jpg
1789658923886157218,1789658923977757139,1789658923886157218.jpg
1789658923919485600,1789658924012857710,1789658923919485600.jpg
1789658923952825839,1789658924044246616,1789658923952825839.jpg
1789658923986134415,1789658924076782556,1789658923986134415.jpg
1789658924019457740,1789658924109838755,1789658924019457740.jpg
1789658924052783309,1789658924144419289,1789658924052783309.jpg
1789658924086110421,1789658924177590132,1789658924086110421.jpg
1789658924119434290,1789658924210398265,1789658924119434290.jpg
1789658924152759440,1789658924244690606,1789658924152759440.jpg
1789658924186086350,1789658924279455652,1789658924186086350.jpg
1789658924219414902,1789658924312920818,1789658924219414902.jpg
1789658924252734758,1789658924344499495,1789658924252734758.jpg
1789658924286061393,1789658924377447661,1789658924286061393.jpg
1789658924319384645,1789658924410454806,1789658924319384645.jpg
1789658924352710448,1789658924443282661,1789658924352710448.jpg
1789658924386036721,1789658924478092983,1789658924386036721.jpg
1789658924419360352,1789658924510786917,1789658924419360352.jpg
1789658924452687001,1789658924544642329,1789658924452687001.jpg
1789658924486025223,1789658924576628714,1789658924486025223.jpg
1789658924519339360,1789658924611708212,1789658924519339360.jpg
1789658924552661008,1789658924644702265,1789658924552661008.jpg
1789658924585988524,1789658924678089174,1789658924585988524.jpg
1789658924619311221,1789658924713060842,1789658924619311221.jpg
1789658924652637551,1789658924742775271,1789658924652637551.jpg
1789658924685964266,1789658924776427338,1789658924685964266.jpg
1789658924719286680,1789658924809865560,1789658924719286680.jpg
1789658924752614293,1789658924843892910,1789658924752614293.jpg
1789658924785936908,1789658924881583056,1789658924785936908.jpg
1789658924819263781,1789658924910921257,1789658924819263781.jpg
1789658924852587663,1789658924945749190,1789658924852587663.jpg
1789658924885910873,1789658924980877797,1789658924885910873.jpg
1789658924919236621,1789658925011690112,1789658924919236621.jpg
1789658924952563356,1789658925044056169,1789658924952563356.jpg
1789658924985887319,1789658925077166570,1789658924985887319.jpg
1789658925019213554,1789658925109712380,1789658925019213554.jpg
1789658925052538349,1789658925145492613,1789658925052538349.jpg
1789658925085863182,1789658925177972777,1789658925085863182.jpg
1789658925119188771,1789658925211122825,1789658925119188771.jpg
1789658925152512896,1789658925246027347,1789658925152512896.jpg
1789658925185838351,1789658925276379698,1789658925185838351.jpg
1789658925219163707,1789658925310883475,1789658925219163707.jpg
1789658925252489273,1789658925345416067,1789658925252489273.jpg
1789658925285813906,1789658925377520948,1789658925285813906.jpg
1789658925319139183,1789658925410805750,1789658925319139183.jpg
1789658925352481608,1789658925444324915,1789658925352481608.jpg
1789658925385788279,1789658925478149327,1789658925385788279.jpg
1789658925419115889,1789658925511462666,1789658925419115889.jpg
1789658925452445546,1789658925544482329,1789658925452445546.jpg
1789658925485764602,1789658925576346478,1789658925485764602.jpg
1789658925519093316,1789658925612900146,1789658925519093316.jpg
1789658925552414988,1789658925643180573,1789658925552414988.jpg
1789658925585739869,1789658925676681738,1789658925585739869.jpg
1789658925619066650,1789658925711913823,1789658925619066650.jpg
1789658925652392028,1789658925750741040,1789658925652392028.jpg
1789658925685716280,1789658925773923589,1789658925685716280.jpg
1789658925719040844,1789658925807685338,1789658925719040844.jpg
1789658925752371199,1789658925843987181,1789658925752371199.jpg
1789658925785690853,1789658925877550251,1789658925785690853.jpg
1789658925819017338,1789658925911001918,1789658925819017338.jpg
1789658925852342687,1789658925944872440,1789658925852342687.jpg
1789658925885667855,1789658925977578800,1789658925885667855.jpg
1789658925918993097,1789658926010692794,1789658925918993097.jpg
1789658925952316409,1789658926045143073,1789658925952316409.jpg
1789658925985641951,1789658926078477300,1789658925985641951.jpg
1789658926018976858,1789658926110917114,1789658926018976858.jpg
1789658926052293188,1789658926143697786,1789658926052293188.jpg
1789658926085617242,1789658926177917611,1789658926085617242.jpg
1789658926118942717,1789658926210109563,1789658926118942717.jpg
1789658926152268553,1789658926244556936,1789658926152268553.jpg
1789658926185592864,1789658926278962328,1789658926185592864.jpg
1789658926218918756,1789658926309520616,1789658926218918756.jpg
1789658926252244610,1789658926344227664,1789658926252244610.jpg
1789658926285568230,1789658926378153666,1789658926285568230.jpg
1789658926318894760,1789658926411506652,1789658926318894760.jpg
1789658926352222092,1789658926444486743,1789658926352222092.jpg
1789658926385543620,1789658926477379966,1789658926385543620.jpg
1789658926418869715,1789658926512228676,1789658926418869715.jpg
1789658926452194816,1789658926544234061,1789658926452194816.jpg
1789658926485517735,1789658926577163099,1789658926485517735.jpg
1789658926518845213,1789658926610845813,1789658926518845213.jpg
1789658926552167496,1789658926643798479,1789658926552167496.jpg
1789658926585495785,1789658926677474305,1789658926585495785.jpg
1789658926618818631,1789658926708907191,1789658926618818631.jpg
1789658926652149538,1789658926744972414,1789658926652149538.jpg
1789658926685470996,1789658926776267583,1789658926685470996.jpg
1789658926718794830,1789658926812127516,1789658926718794830.jpg
1789658926752121059,1789658926844127013,1789658926752121059.jpg
1789658926785445558,1789658926876475552,1789658926785445558.jpg
1789658926818771030,1789658926912937760,1789658926818771030.jpg
1789658926852100073,1789658926947097254,1789658926852100073.jpg
1789658926885420233,1789658926976608412,1789658926885420233.jpg
1789658926918747713,1789658927012431792,1789658926918747713.jpg
1789658926952071452,1789658927044155298,1789658926952071452.jpg
1789658926985397090,1789658927078531617,1789658926985397090.jpg
1789658927018721614,1789658927111279235,1789658927018721614.jpg
1789658927052048836,1789658927142900190,1789658927052048836.jpg
1789658927085375399,1789658927177338063,1789658927085375399.jpg
1789658927118696136,1789658927214203813,1789658927118696136.jpg
1789658927152025951,1789658927244588311,1789658927152025951.jpg
1789658927185348436,1789658927276842835,1789658927185348436.jpg
1789658927218672354,1789658927309485901,1789658927218672354.jpg
1789658927251999441,1789658927345037235,1789658927251999441.jpg
1789658927285321188,1789658927380057365,1789658927285321188.jpg
1789658927318648106,1789658927410515008,1789658927318648106.jpg
1789658927351976448,1789658927444975584,1789658927351976448.jpg
1789658927385297912,1789658927478438603,1789658927385297912.jpg
1789658927418626927,1789658927516420239,1789658927418626927.jpg
1789658927451947423,1789658927543610628,1789658927451947423.jpg
1789658927485274139,1789658927578481375,1789658927485274139.jpg
1789658927518597816,1789658927609795803,1789658927518597816.jpg
1789658927551922819,1789658927642876631,1789658927551922819.jpg
1789658927585249028,1789658927676820985,1789658927585249028.jpg
1789658927618574395,1789658927708480234,1789658927618574395.jpg
1789658927651901947,1789658927743723208,1789658927651901947.jpg
1789658927685225232,1789658927779685101,1789658927685225232.jpg
1789658927718551201,1789658927811041120,1789658927718551201.jpg
1789658927751875327,1789658927844092412,1789658927751875327.jpg
1789658927785199455,1789658927877378456,1789658927785199455.jpg
1789658927818526586,1789658927910963637,1789658927818526586.jpg
1789658927851850110,1789658927942842989,1789658927851850110.jpg
1789658927885174032,1789658927976099904,1789658927885174032.jpg
1789658927918500704,1789658928009461686,1789658927918500704.jpg
1789658927951824955,1789658928045216105,1789658927951824955.jpg
1789658927985152596,1789658928076379112,1789658927985152596.jpg
1789658928018474317,1789658928109956794,1789658928018474317.jpg
1789658928051800754,1789658928144412518,1789658928051800754.jpg
1789658928085125957,1789658928177178784,1789658928085125957.jpg
1789658928118450911,1789658928210721448,1789658928118450911.jpg
1789658928151779130,1789658928243713761,1789658928151779130.jpg
1789658928185104272,1789658928276111651,1789658928185104272.jpg
1789658928218428281,1789658928311146114,1789658928218428281.jpg
1789658928251753359,1789658928344242776,1789658928251753359.jpg
1789658928285077532,1789658928376312066,1789658928285077532.jpg
1789658928318403739,1789658928410400211,1789658928318403739.jpg
1789658928351725903,1789658928444624296,1789658928351725903.jpg
1789658928385052792,1789658928476559220,1789658928385052792.jpg
1789658928418378748,1789658928510368301,1789658928418378748.jpg
1789658928451701577,1789658928544386041,1789658928451701577.jpg
1789658928485028436,1789658928579197679,1789658928485028436.jpg
1789658928518353538,1789658928610019069,1789658928518353538.jpg
1789658928551683160,1789658928641956457,1789658928551683160.jpg
1789658928585003796,1789658928677446681,1789658928585003796.jpg
1789658928618329546,1789658928710088933,1789658928618329546.jpg
1789658928651653197,1789658928741824346,1789658928651653197.jpg
1789658928684978837,1789658928776060560,1789658928684978837.jpg
1789658928718317239,1789658928809555855,1789658928718317239.jpg
1789658928751641907,1789658928845828793,1789658928751641907.jpg
1789658928784953466,1789658928876014798,1789658928784953466.jpg
1789658928818279024,1789658928911865622,1789658928818279024.jpg
1789658928851606547,1789658928943553129,1789658928851606547.jpg
1789658928884929676,1789658928976882653,1789658928884929676.jpg
1789658928918257621,1789658929008425314,1789658928918257621.jpg
1789658928951579325,1789658929043966741,1789658928951579325.jpg
1789658928984905254,1789658929075795725,1789658928984905254.jpg
1789658929018230435,1789658929111066087,1789658929018230435.jpg
1789658929051556059,1789658929144963017,1789658929051556059.jpg
1789658929084881469,1789658929177406035,1789658929084881469.jpg
1789658929118205559,1789658929210007603,1789658929118205559.jpg
1789658929151533924,1789658929242829349,1789658929151533924.jpg
1789658929184854413,1789658929275923140,1789658929184854413.jpg
1789658929218183865,1789658929310651485,1789658929218183865.jpg
1789658929251506104,1789658929343270515,1789658929251506104.jpg
1789658929284831542,1789658929376243959,1789658929284831542.jpg
1789658929318154974,1789658929409699552,1789658929318154974.jpg
1789658929351479682,1789658929442012242,1789658929351479682.jpg
1789658929384806620,1789658929477978005,1789658929384806620.jpg
1789658929418132002,1789658929507968110,1789658929418132002.jpg
1789658929451456459,1789658929543206863,1789658929451456459.jpg
1789658929484783252,1789658929578111331,1789658929484783252.jpg
1789658929518105616,1789658929611354728,1789658929518105616.jpg
1789658929551434022,1789658929643305078,1789658929551434022.jpg
1789658929584757229,1789658929676763394,1789658929584757229.jpg
1789658929618083414,1789658929710663972,1789658929618083414.jpg
1789658929651411184,1789658929744687267,1789658929651411184.jpg
1789658929684733028,1789658929776306074,1789658929684733028.jpg
1789658929718058816,1789658929809778389,1789658929718058816.jpg
1789658929751383228,1789658929840902768,1789658929751383228.jpg
1789658929784708987,1789658929879134804,1789658929784708987.jpg
1789658929818037075,1789658929912254724,1789658929818037075.jpg
1789658929851357995,1789658929943941269,1789658929851357995.jpg
1789658929884693518,1789658929972994962,1789658929884693518.jpg
1789658929918009727,1789658930008829712,1789658929918009727.jpg
1789658929951336952,1789658930044410064,1789658929951336952.jpg
1789658929984658674,1789658930076004557,1789658929984658674.jpg
1789658930017983970,1789658930112299346,1789658930017983970.jpg
1789658930051309338,1789658930143817471,1789658930051309338.jpg
1789658930084636929,1789658930175498331,1789658930084636929.jpg
1789658930117958971,1789658930210272008,1789658930117958971.jpg
1789658930151285415,1789658930244584905,1789658930151285415.jpg
1789658930184612003,1789658930278230362,1789658930184612003.jpg
1789658930217937620,1789658930310259321,1789658930217937620.jpg
1789658930251259956,1789658930342105897,1789658930251259956.jpg
1789658930284597859,1789658930377102047,1789658930284597859.jpg
1789658930317910467,1789658930412741138,1789658930317910467.jpg
1789658930351235811,1789658930443147932,1789658930351235811.jpg
1789658930384561962,1789658930476435069,1789658930384561962.jpg
1789658930417885016,1789658930510143672,1789658930417885016.jpg
1789658930451213634,1789658930544175597,1789658930451213634.jpg
1789658930484536784,1789658930577244834,1789658930484536784.jpg
1789658930517860441,1789658930614089678,1789658930517860441.jpg
1789658930551187868,1789658930644182816,1789658930551187868.jpg
1789658930584511747,1789658930677475601,1789658930584511747.jpg
1789658930617837124,1789658930710132871,1789658930617837124.jpg
1789658930651161429,1789658930742404229,1789658930651161429.jpg
1789658930684487510,1789658930776608166,1789658930684487510.jpg
1789658930717813429,1789658930811479487,1789658930717813429.jpg
1789658930751136587,1789658930842923041,1789658930751136587.jpg
1789658930784463187,1789658930876420041,1789658930784463187.jpg
1789658930817788717,1789658930911559760,1789658930817788717.jpg
1789658930851111970,1789658930942506331,1789658930851111970.jpg
1789658930884438037,1789658930976366614,1789658930884438037.jpg
1789658930917764307,1789658931008453367,1789658930917764307.jpg
1789658930951088516,1789658931044771600,1789658930951088516.jpg
1789658930984414902,1789658931078202695,1789658930984414902.jpg
1789658931017739267,1789658931110226006,1789658931017739267.jpg
1789658931051064752,1789658931142565936,1789658931051064752.jpg
1789658931084387767,1789658931176483791,1789658931084387767.jpg
1789658931117715266,1789658931211447035,1789658931117715266.jpg
1789658931151041293,1789658931243120674,1789658931151041293.jpg
1789658931184364438,1789658931275650800,1789658931184364438.jpg
1789658931217689284,1789658931310708967,1789658931217689284.jpg
1789658931251012361,1789658931343212632,1789658931251012361.jpg
1789658931284338666,1789658931380380038,1789658931284338666.jpg
1789658931317665868,1789658931409213148,1789658931317665868.jpg
1789658931350988070,1789658931442501840,1789658931350988070.jpg
1789658931384315455,1789658931476078504,1789658931384315455.jpg
1789658931417639892,1789658931509258885,1789658931417639892.jpg
1789658931450964910,1789658931542678628,1789658931450964910.jpg
1789658931484290231,1789658931577112669,1789658931484290231.jpg
1789658931517615964,1789658931609412433,1789658931517615964.jpg
1789658931550942220,1789658931642754476,1789658931550942220.jpg
1789658931584266339,1789658931674701697,1789658931584266339.jpg
1789658931617591396,1789658931709874971,1789658931617591396.jpg
1789658931650914640,1789658931742111237,1789658931650914640.jpg
1789658931684241493,1789658931775939855,1789658931684241493.jpg
1789658931717566520,1789658931810147792,1789658931717566520.jpg
1789658931750890648,1789658931840662546,1789658931750890648.jpg
1789658931784217540,1789658931875378040,1789658931784217540.jpg
1789658931817540625,1789658931909519683,1789658931817540625.jpg
1789658931850867427,1789658931941500533,1789658931850867427.jpg
1789658931884194764,1789658931976091198,1789658931884194764.jpg
1789658931917515314,1789658932009245710,1789658931917515314.jpg
1789658931950841939,1789658932043489665,1789658931950841939.jpg
1789658931984166521,1789658932076225117,1789658931984166521.jpg
1789658932017505230,1789658932108329593,1789658932017505230.jpg
1789658932050820434,1789658932146098719,1789658932050820434.jpg
1789658932084141900,1789658932174286851,1789658932084141900.jpg
1789658932117468189,1789658932211935001,1789658932117468189.jpg
1789658932150792661,1789658932241930125,1789658932150792661.jpg
1789658932184118779,1789658932275205836,1789658932184118779.jpg
1789658932217444980,1789658932308766149,1789658932217444980.jpg
1789658932250767907,1789658932344538550,1789658932250767907.jpg
1789658932284093316,1789658932374918919,1789658932284093316.jpg
1789658932317419369,1789658932408708501,1789658932317419369.jpg
1789658932350745738,1789658932443022843,1789658932350745738.jpg
1789658932384070139,1789658932478917332,1789658932384070139.jpg
1789658932417394306,1789658932509315831,1789658932417394306.jpg
1789658932450724815,1789658932544577768,1789658932450724815.jpg
1789658932484044882,1789658932575462712,1789658932484044882.jpg
1789658932517369523,1789658932609658410,1789658932517369523.jpg
1789658932550695463,1789658932646788633,1789658932550695463.jpg
1789658932584019780,1789658932676575598,1789658932584019780.jpg
1789658932617344398,1789658932708031392,1789658932617344398.jpg
1789658932650668887,1789658932743002525,1789658932650668887.jpg
1789658932683996370,1789658932777720575,1789658932683996370.jpg
1789658932717321020,1789658932809440804,1789658932717321020.jpg
1789658932750645593,1789658932841754105,1789658932750645593.jpg
1789658932783970907,1789658932877288348,1789658932783970907.jpg
1789658932817294721,1789658932909261846,1789658932817294721.jpg
1789658932850621834,1789658932940538295,1789658932850621834.jpg
1789658932883947483,1789658932977021004,1789658932883947483.jpg
1789658932917271442,1789658933009319954,1789658932917271442.jpg
1789658932950603398,1789658933044012727,1789658932950603398.jpg
1789658932983923955,1789658933074114440,1789658932983923955.jpg
1789658933017248337,1789658933110212959,1789658933017248337.jpg
1789658933050575226,1789658933144910972,1789658933050575226.jpg
1789658933083898578,1789658933177406212,1789658933083898578.jpg
1789658933117225477,1789658933209175310,1789658933117225477.jpg
1789658933150549875,1789658933242085516,1789658933150549875.jpg
1789658933183873780,1789658933278118223,1789658933183873780.jpg
1789658933217203895,1789658933309411079,1789658933217203895.jpg
1789658933250523784,1789658933342831304,1789658933250523784.jpg
1789658933283848105,1789658933374197917,1789658933283848105.jpg
1789658933317172605,1789658933410005668,1789658933317172605.jpg
1789658933350500021,1789658933442709141,1789658933350500021.jpg
1789658933383824073,1789658933477617628,1789658933383824073.jpg
1789658933417152286,1789658933508911077,1789658933417152286.jpg
1789658933450477836,1789658933541982740,1789658933450477836.jpg
1789658933483799186,1789658933575715510,1789658933483799186.jpg
1789658933517126015,1789658933609977279,1789658933517126015.jpg
1789658933550448875,1789658933642460575,1789658933550448875.jpg
1789658933583775341,1789658933676359468,1789658933583775341.jpg
1789658933617102080,1789658933707745339,1789658933617102080.jpg
1789658933650424393,1789658933743030813,1789658933650424393.jpg
1789658933683750145,1789658933775808283,1789658933683750145.jpg
1789658933717074794,1789658933809389651,1789658933717074794.jpg
1789658933750400757,1789658933842996166,1789658933750400757.jpg
1789658933783725403,1789658933875907761,1789658933783725403.jpg
1789658933817050403,1789658933908296004,1789658933817050403.jpg
1789658933850386703,1789658933942861318,1789658933850386703.jpg
1789658933883698908,1789658933977397300,1789658933883698908.jpg
1789658933917026470,1789658934009687065,1789658933917026470.jpg
1789658933950358889,1789658934041229838,1789658933950358889.jpg
1789658933983676157,1789658934077303951,1789658933983676157.jpg
1789658934017004513,1789658934108765876,1789658934017004513.jpg
1789658934050326944,1789658934140848796,1789658934050326944.jpg
1789658934083653172,1789658934174288447,1789658934083653172.jpg
1789658934116979778,1789658934205597988,1789658934116979778.jpg
1789658934150300561,1789658934239095192,1789658934150300561.jpg
1789658934183627533,1789658934277667013,1789658934183627533.jpg
1789658934216950413,1789658934309625993,1789658934216950413.jpg
1789658934250281660,1789658934344662069,1789658934250281660.jpg
1789658934283607427,1789658934376206176,1789658934283607427.jpg
1789658934316927263,1789658934408345039,1789658934316927263.jpg
1789658934350253600,1789658934442460166,1789658934350253600.jpg
1789658934383576545,1789658934475393797,1789658934383576545.jpg
1789658934416908168,1789658934510843969,1789658934416908168.jpg
1789658934450229289,1789658934541219358,1789658934450229289.jpg
1789658934483554623,1789658934576117808,1789658934483554623.jpg
1789658934516881129,1789658934609045477,1789658934516881129.jpg
1789658934550203558,1789658934643975649,1789658934550203558.jpg
1789658934583530718,1789658934676492666,1789658934583530718.jpg
1789658934616855132,1789658934708410185,1789658934616855132.jpg
1789658934650179134,1789658934741451276,1789658934650179134.jpg
1789658934683504004,1789658934777859636,1789658934683504004.jpg
1789658934716830201,1789658934809252229,1789658934716830201.jpg
1789658934750156226,1789658934842891354,1789658934750156226.jpg
1789658934783491893,1789658934876868597,1789658934783491893.jpg
1789658934816805794,1789658934907982034,1789658934816805794.jpg
1789658934850132848,1789658934942903780,1789658934850132848.jpg
1789658934883455734,1789658934976059589,1789658934883455734.jpg
1789658934916782544,1789658935012944858,1789658934916782544.jpg
1789658934950106533,1789658935041669490,1789658934950106533.jpg
1789658934983430128,1789658935075341615,1789658934983430128.jpg
1789658935016758093,1789658935110788583,1789658935016758093.jpg
1789658935050080376,1789658935139272132,1789658935050080376.jpg
1789658935083407697,1789658935174010162,1789658935083407697.jpg
1789658935116730057,1789658935210428652,1789658935116730057.jpg
1789658935150056448,1789658935241711602,1789658935150056448.jpg
1789658935183382864,1789658935274234451,1789658935183382864.jpg
1789658935216706843,1789658935308321635,1789658935216706843.jpg
1789658935250032370,1789658935343406579,1789658935250032370.jpg
1789658935283357828,1789658935375462112,1789658935283357828.jpg
1789658935316682383,1789658935409407023,1789658935316682383.jpg
1789658935350010648,1789658935441521758,1789658935350010648.jpg
1789658935383332195,1789658935474310987,1789658935383332195.jpg
1789658935416658755,1789658935509393154,1789658935416658755.jpg
1789658935450030843,1789658935545468563,1789658935450030843.jpg
1789658935483308185,1789658935575194938,1789658935483308185.jpg
1789658935516636754,1789658935609811603,1789658935516636754.jpg
1789658935549957719,1789658935640914336,1789658935549957719.jpg
1789658935583286824,1789658935676802271,1789658935583286824.jpg
1789658935616625142,1789658935709931729,1789658935616625142.jpg
1789658935649937801,1789658935740065552,1789658935649937801.jpg
1789658935683260310,1789658935775158830,1789658935683260310.jpg
1789658935716583551,1789658935806898652,1789658935716583551.jpg
1789658935749911176,1789658935842704978,1789658935749911176.jpg
1789658935783239090,1789658935877113854,1789658935783239090.jpg
1789658935816562921,1789658935910951546,1789658935816562921.jpg
1789658935849887752,1789658935942964044,1789658935849887752.jpg
1789658935883209807,1789658935975268475,1789658935883209807.jpg
1789658935916541066,1789658936009575522,1789658935916541066.jpg
1789658935949859695,1789658936041148090,1789658935949859695.jpg
1789658935983185792,1789658936076051338,1789658935983185792.jpg
1789658936016511207,1789658936109099336,1789658936016511207.jpg
1789658936049837810,1789658936140817918,1789658936049837810.jpg
1789658936083168161,1789658936177803259,1789658936083168161.jpg
1789658936116485283,1789658936208803792,1789658936116485283.jpg
1789658936149811770,1789658936242119911,1789658936149811770.jpg
1789658936183137103,1789658936276467807,1789658936183137103.jpg
1789658936216461309,1789658936309584377,1789658936216461309.jpg
1789658936249789615,1789658936349362156,1789658936249789615.jpg
1789658936283113158,1789658936374313866,1789658936283113158.jpg
1789658936316441032,1789658936409404607,1789658936316441032.jpg
1789658936349762461,1789658936442322962,1789658936349762461.jpg
1789658936383087703,1789658936474552156,1789658936383087703.jpg
1789658936416415576,1789658936508357312,1789658936416415576.jpg
1789658936449736496,1789658936540870848,1789658936449736496.jpg
1789658936483065150,1789658936574927255,1789658936483065150.jpg
1789658936516388564,1789658936612028610,1789658936516388564.jpg
1789658936549713698,1789658936641915720,1789658936549713698.jpg
1789658936583052789,1789658936675310335,1789658936583052789.jpg
1789658936616363290,1789658936710718454,1789658936616363290.jpg
1789658936649692690,1789658936743066939,1789658936649692690.jpg
1789658936683014385,1789658936775425295,1789658936683014385.jpg
1789658936716337748,1789658936807395480,1789658936716337748.jpg
1789658936749666488,1789658936842896206,1789658936749666488.jpg
1789658936782989499,1789658936874648583,1789658936782989499.jpg
1789658936816314330,1789658936907559142,1789658936816314330.jpg
1789658936849643002,1789658936940785893,1789658936849643002.jpg
1789658936882964451,1789658936977097739,1789658936882964451.jpg
1789658936916293864,1789658937008830117,1789658936916293864.jpg
1789658936949614462,1789658937041478315,1789658936949614462.jpg
1789658936982939998,1789658937077662684,1789658936982939998.jpg
1789658937016282236,1789658937113715113,1789658937016282236.jpg
1789658937049590865,1789658937143317844,1789658937049590865.jpg
1789658937082918347,1789658937174015630,1789658937082918347.jpg
1789658937116240048,1789658937208563556,1789658937116240048.jpg
1789658937149566399,1789658937241756179,1789658937149566399.jpg
1789658937182891752,1789658937274245660,1789658937182891752.jpg
1789658937216216023,1789658937308732978,1789658937216216023.jpg
1789658937249546771,1789658937339733216,1789658937249546771.jpg
1789658937282865137,1789658937376421141,1789658937282865137.jpg
1789658937316195431,1789658937408793645,1789658937316195431.jpg
1789658937349518162,1789658937443318943,1789658937349518162.jpg
1789658937382840915,1789658937474182093,1789658937382840915.jpg
1789658937416168557,1789658937509719910,1789658937416168557.jpg
1789658937449491573,1789658937542903163,1789658937449491573.jpg
1789658937482819067,1789658937574378569,1789658937482819067.jpg
1789658937516142851,1789658937607698780,1789658937516142851.jpg
1789658937549466844,1789658937643324502,1789658937549466844.jpg
1789658937582792162,1789658937675288354,1789658937582792162.jpg
1789658937616118041,1789658937709829429,1789658937616118041.jpg
1789658937649442472,1789658937742231024,1789658937649442472.jpg
1789658937682768363,1789658937775903704,1789658937682768363.jpg
1789658937716093060,1789658937810946966,1789658937716093060.jpg
1789658937749419735,1789658937844020352,1789658937749419735.jpg
1789658937782780708,1789658937874145028,1789658937782780708.jpg
1789658937816143346,1789658937909596312,1789658937816143346.jpg
1789658937849508127,1789658937942377393,1789658937849508127.jpg
1789658937882870731,1789658937976942209,1789658937882870731.jpg
1789658937916237995,1789658938006856910,1789658937916237995.jpg
1789658937949595136,1789658938042965523,1789658937949595136.jpg
1789658937982959804,1789658938076822919,1789658937982959804.jpg
1789658938016321617,1789658938108027779,1789658938016321617.jpg
1789658938049688905,1789658938141896434,1789658938049688905.jpg
1789658938083052084,1789658938174929896,1789658938083052084.jpg
1789658938116410181,1789658938208943935,1789658938116410181.jpg
1789658938149773770,1789658938242441251,1789658938149773770.jpg
1789658938183136405,1789658938277695430,1789658938183136405.jpg
1789658938216501037,1789658938310999068,1789658938216501037.jpg
1789658938249864023,1789658938342355238,1789658938249864023.jpg
1789658938283227361,1789658938377397758,1789658938283227361.jpg
1789658938316591809,1789658938405731035,1789658938316591809.jpg
1789658938349954896,1789658938439145206,1789658938349954896.jpg
1789658938383315385,1789658938476150546,1789658938383315385.jpg
1789658938416676827,1789658938509990665,1789658938416676827.jpg
1789658938450041121,1789658938541792115,1789658938450041121.jpg
1789658938483403419,1789658938576410225,1789658938483403419.jpg
1789658938516766250,1789658938609347671,1789658938516766250.jpg
1789658938550129487,1789658938643185531,1789658938550129487.jpg
1789658938583494308,1789658938677276734,1789658938583494308.jpg
1789658938616855179,1789658938710347009,1789658938616855179.jpg
1789658938650219234,1789658938743788012,1789658938650219234.jpg
1789658938683579946,1789658938775061611,1789658938683579946.jpg
1789658938716945695,1789658938809969173,1789658938716945695.jpg
1789658938750306727,1789658938844665484,1789658938750306727.jpg
1789658938783669108,1789658938875343381,1789658938783669108.jpg
1789658938817033187,1789658938910421938,1789658938817033187.jpg
1789658938850395150,1789658938942856551,1789658938850395150.jpg
1789658938883758983,1789658938975219481,1789658938883758983.jpg
1789658938917121130,1789658939009505602,1789658938917121130.jpg
1789658938950485837,1789658939044774338,1789658938950485837.jpg
1789658938983848159,1789658939078085512,1789658938983848159.jpg
1789658939017209772,1789658939107908644,1789658939017209772.jpg
1789658939050576745,1789658939142726543,1789658939050576745.jpg
1789658939083936693,1789658939176943074,1789658939083936693.jpg
1789658939117298838,1789658939209192953,1789658939117298838.jpg
1789658939150667421,1789658939242413983,1789658939150667421.jpg
1789658939184025006,1789658939278591186,1789658939184025006.jpg
1789658939217389726,1789658939314453993,1789658939217389726.jpg
1789658939250755150,1789658939343051056,1789658939250755150.jpg
1789658939284115169,1789658939377092946,1789658939284115169.jpg
1789658939317476527,1789658939410537079,1789658939317476527.jpg
1789658939350839237,1789658939442702183,1789658939350839237.jpg
1789658939384203549,1789658939476025265,1789658939384203549.jpg
1789658939417569575,1789658939510762611,1789658939417569575.jpg
1789658939450928831,1789658939543465233,1789658939450928831.jpg
1789658939484292974,1789658939575629652,1789658939484292974.jpg
1789658939517656845,1789658939609549194,1789658939517656845.jpg
1789658939551018110,1789658939643086917,1789658939551018110.jpg
1789658939584381303,1789658939676651008,1789658939584381303.jpg
1789658939617743031,1789658939709290818,1789658939617743031.jpg
1789658939651108020,1789658939745121274,1789658939651108020.jpg
1789658939684469002,1789658939775376631,1789658939684469002.jpg
1789658939717833865,1789658939810598238,1789658939717833865.jpg
1789658939751197797,1789658939843498853,1789658939751197797.jpg
1789658939784559832,1789658939878891436,1789658939784559832.jpg
1789658939817922465,1789658939909657793,1789658939817922465.jpg
1789658939851283257,1789658939945170890,1789658939851283257.jpg
1789658939884647859,1789658939977350530,1789658939884647859.jpg
1789658939918010868,1789658940009863678,1789658939918010868.jpg
1789658939951375310,1789658940043713408,1789658939951375310.jpg
1789658939984737072,1789658940078010955,1789658939984737072.jpg
1789658940018098195,1789658940109925180,1789658940018098195.jpg
1789658940051463071,1789658940144092287,1789658940051463071.jpg
1789658940084826788,1789658940177837817,1789658940084826788.jpg
1789658940118187146,1789658940209979219,1789658940118187146.jpg
1789658940151552314,1789658940243503312,1789658940151552314.jpg
1789658940184912610,1789658940277792804,1789658940184912610.jpg
1789658940218277736,1789658940312186663,1789658940218277736.jpg
1789658940251639530,1789658940345322418,1789658940251639530.jpg
1789658940285001564,1789658940378055391,1789658940285001564.jpg
1789658940318366492,1789658940408041869,1789658940318366492.jpg
1789658940351728423,1789658940444851068,1789658940351728423.jpg
1789658940385093125,1789658940477290459,1789658940385093125.jpg
1789658940418454238,1789658940512654710,1789658940418454238.jpg
1789658940451817861,1789658940544162745,1789658940451817861.jpg
1789658940485180547,1789658940579231154,1789658940485180547.jpg
1789658940518543101,1789658940611291706,1789658940518543101.jpg
1789658940551905473,1789658940646557590,1789658940551905473.jpg
1789658940585269415,1789658940677098270,1789658940585269415.jpg
1789658940618631390,1789658940712906375,1789658940618631390.jpg
1789658940651995999,1789658940743606420,1789658940651995999.jpg
1789658940685357878,1789658940774984904,1789658940685357878.jpg
1789658940718723032,1789658940811983671,1789658940718723032.jpg
1789658940752084488,1789658940843004297,1789658940752084488.jpg
1789658940785448893,1789658940877058983,1789658940785448893.jpg
1789658940818810688,1789658940913201910,1789658940818810688.jpg
1789658940852175106,1789658940943431823,1789658940852175106.jpg
1789658940885536053,1789658940979313426,1789658940885536053.jpg
1789658940918907270,1789658941011387996,1789658940918907270.jpg
1789658940952263446,1789658941043787870,1789658940952263446.jpg
1789658940985625014,1789658941080801822,1789658940985625014.jpg
1789658941018987544,1789658941112601662,1789658941018987544.jpg
1789658941052351500,1789658941143517977,1789658941052351500.jpg
1789658941085713869,1789658941179417005,1789658941085713869.jpg
1789658941119076968,1789658941215191519,1789658941119076968.jpg
1789658941152439565,1789658941245523503,1789658941152439565.jpg
1789658941185801888,1789658941280280331,1789658941185801888.jpg
1789658941219168344,1789658941311764163,1789658941219168344.jpg
1789658941252527792,1789658941344943047,1789658941252527792.jpg
1789658941285891851,1789658941380974070,1789658941285891851.jpg
1789658941319254682,1789658941412095804,1789658941319254682.jpg
1789658941352617366,1789658941443956604,1789658941352617366.jpg
1789658941385980405,1789658941477854629,1789658941385980405.jpg
1789658941419341752,1789658941511565975,1789658941419341752.jpg
1789658941452705812,1789658941543381851,1789658941452705812.jpg
1789658941486069576,1789658941579778899,1789658941486069576.jpg
1789658941519432530,1789658941611781176,1789658941519432530.jpg
1789658941552796822,1789658941643770342,1789658941552796822.jpg
1789658941586157513,1789658941678442692,1789658941586157513.jpg
1789658941619523528,1789658941712894530,1789658941619523528.jpg
1789658941652885138,1789658941743606390,1789658941652885138.jpg
1789658941686248777,1789658941778532915,1789658941686248777.jpg
1789658941719610576,1789658941814327521,1789658941719610576.jpg
