t_ns,t_bag_ns,filename
1789550083465378467,1789550083812933784,1789550083465378467.jpg
1789550083432053998,1789550083815037899,1789550083432053998.jpg
1789550083498703053,1789550083822264348,1789550083498703053.jpg
1789550083398734501,1789550083833062847,1789550083398734501.jpg
1789550083532036582,1789550083870002607,1789550083532036582.jpg
1789550083565358262,1789550083891320698,1789550083565358262.jpg
1789550083598684798,1789550083898961441,1789550083598684798.jpg
1789550083632016783,1789550083916096784,1789550083632016783.jpg
1789550083798654968,1789550083930441110,1789550083798654968.jpg
1789550083831986024,1789550083959090242,1789550083831986024.jpg
1789550083865308949,1789550083986513624,1789550083865308949.jpg
1789550083898634864,1789550084020615592,1789550083898634864.jpg
1789550083931953308,1789550084055855611,1789550083931953308.jpg
1789550083965280958,1789550084085854689,1789550083965280958.jpg
1789550083998613309,1789550084119217248,1789550083998613309.jpg
1789550084031933864,1789550084155372924,1789550084031933864.jpg
1789550084065261747,1789550084187863622,1789550084065261747.jpg
1789550084098587032,1789550084220866148,1789550084098587032.jpg
1789550084131924201,1789550084251493441,1789550084131924201.jpg
1789550084165242710,1789550084288559533,1789550084165242710.jpg
1789550084198579541,1789550084320092538,1789550084198579541.jpg
1789550084231895866,1789550084354323587,1789550084231895866.jpg
1789550084265224310,1789550084385588021,1789550084265224310.jpg
1789550084298553438,1789550084423386439,1789550084298553438.jpg
1789550084331873780,1789550084454842630,1789550084331873780.jpg
1789550084365208858,1789550084488169800,1789550084365208858.jpg
1789550084398528484,1789550084521729209,1789550084398528484.jpg
1789550084431854029,1789550084553591506,1789550084431854029.jpg
1789550084465184474,1789550084587237155,1789550084465184474.jpg
1789550084498509261,1789550084619213932,1789550084498509261.jpg
1789550084531840947,1789550084657741805,1789550084531840947.jpg
1789550084565165244,1789550084685796144,1789550084565165244.jpg
1789550084598491504,1789550084723778301,1789550084598491504.jpg
1789550084631818548,1789550084752313987,1789550084631818548.jpg
1789550084665144076,1789550084790650732,1789550084665144076.jpg
1789550084698467984,1789550084819870299,1789550084698467984.jpg
1789550084731794453,1789550084854596065,1789550084731794453.jpg
1789550084765123032,1789550084886229921,1789550084765123032.jpg
1789550084798451693,1789550084925119252,1789550084798451693.jpg
1789550084831774293,1789550084953145000,1789550084831774293.jpg
1789550084865115703,1789550084989598506,1789550084865115703.jpg
1789550084898428338,1789550085018788252,1789550084898428338.jpg
1789550084931756953,1789550085059985028,1789550084931756953.jpg
1789550084965086106,1789550085087113013,1789550084965086106.jpg
1789550084998410703,1789550085121362522,1789550084998410703.jpg
1789550085031741075,1789550085158247251,1789550085031741075.jpg
1789550085065062261,1789550085184975095,1789550085065062261.jpg
1789550085098396402,1789550085223079861,1789550085098396402.jpg
1789550085131719794,1789550085252762901,1789550085131719794.jpg
1789550085165041634,1789550085291127904,1789550085165041634.jpg
1789550085198375487,1789550085319057637,1789550085198375487.jpg
1789550085231697917,1789550085357556935,1789550085231697917.jpg
1789550085265022154,1789550085392468100,1789550085265022154.jpg
1789550085298346326,1789550085419260794,1789550085298346326.jpg
1789550085331675824,1789550085453616283,1789550085331675824.jpg
1789550085365002049,1789550085490241164,1789550085365002049.jpg
1789550085398325280,1789550085521124390,1789550085398325280.jpg
1789550085431659636,1789550085553610777,1789550085431659636.jpg
1789550085464988641,1789550085588552091,1789550085464988641.jpg
1789550085498309881,1789550085623226649,1789550085498309881.jpg
1789550085531634072,1789550085653626104,1789550085531634072.jpg
1789550085564963338,1789550085686129991,1789550085564963338.jpg
1789550085598288290,1789550085723894300,1789550085598288290.jpg
1789550085631614892,1789550085758032495,1789550085631614892.jpg
1789550085664939742,1789550085788960387,1789550085664939742.jpg
1789550085698272962,1789550085818737055,1789550085698272962.jpg
1789550085731591990,1789550085856562641,1789550085731591990.jpg
1789550085764929882,1789550085886475307,1789550085764929882.jpg
1789550085798244497,1789550085919336855,1789550085798244497.jpg
1789550085831574346,1789550085954527591,1789550085831574346.jpg
1789550085864903393,1789550085984016874,1789550085864903393.jpg
1789550085898223083,1789550086021924220,1789550085898223083.jpg
1789550085931556252,1789550086055294061,1789550085931556252.jpg
1789550085964877869,1789550086084891602,1789550085964877869.jpg
1789550085998205163,1789550086125877523,1789550085998205163.jpg
1789550086031529390,1789550086153738671,1789550086031529390.jpg
1789550086064863220,1789550086188750037,1789550086064863220.jpg
1789550086098184355,1789550086223204636,1789550086098184355.jpg
1789550086131511811,1789550086252109394,1789550086131511811.jpg
1789550086164838067,1789550086292768507,1789550086164838067.jpg
1789550086198160490,1789550086321125664,1789550086198160490.jpg
1789550086231492028,1789550086352735852,1789550086231492028.jpg
1789550086264816653,1789550086384936604,1789550086264816653.jpg
1789550086298141173,1789550086424380258,1789550086298141173.jpg
1789550086331468376,1789550086454896875,1789550086331468376.jpg
1789550086364794905,1789550086484849539,1789550086364794905.jpg
1789550086398144288,1789550086520736796,1789550086398144288.jpg
1789550086431448031,1789550086551442113,1789550086431448031.jpg
1789550086464770929,1789550086590245261,1789550086464770929.jpg
1789550086498096713,1789550086621473031,1789550086498096713.jpg
1789550086531423643,1789550086651113590,1789550086531423643.jpg
1789550086564752354,1789550086691348136,1789550086564752354.jpg
1789550086598080241,1789550086718932048,1789550086598080241.jpg
1789550086631406136,1789550086754672919,1789550086631406136.jpg
1789550086664731317,1789550086785476253,1789550086664731317.jpg
1789550086698058533,1789550086819056461,1789550086698058533.jpg
1789550086731383558,1789550086854902311,1789550086731383558.jpg
1789550086764711602,1789550086884159674,1789550086764711602.jpg
1789550086798034323,1789550086924925470,1789550086798034323.jpg
1789550086831361927,1789550086953679249,1789550086831361927.jpg
1789550086864689098,1789550086985573080,1789550086864689098.jpg
1789550086898014757,1789550087022043442,1789550086898014757.jpg
1789550086931342856,1789550087051867148,1789550086931342856.jpg
1789550086964671431,1789550087089873894,1789550086964671431.jpg
1789550086997997124,1789550087119780413,1789550086997997124.jpg
1789550087031318655,1789550087154907927,1789550087031318655.jpg
1789550087064643914,1789550087186450873,1789550087064643914.jpg
1789550087097968111,1789550087218323737,1789550087097968111.jpg
1789550087131302640,1789550087255625740,1789550087131302640.jpg
1789550087164621726,1789550087284482338,1789550087164621726.jpg
1789550087197945462,1789550087321054320,1789550087197945462.jpg
1789550087231274199,1789550087355145487,1789550087231274199.jpg
1789550087264596429,1789550087385903913,1789550087264596429.jpg
1789550087297923892,1789550087423523001,1789550087297923892.jpg
1789550087331252937,1789550087455014856,1789550087331252937.jpg
1789550087364578746,1789550087485554639,1789550087364578746.jpg
1789550087397908238,1789550087521196567,1789550087397908238.jpg
1789550087431227939,1789550087556607408,1789550087431227939.jpg
1789550087464559894,1789550087586025605,1789550087464559894.jpg
1789550087497882854,1789550087626993822,1789550087497882854.jpg
1789550087531206386,1789550087656503591,1789550087531206386.jpg
1789550087564539158,1789550087689944643,1789550087564539158.jpg
1789550087597858910,1789550087717402902,1789550087597858910.jpg
1789550087631190758,1789550087763809590,1789550087631190758.jpg
1789550087664511720,1789550087790656456,1789550087664511720.jpg
1789550087697842964,1789550087820390053,1789550087697842964.jpg
1789550087731163484,1789550087851029519,1789550087731163484.jpg
1789550087764491043,1789550087887784367,1789550087764491043.jpg
1789550087797818424,1789550087919433032,1789550087797818424.jpg
1789550087831142418,1789550087954538269,1789550087831142418.jpg
1789550087864466899,1789550087985524301,1789550087864466899.jpg
1789550087897793901,1789550088020531607,1789550087897793901.jpg
1789550087931118599,1789550088053024306,1789550087931118599.jpg
1789550087964447091,1789550088089563438,1789550087964447091.jpg
1789550087997770625,1789550088120716245,1789550087997770625.jpg
1789550088031095704,1789550088154162309,1789550088031095704.jpg
1789550088064431745,1789550088185480279,1789550088064431745.jpg
1789550088097749767,1789550088223530260,1789550088097749767.jpg
1789550088131076760,1789550088254137767,1789550088131076760.jpg
1789550088164400281,1789550088284464559,1789550088164400281.jpg
1789550088197724083,1789550088327219234,1789550088197724083.jpg
1789550088231052184,1789550088353114862,1789550088231052184.jpg
1789550088264375667,1789550088389416871,1789550088264375667.jpg
1789550088297704176,1789550088422120286,1789550088297704176.jpg
1789550088331031270,1789550088452715738,1789550088331031270.jpg
1789550088364354245,1789550088485740145,1789550088364354245.jpg
1789550088397682242,1789550088518395137,1789550088397682242.jpg
1789550088431003706,1789550088557245246,1789550088431003706.jpg
1789550088464333473,1789550088586661376,1789550088464333473.jpg
1789550088497658201,1789550088616687138,1789550088497658201.jpg
1789550088530983704,1789550088656840325,1789550088530983704.jpg
1789550088564307130,1789550088688125963,1789550088564307130.jpg
1789550088597635392,1789550088720631476,1789550088597635392.jpg
1789550088630960676,1789550088759379551,1789550088630960676.jpg
1789550088664284445,1789550088786878360,1789550088664284445.jpg
1789550088697614940,1789550088822080656,1789550088697614940.jpg
1789550088730935350,1789550088852046179,1789550088730935350.jpg
1789550088764264421,1789550088895543224,1789550088764264421.jpg
1789550088797592264,1789550088917996645,1789550088797592264.jpg
1789550088830913898,1789550088955285572,1789550088830913898.jpg
1789550088864240514,1789550088986397955,1789550088864240514.jpg
1789550088897565966,1789550089022317480,1789550088897565966.jpg
1789550088930894294,1789550089052040482,1789550088930894294.jpg
1789550088964218382,1789550089088311201,1789550088964218382.jpg
1789550088997547036,1789550089119323925,1789550088997547036.jpg
1789550089030867954,1789550089158257306,1789550089030867954.jpg
1789550089064194594,1789550089187021596,1789550089064194594.jpg
1789550089097521411,1789550089220840349,1789550089097521411.jpg
1789550089130846868,1789550089253005891,1789550089130846868.jpg
1789550089164170909,1789550089293122386,1789550089164170909.jpg
1789550089197496461,1789550089321365098,1789550089197496461.jpg
1789550089230822964,1789550089351910150,1789550089230822964.jpg
1789550089264146656,1789550089391130709,1789550089264146656.jpg
1789550089297471219,1789550089418444152,1789550089297471219.jpg
1789550089330799567,1789550089457622415,1789550089330799567.jpg
1789550089364159428,1789550089490109484,1789550089364159428.jpg
1789550089397446343,1789550089517891581,1789550089397446343.jpg
1789550089430777130,1789550089560576501,1789550089430777130.jpg
1789550089464103274,1789550089586800475,1789550089464103274.jpg
1789550089497433086,1789550089619659108,1789550089497433086.jpg
1789550089530751125,1789550089651988331,1789550089530751125.jpg
1789550089564075623,1789550089686855553,1789550089564075623.jpg
1789550089597403396,1789550089721315602,1789550089597403396.jpg
1789550089630729078,1789550089751875988,1789550089630729078.jpg
1789550089664052023,1789550089790896404,1789550089664052023.jpg
1789550089697378088,1789550089818602206,1789550089697378088.jpg
1789550089730706621,1789550089855223562,1789550089730706621.jpg
1789550089764034405,1789550089886520111,1789550089764034405.jpg
1789550089797355766,1789550089918134243,1789550089797355766.jpg
1789550089830683728,1789550089956675043,1789550089830683728.jpg
1789550089864014438,1789550089987124506,1789550089864014438.jpg
1789550089897331226,1789550090018582442,1789550089897331226.jpg
1789550089930659398,1789550090063040571,1789550089930659398.jpg
1789550089963998956,1789550090094623099,1789550089963998956.jpg
1789550089997328564,1789550090123720357,1789550089997328564.jpg
1789550090030638407,1789550090152802578,1789550090030638407.jpg
1789550090063959275,1789550090188594007,1789550090063959275.jpg
1789550090097288917,1789550090223128514,1789550090097288917.jpg
1789550090130611421,1789550090251372522,1789550090130611421.jpg
1789550090163935921,1789550090291032973,1789550090163935921.jpg
1789550090197263754,1789550090320255949,1789550090197263754.jpg
1789550090230587737,1789550090352029990,1789550090230587737.jpg
1789550090263913636,1789550090385939813,1789550090263913636.jpg
1789550090297236091,1789550090418042418,1789550090297236091.jpg
1789550090330562298,1789550090453336715,1789550090330562298.jpg
1789550090363886890,1789550090490466267,1789550090363886890.jpg
1789550090397211499,1789550090518331565,1789550090397211499.jpg
1789550090430541658,1789550090558214194,1789550090430541658.jpg
1789550090463864291,1789550090585883479,1789550090463864291.jpg
1789550090497194871,1789550090620168865,1789550090497194871.jpg
1789550090530512932,1789550090658663946,1789550090530512932.jpg
1789550090563850837,1789550090692159320,1789550090563850837.jpg
1789550090597166639,1789550090719404212,1789550090597166639.jpg
1789550090630500158,1789550090751725958,1789550090630500158.jpg
1789550090663823904,1789550090786322148,1789550090663823904.jpg
1789550090697139204,1789550090820483685,1789550090697139204.jpg
1789550090730467824,1789550090855606469,1789550090730467824.jpg
1789550090763796933,1789550090884320277,1789550090763796933.jpg
1789550090797116361,1789550090918568311,1789550090797116361.jpg
1789550090830445161,1789550090957336292,1789550090830445161.jpg
1789550090863765168,1789550090985873197,1789550090863765168.jpg
1789550090897092994,1789550091026635036,1789550090897092994.jpg
1789550090930432078,1789550091051679382,1789550090930432078.jpg
1789550090963752747,1789550091085948491,1789550090963752747.jpg
1789550090997071840,1789550091118877741,1789550090997071840.jpg
1789550091030391695,1789550091153035021,1789550091030391695.jpg
1789550091063719305,1789550091190897632,1789550091063719305.jpg
1789550091097051706,1789550091220651421,1789550091097051706.jpg
1789550091130367447,1789550091254444511,1789550091130367447.jpg
1789550091163695241,1789550091286668249,1789550091163695241.jpg
1789550091197018133,1789550091316885410,1789550091197018133.jpg
1789550091230346581,1789550091363201645,1789550091230346581.jpg
1789550091263673194,1789550091389895265,1789550091263673194.jpg
1789550091297323743,1789550091421657779,1789550091297323743.jpg
1789550091330322835,1789550091451557637,1789550091330322835.jpg
1789550091363643508,1789550091489314048,1789550091363643508.jpg
1789550091396970028,1789550091520704501,1789550091396970028.jpg
1789550091430297633,1789550091552157266,1789550091430297633.jpg
1789550091463617193,1789550091586116905,1789550091463617193.jpg
1789550091496946125,1789550091622970534,1789550091496946125.jpg
1789550091530265150,1789550091652634900,1789550091530265150.jpg
1789550091563595707,1789550091689062951,1789550091563595707.jpg
1789550091596917776,1789550091732609303,1789550091596917776.jpg
1789550091630245492,1789550091758244276,1789550091630245492.jpg
1789550091663609902,1789550091786800849,1789550091663609902.jpg
1789550091696901040,1789550091818155711,1789550091696901040.jpg
1789550091730222058,1789550091852709847,1789550091730222058.jpg
1789550091763543636,1789550091883354530,1789550091763543636.jpg
1789550091796869071,1789550091923284604,1789550091796869071.jpg
1789550091830194297,1789550091952055965,1789550091830194297.jpg
1789550091863519475,1789550091985313981,1789550091863519475.jpg
1789550091896844638,1789550092023864872,1789550091896844638.jpg
1789550091930172160,1789550092052693438,1789550091930172160.jpg
1789550091963497846,1789550092088172801,1789550091963497846.jpg
1789550091996829665,1789550092120885272,1789550091996829665.jpg
1789550092030143367,1789550092152168780,1789550092030143367.jpg
1789550092063470731,1789550092188275267,1789550092063470731.jpg
1789550092096796039,1789550092219289878,1789550092096796039.jpg
1789550092130123317,1789550092254862108,1789550092130123317.jpg
1789550092163444786,1789550092288525542,1789550092163444786.jpg
1789550092196772630,1789550092319341791,1789550092196772630.jpg
1789550092230098456,1789550092354336951,1789550092230098456.jpg
1789550092263418831,1789550092383921969,1789550092263418831.jpg
1789550092296748175,1789550092422628022,1789550092296748175.jpg
1789550092330073311,1789550092452258316,1789550092330073311.jpg
1789550092363394258,1789550092487550946,1789550092363394258.jpg
1789550092396717584,1789550092516871660,1789550092396717584.jpg
1789550092430044115,1789550092552795598,1789550092430044115.jpg
1789550092463369995,1789550092586340204,1789550092463369995.jpg
1789550092496696023,1789550092617842018,1789550092496696023.jpg
1789550092530019484,1789550092652816419,1789550092530019484.jpg
1789550092563350252,1789550092689880629,1789550092563350252.jpg
1789550092596667107,1789550092720901480,1789550092596667107.jpg
1789550092630017275,1789550092753081157,1789550092630017275.jpg
1789550092663316552,1789550092783190673,1789550092663316552.jpg
1789550092696645804,1789550092823039941,1789550092696645804.jpg
1789550092729972076,1789550092852717826,1789550092729972076.jpg
1789550092763294811,1789550092884076257,1789550092763294811.jpg
1789550092796616988,1789550092924538168,1789550092796616988.jpg
1789550092829942275,1789550092954407193,1789550092829942275.jpg
1789550092863274369,1789550092986207940,1789550092863274369.jpg
1789550092896593875,1789550093018423939,1789550092896593875.jpg
1789550092929925349,1789550093051029482,1789550092929925349.jpg
1789550092963248982,1789550093086458630,1789550092963248982.jpg
1789550092996564962,1789550093118457662,1789550092996564962.jpg
1789550093029896352,1789550093156491497,1789550093029896352.jpg
1789550093063228948,1789550093183603400,1789550093063228948.jpg
1789550093096542769,1789550093220004045,1789550093096542769.jpg
1789550093129867152,1789550093254921992,1789550093129867152.jpg
1789550093163190182,1789550093287243658,1789550093163190182.jpg
1789550093196512636,1789550093321076910,1789550093196512636.jpg
1789550093229840738,1789550093349653696,1789550093229840738.jpg
1789550093263166752,1789550093387783379,1789550093263166752.jpg
1789550093296489016,1789550093422004485,1789550093296489016.jpg
1789550093329815601,1789550093449354378,1789550093329815601.jpg
1789550093363138421,1789550093491332511,1789550093363138421.jpg
1789550093396470805,1789550093518408693,1789550093396470805.jpg
1789550093429797823,1789550093558347523,1789550093429797823.jpg
1789550093463117282,1789550093585681176,1789550093463117282.jpg
1789550093496437723,1789550093618594633,1789550093496437723.jpg
1789550093529763635,1789550093655702655,1789550093529763635.jpg
1789550093563089477,1789550093684821955,1789550093563089477.jpg
1789550093596410384,1789550093717482441,1789550093596410384.jpg
1789550093629737185,1789550093756167860,1789550093629737185.jpg
1789550093663061679,1789550093789397544,1789550093663061679.jpg
1789550093696388713,1789550093819386012,1789550093696388713.jpg
1789550093729713366,1789550093849142508,1789550093729713366.jpg
1789550093763033397,1789550093888765314,1789550093763033397.jpg
1789550093796360111,1789550093918985143,1789550093796360111.jpg
1789550093829684254,1789550093951017544,1789550093829684254.jpg
1789550093863009704,1789550093986537595,1789550093863009704.jpg
1789550093896332367,1789550094019203810,1789550093896332367.jpg
1789550093929656089,1789550094054996820,1789550093929656089.jpg
1789550093962983553,1789550094084295620,1789550093962983553.jpg
1789550093996308468,1789550094119198022,1789550093996308468.jpg
1789550094029632434,1789550094152495254,1789550094029632434.jpg
1789550094062955063,1789550094185614921,1789550094062955063.jpg
1789550094096280616,1789550094219610752,1789550094096280616.jpg
1789550094129607124,1789550094252626201,1789550094129607124.jpg
1789550094162928981,1789550094283762956,1789550094162928981.jpg
1789550094196254551,1789550094322185848,1789550094196254551.jpg
1789550094229576288,1789550094351930980,1789550094229576288.jpg
1789550094262904733,1789550094384531225,1789550094262904733.jpg
1789550094296225936,1789550094418843690,1789550094296225936.jpg
1789550094329550459,1789550094455212711,1789550094329550459.jpg
1789550094362876023,1789550094493440538,1789550094362876023.jpg
1789550094396197734,1789550094518501806,1789550094396197734.jpg
1789550094429528384,1789550094554073196,1789550094429528384.jpg
1789550094462848366,1789550094584919649,1789550094462848366.jpg
1789550094496173105,1789550094622667905,1789550094496173105.jpg
1789550094529499075,1789550094649321268,1789550094529499075.jpg
1789550094562823839,1789550094686150991,1789550094562823839.jpg
1789550094596149775,1789550094719409373,1789550094596149775.jpg
1789550094629471057,1789550094751346815,1789550094629471057.jpg
1789550094662798491,1789550094785441327,1789550094662798491.jpg
1789550094696121269,1789550094815870280,1789550094696121269.jpg
1789550094729442591,1789550094857197394,1789550094729442591.jpg
1789550094762771729,1789550094886058473,1789550094762771729.jpg
1789550094796094355,1789550094915583134,1789550094796094355.jpg
1789550094829424764,1789550094958725926,1789550094829424764.jpg
1789550094862743463,1789550094989411201,1789550094862743463.jpg
1789550094896079477,1789550095018842691,1789550094896079477.jpg
1789550094929400686,1789550095051100360,1789550094929400686.jpg
1789550094962713030,1789550095083989870,1789550094962713030.jpg
1789550094996042249,1789550095120825637,1789550094996042249.jpg
1789550095029373212,1789550095151138343,1789550095029373212.jpg
1789550095062686466,1789550095183801457,1789550095062686466.jpg
1789550095096014039,1789550095220420011,1789550095096014039.jpg
1789550095129337584,1789550095252306273,1789550095129337584.jpg
1789550095162663515,1789550095289098875,1789550095162663515.jpg
1789550095195989740,1789550095316407076,1789550095195989740.jpg
1789550095229311378,1789550095352875378,1789550095229311378.jpg
1789550095262635436,1789550095386149314,1789550095262635436.jpg
1789550095295960662,1789550095416339453,1789550095295960662.jpg
1789550095329288550,1789550095455065889,1789550095329288550.jpg
1789550095362613707,1789550095482929360,1789550095362613707.jpg
1789550095395933545,1789550095518093354,1789550095395933545.jpg
1789550095429257081,1789550095563121231,1789550095429257081.jpg
1789550095462580563,1789550095585594718,1789550095462580563.jpg
1789550095495905071,1789550095618341883,1789550095495905071.jpg
1789550095529229859,1789550095651459937,1789550095529229859.jpg
1789550095562561329,1789550095689337339,1789550095562561329.jpg
1789550095595882343,1789550095716510103,1789550095595882343.jpg
1789550095629206775,1789550095754442002,1789550095629206775.jpg
1789550095662528586,1789550095786194548,1789550095662528586.jpg
1789550095695852985,1789550095816031221,1789550095695852985.jpg
1789550095729176643,1789550095854210331,1789550095729176643.jpg
1789550095762501608,1789550095888886460,1789550095762501608.jpg
1789550095795823746,1789550095922629189,1789550095795823746.jpg
1789550095829161337,1789550095954313089,1789550095829161337.jpg
1789550095862475843,1789550095984452304,1789550095862475843.jpg
1789550095895802623,1789550096018667022,1789550095895802623.jpg
1789550095929130086,1789550096051302436,1789550095929130086.jpg
1789550095962449640,1789550096084698256,1789550095962449640.jpg
1789550095995770918,1789550096121828908,1789550095995770918.jpg
1789550096029093551,1789550096149940272,1789550096029093551.jpg
1789550096062432910,1789550096187546010,1789550096062432910.jpg
1789550096095746040,1789550096217017768,1789550096095746040.jpg
1789550096129066543,1789550096254794331,1789550096129066543.jpg
1789550096162395490,1789550096285332444,1789550096162395490.jpg
1789550096195714906,1789550096320957467,1789550096195714906.jpg
1789550096229043424,1789550096350672324,1789550096229043424.jpg
1789550096262368459,1789550096389297511,1789550096262368459.jpg
1789550096295707825,1789550096417531647,1789550096295707825.jpg
1789550096329014997,1789550096451933417,1789550096329014997.jpg
1789550096362335823,1789550096485348384,1789550096362335823.jpg
1789550096395663125,1789550096522171532,1789550096395663125.jpg
1789550096428983767,1789550096552845064,1789550096428983767.jpg
1789550096462312301,1789550096584360720,1789550096462312301.jpg
1789550096495631462,1789550096616133529,1789550096495631462.jpg
1789550096528955157,1789550096655705261,1789550096528955157.jpg
1789550096562280888,1789550096689197873,1789550096562280888.jpg
1789550096595611263,1789550096718612227,1789550096595611263.jpg
1789550096628941446,1789550096750400591,1789550096628941446.jpg
1789550096662255371,1789550096787620553,1789550096662255371.jpg
1789550096695574613,1789550096816956485,1789550096695574613.jpg
1789550096728904021,1789550096856377558,1789550096728904021.jpg
1789550096762223820,1789550096885146592,1789550096762223820.jpg
1789550096795552265,1789550096923047575,1789550096795552265.jpg
1789550096828872572,1789550096954290244,1789550096828872572.jpg
1789550096862198245,1789550096984493707,1789550096862198245.jpg
1789550096895522469,1789550097019013002,1789550096895522469.jpg
1789550096928845065,1789550097052715254,1789550096928845065.jpg
1789550096962168788,1789550097086747008,1789550096962168788.jpg
1789550096995490785,1789550097117145362,1789550096995490785.jpg
1789550097028827793,1789550097153306225,1789550097028827793.jpg
1789550097062158697,1789550097183095111,1789550097062158697.jpg
1789550097095465529,1789550097220235015,1789550097095465529.jpg
1789550097128791092,1789550097252855936,1789550097128791092.jpg
1789550097162113963,1789550097281692595,1789550097162113963.jpg
1789550097195437698,1789550097319332750,1789550097195437698.jpg
1789550097228771817,1789550097349787360,1789550097228771817.jpg
1789550097262085207,1789550097384861411,1789550097262085207.jpg
1789550097295439313,1789550097421483343,1789550097295439313.jpg
1789550097328734835,1789550097450222506,1789550097328734835.jpg
1789550097362057074,1789550097491313016,1789550097362057074.jpg
1789550097395378819,1789550097520858600,1789550097395378819.jpg
1789550097428739922,1789550097549954300,1789550097428739922.jpg
1789550097462028924,1789550097586081258,1789550097462028924.jpg
1789550097495355573,1789550097622444889,1789550097495355573.jpg
1789550097528680059,1789550097652966847,1789550097528680059.jpg
1789550097562001642,1789550097683528507,1789550097562001642.jpg
1789550097595326147,1789550097715624233,1789550097595326147.jpg
1789550097628654073,1789550097755538306,1789550097628654073.jpg
1789550097661969470,1789550097783483345,1789550097661969470.jpg
1789550097695296595,1789550097818634243,1789550097695296595.jpg
1789550097728621851,1789550097848572695,1789550097728621851.jpg
1789550097761942873,1789550097887687272,1789550097761942873.jpg
1789550097795267924,1789550097919015780,1789550097795267924.jpg
1789550097828592600,1789550097948580512,1789550097828592600.jpg
1789550097861941345,1789550097987347404,1789550097861941345.jpg
1789550097895244278,1789550098016405775,1789550097895244278.jpg
1789550097928564745,1789550098054013669,1789550097928564745.jpg
1789550097961889994,1789550098086670300,1789550097961889994.jpg
1789550097995216028,1789550098117934935,1789550097995216028.jpg
1789550098028540173,1789550098153905587,1789550098028540173.jpg
1789550098061860042,1789550098185187239,1789550098061860042.jpg
1789550098095185563,1789550098217217462,1789550098095185563.jpg
1789550098128522176,1789550098251059139,1789550098128522176.jpg
1789550098161831324,1789550098286308645,1789550098161831324.jpg
1789550098195152063,1789550098317985942,1789550098195152063.jpg
1789550098228479205,1789550098349998036,1789550098228479205.jpg
1789550098261802269,1789550098383129197,1789550098261802269.jpg
1789550098295128267,1789550098423535528,1789550098295128267.jpg
1789550098328455209,1789550098454415610,1789550098328455209.jpg
1789550098361778882,1789550098483695300,1789550098361778882.jpg
1789550098395100331,1789550098519398596,1789550098395100331.jpg
1789550098428421818,1789550098552235199,1789550098428421818.jpg
1789550098461746775,1789550098584522241,1789550098461746775.jpg
1789550098495068126,1789550098618497318,1789550098495068126.jpg
1789550098528396536,1789550098648431804,1789550098528396536.jpg
1789550098561714384,1789550098684963628,1789550098561714384.jpg
1789550098595038679,1789550098720508415,1789550098595038679.jpg
1789550098628362704,1789550098754742589,1789550098628362704.jpg
1789550098661687620,1789550098782292763,1789550098661687620.jpg
1789550098695011760,1789550098820107516,1789550098695011760.jpg
1789550098728343540,1789550098852644191,1789550098728343540.jpg
1789550098761666579,1789550098883657803,1789550098761666579.jpg
1789550098794983682,1789550098923501388,1789550098794983682.jpg
1789550098828305828,1789550098949284846,1789550098828305828.jpg
1789550098861632445,1789550098990842113,1789550098861632445.jpg
1789550098894956022,1789550099016792916,1789550098894956022.jpg
1789550098928282573,1789550099050427484,1789550098928282573.jpg
1789550098961604339,1789550099083778827,1789550098961604339.jpg
1789550098994923597,1789550099118435558,1789550098994923597.jpg
1789550099028251239,1789550099155042769,1789550099028251239.jpg
1789550099061571750,1789550099181966615,1789550099061571750.jpg
1789550099094898482,1789550099222290961,1789550099094898482.jpg
1789550099128219895,1789550099252504746,1789550099128219895.jpg
1789550099161542566,1789550099283199189,1789550099161542566.jpg
1789550099194868303,1789550099321607887,1789550099194868303.jpg
1789550099228191425,1789550099349821788,1789550099228191425.jpg
1789550099261522203,1789550099386966430,1789550099261522203.jpg
1789550099294838585,1789550099416147071,1789550099294838585.jpg
1789550099328164084,1789550099453144907,1789550099328164084.jpg
1789550099361486112,1789550099489200409,1789550099361486112.jpg
1789550099394815205,1789550099518868892,1789550099394815205.jpg
1789550099428137577,1789550099552106557,1789550099428137577.jpg
1789550099461454853,1789550099585607781,1789550099461454853.jpg
1789550099494777943,1789550099616618853,1789550099494777943.jpg
1789550099528104395,1789550099653650761,1789550099528104395.jpg
1789550099561424786,1789550099685048422,1789550099561424786.jpg
1789550099594754247,1789550099719257808,1789550099594754247.jpg
1789550099628073131,1789550099751389982,1789550099628073131.jpg
1789550099661396876,1789550099786807206,1789550099661396876.jpg
1789550099694722606,1789550099816053436,1789550099694722606.jpg
1789550099728046764,1789550099853239113,1789550099728046764.jpg
1789550099761366793,1789550099891535170,1789550099761366793.jpg
1789550099794690826,1789550099921635165,1789550099794690826.jpg
1789550099828018766,1789550099950131623,1789550099828018766.jpg
1789550099861339209,1789550099988674092,1789550099861339209.jpg
1789550099894662940,1789550100025895544,1789550099894662940.jpg
1789550099927989654,1789550100054850777,1789550099927989654.jpg
1789550099961482422,1789550100084124953,1789550099961482422.jpg
1789550099996655808,1789550100118660349,1789550099996655808.jpg
1789550100033551162,1789550100163547897,1789550100033551162.jpg
1789550100071960443,1789550100198713273,1789550100071960443.jpg
1789550100111539972,1789550100238838535,1789550100111539972.jpg
1789550100152027533,1789550100281892953,1789550100152027533.jpg
1789550100193177395,1789550100313850800,1789550100193177395.jpg
1789550100234947337,1789550100365507051,1789550100234947337.jpg
1789550100277324761,1789550100400773254,1789550100277324761.jpg
1789550100320235761,1789550100443394198,1789550100320235761.jpg
1789550100363745832,1789550100487816163,1789550100363745832.jpg
1789550100407862869,1789550100535322090,1789550100407862869.jpg
1789550100452583316,1789550100580023076,1789550100452583316.jpg
1789550100498039297,1789550100621088873,1789550100498039297.jpg
1789550100544290088,1789550100670419875,1789550100544290088.jpg
1789550100591290035,1789550100724226644,1789550100591290035.jpg
1789550100639141374,1789550100764632574,1789550100639141374.jpg
1789550100687926721,1789550100813166939,1789550100687926721.jpg
1789550100737638109,1789550100864128490,1789550100737638109.jpg
1789550100788197646,1789550100915145557,1789550100788197646.jpg
1789550100839589746,1789550100971259446,1789550100839589746.jpg
1789550100891797082,1789550101018472446,1789550100891797082.jpg
1789550100944764985,1789550101068744496,1789550100944764985.jpg
1789550100998363256,1789550101124249199,1789550100998363256.jpg
1789550101052557108,1789550101176156443,1789550101052557108.jpg
1789550101107273615,1789550101232855812,1789550101107273615.jpg
1789550101162508127,1789550101289381489,1789550101162508127.jpg
1789550101218206501,1789550101345574278,1789550101218206501.jpg
1789550101274424949,1789550101400419875,1789550101274424949.jpg
1789550101331142841,1789550101459146210,1789550101331142841.jpg
1789550101388418417,1789550101514790349,1789550101388418417.jpg
1789550101446289130,1789550101573650027,1789550101446289130.jpg
1789550101504771076,1789550101628585729,1789550101504771076.jpg
1789550101563852559,1789550101689225814,1789550101563852559.jpg
1789550101623492984,1789550101749411316,1789550101623492984.jpg
1789550101683622593,1789550101809077258,1789550101683622593.jpg
1789550101743619682,1789550101873976187,1789550101743619682.jpg
1789550101803677422,1789550101929467891,1789550101803677422.jpg
1789550101863745901,1789550101990269521,1789550101863745901.jpg
1789550101923816728,1789550102049238884,1789550101923816728.jpg
1789550101983885611,1789550102109662272,1789550101983885611.jpg
1789550102043954005,1789550102169493216,1789550102043954005.jpg
1789550102104033713,1789550102229343290,1789550102104033713.jpg
1789550102164104809,1789550102291691553,1789550102164104809.jpg
1789550102224161779,1789550102349647508,1789550102224161779.jpg
1789550102284232225,1789550102410273531,1789550102284232225.jpg
1789550102344298896,1789550102470931663,1789550102344298896.jpg
1789550102404365133,1789550102529637088,1789550102404365133.jpg
1789550102464448414,1789550102590519039,1789550102464448414.jpg
1789550102524509878,1789550102650501641,1789550102524509878.jpg
1789550102584573171,1789550102715879022,1789550102584573171.jpg
1789550102644662132,1789550102773684228,1789550102644662132.jpg
1789550102704712856,1789550102828815052,1789550102704712856.jpg
1789550102764781381,1789550102890513061,1789550102764781381.jpg
1789550102824846277,1789550102951205524,1789550102824846277.jpg
1789550102884914438,1789550103010261873,1789550102884914438.jpg
1789550102944990397,1789550103071400840,1789550102944990397.jpg
1789550103005052010,1789550103133028885,1789550103005052010.jpg
1789550103065120251,1789550103190520245,1789550103065120251.jpg
1789550103125212613,1789550103252169881,1789550103125212613.jpg
1789550103185256090,1789550103311078313,1789550103185256090.jpg
1789550103245324797,1789550103368537416,1789550103245324797.jpg
1789550103305394505,1789550103433220829,1789550103305394505.jpg
1789550103365460042,1789550103492569398,1789550103365460042.jpg
1789550103424964704,1789550103553738529,1789550103424964704.jpg
1789550103484258278,1789550103611235815,1789550103484258278.jpg
1789550103543549401,1789550103674437865,1789550103543549401.jpg
1789550103602994411,1789550103729590086,1789550103602994411.jpg
1789550103662630141,1789550103786533928,1789550103662630141.jpg
1789550103722516244,1789550103847818125,1789550103722516244.jpg
1789550103782572761,1789550103909648879,1789550103782572761.jpg
1789550103842652647,1789550103971000202,1789550103842652647.jpg
1789550103902696523,1789550104028731676,1789550103902696523.jpg
1789550103962762147,1789550104089404545,1789550103962762147.jpg
1789550104022840796,1789550104144659883,1789550104022840796.jpg
1789550104082903248,1789550104210577111,1789550104082903248.jpg
1789550104142964142,1789550104271168727,1789550104142964142.jpg
1789550104203035261,1789550104331112128,1789550104203035261.jpg
1789550104263101860,1789550104389333668,1789550104263101860.jpg
1789550104323182754,1789550104451116701,1789550104323182754.jpg
1789550104383240031,1789550104512728876,1789550104383240031.jpg
1789550104443308170,1789550104569765090,1789550104443308170.jpg
1789550104503375744,1789550104630152979,1789550104503375744.jpg
1789550104563442892,1789550104691371107,1789550104563442892.jpg
1789550104623511999,1789550104748636491,1789550104623511999.jpg
1789550104683583322,1789550104809238272,1789550104683583322.jpg
1789550104743669609,1789550104870663997,1789550104743669609.jpg
1789550104803717074,1789550104931106123,1789550104803717074.jpg
1789550104863783053,1789550104992690022,1789550104863783053.jpg
1789550104923851190,1789550105051041990,1789550104923851190.jpg
1789550104983918391,1789550105110101850,1789550104983918391.jpg
1789550105043987173,1789550105169581865,1789550105043987173.jpg
1789550105104056294,1789550105232289058,1789550105104056294.jpg
1789550105164123905,1789550105290212999,1789550105164123905.jpg
1789550105224217395,1789550105353252538,1789550105224217395.jpg
1789550105284258021,1789550105410429254,1789550105284258021.jpg
1789550105344326672,1789550105472447422,1789550105344326672.jpg
1789550105404394357,1789550105528333878,1789550105404394357.jpg
1789550105464463200,1789550105587542209,1789550105464463200.jpg
1789550105524533722,1789550105652360843,1789550105524533722.jpg
1789550105584598589,1789550105709960715,1789550105584598589.jpg
1789550105644672881,1789550105770596037,1789550105644672881.jpg
1789550105704735575,1789550105830249502,1789550105704735575.jpg
1789550105764813645,1789550105890467113,1789550105764813645.jpg
1789550105824873496,1789550105950018975,1789550105824873496.jpg
1789550105884950846,1789550106011490801,1789550105884950846.jpg
1789550105945005421,1789550106069208957,1789550105945005421.jpg
1789550106005075298,1789550106130013609,1789550106005075298.jpg
1789550106065159031,1789550106192010580,1789550106065159031.jpg
1789550106125211944,1789550106254321417,1789550106125211944.jpg
1789550106185277685,1789550106309735686,1789550106185277685.jpg
1789550106245375788,1789550106369724120,1789550106245375788.jpg
1789550106305418818,1789550106429039344,1789550106305418818.jpg
1789550106365478271,1789550106489987281,1789550106365478271.jpg
1789550106425545727,1789550106550570060,1789550106425545727.jpg
1789550106485631115,1789550106612728353,1789550106485631115.jpg
1789550106545684160,1789550106673863165,1789550106545684160.jpg
1789550106605751152,1789550106729909406,1789550106605751152.jpg
1789550106665832818,1789550106790078105,1789550106665832818.jpg
1789550106725880994,1789550106849157679,1789550106725880994.jpg
1789550106785958018,1789550106911182463,1789550106785958018.jpg
1789550106846041934,1789550106973400622,1789550106846041934.jpg
1789550106906088146,1789550107032447260,1789550106906088146.jpg
1789550106939408046,1789550107064129690,1789550106939408046.jpg
1789550106972728867,1789550107100329910,1789550106972728867.jpg
1789550107006054690,1789550107132994099,1789550107006054690.jpg
1789550107039378444,1789550107163304836,1789550107039378444.jpg
1789550107072708621,1789550107197651436,1789550107072708621.jpg
1789550107106021987,1789550107236429943,1789550107106021987.jpg
1789550107139342314,1789550107265911446,1789550107139342314.jpg
1789550107172681004,1789550107300494936,1789550107172681004.jpg
1789550107205988552,1789550107332079577,1789550107205988552.jpg
1789550107239314667,1789550107369468689,1789550107239314667.jpg
1789550107272634207,1789550107399040592,1789550107272634207.jpg
1789550107305967269,1789550107432095271,1789550107305967269.jpg
1789550107339291466,1789550107465218981,1789550107339291466.jpg
1789550107372600448,1789550107496859600,1789550107372600448.jpg
1789550107405927067,1789550107531675775,1789550107405927067.jpg
1789550107439249341,1789550107562770268,1789550107439249341.jpg
1789550107472569363,1789550107598410808,1789550107472569363.jpg
1789550107505891751,1789550107634782533,1789550107505891751.jpg
1789550107539222285,1789550107665152414,1789550107539222285.jpg
1789550107572538317,1789550107697150876,1789550107572538317.jpg
1789550107605856706,1789550107730728496,1789550107605856706.jpg
1789550107639180326,1789550107764363261,1789550107639180326.jpg
1789550107672501322,1789550107796257064,1789550107672501322.jpg
1789550107705825001,1789550107830532188,1789550107705825001.jpg
1789550107739147512,1789550107864920155,1789550107739147512.jpg
1789550107772469219,1789550107895237484,1789550107772469219.jpg
1789550107805796417,1789550107936508766,1789550107805796417.jpg
1789550107839118005,1789550107968613424,1789550107839118005.jpg
1789550107872445889,1789550107997271248,1789550107872445889.jpg
1789550107905761883,1789550108031581045,1789550107905761883.jpg
1789550107939081273,1789550108064411124,1789550107939081273.jpg
1789550107972402681,1789550108094983673,1789550107972402681.jpg
1789550108005725994,1789550108131239765,1789550108005725994.jpg
1789550108039049848,1789550108165071248,1789550108039049848.jpg
1789550108072372118,1789550108199624990,1789550108072372118.jpg
1789550108105695510,1789550108229173470,1789550108105695510.jpg
1789550108139017300,1789550108267819452,1789550108139017300.jpg
1789550108172339642,1789550108301205376,1789550108172339642.jpg
1789550108205666282,1789550108334342839,1789550108205666282.jpg
1789550108238983977,1789550108366319872,1789550108238983977.jpg
1789550108272306023,1789550108398752814,1789550108272306023.jpg
1789550108305629268,1789550108430980180,1789550108305629268.jpg
1789550108338953773,1789550108469690361,1789550108338953773.jpg
1789550108372272467,1789550108497374337,1789550108372272467.jpg
1789550108405600401,1789550108530531297,1789550108405600401.jpg
1789550108438935645,1789550108566295224,1789550108438935645.jpg
1789550108472241362,1789550108599335083,1789550108472241362.jpg
1789550108505564840,1789550108629221259,1789550108505564840.jpg
1789550108538887783,1789550108665010054,1789550108538887783.jpg
1789550108572209065,1789550108697038620,1789550108572209065.jpg
1789550108605531618,1789550108730914636,1789550108605531618.jpg
1789550108638851474,1789550108764566207,1789550108638851474.jpg
1789550108672175975,1789550108796404899,1789550108672175975.jpg
1789550108705495058,1789550108830593540,1789550108705495058.jpg
1789550108738818887,1789550108866175666,1789550108738818887.jpg
1789550108772139977,1789550108901202501,1789550108772139977.jpg
1789550108805475806,1789550108934132220,1789550108805475806.jpg
1789550108838786266,1789550108963294618,1789550108838786266.jpg
1789550108872113113,1789550109000487435,1789550108872113113.jpg
1789550108905430071,1789550109032120745,1789550108905430071.jpg
1789550108938762294,1789550109064052224,1789550108938762294.jpg
1789550108972075780,1789550109098335443,1789550108972075780.jpg
1789550109005396279,1789550109128814481,1789550109005396279.jpg
1789550109038721959,1789550109163720689,1789550109038721959.jpg
1789550109072042787,1789550109199074286,1789550109072042787.jpg
1789550109105362877,1789550109230761507,1789550109105362877.jpg
1789550109138687598,1789550109269969171,1789550109138687598.jpg
1789550109172027401,1789550109297139637,1789550109172027401.jpg
1789550109205333288,1789550109332325081,1789550109205333288.jpg
1789550109238658997,1789550109362141413,1789550109238658997.jpg
1789550109271976071,1789550109397320820,1789550109271976071.jpg
1789550109305300129,1789550109431169796,1789550109305300129.jpg
1789550109338618550,1789550109463255152,1789550109338618550.jpg
1789550109371944985,1789550109497371551,1789550109371944985.jpg
1789550109405264262,1789550109528451635,1789550109405264262.jpg
1789550109438585120,1789550109564265900,1789550109438585120.jpg
1789550109471913453,1789550109599411940,1789550109471913453.jpg
1789550109505229474,1789550109629303636,1789550109505229474.jpg
1789550109538552372,1789550109664303946,1789550109538552372.jpg
1789550109571877567,1789550109695770870,1789550109571877567.jpg
1789550109605200459,1789550109734919094,1789550109605200459.jpg
1789550109638530773,1789550109764724037,1789550109638530773.jpg
1789550109671838291,1789550109798306219,1789550109671838291.jpg
1789550109705163146,1789550109828734335,1789550109705163146.jpg
1789550109738485442,1789550109864285862,1789550109738485442.jpg
1789550109771806076,1789550109897616120,1789550109771806076.jpg
1789550109805132534,1789550109931137751,1789550109805132534.jpg
1789550109838453482,1789550109963692310,1789550109838453482.jpg
1789550109871774287,1789550109994768505,1789550109871774287.jpg
1789550109905097143,1789550110029617677,1789550109905097143.jpg
1789550109938418837,1789550110063328234,1789550109938418837.jpg
1789550109971742211,1789550110099381510,1789550109971742211.jpg
1789550110005060754,1789550110130993477,1789550110005060754.jpg
1789550110038391604,1789550110169052609,1789550110038391604.jpg
1789550110071722655,1789550110196048727,1789550110071722655.jpg
1789550110105036358,1789550110229968397,1789550110105036358.jpg
1789550110138351976,1789550110263042839,1789550110138351976.jpg
1789550110171672778,1789550110295391469,1789550110171672778.jpg
1789550110205000945,1789550110331528405,1789550110205000945.jpg
1789550110238318520,1789550110361817035,1789550110238318520.jpg
1789550110271641866,1789550110399449831,1789550110271641866.jpg
1789550110304967152,1789550110427408371,1789550110304967152.jpg
1789550110338285158,1789550110463314381,1789550110338285158.jpg
1789550110371610731,1789550110497398890,1789550110371610731.jpg
1789550110404927783,1789550110529008894,1789550110404927783.jpg
1789550110438254430,1789550110565751522,1789550110438254430.jpg
1789550110471573201,1789550110594176487,1789550110471573201.jpg
1789550110504894295,1789550110631302658,1789550110504894295.jpg
1789550110538223761,1789550110666224673,1789550110538223761.jpg
1789550110571538176,1789550110694671507,1789550110571538176.jpg
1789550110604861882,1789550110730531650,1789550110604861882.jpg
1789550110638184393,1789550110761899452,1789550110638184393.jpg
1789550110671507727,1789550110796957437,1789550110671507727.jpg
1789550110704833449,1789550110829435353,1789550110704833449.jpg
1789550110738148025,1789550110861840016,1789550110738148025.jpg
1789550110771472415,1789550110895897731,1789550110771472415.jpg
1789550110804795501,1789550110931555594,1789550110804795501.jpg
1789550110838114503,1789550110963055552,1789550110838114503.jpg
1789550110871437975,1789550110993634676,1789550110871437975.jpg
1789550110904761024,1789550111032031035,1789550110904761024.jpg
1789550110938082086,1789550111065416228,1789550110938082086.jpg
1789550110971409518,1789550111098177677,1789550110971409518.jpg
1789550111004727716,1789550111130499421,1789550111004727716.jpg
1789550111038050306,1789550111165515777,1789550111038050306.jpg
1789550111071369628,1789550111196608992,1789550111071369628.jpg
1789550111104691241,1789550111227901451,1789550111104691241.jpg
1789550111138012902,1789550111261104604,1789550111138012902.jpg
1789550111171335092,1789550111296814402,1789550111171335092.jpg
1789550111204660947,1789550111328596432,1789550111204660947.jpg
1789550111237979260,1789550111361912446,1789550111237979260.jpg
1789550111271301962,1789550111395739899,1789550111271301962.jpg
1789550111304622910,1789550111426881593,1789550111304622910.jpg
1789550111337946624,1789550111465883360,1789550111337946624.jpg
1789550111371269367,1789550111494957539,1789550111371269367.jpg
1789550111404593021,1789550111529535727,1789550111404593021.jpg
1789550111437913112,1789550111563498650,1789550111437913112.jpg
1789550111471233941,1789550111595143839,1789550111471233941.jpg
1789550111504555752,1789550111632227783,1789550111504555752.jpg
1789550111537878691,1789550111661916208,1789550111537878691.jpg
1789550111571220227,1789550111693877907,1789550111571220227.jpg
1789550111604528283,1789550111731137782,1789550111604528283.jpg
1789550111637843823,1789550111762379004,1789550111637843823.jpg
1789550111671165611,1789550111794090817,1789550111671165611.jpg
1789550111704490991,1789550111829196591,1789550111704490991.jpg
1789550111737809550,1789550111864319622,1789550111737809550.jpg
1789550111771132292,1789550111898125633,1789550111771132292.jpg
1789550111804461128,1789550111930848752,1789550111804461128.jpg
1789550111837776095,1789550111964446835,1789550111837776095.jpg
1789550111871100662,1789550111997455967,1789550111871100662.jpg
1789550111904419508,1789550112028504484,1789550111904419508.jpg
1789550111937747982,1789550112064963216,1789550111937747982.jpg
1789550111971064244,1789550112094998229,1789550111971064244.jpg
1789550112004405950,1789550112130204159,1789550112004405950.jpg
1789550112037706490,1789550112161177075,1789550112037706490.jpg
1789550112071029545,1789550112196519326,1789550112071029545.jpg
1789550112104357512,1789550112227108682,1789550112104357512.jpg
1789550112137672792,1789550112263010442,1789550112137672792.jpg
1789550112170994007,1789550112294790882,1789550112170994007.jpg
1789550112204316319,1789550112332516638,1789550112204316319.jpg
1789550112237641666,1789550112365917997,1789550112237641666.jpg
1789550112270965828,1789550112396098942,1789550112270965828.jpg
1789550112304288012,1789550112430157080,1789550112304288012.jpg
1789550112337603276,1789550112463157658,1789550112337603276.jpg
1789550112370928874,1789550112505528208,1789550112370928874.jpg
1789550112404249805,1789550112534769825,1789550112404249805.jpg
1789550112437571378,1789550112567716019,1789550112437571378.jpg
1789550112470893218,1789550112598298597,1789550112470893218.jpg
1789550112504216313,1789550112628671026,1789550112504216313.jpg
1789550112537540145,1789550112664594932,1789550112537540145.jpg
1789550112570857311,1789550112695922170,1789550112570857311.jpg
1789550112604188459,1789550112726406127,1789550112604188459.jpg
1789550112637501248,1789550112763637609,1789550112637501248.jpg
1789550112670825395,1789550112803446411,1789550112670825395.jpg
1789550112704145273,1789550112828677494,1789550112704145273.jpg
1789550112737473166,1789550112865224904,1789550112737473166.jpg
1789550112770795393,1789550112896200190,1789550112770795393.jpg
1789550112804118542,1789550112931882728,1789550112804118542.jpg
1789550112837434156,1789550112962718766,1789550112837434156.jpg
1789550112870755086,1789550112993873963,1789550112870755086.jpg
1789550112904078932,1789550113032458531,1789550112904078932.jpg
1789550112937398054,1789550113064688956,1789550112937398054.jpg
1789550112970718077,1789550113096556504,1789550112970718077.jpg
1789550113004044283,1789550113132523184,1789550113004044283.jpg
1789550113037368151,1789550113163931124,1789550113037368151.jpg
1789550113070681988,1789550113200595891,1789550113070681988.jpg
1789550113104008743,1789550113232074825,1789550113104008743.jpg
1789550113137339255,1789550113264168336,1789550113137339255.jpg
1789550113170656688,1789550113294918610,1789550113170656688.jpg
1789550113203976605,1789550113328473311,1789550113203976605.jpg
1789550113237295274,1789550113364816365,1789550113237295274.jpg
1789550113270616218,1789550113395186135,1789550113270616218.jpg
1789550113303940968,1789550113429319415,1789550113303940968.jpg
1789550113337261695,1789550113467218892,1789550113337261695.jpg
1789550113370583932,1789550113495292691,1789550113370583932.jpg
1789550113403909058,1789550113532262137,1789550113403909058.jpg
1789550113437226342,1789550113562447385,1789550113437226342.jpg
1789550113470551386,1789550113598419990,1789550113470551386.jpg
1789550113503879205,1789550113632410894,1789550113503879205.jpg
1789550113537192092,1789550113662010933,1789550113537192092.jpg
1789550113570511752,1789550113694506132,1789550113570511752.jpg
1789550113603835327,1789550113729282024,1789550113603835327.jpg
1789550113637161332,1789550113767352634,1789550113637161332.jpg
1789550113670507754,1789550113798577645,1789550113670507754.jpg
1789550113703803535,1789550113827479652,1789550113703803535.jpg
1789550113737120848,1789550113866626744,1789550113737120848.jpg
1789550113770441270,1789550113897922267,1789550113770441270.jpg
1789550113803771117,1789550113930567898,1789550113803771117.jpg
1789550113837085612,1789550113967710124,1789550113837085612.jpg
1789550113870459070,1789550113998465009,1789550113870459070.jpg
1789550113903740948,1789550114029074557,1789550113903740948.jpg
1789550113937057594,1789550114061506304,1789550113937057594.jpg
1789550113970372377,1789550114100808266,1789550113970372377.jpg
1789550114003694437,1789550114129730096,1789550114003694437.jpg
1789550114037036679,1789550114163914487,1789550114037036679.jpg
1789550114070341760,1789550114196732255,1789550114070341760.jpg
1789550114103659023,1789550114229706306,1789550114103659023.jpg
1789550114136979933,1789550114263793927,1789550114136979933.jpg
1789550114170304205,1789550114295018353,1789550114170304205.jpg
1789550114203623777,1789550114328912139,1789550114203623777.jpg
1789550114236944757,1789550114360817858,1789550114236944757.jpg
1789550114270270454,1789550114401716181,1789550114270270454.jpg
1789550114303598157,1789550114432321513,1789550114303598157.jpg
1789550114336919603,1789550114462026590,1789550114336919603.jpg
1789550114370235210,1789550114494608546,1789550114370235210.jpg
1789550114403564684,1789550114531571434,1789550114403564684.jpg
1789550114436875303,1789550114565901793,1789550114436875303.jpg
1789550114470213059,1789550114596967215,1789550114470213059.jpg
1789550114503522098,1789550114628338572,1789550114503522098.jpg
1789550114536842384,1789550114666026583,1789550114536842384.jpg
1789550114570163799,1789550114697945726,1789550114570163799.jpg
1789550114603494669,1789550114731984999,1789550114603494669.jpg
1789550114636808590,1789550114766963376,1789550114636808590.jpg
1789550114670128339,1789550114799345053,1789550114670128339.jpg
1789550114703454605,1789550114830181031,1789550114703454605.jpg
1789550114736780909,1789550114860681298,1789550114736780909.jpg
1789550114770093066,1789550114897880092,1789550114770093066.jpg
1789550114803412794,1789550114931211853,1789550114803412794.jpg
1789550114836747152,1789550114959448039,1789550114836747152.jpg
1789550114870059311,1789550114997763532,1789550114870059311.jpg
1789550114903382505,1789550115032219194,1789550114903382505.jpg
1789550114936702434,1789550115068335640,1789550114936702434.jpg
1789550114970024771,1789550115097768196,1789550114970024771.jpg
1789550115003351991,1789550115127199290,1789550115003351991.jpg
1789550115036666290,1789550115163455464,1789550115036666290.jpg
1789550115069990199,1789550115196708071,1789550115069990199.jpg
1789550115103311027,1789550115231478488,1789550115103311027.jpg
1789550115136632775,1789550115265464604,1789550115136632775.jpg
1789550115170507399,1789550115293901582,1789550115170507399.jpg
1789550115203996538,1789550115334078612,1789550115203996538.jpg
1789550115237312298,1789550115366441705,1789550115237312298.jpg
1789550115270634624,1789550115399076089,1789550115270634624.jpg
1789550115303960954,1789550115428039613,1789550115303960954.jpg
1789550115337275746,1789550115463948410,1789550115337275746.jpg
1789550115370602515,1789550115495625138,1789550115370602515.jpg
1789550115403930591,1789550115527266444,1789550115403930591.jpg
1789550115437241450,1789550115568109933,1789550115437241450.jpg
1789550115470567497,1789550115595976869,1789550115470567497.jpg
1789550115503897673,1789550115630032646,1789550115503897673.jpg
1789550115537208192,1789550115664949938,1789550115537208192.jpg
1789550115570528310,1789550115695584333,1789550115570528310.jpg
1789550115603852937,1789550115729557635,1789550115603852937.jpg
1789550115637173660,1789550115764165214,1789550115637173660.jpg
1789550115670496945,1789550115797356290,1789550115670496945.jpg
1789550115703816990,1789550115832306042,1789550115703816990.jpg
1789550115737135795,1789550115862998284,1789550115737135795.jpg
1789550115770458807,1789550115899545321,1789550115770458807.jpg
1789550115803786579,1789550115928533806,1789550115803786579.jpg
1789550115837105754,1789550115961748212,1789550115837105754.jpg
1789550115870421171,1789550115997945484,1789550115870421171.jpg
1789550115903741675,1789550116030935134,1789550115903741675.jpg
1789550115937065538,1789550116065101759,1789550115937065538.jpg
1789550115970387522,1789550116094837653,1789550115970387522.jpg
1789550116003714525,1789550116130963638,1789550116003714525.jpg
1789550116037034129,1789550116160569525,1789550116037034129.jpg
1789550116070358624,1789550116196496528,1789550116070358624.jpg
1789550116103672878,1789550116229056038,1789550116103672878.jpg
1789550116136995259,1789550116262931559,1789550116136995259.jpg
1789550116170316550,1789550116293669363,1789550116170316550.jpg
1789550116203638400,1789550116332048367,1789550116203638400.jpg
1789550116236965514,1789550116362570876,1789550116236965514.jpg
1789550116270299612,1789550116397047509,1789550116270299612.jpg
1789550116303600749,1789550116426904541,1789550116303600749.jpg
1789550116336925427,1789550116464164127,1789550116336925427.jpg
1789550116370246735,1789550116494637659,1789550116370246735.jpg
1789550116403568320,1789550116529684222,1789550116403568320.jpg
1789550116436893542,1789550116562103615,1789550116436893542.jpg
1789550116470213134,1789550116593545245,1789550116470213134.jpg
1789550116503535310,1789550116631239181,1789550116503535310.jpg
1789550116536854108,1789550116661077714,1789550116536854108.jpg
1789550116570174849,1789550116707819742,1789550116570174849.jpg
1789550116603512765,1789550116732746088,1789550116603512765.jpg
1789550116636815566,1789550116762184102,1789550116636815566.jpg
1789550116670147706,1789550116801010899,1789550116670147706.jpg
1789550116703462091,1789550116835124658,1789550116703462091.jpg
1789550116736800497,1789550116865590375,1789550116736800497.jpg
1789550116770105839,1789550116897118459,1789550116770105839.jpg
1789550116803422821,1789550116928988902,1789550116803422821.jpg
1789550116836750047,1789550116964911516,1789550116836750047.jpg
1789550116870067665,1789550116995065799,1789550116870067665.jpg
1789550116903388074,1789550117028980433,1789550116903388074.jpg
1789550116936709695,1789550117061916252,1789550116936709695.jpg
1789550116970032227,1789550117095056959,1789550116970032227.jpg
1789550117003354653,1789550117129043126,1789550117003354653.jpg
1789550117036675055,1789550117163863051,1789550117036675055.jpg
1789550117069998785,1789550117198167577,1789550117069998785.jpg
1789550117103327809,1789550117230840087,1789550117103327809.jpg
1789550117136645621,1789550117261890745,1789550117136645621.jpg
1789550117169962485,1789550117302523970,1789550117169962485.jpg
1789550117203283779,1789550117333785942,1789550117203283779.jpg
1789550117236603248,1789550117363139737,1789550117236603248.jpg
1789550117269932408,1789550117393831928,1789550117269932408.jpg
1789550117303248514,1789550117428392524,1789550117303248514.jpg
1789550117336567098,1789550117462076441,1789550117336567098.jpg
1789550117369887177,1789550117496156766,1789550117369887177.jpg
1789550117403211478,1789550117529394169,1789550117403211478.jpg
1789550117436531211,1789550117564745377,1789550117436531211.jpg
1789550117469853439,1789550117597402611,1789550117469853439.jpg
1789550117503174145,1789550117629645659,1789550117503174145.jpg
1789550117536500319,1789550117662858545,1789550117536500319.jpg
1789550117569816396,1789550117701392204,1789550117569816396.jpg
1789550117603140870,1789550117729614547,1789550117603140870.jpg
1789550117636462388,1789550117763136701,1789550117636462388.jpg
1789550117669781681,1789550117795955030,1789550117669781681.jpg
1789550117703101865,1789550117830912812,1789550117703101865.jpg
1789550117736428885,1789550117864999377,1789550117736428885.jpg
1789550117769748519,1789550117895997022,1789550117769748519.jpg
1789550117803068015,1789550117928805037,1789550117803068015.jpg
1789550117836390060,1789550117963062402,1789550117836390060.jpg
1789550117869706509,1789550117997565466,1789550117869706509.jpg
1789550117903029972,1789550118031469866,1789550117903029972.jpg
1789550117936362174,1789550118063156090,1789550117936362174.jpg
1789550117969673630,1789550118095608168,1789550117969673630.jpg
1789550118002998086,1789550118134029173,1789550118002998086.jpg
1789550118036314145,1789550118165247662,1789550118036314145.jpg
1789550118069666001,1789550118195871077,1789550118069666001.jpg
1789550118102959734,1789550118226714008,1789550118102959734.jpg
1789550118136281621,1789550118264797934,1789550118136281621.jpg
1789550118169609273,1789550118296264826,1789550118169609273.jpg
1789550118202924801,1789550118328549864,1789550118202924801.jpg
1789550118236242930,1789550118362389721,1789550118236242930.jpg
1789550118269563729,1789550118399195209,1789550118269563729.jpg
1789550118302886738,1789550118430665897,1789550118302886738.jpg
1789550118336207978,1789550118463426965,1789550118336207978.jpg
1789550118369530777,1789550118495570554,1789550118369530777.jpg
1789550118402851208,1789550118533078792,1789550118402851208.jpg
1789550118436314745,1789550118564121168,1789550118436314745.jpg
1789550118469491387,1789550118597999743,1789550118469491387.jpg
1789550118502813329,1789550118629330500,1789550118502813329.jpg
1789550118536134257,1789550118662558820,1789550118536134257.jpg
1789550118569454924,1789550118694434526,1789550118569454924.jpg
1789550118602778565,1789550118728939599,1789550118602778565.jpg
1789550118636098945,1789550118763047634,1789550118636098945.jpg
1789550118669423241,1789550118793495806,1789550118669423241.jpg
1789550118702742643,1789550118829950976,1789550118702742643.jpg
1789550118736067017,1789550118866082712,1789550118736067017.jpg
1789550118769386613,1789550118895249910,1789550118769386613.jpg
1789550118802711687,1789550118930376499,1789550118802711687.jpg
1789550118836026570,1789550118963058334,1789550118836026570.jpg
1789550118869349828,1789550118994620717,1789550118869349828.jpg
1789550118902670803,1789550119028860674,1789550118902670803.jpg
1789550118935989972,1789550119065108111,1789550118935989972.jpg
1789550118969313156,1789550119097334242,1789550118969313156.jpg
1789550119002645786,1789550119126731973,1789550119002645786.jpg
1789550119035952693,1789550119162009223,1789550119035952693.jpg
1789550119069285907,1789550119195976912,1789550119069285907.jpg
1789550119102596247,1789550119230875532,1789550119102596247.jpg
1789550119135914800,1789550119262814338,1789550119135914800.jpg
1789550119169239782,1789550119294211955,1789550119169239782.jpg
1789550119202558892,1789550119326986830,1789550119202558892.jpg
1789550119235878937,1789550119365358104,1789550119235878937.jpg
1789550119269200950,1789550119395488932,1789550119269200950.jpg
1789550119302533698,1789550119428498841,1789550119302533698.jpg
1789550119335843856,1789550119461607130,1789550119335843856.jpg
1789550119369163096,1789550119494285996,1789550119369163096.jpg
1789550119402486298,1789550119532455937,1789550119402486298.jpg
1789550119435807291,1789550119564513213,1789550119435807291.jpg
1789550119469129614,1789550119593877151,1789550119469129614.jpg
1789550119502461121,1789550119630753788,1789550119502461121.jpg
1789550119535770413,1789550119663266170,1789550119535770413.jpg
1789550119569096090,1789550119695538426,1789550119569096090.jpg
1789550119602417034,1789550119730021122,1789550119602417034.jpg
1789550119635735164,1789550119761931468,1789550119635735164.jpg
1789550119669058820,1789550119796282343,1789550119669058820.jpg
1789550119702377259,1789550119829064236,1789550119702377259.jpg
1789550119735704212,1789550119860968601,1789550119735704212.jpg
1789550119769018490,1789550119893639356,1789550119769018490.jpg
1789550119802341940,1789550119932542266,1789550119802341940.jpg
1789550119835676635,1789550119960538295,1789550119835676635.jpg
1789550119868983961,1789550119995523166,1789550119868983961.jpg
1789550119902305991,1789550120030667047,1789550119902305991.jpg
1789550119935623139,1789550120061724730,1789550119935623139.jpg
1789550119968946124,1789550120096623805,1789550119968946124.jpg
1789550120002263338,1789550120131248240,1789550120002263338.jpg
1789550120035587419,1789550120161179660,1789550120035587419.jpg
1789550120068910347,1789550120195206948,1789550120068910347.jpg
1789550120102232353,1789550120229729633,1789550120102232353.jpg
1789550120135550833,1789550120263953310,1789550120135550833.jpg
1789550120168873689,1789550120295548978,1789550120168873689.jpg
1789550120202193121,1789550120329353639,1789550120202193121.jpg
1789550120235516618,1789550120360770992,1789550120235516618.jpg
1789550120268834629,1789550120397550406,1789550120268834629.jpg
1789550120302157830,1789550120431116979,1789550120302157830.jpg
1789550120335479719,1789550120460248308,1789550120335479719.jpg
1789550120368802905,1789550120495472408,1789550120368802905.jpg
1789550120402122546,1789550120536607962,1789550120402122546.jpg
1789550120435442719,1789550120564992567,1789550120435442719.jpg
1789550120468768244,1789550120595638141,1789550120468768244.jpg
1789550120502086438,1789550120626951392,1789550120502086438.jpg
1789550120535406705,1789550120662090481,1789550120535406705.jpg
1789550120568731538,1789550120694610024,1789550120568731538.jpg
1789550120602048637,1789550120729416997,1789550120602048637.jpg
1789550120635367100,1789550120760641071,1789550120635367100.jpg
1789550120668689302,1789550120797307941,1789550120668689302.jpg
1789550120702009102,1789550120831483048,1789550120702009102.jpg
1789550120735329217,1789550120858775387,1789550120735329217.jpg
1789550120768655777,1789550120902560780,1789550120768655777.jpg
1789550120801975231,1789550120932208560,1789550120801975231.jpg
1789550120835301434,1789550120961070564,1789550120835301434.jpg
1789550120868618699,1789550120995713330,1789550120868618699.jpg
1789550120902003804,1789550121029212845,1789550120902003804.jpg
1789550120935257936,1789550121064554704,1789550120935257936.jpg
1789550120968578567,1789550121092966919,1789550120968578567.jpg
1789550121001900612,1789550121133589416,1789550121001900612.jpg
1789550121035220321,1789550121166513103,1789550121035220321.jpg
1789550121068553249,1789550121194470658,1789550121068553249.jpg
1789550121101867927,1789550121231031918,1789550121101867927.jpg
1789550121135184004,1789550121260749840,1789550121135184004.jpg
1789550121168506001,1789550121293829530,1789550121168506001.jpg
1789550121201825786,1789550121337552375,1789550121201825786.jpg
1789550121235152284,1789550121364866622,1789550121235152284.jpg
1789550121268479023,1789550121395352433,1789550121268479023.jpg
1789550121301792326,1789550121428561055,1789550121301792326.jpg
1789550121335110308,1789550121460630101,1789550121335110308.jpg
1789550121368431477,1789550121497710570,1789550121368431477.jpg
1789550121401751493,1789550121527298746,1789550121401751493.jpg
1789550121435073301,1789550121563805474,1789550121435073301.jpg
1789550121468395538,1789550121608945646,1789550121468395538.jpg
1789550121501713277,1789550121643333931,1789550121501713277.jpg
1789550121535037343,1789550121681513312,1789550121535037343.jpg
1789550121568357158,1789550121697675916,1789550121568357158.jpg
1789550121601683131,1789550121739059025,1789550121601683131.jpg
1789550121634999042,1789550121771326941,1789550121634999042.jpg
1789550121668339077,1789550121798176140,1789550121668339077.jpg
1789550121701641887,1789550121840792537,1789550121701641887.jpg
1789550121734974417,1789550121863352744,1789550121734974417.jpg
1789550121768287571,1789550121893171138,1789550121768287571.jpg
1789550121801608775,1789550121930136933,1789550121801608775.jpg
1789550121834926824,1789550121963272099,1789550121834926824.jpg
1789550121868251349,1789550121993997035,1789550121868251349.jpg
1789550121901571567,1789550122029511549,1789550121901571567.jpg
1789550121934890183,1789550122059725646,1789550121934890183.jpg
1789550121968212430,1789550122095915177,1789550121968212430.jpg
1789550122001533233,1789550122140160937,1789550122001533233.jpg
1789550122034852246,1789550122164203231,1789550122034852246.jpg
1789550122068172712,1789550122193925803,1789550122068172712.jpg
1789550122101495253,1789550122230917051,1789550122101495253.jpg
1789550122134816565,1789550122263159098,1789550122134816565.jpg
1789550122168137777,1789550122296315777,1789550122168137777.jpg
1789550122201457589,1789550122326672194,1789550122201457589.jpg
1789550122234782635,1789550122360472921,1789550122234782635.jpg
1789550122268101418,1789550122396496302,1789550122268101418.jpg
1789550122301425565,1789550122426840108,1789550122301425565.jpg
1789550122334747800,1789550122461709268,1789550122334747800.jpg
1789550122368061618,1789550122494572699,1789550122368061618.jpg
1789550122401386220,1789550122531012445,1789550122401386220.jpg
1789550122434705447,1789550122565610650,1789550122434705447.jpg
1789550122468031943,1789550122595080932,1789550122468031943.jpg
1789550122501343145,1789550122631801577,1789550122501343145.jpg
1789550122534668135,1789550122662033339,1789550122534668135.jpg
1789550122567993321,1789550122695916855,1789550122567993321.jpg
1789550122601314068,1789550122727839748,1789550122601314068.jpg
1789550122634631934,1789550122761007685,1789550122634631934.jpg
1789550122667960519,1789550122797069987,1789550122667960519.jpg
1789550122701271377,1789550122827807311,1789550122701271377.jpg
1789550122734594189,1789550122861812519,1789550122734594189.jpg
1789550122767913496,1789550122900432682,1789550122767913496.jpg
1789550122801239419,1789550122929015476,1789550122801239419.jpg
1789550122834558663,1789550122963706542,1789550122834558663.jpg
1789550122867882314,1789550122994624903,1789550122867882314.jpg
1789550122901202401,1789550123036001573,1789550122901202401.jpg
1789550122934519375,1789550123061808275,1789550122934519375.jpg
1789550122967844337,1789550123096140281,1789550122967844337.jpg
1789550123001160104,1789550123128575012,1789550123001160104.jpg
1789550123034486038,1789550123160089353,1789550123034486038.jpg
1789550123067808786,1789550123197086558,1789550123067808786.jpg
1789550123101125701,1789550123231829116,1789550123101125701.jpg
1789550123134447022,1789550123260999244,1789550123134447022.jpg
1789550123167802034,1789550123291963288,1789550123167802034.jpg
1789550123201086653,1789550123329779930,1789550123201086653.jpg
1789550123234406804,1789550123361442182,1789550123234406804.jpg
1789550123267729031,1789550123393848971,1789550123267729031.jpg
1789550123301048943,1789550123427154246,1789550123301048943.jpg
1789550123334372452,1789550123467787720,1789550123334372452.jpg
1789550123367688683,1789550123495178988,1789550123367688683.jpg
1789550123401014767,1789550123528281930,1789550123401014767.jpg
1789550123434330327,1789550123560005417,1789550123434330327.jpg
1789550123467651844,1789550123597647743,1789550123467651844.jpg
1789550123500975473,1789550123640157032,1789550123500975473.jpg
1789550123534297813,1789550123665513131,1789550123534297813.jpg
1789550123567616235,1789550123693021146,1789550123567616235.jpg
1789550123600944110,1789550123732550563,1789550123600944110.jpg
1789550123634258001,1789550123763169474,1789550123634258001.jpg
1789550123667598067,1789550123793592201,1789550123667598067.jpg
1789550123700905224,1789550123827501989,1789550123700905224.jpg
1789550123734223837,1789550123863372084,1789550123734223837.jpg
1789550123767541269,1789550123893886116,1789550123767541269.jpg
1789550123800869230,1789550123927192946,1789550123800869230.jpg
1789550123834186621,1789550123963919344,1789550123834186621.jpg
1789550123867500845,1789550123994568938,1789550123867500845.jpg
1789550123900824791,1789550124032128035,1789550123900824791.jpg
1789550123934143933,1789550124059805169,1789550123934143933.jpg
1789550123967467306,1789550124094276290,1789550123967467306.jpg
1789550124000792013,1789550124131797845,1789550124000792013.jpg
1789550124034117904,1789550124158616454,1789550124034117904.jpg
1789550124067427661,1789550124194944481,1789550124067427661.jpg
1789550124100749187,1789550124226105951,1789550124100749187.jpg
1789550124134068074,1789550124262238090,1789550124134068074.jpg
1789550124167390714,1789550124293183508,1789550124167390714.jpg
1789550124200710011,1789550124328118063,1789550124200710011.jpg
1789550124234030994,1789550124362212721,1789550124234030994.jpg
1789550124267351820,1789550124392532424,1789550124267351820.jpg
1789550124300672647,1789550124430166727,1789550124300672647.jpg
1789550124333994859,1789550124459454774,1789550124333994859.jpg
1789550124367318210,1789550124494386866,1789550124367318210.jpg
1789550124400634853,1789550124527457201,1789550124400634853.jpg
1789550124433955447,1789550124560193458,1789550124433955447.jpg
1789550124467276263,1789550124595568432,1789550124467276263.jpg
1789550124500596206,1789550124624516383,1789550124500596206.jpg
1789550124533918862,1789550124663141754,1789550124533918862.jpg
1789550124567238806,1789550124692612912,1789550124567238806.jpg
1789550124600560495,1789550124729703122,1789550124600560495.jpg
1789550124633878576,1789550124760153978,1789550124633878576.jpg
1789550124667200860,1789550124794132018,1789550124667200860.jpg
1789550124700521555,1789550124828699999,1789550124700521555.jpg
1789550124733844829,1789550124863450665,1789550124733844829.jpg
1789550124767161574,1789550124893423699,1789550124767161574.jpg
1789550124800488540,1789550124931962763,1789550124800488540.jpg
1789550124833816113,1789550124959186165,1789550124833816113.jpg
1789550124867134768,1789550124992576060,1789550124867134768.jpg
1789550124900447876,1789550125036162823,1789550124900447876.jpg
1789550124933773522,1789550125064306176,1789550124933773522.jpg
1789550124967092367,1789550125093251245,1789550124967092367.jpg
1789550125000411003,1789550125128292288,1789550125000411003.jpg
1789550125033731193,1789550125160698487,1789550125033731193.jpg
1789550125067050433,1789550125193303500,1789550125067050433.jpg
1789550125100371103,1789550125231526369,1789550125100371103.jpg
1789550125133690366,1789550125261624783,1789550125133690366.jpg
1789550125167013982,1789550125291515423,1789550125167013982.jpg
1789550125200335618,1789550125332406318,1789550125200335618.jpg
1789550125233660533,1789550125362617240,1789550125233660533.jpg
1789550125266987491,1789550125392362393,1789550125266987491.jpg
1789550125300297706,1789550125430867253,1789550125300297706.jpg
1789550125333618195,1789550125459546718,1789550125333618195.jpg
1789550125366944345,1789550125494664939,1789550125366944345.jpg
1789550125400257516,1789550125525264044,1789550125400257516.jpg
1789550125433581087,1789550125569629106,1789550125433581087.jpg
1789550125466900823,1789550125605720228,1789550125466900823.jpg
1789550125500223913,1789550125635551299,1789550125500223913.jpg
1789550125533551619,1789550125664256280,1789550125533551619.jpg
1789550125566865311,1789550125713177159,1789550125566865311.jpg
1789550125600198133,1789550125750183614,1789550125600198133.jpg
1789550125633517698,1789550125773454405,1789550125633517698.jpg
1789550125666825514,1789550125803259849,1789550125666825514.jpg
1789550125700146678,1789550125829988142,1789550125700146678.jpg
1789550125733475893,1789550125859969494,1789550125733475893.jpg
1789550125766800883,1789550125895774590,1789550125766800883.jpg
1789550125800114568,1789550125928505775,1789550125800114568.jpg
1789550125833431754,1789550125959227219,1789550125833431754.jpg
1789550125866749948,1789550125993835602,1789550125866749948.jpg
1789550125900071412,1789550126025986470,1789550125900071412.jpg
1789550125933392979,1789550126060283052,1789550125933392979.jpg
1789550125966712997,1789550126093411736,1789550125966712997.jpg
1789550126000030657,1789550126126226359,1789550126000030657.jpg
1789550126033353852,1789550126167781958,1789550126033353852.jpg
1789550126066672274,1789550126191623185,1789550126066672274.jpg
1789550126100003832,1789550126229562950,1789550126100003832.jpg
1789550126133318153,1789550126264561146,1789550126133318153.jpg
1789550126166633031,1789550126294276939,1789550126166633031.jpg
1789550126199960901,1789550126327671169,1789550126199960901.jpg
1789550126233283104,1789550126365922995,1789550126233283104.jpg
1789550126266600825,1789550126397579774,1789550126266600825.jpg
1789550126299937130,1789550126426888460,1789550126299937130.jpg
1789550126333243360,1789550126460841133,1789550126333243360.jpg
1789550126366564687,1789550126492308783,1789550126366564687.jpg
1789550126399882666,1789550126527486109,1789550126399882666.jpg
1789550126433204377,1789550126563604579,1789550126433204377.jpg
1789550126466535166,1789550126594394558,1789550126466535166.jpg
1789550126499842874,1789550126623609142,1789550126499842874.jpg
1789550126533165766,1789550126664739192,1789550126533165766.jpg
1789550126566483456,1789550126692730438,1789550126566483456.jpg
1789550126599814195,1789550126734752082,1789550126599814195.jpg
1789550126633134267,1789550126762513667,1789550126633134267.jpg
1789550126666489715,1789550126793541436,1789550126666489715.jpg
1789550126699769447,1789550126827315628,1789550126699769447.jpg
1789550126733084576,1789550126858984739,1789550126733084576.jpg
1789550126766408241,1789550126893042753,1789550126766408241.jpg
1789550126799728852,1789550126925761960,1789550126799728852.jpg
1789550126833047731,1789550126961769683,1789550126833047731.jpg
1789550126866373680,1789550126996069858,1789550126866373680.jpg
1789550126899696894,1789550127025958534,1789550126899696894.jpg
1789550126933045208,1789550127064265260,1789550126933045208.jpg
1789550126966330340,1789550127093653204,1789550126966330340.jpg
1789550126999651057,1789550127135728484,1789550126999651057.jpg
1789550127032976186,1789550127159504990,1789550127032976186.jpg
1789550127066293998,1789550127192463657,1789550127066293998.jpg
1789550127099614219,1789550127228504043,1789550127099614219.jpg
1789550127132933131,1789550127258013808,1789550127132933131.jpg
1789550127166256473,1789550127294142296,1789550127166256473.jpg
1789550127199582933,1789550127328022701,1789550127199582933.jpg
1789550127232893384,1789550127367728060,1789550127232893384.jpg
1789550127266218416,1789550127393911354,1789550127266218416.jpg
1789550127299545865,1789550127426477210,1789550127299545865.jpg
1789550127332858875,1789550127462583033,1789550127332858875.jpg
1789550127366185919,1789550127493856875,1789550127366185919.jpg
1789550127399503989,1789550127525180952,1789550127399503989.jpg
1789550127432843282,1789550127558569760,1789550127432843282.jpg
1789550127466137730,1789550127601334562,1789550127466137730.jpg
1789550127499470696,1789550127631446228,1789550127499470696.jpg
1789550127532786736,1789550127659499865,1789550127532786736.jpg
1789550127566109758,1789550127692373060,1789550127566109758.jpg
1789550127599425215,1789550127737512246,1789550127599425215.jpg
1789550127632742015,1789550127769491940,1789550127632742015.jpg
1789550127666064579,1789550127795132753,1789550127666064579.jpg
1789550127699385661,1789550127831320846,1789550127699385661.jpg
1789550127732703717,1789550127860723418,1789550127732703717.jpg
1789550127766032787,1789550127893903081,1789550127766032787.jpg
1789550127799343920,1789550127928399034,1789550127799343920.jpg
1789550127832667284,1789550127959515632,1789550127832667284.jpg
1789550127865987663,1789550127995952440,1789550127865987663.jpg
1789550127899314104,1789550128025923449,1789550127899314104.jpg
1789550127932631263,1789550128058345640,1789550127932631263.jpg
1789550127965949908,1789550128093710949,1789550127965949908.jpg
1789550127999268238,1789550128130263117,1789550127999268238.jpg
1789550128032589999,1789550128156631976,1789550128032589999.jpg
1789550128065918938,1789550128195797574,1789550128065918938.jpg
1789550128099230473,1789550128226136631,1789550128099230473.jpg
1789550128132554695,1789550128258257760,1789550128132554695.jpg
1789550128165871934,1789550128294965170,1789550128165871934.jpg
1789550128199192081,1789550128326625515,1789550128199192081.jpg
1789550128232517114,1789550128359732727,1789550128232517114.jpg
1789550128265834082,1789550128390230007,1789550128265834082.jpg
1789550128299154561,1789550128427885744,1789550128299154561.jpg
1789550128332482309,1789550128459348498,1789550128332482309.jpg
1789550128365792747,1789550128493881209,1789550128365792747.jpg
1789550128399115281,1789550128527163977,1789550128399115281.jpg
1789550128432441530,1789550128559678232,1789550128432441530.jpg
1789550128465757305,1789550128595660681,1789550128465757305.jpg
1789550128499077697,1789550128630719652,1789550128499077697.jpg
1789550128532400353,1789550128660208297,1789550128532400353.jpg
1789550128565720389,1789550128693366041,1789550128565720389.jpg
1789550128599039841,1789550128724022934,1789550128599039841.jpg
1789550128632363336,1789550128760577490,1789550128632363336.jpg
1789550128665677765,1789550128791271028,1789550128665677765.jpg
1789550128699000278,1789550128826638726,1789550128699000278.jpg
1789550128732320718,1789550128863755723,1789550128732320718.jpg
1789550128765638436,1789550128892160463,1789550128765638436.jpg
1789550128798961986,1789550128927994298,1789550128798961986.jpg
1789550128832281907,1789550128961410126,1789550128832281907.jpg
1789550128865599275,1789550128991221200,1789550128865599275.jpg
1789550128898924465,1789550129027846317,1789550128898924465.jpg
1789550128932244414,1789550129059343278,1789550128932244414.jpg
1789550128965565133,1789550129094615767,1789550128965565133.jpg
1789550128998882391,1789550129122578489,1789550128998882391.jpg
1789550129032202818,1789550129158269767,1789550129032202818.jpg
1789550129065534830,1789550129192733693,1789550129065534830.jpg
1789550129098844323,1789550129224516087,1789550129098844323.jpg
1789550129132165224,1789550129258624254,1789550129132165224.jpg
1789550129165486817,1789550129290530542,1789550129165486817.jpg
1789550129198806150,1789550129326650609,1789550129198806150.jpg
1789550129232128399,1789550129355415839,1789550129232128399.jpg
1789550129265446217,1789550129392196280,1789550129265446217.jpg
1789550129298769212,1789550129428969297,1789550129298769212.jpg
1789550129332088583,1789550129457837071,1789550129332088583.jpg
1789550129365408354,1789550129491701301,1789550129365408354.jpg
1789550129398729459,1789550129527897101,1789550129398729459.jpg
1789550129432048591,1789550129559207452,1789550129432048591.jpg
1789550129465369284,1789550129590881449,1789550129465369284.jpg
1789550129498690296,1789550129628255365,1789550129498690296.jpg
1789550129532010796,1789550129657990419,1789550129532010796.jpg
1789550129565329796,1789550129692921277,1789550129565329796.jpg
1789550129598652367,1789550129724873857,1789550129598652367.jpg
1789550129631974787,1789550129767617467,1789550129631974787.jpg
1789550129665292777,1789550129792212099,1789550129665292777.jpg
1789550129698612775,1789550129826322229,1789550129698612775.jpg
1789550129731932497,1789550129858095235,1789550129731932497.jpg
1789550129765254677,1789550129902244567,1789550129765254677.jpg
1789550129798575553,1789550129930580823,1789550129798575553.jpg
1789550129831897407,1789550129958867845,1789550129831897407.jpg
1789550129865224196,1789550129994663168,1789550129865224196.jpg
1789550129898538493,1789550130026930414,1789550129898538493.jpg
1789550129931859854,1789550130057017939,1789550129931859854.jpg
1789550129965182119,1789550130094056264,1789550129965182119.jpg
1789550129998496924,1789550130124777926,1789550129998496924.jpg
1789550130031817640,1789550130161732296,1789550130031817640.jpg
1789550130065139190,1789550130188947942,1789550130065139190.jpg
1789550130098459748,1789550130226831861,1789550130098459748.jpg
1789550130131780889,1789550130256624678,1789550130131780889.jpg
1789550130165098215,1789550130291231520,1789550130165098215.jpg
1789550130198419450,1789550130350763362,1789550130198419450.jpg
1789550130231750233,1789550130377963602,1789550130231750233.jpg
1789550130265066628,1789550130398975480,1789550130265066628.jpg
1789550130298387870,1789550130437431524,1789550130298387870.jpg
1789550130331720828,1789550130471809650,1789550130331720828.jpg
1789550130365028233,1789550130496719855,1789550130365028233.jpg
1789550130398350907,1789550130535925820,1789550130398350907.jpg
1789550130431669743,1789550130560983621,1789550130431669743.jpg
1789550130464984655,1789550130591929000,1789550130464984655.jpg
1789550130498304578,1789550130623171940,1789550130498304578.jpg
1789550130531624231,1789550130662666114,1789550130531624231.jpg
1789550130564949082,1789550130691849440,1789550130564949082.jpg
1789550130598267308,1789550130725362231,1789550130598267308.jpg
1789550130631586640,1789550130760023456,1789550130631586640.jpg
1789550130664905906,1789550130791769732,1789550130664905906.jpg
1789550130698228465,1789550130827506213,1789550130698228465.jpg
1789550130731546712,1789550130857390797,1789550130731546712.jpg
1789550130764872879,1789550130891451901,1789550130764872879.jpg
1789550130798190048,1789550130925651415,1789550130798190048.jpg
1789550130831509230,1789550130957557526,1789550130831509230.jpg
1789550130864832879,1789550130991280739,1789550130864832879.jpg
1789550130898148447,1789550131026305978,1789550130898148447.jpg
1789550130931469503,1789550131059462815,1789550130931469503.jpg
1789550130964790168,1789550131092305056,1789550130964790168.jpg
1789550130998110714,1789550131123725800,1789550130998110714.jpg
1789550131031432679,1789550131161720674,1789550131031432679.jpg
1789550131064751766,1789550131190867347,1789550131064751766.jpg
1789550131098079752,1789550131224128284,1789550131098079752.jpg
1789550131131391033,1789550131260688145,1789550131131391033.jpg
1789550131164714170,1789550131293687609,1789550131164714170.jpg
1789550131198032707,1789550131325763043,1789550131198032707.jpg
1789550131231352395,1789550131355628788,1789550131231352395.jpg
1789550131264671923,1789550131393872431,1789550131264671923.jpg
1789550131297994869,1789550131422316624,1789550131297994869.jpg
1789550131331313775,1789550131461116856,1789550131331313775.jpg
1789550131364634327,1789550131491358468,1789550131364634327.jpg
1789550131397953721,1789550131521186087,1789550131397953721.jpg
1789550131431276319,1789550131560580774,1789550131431276319.jpg
1789550131464594367,1789550131590992627,1789550131464594367.jpg
1789550131497914870,1789550131621823953,1789550131497914870.jpg
1789550131531235294,1789550131661465724,1789550131531235294.jpg
1789550131564552537,1789550131693499348,1789550131564552537.jpg
1789550131597880224,1789550131725529268,1789550131597880224.jpg
1789550131631202727,1789550131755932455,1789550131631202727.jpg
1789550131664517938,1789550131791729064,1789550131664517938.jpg
1789550131697843300,1789550131827113088,1789550131697843300.jpg
1789550131731154690,1789550131860135457,1789550131731154690.jpg
1789550131764480203,1789550131892437626,1789550131764480203.jpg
1789550131797805044,1789550131922812076,1789550131797805044.jpg
1789550131831118788,1789550131958956629,1789550131831118788.jpg
1789550131864438178,1789550131993565403,1789550131864438178.jpg
1789550131897758469,1789550132027441363,1789550131897758469.jpg
1789550131931080432,1789550132063699650,1789550131931080432.jpg
1789550131964404998,1789550132092084084,1789550131964404998.jpg
1789550131997725145,1789550132130904613,1789550131997725145.jpg
1789550132031039654,1789550132162455872,1789550132031039654.jpg
1789550132064361903,1789550132191862492,1789550132064361903.jpg
1789550132097689340,1789550132223291746,1789550132097689340.jpg
1789550132131001739,1789550132259138059,1789550132131001739.jpg
1789550132164321620,1789550132292697305,1789550132164321620.jpg
1789550132197646986,1789550132321477492,1789550132197646986.jpg
1789550132230962584,1789550132365678570,1789550132230962584.jpg
1789550132264299564,1789550132393632310,1789550132264299564.jpg
1789550132297605403,1789550132423535895,1789550132297605403.jpg
1789550132330925223,1789550132461148073,1789550132330925223.jpg
1789550132364244920,1789550132488871282,1789550132364244920.jpg
1789550132397563002,1789550132526427559,1789550132397563002.jpg
1789550132430881414,1789550132557122114,1789550132430881414.jpg
1789550132464204797,1789550132594247345,1789550132464204797.jpg
1789550132497525459,1789550132624745995,1789550132497525459.jpg
1789550132530847795,1789550132661511376,1789550132530847795.jpg
1789550132564175800,1789550132690588476,1789550132564175800.jpg
1789550132597493110,1789550132723669329,1789550132597493110.jpg
1789550132630804651,1789550132758184786,1789550132630804651.jpg
1789550132664125398,1789550132794699990,1789550132664125398.jpg
1789550132697447437,1789550132822757256,1789550132697447437.jpg
1789550132730772850,1789550132857461341,1789550132730772850.jpg
1789550132764099624,1789550132888187282,1789550132764099624.jpg
1789550132797406694,1789550132927489314,1789550132797406694.jpg
1789550132830727644,1789550132962803722,1789550132830727644.jpg
1789550132864048051,1789550132990549299,1789550132864048051.jpg
1789550132897374117,1789550133023244380,1789550132897374117.jpg
1789550132930688599,1789550133055362125,1789550132930688599.jpg
1789550132964007704,1789550133091666099,1789550132964007704.jpg
1789550132997327778,1789550133124503580,1789550132997327778.jpg
1789550133030658448,1789550133156130526,1789550133030658448.jpg
1789550133063968870,1789550133191211911,1789550133063968870.jpg
1789550133097291214,1789550133228897531,1789550133097291214.jpg
1789550133130615228,1789550133257258277,1789550133130615228.jpg
1789550133163946913,1789550133292239747,1789550133163946913.jpg
1789550133197250872,1789550133323962868,1789550133197250872.jpg
1789550133230570958,1789550133358834572,1789550133230570958.jpg
1789550133263888714,1789550133391909601,1789550133263888714.jpg
1789550133297210303,1789550133421196931,1789550133297210303.jpg
1789550133330531615,1789550133463919558,1789550133330531615.jpg
1789550133363847935,1789550133495142512,1789550133363847935.jpg
1789550133397182544,1789550133523677202,1789550133397182544.jpg
1789550133430494251,1789550133557282321,1789550133430494251.jpg
1789550133463808836,1789550133590242456,1789550133463808836.jpg
1789550133497131450,1789550133628759504,1789550133497131450.jpg
1789550133530451853,1789550133655048753,1789550133530451853.jpg
1789550133563772563,1789550133692151251,1789550133563772563.jpg
1789550133597091119,1789550133722890257,1789550133597091119.jpg
1789550133630412745,1789550133756282141,1789550133630412745.jpg
1789550133663742332,1789550133792612964,1789550133663742332.jpg
1789550133697053027,1789550133823204930,1789550133697053027.jpg
1789550133730374119,1789550133857698823,1789550133730374119.jpg
1789550133763695579,1789550133887292953,1789550133763695579.jpg
1789550133797014248,1789550133924663534,1789550133797014248.jpg
1789550133830343958,1789550133956044544,1789550133830343958.jpg
1789550133863653222,1789550133993617139,1789550133863653222.jpg
1789550133896979360,1789550134027710666,1789550133896979360.jpg
1789550133930299209,1789550134056215003,1789550133930299209.jpg
1789550133963616472,1789550134092424439,1789550133963616472.jpg
1789550133996938551,1789550134121591629,1789550133996938551.jpg
1789550134030254490,1789550134158764941,1789550134030254490.jpg
1789550134063574531,1789550134189867789,1789550134063574531.jpg
1789550134096899163,1789550134221930051,1789550134096899163.jpg
1789550134130215544,1789550134257691314,1789550134130215544.jpg
1789550134163542394,1789550134291924708,1789550134163542394.jpg
1789550134196855133,1789550134323940567,1789550134196855133.jpg
1789550134230175365,1789550134358401121,1789550134230175365.jpg
1789550134263497061,1789550134389049241,1789550134263497061.jpg
1789550134296814391,1789550134425985079,1789550134296814391.jpg
1789550134330136320,1789550134454064425,1789550134330136320.jpg
1789550134363455877,1789550134490793601,1789550134363455877.jpg
1789550134396782369,1789550134523946242,1789550134396782369.jpg
1789550134430094854,1789550134558904445,1789550134430094854.jpg
1789550134463472654,1789550134599672382,1789550134463472654.jpg
1789550134496738135,1789550134628472853,1789550134496738135.jpg
1789550134530059234,1789550134656619432,1789550134530059234.jpg
1789550134563377534,1789550134693040512,1789550134563377534.jpg
1789550134596702578,1789550134724558037,1789550134596702578.jpg
1789550134630021553,1789550134757065009,1789550134630021553.jpg
1789550134663337443,1789550134790751777,1789550134663337443.jpg
1789550134696661244,1789550134824907587,1789550134696661244.jpg
1789550134729978164,1789550134859218583,1789550134729978164.jpg
1789550134763296442,1789550134888108266,1789550134763296442.jpg
1789550134796618699,1789550134927017018,1789550134796618699.jpg
1789550134829946701,1789550134954033629,1789550134829946701.jpg
1789550134863257870,1789550134992637950,1789550134863257870.jpg
1789550134896578939,1789550135023872175,1789550134896578939.jpg
1789550134929896998,1789550135056085783,1789550134929896998.jpg
1789550134963223236,1789550135093132542,1789550134963223236.jpg
1789550134996546122,1789550135120235585,1789550134996546122.jpg
1789550135029858170,1789550135158525652,1789550135029858170.jpg
1789550135063181090,1789550135188966511,1789550135063181090.jpg
1789550135096499472,1789550135222133848,1789550135096499472.jpg
1789550135129819856,1789550135256775058,1789550135129819856.jpg
1789550135163142362,1789550135289969243,1789550135163142362.jpg
1789550135196460524,1789550135326588587,1789550135196460524.jpg
1789550135229778656,1789550135353702703,1789550135229778656.jpg
1789550135263099586,1789550135391101794,1789550135263099586.jpg
1789550135296421698,1789550135422859859,1789550135296421698.jpg
1789550135329741519,1789550135456972110,1789550135329741519.jpg
1789550135363064250,1789550135489707271,1789550135363064250.jpg
1789550135396380695,1789550135524394736,1789550135396380695.jpg
1789550135429703077,1789550135557315544,1789550135429703077.jpg
1789550135463025565,1789550135590199744,1789550135463025565.jpg
1789550135496340916,1789550135626010603,1789550135496340916.jpg
1789550135529660059,1789550135653317328,1789550135529660059.jpg
1789550135562981515,1789550135695830113,1789550135562981515.jpg
1789550135596305386,1789550135723209366,1789550135596305386.jpg
1789550135629623293,1789550135756751346,1789550135629623293.jpg
1789550135662941203,1789550135789420978,1789550135662941203.jpg
1789550135696261746,1789550135825950683,1789550135696261746.jpg
1789550135729581134,1789550135857029880,1789550135729581134.jpg
1789550135762902890,1789550135888919857,1789550135762902890.jpg
1789550135796223692,1789550135924484317,1789550135796223692.jpg
1789550135829542531,1789550135954628673,1789550135829542531.jpg
1789550135862862610,1789550135992668693,1789550135862862610.jpg
1789550135896187531,1789550136022189157,1789550135896187531.jpg
1789550135929502911,1789550136056513432,1789550135929502911.jpg
1789550135962826722,1789550136090107677,1789550135962826722.jpg
1789550135996143386,1789550136124672795,1789550135996143386.jpg
1789550136029462614,1789550136155524567,1789550136029462614.jpg
1789550136062786814,1789550136192322511,1789550136062786814.jpg
1789550136096101988,1789550136219941753,1789550136096101988.jpg
1789550136129420853,1789550136261503760,1789550136129420853.jpg
1789550136162742251,1789550136288939986,1789550136162742251.jpg
1789550136196063845,1789550136327443795,1789550136196063845.jpg
1789550136229384297,1789550136353901704,1789550136229384297.jpg
1789550136262708597,1789550136411575437,1789550136262708597.jpg
1789550136296023407,1789550136426871569,1789550136296023407.jpg
1789550136329364284,1789550136472337252,1789550136329364284.jpg
1789550136362667610,1789550136503955421,1789550136362667610.jpg
1789550136395986247,1789550136544102307,1789550136395986247.jpg
1789550136429305881,1789550136566671296,1789550136429305881.jpg
1789550136462636970,1789550136595509422,1789550136462636970.jpg
1789550136495956872,1789550136627184750,1789550136495956872.jpg
1789550136529288257,1789550136664910943,1789550136529288257.jpg
1789550136562586198,1789550136689986246,1789550136562586198.jpg
1789550136595905300,1789550136726001277,1789550136595905300.jpg
1789550136629224892,1789550136756522882,1789550136629224892.jpg
1789550136662544454,1789550136791120015,1789550136662544454.jpg
1789550136695866139,1789550136822994303,1789550136695866139.jpg
1789550136729185446,1789550136857916863,1789550136729185446.jpg
1789550136762506813,1789550136889372494,1789550136762506813.jpg
1789550136795825184,1789550136923006789,1789550136795825184.jpg
1789550136829144987,1789550136955752184,1789550136829144987.jpg
1789550136862474321,1789550136991994412,1789550136862474321.jpg
1789550136895789957,1789550137020281567,1789550136895789957.jpg
1789550136929105160,1789550137057696137,1789550136929105160.jpg
1789550136962426864,1789550137085928216,1789550136962426864.jpg
1789550136995749575,1789550137124853302,1789550136995749575.jpg
1789550137029064472,1789550137157770857,1789550137029064472.jpg
1789550137062385918,1789550137188542985,1789550137062385918.jpg
1789550137095706443,1789550137222913377,1789550137095706443.jpg
1789550137129024369,1789550137254889167,1789550137129024369.jpg
1789550137162341510,1789550137290428298,1789550137162341510.jpg
1789550137195669781,1789550137322008484,1789550137195669781.jpg
1789550137228983940,1789550137353876008,1789550137228983940.jpg
1789550137262304515,1789550137392400917,1789550137262304515.jpg
1789550137295634615,1789550137419853639,1789550137295634615.jpg
1789550137328947126,1789550137455957559,1789550137328947126.jpg
1789550137362266992,1789550137490988229,1789550137362266992.jpg
1789550137395593589,1789550137523075025,1789550137395593589.jpg
1789550137428903860,1789550137555432068,1789550137428903860.jpg
1789550137462229274,1789550137589944574,1789550137462229274.jpg
1789550137495544190,1789550137620172874,1789550137495544190.jpg
1789550137528866157,1789550137660456826,1789550137528866157.jpg
1789550137562187308,1789550137690604043,1789550137562187308.jpg
1789550137595505554,1789550137721110053,1789550137595505554.jpg
1789550137628825589,1789550137761998382,1789550137628825589.jpg
1789550137662144592,1789550137792140877,1789550137662144592.jpg
1789550137695468005,1789550137821112874,1789550137695468005.jpg
1789550137728784573,1789550137854124640,1789550137728784573.jpg
1789550137762105385,1789550137897967879,1789550137762105385.jpg
1789550137795442846,1789550137928866122,1789550137795442846.jpg
1789550137828753286,1789550137957561039,1789550137828753286.jpg
1789550137862069284,1789550137988000001,1789550137862069284.jpg
1789550137895385570,1789550138023452849,1789550137895385570.jpg
1789550137928712175,1789550138066655980,1789550137928712175.jpg
1789550137962026543,1789550138090541455,1789550137962026543.jpg
1789550137995348611,1789550138120513707,1789550137995348611.jpg
1789550138028665081,1789550138154485119,1789550138028665081.jpg
1789550138061985367,1789550138196326644,1789550138061985367.jpg
1789550138095312782,1789550138223671655,1789550138095312782.jpg
1789550138128624786,1789550138258269960,1789550138128624786.jpg
1789550138161947928,1789550138291226635,1789550138161947928.jpg
1789550138195264668,1789550138328124180,1789550138195264668.jpg
1789550138228589208,1789550138357481205,1789550138228589208.jpg
1789550138261915025,1789550138390484597,1789550138261915025.jpg
1789550138295224193,1789550138419249021,1789550138295224193.jpg
1789550138328544713,1789550138463604004,1789550138328544713.jpg
1789550138361879765,1789550138491471530,1789550138361879765.jpg
1789550138395191460,1789550138520626948,1789550138395191460.jpg
1789550138428526735,1789550138557240692,1789550138428526735.jpg
1789550138461822978,1789550138590802891,1789550138461822978.jpg
1789550138495149893,1789550138623317875,1789550138495149893.jpg
1789550138528473035,1789550138652618536,1789550138528473035.jpg
1789550138561783834,1789550138692153581,1789550138561783834.jpg
1789550138595107633,1789550138721026919,1789550138595107633.jpg
1789550138628426746,1789550138756749727,1789550138628426746.jpg
1789550138661744133,1789550138795034097,1789550138661744133.jpg
1789550138695071081,1789550138826799147,1789550138695071081.jpg
1789550138728431886,1789550138859355793,1789550138728431886.jpg
1789550138761707353,1789550138890744589,1789550138761707353.jpg
1789550138795028538,1789550138920744985,1789550138795028538.jpg
1789550138828344035,1789550138958765830,1789550138828344035.jpg
1789550138861674058,1789550138984830504,1789550138861674058.jpg
1789550138894984726,1789550139022527316,1789550138894984726.jpg
1789550138928304760,1789550139056249232,1789550138928304760.jpg
1789550138961625275,1789550139086250201,1789550138961625275.jpg
1789550138994948078,1789550139122612707,1789550138994948078.jpg
1789550139028265818,1789550139156028011,1789550139028265818.jpg
1789550139061583054,1789550139188174291,1789550139061583054.jpg
1789550139094904901,1789550139220874990,1789550139094904901.jpg
1789550139128221737,1789550139254207840,1789550139128221737.jpg
1789550139161548543,1789550139291377274,1789550139161548543.jpg
1789550139194867417,1789550139320001250,1789550139194867417.jpg
1789550139228181345,1789550139355283064,1789550139228181345.jpg
1789550139261503970,1789550139385873817,1789550139261503970.jpg
1789550139294824275,1789550139423961795,1789550139294824275.jpg
1789550139328142578,1789550139453815020,1789550139328142578.jpg
1789550139361460808,1789550139490547096,1789550139361460808.jpg
1789550139394782302,1789550139520223231,1789550139394782302.jpg
1789550139428103066,1789550139558360091,1789550139428103066.jpg
1789550139461421036,1789550139591258139,1789550139461421036.jpg
1789550139494741087,1789550139620684894,1789550139494741087.jpg
1789550139528061540,1789550139655770342,1789550139528061540.jpg
1789550139561383621,1789550139691446278,1789550139561383621.jpg
1789550139594704878,1789550139719778287,1789550139594704878.jpg
1789550139628019778,1789550139755571191,1789550139628019778.jpg
1789550139661342266,1789550139790963530,1789550139661342266.jpg
1789550139694661311,1789550139818889900,1789550139694661311.jpg
1789550139727981132,1789550139856140435,1789550139727981132.jpg
1789550139761323907,1789550139885872286,1789550139761323907.jpg
1789550139794621818,1789550139921658284,1789550139794621818.jpg
1789550139827942053,1789550139960268831,1789550139827942053.jpg
1789550139861260938,1789550139989589877,1789550139861260938.jpg
1789550139894584645,1789550140021879573,1789550139894584645.jpg
1789550139927902135,1789550140053205333,1789550139927902135.jpg
1789550139961221056,1789550140087823384,1789550139961221056.jpg
1789550139994544410,1789550140126820324,1789550139994544410.jpg
1789550140027860509,1789550140156264854,1789550140027860509.jpg
1789550140061181839,1789550140186770245,1789550140061181839.jpg
1789550140094505765,1789550140219777868,1789550140094505765.jpg
1789550140127820188,1789550140254098250,1789550140127820188.jpg
1789550140161141313,1789550140292135670,1789550140161141313.jpg
1789550140194459206,1789550140318158257,1789550140194459206.jpg
1789550140227806935,1789550140356474312,1789550140227806935.jpg
1789550140261104444,1789550140393759207,1789550140261104444.jpg
1789550140294419584,1789550140423349461,1789550140294419584.jpg
1789550140327744854,1789550140452384131,1789550140327744854.jpg
1789550140361060876,1789550140487415505,1789550140361060876.jpg
1789550140394380137,1789550140520566816,1789550140394380137.jpg
1789550140427699956,1789550140555146131,1789550140427699956.jpg
1789550140461019295,1789550140586385123,1789550140461019295.jpg
1789550140494344924,1789550140621767494,1789550140494344924.jpg
1789550140527657692,1789550140655692809,1789550140527657692.jpg
1789550140560980595,1789550140688797477,1789550140560980595.jpg
1789550140594300483,1789550140718389120,1789550140594300483.jpg
1789550140627618163,1789550140755200828,1789550140627618163.jpg
1789550140660944545,1789550140786831739,1789550140660944545.jpg
1789550140694259317,1789550140823885253,1789550140694259317.jpg
1789550140727577561,1789550140858420961,1789550140727577561.jpg
1789550140760898916,1789550140888062117,1789550140760898916.jpg
1789550140794219524,1789550140922044333,1789550140794219524.jpg
1789550140827541458,1789550140956820755,1789550140827541458.jpg
1789550140860858655,1789550140990754495,1789550140860858655.jpg
1789550140894179632,1789550141021207565,1789550140894179632.jpg
1789550140927499721,1789550141053571222,1789550140927499721.jpg
1789550140960824243,1789550141092859437,1789550140960824243.jpg
1789550140994138305,1789550141119444998,1789550140994138305.jpg
1789550141027457094,1789550141155336603,1789550141027457094.jpg
1789550141060782710,1789550141190043473,1789550141060782710.jpg
1789550141094097520,1789550141222194451,1789550141094097520.jpg
1789550141127419079,1789550141254673854,1789550141127419079.jpg
1789550141160739862,1789550141286774690,1789550141160739862.jpg
1789550141194056738,1789550141322147650,1789550141194056738.jpg
1789550141227377381,1789550141354208546,1789550141227377381.jpg
1789550141260695382,1789550141389118467,1789550141260695382.jpg
1789550141294021905,1789550141424012593,1789550141294021905.jpg
1789550141327334677,1789550141456002386,1789550141327334677.jpg
1789550141360654747,1789550141490186075,1789550141360654747.jpg
1789550141393975779,1789550141518572485,1789550141393975779.jpg
1789550141427294840,1789550141555234964,1789550141427294840.jpg
1789550141460617845,1789550141587170393,1789550141460617845.jpg
1789550141493933983,1789550141623348076,1789550141493933983.jpg
1789550141527253129,1789550141652889186,1789550141527253129.jpg
1789550141560573038,1789550141689764734,1789550141560573038.jpg
1789550141593893782,1789550141721557086,1789550141593893782.jpg
1789550141627215822,1789550141758032809,1789550141627215822.jpg
1789550141660532881,1789550141791358430,1789550141660532881.jpg
1789550141693855336,1789550141819191014,1789550141693855336.jpg
1789550141727175708,1789550141855429542,1789550141727175708.jpg
1789550141760492569,1789550141885544883,1789550141760492569.jpg
1789550141793816412,1789550141924899590,1789550141793816412.jpg
1789550141827137193,1789550141957159538,1789550141827137193.jpg
1789550141860454383,1789550141990543707,1789550141860454383.jpg
1789550141893772941,1789550142021727470,1789550141893772941.jpg
1789550141927092849,1789550142055483835,1789550141927092849.jpg
1789550141960414067,1789550142089638246,1789550141960414067.jpg
1789550141993733048,1789550142126943221,1789550141993733048.jpg
1789550142027055914,1789550142153907332,1789550142027055914.jpg
1789550142060374136,1789550142187408375,1789550142060374136.jpg
1789550142093692387,1789550142222150626,1789550142093692387.jpg
1789550142127011221,1789550142253471124,1789550142127011221.jpg
1789550142160330399,1789550142295229288,1789550142160330399.jpg
1789550142193654301,1789550142326136612,1789550142193654301.jpg
1789550142226970306,1789550142352028328,1789550142226970306.jpg
1789550142260292920,1789550142390296192,1789550142260292920.jpg
1789550142293609554,1789550142422050102,1789550142293609554.jpg
1789550142326929316,1789550142454379465,1789550142326929316.jpg
1789550142360253427,1789550142486969039,1789550142360253427.jpg
1789550142393569585,1789550142522296093,1789550142393569585.jpg
1789550142426890475,1789550142553362621,1789550142426890475.jpg
1789550142460210199,1789550142589549465,1789550142460210199.jpg
1789550142493528712,1789550142620266365,1789550142493528712.jpg
1789550142526850656,1789550142660727420,1789550142526850656.jpg
1789550142560167068,1789550142688286889,1789550142560167068.jpg
1789550142593491155,1789550142723017271,1789550142593491155.jpg
1789550142626810201,1789550142752695533,1789550142626810201.jpg
1789550142660126326,1789550142792175904,1789550142660126326.jpg
1789550142693450804,1789550142819504825,1789550142693450804.jpg
1789550142726767725,1789550142854246410,1789550142726767725.jpg
1789550142760088395,1789550142886672910,1789550142760088395.jpg
1789550142793409688,1789550142922968723,1789550142793409688.jpg
1789550142826725612,1789550142953833607,1789550142826725612.jpg
1789550142860048404,1789550142988992366,1789550142860048404.jpg
1789550142893366340,1789550143019136508,1789550142893366340.jpg
1789550142926689067,1789550143056280515,1789550142926689067.jpg
1789550142960007933,1789550143085535862,1789550142960007933.jpg
1789550142993327124,1789550143125905255,1789550142993327124.jpg
1789550143026657205,1789550143151738092,1789550143026657205.jpg
1789550143059967133,1789550143188174959,1789550143059967133.jpg
1789550143093285270,1789550143220783677,1789550143093285270.jpg
1789550143126605894,1789550143254150955,1789550143126605894.jpg
1789550143159927455,1789550143285457084,1789550143159927455.jpg
1789550143193245739,1789550143322507898,1789550143193245739.jpg
1789550143226563250,1789550143356826269,1789550143226563250.jpg
1789550143259887836,1789550143387626753,1789550143259887836.jpg
1789550143293203670,1789550143429270775,1789550143293203670.jpg
1789550143326531701,1789550143470613832,1789550143326531701.jpg
1789550143359850014,1789550143493976919,1789550143359850014.jpg
1789550143393169808,1789550143525040020,1789550143393169808.jpg
1789550143426494540,1789550143558315161,1789550143426494540.jpg
1789550143459809464,1789550143592703117,1789550143459809464.jpg
1789550143493134913,1789550143624473858,1789550143493134913.jpg
1789550143526446743,1789550143661141143,1789550143526446743.jpg
1789550143559766268,1789550143696657005,1789550143559766268.jpg
1789550143593088643,1789550143728230621,1789550143593088643.jpg
1789550143626404426,1789550143761793599,1789550143626404426.jpg
1789550143659720178,1789550143795149138,1789550143659720178.jpg
1789550143693055229,1789550143828785218,1789550143693055229.jpg
1789550143726369575,1789550143857913766,1789550143726369575.jpg
1789550143759683933,1789550143889796272,1789550143759683933.jpg
1789550143793005016,1789550143920260739,1789550143793005016.jpg
1789550143826322946,1789550143957769407,1789550143826322946.jpg
1789550143859637994,1789550143989204336,1789550143859637994.jpg
1789550143892963263,1789550144019879712,1789550143892963263.jpg
1789550143926279114,1789550144058874833,1789550143926279114.jpg
1789550143959598212,1789550144087322702,1789550143959598212.jpg
1789550143992917568,1789550144122856560,1789550143992917568.jpg
1789550144026240643,1789550144152156422,1789550144026240643.jpg
1789550144059557394,1789550144189093116,1789550144059557394.jpg
1789550144092879414,1789550144219252749,1789550144092879414.jpg
1789550144126196426,1789550144254333159,1789550144126196426.jpg
1789550144159516118,1789550144288972140,1789550144159516118.jpg
1789550144192837081,1789550144318368676,1789550144192837081.jpg
1789550144226161223,1789550144358580007,1789550144226161223.jpg
1789550144259478438,1789550144388469930,1789550144259478438.jpg
1789550144292794551,1789550144419254564,1789550144292794551.jpg
1789550144326125528,1789550144454818677,1789550144326125528.jpg
1789550144359434681,1789550144490612967,1789550144359434681.jpg
1789550144392753597,1789550144521988162,1789550144392753597.jpg
1789550144426074536,1789550144552567838,1789550144426074536.jpg
1789550144459394326,1789550144586966680,1789550144459394326.jpg
1789550144492716991,1789550144619961167,1789550144492716991.jpg
1789550144526034959,1789550144655409072,1789550144526034959.jpg
1789550144559354112,1789550144686042464,1789550144559354112.jpg
1789550144592672620,1789550144720463914,1789550144592672620.jpg
1789550144625992543,1789550144752511456,1789550144625992543.jpg
1789550144659314416,1789550144792051976,1789550144659314416.jpg
1789550144692630107,1789550144822250548,1789550144692630107.jpg
1789550144725951794,1789550144853436561,1789550144725951794.jpg
1789550144759271406,1789550144890063958,1789550144759271406.jpg
1789550144792591866,1789550144922309403,1789550144792591866.jpg
1789550144825911722,1789550144953690726,1789550144825911722.jpg
1789550144859232393,1789550144986430225,1789550144859232393.jpg
1789550144892550202,1789550145019792492,1789550144892550202.jpg
1789550144925869377,1789550145070937334,1789550144925869377.jpg
1789550144959192472,1789550145088854550,1789550144959192472.jpg
1789550144992510358,1789550145117610774,1789550144992510358.jpg
1789550145025828680,1789550145154286496,1789550145025828680.jpg
1789550145059155179,1789550145187563893,1789550145059155179.jpg
1789550145092468436,1789550145220234696,1789550145092468436.jpg
1789550145125789526,1789550145255623865,1789550145125789526.jpg
1789550145160793716,1789550145287835665,1789550145160793716.jpg
1789550145198531589,1789550145331075581,1789550145198531589.jpg
1789550145239053119,1789550145368170328,1789550145239053119.jpg
1789550145281973614,1789550145413240030,1789550145281973614.jpg
1789550145326463621,1789550145459540013,1789550145326463621.jpg
1789550145372274509,1789550145502351220,1789550145372274509.jpg
1789550145418823778,1789550145547912160,1789550145418823778.jpg
1789550145466244886,1789550145595632774,1789550145466244886.jpg
1789550145514266912,1789550145643330890,1789550145514266912.jpg
1789550145562800231,1789550145693517307,1789550145562800231.jpg
1789550145611956541,1789550145741543847,1789550145611956541.jpg
1789550145661682288,1789550145794259153,1789550145661682288.jpg
1789550145711936187,1789550145842288193,1789550145711936187.jpg
1789550145762738058,1789550145891556569,1789550145762738058.jpg
1789550145814206553,1789550145944204809,1789550145814206553.jpg
1789550145866418916,1789550145998241812,1789550145866418916.jpg
1789550145919339476,1789550146051099410,1789550145919339476.jpg
1789550145972988061,1789550146105467418,1789550145972988061.jpg
1789550146028822532,1789550146158018047,1789550146028822532.jpg
1789550146088891761,1789550146217605459,1789550146088891761.jpg
1789550146148983252,1789550146279436496,1789550146148983252.jpg
1789550146209009219,1789550146339968815,1789550146209009219.jpg
1789550146269076961,1789550146401945612,1789550146269076961.jpg
1789550146329134061,1789550146459032263,1789550146329134061.jpg
1789550146389225665,1789550146520018918,1789550146389225665.jpg
1789550146449261052,1789550146580432788,1789550146449261052.jpg
1789550146509321462,1789550146645007021,1789550146509321462.jpg
1789550146569389418,1789550146700965175,1789550146569389418.jpg
1789550146629487128,1789550146765622638,1789550146629487128.jpg
1789550146689514933,1789550146825984607,1789550146689514933.jpg
1789550146749569807,1789550146882036880,1789550146749569807.jpg
1789550146809631141,1789550146940305373,1789550146809631141.jpg
1789550146869712982,1789550147002436541,1789550146869712982.jpg
1789550146929755799,1789550147063423850,1789550146929755799.jpg
1789550146989820852,1789550147122477960,1789550146989820852.jpg
1789550147049880658,1789550147182031528,1789550147049880658.jpg
1789550147109945993,1789550147242119312,1789550147109945993.jpg
1789550147170290983,1789550147303877046,1789550147170290983.jpg
1789550147231694024,1789550147363467240,1789550147231694024.jpg
1789550147294219479,1789550147426050803,1789550147294219479.jpg
1789550147357758613,1789550147487827239,1789550147357758613.jpg
1789550147422221300,1789550147553414057,1789550147422221300.jpg
1789550147487423369,1789550147620843991,1789550147487423369.jpg
1789550147553405453,1789550147683400427,1789550147553405453.jpg
1789550147620113623,1789550147752620168,1789550147620113623.jpg
1789550147686829281,1789550147818131884,1789550147686829281.jpg
1789550147753548874,1789550147885605368,1789550147753548874.jpg
1789550147820262306,1789550147952822827,1789550147820262306.jpg
1789550147884548810,1789550148019084022,1789550147884548810.jpg
1789550147945472153,1789550148076459597,1789550147945472153.jpg
1789550148005528009,1789550148134912561,1789550148005528009.jpg
1789550148065599259,1789550148198527135,1789550148065599259.jpg
1789550148125655368,1789550148254913530,1789550148125655368.jpg
1789550148185731678,1789550148314792437,1789550148185731678.jpg
1789550148245788913,1789550148376371734,1789550148245788913.jpg
1789550148305842403,1789550148437154570,1789550148305842403.jpg
1789550148365901377,1789550148497610667,1789550148365901377.jpg
1789550148425964861,1789550148558105075,1789550148425964861.jpg
1789550148486023723,1789550148621809268,1789550148486023723.jpg
1789550148546087333,1789550148675095087,1789550148546087333.jpg
1789550148606162342,1789550148737168325,1789550148606162342.jpg
1789550148666210809,1789550148798334690,1789550148666210809.jpg
1789550148723098560,1789550148858933752,1789550148723098560.jpg
1789550148756422477,1789550148892689279,1789550148756422477.jpg
1789550148789738535,1789550148922621428,1789550148789738535.jpg
1789550148823064812,1789550148954846545,1789550148823064812.jpg
1789550148856375422,1789550148985443096,1789550148856375422.jpg
1789550148889697451,1789550149018615465,1789550148889697451.jpg
1789550148923015348,1789550149055608182,1789550148923015348.jpg
1789550148956333536,1789550149089118944,1789550148956333536.jpg
1789550148989654831,1789550149119238258,1789550148989654831.jpg
1789550149022973926,1789550149151151044,1789550149022973926.jpg
1789550149056294812,1789550149185001988,1789550149056294812.jpg
1789550149089612526,1789550149220436650,1789550149089612526.jpg
1789550149122929588,1789550149251073329,1789550149122929588.jpg
1789550149156254094,1789550149284157679,1789550149156254094.jpg
1789550149189570329,1789550149318364136,1789550149189570329.jpg
1789550149222890568,1789550149352418463,1789550149222890568.jpg
1789550149256208611,1789550149390521492,1789550149256208611.jpg
1789550149289531176,1789550149419231197,1789550149289531176.jpg
1789550149322857007,1789550149449825233,1789550149322857007.jpg
1789550149356166892,1789550149485976087,1789550149356166892.jpg
1789550149389488729,1789550149517138055,1789550149389488729.jpg
1789550149422807076,1789550149549122407,1789550149422807076.jpg
1789550149456127166,1789550149588881424,1789550149456127166.jpg
1789550149489463926,1789550149618356945,1789550149489463926.jpg
1789550149522766341,1789550149654207354,1789550149522766341.jpg
1789550149556088989,1789550149681757271,1789550149556088989.jpg
1789550149589405208,1789550149720007283,1789550149589405208.jpg
1789550149622727679,1789550149751999892,1789550149622727679.jpg
1789550149656045200,1789550149789629682,1789550149656045200.jpg
1789550149689364165,1789550149816290409,1789550149689364165.jpg
1789550149722685942,1789550149852091490,1789550149722685942.jpg
1789550149756001067,1789550149883566847,1789550149756001067.jpg
1789550149789325965,1789550149921399945,1789550149789325965.jpg
1789550149822645837,1789550149950124223,1789550149822645837.jpg
1789550149855960558,1789550149985794949,1789550149855960558.jpg
1789550149889283477,1789550150017829715,1789550149889283477.jpg
1789550149922604613,1789550150049482109,1789550149922604613.jpg
1789550149955920920,1789550150087152356,1789550149955920920.jpg
1789550149989239017,1789550150116603736,1789550149989239017.jpg
1789550150022561628,1789550150163876500,1789550150022561628.jpg
1789550150055906756,1789550150198009597,1789550150055906756.jpg
1789550150089262692,1789550150219335580,1789550150089262692.jpg
1789550150122579517,1789550150268781954,1789550150122579517.jpg
1789550150155898505,1789550150292316209,1789550150155898505.jpg
1789550150189214363,1789550150318033073,1789550150189214363.jpg
1789550150222540216,1789550150354021633,1789550150222540216.jpg
1789550150255852676,1789550150383910998,1789550150255852676.jpg
1789550150289172877,1789550150419260190,1789550150289172877.jpg
1789550150322493538,1789550150452037486,1789550150322493538.jpg
1789550150355813159,1789550150487208255,1789550150355813159.jpg
1789550150389131059,1789550150519348405,1789550150389131059.jpg
1789550150422451250,1789550150549601856,1789550150422451250.jpg
1789550150455771484,1789550150590066287,1789550150455771484.jpg
1789550150489089201,1789550150620463165,1789550150489089201.jpg
1789550150522429782,1789550150652938923,1789550150522429782.jpg
1789550150555731931,1789550150685844648,1789550150555731931.jpg
1789550150589048711,1789550150717048800,1789550150589048711.jpg
1789550150622367446,1789550150752380253,1789550150622367446.jpg
1789550150655686887,1789550150781097480,1789550150655686887.jpg
1789550150689008496,1789550150823678769,1789550150689008496.jpg
1789550150722329728,1789550150852970039,1789550150722329728.jpg
1789550150755658307,1789550150883832860,1789550150755658307.jpg
1789550150788966249,1789550150921757540,1789550150788966249.jpg
1789550150822290044,1789550150954665210,1789550150822290044.jpg
1789550150855606553,1789550150986632270,1789550150855606553.jpg
1789550150888927325,1789550151017308683,1789550150888927325.jpg
1789550150922244970,1789550151050076595,1789550150922244970.jpg
1789550150955572275,1789550151090577391,1789550150955572275.jpg
1789550150988884940,1789550151122028331,1789550150988884940.jpg
1789550151022203659,1789550151152174947,1789550151022203659.jpg
1789550151055527149,1789550151182556053,1789550151055527149.jpg
1789550151088843024,1789550151217767448,1789550151088843024.jpg
1789550151122160878,1789550151253058945,1789550151122160878.jpg
1789550151155479994,1789550151282524143,1789550151155479994.jpg
1789550151188819108,1789550151316816426,1789550151188819108.jpg
1789550151222127709,1789550151354567442,1789550151222127709.jpg
1789550151255437843,1789550151385665110,1789550151255437843.jpg
1789550151288758932,1789550151417671169,1789550151288758932.jpg
1789550151322078056,1789550151449824950,1789550151322078056.jpg
1789550151355397372,1789550151490965059,1789550151355397372.jpg
1789550151388721757,1789550151519407972,1789550151388721757.jpg
1789550151422037613,1789550151549163079,1789550151422037613.jpg
1789550151455357323,1789550151598628871,1789550151455357323.jpg
1789550151488676798,1789550151633933830,1789550151488676798.jpg
1789550151521996421,1789550151658970245,1789550151521996421.jpg
1789550151555318058,1789550151686142644,1789550151555318058.jpg
1789550151588632941,1789550151717613378,1789550151588632941.jpg
1789550151621973574,1789550151754490666,1789550151621973574.jpg
1789550151655268787,1789550151784174022,1789550151655268787.jpg
1789550151688592463,1789550151820839669,1789550151688592463.jpg
1789550151721910567,1789550151849142710,1789550151721910567.jpg
1789550151755230764,1789550151885169526,1789550151755230764.jpg
1789550151788557513,1789550151918157596,1789550151788557513.jpg
1789550151821869033,1789550151953109596,1789550151821869033.jpg
1789550151855200365,1789550151984886571,1789550151855200365.jpg
1789550151888510103,1789550152018019526,1789550151888510103.jpg
1789550151921831797,1789550152051317340,1789550151921831797.jpg
1789550151955146363,1789550152084180836,1789550151955146363.jpg
1789550151988466969,1789550152118978506,1789550151988466969.jpg
1789550152021786202,1789550152153502764,1789550152021786202.jpg
1789550152055105308,1789550152183091989,1789550152055105308.jpg
1789550152088429803,1789550152223803260,1789550152088429803.jpg
1789550152121749631,1789550152254166557,1789550152121749631.jpg
1789550152155062158,1789550152287270080,1789550152155062158.jpg
1789550152188454443,1789550152317478970,1789550152188454443.jpg
1789550152221713684,1789550152350038929,1789550152221713684.jpg
1789550152255028522,1789550152386208766,1789550152255028522.jpg
1789550152288339398,1789550152417476733,1789550152288339398.jpg
1789550152321667125,1789550152450246629,1789550152321667125.jpg
1789550152354983452,1789550152493183520,1789550152354983452.jpg
1789550152388299931,1789550152517019939,1789550152388299931.jpg
1789550152421620741,1789550152551890377,1789550152421620741.jpg
1789550152454938574,1789550152586143150,1789550152454938574.jpg
1789550152488261469,1789550152621241987,1789550152488261469.jpg
1789550152521585684,1789550152651380905,1789550152521585684.jpg
1789550152554896701,1789550152682521405,1789550152554896701.jpg
1789550152588216615,1789550152717946332,1789550152588216615.jpg
1789550152621538061,1789550152751765120,1789550152621538061.jpg
1789550152654857508,1789550152782947875,1789550152654857508.jpg
1789550152688178063,1789550152822280053,1789550152688178063.jpg
1789550152721494515,1789550152850935112,1789550152721494515.jpg
1789550152754818363,1789550152882033525,1789550152754818363.jpg
1789550152788135355,1789550152916330625,1789550152788135355.jpg
1789550152821459591,1789550152952433804,1789550152821459591.jpg
1789550152854770682,1789550152983085363,1789550152854770682.jpg
1789550152888091845,1789550153019346703,1789550152888091845.jpg
1789550152921413215,1789550153049344235,1789550152921413215.jpg
1789550152954729557,1789550153083241776,1789550152954729557.jpg
1789550152988049395,1789550153119515974,1789550152988049395.jpg
1789550153021377206,1789550153151343321,1789550153021377206.jpg
1789550153054694493,1789550153182419445,1789550153054694493.jpg
1789550153088007851,1789550153219274813,1789550153088007851.jpg
1789550153121327778,1789550153247331080,1789550153121327778.jpg
1789550153154646191,1789550153288695513,1789550153154646191.jpg
1789550153187967501,1789550153315912141,1789550153187967501.jpg
1789550153221286960,1789550153350963598,1789550153221286960.jpg
1789550153254607420,1789550153382007077,1789550153254607420.jpg
1789550153287921712,1789550153416536875,1789550153287921712.jpg
1789550153321244778,1789550153451003218,1789550153321244778.jpg
1789550153354561289,1789550153486786604,1789550153354561289.jpg
1789550153387879715,1789550153518248774,1789550153387879715.jpg
1789550153421205382,1789550153549748809,1789550153421205382.jpg
1789550153454524137,1789550153581612652,1789550153454524137.jpg
1789550153487838524,1789550153619213023,1789550153487838524.jpg
1789550153521160623,1789550153649300155,1789550153521160623.jpg
1789550153554478759,1789550153686106603,1789550153554478759.jpg
1789550153587799879,1789550153717484653,1789550153587799879.jpg
1789550153621120936,1789550153750391203,1789550153621120936.jpg
1789550153654445083,1789550153784534159,1789550153654445083.jpg
1789550153687760238,1789550153822442751,1789550153687760238.jpg
1789550153721075871,1789550153853163677,1789550153721075871.jpg
1789550153754401324,1789550153883386904,1789550153754401324.jpg
1789550153787717792,1789550153916489338,1789550153787717792.jpg
1789550153821039519,1789550153951859478,1789550153821039519.jpg
1789550153854351232,1789550153982132718,1789550153854351232.jpg
1789550153887672139,1789550154018322550,1789550153887672139.jpg
1789550153920992291,1789550154047643522,1789550153920992291.jpg
1789550153954309081,1789550154083677196,1789550153954309081.jpg
1789550153987636037,1789550154117163883,1789550153987636037.jpg
1789550154020955276,1789550154152890465,1789550154020955276.jpg
1789550154054268310,1789550154182113227,1789550154054268310.jpg
1789550154087593611,1789550154216736165,1789550154087593611.jpg
1789550154120909509,1789550154249469555,1789550154120909509.jpg
1789550154154235080,1789550154285782121,1789550154154235080.jpg
1789550154187545698,1789550154318855099,1789550154187545698.jpg
1789550154220866261,1789550154350502566,1789550154220866261.jpg
1789550154254184883,1789550154380452739,1789550154254184883.jpg
1789550154287510233,1789550154419441406,1789550154287510233.jpg
1789550154320822546,1789550154450047332,1789550154320822546.jpg
1789550154354142334,1789550154484404562,1789550154354142334.jpg
1789550154387468079,1789550154516666861,1789550154387468079.jpg
1789550154420783351,1789550154548677580,1789550154420783351.jpg
1789550154454103465,1789550154584365982,1789550154454103465.jpg
1789550154487425892,1789550154616494890,1789550154487425892.jpg
1789550154520739972,1789550154650965550,1789550154520739972.jpg
1789550154554067145,1789550154685117601,1789550154554067145.jpg
1789550154587381068,1789550154716055913,1789550154587381068.jpg
1789550154620698155,1789550154749750261,1789550154620698155.jpg
1789550154654022529,1789550154784098825,1789550154654022529.jpg
1789550154687336449,1789550154816795516,1789550154687336449.jpg
1789550154720657236,1789550154850738388,1789550154720657236.jpg
1789550154753975236,1789550154881533718,1789550154753975236.jpg
1789550154787296255,1789550154921215448,1789550154787296255.jpg
1789550154820614901,1789550154959421581,1789550154820614901.jpg
1789550154853935959,1789550154981915919,1789550154853935959.jpg
1789550154887256558,1789550155017510976,1789550154887256558.jpg
1789550154920572145,1789550155050107961,1789550154920572145.jpg
1789550154953892016,1789550155084837224,1789550154953892016.jpg
1789550154987213518,1789550155117409027,1789550154987213518.jpg
1789550155020538891,1789550155148546876,1789550155020538891.jpg
1789550155053853854,1789550155187328885,1789550155053853854.jpg
1789550155087170024,1789550155217812943,1789550155087170024.jpg
1789550155120493064,1789550155249922322,1789550155120493064.jpg
1789550155153813180,1789550155282577615,1789550155153813180.jpg
1789550155187127455,1789550155315425126,1789550155187127455.jpg
1789550155220452401,1789550155352550133,1789550155220452401.jpg
1789550155253765289,1789550155381161587,1789550155253765289.jpg
1789550155287091313,1789550155424018802,1789550155287091313.jpg
1789550155320407550,1789550155464456738,1789550155320407550.jpg
1789550155353724323,1789550155495798618,1789550155353724323.jpg
1789550155387047981,1789550155531699459,1789550155387047981.jpg
1789550155420370017,1789550155560540940,1789550155420370017.jpg
1789550155453683415,1789550155585727015,1789550155453683415.jpg
1789550155487015020,1789550155618789370,1789550155487015020.jpg
1789550155520327159,1789550155652075550,1789550155520327159.jpg
1789550155553641214,1789550155682389314,1789550155553641214.jpg
1789550155586959813,1789550155715305890,1789550155586959813.jpg
1789550155620279778,1789550155752193038,1789550155620279778.jpg
1789550155653599332,1789550155799454438,1789550155653599332.jpg
1789550155686920311,1789550155829444612,1789550155686920311.jpg
1789550155720247653,1789550155857325377,1789550155720247653.jpg
1789550155753559004,1789550155884309973,1789550155753559004.jpg
1789550155786881725,1789550155919274614,1789550155786881725.jpg
1789550155820210307,1789550155946917278,1789550155820210307.jpg
1789550155853517299,1789550155984353544,1789550155853517299.jpg
1789550155886835750,1789550156014984100,1789550155886835750.jpg
1789550155920153478,1789550156051127934,1789550155920153478.jpg
1789550155953474074,1789550156082873770,1789550155953474074.jpg
1789550155986790704,1789550156118424955,1789550155986790704.jpg
1789550156020110625,1789550156156662440,1789550156020110625.jpg
1789550156053436224,1789550156184113395,1789550156053436224.jpg
1789550156086754938,1789550156215916612,1789550156086754938.jpg
1789550156120082179,1789550156252191968,1789550156120082179.jpg
1789550156153392891,1789550156284805420,1789550156153392891.jpg
1789550156186723478,1789550156316920803,1789550156186723478.jpg
1789550156220030137,1789550156348893111,1789550156220030137.jpg
1789550156253346546,1789550156382093621,1789550156253346546.jpg
1789550156286667674,1789550156419725162,1789550156286667674.jpg
1789550156319997112,1789550156451118893,1789550156319997112.jpg
1789550156353311921,1789550156484280574,1789550156353311921.jpg
1789550156386624402,1789550156519749639,1789550156386624402.jpg
1789550156419951528,1789550156550831612,1789550156419951528.jpg
1789550156453263840,1789550156583679812,1789550156453263840.jpg
1789550156486578628,1789550156616437210,1789550156486578628.jpg
1789550156519905825,1789550156652582896,1789550156519905825.jpg
1789550156553224156,1789550156682745537,1789550156553224156.jpg
1789550156586544105,1789550156717913268,1789550156586544105.jpg
1789550156619860800,1789550156750347446,1789550156619860800.jpg
1789550156653178853,1789550156781693386,1789550156653178853.jpg
1789550156686498638,1789550156819708732,1789550156686498638.jpg
1789550156719834751,1789550156851616882,1789550156719834751.jpg
1789550156753136194,1789550156882079264,1789550156753136194.jpg
1789550156786459477,1789550156916553562,1789550156786459477.jpg
1789550156819777851,1789550156946880830,1789550156819777851.jpg
1789550156853096490,1789550156989246218,1789550156853096490.jpg
1789550156886413988,1789550157017348994,1789550156886413988.jpg
1789550156919735734,1789550157049708761,1789550156919735734.jpg
1789550156953051974,1789550157082412374,1789550156953051974.jpg
1789550156986381979,1789550157113863104,1789550156986381979.jpg
1789550157019697582,1789550157160335841,1789550157019697582.jpg
1789550157053011896,1789550157184441121,1789550157053011896.jpg
1789550157086331715,1789550157218025589,1789550157086331715.jpg
1789550157119653419,1789550157251091602,1789550157119653419.jpg
1789550157152966760,1789550157279246255,1789550157152966760.jpg
1789550157186303896,1789550157318030195,1789550157186303896.jpg
1789550157219614098,1789550157351513694,1789550157219614098.jpg
1789550157252926637,1789550157382272287,1789550157252926637.jpg
1789550157286246233,1789550157420892451,1789550157286246233.jpg
1789550157319568708,1789550157450466856,1789550157319568708.jpg
1789550157352884188,1789550157484822192,1789550157352884188.jpg
1789550157386202952,1789550157515324817,1789550157386202952.jpg
1789550157419525369,1789550157550162538,1789550157419525369.jpg
1789550157452844051,1789550157582019977,1789550157452844051.jpg
1789550157486161317,1789550157616328615,1789550157486161317.jpg
1789550157519482759,1789550157649775193,1789550157519482759.jpg
1789550157552856142,1789550157684954020,1789550157552856142.jpg
1789550157586267016,1789550157716691734,1789550157586267016.jpg
1789550157619760901,1789550157748915998,1789550157619760901.jpg
1789550157653327145,1789550157782521186,1789550157653327145.jpg
1789550157686947380,1789550157820103755,1789550157686947380.jpg
1789550157720684610,1789550157848438072,1789550157720684610.jpg
1789550157754417382,1789550157885441101,1789550157754417382.jpg
1789550157788226505,1789550157920540735,1789550157788226505.jpg
1789550157822076396,1789550157952773980,1789550157822076396.jpg
1789550157856019044,1789550157988562436,1789550157856019044.jpg
1789550157890047803,1789550158017000068,1789550157890047803.jpg
1789550157924131068,1789550158055830192,1789550157924131068.jpg
1789550157958349900,1789550158091607710,1789550157958349900.jpg
1789550157992605087,1789550158119776610,1789550157992605087.jpg
1789550158026979014,1789550158158855388,1789550158026979014.jpg
1789550158061399948,1789550158190637010,1789550158061399948.jpg
1789550158095904919,1789550158228490680,1789550158095904919.jpg
1789550158130514633,1789550158266671013,1789550158130514633.jpg
1789550158165169787,1789550158295459263,1789550158165169787.jpg
1789550158199987713,1789550158329172257,1789550158199987713.jpg
1789550158234852865,1789550158365126161,1789550158234852865.jpg
1789550158269842977,1789550158401760833,1789550158269842977.jpg
1789550158304910353,1789550158433415008,1789550158304910353.jpg
1789550158340160406,1789550158472681355,1789550158340160406.jpg
1789550158375653700,1789550158505719896,1789550158375653700.jpg
1789550158411316413,1789550158541746013,1789550158411316413.jpg
1789550158447203735,1789550158577077883,1789550158447203735.jpg
1789550158483193850,1789550158618175283,1789550158483193850.jpg
1789550158519288773,1789550158651742388,1789550158519288773.jpg
1789550158555500266,1789550158683843100,1789550158555500266.jpg
1789550158591781974,1789550158725711460,1789550158591781974.jpg
1789550158628186443,1789550158760446052,1789550158628186443.jpg
1789550158664640450,1789550158793511385,1789550158664640450.jpg
1789550158701174780,1789550158831368462,1789550158701174780.jpg
1789550158737778507,1789550158868880119,1789550158737778507.jpg
1789550158774428110,1789550158906756193,1789550158774428110.jpg
1789550158811167125,1789550158939901443,1789550158811167125.jpg
1789550158847958678,1789550158978858662,1789550158847958678.jpg
1789550158884872230,1789550159015517197,1789550158884872230.jpg
1789550158921932493,1789550159056207002,1789550158921932493.jpg
1789550158959130640,1789550159092211553,1789550158959130640.jpg
1789550158996450912,1789550159125309001,1789550158996450912.jpg
1789550159033947672,1789550159164493473,1789550159033947672.jpg
1789550159071559301,1789550159203918417,1789550159071559301.jpg
1789550159109338432,1789550159243261833,1789550159109338432.jpg
1789550159147249332,1789550159277918347,1789550159147249332.jpg
1789550159185254622,1789550159315748635,1789550159185254622.jpg
1789550159223412250,1789550159353184213,1789550159223412250.jpg
1789550159261664412,1789550159399686467,1789550159261664412.jpg
1789550159300014055,1789550159430610183,1789550159300014055.jpg
1789550159338488822,1789550159473351253,1789550159338488822.jpg
1789550159377043892,1789550159504689122,1789550159377043892.jpg
1789550159415729549,1789550159548399183,1789550159415729549.jpg
1789550159454586131,1789550159587863529,1789550159454586131.jpg
1789550159496582401,1789550159626942423,1789550159496582401.jpg
1789550159542471076,1789550159671563076,1789550159542471076.jpg
1789550159593816428,1789550159724037721,1789550159593816428.jpg
1789550159650212533,1789550159781737850,1789550159650212533.jpg
1789550159710291808,1789550159841803650,1789550159710291808.jpg
1789550159770350587,1789550159913812790,1789550159770350587.jpg
1789550159830399431,1789550159958304329,1789550159830399431.jpg
1789550159890458248,1789550160021159667,1789550159890458248.jpg
1789550159950539729,1789550160081537221,1789550159950539729.jpg
1789550160010590676,1789550160146218594,1789550160010590676.jpg
1789550160070648274,1789550160202804193,1789550160070648274.jpg
1789550160130716853,1789550160261699246,1789550160130716853.jpg
1789550160190804355,1789550160322803137,1789550160190804355.jpg
1789550160250827990,1789550160381986210,1789550160250827990.jpg
1789550160310889212,1789550160442365579,1789550160310889212.jpg
1789550160370952878,1789550160498121448,1789550160370952878.jpg
1789550160431015439,1789550160561075350,1789550160431015439.jpg
1789550160491074922,1789550160625691583,1789550160491074922.jpg
1789550160551139611,1789550160681527238,1789550160551139611.jpg
1789550160611201411,1789550160743028709,1789550160611201411.jpg
1789550160671281904,1789550160798674516,1789550160671281904.jpg
1789550160731331330,1789550160869711491,1789550160731331330.jpg
1789550160791382362,1789550160922040543,1789550160791382362.jpg
1789550160851457191,1789550160982182997,1789550160851457191.jpg
1789550160911522674,1789550161043663031,1789550160911522674.jpg
1789550160971566208,1789550161107287124,1789550160971566208.jpg
1789550161031627040,1789550161163669525,1789550161031627040.jpg
1789550161091690971,1789550161220861399,1789550161091690971.jpg
1789550161151765660,1789550161285305557,1789550161151765660.jpg
1789550161211811044,1789550161343308330,1789550161211811044.jpg
1789550161271873194,1789550161403295801,1789550161271873194.jpg
1789550161331934554,1789550161466576974,1789550161331934554.jpg
1789550161391996461,1789550161523742648,1789550161391996461.jpg
1789550161452074397,1789550161588944989,1789550161452074397.jpg
1789550161512120645,1789550161645174187,1789550161512120645.jpg
1789550161545438531,1789550161675486272,1789550161545438531.jpg
1789550161578760411,1789550161709533392,1789550161578760411.jpg
1789550161612076171,1789550161751343122,1789550161612076171.jpg
1789550161645401162,1789550161780009079,1789550161645401162.jpg
1789550161678716608,1789550161810190846,1789550161678716608.jpg
1789550161712032832,1789550161844863667,1789550161712032832.jpg
1789550161745368807,1789550161877929243,1789550161745368807.jpg
1789550161778673464,1789550161909505763,1789550161778673464.jpg
1789550161811998922,1789550161947402591,1789550161811998922.jpg
1789550161845313727,1789550161980312001,1789550161845313727.jpg
1789550161878632785,1789550162011782772,1789550161878632785.jpg
1789550161911965759,1789550162041371122,1789550161911965759.jpg
1789550161945269444,1789550162074538878,1789550161945269444.jpg
1789550161978593660,1789550162114318347,1789550161978593660.jpg
1789550162011915919,1789550162141762705,1789550162011915919.jpg
1789550162045247457,1789550162175390459,1789550162045247457.jpg
1789550162078547643,1789550162207962512,1789550162078547643.jpg
1789550162111864934,1789550162244551508,1789550162111864934.jpg
1789550162145182917,1789550162276724314,1789550162145182917.jpg
1789550162178501794,1789550162306406615,1789550162178501794.jpg
1789550162211823280,1789550162344134395,1789550162211823280.jpg
1789550162245143356,1789550162378015174,1789550162245143356.jpg
1789550162278464183,1789550162407848178,1789550162278464183.jpg
1789550162311789912,1789550162444347704,1789550162311789912.jpg
1789550162345099796,1789550162473986178,1789550162345099796.jpg
1789550162378420388,1789550162512124981,1789550162378420388.jpg
1789550162411739994,1789550162541359616,1789550162411739994.jpg
1789550162445057213,1789550162575077322,1789550162445057213.jpg
1789550162478379037,1789550162608369377,1789550162478379037.jpg
1789550162511694338,1789550162644670798,1789550162511694338.jpg
1789550162545017094,1789550162677059743,1789550162545017094.jpg
1789550162578415376,1789550162708830599,1789550162578415376.jpg
1789550162611652167,1789550162744811967,1789550162611652167.jpg
1789550162644974967,1789550162776964757,1789550162644974967.jpg
1789550162678292736,1789550162808156981,1789550162678292736.jpg
1789550162711612164,1789550162842977531,1789550162711612164.jpg
1789550162744929227,1789550162873507264,1789550162744929227.jpg
1789550162778246192,1789550162911749906,1789550162778246192.jpg
1789550162811577978,1789550162944628031,1789550162811577978.jpg
1789550162844892469,1789550162975500518,1789550162844892469.jpg
1789550162878205255,1789550163010602197,1789550162878205255.jpg
1789550162911528360,1789550163042240874,1789550162911528360.jpg
1789550162944846964,1789550163072652778,1789550162944846964.jpg
1789550162978163018,1789550163114265079,1789550162978163018.jpg
1789550163011482344,1789550163140876495,1789550163011482344.jpg
1789550163044805533,1789550163181446149,1789550163044805533.jpg
1789550163078123803,1789550163208702706,1789550163078123803.jpg
1789550163111444820,1789550163242590732,1789550163111444820.jpg
1789550163144767276,1789550163273340427,1789550163144767276.jpg
1789550163178079347,1789550163308798997,1789550163178079347.jpg
1789550163211402810,1789550163342943380,1789550163211402810.jpg
1789550163244714194,1789550163373443310,1789550163244714194.jpg
1789550163278035917,1789550163411233163,1789550163278035917.jpg
1789550163311385308,1789550163441435445,1789550163311385308.jpg
1789550163344675008,1789550163473889872,1789550163344675008.jpg
1789550163377991779,1789550163511680039,1789550163377991779.jpg
1789550163411310275,1789550163538594010,1789550163411310275.jpg
1789550163444631288,1789550163584192443,1789550163444631288.jpg
1789550163477976685,1789550163616513664,1789550163477976685.jpg
1789550163511273921,1789550163645494747,1789550163511273921.jpg
1789550163544591337,1789550163675715175,1789550163544591337.jpg
1789550163577909570,1789550163708748807,1789550163577909570.jpg
1789550163611228570,1789550163745409264,1789550163611228570.jpg
1789550163644561480,1789550163779201024,1789550163644561480.jpg
1789550163677878206,1789550163809584469,1789550163677878206.jpg
1789550163711194561,1789550163842724310,1789550163711194561.jpg
1789550163744505453,1789550163875267966,1789550163744505453.jpg
1789550163777827075,1789550163908034669,1789550163777827075.jpg
1789550163811143638,1789550163942033236,1789550163811143638.jpg
1789550163844463634,1789550163975292136,1789550163844463634.jpg
1789550163877779932,1789550164008903009,1789550163877779932.jpg
1789550163911098844,1789550164040568580,1789550163911098844.jpg
1789550163944425628,1789550164074348701,1789550163944425628.jpg
1789550163977740146,1789550164123751828,1789550163977740146.jpg
1789550164011071663,1789550164144837687,1789550164011071663.jpg
1789550164044374896,1789550164182158716,1789550164044374896.jpg
1789550164077691883,1789550164209287374,1789550164077691883.jpg
1789550164111015804,1789550164243939404,1789550164111015804.jpg
1789550164144331153,1789550164277516180,1789550164144331153.jpg
1789550164177650213,1789550164309765011,1789550164177650213.jpg
1789550164210977930,1789550164341244513,1789550164210977930.jpg
1789550164244293238,1789550164374312297,1789550164244293238.jpg
1789550164277618123,1789550164406326824,1789550164277618123.jpg
1789550164310928295,1789550164442305318,1789550164310928295.jpg
1789550164344246666,1789550164476050258,1789550164344246666.jpg
1789550164377576682,1789550164507207097,1789550164377576682.jpg
1789550164410884931,1789550164543413488,1789550164410884931.jpg
1789550164444204070,1789550164578478429,1789550164444204070.jpg
1789550164477524336,1789550164607222773,1789550164477524336.jpg
1789550164510847592,1789550164641480168,1789550164510847592.jpg
1789550164544165150,1789550164677732201,1789550164544165150.jpg
1789550164577481515,1789550164707009442,1789550164577481515.jpg
1789550164610803158,1789550164744701869,1789550164610803158.jpg
1789550164644121267,1789550164781215518,1789550164644121267.jpg
1789550164677440633,1789550164811979405,1789550164677440633.jpg
1789550164710762878,1789550164843013148,1789550164710762878.jpg
1789550164744086608,1789550164876682097,1789550164744086608.jpg
1789550164777397647,1789550164910200196,1789550164777397647.jpg
1789550164810719089,1789550164941530957,1789550164810719089.jpg
1789550164844036461,1789550164978003074,1789550164844036461.jpg
1789550164877354985,1789550165007670319,1789550164877354985.jpg
1789550164910672631,1789550165042447082,1789550164910672631.jpg
1789550164943996491,1789550165074415865,1789550164943996491.jpg
1789550164977310661,1789550165105342593,1789550164977310661.jpg
1789550165010632821,1789550165143724200,1789550165010632821.jpg
1789550165043950564,1789550165175134423,1789550165043950564.jpg
1789550165077271787,1789550165207355970,1789550165077271787.jpg
1789550165110588642,1789550165241298708,1789550165110588642.jpg
1789550165143906952,1789550165273398363,1789550165143906952.jpg
1789550165177232926,1789550165311579495,1789550165177232926.jpg
1789550165210553965,1789550165341819939,1789550165210553965.jpg
1789550165243867352,1789550165376768995,1789550165243867352.jpg
1789550165277188240,1789550165405619651,1789550165277188240.jpg
1789550165310503847,1789550165441339703,1789550165310503847.jpg
1789550165343827336,1789550165475132127,1789550165343827336.jpg
1789550165377140022,1789550165508167220,1789550165377140022.jpg
1789550165410461211,1789550165542536090,1789550165410461211.jpg
1789550165443782653,1789550165574989182,1789550165443782653.jpg
1789550165477098600,1789550165607575349,1789550165477098600.jpg
1789550165510419892,1789550165639440330,1789550165510419892.jpg
1789550165543735894,1789550165674988515,1789550165543735894.jpg
1789550165577057728,1789550165708672786,1789550165577057728.jpg
1789550165610379158,1789550165741502812,1789550165610379158.jpg
1789550165643693137,1789550165773416786,1789550165643693137.jpg
1789550165677013263,1789550165810625633,1789550165677013263.jpg
1789550165710330399,1789550165844776419,1789550165710330399.jpg
1789550165743649959,1789550165874195207,1789550165743649959.jpg
1789550165776977141,1789550165906180561,1789550165776977141.jpg
1789550165810288698,1789550165942620653,1789550165810288698.jpg
1789550165843607341,1789550165976046474,1789550165843607341.jpg
1789550165876927561,1789550166005270990,1789550165876927561.jpg
1789550165910248977,1789550166044456854,1789550165910248977.jpg
1789550165943566378,1789550166076457253,1789550165943566378.jpg
1789550165976887419,1789550166108389993,1789550165976887419.jpg
1789550166010205531,1789550166141823137,1789550166010205531.jpg
1789550166043521668,1789550166173389572,1789550166043521668.jpg
1789550166076844917,1789550166209596127,1789550166076844917.jpg
1789550166110162497,1789550166241175393,1789550166110162497.jpg
1789550166143485979,1789550166273283593,1789550166143485979.jpg
1789550166176804256,1789550166308869374,1789550166176804256.jpg
1789550166210120660,1789550166338957883,1789550166210120660.jpg
1789550166243442604,1789550166376496011,1789550166243442604.jpg
1789550166276763011,1789550166407573896,1789550166276763011.jpg
1789550166310076348,1789550166442903005,1789550166310076348.jpg
1789550166343406738,1789550166472750749,1789550166343406738.jpg
1789550166376717083,1789550166509961973,1789550166376717083.jpg
1789550166410035791,1789550166542026530,1789550166410035791.jpg
1789550166443376497,1789550166573370141,1789550166443376497.jpg
1789550166476670572,1789550166609293435,1789550166476670572.jpg
1789550166509992601,1789550166644186303,1789550166509992601.jpg
1789550166543370253,1789550166672949146,1789550166543370253.jpg
1789550166577066810,1789550166712442453,1789550166577066810.jpg
1789550166610933123,1789550166741561103,1789550166610933123.jpg
1789550166645044062,1789550166776779764,1789550166645044062.jpg
1789550166679326782,1789550166809425007,1789550166679326782.jpg
1789550166713740822,1789550166846546058,1789550166713740822.jpg
1789550166748269718,1789550166879730474,1789550166748269718.jpg
1789550166782878756,1789550166919577477,1789550166782878756.jpg
1789550166817527946,1789550166949103373,1789550166817527946.jpg
1789550166852162081,1789550166982337301,1789550166852162081.jpg
1789550166886800276,1789550167021582023,1789550166886800276.jpg
1789550166921447623,1789550167051022402,1789550166921447623.jpg
1789550166956067891,1789550167087163621,1789550166956067891.jpg
1789550166990712295,1789550167124608157,1789550166990712295.jpg
1789550167025347837,1789550167154454856,1789550167025347837.jpg
1789550167059974029,1789550167195495494,1789550167059974029.jpg
1789550167094616800,1789550167224804630,1789550167094616800.jpg
1789550167129237820,1789550167258562872,1789550167129237820.jpg
1789550167163882549,1789550167297895725,1789550167163882549.jpg
1789550167198523998,1789550167327994928,1789550167198523998.jpg
1789550167233200469,1789550167365486199,1789550167233200469.jpg
1789550167267883718,1789550167400151901,1789550167267883718.jpg
1789550167302563022,1789550167432494154,1789550167302563022.jpg
1789550167337260514,1789550167470809729,1789550167337260514.jpg
1789550167371980093,1789550167509383381,1789550167371980093.jpg
1789550167406730760,1789550167537335781,1789550167406730760.jpg
1789550167441470963,1789550167571421408,1789550167441470963.jpg
1789550167476223207,1789550167610137987,1789550167476223207.jpg
1789550167510985429,1789550167641026443,1789550167510985429.jpg
1789550167545733215,1789550167678796530,1789550167545733215.jpg
1789550167580530305,1789550167713189710,1789550167580530305.jpg
1789550167615343400,1789550167749661073,1789550167615343400.jpg
1789550167650171358,1789550167780162614,1789550167650171358.jpg
1789550167685046731,1789550167820351378,1789550167685046731.jpg
1789550167719895343,1789550167848999783,1789550167719895343.jpg
1789550167754778591,1789550167886752003,1789550167754778591.jpg
1789550167789670690,1789550167920098352,1789550167789670690.jpg
1789550167824573038,1789550167958460568,1789550167824573038.jpg
1789550167859476661,1789550167988218519,1789550167859476661.jpg
1789550167894387858,1789550168030374619,1789550167894387858.jpg
1789550167929292833,1789550168058010681,1789550167929292833.jpg
1789550167964141799,1789550168095704397,1789550167964141799.jpg
1789550167999049842,1789550168132729902,1789550167999049842.jpg
1789550168033960195,1789550168164811457,1789550168033960195.jpg
1789550168068882644,1789550168209212585,1789550168068882644.jpg
1789550168103828362,1789550168242752845,1789550168103828362.jpg
1789550168138809504,1789550168271581923,1789550168138809504.jpg
1789550168173837689,1789550168305617768,1789550168173837689.jpg
1789550168208874121,1789550168340810671,1789550168208874121.jpg
1789550168243944390,1789550168372641240,1789550168243944390.jpg
1789550168279037904,1789550168414354059,1789550168279037904.jpg
1789550168314132318,1789550168446635256,1789550168314132318.jpg
1789550168349268718,1789550168479757680,1789550168349268718.jpg
1789550168384476410,1789550168519308939,1789550168384476410.jpg
1789550168419819871,1789550168549262375,1789550168419819871.jpg
1789550168455254029,1789550168591805700,1789550168455254029.jpg
1789550168490954728,1789550168620018263,1789550168490954728.jpg
1789550168526825714,1789550168662269366,1789550168526825714.jpg
1789550168562922425,1789550168694151891,1789550168562922425.jpg
1789550168599246391,1789550168740178832,1789550168599246391.jpg
1789550168635699319,1789550168771293380,1789550168635699319.jpg
1789550168672404154,1789550168808315182,1789550168672404154.jpg
1789550168709263397,1789550168841418978,1789550168709263397.jpg
1789550168746318104,1789550168887196728,1789550168746318104.jpg
1789550168783569023,1789550168915785651,1789550168783569023.jpg
1789550168820913653,1789550168951450031,1789550168820913653.jpg
1789550168858446778,1789550168991640302,1789550168858446778.jpg
1789550168896088403,1789550169029270297,1789550168896088403.jpg
1789550168933843608,1789550169067278556,1789550168933843608.jpg
1789550168971809207,1789550169103555201,1789550168971809207.jpg
1789550169009977435,1789550169140760377,1789550169009977435.jpg
1789550169048458107,1789550169180262446,1789550169048458107.jpg
1789550169087238141,1789550169221862639,1789550169087238141.jpg
1789550169126300590,1789550169260663576,1789550169126300590.jpg
1789550169165763297,1789550169296492574,1789550169165763297.jpg
1789550169205644238,1789550169344085766,1789550169205644238.jpg
1789550169245992350,1789550169378824347,1789550169245992350.jpg
1789550169286928182,1789550169421536788,1789550169286928182.jpg
1789550169328372061,1789550169458558894,1789550169328372061.jpg
1789550169370327917,1789550169506998498,1789550169370327917.jpg
1789550169412871182,1789550169548263789,1789550169412871182.jpg
1789550169455942419,1789550169593401181,1789550169455942419.jpg
1789550169499577960,1789550169631515501,1789550169499577960.jpg
1789550169543844320,1789550169676630860,1789550169543844320.jpg
1789550169588707321,1789550169722884444,1789550169588707321.jpg
1789550169634119754,1789550169768019967,1789550169634119754.jpg
1789550169680159267,1789550169814566311,1789550169680159267.jpg
1789550169726809873,1789550169857231147,1789550169726809873.jpg
1789550169773973919,1789550169910142703,1789550169773973919.jpg
1789550169821656305,1789550169953570182,1789550169821656305.jpg
1789550169869828571,1789550170002091961,1789550169869828571.jpg
1789550169918478930,1789550170052877052,1789550169918478930.jpg
1789550169967559418,1789550170109519694,1789550169967559418.jpg
1789550170017141535,1789550170148311529,1789550170017141535.jpg
1789550170067212915,1789550170199449870,1789550170067212915.jpg
1789550170117785966,1789550170255266396,1789550170117785966.jpg
1789550170168868530,1789550170299691793,1789550170168868530.jpg
1789550170220464712,1789550170351583613,1789550170220464712.jpg
1789550170272586390,1789550170409908505,1789550170272586390.jpg
1789550170325295748,1789550170462086215,1789550170325295748.jpg
1789550170378669620,1789550170514752436,1789550170378669620.jpg
1789550170432739182,1789550170565695950,1789550170432739182.jpg
1789550170487549535,1789550170620528416,1789550170487549535.jpg
1789550170543126595,1789550170678991235,1789550170543126595.jpg
1789550170599522716,1789550170733873193,1789550170599522716.jpg
1789550170656748303,1789550170791691094,1789550170656748303.jpg
1789550170714920015,1789550170850113604,1789550170714920015.jpg
1789550170774056536,1789550170914405386,1789550170774056536.jpg
1789550170834096096,1789550170965970637,1789550170834096096.jpg
1789550170894161509,1789550171026014008,1789550170894161509.jpg
1789550170954232934,1789550171088644820,1789550170954232934.jpg
1789550171014279952,1789550171148731713,1789550171014279952.jpg
1789550171074349854,1789550171208362406,1789550171074349854.jpg
1789550171134401388,1789550171267527362,1789550171134401388.jpg
1789550171194477528,1789550171329646794,1789550171194477528.jpg
1789550171254524355,1789550171388821415,1789550171254524355.jpg
1789550171314597982,1789550171447569664,1789550171314597982.jpg
1789550171374646463,1789550171508750512,1789550171374646463.jpg
1789550171434714442,1789550171568514836,1789550171434714442.jpg
1789550171494767954,1789550171628080814,1789550171494767954.jpg
1789550171554830435,1789550171689913708,1789550171554830435.jpg
1789550171614890592,1789550171750000084,1789550171614890592.jpg
1789550171674956208,1789550171809048184,1789550171674956208.jpg
1789550171735022692,1789550171872413809,1789550171735022692.jpg
1789550171795073437,1789550171932391643,1789550171795073437.jpg
1789550171855140920,1789550171986553865,1789550171855140920.jpg
1789550171915211129,1789550172049071068,1789550171915211129.jpg
1789550171975276592,1789550172111351279,1789550171975276592.jpg
1789550172035318607,1789550172169358349,1789550172035318607.jpg
1789550172095380976,1789550172234923882,1789550172095380976.jpg
1789550172155442745,1789550172291256184,1789550172155442745.jpg
1789550172215502027,1789550172352712648,1789550172215502027.jpg
1789550172275565324,1789550172408040578,1789550172275565324.jpg
1789550172335644457,1789550172467607838,1789550172335644457.jpg
1789550172395694681,1789550172529758195,1789550172395694681.jpg
1789550172455746998,1789550172591238842,1789550172455746998.jpg
1789550172515813240,1789550172651204218,1789550172515813240.jpg
1789550172575870672,1789550172714489115,1789550172575870672.jpg
1789550172635930182,1789550172775214024,1789550172635930182.jpg
1789550172695993489,1789550172830273304,1789550172695993489.jpg
1789550172756052428,1789550172891351094,1789550172756052428.jpg
1789550172816115778,1789550172949059480,1789550172816115778.jpg
1789550172876179899,1789550173012016769,1789550172876179899.jpg
1789550172936241117,1789550173072194881,1789550172936241117.jpg
1789550172996297437,1789550173131784051,1789550172996297437.jpg
1789550173056358219,1789550173190598338,1789550173056358219.jpg
1789550173116433380,1789550173252858962,1789550173116433380.jpg
1789550173176858335,1789550173313579246,1789550173176858335.jpg
1789550173238280399,1789550173372138362,1789550173238280399.jpg
1789550173300836886,1789550173433727887,1789550173300836886.jpg
1789550173364601928,1789550173501608183,1789550173364601928.jpg
1789550173429619502,1789550173565125554,1789550173429619502.jpg
1789550173495778986,1789550173630664927,1789550173495778986.jpg
1789550173562497314,1789550173697208745,1789550173562497314.jpg
1789550173629208096,1789550173762848031,1789550173629208096.jpg
1789550173695919169,1789550173830904656,1789550173695919169.jpg
1789550173762638770,1789550173895456988,1789550173762638770.jpg
1789550173829346320,1789550173963720642,1789550173829346320.jpg
1789550173896059662,1789550174030963939,1789550173896059662.jpg
1789550173962777424,1789550174096696697,1789550173962777424.jpg
1789550174029488198,1789550174162265736,1789550174029488198.jpg
1789550174096200555,1789550174231677339,1789550174096200555.jpg
1789550174162916775,1789550174299566637,1789550174162916775.jpg
1789550174229628207,1789550174364901354,1789550174229628207.jpg
1789550174296342326,1789550174431069001,1789550174296342326.jpg
1789550174363056388,1789550174495320449,1789550174363056388.jpg
1789550174429769800,1789550174563344230,1789550174429769800.jpg
1789550174496486419,1789550174631787494,1789550174496486419.jpg
1789550174563202624,1789550174697816363,1789550174563202624.jpg
1789550174629910455,1789550174762871560,1789550174629910455.jpg
1789550174696623862,1789550174829484224,1789550174696623862.jpg
1789550174763335749,1789550174896864458,1789550174763335749.jpg
1789550174830049963,1789550174964592387,1789550174830049963.jpg
1789550174896763928,1789550175033128484,1789550174896763928.jpg
1789550174963477358,1789550175095195420,1789550174963477358.jpg
1789550175030190841,1789550175164093981,1789550175030190841.jpg
1789550175096902996,1789550175226360076,1789550175096902996.jpg
1789550175163616952,1789550175295366104,1789550175163616952.jpg
1789550175230333533,1789550175360973550,1789550175230333533.jpg
1789550175268527561,1789550175398170154,1789550175268527561.jpg
1789550175303602065,1789550175435182745,1789550175303602065.jpg
1789550175336926427,1789550175470576987,1789550175336926427.jpg
1789550175370241029,1789550175502031957,1789550175370241029.jpg
1789550175403561335,1789550175535584028,1789550175403561335.jpg
1789550175436877275,1789550175565628012,1789550175436877275.jpg
1789550175470195468,1789550175600715997,1789550175470195468.jpg
1789550175503515048,1789550175636727142,1789550175503515048.jpg
1789550175536835616,1789550175666562504,1789550175536835616.jpg
1789550175570156969,1789550175703808287,1789550175570156969.jpg
1789550175603474107,1789550175734018676,1789550175603474107.jpg
1789550175636799970,1789550175770027654,1789550175636799970.jpg
1789550175670110723,1789550175802862614,1789550175670110723.jpg
1789550175703429082,1789550175833609174,1789550175703429082.jpg
1789550175736751776,1789550175872113796,1789550175736751776.jpg
1789550175770067795,1789550175900364491,1789550175770067795.jpg
1789550175803387034,1789550175934988906,1789550175803387034.jpg
1789550175836706726,1789550175965022743,1789550175836706726.jpg
1789550175870024431,1789550176004601356,1789550175870024431.jpg
1789550175903346595,1789550176036459526,1789550175903346595.jpg
1789550175936664266,1789550176067293050,1789550175936664266.jpg
1789550175969983218,1789550176102262507,1789550175969983218.jpg
1789550176003308154,1789550176131761091,1789550176003308154.jpg
1789550176036618183,1789550176170391818,1789550176036618183.jpg
1789550176069937564,1789550176201115189,1789550176069937564.jpg
1789550176103256433,1789550176234754797,1789550176103256433.jpg
1789550176136576638,1789550176270513412,1789550176136576638.jpg
1789550176169896073,1789550176303823155,1789550176169896073.jpg
1789550176203224360,1789550176334334702,1789550176203224360.jpg
1789550176236539208,1789550176367180504,1789550176236539208.jpg
1789550176269849844,1789550176400743808,1789550176269849844.jpg
1789550176303169866,1789550176436641941,1789550176303169866.jpg
1789550176336488662,1789550176474644063,1789550176336488662.jpg
1789550176369812024,1789550176501160327,1789550176369812024.jpg
1789550176403129662,1789550176536792198,1789550176403129662.jpg
1789550176436448632,1789550176572633820,1789550176436448632.jpg
1789550176469766493,1789550176606896496,1789550176469766493.jpg
1789550176503089320,1789550176632878069,1789550176503089320.jpg
1789550176536408495,1789550176670340520,1789550176536408495.jpg
1789550176569726006,1789550176699370590,1789550176569726006.jpg
1789550176603067694,1789550176735110225,1789550176603067694.jpg
1789550176636360996,1789550176771396993,1789550176636360996.jpg
1789550176669685688,1789550176797963454,1789550176669685688.jpg
1789550176703003124,1789550176838754941,1789550176703003124.jpg
1789550176736319700,1789550176869465629,1789550176736319700.jpg
1789550176769635631,1789550176900042574,1789550176769635631.jpg
1789550176802967627,1789550176936620843,1789550176802967627.jpg
1789550176836275086,1789550176967074989,1789550176836275086.jpg
1789550176869594836,1789550177002838418,1789550176869594836.jpg
1789550176902911357,1789550177036697231,1789550176902911357.jpg
1789550176936227511,1789550177067518102,1789550176936227511.jpg
1789550176969553070,1789550177106443691,1789550176969553070.jpg
1789550177002874842,1789550177136748980,1789550177002874842.jpg
1789550177036200206,1789550177170776179,1789550177036200206.jpg
1789550177069507326,1789550177200952022,1789550177069507326.jpg
1789550177102825689,1789550177233377243,1789550177102825689.jpg
1789550177136144116,1789550177272511656,1789550177136144116.jpg
1789550177169476079,1789550177300218946,1789550177169476079.jpg
1789550177202782583,1789550177335408274,1789550177202782583.jpg
1789550177236099694,1789550177370574808,1789550177236099694.jpg
1789550177269416903,1789550177403132160,1789550177269416903.jpg
1789550177302738592,1789550177432537398,1789550177302738592.jpg
1789550177336057140,1789550177467003078,1789550177336057140.jpg
1789550177369382521,1789550177503168318,1789550177369382521.jpg
1789550177402696933,1789550177535477201,1789550177402696933.jpg
1789550177436052165,1789550177565839539,1789550177436052165.jpg
1789550177469335278,1789550177600573296,1789550177469335278.jpg
1789550177502650709,1789550177635645028,1789550177502650709.jpg
1789550177535968343,1789550177666638543,1789550177535968343.jpg
1789550177569290109,1789550177700699794,1789550177569290109.jpg
1789550177602606937,1789550177735416071,1789550177602606937.jpg
1789550177635926765,1789550177766119661,1789550177635926765.jpg
1789550177669320816,1789550177801293380,1789550177669320816.jpg
1789550177702830311,1789550177834890468,1789550177702830311.jpg
1789550177736432683,1789550177866450818,1789550177736432683.jpg
1789550177769771199,1789550177904857122,1789550177769771199.jpg
1789550177803088767,1789550177937592987,1789550177803088767.jpg
1789550177836409301,1789550177968021094,1789550177836409301.jpg
1789550177869732921,1789550178002641717,1789550177869732921.jpg
1789550177903049883,1789550178042376045,1789550177903049883.jpg
1789550177936362570,1789550178069904482,1789550177936362570.jpg
1789550177969686729,1789550178101526299,1789550177969686729.jpg
1789550178003001356,1789550178132897445,1789550178003001356.jpg
1789550178036327962,1789550178172346718,1789550178036327962.jpg
1789550178069646155,1789550178201777817,1789550178069646155.jpg
1789550178102963502,1789550178234781290,1789550178102963502.jpg
1789550178136287637,1789550178268657687,1789550178136287637.jpg
1789550178169599994,1789550178303201757,1789550178169599994.jpg
1789550178202916581,1789550178338428777,1789550178202916581.jpg
1789550178236236555,1789550178371223758,1789550178236236555.jpg
1789550178269557958,1789550178401982094,1789550178269557958.jpg
1789550178302872480,1789550178443096615,1789550178302872480.jpg
1789550178336189196,1789550178473096307,1789550178336189196.jpg
1789550178369510222,1789550178500918040,1789550178369510222.jpg
1789550178402832101,1789550178533610238,1789550178402832101.jpg
1789550178436147334,1789550178568439272,1789550178436147334.jpg
1789550178469467098,1789550178602150375,1789550178469467098.jpg
1789550178502787196,1789550178634209340,1789550178502787196.jpg
1789550178536109469,1789550178670021340,1789550178536109469.jpg
1789550178569426410,1789550178700025051,1789550178569426410.jpg
1789550178602742968,1789550178736895692,1789550178602742968.jpg
1789550178636063326,1789550178767286390,1789550178636063326.jpg
1789550178669377740,1789550178802295716,1789550178669377740.jpg
1789550178702697886,1789550178835133858,1789550178702697886.jpg
1789550178736023270,1789550178866574994,1789550178736023270.jpg
1789550178769338450,1789550178902588913,1789550178769338450.jpg
1789550178802654907,1789550178935817486,1789550178802654907.jpg
1789550178835975313,1789550178965735338,1789550178835975313.jpg
1789550178869297185,1789550179007059887,1789550178869297185.jpg
1789550178902612867,1789550179036104863,1789550178902612867.jpg
1789550178935930458,1789550179070420753,1789550178935930458.jpg
1789550178969250472,1789550179103383854,1789550178969250472.jpg
1789550179002565785,1789550179134240708,1789550179002565785.jpg
1789550179035886724,1789550179170414432,1789550179035886724.jpg
1789550179069204885,1789550179201508848,1789550179069204885.jpg
1789550179102528183,1789550179235064521,1789550179102528183.jpg
1789550179135846863,1789550179267910896,1789550179135846863.jpg
1789550179169167054,1789550179301127039,1789550179169167054.jpg
1789550179202483300,1789550179338142580,1789550179202483300.jpg
1789550179235800677,1789550179366764611,1789550179235800677.jpg
1789550179269127157,1789550179403918561,1789550179269127157.jpg
1789550179302464767,1789550179436274870,1789550179302464767.jpg
1789550179335755282,1789550179470108692,1789550179335755282.jpg
1789550179369090228,1789550179503137488,1789550179369090228.jpg
1789550179402402360,1789550179535188170,1789550179402402360.jpg
1789550179435721002,1789550179569096427,1789550179435721002.jpg
1789550179469035174,1789550179605620328,1789550179469035174.jpg
1789550179502349635,1789550179637238528,1789550179502349635.jpg
1789550179535673496,1789550179669043427,1789550179535673496.jpg
1789550179568989180,1789550179704970405,1789550179568989180.jpg
1789550179602308206,1789550179738958522,1789550179602308206.jpg
1789550179635633567,1789550179767547020,1789550179635633567.jpg
1789550179668947215,1789550179802655937,1789550179668947215.jpg
1789550179702269277,1789550179833743576,1789550179702269277.jpg
1789550179735584915,1789550179866674274,1789550179735584915.jpg
1789550179768902482,1789550179910958434,1789550179768902482.jpg
1789550179802234864,1789550179939212253,1789550179802234864.jpg
1789550179835544645,1789550179967616386,1789550179835544645.jpg
1789550179868859688,1789550180005292528,1789550179868859688.jpg
1789550179902189675,1789550180035024281,1789550179902189675.jpg
1789550179935501608,1789550180067780958,1789550179935501608.jpg
1789550179968818140,1789550180099814691,1789550179968818140.jpg
1789550180002137580,1789550180134539892,1789550180002137580.jpg
1789550180035459182,1789550180169809244,1789550180035459182.jpg
1789550180068775841,1789550180202313472,1789550180068775841.jpg
1789550180102094867,1789550180233571269,1789550180102094867.jpg
1789550180135411607,1789550180269044724,1789550180135411607.jpg
1789550180168730601,1789550180301214218,1789550180168730601.jpg
1789550180202057577,1789550180332789529,1789550180202057577.jpg
1789550180235367039,1789550180366500342,1789550180235367039.jpg
1789550180268688870,1789550180401735828,1789550180268688870.jpg
1789550180302005436,1789550180434158826,1789550180302005436.jpg
1789550180335323340,1789550180468137345,1789550180335323340.jpg
1789550180368649868,1789550180499563657,1789550180368649868.jpg
1789550180401962314,1789550180533157837,1789550180401962314.jpg
1789550180435285363,1789550180572119028,1789550180435285363.jpg
1789550180468600282,1789550180619971033,1789550180468600282.jpg
1789550180501919350,1789550180636568000,1789550180501919350.jpg
1789550180535242033,1789550180664958482,1789550180535242033.jpg
1789550180568554836,1789550180701938614,1789550180568554836.jpg
1789550180601879093,1789550180733753542,1789550180601879093.jpg
1789550180635192978,1789550180767674291,1789550180635192978.jpg
1789550180668513505,1789550180802353979,1789550180668513505.jpg
1789550180701834917,1789550180833866001,1789550180701834917.jpg
1789550180735153080,1789550180866925621,1789550180735153080.jpg
1789550180768477110,1789550180900430183,1789550180768477110.jpg
1789550180801786982,1789550180932507318,1789550180801786982.jpg
1789550180835112227,1789550180970119145,1789550180835112227.jpg
1789550180868428946,1789550180999769113,1789550180868428946.jpg
1789550180901746898,1789550181036590389,1789550180901746898.jpg
1789550180935063822,1789550181068986699,1789550180935063822.jpg
1789550180968380341,1789550181102434429,1789550180968380341.jpg
1789550181001700127,1789550181136803095,1789550181001700127.jpg
1789550181035026274,1789550181175408120,1789550181035026274.jpg
1789550181068368867,1789550181207332954,1789550181068368867.jpg
1789550181101700038,1789550181240246364,1789550181101700038.jpg
1789550181134985700,1789550181270711276,1789550181134985700.jpg
1789550181168299267,1789550181301584135,1789550181168299267.jpg
1789550181201615094,1789550181332182622,1789550181201615094.jpg
1789550181234933673,1789550181373249978,1789550181234933673.jpg
1789550181268253211,1789550181402239265,1789550181268253211.jpg
1789550181301581745,1789550181432178838,1789550181301581745.jpg
1789550181334888263,1789550181467266485,1789550181334888263.jpg
1789550181368212517,1789550181499898820,1789550181368212517.jpg
1789550181401527658,1789550181536725298,1789550181401527658.jpg
1789550181434845332,1789550181567301714,1789550181434845332.jpg
1789550181468174479,1789550181600374307,1789550181468174479.jpg
1789550181501488637,1789550181633558349,1789550181501488637.jpg
1789550181534803061,1789550181665263378,1789550181534803061.jpg
1789550181568123274,1789550181702136128,1789550181568123274.jpg
1789550181601439726,1789550181733191278,1789550181601439726.jpg
1789550181634760458,1789550181765298144,1789550181634760458.jpg
1789550181668080456,1789550181803569046,1789550181668080456.jpg
1789550181701398052,1789550181836656822,1789550181701398052.jpg
1789550181734723973,1789550181869605080,1789550181734723973.jpg
1789550181768034875,1789550181904894942,1789550181768034875.jpg
1789550181801354304,1789550181935743970,1789550181801354304.jpg
1789550181834675519,1789550181968015278,1789550181834675519.jpg
1789550181868001475,1789550182000344393,1789550181868001475.jpg
1789550181901313197,1789550182036976632,1789550181901313197.jpg
1789550181934627523,1789550182071252230,1789550181934627523.jpg
1789550181967946693,1789550182100744114,1789550181967946693.jpg
1789550182001272004,1789550182134250256,1789550182001272004.jpg
1789550182034586595,1789550182168147366,1789550182034586595.jpg
1789550182067902223,1789550182200961783,1789550182067902223.jpg
1789550182101223899,1789550182233134468,1789550182101223899.jpg
1789550182134541539,1789550182265358443,1789550182134541539.jpg
1789550182167864929,1789550182304129181,1789550182167864929.jpg
1789550182201180286,1789550182333447440,1789550182201180286.jpg
1789550182234501834,1789550182369664434,1789550182234501834.jpg
1789550182267819154,1789550182398244529,1789550182267819154.jpg
1789550182301140246,1789550182435529478,1789550182301140246.jpg
1789550182334456377,1789550182469120906,1789550182334456377.jpg
1789550182367777245,1789550182499953764,1789550182367777245.jpg
1789550182401095062,1789550182535268302,1789550182401095062.jpg
1789550182434417900,1789550182568645442,1789550182434417900.jpg
1789550182467736813,1789550182602151584,1789550182467736813.jpg
1789550182501052919,1789550182635430034,1789550182501052919.jpg
1789550182534366690,1789550182664720981,1789550182534366690.jpg
1789550182567690550,1789550182703826250,1789550182567690550.jpg
1789550182601008912,1789550182734479743,1789550182601008912.jpg
1789550182634330363,1789550182768258627,1789550182634330363.jpg
1789550182667643925,1789550182798282109,1789550182667643925.jpg
1789550182700962076,1789550182833999299,1789550182700962076.jpg
1789550182734283058,1789550182869318002,1789550182734283058.jpg
1789550182767604994,1789550182899241534,1789550182767604994.jpg
1789550182800918406,1789550182933103760,1789550182800918406.jpg
1789550182834236929,1789550182969807155,1789550182834236929.jpg
1789550182867557062,1789550183002873187,1789550182867557062.jpg
1789550182900880820,1789550183034020056,1789550182900880820.jpg
1789550182934196767,1789550183067992465,1789550182934196767.jpg
1789550182967512158,1789550183102651322,1789550182967512158.jpg
1789550183000831617,1789550183130464030,1789550183000831617.jpg
1789550183034150890,1789550183167581587,1789550183034150890.jpg
1789550183067470413,1789550183201549404,1789550183067470413.jpg
1789550183100788359,1789550183229883656,1789550183100788359.jpg
1789550183134107252,1789550183269238941,1789550183134107252.jpg
1789550183167426922,1789550183299975085,1789550183167426922.jpg
1789550183200745948,1789550183332991581,1789550183200745948.jpg
1789550183234067184,1789550183373591427,1789550183234067184.jpg
1789550183267383845,1789550183398848522,1789550183267383845.jpg
1789550183300703240,1789550183433165923,1789550183300703240.jpg
1789550183334023704,1789550183468133315,1789550183334023704.jpg
1789550183367339928,1789550183499428293,1789550183367339928.jpg
1789550183400659455,1789550183537032528,1789550183400659455.jpg
1789550183433979496,1789550183566623505,1789550183433979496.jpg
1789550183467295500,1789550183600100349,1789550183467295500.jpg
1789550183500614527,1789550183632175301,1789550183500614527.jpg
1789550183533932805,1789550183666787664,1789550183533932805.jpg
1789550183567258389,1789550183700620202,1789550183567258389.jpg
1789550183600590372,1789550183731153076,1789550183600590372.jpg
1789550183633892533,1789550183767976190,1789550183633892533.jpg
1789550183667214549,1789550183798464310,1789550183667214549.jpg
1789550183700528931,1789550183834063804,1789550183700528931.jpg
1789550183733855371,1789550183868286718,1789550183733855371.jpg
1789550183767165945,1789550183897466175,1789550183767165945.jpg
1789550183800488852,1789550183943208150,1789550183800488852.jpg
1789550183833802932,1789550183969761300,1789550183833802932.jpg
1789550183867122894,1789550184001509201,1789550183867122894.jpg
1789550183900442124,1789550184036384969,1789550183900442124.jpg
1789550183933758689,1789550184066173953,1789550183933758689.jpg
1789550183967079656,1789550184104106750,1789550183967079656.jpg
1789550184000409315,1789550184130481307,1789550184000409315.jpg
1789550184033717233,1789550184167511202,1789550184033717233.jpg
1789550184067035568,1789550184201304870,1789550184067035568.jpg
1789550184100354597,1789550184232880344,1789550184100354597.jpg
1789550184133681385,1789550184266463594,1789550184133681385.jpg
1789550184166990236,1789550184298983723,1789550184166990236.jpg
1789550184200311057,1789550184332852529,1789550184200311057.jpg
1789550184233629146,1789550184367076344,1789550184233629146.jpg
1789550184266946506,1789550184399463157,1789550184266946506.jpg
1789550184300270317,1789550184433977898,1789550184300270317.jpg
1789550184333586217,1789550184464892606,1789550184333586217.jpg
1789550184366916959,1789550184501567603,1789550184366916959.jpg
1789550184400228444,1789550184533548006,1789550184400228444.jpg
1789550184433545246,1789550184567468934,1789550184433545246.jpg
1789550184466866160,1789550184611410136,1789550184466866160.jpg
1789550184500181113,1789550184634656007,1789550184500181113.jpg
1789550184533499529,1789550184668827255,1789550184533499529.jpg
1789550184566829438,1789550184706134892,1789550184566829438.jpg
1789550184600137793,1789550184736364207,1789550184600137793.jpg
1789550184633455154,1789550184768316114,1789550184633455154.jpg
1789550184666786453,1789550184797975966,1789550184666786453.jpg
1789550184700094333,1789550184835304341,1789550184700094333.jpg
1789550184733410653,1789550184867180961,1789550184733410653.jpg
1789550184766731737,1789550184898233874,1789550184766731737.jpg
1789550184800051162,1789550184934176688,1789550184800051162.jpg
1789550184833369051,1789550184963781399,1789550184833369051.jpg
1789550184866691083,1789550185002020990,1789550184866691083.jpg
1789550184900012216,1789550185031109875,1789550184900012216.jpg
1789550184933324269,1789550185067186648,1789550184933324269.jpg
1789550184966643187,1789550185097615858,1789550184966643187.jpg
1789550184999961426,1789550185137148089,1789550184999961426.jpg
1789550185033285612,1789550185166369642,1789550185033285612.jpg
1789550185066604381,1789550185201520498,1789550185066604381.jpg
1789550185099921025,1789550185230867238,1789550185099921025.jpg
1789550185133243330,1789550185268999854,1789550185133243330.jpg
1789550185166558672,1789550185297681958,1789550185166558672.jpg
1789550185199877215,1789550185335149754,1789550185199877215.jpg
1789550185233192171,1789550185368307850,1789550185233192171.jpg
1789550185266513074,1789550185402542770,1789550185266513074.jpg
1789550185299841689,1789550185433323175,1789550185299841689.jpg
1789550185333149016,1789550185466107117,1789550185333149016.jpg
1789550185366468561,1789550185505859374,1789550185366468561.jpg
1789550185399793583,1789550185532538628,1789550185399793583.jpg
1789550185433109180,1789550185563772660,1789550185433109180.jpg
1789550185466426664,1789550185602671029,1789550185466426664.jpg
1789550185499742718,1789550185634166100,1789550185499742718.jpg
1789550185533063058,1789550185666758308,1789550185533063058.jpg
1789550185566384977,1789550185701334442,1789550185566384977.jpg
1789550185599698613,1789550185731850104,1789550185599698613.jpg
1789550185633022344,1789550185768152347,1789550185633022344.jpg
1789550185666337476,1789550185799697191,1789550185666337476.jpg
1789550185699658076,1789550185831139047,1789550185699658076.jpg
1789550185732975693,1789550185864828519,1789550185732975693.jpg
1789550185766294268,1789550185898254118,1789550185766294268.jpg
1789550185799612044,1789550185932817384,1789550185799612044.jpg
1789550185832929736,1789550185966946835,1789550185832929736.jpg
1789550185866252038,1789550186000948674,1789550185866252038.jpg
1789550185899570135,1789550186030462555,1789550185899570135.jpg
1789550185932894810,1789550186069597054,1789550185932894810.jpg
1789550185966213105,1789550186098460445,1789550185966213105.jpg
1789550185999532517,1789550186132749074,1789550185999532517.jpg
1789550186032847117,1789550186167803233,1789550186032847117.jpg
1789550186066167179,1789550186197796514,1789550186066167179.jpg
1789550186099492824,1789550186236976711,1789550186099492824.jpg
1789550186132802169,1789550186267091920,1789550186132802169.jpg
1789550186166122344,1789550186298286360,1789550186166122344.jpg
1789550186199441308,1789550186333924535,1789550186199441308.jpg
1789550186232759576,1789550186368570766,1789550186232759576.jpg
1789550186266077850,1789550186399613022,1789550186266077850.jpg
1789550186299395970,1789550186431021397,1789550186299395970.jpg
1789550186332715842,1789550186466289824,1789550186332715842.jpg
1789550186366033876,1789550186507429117,1789550186366033876.jpg
1789550186399359217,1789550186533180765,1789550186399359217.jpg
1789550186432674183,1789550186567101276,1789550186432674183.jpg
1789550186465991563,1789550186599567328,1789550186465991563.jpg
1789550186499311221,1789550186635103665,1789550186499311221.jpg
1789550186532629922,1789550186668083205,1789550186532629922.jpg
1789550186565952735,1789550186698914414,1789550186565952735.jpg
1789550186599278211,1789550186732779747,1789550186599278211.jpg
1789550186632588256,1789550186765991442,1789550186632588256.jpg
1789550186665901491,1789550186801014198,1789550186665901491.jpg
1789550186699223555,1789550186831429554,1789550186699223555.jpg
1789550186732541961,1789550186865661172,1789550186732541961.jpg
1789550186765859104,1789550186900370006,1789550186765859104.jpg
1789550186799177132,1789550186938997830,1789550186799177132.jpg
1789550186832496541,1789550186969358489,1789550186832496541.jpg
1789550186865822611,1789550187001089932,1789550186865822611.jpg
1789550186899137718,1789550187033202804,1789550186899137718.jpg
1789550186932458190,1789550187072080885,1789550186932458190.jpg
1789550186965770608,1789550187100186019,1789550186965770608.jpg
1789550186999096974,1789550187135689559,1789550186999096974.jpg
1789550187032413905,1789550187166642877,1789550187032413905.jpg
1789550187065739055,1789550187197430939,1789550187065739055.jpg
1789550187099046913,1789550187232444616,1789550187099046913.jpg
1789550187132365220,1789550187265473645,1789550187132365220.jpg
1789550187165688278,1789550187300357470,1789550187165688278.jpg
1789550187199009159,1789550187330083670,1789550187199009159.jpg
1789550187232322712,1789550187365861526,1789550187232322712.jpg
1789550187265641272,1789550187400803953,1789550187265641272.jpg
1789550187298958990,1789550187429123078,1789550187298958990.jpg
1789550187332280559,1789550187466987995,1789550187332280559.jpg
1789550187365599850,1789550187495621208,1789550187365599850.jpg
1789550187398916769,1789550187535200994,1789550187398916769.jpg
1789550187432236228,1789550187568378911,1789550187432236228.jpg
1789550187465555318,1789550187602532146,1789550187465555318.jpg
1789550187498873427,1789550187633629926,1789550187498873427.jpg
1789550187532190871,1789550187668125708,1789550187532190871.jpg
1789550187565511264,1789550187698879645,1789550187565511264.jpg
1789550187598831058,1789550187743291098,1789550187598831058.jpg
1789550187632147133,1789550187764573750,1789550187632147133.jpg
1789550187665475244,1789550187798453817,1789550187665475244.jpg
1789550187698789215,1789550187832948062,1789550187698789215.jpg
1789550187732105871,1789550187866502856,1789550187732105871.jpg
1789550187765423762,1789550187898807720,1789550187765423762.jpg
1789550187798742347,1789550187932690064,1789550187798742347.jpg
1789550187832061832,1789550187969002887,1789550187832061832.jpg
1789550187865380652,1789550187999568348,1789550187865380652.jpg
1789550187898700229,1789550188033805419,1789550187898700229.jpg
1789550187932018096,1789550188068733399,1789550187932018096.jpg
1789550187965332576,1789550188097035947,1789550187965332576.jpg
1789550187998654297,1789550188135331636,1789550187998654297.jpg
1789550188031978425,1789550188164704730,1789550188031978425.jpg
1789550188065307045,1789550188198414665,1789550188065307045.jpg
1789550188098617296,1789550188230315188,1789550188098617296.jpg
1789550188131932741,1789550188264945744,1789550188131932741.jpg
1789550188165249639,1789550188300555543,1789550188165249639.jpg
1789550188198566177,1789550188332586105,1789550188198566177.jpg
1789550188231888837,1789550188363904630,1789550188231888837.jpg
1789550188265205795,1789550188399203747,1789550188265205795.jpg
1789550188298523864,1789550188431069071,1789550188298523864.jpg
1789550188331851506,1789550188465062784,1789550188331851506.jpg
1789550188365159977,1789550188496199295,1789550188365159977.jpg
1789550188398479708,1789550188533450213,1789550188398479708.jpg
1789550188431800336,1789550188563794884,1789550188431800336.jpg
1789550188465119764,1789550188600758098,1789550188465119764.jpg
1789550188498440462,1789550188630619425,1789550188498440462.jpg
1789550188531756068,1789550188663453382,1789550188531756068.jpg
1789550188565080590,1789550188698980209,1789550188565080590.jpg
1789550188598393579,1789550188731352116,1789550188598393579.jpg
1789550188631711058,1789550188765773810,1789550188631711058.jpg
1789550188665032412,1789550188805283081,1789550188665032412.jpg
1789550188698361325,1789550188832695060,1789550188698361325.jpg
1789550188731666866,1789550188865245110,1789550188731666866.jpg
1789550188764995459,1789550188897238787,1789550188764995459.jpg
1789550188798304722,1789550188932913041,1789550188798304722.jpg
1789550188831621929,1789550188965767699,1789550188831621929.jpg
1789550188864956104,1789550188997820535,1789550188864956104.jpg
1789550188898266789,1789550189031063861,1789550188898266789.jpg
1789550188931580892,1789550189067298813,1789550188931580892.jpg
1789550188964901013,1789550189098972473,1789550188964901013.jpg
1789550188998223232,1789550189131116071,1789550188998223232.jpg
1789550189031535646,1789550189165459696,1789550189031535646.jpg
1789550189064863396,1789550189200544780,1789550189064863396.jpg
1789550189098173632,1789550189230348387,1789550189098173632.jpg
1789550189131490023,1789550189265513702,1789550189131490023.jpg
1789550189164811088,1789550189298084633,1789550189164811088.jpg
1789550189198130070,1789550189335350099,1789550189198130070.jpg
1789550189231459937,1789550189368942082,1789550189231459937.jpg
1789550189264768931,1789550189398020303,1789550189264768931.jpg
1789550189298086013,1789550189430048379,1789550189298086013.jpg
1789550189331407989,1789550189465516968,1789550189331407989.jpg
1789550189364728363,1789550189497873076,1789550189364728363.jpg
1789550189398043292,1789550189531903705,1789550189398043292.jpg
1789550189431366269,1789550189563225484,1789550189431366269.jpg
1789550189464685073,1789550189599507060,1789550189464685073.jpg
1789550189498000285,1789550189632391858,1789550189498000285.jpg
1789550189531315427,1789550189664623037,1789550189531315427.jpg
1789550189564647845,1789550189700557103,1789550189564647845.jpg
1789550189597953823,1789550189728313941,1789550189597953823.jpg
1789550189631272171,1789550189766451570,1789550189631272171.jpg
1789550189664597561,1789550189797483054,1789550189664597561.jpg
1789550189697910600,1789550189832765206,1789550189697910600.jpg
1789550189731230302,1789550189864131794,1789550189731230302.jpg
1789550189764556818,1789550189899972002,1789550189764556818.jpg
1789550189797867024,1789550189933111599,1789550189797867024.jpg
1789550189831188226,1789550189964362166,1789550189831188226.jpg
1789550189864514395,1789550189999356780,1789550189864514395.jpg
1789550189897824165,1789550190031627154,1789550189897824165.jpg
1789550189931143775,1789550190066007307,1789550189931143775.jpg
1789550189964461137,1789550190098317175,1789550189964461137.jpg
1789550189997786959,1789550190129329380,1789550189997786959.jpg
1789550190031101120,1789550190167378201,1789550190031101120.jpg
1789550190064420127,1789550190198647890,1789550190064420127.jpg
1789550190097736231,1789550190230114202,1789550190097736231.jpg
1789550190131057554,1789550190264243258,1789550190131057554.jpg
1789550190164379628,1789550190296663242,1789550190164379628.jpg
1789550190197693998,1789550190347231445,1789550190197693998.jpg
1789550190231016582,1789550190385393436,1789550190231016582.jpg
1789550190264337565,1789550190408574609,1789550190264337565.jpg
1789550190297654548,1789550190443511467,1789550190297654548.jpg
1789550190330974599,1789550190468573024,1789550190330974599.jpg
1789550190364299915,1789550190499362831,1789550190364299915.jpg
1789550190397610010,1789550190531594932,1789550190397610010.jpg
1789550190430925987,1789550190563808313,1789550190430925987.jpg
1789550190464280782,1789550190603483051,1789550190464280782.jpg
1789550190497577430,1789550190634470426,1789550190497577430.jpg
1789550190530882415,1789550190666513866,1789550190530882415.jpg
1789550190564208058,1789550190700510513,1789550190564208058.jpg
1789550190597519975,1789550190730932998,1789550190597519975.jpg
1789550190630838088,1789550190769255506,1789550190630838088.jpg
1789550190664155488,1789550190796816088,1789550190664155488.jpg
1789550190697485298,1789550190833400231,1789550190697485298.jpg
1789550190730794502,1789550190866806863,1789550190730794502.jpg
1789550190764115191,1789550190897222849,1789550190764115191.jpg
1789550190797434290,1789550190932674362,1789550190797434290.jpg
1789550190830749325,1789550190966161668,1789550190830749325.jpg
1789550190864074821,1789550190997176391,1789550190864074821.jpg
1789550190897388945,1789550191032319903,1789550190897388945.jpg
1789550190930706635,1789550191064307328,1789550190930706635.jpg
1789550190964029668,1789550191098881210,1789550190964029668.jpg
1789550190997343136,1789550191130288192,1789550190997343136.jpg
1789550191030663716,1789550191165617346,1789550191030663716.jpg
1789550191063982959,1789550191198248279,1789550191063982959.jpg
1789550191097300973,1789550191229538739,1789550191097300973.jpg
1789550191130621993,1789550191268049717,1789550191130621993.jpg
1789550191163939727,1789550191299599958,1789550191163939727.jpg
1789550191197258034,1789550191331246946,1789550191197258034.jpg
1789550191230575795,1789550191363168175,1789550191230575795.jpg
1789550191263897098,1789550191399294299,1789550191263897098.jpg
1789550191297213382,1789550191434660114,1789550191297213382.jpg
1789550191330540319,1789550191463304365,1789550191330540319.jpg
1789550191363853840,1789550191498731043,1789550191363853840.jpg
1789550191397170486,1789550191534098155,1789550191397170486.jpg
1789550191430485810,1789550191564084045,1789550191430485810.jpg
1789550191463815920,1789550191599321692,1789550191463815920.jpg
1789550191497126877,1789550191627610305,1789550191497126877.jpg
1789550191530444110,1789550191667949636,1789550191530444110.jpg
1789550191563766250,1789550191700681111,1789550191563766250.jpg
1789550191597092568,1789550191730638968,1789550191597092568.jpg
1789550191630401560,1789550191763342132,1789550191630401560.jpg
1789550191663724198,1789550191797089827,1789550191663724198.jpg
1789550191697038685,1789550191834221781,1789550191697038685.jpg
1789550191730358569,1789550191862246262,1789550191730358569.jpg
1789550191763682024,1789550191896871582,1789550191763682024.jpg
1789550191796995262,1789550191931981690,1789550191796995262.jpg
1789550191830315036,1789550191962027739,1789550191830315036.jpg
1789550191863637666,1789550192003177353,1789550191863637666.jpg
1789550191896951717,1789550192030333740,1789550191896951717.jpg
1789550191930274711,1789550192064129849,1789550191930274711.jpg
1789550191963587397,1789550192100428168,1789550191963587397.jpg
1789550191996906878,1789550192130991997,1789550191996906878.jpg
1789550192030227298,1789550192162650960,1789550192030227298.jpg
1789550192063546321,1789550192201821051,1789550192063546321.jpg
1789550192096861733,1789550192232490755,1789550192096861733.jpg
1789550192130182876,1789550192262963762,1789550192130182876.jpg
1789550192163501735,1789550192297382735,1789550192163501735.jpg
1789550192196819044,1789550192331773377,1789550192196819044.jpg
1789550192230137571,1789550192365130618,1789550192230137571.jpg
1789550192263456998,1789550192397549556,1789550192263456998.jpg
1789550192296779238,1789550192427711715,1789550192296779238.jpg
1789550192330095822,1789550192466448048,1789550192330095822.jpg
1789550192363413587,1789550192496750041,1789550192363413587.jpg
1789550192396731735,1789550192530223230,1789550192396731735.jpg
1789550192430052422,1789550192564493795,1789550192430052422.jpg
1789550192463373802,1789550192596586980,1789550192463373802.jpg
1789550192496692252,1789550192627729529,1789550192496692252.jpg
1789550192530008402,1789550192666483767,1789550192530008402.jpg
1789550192563324341,1789550192699939495,1789550192563324341.jpg
1789550192596644741,1789550192731832964,1789550192596644741.jpg
1789550192629964389,1789550192761829942,1789550192629964389.jpg
1789550192663282671,1789550192799509635,1789550192663282671.jpg
1789550192696601032,1789550192829270754,1789550192696601032.jpg
1789550192729920385,1789550192866466511,1789550192729920385.jpg
1789550192763250371,1789550192910863805,1789550192763250371.jpg
1789550192796560302,1789550192937899245,1789550192796560302.jpg
1789550192829888669,1789550192966769333,1789550192829888669.jpg
1789550192863197905,1789550192999327919,1789550192863197905.jpg
1789550192896513507,1789550193032579985,1789550192896513507.jpg
1789550192929832738,1789550193065656573,1789550192929832738.jpg
1789550192963156002,1789550193094907071,1789550192963156002.jpg
1789550192996471298,1789550193132585333,1789550192996471298.jpg
1789550193029788409,1789550193169161278,1789550193029788409.jpg
1789550193063112066,1789550193199454361,1789550193063112066.jpg
1789550193096433274,1789550193232167089,1789550193096433274.jpg
1789550193129744796,1789550193264929959,1789550193129744796.jpg
1789550193163063972,1789550193299906113,1789550193163063972.jpg
1789550193196384654,1789550193331509469,1789550193196384654.jpg
1789550193229699743,1789550193363034409,1789550193229699743.jpg
1789550193263022844,1789550193400532566,1789550193263022844.jpg
1789550193296338665,1789550193429106892,1789550193296338665.jpg
1789550193329659270,1789550193468415219,1789550193329659270.jpg
1789550193362977075,1789550193506803907,1789550193362977075.jpg
1789550193396297587,1789550193531530146,1789550193396297587.jpg
1789550193429620149,1789550193563596330,1789550193429620149.jpg
1789550193462933413,1789550193600313681,1789550193462933413.jpg
1789550193496261131,1789550193629868047,1789550193496261131.jpg
1789550193529572230,1789550193666530961,1789550193529572230.jpg
1789550193562886343,1789550193694206702,1789550193562886343.jpg
1789550193596205076,1789550193731838637,1789550193596205076.jpg
1789550193629530932,1789550193762246520,1789550193629530932.jpg
1789550193662846193,1789550193799663780,1789550193662846193.jpg
1789550193696164651,1789550193830402415,1789550193696164651.jpg
1789550193729485791,1789550193863963737,1789550193729485791.jpg
1789550193762805629,1789550193896642821,1789550193762805629.jpg
1789550193796116889,1789550193928390677,1789550193796116889.jpg
1789550193829437889,1789550193965675620,1789550193829437889.jpg
1789550193862758206,1789550193999218833,1789550193862758206.jpg
1789550193896074837,1789550194028690742,1789550193896074837.jpg
1789550193929394503,1789550194064582383,1789550193929394503.jpg
1789550193962711988,1789550194096875181,1789550193962711988.jpg
1789550193996031032,1789550194132603640,1789550193996031032.jpg
1789550194029357535,1789550194162618515,1789550194029357535.jpg
1789550194062670287,1789550194196920068,1789550194062670287.jpg
1789550194095993463,1789550194230233010,1789550194095993463.jpg
1789550194129305267,1789550194263353348,1789550194129305267.jpg
1789550194162626555,1789550194296640034,1789550194162626555.jpg
1789550194195947337,1789550194331790624,1789550194195947337.jpg
1789550194229261784,1789550194363211574,1789550194229261784.jpg
1789550194262583503,1789550194395614525,1789550194262583503.jpg
1789550194295902494,1789550194435098786,1789550194295902494.jpg
1789550194329217937,1789550194464597007,1789550194329217937.jpg
1789550194362540489,1789550194494399095,1789550194362540489.jpg
1789550194395854036,1789550194532215483,1789550194395854036.jpg
1789550194429183507,1789550194564381465,1789550194429183507.jpg
1789550194462493366,1789550194595001168,1789550194462493366.jpg
1789550194495822272,1789550194633742435,1789550194495822272.jpg
1789550194529138338,1789550194661392972,1789550194529138338.jpg
1789550194562449956,1789550194696581964,1789550194562449956.jpg
1789550194595770754,1789550194729014151,1789550194595770754.jpg
1789550194629086374,1789550194764404302,1789550194629086374.jpg
1789550194662407925,1789550194797131081,1789550194662407925.jpg
1789550194695725306,1789550194827395293,1789550194695725306.jpg
1789550194729042279,1789550194864566044,1789550194729042279.jpg
1789550194762364586,1789550194894835738,1789550194762364586.jpg
1789550194795679356,1789550194930433435,1789550194795679356.jpg
1789550194829007989,1789550194964303619,1789550194829007989.jpg
1789550194862317278,1789550194994575979,1789550194862317278.jpg
1789550194895636057,1789550195034862724,1789550194895636057.jpg
1789550194928957901,1789550195062894301,1789550194928957901.jpg
1789550194962282796,1789550195093472598,1789550194962282796.jpg
1789550194995594177,1789550195130403820,1789550194995594177.jpg
1789550195028910827,1789550195165659207,1789550195028910827.jpg
1789550195062229985,1789550195196770675,1789550195062229985.jpg
1789550195095549229,1789550195227952579,1789550195095549229.jpg
1789550195128866464,1789550195262788539,1789550195128866464.jpg
1789550195162192175,1789550195295847362,1789550195162192175.jpg
1789550195195505441,1789550195331853354,1789550195195505441.jpg
1789550195228829060,1789550195362920514,1789550195228829060.jpg
1789550195262144225,1789550195394799770,1789550195262144225.jpg
1789550195295459570,1789550195428475660,1789550195295459570.jpg
1789550195328781014,1789550195466398493,1789550195328781014.jpg
1789550195362099699,1789550195495575512,1789550195362099699.jpg
1789550195395420049,1789550195531830637,1789550195395420049.jpg
1789550195428745964,1789550195560267346,1789550195428745964.jpg
1789550195462055495,1789550195595921828,1789550195462055495.jpg
1789550195495375485,1789550195629302276,1789550195495375485.jpg
1789550195528691209,1789550195661056160,1789550195528691209.jpg
1789550195562013201,1789550195696193581,1789550195562013201.jpg
1789550195595330569,1789550195726450902,1789550195595330569.jpg
1789550195628648972,1789550195764853060,1789550195628648972.jpg
1789550195661977676,1789550195799466235,1789550195661977676.jpg
1789550195695285221,1789550195830011555,1789550195695285221.jpg
1789550195728606100,1789550195863219693,1789550195728606100.jpg
1789550195761932014,1789550195894960726,1789550195761932014.jpg
1789550195795243448,1789550195929205524,1789550195795243448.jpg
1789550195828561635,1789550195966824211,1789550195828561635.jpg
1789550195861879936,1789550195992261314,1789550195861879936.jpg
1789550195895208657,1789550196032195675,1789550195895208657.jpg
1789550195928520208,1789550196063588010,1789550195928520208.jpg
1789550195961835478,1789550196094933870,1789550195961835478.jpg
1789550195995154998,1789550196130827039,1789550195995154998.jpg
1789550196028472043,1789550196161984238,1789550196028472043.jpg
1789550196061797944,1789550196197637272,1789550196061797944.jpg
1789550196095108654,1789550196228805081,1789550196095108654.jpg
1789550196128429511,1789550196264301470,1789550196128429511.jpg
1789550196161749525,1789550196301109130,1789550196161749525.jpg
1789550196195065621,1789550196329443422,1789550196195065621.jpg
1789550196228384619,1789550196360437440,1789550196228384619.jpg
1789550196261702642,1789550196394031318,1789550196261702642.jpg
1789550196295020456,1789550196428546780,1789550196295020456.jpg
1789550196328345032,1789550196465672732,1789550196328345032.jpg
1789550196361661105,1789550196494038742,1789550196361661105.jpg
1789550196394980299,1789550196532725248,1789550196394980299.jpg
1789550196428296727,1789550196562456302,1789550196428296727.jpg
1789550196461617563,1789550196598528818,1789550196461617563.jpg
1789550196494936578,1789550196628896306,1789550196494936578.jpg
1789550196528257282,1789550196661314728,1789550196528257282.jpg
1789550196561578685,1789550196697643303,1789550196561578685.jpg
1789550196594890246,1789550196726992796,1789550196594890246.jpg
1789550196628211597,1789550196763996467,1789550196628211597.jpg
1789550196661534573,1789550196795895328,1789550196661534573.jpg
1789550196694847408,1789550196827572219,1789550196694847408.jpg
1789550196728166903,1789550196864964580,1789550196728166903.jpg
1789550196761483458,1789550196893592241,1789550196761483458.jpg
1789550196794804730,1789550196930719915,1789550196794804730.jpg
1789550196828122683,1789550196973869815,1789550196828122683.jpg
1789550196861457469,1789550197007270608,1789550196861457469.jpg
1789550196894767032,1789550197030861836,1789550196894767032.jpg
1789550196928080181,1789550197063286199,1789550196928080181.jpg
1789550196961398916,1789550197093170599,1789550196961398916.jpg
1789550196994718755,1789550197129151920,1789550196994718755.jpg
1789550197028034552,1789550197160746669,1789550197028034552.jpg
1789550197061354887,1789550197197895854,1789550197061354887.jpg
1789550197094671344,1789550197227590428,1789550197094671344.jpg
1789550197127997050,1789550197264445300,1789550197127997050.jpg
1789550197161314901,1789550197293927512,1789550197161314901.jpg
1789550197194628450,1789550197326982940,1789550197194628450.jpg
1789550197227946595,1789550197362155848,1789550197227946595.jpg
1789550197261262739,1789550197394442081,1789550197261262739.jpg
1789550197294584908,1789550197431030358,1789550197294584908.jpg
1789550197327907555,1789550197461803345,1789550197327907555.jpg
1789550197361223008,1789550197497076000,1789550197361223008.jpg
1789550197394543064,1789550197526931719,1789550197394543064.jpg
1789550197427859640,1789550197565879149,1789550197427859640.jpg
1789550197461198607,1789550197597327843,1789550197461198607.jpg
1789550197494504961,1789550197628369647,1789550197494504961.jpg
1789550197527825999,1789550197661554261,1789550197527825999.jpg
1789550197561138075,1789550197695966122,1789550197561138075.jpg
1789550197594454989,1789550197726511713,1789550197594454989.jpg
1789550197627777756,1789550197764130725,1789550197627777756.jpg
1789550197661091776,1789550197800026353,1789550197661091776.jpg
1789550197694418089,1789550197828797641,1789550197694418089.jpg
1789550197727727392,1789550197864140952,1789550197727727392.jpg
1789550197761046201,1789550197894439095,1789550197761046201.jpg
1789550197794368286,1789550197933081324,1789550197794368286.jpg
1789550197827684968,1789550197961956246,1789550197827684968.jpg
1789550197861006934,1789550197994932129,1789550197861006934.jpg
1789550197894325661,1789550198028734603,1789550197894325661.jpg
1789550197927639273,1789550198063511726,1789550197927639273.jpg
1789550197960958641,1789550198094757000,1789550197960958641.jpg
1789550197994277622,1789550198126016031,1789550197994277622.jpg
1789550198027597756,1789550198164741190,1789550198027597756.jpg
1789550198060916968,1789550198193965711,1789550198060916968.jpg
1789550198094234676,1789550198230265171,1789550198094234676.jpg
1789550198127552652,1789550198261615893,1789550198127552652.jpg
1789550198160870798,1789550198296568382,1789550198160870798.jpg
1789550198194190038,1789550198334041947,1789550198194190038.jpg
1789550198227508423,1789550198361734022,1789550198227508423.jpg
1789550198260825842,1789550198393172733,1789550198260825842.jpg
1789550198294148223,1789550198431049948,1789550198294148223.jpg
1789550198327462658,1789550198459749445,1789550198327462658.jpg
1789550198360788260,1789550198499249335,1789550198360788260.jpg
1789550198394103482,1789550198528190653,1789550198394103482.jpg
1789550198427426405,1789550198561535965,1789550198427426405.jpg
1789550198460741069,1789550198594836968,1789550198460741069.jpg
1789550198494056880,1789550198629438188,1789550198494056880.jpg
1789550198527381291,1789550198661064578,1789550198527381291.jpg
1789550198560697712,1789550198694292943,1789550198560697712.jpg
1789550198594013490,1789550198727830562,1789550198594013490.jpg
1789550198627333015,1789550198763444575,1789550198627333015.jpg
1789550198660653420,1789550198795118163,1789550198660653420.jpg
1789550198693975008,1789550198831634483,1789550198693975008.jpg
1789550198727288418,1789550198862208937,1789550198727288418.jpg
1789550198760616966,1789550198896012707,1789550198760616966.jpg
1789550198793927931,1789550198929266457,1789550198793927931.jpg
1789550198827245093,1789550198961327123,1789550198827245093.jpg
1789550198860562728,1789550199000438379,1789550198860562728.jpg
1789550198893891482,1789550199027355572,1789550198893891482.jpg
1789550198927205748,1789550199063022001,1789550198927205748.jpg
1789550198960521528,1789550199093184988,1789550198960521528.jpg
1789550198993839327,1789550199131333330,1789550198993839327.jpg
1789550199027157415,1789550199162331595,1789550199027157415.jpg
1789550199060477855,1789550199193608028,1789550199060477855.jpg
1789550199093800736,1789550199229632520,1789550199093800736.jpg
1789550199127117930,1789550199259703427,1789550199127117930.jpg
1789550199160429766,1789550199296042100,1789550199160429766.jpg
1789550199193750187,1789550199329553553,1789550199193750187.jpg
1789550199227069959,1789550199360191126,1789550199227069959.jpg
1789550199260388281,1789550199396515634,1789550199260388281.jpg
1789550199293711808,1789550199426232161,1789550199293711808.jpg
1789550199327038600,1789550199463918638,1789550199327038600.jpg
1789550199360347773,1789550199492991676,1789550199360347773.jpg
1789550199393660894,1789550199530657212,1789550199393660894.jpg
1789550199426982105,1789550199562123730,1789550199426982105.jpg
1789550199460304029,1789550199592579772,1789550199460304029.jpg
1789550199493617991,1789550199629337889,1789550199493617991.jpg
1789550199526939146,1789550199667264390,1789550199526939146.jpg
1789550199560255253,1789550199694675221,1789550199560255253.jpg
1789550199593576870,1789550199729111590,1789550199593576870.jpg
1789550199626894824,1789550199760972223,1789550199626894824.jpg
1789550199660212698,1789550199794611493,1789550199660212698.jpg
1789550199693532340,1789550199827538430,1789550199693532340.jpg
1789550199726851651,1789550199860952044,1789550199726851651.jpg
1789550199760168215,1789550199895537449,1789550199760168215.jpg
1789550199793487885,1789550199927671935,1789550199793487885.jpg
1789550199826805580,1789550199964594864,1789550199826805580.jpg
1789550199860125915,1789550199992971809,1789550199860125915.jpg
1789550199893442164,1789550200028129580,1789550199893442164.jpg
1789550199926764891,1789550200061959895,1789550199926764891.jpg
1789550199960081437,1789550200094112005,1789550199960081437.jpg
1789550199993401413,1789550200129491986,1789550199993401413.jpg
1789550200026720705,1789550200160912564,1789550200026720705.jpg
1789550200060035951,1789550200195177803,1789550200060035951.jpg
1789550200093358141,1789550200232388764,1789550200093358141.jpg
1789550200126671347,1789550200261938644,1789550200126671347.jpg
1789550200159994585,1789550200295957323,1789550200159994585.jpg
1789550200193314918,1789550200326532808,1789550200193314918.jpg
1789550200226627480,1789550200364241075,1789550200226627480.jpg
1789550200259956381,1789550200394147852,1789550200259956381.jpg
1789550200293274785,1789550200425239602,1789550200293274785.jpg
1789550200326588022,1789550200464851618,1789550200326588022.jpg
1789550200359904408,1789550200500469067,1789550200359904408.jpg
1789550200393222067,1789550200527493780,1789550200393222067.jpg
1789550200426554798,1789550200561027968,1789550200426554798.jpg
1789550200459859115,1789550200592588156,1789550200459859115.jpg
1789550200493179424,1789550200633725193,1789550200493179424.jpg
1789550200526498306,1789550200661053773,1789550200526498306.jpg
1789550200559825580,1789550200693909883,1789550200559825580.jpg
1789550200593137086,1789550200728974313,1789550200593137086.jpg
1789550200626453305,1789550200760256687,1789550200626453305.jpg
1789550200659773004,1789550200796864654,1789550200659773004.jpg
1789550200693098073,1789550200828949736,1789550200693098073.jpg
1789550200726412603,1789550200861824159,1789550200726412603.jpg
1789550200759730151,1789550200892626595,1789550200759730151.jpg
1789550200793047746,1789550200929977168,1789550200793047746.jpg
1789550200826366026,1789550200962079841,1789550200826366026.jpg
1789550200859693314,1789550200993788288,1789550200859693314.jpg
1789550200893005167,1789550201027629673,1789550200893005167.jpg
1789550200926322482,1789550201067594841,1789550200926322482.jpg
1789550200959640194,1789550201093875335,1789550200959640194.jpg
1789550200992962437,1789550201129234982,1789550200992962437.jpg
1789550201026278243,1789550201168080650,1789550201026278243.jpg
1789550201059597082,1789550201201550769,1789550201059597082.jpg
1789550201092935206,1789550201230117757,1789550201092935206.jpg
1789550201126236252,1789550201260820833,1789550201126236252.jpg
1789550201159554721,1789550201295401565,1789550201159554721.jpg
1789550201192872352,1789550201328971077,1789550201192872352.jpg
1789550201226194039,1789550201363249200,1789550201226194039.jpg
1789550201259512308,1789550201393014419,1789550201259512308.jpg
1789550201292832388,1789550201429169387,1789550201292832388.jpg
1789550201326162334,1789550201465257975,1789550201326162334.jpg
1789550201359466143,1789550201493522706,1789550201359466143.jpg
1789550201392786703,1789550201528477796,1789550201392786703.jpg
1789550201426105106,1789550201562542336,1789550201426105106.jpg
1789550201459423538,1789550201596717047,1789550201459423538.jpg
1789550201492743161,1789550201626903747,1789550201492743161.jpg
1789550201526058740,1789550201662523822,1789550201526058740.jpg
1789550201559379792,1789550201696511261,1789550201559379792.jpg
1789550201592698000,1789550201731205903,1789550201592698000.jpg
1789550201626016738,1789550201762807546,1789550201626016738.jpg
1789550201659340164,1789550201794938305,1789550201659340164.jpg
1789550201692651483,1789550201826991018,1789550201692651483.jpg
1789550201725972527,1789550201860986493,1789550201725972527.jpg
1789550201759291107,1789550201891476264,1789550201759291107.jpg
1789550201792607341,1789550201929435587,1789550201792607341.jpg
1789550201825929401,1789550201962145731,1789550201825929401.jpg
1789550201859245107,1789550201994471390,1789550201859245107.jpg
1789550201892564658,1789550202027967762,1789550201892564658.jpg
1789550201925885945,1789550202060878136,1789550201925885945.jpg
1789550201959207969,1789550202092645162,1789550201959207969.jpg
1789550201992522341,1789550202132368266,1789550201992522341.jpg
1789550202025838287,1789550202160743999,1789550202025838287.jpg
1789550202059167612,1789550202195711250,1789550202059167612.jpg
1789550202092533652,1789550202227202108,1789550202092533652.jpg
1789550202125796829,1789550202259826910,1789550202125796829.jpg
1789550202159116103,1789550202296640528,1789550202159116103.jpg
1789550202192440603,1789550202327429608,1789550202192440603.jpg
1789550202225751310,1789550202361597335,1789550202225751310.jpg
1789550202259069214,1789550202399985320,1789550202259069214.jpg
1789550202292390733,1789550202429305428,1789550202292390733.jpg
1789550202325745426,1789550202462992903,1789550202325745426.jpg
1789550202359026524,1789550202493234742,1789550202359026524.jpg
1789550202392346641,1789550202539299304,1789550202392346641.jpg
1789550202425662584,1789550202560151346,1789550202425662584.jpg
1789550202458983403,1789550202595164091,1789550202458983403.jpg
1789550202492304598,1789550202627914820,1789550202492304598.jpg
1789550202525619467,1789550202659457208,1789550202525619467.jpg
1789550202558944423,1789550202697239939,1789550202558944423.jpg
1789550202592257936,1789550202727261584,1789550202592257936.jpg
1789550202625577875,1789550202760897104,1789550202625577875.jpg
1789550202658893677,1789550202791705515,1789550202658893677.jpg
1789550202692211700,1789550202832472130,1789550202692211700.jpg
1789550202725541868,1789550202864841261,1789550202725541868.jpg
1789550202758865935,1789550202893130931,1789550202758865935.jpg
1789550202792171634,1789550202929479259,1789550202792171634.jpg
1789550202825492405,1789550202957498020,1789550202825492405.jpg
1789550202858806591,1789550202998662527,1789550202858806591.jpg
1789550202892127774,1789550203028874033,1789550202892127774.jpg
1789550202925443901,1789550203062037038,1789550202925443901.jpg
1789550202958763318,1789550203098245992,1789550202958763318.jpg
1789550202992081290,1789550203126559749,1789550202992081290.jpg
1789550203025399709,1789550203158560852,1789550203025399709.jpg
1789550203058728431,1789550203195181548,1789550203058728431.jpg
1789550203092037256,1789550203224527131,1789550203092037256.jpg
1789550203125357941,1789550203263990488,1789550203125357941.jpg
1789550203158676678,1789550203291497815,1789550203158676678.jpg
1789550203191993630,1789550203329382825,1789550203191993630.jpg
1789550203225319056,1789550203362423698,1789550203225319056.jpg
1789550203258631656,1789550203392641333,1789550203258631656.jpg
1789550203291952997,1789550203428839455,1789550203291952997.jpg
1789550203325267695,1789550203461390615,1789550203325267695.jpg
1789550203358587229,1789550203493310654,1789550203358587229.jpg
1789550203391906648,1789550203529673847,1789550203391906648.jpg
1789550203425222538,1789550203560777513,1789550203425222538.jpg
1789550203458546401,1789550203591523967,1789550203458546401.jpg
1789550203491860398,1789550203629554180,1789550203491860398.jpg
1789550203525187670,1789550203663712368,1789550203525187670.jpg
1789550203558499024,1789550203696507218,1789550203558499024.jpg
1789550203591819407,1789550203726226882,1789550203591819407.jpg
1789550203625137146,1789550203760055650,1789550203625137146.jpg
1789550203658455064,1789550203795600840,1789550203658455064.jpg
1789550203691771606,1789550203828503435,1789550203691771606.jpg
1789550203725090488,1789550203859477470,1789550203725090488.jpg
1789550203758409680,1789550203895602527,1789550203758409680.jpg
1789550203791729557,1789550203932469246,1789550203791729557.jpg
1789550203825047330,1789550203960153512,1789550203825047330.jpg
1789550203858371685,1789550203995036401,1789550203858371685.jpg
1789550203891685148,1789550204026926627,1789550203891685148.jpg
1789550203925005118,1789550204060023897,1789550203925005118.jpg
1789550203958323781,1789550204096194020,1789550203958323781.jpg
1789550203991641914,1789550204125801307,1789550203991641914.jpg
1789550204024964717,1789550204165399476,1789550204024964717.jpg
1789550204058276525,1789550204193462893,1789550204058276525.jpg
1789550204091602576,1789550204227850622,1789550204091602576.jpg
1789550204124915528,1789550204269797184,1789550204124915528.jpg
1789550204158233124,1789550204294199549,1789550204158233124.jpg
1789550204191552780,1789550204328355993,1789550204191552780.jpg
1789550204224874511,1789550204358670446,1789550204224874511.jpg
1789550204258191004,1789550204396193593,1789550204258191004.jpg
1789550204291511357,1789550204430438489,1789550204291511357.jpg
1789550204324830276,1789550204460517028,1789550204324830276.jpg
1789550204358152985,1789550204496005019,1789550204358152985.jpg
1789550204391466672,1789550204526587807,1789550204391466672.jpg
1789550204424781338,1789550204564420321,1789550204424781338.jpg
1789550204458112352,1789550204594919860,1789550204458112352.jpg
1789550204491424623,1789550204625475688,1789550204491424623.jpg
1789550204524743074,1789550204662997058,1789550204524743074.jpg
1789550204558062293,1789550204691135076,1789550204558062293.jpg
1789550204591377513,1789550204730919165,1789550204591377513.jpg
1789550204624697618,1789550204761332364,1789550204624697618.jpg
1789550204658021089,1789550204792905299,1789550204658021089.jpg
1789550204691332848,1789550204829145653,1789550204691332848.jpg
1789550204724651352,1789550204863413379,1789550204724651352.jpg
1789550204757973644,1789550204897476632,1789550204757973644.jpg
1789550204791295796,1789550204925591079,1789550204791295796.jpg
1789550204824607501,1789550204960489259,1789550204824607501.jpg
1789550204857931480,1789550204994228259,1789550204857931480.jpg
1789550204891244478,1789550205025310016,1789550204891244478.jpg
1789550204924563163,1789550205062423121,1789550204924563163.jpg
1789550204957899181,1789550205093229525,1789550204957899181.jpg
1789550204991208337,1789550205127416166,1789550204991208337.jpg
1789550205024521631,1789550205157606096,1789550205024521631.jpg
1789550205057839052,1789550205193964468,1789550205057839052.jpg
1789550205091167689,1789550205228783155,1789550205091167689.jpg
1789550205124477484,1789550205260293799,1789550205124477484.jpg
1789550205157793671,1789550205300057647,1789550205157793671.jpg
1789550205191111925,1789550205331069745,1789550205191111925.jpg
1789550205224433775,1789550205358661278,1789550205224433775.jpg
1789550205257750116,1789550205393644518,1789550205257750116.jpg
1789550205291067666,1789550205428151079,1789550205291067666.jpg
1789550205324389677,1789550205460110460,1789550205324389677.jpg
1789550205357708317,1789550205494045727,1789550205357708317.jpg
1789550205391024072,1789550205526838127,1789550205391024072.jpg
1789550205424343230,1789550205559638619,1789550205424343230.jpg
1789550205457662391,1789550205592981427,1789550205457662391.jpg
1789550205490980334,1789550205627386391,1789550205490980334.jpg
1789550205524299404,1789550205657967065,1789550205524299404.jpg
1789550205557618326,1789550205694069435,1789550205557618326.jpg
1789550205590939820,1789550205729450659,1789550205590939820.jpg
1789550205624256311,1789550205757801906,1789550205624256311.jpg
1789550205657578912,1789550205797576418,1789550205657578912.jpg
1789550205690895179,1789550205828458682,1789550205690895179.jpg
1789550205724217709,1789550205863992016,1789550205724217709.jpg
1789550205757532451,1789550205896717647,1789550205757532451.jpg
1789550205790854566,1789550205928305373,1789550205790854566.jpg
1789550205824168771,1789550205961464261,1789550205824168771.jpg
1789550205857487783,1789550205995696582,1789550205857487783.jpg
1789550205890819716,1789550206027035431,1789550205890819716.jpg
1789550205924123824,1789550206060834899,1789550205924123824.jpg
1789550205957442115,1789550206094820879,1789550205957442115.jpg
1789550205990763197,1789550206129815558,1789550205990763197.jpg
1789550206024079506,1789550206158278603,1789550206024079506.jpg
1789550206057398044,1789550206193333034,1789550206057398044.jpg
1789550206090717262,1789550206229527480,1789550206090717262.jpg
1789550206124033038,1789550206260822483,1789550206124033038.jpg
1789550206157353291,1789550206291087012,1789550206157353291.jpg
1789550206190675228,1789550206327461916,1789550206190675228.jpg
1789550206223988525,1789550206359745491,1789550206223988525.jpg
1789550206257312235,1789550206394857341,1789550206257312235.jpg
1789550206290628292,1789550206424159311,1789550206290628292.jpg
1789550206323948037,1789550206460804494,1789550206323948037.jpg
1789550206357267850,1789550206493462095,1789550206357267850.jpg
1789550206390592083,1789550206524946313,1789550206390592083.jpg
1789550206423907110,1789550206559099623,1789550206423907110.jpg
1789550206457221023,1789550206590261754,1789550206457221023.jpg
1789550206490542826,1789550206629605525,1789550206490542826.jpg
1789550206523862117,1789550206658307093,1789550206523862117.jpg
1789550206557180207,1789550206691607053,1789550206557180207.jpg
1789550206590495597,1789550206727338246,1789550206590495597.jpg
1789550206623813250,1789550206757463052,1789550206623813250.jpg
1789550206657135577,1789550206796563558,1789550206657135577.jpg
1789550206690452446,1789550206826471208,1789550206690452446.jpg
1789550206723771022,1789550206858349948,1789550206723771022.jpg
1789550206757092577,1789550206892507720,1789550206757092577.jpg
1789550206790408248,1789550206930168102,1789550206790408248.jpg
1789550206823733787,1789550206958046669,1789550206823733787.jpg
1789550206858067517,1789550206992900737,1789550206858067517.jpg
1789550206894316075,1789550207031588777,1789550206894316075.jpg
1789550206933888415,1789550207067793886,1789550206933888415.jpg
1789550206975411784,1789550207113536657,1789550206975411784.jpg
1789550207018123858,1789550207155453305,1789550207018123858.jpg
1789550207061588854,1789550207196071792,1789550207061588854.jpg
1789550207105736900,1789550207241165464,1789550207105736900.jpg
1789550207150790129,1789550207287442664,1789550207150790129.jpg
1789550207197171573,1789550207332152071,1789550207197171573.jpg
1789550207244944643,1789550207380899555,1789550207244944643.jpg
1789550207294024774,1789550207432054534,1789550207294024774.jpg
1789550207344278086,1789550207482788292,1789550207344278086.jpg
1789550207396285159,1789550207539159024,1789550207396285159.jpg
1789550207450696134,1789550207587687537,1789550207450696134.jpg
1789550207507414060,1789550207642184388,1789550207507414060.jpg
1789550207566608482,1789550207702937633,1789550207566608482.jpg
1789550207626688373,1789550207763014596,1789550207626688373.jpg
1789550207686733576,1789550207823878826,1789550207686733576.jpg
1789550207746799424,1789550207883647145,1789550207746799424.jpg
1789550207806862529,1789550207945853363,1789550207806862529.jpg
1789550207866905191,1789550208007410075,1789550207866905191.jpg
1789550207926967221,1789550208062560224,1789550207926967221.jpg
1789550207987033914,1789550208123256638,1789550207987033914.jpg
1789550208047104477,1789550208185181000,1789550208047104477.jpg
1789550208107148041,1789550208243680649,1789550208107148041.jpg
1789550208167216056,1789550208305352934,1789550208167216056.jpg
1789550208227283056,1789550208367910008,1789550208227283056.jpg
1789550208287330603,1789550208424853290,1789550208287330603.jpg
1789550208347412002,1789550208485114761,1789550208347412002.jpg
1789550208407461612,1789550208544338019,1789550208407461612.jpg
1789550208467526504,1789550208604407071,1789550208467526504.jpg
1789550208527581458,1789550208666407164,1789550208527581458.jpg
1789550208587631076,1789550208726153407,1789550208587631076.jpg
1789550208644214809,1789550208782265633,1789550208644214809.jpg
1789550208697207359,1789550208835171135,1789550208697207359.jpg
1789550208730531684,1789550208869806820,1789550208730531684.jpg
1789550208763847214,1789550208901695961,1789550208763847214.jpg
1789550208797165250,1789550208936627699,1789550208797165250.jpg
1789550208830483836,1789550208970782762,1789550208830483836.jpg
1789550208863802530,1789550209001831589,1789550208863802530.jpg
1789550208897122106,1789550209040592872,1789550208897122106.jpg
1789550208930437788,1789550209067688536,1789550208930437788.jpg
1789550208963758210,1789550209100879521,1789550208963758210.jpg
1789550208997077559,1789550209133085303,1789550208997077559.jpg
1789550209030393189,1789550209168184923,1789550209030393189.jpg
1789550209063712473,1789550209200431441,1789550209063712473.jpg
1789550209097031079,1789550209232829327,1789550209097031079.jpg
1789550209130349709,1789550209267986921,1789550209130349709.jpg
1789550209163667520,1789550209301138522,1789550209163667520.jpg
1789550209196985273,1789550209338919843,1789550209196985273.jpg
1789550209230307630,1789550209375399872,1789550209230307630.jpg
1789550209263623427,1789550209401494262,1789550209263623427.jpg
1789550209296948626,1789550209433621480,1789550209296948626.jpg
1789550209330262337,1789550209468132605,1789550209330262337.jpg
1789550209363581569,1789550209497900544,1789550209363581569.jpg
1789550209396900943,1789550209535891984,1789550209396900943.jpg
1789550209430216139,1789550209569606270,1789550209430216139.jpg
1789550209463556661,1789550209605189363,1789550209463556661.jpg
1789550209496854142,1789550209634512806,1789550209496854142.jpg
1789550209530180783,1789550209665875996,1789550209530180783.jpg
1789550209563496544,1789550209703310621,1789550209563496544.jpg
1789550209596807829,1789550209733955388,1789550209596807829.jpg
1789550209630130940,1789550209767375491,1789550209630130940.jpg
1789550209663447418,1789550209796599502,1789550209663447418.jpg
1789550209696764220,1789550209833582354,1789550209696764220.jpg
1789550209730087056,1789550209867210892,1789550209730087056.jpg
1789550209763406100,1789550209899188667,1789550209763406100.jpg
1789550209796726342,1789550209933950740,1789550209796726342.jpg
1789550209830044922,1789550209966972395,1789550209830044922.jpg
1789550209863367837,1789550209996881963,1789550209863367837.jpg
1789550209896678536,1789550210035811944,1789550209896678536.jpg
1789550209929995462,1789550210065792408,1789550209929995462.jpg
1789550209963315000,1789550210103375955,1789550209963315000.jpg
1789550209996635476,1789550210135577625,1789550209996635476.jpg
1789550210029954054,1789550210168438632,1789550210029954054.jpg
1789550210063278931,1789550210200589142,1789550210063278931.jpg
1789550210096591860,1789550210232353480,1789550210096591860.jpg
1789550210129911705,1789550210268939104,1789550210129911705.jpg
1789550210163230122,1789550210299895106,1789550210163230122.jpg
1789550210196546795,1789550210333209646,1789550210196546795.jpg
1789550210229864527,1789550210367956384,1789550210229864527.jpg
1789550210263186632,1789550210398824934,1789550210263186632.jpg
1789550210296502083,1789550210435621975,1789550210296502083.jpg
1789550210329822184,1789550210465722053,1789550210329822184.jpg
1789550210363282368,1789550210502415774,1789550210363282368.jpg
1789550210396464363,1789550210534037224,1789550210396464363.jpg
1789550210429777610,1789550210565706964,1789550210429777610.jpg
1789550210463103472,1789550210602515873,1789550210463103472.jpg
1789550210496414885,1789550210632464286,1789550210496414885.jpg
1789550210529733357,1789550210665840984,1789550210529733357.jpg
1789550210563053218,1789550210701662303,1789550210563053218.jpg
1789550210596367754,1789550210733931111,1789550210596367754.jpg
1789550210629691053,1789550210775164304,1789550210629691053.jpg
1789550210663007280,1789550210801065439,1789550210663007280.jpg
1789550210696330288,1789550210833926521,1789550210696330288.jpg
1789550210729648060,1789550210866736553,1789550210729648060.jpg
1789550210762969267,1789550210900539399,1789550210762969267.jpg
1789550210796281769,1789550210934414068,1789550210796281769.jpg
1789550210829599797,1789550210964247108,1789550210829599797.jpg
1789550210862917763,1789550211000257419,1789550210862917763.jpg
1789550210896235485,1789550211034358575,1789550210896235485.jpg
1789550210929555514,1789550211066118523,1789550210929555514.jpg
1789550210962876522,1789550211101753827,1789550210962876522.jpg
1789550210996190452,1789550211131924726,1789550210996190452.jpg
1789550211029518120,1789550211166060599,1789550211029518120.jpg
1789550211062831214,1789550211198063089,1789550211062831214.jpg
1789550211096149042,1789550211233867537,1789550211096149042.jpg
1789550211129466937,1789550211266540974,1789550211129466937.jpg
1789550211162787645,1789550211299047823,1789550211162787645.jpg
1789550211196110286,1789550211340144808,1789550211196110286.jpg
1789550211229424172,1789550211365537565,1789550211229424172.jpg
1789550211262741450,1789550211400369531,1789550211262741450.jpg
1789550211296061583,1789550211434327168,1789550211296061583.jpg
1789550211329379932,1789550211466352192,1789550211329379932.jpg
1789550211362699106,1789550211503485537,1789550211362699106.jpg
1789550211396015617,1789550211532934921,1789550211396015617.jpg
1789550211429336075,1789550211568391915,1789550211429336075.jpg
1789550211462659192,1789550211598482140,1789550211462659192.jpg
1789550211495972656,1789550211632943507,1789550211495972656.jpg
1789550211529293859,1789550211666893368,1789550211529293859.jpg
1789550211562613260,1789550211699829308,1789550211562613260.jpg
1789550211595927786,1789550211733648204,1789550211595927786.jpg
1789550211629246629,1789550211766770712,1789550211629246629.jpg
1789550211662568996,1789550211802511853,1789550211662568996.jpg
1789550211695890002,1789550211835752863,1789550211695890002.jpg
1789550211729202139,1789550211866351058,1789550211729202139.jpg
1789550211762524580,1789550211901648740,1789550211762524580.jpg
1789550211795841753,1789550211933139242,1789550211795841753.jpg
1789550211829158062,1789550211970875581,1789550211829158062.jpg
1789550211862481924,1789550212005167748,1789550211862481924.jpg
1789550211895825592,1789550212032815148,1789550211895825592.jpg
1789550211929116308,1789550212065988295,1789550211929116308.jpg
1789550211962433625,1789550212099416074,1789550211962433625.jpg
1789550211995750492,1789550212134608675,1789550211995750492.jpg
1789550212029069944,1789550212166105507,1789550212029069944.jpg
1789550212062392726,1789550212197015029,1789550212062392726.jpg
1789550212095707936,1789550212234009316,1789550212095707936.jpg
1789550212129026217,1789550212269033106,1789550212129026217.jpg
1789550212162351341,1789550212301072810,1789550212162351341.jpg
1789550212195668870,1789550212334575117,1789550212195668870.jpg
1789550212228982952,1789550212365864977,1789550212228982952.jpg
1789550212262304810,1789550212403464017,1789550212262304810.jpg
1789550212295631668,1789550212435036154,1789550212295631668.jpg
1789550212328939337,1789550212466040904,1789550212328939337.jpg
1789550212362257465,1789550212499165372,1789550212362257465.jpg
1789550212395574636,1789550212530774208,1789550212395574636.jpg
1789550212428896973,1789550212573005003,1789550212428896973.jpg
1789550212462214120,1789550212602421612,1789550212462214120.jpg
1789550212495536834,1789550212633858323,1789550212495536834.jpg
1789550212528853353,1789550212664456479,1789550212528853353.jpg
1789550212562167976,1789550212700014605,1789550212562167976.jpg
1789550212595490106,1789550212733122093,1789550212595490106.jpg
1789550212628808058,1789550212785674294,1789550212628808058.jpg
1789550212662122479,1789550212799080698,1789550212662122479.jpg
1789550212695450707,1789550212835293218,1789550212695450707.jpg
1789550212728762828,1789550212866121047,1789550212728762828.jpg
1789550212762079056,1789550212900555008,1789550212762079056.jpg
1789550212795399272,1789550212930245136,1789550212795399272.jpg
1789550212828718575,1789550212969346032,1789550212828718575.jpg
1789550212862043791,1789550213000044526,1789550212862043791.jpg
1789550212895355096,1789550213032102467,1789550212895355096.jpg
1789550212928673554,1789550213066048435,1789550212928673554.jpg
1789550212961997152,1789550213103069364,1789550212961997152.jpg
1789550212995321627,1789550213132426331,1789550212995321627.jpg
1789550213028637792,1789550213167144344,1789550213028637792.jpg
1789550213061948836,1789550213196466927,1789550213061948836.jpg
1789550213095268830,1789550213234095646,1789550213095268830.jpg
1789550213128589328,1789550213263454519,1789550213128589328.jpg
1789550213161907983,1789550213300548217,1789550213161907983.jpg
1789550213195225323,1789550213331556575,1789550213195225323.jpg
1789550213228543248,1789550213365477639,1789550213228543248.jpg
1789550213261861782,1789550213399205895,1789550213261861782.jpg
1789550213295177332,1789550213431509247,1789550213295177332.jpg
1789550213328496194,1789550213469426687,1789550213328496194.jpg
1789550213361814555,1789550213501529307,1789550213361814555.jpg
1789550213395136615,1789550213531371487,1789550213395136615.jpg
1789550213428453989,1789550213569128170,1789550213428453989.jpg
1789550213461774337,1789550213600316227,1789550213461774337.jpg
1789550213495092565,1789550213632001903,1789550213495092565.jpg
1789550213528408790,1789550213666069965,1789550213528408790.jpg
1789550213561729168,1789550213699505056,1789550213561729168.jpg
1789550213595046181,1789550213735743645,1789550213595046181.jpg
1789550213628367651,1789550213767642033,1789550213628367651.jpg
1789550213661682197,1789550213799201781,1789550213661682197.jpg
1789550213695002276,1789550213832168731,1789550213695002276.jpg
1789550213728322184,1789550213865420772,1789550213728322184.jpg
1789550213761639185,1789550213907648176,1789550213761639185.jpg
1789550213794955820,1789550213932375666,1789550213794955820.jpg
1789550213828281012,1789550213966582210,1789550213828281012.jpg
1789550213861596468,1789550213999486687,1789550213861596468.jpg
1789550213894912747,1789550214036258758,1789550213894912747.jpg
1789550213928232739,1789550214066194090,1789550213928232739.jpg
1789550213961551498,1789550214098908368,1789550213961551498.jpg
1789550213994868116,1789550214134197340,1789550213994868116.jpg
1789550214028205115,1789550214168356907,1789550214028205115.jpg
1789550214061508994,1789550214199040639,1789550214061508994.jpg
1789550214094844252,1789550214232475988,1789550214094844252.jpg
1789550214128141840,1789550214264764618,1789550214128141840.jpg
1789550214161467503,1789550214301070455,1789550214161467503.jpg
1789550214194784137,1789550214330263664,1789550214194784137.jpg
1789550214228099222,1789550214366729239,1789550214228099222.jpg
1789550214261424419,1789550214397375421,1789550214261424419.jpg
1789550214294735336,1789550214436160557,1789550214294735336.jpg
1789550214328053924,1789550214465552092,1789550214328053924.jpg
1789550214361376763,1789550214499209799,1789550214361376763.jpg
1789550214394690943,1789550214532453729,1789550214394690943.jpg
1789550214428010989,1789550214569626080,1789550214428010989.jpg
1789550214461332706,1789550214597302120,1789550214461332706.jpg
1789550214494671433,1789550214633960651,1789550214494671433.jpg
1789550214527967966,1789550214663548196,1789550214527967966.jpg
1789550214561285914,1789550214699184825,1789550214561285914.jpg
1789550214594605330,1789550214734357980,1789550214594605330.jpg
1789550214627920451,1789550214765803481,1789550214627920451.jpg
1789550214661250386,1789550214798219150,1789550214661250386.jpg
1789550214694562736,1789550214831255070,1789550214694562736.jpg
1789550214727879379,1789550214863843161,1789550214727879379.jpg
1789550214761205367,1789550214901527981,1789550214761205367.jpg
1789550214794517347,1789550214930177762,1789550214794517347.jpg
1789550214827839365,1789550214965047734,1789550214827839365.jpg
1789550214861157083,1789550214996428115,1789550214861157083.jpg
1789550214894475454,1789550215035305330,1789550214894475454.jpg
1789550214927793001,1789550215067459847,1789550214927793001.jpg
1789550214961108755,1789550215097377921,1789550214961108755.jpg
1789550214994436715,1789550215129357831,1789550214994436715.jpg
1789550215027746961,1789550215165257238,1789550215027746961.jpg
1789550215061064739,1789550215198362202,1789550215061064739.jpg
1789550215094383933,1789550215227963392,1789550215094383933.jpg
1789550215127700826,1789550215262955531,1789550215127700826.jpg
1789550215161025082,1789550215302523450,1789550215161025082.jpg
1789550215194342025,1789550215333444686,1789550215194342025.jpg
1789550215227661745,1789550215367242262,1789550215227661745.jpg
1789550215260982956,1789550215396291692,1789550215260982956.jpg
1789550215294293081,1789550215441662968,1789550215294293081.jpg
1789550215327612397,1789550215468150387,1789550215327612397.jpg
1789550215360939853,1789550215496118146,1789550215360939853.jpg
1789550215394255380,1789550215531331218,1789550215394255380.jpg
1789550215427569331,1789550215564495397,1789550215427569331.jpg
1789550215460891814,1789550215598018509,1789550215460891814.jpg
1789550215494208186,1789550215632375899,1789550215494208186.jpg
1789550215527526594,1789550215662846696,1789550215527526594.jpg
1789550215560845821,1789550215700927257,1789550215560845821.jpg
1789550215594162666,1789550215729545096,1789550215594162666.jpg
1789550215627481459,1789550215763660166,1789550215627481459.jpg
1789550215660801137,1789550215799699222,1789550215660801137.jpg
1789550215694116818,1789550215830230954,1789550215694116818.jpg
1789550215727440973,1789550215868257689,1789550215727440973.jpg
1789550215760764853,1789550215898452022,1789550215760764853.jpg
1789550215794074994,1789550215931285282,1789550215794074994.jpg
1789550215827392911,1789550215968930753,1789550215827392911.jpg
1789550215860707350,1789550215996865165,1789550215860707350.jpg
1789550215894036555,1789550216032767625,1789550215894036555.jpg
1789550215927348441,1789550216067293509,1789550215927348441.jpg
1789550215960671549,1789550216098166713,1789550215960671549.jpg
1789550215993986987,1789550216130387293,1789550215993986987.jpg
1789550216027302993,1789550216165739623,1789550216027302993.jpg
1789550216060624875,1789550216195925529,1789550216060624875.jpg
1789550216093940265,1789550216234090299,1789550216093940265.jpg
1789550216127276355,1789550216263294503,1789550216127276355.jpg
1789550216160585886,1789550216299446004,1789550216160585886.jpg
1789550216193896244,1789550216329755376,1789550216193896244.jpg
1789550216227220642,1789550216374349419,1789550216227220642.jpg
1789550216260532607,1789550216398790609,1789550216260532607.jpg
1789550216293858077,1789550216431509623,1789550216293858077.jpg
1789550216327173305,1789550216463611570,1789550216327173305.jpg
1789550216360490767,1789550216496353562,1789550216360490767.jpg
1789550216393808533,1789550216533067359,1789550216393808533.jpg
1789550216427135265,1789550216562818786,1789550216427135265.jpg
1789550216460447470,1789550216598497368,1789550216460447470.jpg
1789550216493766228,1789550216628939315,1789550216493766228.jpg
1789550216527092337,1789550216663425056,1789550216527092337.jpg
1789550216560405204,1789550216701110408,1789550216560405204.jpg
1789550216593726797,1789550216729120493,1789550216593726797.jpg
1789550216627038210,1789550216766038559,1789550216627038210.jpg
1789550216660359883,1789550216796989993,1789550216660359883.jpg
1789550216693677590,1789550216829046114,1789550216693677590.jpg
1789550216726998708,1789550216866334167,1789550216726998708.jpg
1789550216760314607,1789550216896726657,1789550216760314607.jpg
1789550216793635087,1789550216933119422,1789550216793635087.jpg
1789550216826951402,1789550216963491082,1789550216826951402.jpg
1789550216860270329,1789550216997977860,1789550216860270329.jpg
1789550216893587238,1789550217031972535,1789550216893587238.jpg
1789550216926905820,1789550217064419194,1789550216926905820.jpg
1789550216960227613,1789550217097452979,1789550216960227613.jpg
1789550216993546221,1789550217128785305,1789550216993546221.jpg
1789550217026860021,1789550217165132500,1789550217026860021.jpg
1789550217060184669,1789550217200024630,1789550217060184669.jpg
1789550217093500960,1789550217229412641,1789550217093500960.jpg
1789550217126818907,1789550217265467356,1789550217126818907.jpg
1789550217160137601,1789550217296263716,1789550217160137601.jpg
1789550217193455450,1789550217333000100,1789550217193455450.jpg
1789550217226789255,1789550217364315762,1789550217226789255.jpg
1789550217260093040,1789550217395299209,1789550217260093040.jpg
1789550217293408766,1789550217432209699,1789550217293408766.jpg
1789550217326732326,1789550217461464505,1789550217326732326.jpg
1789550217360050405,1789550217497787370,1789550217360050405.jpg
1789550217393369286,1789550217536943284,1789550217393369286.jpg
1789550217426685172,1789550217570391161,1789550217426685172.jpg
1789550217460004884,1789550217601043115,1789550217460004884.jpg
1789550217493323580,1789550217629205234,1789550217493323580.jpg
1789550217526639611,1789550217664811527,1789550217526639611.jpg
1789550217559959899,1789550217698553144,1789550217559959899.jpg
1789550217593277235,1789550217733443699,1789550217593277235.jpg
1789550217626601518,1789550217766233424,1789550217626601518.jpg
1789550217659918601,1789550217798456668,1789550217659918601.jpg
1789550217693235369,1789550217831580848,1789550217693235369.jpg
1789550217726552713,1789550217863356486,1789550217726552713.jpg
1789550217759870191,1789550217897953988,1789550217759870191.jpg
1789550217793189314,1789550217930967108,1789550217793189314.jpg
1789550217826507692,1789550217963141544,1789550217826507692.jpg
1789550217859825777,1789550217997222486,1789550217859825777.jpg
1789550217893144601,1789550218032123131,1789550217893144601.jpg
1789550217926462828,1789550218063927189,1789550217926462828.jpg
1789550217959783284,1789550218100419400,1789550217959783284.jpg
1789550217993104304,1789550218129862142,1789550217993104304.jpg
1789550218026428734,1789550218173874962,1789550218026428734.jpg
1789550218059740690,1789550218201210597,1789550218059740690.jpg
1789550218093054920,1789550218229852650,1789550218093054920.jpg
1789550218126380157,1789550218265034479,1789550218126380157.jpg
1789550218159693415,1789550218294961139,1789550218159693415.jpg
1789550218193013872,1789550218333798759,1789550218193013872.jpg
1789550218226332293,1789550218364475097,1789550218226332293.jpg
1789550218259651764,1789550218396814843,1789550218259651764.jpg
1789550218292972927,1789550218430161028,1789550218292972927.jpg
1789550218326288484,1789550218464268779,1789550218326288484.jpg
1789550218359605625,1789550218498647882,1789550218359605625.jpg
1789550218392926654,1789550218527854767,1789550218392926654.jpg
1789550218426244090,1789550218563399715,1789550218426244090.jpg
1789550218459565241,1789550218598085704,1789550218459565241.jpg
1789550218492881597,1789550218629115272,1789550218492881597.jpg
1789550218526201240,1789550218665596003,1789550218526201240.jpg
1789550218559523623,1789550218696046185,1789550218559523623.jpg
1789550218592834714,1789550218731577024,1789550218592834714.jpg
1789550218626156079,1789550218764568442,1789550218626156079.jpg
1789550218659471546,1789550218796233518,1789550218659471546.jpg
1789550218692792168,1789550218830178680,1789550218692792168.jpg
1789550218726114718,1789550218868318745,1789550218726114718.jpg
1789550218759438615,1789550218897141829,1789550218759438615.jpg
1789550218792750659,1789550218929470354,1789550218792750659.jpg
1789550218826066153,1789550218962223452,1789550218826066153.jpg
1789550218859390106,1789550218999403682,1789550218859390106.jpg
1789550218892714337,1789550219028329622,1789550218892714337.jpg
1789550218926022113,1789550219062816098,1789550218926022113.jpg
1789550218959351062,1789550219096151376,1789550218959351062.jpg
1789550218992658729,1789550219132358400,1789550218992658729.jpg
1789550219025978422,1789550219165526663,1789550219025978422.jpg
1789550219059296865,1789550219196962861,1789550219059296865.jpg
1789550219092615904,1789550219230273160,1789550219092615904.jpg
1789550219125934463,1789550219260428510,1789550219125934463.jpg
1789550219159252843,1789550219298787822,1789550219159252843.jpg
1789550219192570410,1789550219332106750,1789550219192570410.jpg
1789550219225891912,1789550219364833016,1789550219225891912.jpg
1789550219259207337,1789550219398986036,1789550219259207337.jpg
1789550219292527121,1789550219429013718,1789550219292527121.jpg
1789550219325845118,1789550219462776791,1789550219325845118.jpg
1789550219359170242,1789550219499058139,1789550219359170242.jpg
1789550219392483633,1789550219527882851,1789550219392483633.jpg
1789550219425801574,1789550219564401075,1789550219425801574.jpg
1789550219459124364,1789550219600049618,1789550219459124364.jpg
1789550219492439734,1789550219629450568,1789550219492439734.jpg
1789550219525756325,1789550219665550070,1789550219525756325.jpg
1789550219559075892,1789550219696493852,1789550219559075892.jpg
1789550219592398505,1789550219733461960,1789550219592398505.jpg
1789550219625743521,1789550219762907830,1789550219625743521.jpg
1789550219659032122,1789550219795759969,1789550219659032122.jpg
1789550219692350252,1789550219831742801,1789550219692350252.jpg
1789550219725667520,1789550219861090999,1789550219725667520.jpg
1789550219758988390,1789550219898339181,1789550219758988390.jpg
1789550219792310628,1789550219927832527,1789550219792310628.jpg
1789550219825623635,1789550219963223456,1789550219825623635.jpg
1789550219858943818,1789550219992912276,1789550219858943818.jpg
1789550219892259946,1789550220031128697,1789550219892259946.jpg
1789550219925583216,1789550220065657388,1789550219925583216.jpg
1789550219958911841,1789550220094798686,1789550219958911841.jpg
1789550219992216763,1789550220131260916,1789550219992216763.jpg
1789550220025540119,1789550220161661935,1789550220025540119.jpg
1789550220058852855,1789550220197610010,1789550220058852855.jpg
1789550220092171620,1789550220229464743,1789550220092171620.jpg
1789550220125495032,1789550220261805503,1789550220125495032.jpg
1789550220158812449,1789550220295421742,1789550220158812449.jpg
1789550220192128631,1789550220331805926,1789550220192128631.jpg
1789550220225444948,1789550220362777721,1789550220225444948.jpg
1789550220258765937,1789550220394780119,1789550220258765937.jpg
1789550220292084402,1789550220430605063,1789550220292084402.jpg
1789550220325405839,1789550220461698249,1789550220325405839.jpg
1789550220358726649,1789550220496972544,1789550220358726649.jpg
1789550220392051317,1789550220529265570,1789550220392051317.jpg
1789550220425360164,1789550220562941504,1789550220425360164.jpg
1789550220458678206,1789550220592935818,1789550220458678206.jpg
1789550220491997425,1789550220634916497,1789550220491997425.jpg
1789550220525316557,1789550220663932386,1789550220525316557.jpg
1789550220558637717,1789550220693618852,1789550220558637717.jpg
1789550220591950977,1789550220735123983,1789550220591950977.jpg
1789550220625269622,1789550220761774854,1789550220625269622.jpg
1789550220658593816,1789550220795139996,1789550220658593816.jpg
1789550220691915840,1789550220827712485,1789550220691915840.jpg
1789550220725225664,1789550220862529100,1789550220725225664.jpg
1789550220758546365,1789550220895724136,1789550220758546365.jpg
1789550220791861761,1789550220927482918,1789550220791861761.jpg
1789550220825181824,1789550220964211390,1789550220825181824.jpg
1789550220858501338,1789550220992282053,1789550220858501338.jpg
1789550220891818580,1789550221031618879,1789550220891818580.jpg
1789550220925138546,1789550221067819345,1789550220925138546.jpg
1789550220958468761,1789550221099691481,1789550220958468761.jpg
1789550220991778262,1789550221127994019,1789550220991778262.jpg
1789550221025097878,1789550221163609878,1789550221025097878.jpg
1789550221058423301,1789550221195776901,1789550221058423301.jpg
1789550221091733467,1789550221227074632,1789550221091733467.jpg
1789550221125048238,1789550221272956954,1789550221125048238.jpg
1789550221158370333,1789550221298579424,1789550221158370333.jpg
1789550221191695119,1789550221326611906,1789550221191695119.jpg
1789550221225003683,1789550221363218021,1789550221225003683.jpg
1789550221258323751,1789550221394903386,1789550221258323751.jpg
1789550221291641893,1789550221429066143,1789550221291641893.jpg
1789550221324960342,1789550221465113796,1789550221324960342.jpg
1789550221358286041,1789550221494267294,1789550221358286041.jpg
1789550221391597929,1789550221531421985,1789550221391597929.jpg
1789550221424914702,1789550221563420030,1789550221424914702.jpg
1789550221458234275,1789550221599326628,1789550221458234275.jpg
1789550221491553415,1789550221628682748,1789550221491553415.jpg
1789550221524889479,1789550221665262978,1789550221524889479.jpg
1789550221558190271,1789550221696530473,1789550221558190271.jpg
1789550221591511545,1789550221742448160,1789550221591511545.jpg
1789550221624826997,1789550221766432405,1789550221624826997.jpg
1789550221658151757,1789550221795888382,1789550221658151757.jpg
1789550221691469486,1789550221829495638,1789550221691469486.jpg
1789550221724782678,1789550221862153429,1789550221724782678.jpg
1789550221758101713,1789550221893834312,1789550221758101713.jpg
1789550221791419592,1789550221929799476,1789550221791419592.jpg
1789550221824740251,1789550221963438932,1789550221824740251.jpg
1789550221858057551,1789550221993683748,1789550221858057551.jpg
1789550221891377302,1789550222029537408,1789550221891377302.jpg
1789550221924701355,1789550222062309663,1789550221924701355.jpg
1789550221958011655,1789550222094769626,1789550221958011655.jpg
1789550221991335966,1789550222131252441,1789550221991335966.jpg
1789550222024651497,1789550222161116214,1789550222024651497.jpg
1789550222057969196,1789550222196896235,1789550222057969196.jpg
1789550222091288768,1789550222226818852,1789550222091288768.jpg
1789550222124607640,1789550222264185790,1789550222124607640.jpg
1789550222157931628,1789550222296837079,1789550222157931628.jpg
1789550222191244508,1789550222327101003,1789550222191244508.jpg
1789550222224560909,1789550222364834725,1789550222224560909.jpg
1789550222257878713,1789550222400721194,1789550222257878713.jpg
1789550222291199407,1789550222435679120,1789550222291199407.jpg
1789550222324532510,1789550222469618442,1789550222324532510.jpg
1789550222357835721,1789550222495722587,1789550222357835721.jpg
1789550222391164596,1789550222531879261,1789550222391164596.jpg
1789550222424471471,1789550222560917052,1789550222424471471.jpg
1789550222457804367,1789550222594190147,1789550222457804367.jpg
1789550222491112907,1789550222631158638,1789550222491112907.jpg
1789550222524433047,1789550222660833455,1789550222524433047.jpg
1789550222557748821,1789550222696895438,1789550222557748821.jpg
1789550222591070136,1789550222730289406,1789550222591070136.jpg
1789550222624387275,1789550222765275218,1789550222624387275.jpg
1789550222657703198,1789550222794988140,1789550222657703198.jpg
1789550222691023602,1789550222830363696,1789550222691023602.jpg
1789550222724342878,1789550222861323434,1789550222724342878.jpg
1789550222757663373,1789550222899740769,1789550222757663373.jpg
1789550222790976731,1789550222928917171,1789550222790976731.jpg
1789550222824299085,1789550222965454812,1789550222824299085.jpg
1789550222857615760,1789550222998757718,1789550222857615760.jpg
1789550222890934829,1789550223030422305,1789550222890934829.jpg
1789550222924254603,1789550223062315361,1789550222924254603.jpg
1789550222957573740,1789550223094128298,1789550222957573740.jpg
1789550222990889689,1789550223132362971,1789550222990889689.jpg
1789550223024206691,1789550223165441979,1789550223024206691.jpg
1789550223057528119,1789550223202300724,1789550223057528119.jpg
1789550223090845246,1789550223227436960,1789550223090845246.jpg
1789550223124171395,1789550223263155506,1789550223124171395.jpg
1789550223157486352,1789550223296766832,1789550223157486352.jpg
1789550223190803402,1789550223330963636,1789550223190803402.jpg
1789550223224122080,1789550223365258705,1789550223224122080.jpg
1789550223257437801,1789550223396560118,1789550223257437801.jpg
1789550223290756006,1789550223430888219,1789550223290756006.jpg
1789550223324077827,1789550223462095700,1789550223324077827.jpg
1789550223357395643,1789550223493739253,1789550223357395643.jpg
1789550223390717260,1789550223529674287,1789550223390717260.jpg
1789550223424031539,1789550223561982177,1789550223424031539.jpg
1789550223457353008,1789550223599210002,1789550223457353008.jpg
1789550223490680458,1789550223628779517,1789550223490680458.jpg
1789550223523988219,1789550223661084148,1789550223523988219.jpg
1789550223557305583,1789550223697192141,1789550223557305583.jpg
1789550223590622134,1789550223726501783,1789550223590622134.jpg
1789550223623942390,1789550223764451474,1789550223623942390.jpg
1789550223657265536,1789550223792409686,1789550223657265536.jpg
1789550223690580591,1789550223828860244,1789550223690580591.jpg
1789550223723900377,1789550223863981295,1789550223723900377.jpg
1789550223757216419,1789550223892452364,1789550223757216419.jpg
1789550223790542062,1789550223932893186,1789550223790542062.jpg
1789550223823870959,1789550223961470629,1789550223823870959.jpg
1789550223857184987,1789550223994561710,1789550223857184987.jpg
1789550223890497115,1789550224026626020,1789550223890497115.jpg
1789550223923809010,1789550224066031368,1789550223923809010.jpg
1789550223957127462,1789550224100415016,1789550223957127462.jpg
1789550223990456425,1789550224127095915,1789550223990456425.jpg
1789550224023777564,1789550224161003163,1789550224023777564.jpg
1789550224057087850,1789550224202850684,1789550224057087850.jpg
1789550224090401272,1789550224228000084,1789550224090401272.jpg
1789550224123722751,1789550224263330365,1789550224123722751.jpg
1789550224157042588,1789550224292708996,1789550224157042588.jpg
1789550224190357807,1789550224329653005,1789550224190357807.jpg
1789550224223677968,1789550224364302729,1789550224223677968.jpg
1789550224256992953,1789550224395721902,1789550224256992953.jpg
1789550224290312463,1789550224430434265,1789550224290312463.jpg
1789550224323632598,1789550224460133650,1789550224323632598.jpg
1789550224356954170,1789550224498990367,1789550224356954170.jpg
1789550224390269992,1789550224526460327,1789550224390269992.jpg
1789550224423631202,1789550224562207312,1789550224423631202.jpg
1789550224456909249,1789550224597624136,1789550224456909249.jpg
1789550224490228356,1789550224626448434,1789550224490228356.jpg
1789550224523543442,1789550224663782762,1789550224523543442.jpg
1789550224556865123,1789550224696048711,1789550224556865123.jpg
1789550224590181625,1789550224726821582,1789550224590181625.jpg
1789550224623501001,1789550224763323280,1789550224623501001.jpg
1789550224656821235,1789550224797116174,1789550224656821235.jpg
1789550224690137999,1789550224828051393,1789550224690137999.jpg
1789550224723454196,1789550224861351130,1789550224723454196.jpg
1789550224756781430,1789550224894536123,1789550224756781430.jpg
1789550224790099276,1789550224929119282,1789550224790099276.jpg
1789550224823409667,1789550224964014880,1789550224823409667.jpg
1789550224856729154,1789550224996990030,1789550224856729154.jpg
1789550224890048788,1789550225030339148,1789550224890048788.jpg
1789550224923365221,1789550225061420903,1789550224923365221.jpg
1789550224956689044,1789550225094489465,1789550224956689044.jpg
1789550224990002408,1789550225127008713,1789550224990002408.jpg
1789550225023323766,1789550225164091924,1789550225023323766.jpg
1789550225056641573,1789550225194843722,1789550225056641573.jpg
1789550225089958427,1789550225226188275,1789550225089958427.jpg
1789550225123276906,1789550225261960087,1789550225123276906.jpg
1789550225156596649,1789550225294106310,1789550225156596649.jpg
1789550225189916895,1789550225348633450,1789550225189916895.jpg
1789550225223240789,1789550225364346184,1789550225223240789.jpg
1789550225256556611,1789550225398562149,1789550225256556611.jpg
1789550225289874349,1789550225429060407,1789550225289874349.jpg
1789550225323197815,1789550225459762323,1789550225323197815.jpg
1789550225356509719,1789550225497785409,1789550225356509719.jpg
1789550225389828248,1789550225527161317,1789550225389828248.jpg
1789550225423154224,1789550225561384096,1789550225423154224.jpg
1789550225456466996,1789550225597657804,1789550225456466996.jpg
1789550225489782678,1789550225627602155,1789550225489782678.jpg
1789550225523105121,1789550225664457415,1789550225523105121.jpg
1789550225556421709,1789550225693892871,1789550225556421709.jpg
1789550225589752782,1789550225726589335,1789550225589752782.jpg
1789550225623058194,1789550225767026635,1789550225623058194.jpg
1789550225656374199,1789550225793439050,1789550225656374199.jpg
1789550225689698275,1789550225831434807,1789550225689698275.jpg
1789550225723013283,1789550225870667972,1789550225723013283.jpg
1789550225756331267,1789550225897801142,1789550225756331267.jpg
1789550225789662572,1789550225930119361,1789550225789662572.jpg
1789550225822972372,1789550225959830705,1789550225822972372.jpg
1789550225856289972,1789550225993218300,1789550225856289972.jpg
1789550225889605747,1789550226028593368,1789550225889605747.jpg
1789550225922924640,1789550226063131047,1789550225922924640.jpg
1789550225956244859,1789550226092587351,1789550225956244859.jpg
1789550225989561105,1789550226126461878,1789550225989561105.jpg
1789550226022882936,1789550226161221084,1789550226022882936.jpg
1789550226056199708,1789550226192697025,1789550226056199708.jpg
1789550226089519526,1789550226229773847,1789550226089519526.jpg
1789550226122841398,1789550226260287824,1789550226122841398.jpg
1789550226156156284,1789550226292196725,1789550226156156284.jpg
1789550226189472837,1789550226331310423,1789550226189472837.jpg
1789550226222791924,1789550226359683204,1789550226222791924.jpg
1789550226256113087,1789550226399525342,1789550226256113087.jpg
1789550226289432437,1789550226429225872,1789550226289432437.jpg
1789550226322752654,1789550226462038282,1789550226322752654.jpg
1789550226356072506,1789550226495489755,1789550226356072506.jpg
1789550226389395660,1789550226527535527,1789550226389395660.jpg
1789550226422708752,1789550226560310905,1789550226422708752.jpg
1789550226456023200,1789550226594596230,1789550226456023200.jpg
1789550226489340974,1789550226632822583,1789550226489340974.jpg
1789550226522674364,1789550226660793863,1789550226522674364.jpg
1789550226555983444,1789550226692197184,1789550226555983444.jpg
1789550226589304397,1789550226732521775,1789550226589304397.jpg
1789550226622619984,1789550226759934444,1789550226622619984.jpg
1789550226655942924,1789550226792716488,1789550226655942924.jpg
1789550226689265225,1789550226832011365,1789550226689265225.jpg
1789550226722569896,1789550226866243808,1789550226722569896.jpg
1789550226755889690,1789550226898197741,1789550226755889690.jpg
1789550226789216252,1789550226925047596,1789550226789216252.jpg
1789550226822528737,1789550226961101166,1789550226822528737.jpg
1789550226855848239,1789550227003440358,1789550226855848239.jpg
1789550226889167419,1789550227028105431,1789550226889167419.jpg
1789550226922486422,1789550227066241146,1789550226922486422.jpg
1789550226955801915,1789550227091554132,1789550226955801915.jpg
1789550226989128415,1789550227129186119,1789550226989128415.jpg
1789550227022438100,1789550227163534878,1789550227022438100.jpg
1789550227055760540,1789550227192522317,1789550227055760540.jpg
1789550227089078027,1789550227231243898,1789550227089078027.jpg
1789550227122393604,1789550227261593396,1789550227122393604.jpg
1789550227155712099,1789550227294982172,1789550227155712099.jpg
1789550227189029588,1789550227330194612,1789550227189029588.jpg
1789550227222351558,1789550227359132428,1789550227222351558.jpg
1789550227255673729,1789550227401812536,1789550227255673729.jpg
1789550227288987283,1789550227427209566,1789550227288987283.jpg
1789550227322314794,1789550227462783902,1789550227322314794.jpg
1789550227355623398,1789550227492482468,1789550227355623398.jpg
1789550227388941708,1789550227529133623,1789550227388941708.jpg
1789550227422261112,1789550227562493051,1789550227422261112.jpg
1789550227455587223,1789550227591670243,1789550227455587223.jpg
1789550227488898253,1789550227628581678,1789550227488898253.jpg
1789550227522219330,1789550227657805900,1789550227522219330.jpg
1789550227555538878,1789550227694784066,1789550227555538878.jpg
1789550227588857862,1789550227734605057,1789550227588857862.jpg
1789550227622170178,1789550227761765295,1789550227622170178.jpg
1789550227655498218,1789550227797730598,1789550227655498218.jpg
1789550227688813474,1789550227826645750,1789550227688813474.jpg
1789550227722132001,1789550227860193449,1789550227722132001.jpg
1789550227755447366,1789550227896489615,1789550227755447366.jpg
1789550227788798968,1789550227926403930,1789550227788798968.jpg
1789550227822087382,1789550227962827559,1789550227822087382.jpg
1789550227855402645,1789550227990801393,1789550227855402645.jpg
1789550227888721873,1789550228030577055,1789550227888721873.jpg
1789550227922040676,1789550228059405051,1789550227922040676.jpg
1789550227955359697,1789550228092809268,1789550227955359697.jpg
1789550227988676388,1789550228128847596,1789550227988676388.jpg
1789550228021995676,1789550228159736113,1789550228021995676.jpg
1789550228055319513,1789550228193894600,1789550228055319513.jpg
1789550228088632072,1789550228228943819,1789550228088632072.jpg
1789550228121949994,1789550228259771178,1789550228121949994.jpg
1789550228155270355,1789550228293905482,1789550228155270355.jpg
1789550228188592668,1789550228327386282,1789550228188592668.jpg
1789550228221904875,1789550228365268974,1789550228221904875.jpg
1789550228255225422,1789550228392926849,1789550228255225422.jpg
1789550228288553780,1789550228426801985,1789550228288553780.jpg
1789550228321862190,1789550228459974807,1789550228321862190.jpg
1789550228355178546,1789550228492983374,1789550228355178546.jpg
1789550228388497215,1789550228528344200,1789550228388497215.jpg
1789550228421819005,1789550228562734193,1789550228421819005.jpg
1789550228455137938,1789550228591961358,1789550228455137938.jpg
1789550228488456847,1789550228631315946,1789550228488456847.jpg
1789550228521772225,1789550228659648527,1789550228521772225.jpg
1789550228555091901,1789550228701401720,1789550228555091901.jpg
1789550228588412522,1789550228727448995,1789550228588412522.jpg
1789550228621736330,1789550228762191515,1789550228621736330.jpg
1789550228655048248,1789550228795183917,1789550228655048248.jpg
1789550228688363241,1789550228828020340,1789550228688363241.jpg
1789550228721684398,1789550228864320225,1789550228721684398.jpg
1789550228755005028,1789550228895546715,1789550228755005028.jpg
1789550228788330921,1789550228927275157,1789550228788330921.jpg
1789550228821640325,1789550228962113979,1789550228821640325.jpg
1789550228854958958,1789550228991241472,1789550228854958958.jpg
1789550228888277987,1789550229035280876,1789550228888277987.jpg
1789550228921599903,1789550229060895449,1789550228921599903.jpg
1789550228954922166,1789550229092509590,1789550228954922166.jpg
1789550228988238610,1789550229130158682,1789550228988238610.jpg
1789550229021550870,1789550229159356757,1789550229021550870.jpg
1789550229054868541,1789550229194233202,1789550229054868541.jpg
1789550229088188835,1789550229224837996,1789550229088188835.jpg
1789550229121506658,1789550229261804217,1789550229121506658.jpg
1789550229154823436,1789550229294408559,1789550229154823436.jpg
1789550229188142319,1789550229325255839,1789550229188142319.jpg
1789550229221465664,1789550229367146605,1789550229221465664.jpg
1789550229254798135,1789550229392774528,1789550229254798135.jpg
1789550229288110601,1789550229427966893,1789550229288110601.jpg
1789550229321420742,1789550229461924221,1789550229321420742.jpg
1789550229354735757,1789550229491794520,1789550229354735757.jpg
1789550229388057493,1789550229530448182,1789550229388057493.jpg
1789550229421376988,1789550229558563180,1789550229421376988.jpg
1789550229454690737,1789550229592931545,1789550229454690737.jpg
1789550229488013500,1789550229627455870,1789550229488013500.jpg
1789550229521328625,1789550229658077829,1789550229521328625.jpg
1789550229554648946,1789550229694404857,1789550229554648946.jpg
1789550229587965153,1789550229724199741,1789550229587965153.jpg
1789550229621284774,1789550229760621609,1789550229621284774.jpg
1789550229654604619,1789550229791846394,1789550229654604619.jpg
1789550229687923685,1789550229835016156,1789550229687923685.jpg
1789550229721243868,1789550229862088145,1789550229721243868.jpg
1789550229754562808,1789550229895585719,1789550229754562808.jpg
1789550229787884270,1789550229927102261,1789550229787884270.jpg
1789550229821207972,1789550229961436223,1789550229821207972.jpg
1789550229854517343,1789550229991881057,1789550229854517343.jpg
1789550229887836144,1789550230027661066,1789550229887836144.jpg
1789550229921157157,1789550230063329366,1789550229921157157.jpg
1789550229954473415,1789550230094067956,1789550229954473415.jpg
1789550229987791155,1789550230125751105,1789550229987791155.jpg
1789550230021109065,1789550230160840705,1789550230021109065.jpg
1789550230054429453,1789550230193345688,1789550230054429453.jpg
1789550230087743998,1789550230230181018,1789550230087743998.jpg
1789550230121064728,1789550230264068945,1789550230121064728.jpg
1789550230154389920,1789550230293374431,1789550230154389920.jpg
1789550230187700865,1789550230327299113,1789550230187700865.jpg
1789550230221019807,1789550230373942259,1789550230221019807.jpg
1789550230254340760,1789550230394779934,1789550230254340760.jpg
1789550230287660100,1789550230426407386,1789550230287660100.jpg
1789550230320976737,1789550230457770911,1789550230320976737.jpg
1789550230354294613,1789550230495200661,1789550230354294613.jpg
1789550230387613542,1789550230528644944,1789550230387613542.jpg
1789550230420931358,1789550230567991030,1789550230420931358.jpg
1789550230454259158,1789550230595794587,1789550230454259158.jpg
1789550230487592305,1789550230625878209,1789550230487592305.jpg
1789550230520888154,1789550230661620407,1789550230520888154.jpg
1789550230554209456,1789550230691436898,1789550230554209456.jpg
1789550230587524011,1789550230726237593,1789550230587524011.jpg
1789550230620846608,1789550230763577355,1789550230620846608.jpg
1789550230654161668,1789550230794938621,1789550230654161668.jpg
1789550230687479684,1789550230826868551,1789550230687479684.jpg
1789550230720801137,1789550230858764060,1789550230720801137.jpg
1789550230754115767,1789550230895792716,1789550230754115767.jpg
1789550230787437018,1789550230925111996,1789550230787437018.jpg
1789550230820754839,1789550230958545503,1789550230820754839.jpg
1789550230854072353,1789550230991066762,1789550230854072353.jpg
1789550230887394087,1789550231030730082,1789550230887394087.jpg
1789550230920708325,1789550231058734204,1789550230920708325.jpg
1789550230954029225,1789550231100921871,1789550230954029225.jpg
1789550230987359050,1789550231129989220,1789550230987359050.jpg
1789550231020699507,1789550231159847186,1789550231020699507.jpg
1789550231053986472,1789550231194425928,1789550231053986472.jpg
1789550231087301385,1789550231230268000,1789550231087301385.jpg
1789550231120621869,1789550231261334045,1789550231120621869.jpg
1789550231153940068,1789550231291920487,1789550231153940068.jpg
1789550231187260406,1789550231327393146,1789550231187260406.jpg
1789550231220576799,1789550231357856475,1789550231220576799.jpg
1789550231253904000,1789550231391961410,1789550231253904000.jpg
1789550231287215329,1789550231429959749,1789550231287215329.jpg
1789550231320533849,1789550231458393646,1789550231320533849.jpg
1789550231353855450,1789550231494295599,1789550231353855450.jpg
1789550231387169001,1789550231523955444,1789550231387169001.jpg
1789550231420488139,1789550231559332652,1789550231420488139.jpg
1789550231453807107,1789550231591416931,1789550231453807107.jpg
1789550231487125642,1789550231624494966,1789550231487125642.jpg
1789550231520442706,1789550231660070759,1789550231520442706.jpg
1789550231553767862,1789550231697262873,1789550231553767862.jpg
1789550231587091516,1789550231727435408,1789550231587091516.jpg
1789550231620403994,1789550231761284339,1789550231620403994.jpg
1789550231653718872,1789550231790254035,1789550231653718872.jpg
1789550231687037555,1789550231829313214,1789550231687037555.jpg
1789550231720356021,1789550231856068966,1789550231720356021.jpg
1789550231753676682,1789550231893350475,1789550231753676682.jpg
1789550231786996101,1789550231925764061,1789550231786996101.jpg
1789550231820311779,1789550231962053518,1789550231820311779.jpg
1789550231853630645,1789550231994542688,1789550231853630645.jpg
1789550231886948556,1789550232023342146,1789550231886948556.jpg
1789550231920267279,1789550232058600777,1789550231920267279.jpg
1789550231953584091,1789550232093710075,1789550231953584091.jpg
1789550231986903040,1789550232126926128,1789550231986903040.jpg
1789550232020222168,1789550232158027222,1789550232020222168.jpg
1789550232053548104,1789550232194835923,1789550232053548104.jpg
1789550232086863042,1789550232227424967,1789550232086863042.jpg
1789550232120182597,1789550232256801700,1789550232120182597.jpg
1789550232153496342,1789550232291371034,1789550232153496342.jpg
1789550232186817955,1789550232333455454,1789550232186817955.jpg
1789550232220141647,1789550232360573174,1789550232220141647.jpg
1789550232253456538,1789550232392788824,1789550232253456538.jpg
1789550232286774094,1789550232428744009,1789550232286774094.jpg
1789550232320090794,1789550232460004675,1789550232320090794.jpg
1789550232353407460,1789550232492937932,1789550232353407460.jpg
1789550232386729279,1789550232523107929,1789550232386729279.jpg
1789550232420046619,1789550232561271115,1789550232420046619.jpg
1789550232453366035,1789550232590509644,1789550232453366035.jpg
1789550232486679791,1789550232626831799,1789550232486679791.jpg
1789550232520003961,1789550232656548838,1789550232520003961.jpg
1789550232553319374,1789550232691244618,1789550232553319374.jpg
1789550232586636962,1789550232724675401,1789550232586636962.jpg
1789550232619958077,1789550232760130394,1789550232619958077.jpg
1789550232653276008,1789550232791956003,1789550232653276008.jpg
1789550232686594009,1789550232825323961,1789550232686594009.jpg
1789550232719914993,1789550232859278784,1789550232719914993.jpg
1789550232753229163,1789550232892766541,1789550232753229163.jpg
1789550232786550026,1789550232927758651,1789550232786550026.jpg
1789550232819866362,1789550232957082410,1789550232819866362.jpg
1789550232853186780,1789550232994734220,1789550232853186780.jpg
1789550232886504017,1789550233024330719,1789550232886504017.jpg
1789550232919824288,1789550233059917231,1789550232919824288.jpg
1789550232953141791,1789550233091889189,1789550232953141791.jpg
1789550232986462314,1789550233127097714,1789550232986462314.jpg
1789550233019779306,1789550233159322657,1789550233019779306.jpg
1789550233053098106,1789550233189945333,1789550233053098106.jpg
1789550233086421092,1789550233231140001,1789550233086421092.jpg
1789550233119734804,1789550233262317195,1789550233119734804.jpg
1789550233153058170,1789550233290537063,1789550233153058170.jpg
1789550233186378764,1789550233334965372,1789550233186378764.jpg
1789550233219689583,1789550233360293979,1789550233219689583.jpg
1789550233253015650,1789550233393835357,1789550233253015650.jpg
1789550233286327883,1789550233422450321,1789550233286327883.jpg
1789550233319649563,1789550233462752904,1789550233319649563.jpg
1789550233352965521,1789550233490986289,1789550233352965521.jpg
1789550233386290033,1789550233527991222,1789550233386290033.jpg
1789550233419605342,1789550233559359983,1789550233419605342.jpg
1789550233452926875,1789550233591427892,1789550233452926875.jpg
1789550233486240496,1789550233623320046,1789550233486240496.jpg
1789550233519558543,1789550233659162319,1789550233519558543.jpg
1789550233552874900,1789550233690468534,1789550233552874900.jpg
1789550233586194522,1789550233731435250,1789550233586194522.jpg
1789550233619518745,1789550233760459085,1789550233619518745.jpg
1789550233652838632,1789550233792181558,1789550233652838632.jpg
1789550233686152296,1789550233829600991,1789550233686152296.jpg
1789550233719467488,1789550233859261222,1789550233719467488.jpg
1789550233752792420,1789550233890818865,1789550233752792420.jpg
1789550233786109169,1789550233929135011,1789550233786109169.jpg
1789550233819425734,1789550233959859710,1789550233819425734.jpg
1789550233852745077,1789550233992013108,1789550233852745077.jpg
1789550233886061925,1789550234023335486,1789550233886061925.jpg
1789550233919383487,1789550234061967051,1789550233919383487.jpg
1789550233952697619,1789550234091708159,1789550233952697619.jpg
1789550233986023670,1789550234125754653,1789550233986023670.jpg
1789550234019335100,1789550234157969504,1789550234019335100.jpg
1789550234052653555,1789550234192438830,1789550234052653555.jpg
1789550234085975425,1789550234226838981,1789550234085975425.jpg
1789550234119292957,1789550234265246668,1789550234119292957.jpg
1789550234152611032,1789550234293073070,1789550234152611032.jpg
1789550234185936065,1789550234328442128,1789550234185936065.jpg
1789550234219245940,1789550234359044231,1789550234219245940.jpg
1789550234252569412,1789550234390083462,1789550234252569412.jpg
1789550234285883940,1789550234423561199,1789550234285883940.jpg
1789550234319207037,1789550234461807982,1789550234319207037.jpg
1789550234352522388,1789550234490250024,1789550234352522388.jpg
1789550234385839912,1789550234523672879,1789550234385839912.jpg
1789550234419157819,1789550234561678121,1789550234419157819.jpg
1789550234452473431,1789550234591751055,1789550234452473431.jpg
1789550234485796539,1789550234625582096,1789550234485796539.jpg
1789550234519113804,1789550234661647394,1789550234519113804.jpg
1789550234552429921,1789550234690965485,1789550234552429921.jpg
1789550234585754655,1789550234728364307,1789550234585754655.jpg
1789550234619068073,1789550234755598177,1789550234619068073.jpg
1789550234652386543,1789550234800713300,1789550234652386543.jpg
1789550234685724817,1789550234826428799,1789550234685724817.jpg
1789550234719035143,1789550234860459703,1789550234719035143.jpg
1789550234752343017,1789550234889742039,1789550234752343017.jpg
1789550234785659765,1789550234925450421,1789550234785659765.jpg
1789550234818981977,1789550234957404029,1789550234818981977.jpg
1789550234852297870,1789550234991481464,1789550234852297870.jpg
1789550234885620149,1789550235026481237,1789550234885620149.jpg
1789550234918936594,1789550235055033392,1789550234918936594.jpg
1789550234952254536,1789550235091076784,1789550234952254536.jpg
1789550234985579342,1789550235127931957,1789550234985579342.jpg
1789550235018892875,1789550235159624635,1789550235018892875.jpg
1789550235052209567,1789550235191570336,1789550235052209567.jpg
1789550235085530088,1789550235223964884,1789550235085530088.jpg
1789550235118849236,1789550235256852551,1789550235118849236.jpg
1789550235152166655,1789550235291357390,1789550235152166655.jpg
1789550235185486020,1789550235325232350,1789550235185486020.jpg
1789550235218802241,1789550235363398550,1789550235218802241.jpg
1789550235252121568,1789550235391161052,1789550235252121568.jpg
1789550235285442516,1789550235427381717,1789550235285442516.jpg
1789550235318757078,1789550235461502200,1789550235318757078.jpg
1789550235352075923,1789550235494448470,1789550235352075923.jpg
1789550235385396866,1789550235525191517,1789550235385396866.jpg
1789550235418715380,1789550235557328673,1789550235418715380.jpg
1789550235452032978,1789550235593368622,1789550235452032978.jpg
1789550235485353996,1789550235624188862,1789550235485353996.jpg
1789550235518672072,1789550235656569708,1789550235518672072.jpg
1789550235551991695,1789550235691968279,1789550235551991695.jpg
1789550235585315188,1789550235726842642,1789550235585315188.jpg
1789550235618631973,1789550235755968980,1789550235618631973.jpg
1789550235651945387,1789550235795480463,1789550235651945387.jpg
1789550235685263334,1789550235823073284,1789550235685263334.jpg
1789550235718580734,1789550235858655534,1789550235718580734.jpg
1789550235751903978,1789550235892202650,1789550235751903978.jpg
1789550235785218738,1789550235923235028,1789550235785218738.jpg
1789550235818540852,1789550235960680843,1789550235818540852.jpg
1789550235851855858,1789550235988631209,1789550235851855858.jpg
1789550235885174117,1789550236027662089,1789550235885174117.jpg
1789550235918493971,1789550236054439537,1789550235918493971.jpg
1789550235951815897,1789550236097606528,1789550235951815897.jpg
1789550235985131177,1789550236123143698,1789550235985131177.jpg
1789550236018453766,1789550236157389293,1789550236018453766.jpg
1789550236051770518,1789550236191168598,1789550236051770518.jpg
1789550236085089018,1789550236223424349,1789550236085089018.jpg
1789550236118403916,1789550236256235247,1789550236118403916.jpg
1789550236151725805,1789550236292314893,1789550236151725805.jpg
1789550236185041519,1789550236325410919,1789550236185041519.jpg
1789550236218360986,1789550236359260882,1789550236218360986.jpg
1789550236251681820,1789550236389778199,1789550236251681820.jpg
1789550236284997481,1789550236426850063,1789550236284997481.jpg
1789550236318317091,1789550236473371587,1789550236318317091.jpg
1789550236351649532,1789550236507589871,1789550236351649532.jpg
1789550236384959432,1789550236535078260,1789550236384959432.jpg
1789550236418278925,1789550236561973137,1789550236418278925.jpg
1789550236451603602,1789550236600172979,1789550236451603602.jpg
1789550236484909739,1789550236631213059,1789550236484909739.jpg
1789550236518230543,1789550236657983082,1789550236518230543.jpg
1789550236551551929,1789550236691947900,1789550236551551929.jpg
1789550236584864202,1789550236723414201,1789550236584864202.jpg
1789550236618185009,1789550236762485279,1789550236618185009.jpg
1789550236651499650,1789550236790955629,1789550236651499650.jpg
1789550236684823909,1789550236822527249,1789550236684823909.jpg
1789550236718140220,1789550236859974970,1789550236718140220.jpg
1789550236751459762,1789550236892460560,1789550236751459762.jpg
1789550236784777819,1789550236924724273,1789550236784777819.jpg
1789550236818096812,1789550236956527084,1789550236818096812.jpg
1789550236851412708,1789550236993731616,1789550236851412708.jpg
1789550236884735226,1789550237025039400,1789550236884735226.jpg
1789550236918051130,1789550237056356997,1789550236918051130.jpg
1789550236951370365,1789550237096155680,1789550236951370365.jpg
1789550236984700160,1789550237121410757,1789550236984700160.jpg
1789550237018007178,1789550237158166496,1789550237018007178.jpg
1789550237051326690,1789550237191523857,1789550237051326690.jpg
1789550237084642676,1789550237223479980,1789550237084642676.jpg
1789550237117962107,1789550237263084374,1789550237117962107.jpg
1789550237151279587,1789550237291152370,1789550237151279587.jpg
1789550237184607045,1789550237325213433,1789550237184607045.jpg
1789550237217922750,1789550237360141473,1789550237217922750.jpg
1789550237251237009,1789550237389844250,1789550237251237009.jpg
1789550237284555662,1789550237429927524,1789550237284555662.jpg
1789550237317873235,1789550237457656862,1789550237317873235.jpg
1789550237351193478,1789550237491197717,1789550237351193478.jpg
1789550237384517949,1789550237524971503,1789550237384517949.jpg
1789550237417827538,1789550237557822247,1789550237417827538.jpg
1789550237451147633,1789550237591141002,1789550237451147633.jpg
1789550237484464683,1789550237621018034,1789550237484464683.jpg
1789550237517784367,1789550237663012922,1789550237517784367.jpg
1789550237551101839,1789550237689632390,1789550237551101839.jpg
1789550237584422028,1789550237722934999,1789550237584422028.jpg
1789550237617739168,1789550237759168938,1789550237617739168.jpg
1789550237651060550,1789550237789034711,1789550237651060550.jpg
1789550237684379733,1789550237828616016,1789550237684379733.jpg
1789550237717693064,1789550237857485645,1789550237717693064.jpg
1789550237751015461,1789550237892361784,1789550237751015461.jpg
1789550237784333059,1789550237924145041,1789550237784333059.jpg
1789550237817649314,1789550237956412234,1789550237817649314.jpg
1789550237850969494,1789550237992211305,1789550237850969494.jpg
1789550237884293717,1789550238022882877,1789550237884293717.jpg
1789550237917606519,1789550238059537295,1789550237917606519.jpg
1789550237950928890,1789550238091112986,1789550237950928890.jpg
1789550237984243974,1789550238121622840,1789550237984243974.jpg
1789550238017563773,1789550238167389776,1789550238017563773.jpg
1789550238050886191,1789550238191281980,1789550238050886191.jpg
1789550238084213966,1789550238225124719,1789550238084213966.jpg
1789550238117516653,1789550238254674516,1789550238117516653.jpg
1789550238150837212,1789550238291246297,1789550238150837212.jpg
1789550238184154295,1789550238331296741,1789550238184154295.jpg
1789550238217480081,1789550238371220239,1789550238217480081.jpg
1789550238250812918,1789550238394868086,1789550238250812918.jpg
1789550238284110418,1789550238422449776,1789550238284110418.jpg
1789550238317428403,1789550238457559957,1789550238317428403.jpg
1789550238350750520,1789550238493298516,1789550238350750520.jpg
1789550238384066604,1789550238521790769,1789550238384066604.jpg
1789550238417387331,1789550238558875963,1789550238417387331.jpg
1789550238450704850,1789550238591506661,1789550238450704850.jpg
1789550238484021236,1789550238623380424,1789550238484021236.jpg
1789550238517338832,1789550238656311637,1789550238517338832.jpg
1789550238550657359,1789550238691939452,1789550238550657359.jpg
1789550238583977590,1789550238722981974,1789550238583977590.jpg
1789550238617294378,1789550238756630592,1789550238617294378.jpg
1789550238650614557,1789550238792222911,1789550238650614557.jpg
1789550238683937050,1789550238826226037,1789550238683937050.jpg
1789550238717253499,1789550238854505207,1789550238717253499.jpg
1789550238750568457,1789550238892262959,1789550238750568457.jpg
1789550238783890941,1789550238922915534,1789550238783890941.jpg
1789550238817206809,1789550238963871282,1789550238817206809.jpg
1789550238850530059,1789550238995698033,1789550238850530059.jpg
1789550238883845060,1789550239021702064,1789550238883845060.jpg
1789550238917168038,1789550239058663143,1789550238917168038.jpg
1789550238950486656,1789550239090269885,1789550238950486656.jpg
1789550238983801323,1789550239123667461,1789550238983801323.jpg
1789550239017117740,1789550239157036744,1789550239017117740.jpg
1789550239050435884,1789550239188749195,1789550239050435884.jpg
1789550239083755328,1789550239226787759,1789550239083755328.jpg
1789550239117071883,1789550239257957875,1789550239117071883.jpg
1789550239150393487,1789550239289827230,1789550239150393487.jpg
1789550239183711111,1789550239323417113,1789550239183711111.jpg
1789550239217027093,1789550239359425876,1789550239217027093.jpg
1789550239250350372,1789550239389724478,1789550239250350372.jpg
1789550239283689782,1789550239422610882,1789550239283689782.jpg
1789550239316983141,1789550239455316051,1789550239316983141.jpg
1789550239350303612,1789550239492564277,1789550239350303612.jpg
1789550239383622712,1789550239521461457,1789550239383622712.jpg
1789550239416946227,1789550239559239852,1789550239416946227.jpg
1789550239450264098,1789550239586957653,1789550239450264098.jpg
1789550239483577079,1789550239626894185,1789550239483577079.jpg
1789550239516895236,1789550239656707483,1789550239516895236.jpg
1789550239550213413,1789550239688709227,1789550239550213413.jpg
1789550239583534651,1789550239725866929,1789550239583534651.jpg
1789550239616855317,1789550239758121584,1789550239616855317.jpg
1789550239650169647,1789550239791054315,1789550239650169647.jpg
1789550239683489956,1789550239820853151,1789550239683489956.jpg
1789550239716811803,1789550239857090642,1789550239716811803.jpg
1789550239750129911,1789550239891514599,1789550239750129911.jpg
1789550239783443474,1789550239921248018,1789550239783443474.jpg
1789550239816762815,1789550239958495708,1789550239816762815.jpg
1789550239850084832,1789550239992877152,1789550239850084832.jpg
1789550239883398427,1789550240021038170,1789550239883398427.jpg
1789550239916720521,1789550240059083714,1789550239916720521.jpg
1789550239950049199,1789550240090544105,1789550239950049199.jpg
1789550239983353465,1789550240125791635,1789550239983353465.jpg
1789550240016673843,1789550240153479050,1789550240016673843.jpg
1789550240049991384,1789550240191201471,1789550240049991384.jpg
1789550240083313529,1789550240224629894,1789550240083313529.jpg
1789550240116628548,1789550240253689606,1789550240116628548.jpg
1789550240149952741,1789550240292178887,1789550240149952741.jpg
1789550240183268474,1789550240320531694,1789550240183268474.jpg
1789550240216585207,1789550240357670008,1789550240216585207.jpg
1789550240249907646,1789550240393494665,1789550240249907646.jpg
1789550240283220383,1789550240423447961,1789550240283220383.jpg
1789550240316541241,1789550240460203382,1789550240316541241.jpg
1789550240349858208,1789550240488571206,1789550240349858208.jpg
1789550240383177852,1789550240524571376,1789550240383177852.jpg
1789550240416495095,1789550240558841371,1789550240416495095.jpg
1789550240449814982,1789550240596162624,1789550240449814982.jpg
1789550240483135066,1789550240627887275,1789550240483135066.jpg
1789550240516468147,1789550240671691046,1789550240516468147.jpg
1789550240549774031,1789550240695362297,1789550240549774031.jpg
1789550240583090829,1789550240725061331,1789550240583090829.jpg
1789550240616422722,1789550240761227145,1789550240616422722.jpg
1789550240649727621,1789550240791589072,1789550240649727621.jpg
1789550240683053534,1789550240820620029,1789550240683053534.jpg
1789550240716363702,1789550240856210847,1789550240716363702.jpg
1789550240749681157,1789550240891822644,1789550240749681157.jpg
1789550240782999344,1789550240921073330,1789550240782999344.jpg
1789550240816319989,1789550240958826025,1789550240816319989.jpg
1789550240849640712,1789550240989586583,1789550240849640712.jpg
1789550240882959080,1789550241024074715,1789550240882959080.jpg
1789550240916276831,1789550241053787765,1789550240916276831.jpg
1789550240949594336,1789550241095292103,1789550240949594336.jpg
1789550240982912713,1789550241122499064,1789550240982912713.jpg
1789550241016232122,1789550241158055441,1789550241016232122.jpg
1789550241049550888,1789550241193518330,1789550241049550888.jpg
1789550241082870436,1789550241223043831,1789550241082870436.jpg
1789550241116189558,1789550241256196105,1789550241116189558.jpg
1789550241149508668,1789550241291436487,1789550241149508668.jpg
1789550241182823872,1789550241319893076,1789550241182823872.jpg
1789550241216143296,1789550241361455888,1789550241216143296.jpg
1789550241249470894,1789550241391006923,1789550241249470894.jpg
1789550241282783632,1789550241422867758,1789550241282783632.jpg
1789550241316102743,1789550241454605648,1789550241316102743.jpg
1789550241349417118,1789550241490621370,1789550241349417118.jpg
1789550241382733350,1789550241525359524,1789550241382733350.jpg
1789550241416053845,1789550241555379255,1789550241416053845.jpg
1789550241449370530,1789550241589892068,1789550241449370530.jpg
1789550241482698841,1789550241626509414,1789550241482698841.jpg
1789550241516008406,1789550241655083635,1789550241516008406.jpg
1789550241549332363,1789550241691875235,1789550241549332363.jpg
1789550241582647713,1789550241720656170,1789550241582647713.jpg
1789550241615964539,1789550241759070441,1789550241615964539.jpg
1789550241649296760,1789550241792153928,1789550241649296760.jpg
1789550241682599426,1789550241821909509,1789550241682599426.jpg
1789550241715924872,1789550241860483333,1789550241715924872.jpg
1789550241749239376,1789550241888019990,1789550241749239376.jpg
1789550241782564202,1789550241922148947,1789550241782564202.jpg
1789550241815875908,1789550241957291398,1789550241815875908.jpg
1789550241849192524,1789550241989530387,1789550241849192524.jpg
1789550241882514138,1789550242028226712,1789550241882514138.jpg
1789550241915833995,1789550242055233347,1789550241915833995.jpg
1789550241949163810,1789550242090479524,1789550241949163810.jpg
1789550241982468665,1789550242122322676,1789550241982468665.jpg
1789550242015787157,1789550242153742718,1789550242015787157.jpg
1789550242049106204,1789550242200854136,1789550242049106204.jpg
1789550242082425618,1789550242224289343,1789550242082425618.jpg
1789550242115744129,1789550242256448193,1789550242115744129.jpg
1789550242149064131,1789550242290053646,1789550242149064131.jpg
1789550242182381698,1789550242322412618,1789550242182381698.jpg
1789550242215698411,1789550242357219076,1789550242215698411.jpg
1789550242249020913,1789550242390730412,1789550242249020913.jpg
1789550242282333866,1789550242421901432,1789550242282333866.jpg
1789550242315654550,1789550242457668558,1789550242315654550.jpg
1789550242348972460,1789550242490298512,1789550242348972460.jpg
1789550242382292610,1789550242523754262,1789550242382292610.jpg
1789550242415609759,1789550242565603090,1789550242415609759.jpg
1789550242448945284,1789550242592237478,1789550242448945284.jpg
1789550242482271684,1789550242622102285,1789550242482271684.jpg
1789550242515564786,1789550242657029727,1789550242515564786.jpg
1789550242548884479,1789550242692141866,1789550242548884479.jpg
1789550242582203137,1789550242721397236,1789550242582203137.jpg
1789550242615522410,1789550242757492854,1789550242615522410.jpg
1789550242648838253,1789550242791639623,1789550242648838253.jpg
1789550242682158298,1789550242822787665,1789550242682158298.jpg
1789550242715479771,1789550242857770563,1789550242715479771.jpg
1789550242748795160,1789550242888857761,1789550242748795160.jpg
1789550242782117574,1789550242922521780,1789550242782117574.jpg
1789550242815430373,1789550242960921756,1789550242815430373.jpg
1789550242848749360,1789550242991718807,1789550242848749360.jpg
1789550242882071650,1789550243024166582,1789550242882071650.jpg
1789550242915387426,1789550243054009742,1789550242915387426.jpg
1789550242948708821,1789550243101679528,1789550242948708821.jpg
1789550242982024021,1789550243125400807,1789550242982024021.jpg
1789550243015351581,1789550243156159363,1789550243015351581.jpg
1789550243048665906,1789550243191669374,1789550243048665906.jpg
1789550243081978618,1789550243224935668,1789550243081978618.jpg
1789550243115300672,1789550243260581605,1789550243115300672.jpg
1789550243148624134,1789550243290854597,1789550243148624134.jpg
1789550243181939060,1789550243323717037,1789550243181939060.jpg
1789550243215254215,1789550243359353272,1789550243215254215.jpg
1789550243248575390,1789550243391523380,1789550243248575390.jpg
1789550243281891357,1789550243424395541,1789550243281891357.jpg
1789550243315212575,1789550243458919758,1789550243315212575.jpg
1789550243348602426,1789550243494072058,1789550243348602426.jpg
1789550243381845711,1789550243526347985,1789550243381845711.jpg
1789550243415163969,1789550243554469599,1789550243415163969.jpg
1789550243448485075,1789550243588423411,1789550243448485075.jpg
1789550243481804134,1789550243621808837,1789550243481804134.jpg
1789550243515118770,1789550243655788479,1789550243515118770.jpg
1789550243548440264,1789550243689500898,1789550243548440264.jpg
1789550243581756943,1789550243721064161,1789550243581756943.jpg
1789550243615075005,1789550243757973632,1789550243615075005.jpg
1789550243648395326,1789550243788083831,1789550243648395326.jpg
1789550243681714000,1789550243823184305,1789550243681714000.jpg
1789550243715031686,1789550243856418251,1789550243715031686.jpg
1789550243748350241,1789550243894214325,1789550243748350241.jpg
1789550243781665847,1789550243923510744,1789550243781665847.jpg
1789550243814987049,1789550243957171892,1789550243814987049.jpg
1789550243848305731,1789550243989361812,1789550243848305731.jpg
1789550243881626666,1789550244023033384,1789550243881626666.jpg
1789550243914945509,1789550244053232015,1789550243914945509.jpg
1789550243948268358,1789550244091849719,1789550243948268358.jpg
1789550243981580698,1789550244121607927,1789550243981580698.jpg
1789550244014906323,1789550244154240953,1789550244014906323.jpg
1789550244048216009,1789550244190498196,1789550244048216009.jpg
1789550244081536020,1789550244221688360,1789550244081536020.jpg
1789550244114855640,1789550244257941345,1789550244114855640.jpg
1789550244148173229,1789550244285460502,1789550244148173229.jpg
1789550244181496502,1789550244324497816,1789550244181496502.jpg
1789550244214810631,1789550244353773460,1789550244214810631.jpg
1789550244248128581,1789550244392089537,1789550244248128581.jpg
1789550244281449094,1789550244425348961,1789550244281449094.jpg
1789550244314765044,1789550244455186214,1789550244314765044.jpg
1789550244348086824,1789550244487262741,1789550244348086824.jpg
1789550244381403559,1789550244524151917,1789550244381403559.jpg
1789550244414721539,1789550244556323579,1789550244414721539.jpg
1789550244448043050,1789550244590487585,1789550244448043050.jpg
1789550244481357788,1789550244623609990,1789550244481357788.jpg
1789550244514681901,1789550244658119690,1789550244514681901.jpg
1789550244547996500,1789550244686042311,1789550244547996500.jpg
1789550244581315189,1789550244723824775,1789550244581315189.jpg
1789550244614632351,1789550244754887475,1789550244614632351.jpg
1789550244647950623,1789550244791457362,1789550244647950623.jpg
1789550244681272419,1789550244822205437,1789550244681272419.jpg
1789550244714590022,1789550244853469739,1789550244714590022.jpg
1789550244747905532,1789550244890283241,1789550244747905532.jpg
1789550244781223492,1789550244924900834,1789550244781223492.jpg
1789550244814543380,1789550244955210394,1789550244814543380.jpg
1789550244847863888,1789550244989455056,1789550244847863888.jpg
1789550244881183183,1789550245020682677,1789550244881183183.jpg
1789550244914498949,1789550245054278407,1789550244914498949.jpg
1789550244947820932,1789550245091657350,1789550244947820932.jpg
1789550244981137164,1789550245120045594,1789550244981137164.jpg
1789550245014458489,1789550245155162637,1789550245014458489.jpg
1789550245047773223,1789550245192399359,1789550245047773223.jpg
1789550245081095555,1789550245222092501,1789550245081095555.jpg
1789550245114409022,1789550245255351127,1789550245114409022.jpg
1789550245147727491,1789550245287273711,1789550245147727491.jpg
1789550245181047383,1789550245332562074,1789550245181047383.jpg
1789550245214369311,1789550245354744095,1789550245214369311.jpg
1789550245247688748,1789550245387772512,1789550245247688748.jpg
1789550245281008472,1789550245423141021,1789550245281008472.jpg
1789550245314322683,1789550245453628242,1789550245314322683.jpg
1789550245347640524,1789550245493511072,1789550245347640524.jpg
1789550245380959676,1789550245519429258,1789550245380959676.jpg
1789550245414283346,1789550245558858574,1789550245414283346.jpg
1789550245447605773,1789550245585350091,1789550245447605773.jpg
1789550245480917975,1789550245624459376,1789550245480917975.jpg
1789550245514232843,1789550245653459648,1789550245514232843.jpg
1789550245547550987,1789550245689293132,1789550245547550987.jpg
1789550245580871749,1789550245720023173,1789550245580871749.jpg
1789550245614189015,1789550245755798739,1789550245614189015.jpg
1789550245647504820,1789550245790609916,1789550245647504820.jpg
1789550245680828395,1789550245827627167,1789550245680828395.jpg
1789550245714144856,1789550245852908365,1789550245714144856.jpg
1789550245747469474,1789550245892500141,1789550245747469474.jpg
1789550245780781090,1789550245925817537,1789550245780781090.jpg
1789550245814100411,1789550245955644661,1789550245814100411.jpg
1789550245847423933,1789550245990589432,1789550245847423933.jpg
1789550245880736858,1789550246022632332,1789550245880736858.jpg
1789550245914055594,1789550246053978622,1789550245914055594.jpg
1789550245947377630,1789550246090766329,1789550245947377630.jpg
1789550245980694150,1789550246123403945,1789550245980694150.jpg
1789550246014010888,1789550246157519771,1789550246014010888.jpg
1789550246047332383,1789550246187605971,1789550246047332383.jpg
1789550246080650453,1789550246222400371,1789550246080650453.jpg
1789550246113965680,1789550246256815453,1789550246113965680.jpg
1789550246147283943,1789550246286761246,1789550246147283943.jpg
1789550246180603306,1789550246321650152,1789550246180603306.jpg
1789550246213921281,1789550246354631611,1789550246213921281.jpg
1789550246247241132,1789550246397318915,1789550246247241132.jpg
1789550246280557032,1789550246420097337,1789550246280557032.jpg
1789550246313883667,1789550246454898385,1789550246313883667.jpg
1789550246347194067,1789550246490232269,1789550246347194067.jpg
1789550246380515571,1789550246519397815,1789550246380515571.jpg
1789550246413834904,1789550246555424550,1789550246413834904.jpg
1789550246447158620,1789550246587929981,1789550246447158620.jpg
1789550246480469493,1789550246623392588,1789550246480469493.jpg
1789550246513792598,1789550246657702036,1789550246513792598.jpg
1789550246547105195,1789550246685933873,1789550246547105195.jpg
1789550246580428737,1789550246743450167,1789550246580428737.jpg
1789550246613746200,1789550246767705465,1789550246613746200.jpg
1789550246647069482,1789550246795268152,1789550246647069482.jpg
1789550246680383744,1789550246818970801,1789550246680383744.jpg
1789550246713700673,1789550246855205824,1789550246713700673.jpg
1789550246747022815,1789550246892383534,1789550246747022815.jpg
1789550246780337606,1789550246919169918,1789550246780337606.jpg
1789550246813659176,1789550246957190552,1789550246813659176.jpg
1789550246846976821,1789550246985475882,1789550246846976821.jpg
1789550246880291503,1789550247022789667,1789550246880291503.jpg
1789550246913609683,1789550247057060933,1789550246913609683.jpg
1789550246946933373,1789550247085376426,1789550246946933373.jpg
1789550246980246837,1789550247120781300,1789550246980246837.jpg
1789550247013568736,1789550247154455794,1789550247013568736.jpg
1789550247046884170,1789550247185525195,1789550247046884170.jpg
1789550247080209663,1789550247224068851,1789550247080209663.jpg
1789550247113522670,1789550247254191304,1789550247113522670.jpg
1789550247146842066,1789550247288359270,1789550247146842066.jpg
1789550247180160195,1789550247322083165,1789550247180160195.jpg
1789550247213481641,1789550247357327042,1789550247213481641.jpg
1789550247246796260,1789550247387864070,1789550247246796260.jpg
1789550247280116126,1789550247423008071,1789550247280116126.jpg
1789550247313431463,1789550247456975730,1789550247313431463.jpg
1789550247346753003,1789550247489369638,1789550247346753003.jpg
1789550247380070013,1789550247520833504,1789550247380070013.jpg
1789550247413389814,1789550247561423107,1789550247413389814.jpg
1789550247446707175,1789550247589685551,1789550247446707175.jpg
1789550247480031040,1789550247622966691,1789550247480031040.jpg
1789550247513344829,1789550247655318512,1789550247513344829.jpg
1789550247546661485,1789550247690565074,1789550247546661485.jpg
1789550247579987845,1789550247721976484,1789550247579987845.jpg
1789550247613298994,1789550247757363934,1789550247613298994.jpg
1789550247646622541,1789550247786207985,1789550247646622541.jpg
1789550247679947479,1789550247822359221,1789550247679947479.jpg
1789550247713255924,1789550247852114928,1789550247713255924.jpg
1789550247746575303,1789550247893020710,1789550247746575303.jpg
1789550247779892630,1789550247918204513,1789550247779892630.jpg
1789550247813212140,1789550247956175079,1789550247813212140.jpg
1789550247846530162,1789550247984613295,1789550247846530162.jpg
1789550247879850915,1789550248020447130,1789550247879850915.jpg
1789550247913170434,1789550248052718979,1789550247913170434.jpg
1789550247946482990,1789550248085905039,1789550247946482990.jpg
1789550247979805793,1789550248123170106,1789550247979805793.jpg
1789550248013120481,1789550248153182203,1789550248013120481.jpg
1789550248046439839,1789550248190757155,1789550248046439839.jpg
1789550248079767970,1789550248221455642,1789550248079767970.jpg
1789550248113080455,1789550248253845105,1789550248113080455.jpg
1789550248146398848,1789550248293249977,1789550248146398848.jpg
1789550248179715880,1789550248322276429,1789550248179715880.jpg
1789550248213034734,1789550248357215365,1789550248213034734.jpg
1789550248246357569,1789550248386247649,1789550248246357569.jpg
1789550248279671393,1789550248419430617,1789550248279671393.jpg
1789550248312989019,1789550248460207286,1789550248312989019.jpg
1789550248346306970,1789550248487737717,1789550248346306970.jpg
1789550248379629591,1789550248518207661,1789550248379629591.jpg
1789550248412944473,1789550248557061959,1789550248412944473.jpg
1789550248446263768,1789550248587373034,1789550248446263768.jpg
1789550248479582903,1789550248624182182,1789550248479582903.jpg
1789550248512898826,1789550248657141216,1789550248512898826.jpg
1789550248546223652,1789550248687033422,1789550248546223652.jpg
1789550248579538798,1789550248719790244,1789550248579538798.jpg
1789550248612856015,1789550248757576833,1789550248612856015.jpg
1789550248646175420,1789550248790798351,1789550248646175420.jpg
1789550248679496612,1789550248818516442,1789550248679496612.jpg
1789550248712813103,1789550248855614421,1789550248712813103.jpg
1789550248746132531,1789550248888257646,1789550248746132531.jpg
1789550248779447429,1789550248922504749,1789550248779447429.jpg
1789550248812766741,1789550248952575745,1789550248812766741.jpg
1789550248846088483,1789550248986782131,1789550248846088483.jpg
1789550248879401480,1789550249021158827,1789550248879401480.jpg
1789550248912723456,1789550249060498429,1789550248912723456.jpg
1789550248946044115,1789550249090308757,1789550248946044115.jpg
1789550248979361717,1789550249123862248,1789550248979361717.jpg
1789550249012677888,1789550249152574501,1789550249012677888.jpg
1789550249045993919,1789550249191523286,1789550249045993919.jpg
1789550249079318059,1789550249217610003,1789550249079318059.jpg
1789550249112638610,1789550249256806569,1789550249112638610.jpg
1789550249145952939,1789550249292351663,1789550249145952939.jpg
1789550249179284626,1789550249318058708,1789550249179284626.jpg
1789550249212604129,1789550249355130116,1789550249212604129.jpg
1789550249245908460,1789550249386988131,1789550249245908460.jpg
1789550249279225343,1789550249424115642,1789550249279225343.jpg
1789550249312544050,1789550249453572776,1789550249312544050.jpg
1789550249345864916,1789550249483920661,1789550249345864916.jpg
1789550249379184283,1789550249522280895,1789550249379184283.jpg
1789550249412502128,1789550249553752074,1789550249412502128.jpg
1789550249445820839,1789550249586498266,1789550249445820839.jpg
1789550249479137489,1789550249622531628,1789550249479137489.jpg
1789550249512452474,1789550249652842518,1789550249512452474.jpg
1789550249545775958,1789550249693124475,1789550249545775958.jpg
1789550249579094064,1789550249718245488,1789550249579094064.jpg
1789550249612416085,1789550249757176757,1789550249612416085.jpg
1789550249645729216,1789550249785911359,1789550249645729216.jpg
1789550249679057310,1789550249820013943,1789550249679057310.jpg
1789550249712368373,1789550249851830371,1789550249712368373.jpg
1789550249745685871,1789550249894136890,1789550249745685871.jpg
1789550249779001969,1789550249923277233,1789550249779001969.jpg
1789550249812321229,1789550249954202967,1789550249812321229.jpg
1789550249845643761,1789550249985120923,1789550249845643761.jpg
1789550249878958155,1789550250024107684,1789550249878958155.jpg
1789550249912280448,1789550250050544982,1789550249912280448.jpg
1789550249945597549,1789550250089093468,1789550249945597549.jpg
1789550249978916622,1789550250120827037,1789550249978916622.jpg
1789550250012233071,1789550250152544052,1789550250012233071.jpg
1789550250045552947,1789550250185557911,1789550250045552947.jpg
1789550250078870014,1789550250222388998,1789550250078870014.jpg
1789550250112191921,1789550250254256604,1789550250112191921.jpg
1789550250145507323,1789550250287045290,1789550250145507323.jpg
1789550250178826072,1789550250317726944,1789550250178826072.jpg
1789550250212145515,1789550250357881900,1789550250212145515.jpg
1789550250245472899,1789550250387133746,1789550250245472899.jpg
1789550250278780970,1789550250423577996,1789550250278780970.jpg
1789550250312099680,1789550250453777012,1789550250312099680.jpg
1789550250345416581,1789550250489141981,1789550250345416581.jpg
1789550250378740245,1789550250518723542,1789550250378740245.jpg
1789550250412054746,1789550250552251944,1789550250412054746.jpg
1789550250445381211,1789550250588413584,1789550250445381211.jpg
1789550250478702011,1789550250622264219,1789550250478702011.jpg
1789550250512011086,1789550250650827658,1789550250512011086.jpg
1789550250545332054,1789550250689158896,1789550250545332054.jpg
1789550250578656280,1789550250716385385,1789550250578656280.jpg
1789550250611971216,1789550250757652264,1789550250611971216.jpg
1789550250645287416,1789550250793619245,1789550250645287416.jpg
1789550250678603054,1789550250819622473,1789550250678603054.jpg
1789550250711928939,1789550250853001153,1789550250711928939.jpg
1789550250745240481,1789550250884981337,1789550250745240481.jpg
1789550250778559229,1789550250925991918,1789550250778559229.jpg
1789550250811880930,1789550250967785356,1789550250811880930.jpg
1789550250845212022,1789550250990892232,1789550250845212022.jpg
1789550250878517227,1789550251021306719,1789550250878517227.jpg
1789550250911834033,1789550251049775077,1789550250911834033.jpg
1789550250945151350,1789550251091560479,1789550250945151350.jpg
1789550250978472456,1789550251118849237,1789550250978472456.jpg
1789550251011801117,1789550251152384896,1789550251011801117.jpg
1789550251045112403,1789550251187261708,1789550251045112403.jpg
1789550251078426290,1789550251218647137,1789550251078426290.jpg
1789550251111744061,1789550251255928515,1789550251111744061.jpg
1789550251145066003,1789550251285200636,1789550251145066003.jpg
1789550251178381243,1789550251317587042,1789550251178381243.jpg
1789550251211700343,1789550251356369681,1789550251211700343.jpg
1789550251245022015,1789550251383799568,1789550251245022015.jpg
1789550251278345699,1789550251424159883,1789550251278345699.jpg
1789550251311668470,1789550251451724919,1789550251311668470.jpg
1789550251344980075,1789550251488179667,1789550251344980075.jpg
1789550251378294652,1789550251523759532,1789550251378294652.jpg
1789550251411610344,1789550251557596688,1789550251411610344.jpg
1789550251444935119,1789550251590171957,1789550251444935119.jpg
1789550251478251328,1789550251618576806,1789550251478251328.jpg
1789550251511570190,1789550251655535931,1789550251511570190.jpg
1789550251544886829,1789550251686369360,1789550251544886829.jpg
1789550251578204096,1789550251717536893,1789550251578204096.jpg
1789550251611522476,1789550251752692075,1789550251611522476.jpg
1789550251644841656,1789550251787954761,1789550251644841656.jpg
1789550251678157682,1789550251822389188,1789550251678157682.jpg
1789550251711481880,1789550251850603284,1789550251711481880.jpg
1789550251744796997,1789550251885668867,1789550251744796997.jpg
1789550251778117694,1789550251919100577,1789550251778117694.jpg
1789550251811431824,1789550251952824581,1789550251811431824.jpg
1789550251844751818,1789550251987645771,1789550251844751818.jpg
1789550251878072364,1789550252015920192,1789550251878072364.jpg
1789550251911388668,1789550252052946659,1789550251911388668.jpg
1789550251944707815,1789550252086761224,1789550251944707815.jpg
1789550251978032218,1789550252118060109,1789550251978032218.jpg
1789550252011344109,1789550252155239463,1789550252011344109.jpg
1789550252044668529,1789550252183752370,1789550252044668529.jpg
1789550252077982583,1789550252221272549,1789550252077982583.jpg
1789550252111330959,1789550252253027446,1789550252111330959.jpg
1789550252144619388,1789550252285748066,1789550252144619388.jpg
1789550252177938294,1789550252322114251,1789550252177938294.jpg
1789550252211259053,1789550252356442766,1789550252211259053.jpg
1789550252244579843,1789550252386664462,1789550252244579843.jpg
1789550252277894475,1789550252419687652,1789550252277894475.jpg
1789550252311213370,1789550252450359566,1789550252311213370.jpg
1789550252344530267,1789550252492512436,1789550252344530267.jpg
1789550252377847980,1789550252524186882,1789550252377847980.jpg
1789550252411177340,1789550252551773377,1789550252411177340.jpg
1789550252444494270,1789550252585513878,1789550252444494270.jpg
1789550252477803238,1789550252618138196,1789550252477803238.jpg
1789550252511131855,1789550252653372366,1789550252511131855.jpg
1789550252544445204,1789550252683817236,1789550252544445204.jpg
1789550252577759177,1789550252718751799,1789550252577759177.jpg
1789550252611081276,1789550252754295558,1789550252611081276.jpg
1789550252644396478,1789550252784745112,1789550252644396478.jpg
1789550252677716806,1789550252822575360,1789550252677716806.jpg
1789550252711034957,1789550252851485566,1789550252711034957.jpg
1789550252744355046,1789550252884457078,1789550252744355046.jpg
1789550252777674339,1789550252918735451,1789550252777674339.jpg
1789550252810988751,1789550252950755646,1789550252810988751.jpg
1789550252844332976,1789550252989138986,1789550252844332976.jpg
1789550252877628675,1789550253018387850,1789550252877628675.jpg
1789550252910943966,1789550253051264300,1789550252910943966.jpg
1789550252944278526,1789550253084616983,1789550252944278526.jpg
1789550252977580923,1789550253119248419,1789550252977580923.jpg
1789550253010903061,1789550253153456486,1789550253010903061.jpg
1789550253044220878,1789550253184909035,1789550253044220878.jpg
1789550253077538009,1789550253217354969,1789550253077538009.jpg
1789550253110856380,1789550253252579047,1789550253110856380.jpg
1789550253144173949,1789550253285901641,1789550253144173949.jpg
1789550253177494227,1789550253319336312,1789550253177494227.jpg
1789550253210811939,1789550253358387913,1789550253210811939.jpg
1789550253244129244,1789550253385126726,1789550253244129244.jpg
1789550253277450074,1789550253420260780,1789550253277450074.jpg
1789550253310771811,1789550253453179465,1789550253310771811.jpg
1789550253344106364,1789550253484158447,1789550253344106364.jpg
1789550253377404314,1789550253517415291,1789550253377404314.jpg
1789550253410725302,1789550253557266044,1789550253410725302.jpg
1789550253444059250,1789550253583593134,1789550253444059250.jpg
1789550253477361689,1789550253621436305,1789550253477361689.jpg
1789550253510678739,1789550253652739614,1789550253510678739.jpg
1789550253543996242,1789550253684537413,1789550253543996242.jpg
1789550253577315471,1789550253720754136,1789550253577315471.jpg
1789550253610634326,1789550253753872702,1789550253610634326.jpg
1789550253643952010,1789550253785734807,1789550253643952010.jpg
1789550253677274014,1789550253818420004,1789550253677274014.jpg
1789550253710603466,1789550253851499001,1789550253710603466.jpg
1789550253743914220,1789550253889199858,1789550253743914220.jpg
1789550253777226344,1789550253917868300,1789550253777226344.jpg
1789550253810545947,1789550253953263707,1789550253810545947.jpg
1789550253843871673,1789550253982494018,1789550253843871673.jpg
1789550253877181816,1789550254020159065,1789550253877181816.jpg
1789550253910503989,1789550254052846891,1789550253910503989.jpg
1789550253943819734,1789550254084499246,1789550253943819734.jpg
1789550253977135800,1789550254120730652,1789550253977135800.jpg
1789550254010464769,1789550254152058309,1789550254010464769.jpg
1789550254043785116,1789550254182078754,1789550254043785116.jpg
1789550254077091840,1789550254220133988,1789550254077091840.jpg
1789550254110413774,1789550254252412740,1789550254110413774.jpg
1789550254143730289,1789550254286760029,1789550254143730289.jpg
1789550254177046745,1789550254317664854,1789550254177046745.jpg
1789550254210366159,1789550254350891201,1789550254210366159.jpg
1789550254243686043,1789550254390282793,1789550254243686043.jpg
1789550254277001973,1789550254417106353,1789550254277001973.jpg
1789550254310328549,1789550254454880236,1789550254310328549.jpg
1789550254343640502,1789550254487743595,1789550254343640502.jpg
1789550254376966202,1789550254516659984,1789550254376966202.jpg
1789550254410280554,1789550254552258512,1789550254410280554.jpg
1789550254443596006,1789550254582542643,1789550254443596006.jpg
1789550254476914205,1789550254621004045,1789550254476914205.jpg
1789550254510237161,1789550254648725669,1789550254510237161.jpg
1789550254543560421,1789550254687238564,1789550254543560421.jpg
1789550254576870352,1789550254717228235,1789550254576870352.jpg
1789550254610188660,1789550254751721708,1789550254610188660.jpg
1789550254643514095,1789550254784892173,1789550254643514095.jpg
1789550254676838064,1789550254819472449,1789550254676838064.jpg
1789550254710144068,1789550254850912721,1789550254710144068.jpg
1789550254743464412,1789550254884761910,1789550254743464412.jpg
1789550254776779493,1789550254920049017,1789550254776779493.jpg
1789550254810099815,1789550254950528122,1789550254810099815.jpg
1789550254843421125,1789550254984798532,1789550254843421125.jpg
1789550254876738432,1789550255019526288,1789550254876738432.jpg
1789550254910080648,1789550255054387747,1789550254910080648.jpg
1789550254943372335,1789550255084249935,1789550254943372335.jpg
1789550254976693102,1789550255144811253,1789550254976693102.jpg
1789550255010013566,1789550255156159616,1789550255010013566.jpg
1789550255043331453,1789550255187909383,1789550255043331453.jpg
1789550255076659580,1789550255217304707,1789550255076659580.jpg
1789550255110096281,1789550255255330297,1789550255110096281.jpg
1789550255143286901,1789550255288697216,1789550255143286901.jpg
1789550255176604110,1789550255316699876,1789550255176604110.jpg
1789550255209922524,1789550255352972924,1789550255209922524.jpg
1789550255243243282,1789550255386399910,1789550255243243282.jpg
1789550255276561545,1789550255416790730,1789550255276561545.jpg
1789550255309881000,1789550255454974928,1789550255309881000.jpg
1789550255343197742,1789550255481805986,1789550255343197742.jpg
1789550255376515276,1789550255519994165,1789550255376515276.jpg
1789550255409832362,1789550255550969017,1789550255409832362.jpg
1789550255443154541,1789550255582631426,1789550255443154541.jpg
1789550255476472198,1789550255621664732,1789550255476472198.jpg
1789550255509789036,1789550255651660827,1789550255509789036.jpg
1789550255543108679,1789550255689772535,1789550255543108679.jpg
1789550255576435824,1789550255720390861,1789550255576435824.jpg
1789550255609745010,1789550255757869265,1789550255609745010.jpg
1789550255643061890,1789550255788354221,1789550255643061890.jpg
1789550255676408648,1789550255816925230,1789550255676408648.jpg
1789550255709708152,1789550255849781571,1789550255709708152.jpg
1789550255743017881,1789550255890406126,1789550255743017881.jpg
1789550255776336239,1789550255919130226,1789550255776336239.jpg
1789550255809674693,1789550255951702252,1789550255809674693.jpg
1789550255842973840,1789550255988216638,1789550255842973840.jpg
1789550255876295038,1789550256018736144,1789550255876295038.jpg
1789550255909616227,1789550256054711157,1789550255909616227.jpg
1789550255942931866,1789550256083601308,1789550255942931866.jpg
1789550255976256533,1789550256121935652,1789550255976256533.jpg
1789550256009569046,1789550256152623672,1789550256009569046.jpg
1789550256042889111,1789550256183296676,1789550256042889111.jpg
1789550256076213627,1789550256220261519,1789550256076213627.jpg
1789550256109523052,1789550256251485634,1789550256109523052.jpg
1789550256142841617,1789550256285971106,1789550256142841617.jpg
1789550256176162289,1789550256317267156,1789550256176162289.jpg
1789550256209479545,1789550256352605199,1789550256209479545.jpg
1789550256242796716,1789550256385178318,1789550256242796716.jpg
1789550256276118644,1789550256421049604,1789550256276118644.jpg
1789550256309434040,1789550256453758297,1789550256309434040.jpg
1789550256342751506,1789550256484445058,1789550256342751506.jpg
1789550256376071454,1789550256519274540,1789550256376071454.jpg
1789550256409387645,1789550256550029422,1789550256409387645.jpg
1789550256442706917,1789550256583394175,1789550256442706917.jpg
1789550256476025377,1789550256618552483,1789550256476025377.jpg
1789550256509343260,1789550256652807042,1789550256509343260.jpg
1789550256542663953,1789550256682493049,1789550256542663953.jpg
1789550256575982644,1789550256717274722,1789550256575982644.jpg
1789550256609301701,1789550256751366804,1789550256609301701.jpg
1789550256642618725,1789550256787535124,1789550256642618725.jpg
1789550256675938140,1789550256819325255,1789550256675938140.jpg
1789550256709256961,1789550256852622184,1789550256709256961.jpg
1789550256742575558,1789550256883768420,1789550256742575558.jpg
1789550256775896069,1789550256916577044,1789550256775896069.jpg
1789550256809226001,1789550256952748735,1789550256809226001.jpg
1789550256842530307,1789550256986565945,1789550256842530307.jpg
1789550256875850118,1789550257020003170,1789550256875850118.jpg
1789550256909168938,1789550257048794019,1789550256909168938.jpg
1789550256942486048,1789550257088609255,1789550256942486048.jpg
1789550256975805610,1789550257120327414,1789550256975805610.jpg
1789550257009122881,1789550257151375664,1789550257009122881.jpg
1789550257042447482,1789550257184443900,1789550257042447482.jpg
1789550257075761998,1789550257220713392,1789550257075761998.jpg
1789550257109079456,1789550257250453280,1789550257109079456.jpg
1789550257142396027,1789550257286443216,1789550257142396027.jpg
1789550257175714867,1789550257315376731,1789550257175714867.jpg
1789550257209036576,1789550257356233790,1789550257209036576.jpg
1789550257242362356,1789550257382377348,1789550257242362356.jpg
1789550257275671864,1789550257420023543,1789550257275671864.jpg
1789550257308990219,1789550257450338853,1789550257308990219.jpg
1789550257342306053,1789550257483485357,1789550257342306053.jpg
1789550257375626548,1789550257520431758,1789550257375626548.jpg
1789550257408944107,1789550257550470031,1789550257408944107.jpg
1789550257442264942,1789550257583790253,1789550257442264942.jpg
1789550257475583653,1789550257617355867,1789550257475583653.jpg
1789550257508898768,1789550257648452702,1789550257508898768.jpg
1789550257542218909,1789550257688312081,1789550257542218909.jpg
1789550257575538471,1789550257715489166,1789550257575538471.jpg
1789550257608856982,1789550257751110392,1789550257608856982.jpg
1789550257642174883,1789550257786384425,1789550257642174883.jpg
1789550257675490551,1789550257818818451,1789550257675490551.jpg
1789550257708810119,1789550257852192146,1789550257708810119.jpg
1789550257742128831,1789550257881694585,1789550257742128831.jpg
1789550257775451437,1789550257920455056,1789550257775451437.jpg
1789550257808769077,1789550257949815754,1789550257808769077.jpg
1789550257842085045,1789550257982603159,1789550257842085045.jpg
1789550257875403309,1789550258022971802,1789550257875403309.jpg
1789550257908722204,1789550258051759855,1789550257908722204.jpg
1789550257942043161,1789550258087996220,1789550257942043161.jpg
1789550257975361346,1789550258117488789,1789550257975361346.jpg
1789550258008680614,1789550258148034328,1789550258008680614.jpg
1789550258041997057,1789550258189862996,1789550258041997057.jpg
1789550258075315076,1789550258219219676,1789550258075315076.jpg
1789550258108649220,1789550258249644342,1789550258108649220.jpg
1789550258141950955,1789550258281899669,1789550258141950955.jpg
1789550258175269433,1789550258317634713,1789550258175269433.jpg
1789550258208592112,1789550258361281212,1789550258208592112.jpg
1789550258241907937,1789550258385354862,1789550258241907937.jpg
1789550258275227375,1789550258419067955,1789550258275227375.jpg
1789550258308547436,1789550258449263023,1789550258308547436.jpg
1789550258341860078,1789550258486601018,1789550258341860078.jpg
1789550258375179742,1789550258517880235,1789550258375179742.jpg
1789550258408504966,1789550258551382191,1789550258408504966.jpg
1789550258441820860,1789550258590216485,1789550258441820860.jpg
1789550258475137705,1789550258622827597,1789550258475137705.jpg
1789550258508460356,1789550258652461925,1789550258508460356.jpg
1789550258541778079,1789550258683722775,1789550258541778079.jpg
1789550258575091417,1789550258716916883,1789550258575091417.jpg
1789550258608422455,1789550258751207455,1789550258608422455.jpg
1789550258641730592,1789550258781548058,1789550258641730592.jpg
1789550258675045152,1789550258817176616,1789550258675045152.jpg
1789550258708366302,1789550258849402058,1789550258708366302.jpg
1789550258741684285,1789550258883814429,1789550258741684285.jpg
1789550258775001935,1789550258918939629,1789550258775001935.jpg
1789550258808353957,1789550258950190961,1789550258808353957.jpg
1789550258841641558,1789550258981617585,1789550258841641558.jpg
1789550258874958405,1789550259021467649,1789550258874958405.jpg
1789550258908277084,1789550259050458730,1789550258908277084.jpg
1789550258941601883,1789550259087218135,1789550258941601883.jpg
1789550258974913406,1789550259114754986,1789550258974913406.jpg
1789550259008234961,1789550259155033640,1789550259008234961.jpg
1789550259041550750,1789550259181386872,1789550259041550750.jpg
1789550259074871497,1789550259221499345,1789550259074871497.jpg
1789550259108191402,1789550259251900440,1789550259108191402.jpg
1789550259141511797,1789550259285369195,1789550259141511797.jpg
1789550259174831745,1789550259315203551,1789550259174831745.jpg
1789550259208148403,1789550259352021894,1789550259208148403.jpg
1789550259241462272,1789550259381900892,1789550259241462272.jpg
1789550259274779333,1789550259418929224,1789550259274779333.jpg
1789550259308097271,1789550259448832886,1789550259308097271.jpg
1789550259341421022,1789550259485448181,1789550259341421022.jpg
1789550259374743654,1789550259515862329,1789550259374743654.jpg
1789550259408052098,1789550259551148878,1789550259408052098.jpg
1789550259441372919,1789550259581816992,1789550259441372919.jpg
1789550259474689767,1789550259617276739,1789550259474689767.jpg
1789550259508014905,1789550259651974533,1789550259508014905.jpg
1789550259541335985,1789550259683333943,1789550259541335985.jpg
1789550259574647296,1789550259718808263,1789550259574647296.jpg
1789550259607971197,1789550259750558139,1789550259607971197.jpg
1789550259641282742,1789550259783538479,1789550259641282742.jpg
1789550259674604077,1789550259820139480,1789550259674604077.jpg
1789550259707925681,1789550259858379686,1789550259707925681.jpg
1789550259741239824,1789550259884121538,1789550259741239824.jpg
1789550259774561449,1789550259919047894,1789550259774561449.jpg
1789550259807885075,1789550259955882215,1789550259807885075.jpg
1789550259841193874,1789550259984867278,1789550259841193874.jpg
1789550259874515053,1789550260015767990,1789550259874515053.jpg
1789550259907833691,1789550260052072771,1789550259907833691.jpg
1789550259941148175,1789550260082246192,1789550259941148175.jpg
1789550259974467579,1789550260119300539,1789550259974467579.jpg
1789550260007787374,1789550260150890029,1789550260007787374.jpg
1789550260041104509,1789550260182074758,1789550260041104509.jpg
1789550260074425096,1789550260219158583,1789550260074425096.jpg
1789550260107743968,1789550260253341002,1789550260107743968.jpg
1789550260141058300,1789550260282119129,1789550260141058300.jpg
1789550260174380872,1789550260317437876,1789550260174380872.jpg
1789550260207696638,1789550260349796355,1789550260207696638.jpg
1789550260241021882,1789550260383829534,1789550260241021882.jpg
1789550260274336034,1789550260420907156,1789550260274336034.jpg
1789550260307653012,1789550260450912099,1789550260307653012.jpg
1789550260340975766,1789550260484422794,1789550260340975766.jpg
1789550260374291317,1789550260516048908,1789550260374291317.jpg
1789550260407629999,1789550260556406477,1789550260407629999.jpg
1789550260440935643,1789550260582891820,1789550260440935643.jpg
1789550260474254185,1789550260617300894,1789550260474254185.jpg
1789550260507568114,1789550260649842848,1789550260507568114.jpg
1789550260540881275,1789550260685011152,1789550260540881275.jpg
1789550260574202520,1789550260715842874,1789550260574202520.jpg
1789550260607521123,1789550260750527002,1789550260607521123.jpg
1789550260640844042,1789550260783264745,1789550260640844042.jpg
1789550260674157987,1789550260819207408,1789550260674157987.jpg
1789550260707475210,1789550260855507097,1789550260707475210.jpg
1789550260740795866,1789550260889737695,1789550260740795866.jpg
1789550260774116925,1789550260920634444,1789550260774116925.jpg
1789550260807449527,1789550260954712340,1789550260807449527.jpg
1789550260840752567,1789550260991268421,1789550260840752567.jpg
1789550260874080434,1789550261018082423,1789550260874080434.jpg
1789550260907408644,1789550261052263786,1789550260907408644.jpg
1789550260940707626,1789550261084445621,1789550260940707626.jpg
1789550260974025273,1789550261116537858,1789550260974025273.jpg
1789550261007345924,1789550261151709865,1789550261007345924.jpg
1789550261040660803,1789550261182969232,1789550261040660803.jpg
1789550261073979792,1789550261216567432,1789550261073979792.jpg
1789550261107299111,1789550261249306156,1789550261107299111.jpg
1789550261140634020,1789550261284692764,1789550261140634020.jpg
1789550261173946763,1789550261316964457,1789550261173946763.jpg
1789550261207255046,1789550261349296051,1789550261207255046.jpg
1789550261240575006,1789550261385340792,1789550261240575006.jpg
1789550261273892074,1789550261417931535,1789550261273892074.jpg
1789550261307210500,1789550261449408744,1789550261307210500.jpg
1789550261340528567,1789550261483507469,1789550261340528567.jpg
1789550261373847215,1789550261516546578,1789550261373847215.jpg
1789550261407167726,1789550261552242330,1789550261407167726.jpg
1789550261440493425,1789550261582964362,1789550261440493425.jpg
1789550261473804476,1789550261616358627,1789550261473804476.jpg
1789550261507121156,1789550261649548475,1789550261507121156.jpg
1789550261540438252,1789550261681256115,1789550261540438252.jpg
1789550261573757368,1789550261720154546,1789550261573757368.jpg
1789550261607086973,1789550261748931044,1789550261607086973.jpg
1789550261640395981,1789550261785586555,1789550261640395981.jpg
1789550261673718527,1789550261816098689,1789550261673718527.jpg
1789550261707034375,1789550261853864347,1789550261707034375.jpg
1789550261740352733,1789550261883529095,1789550261740352733.jpg
1789550261773669167,1789550261916729794,1789550261773669167.jpg
1789550261806991086,1789550261952190058,1789550261806991086.jpg
1789550261840313686,1789550261988561015,1789550261840313686.jpg
1789550261873623242,1789550262015879894,1789550261873623242.jpg
1789550261906944138,1789550262052763115,1789550261906944138.jpg
1789550261940269304,1789550262088038441,1789550261940269304.jpg
1789550261973582570,1789550262121805044,1789550261973582570.jpg
1789550262006918249,1789550262148937355,1789550262006918249.jpg
1789550262040227862,1789550262183013583,1789550262040227862.jpg
1789550262073541834,1789550262216095408,1789550262073541834.jpg
1789550262106856109,1789550262249194546,1789550262106856109.jpg
1789550262140176792,1789550262282635470,1789550262140176792.jpg
1789550262173491666,1789550262316746712,1789550262173491666.jpg
1789550262206809958,1789550262348832005,1789550262206809958.jpg
1789550262240128580,1789550262389279394,1789550262240128580.jpg
1789550262273446071,1789550262420289498,1789550262273446071.jpg
1789550262306767354,1789550262449163741,1789550262306767354.jpg
1789550262340083921,1789550262482206220,1789550262340083921.jpg
1789550262373399668,1789550262517874826,1789550262373399668.jpg
1789550262406723289,1789550262551302697,1789550262406723289.jpg
1789550262440039528,1789550262581558069,1789550262440039528.jpg
1789550262473361136,1789550262616462038,1789550262473361136.jpg
1789550262506682898,1789550262647901213,1789550262506682898.jpg
1789550262540000285,1789550262681987163,1789550262540000285.jpg
1789550262573314170,1789550262715240409,1789550262573314170.jpg
1789550262606641410,1789550262750127658,1789550262606641410.jpg
1789550262639950853,1789550262783190856,1789550262639950853.jpg
1789550262673267579,1789550262816334561,1789550262673267579.jpg
1789550262706589900,1789550262848035813,1789550262706589900.jpg
1789550262739905491,1789550262883872211,1789550262739905491.jpg
1789550262773222834,1789550262915112044,1789550262773222834.jpg
1789550262806546994,1789550262949984257,1789550262806546994.jpg
1789550262839863140,1789550262983825850,1789550262839863140.jpg
1789550262873179363,1789550263017590639,1789550262873179363.jpg
1789550262906500372,1789550263054032548,1789550262906500372.jpg
1789550262939814260,1789550263083755658,1789550262939814260.jpg
1789550262973136795,1789550263121575548,1789550262973136795.jpg
1789550263006452746,1789550263149697263,1789550263006452746.jpg
1789550263039780270,1789550263182557988,1789550263039780270.jpg
1789550263073091756,1789550263212942731,1789550263073091756.jpg
1789550263106411769,1789550263250874532,1789550263106411769.jpg
1789550263139729192,1789550263284972942,1789550263139729192.jpg
1789550263173047412,1789550263314396759,1789550263173047412.jpg
1789550263206370518,1789550263350733516,1789550263206370518.jpg
1789550263239684264,1789550263381739860,1789550263239684264.jpg
1789550263273000315,1789550263423244366,1789550263273000315.jpg
1789550263306321865,1789550263451431035,1789550263306321865.jpg
1789550263339639255,1789550263481970553,1789550263339639255.jpg
1789550263372957655,1789550263527121475,1789550263372957655.jpg
1789550263406277982,1789550263549754521,1789550263406277982.jpg
1789550263439593029,1789550263584252452,1789550263439593029.jpg
1789550263472912414,1789550263615297439,1789550263472912414.jpg
1789550263506244100,1789550263647608164,1789550263506244100.jpg
1789550263539548403,1789550263685538614,1789550263539548403.jpg
1789550263572870592,1789550263715722236,1789550263572870592.jpg
1789550263606189312,1789550263747785882,1789550263606189312.jpg
1789550263639505452,1789550263782552702,1789550263639505452.jpg
1789550263672824668,1789550263815668337,1789550263672824668.jpg
1789550263706145790,1789550263851985578,1789550263706145790.jpg
1789550263739459514,1789550263880013768,1789550263739459514.jpg
1789550263772786120,1789550263917315710,1789550263772786120.jpg
1789550263806100442,1789550263952829540,1789550263806100442.jpg
1789550263839415248,1789550263982992461,1789550263839415248.jpg
1789550263872738594,1789550264019468551,1789550263872738594.jpg
1789550263906060534,1789550264052457851,1789550263906060534.jpg
1789550263939371143,1789550264081315151,1789550263939371143.jpg
1789550263972692357,1789550264119146798,1789550263972692357.jpg
1789550264006016870,1789550264149846869,1789550264006016870.jpg
1789550264039331613,1789550264184118996,1789550264039331613.jpg
1789550264072646419,1789550264215527434,1789550264072646419.jpg
1789550264105968273,1789550264251697435,1789550264105968273.jpg
1789550264139282808,1789550264280182063,1789550264139282808.jpg
1789550264172604128,1789550264318658254,1789550264172604128.jpg
1789550264205922037,1789550264350481673,1789550264205922037.jpg
1789550264239237771,1789550264385300893,1789550264239237771.jpg
1789550264272557117,1789550264417567827,1789550264272557117.jpg
1789550264305873881,1789550264445365140,1789550264305873881.jpg
1789550264339194809,1789550264483622397,1789550264339194809.jpg
1789550264372515097,1789550264518810345,1789550264372515097.jpg
1789550264405832558,1789550264546739067,1789550264405832558.jpg
1789550264439149525,1789550264585729114,1789550264439149525.jpg
1789550264472467653,1789550264615240956,1789550264472467653.jpg
1789550264505789812,1789550264652375272,1789550264505789812.jpg
1789550264539106774,1789550264682199886,1789550264539106774.jpg
1789550264572425095,1789550264713942002,1789550264572425095.jpg
1789550264605741601,1789550264752576874,1789550264605741601.jpg
1789550264639060986,1789550264782615275,1789550264639060986.jpg
1789550264672379650,1789550264815794475,1789550264672379650.jpg
1789550264705696869,1789550264852613037,1789550264705696869.jpg
1789550264739025660,1789550264882576947,1789550264739025660.jpg
1789550264772336573,1789550264920253912,1789550264772336573.jpg
1789550264805651905,1789550264948714210,1789550264805651905.jpg
1789550264838973402,1789550264984831274,1789550264838973402.jpg
1789550264872292691,1789550265016773955,1789550264872292691.jpg
1789550264905612469,1789550265048028358,1789550264905612469.jpg
1789550264938928013,1789550265082627311,1789550264938928013.jpg
1789550264972257442,1789550265115222570,1789550264972257442.jpg
1789550265005570009,1789550265150422683,1789550265005570009.jpg
1789550265038887457,1789550265181823196,1789550265038887457.jpg
1789550265072203676,1789550265214717526,1789550265072203676.jpg
1789550265105526814,1789550265248742112,1789550265105526814.jpg
1789550265138837818,1789550265282492475,1789550265138837818.jpg
1789550265172156495,1789550265318569821,1789550265172156495.jpg
1789550265205474817,1789550265346853013,1789550265205474817.jpg
1789550265238794708,1789550265380285123,1789550265238794708.jpg
1789550265272111432,1789550265417715176,1789550265272111432.jpg
1789550265305429522,1789550265447450617,1789550265305429522.jpg
1789550265338748782,1789550265483679647,1789550265338748782.jpg
1789550265372067169,1789550265513163233,1789550265372067169.jpg
1789550265405385336,1789550265550742766,1789550265405385336.jpg
1789550265438704630,1789550265582417038,1789550265438704630.jpg
1789550265472025763,1789550265614409971,1789550265472025763.jpg
1789550265505346559,1789550265651034596,1789550265505346559.jpg
1789550265538659646,1789550265680269993,1789550265538659646.jpg
1789550265571979093,1789550265715814004,1789550265571979093.jpg
1789550265605304567,1789550265750780648,1789550265605304567.jpg
1789550265638613529,1789550265780267567,1789550265638613529.jpg
1789550265671935346,1789550265819193789,1789550265671935346.jpg
1789550265705255017,1789550265848707167,1789550265705255017.jpg
1789550265738572849,1789550265882374171,1789550265738572849.jpg
1789550265771891086,1789550265917160506,1789550265771891086.jpg
1789550265805213348,1789550265946452432,1789550265805213348.jpg
1789550265838526925,1789550265984113195,1789550265838526925.jpg
1789550265871846767,1789550266015602918,1789550265871846767.jpg
1789550265905164795,1789550266047230345,1789550265905164795.jpg
1789550265938487581,1789550266083409621,1789550265938487581.jpg
1789550265971801350,1789550266116678382,1789550265971801350.jpg
1789550266005122085,1789550266165798472,1789550266005122085.jpg
1789550266038438316,1789550266179757000,1789550266038438316.jpg
1789550266071758582,1789550266217466756,1789550266071758582.jpg
1789550266105075032,1789550266247581275,1789550266105075032.jpg
1789550266138394480,1789550266281819202,1789550266138394480.jpg
1789550266171710602,1789550266314920430,1789550266171710602.jpg
1789550266205034014,1789550266350349548,1789550266205034014.jpg
1789550266238348594,1789550266381259238,1789550266238348594.jpg
1789550266271677117,1789550266413065548,1789550266271677117.jpg
1789550266304988387,1789550266450572442,1789550266304988387.jpg
1789550266338306970,1789550266484487764,1789550266338306970.jpg
1789550266371623957,1789550266514162713,1789550266371623957.jpg
1789550266404942372,1789550266547704826,1789550266404942372.jpg
1789550266438259685,1789550266583392650,1789550266438259685.jpg
1789550266471577839,1789550266617595619,1789550266471577839.jpg
1789550266504895587,1789550266648748442,1789550266504895587.jpg
1789550266538213234,1789550266681451983,1789550266538213234.jpg
1789550266571533597,1789550266713341023,1789550266571533597.jpg
1789550266604852125,1789550266751088959,1789550266604852125.jpg
1789550266638172059,1789550266781838596,1789550266638172059.jpg
1789550266671489420,1789550266813720044,1789550266671489420.jpg
1789550266704809444,1789550266848018611,1789550266704809444.jpg
1789550266738127592,1789550266885209066,1789550266738127592.jpg
1789550266771448617,1789550266916617540,1789550266771448617.jpg
1789550266804767632,1789550266947962505,1789550266804767632.jpg
1789550266838080713,1789550266981637674,1789550266838080713.jpg
1789550266871404081,1789550267014352399,1789550266871404081.jpg
1789550266904719760,1789550267050585297,1789550266904719760.jpg
1789550266938034964,1789550267085576048,1789550266938034964.jpg
1789550266971359180,1789550267114568237,1789550266971359180.jpg
1789550267004690631,1789550267149106308,1789550267004690631.jpg
1789550267038000883,1789550267178164413,1789550267038000883.jpg
1789550267071309595,1789550267219120213,1789550267071309595.jpg
1789550267104633421,1789550267246114948,1789550267104633421.jpg
1789550267137950335,1789550267281407714,1789550267137950335.jpg
1789550267171266404,1789550267315827931,1789550267171266404.jpg
1789550267204585524,1789550267345435184,1789550267204585524.jpg
1789550267237905400,1789550267383294679,1789550267237905400.jpg
1789550267271224399,1789550267413478559,1789550267271224399.jpg
1789550267304541189,1789550267449808092,1789550267304541189.jpg
1789550267337864675,1789550267482057472,1789550267337864675.jpg
1789550267371176276,1789550267512344319,1789550267371176276.jpg
1789550267404502064,1789550267549415920,1789550267404502064.jpg
1789550267437814628,1789550267578812442,1789550267437814628.jpg
1789550267471132896,1789550267631253603,1789550267471132896.jpg
1789550267504455027,1789550267659752524,1789550267504455027.jpg
1789550267537768335,1789550267682506090,1789550267537768335.jpg
1789550267571090021,1789550267715248273,1789550267571090021.jpg
1789550267604408259,1789550267744862785,1789550267604408259.jpg
1789550267637725849,1789550267783154981,1789550267637725849.jpg
1789550267671047444,1789550267817807962,1789550267671047444.jpg
1789550267704364734,1789550267846314901,1789550267704364734.jpg
1789550267737680088,1789550267886611419,1789550267737680088.jpg
1789550267771000792,1789550267915632882,1789550267771000792.jpg
1789550267804320094,1789550267953369207,1789550267804320094.jpg
1789550267837639641,1789550267981883479,1789550267837639641.jpg
1789550267870959627,1789550268013323282,1789550267870959627.jpg
1789550267904273077,1789550268054048538,1789550267904273077.jpg
1789550267937605075,1789550268083336001,1789550267937605075.jpg
1789550267970913640,1789550268113656232,1789550267970913640.jpg
1789550268004234074,1789550268149996486,1789550268004234074.jpg
1789550268037546362,1789550268185874895,1789550268037546362.jpg
1789550268070867261,1789550268216313111,1789550268070867261.jpg
1789550268104199467,1789550268249110935,1789550268104199467.jpg
1789550268137502410,1789550268285335760,1789550268137502410.jpg
1789550268170823705,1789550268317006346,1789550268170823705.jpg
1789550268204146500,1789550268347246403,1789550268204146500.jpg
1789550268237463327,1789550268383191377,1789550268237463327.jpg
1789550268270777071,1789550268412894655,1789550268270777071.jpg
1789550268304101191,1789550268452194233,1789550268304101191.jpg
1789550268337414200,1789550268483462077,1789550268337414200.jpg
1789550268370739352,1789550268513519159,1789550268370739352.jpg
1789550268404057140,1789550268552857694,1789550268404057140.jpg
1789550268437368857,1789550268582788663,1789550268437368857.jpg
1789550268470687466,1789550268617630915,1789550268470687466.jpg
1789550268504005967,1789550268651362817,1789550268504005967.jpg
1789550268537328446,1789550268681636610,1789550268537328446.jpg
1789550268570645885,1789550268713655187,1789550268570645885.jpg
1789550268603961703,1789550268750789205,1789550268603961703.jpg
1789550268637279518,1789550268784968324,1789550268637279518.jpg
1789550268670607236,1789550268813352872,1789550268670607236.jpg
1789550268703921515,1789550268849144163,1789550268703921515.jpg
1789550268737242931,1789550268883609873,1789550268737242931.jpg
1789550268770556683,1789550268918927616,1789550268770556683.jpg
1789550268803875176,1789550268949479280,1789550268803875176.jpg
1789550268837197778,1789550268982569731,1789550268837197778.jpg
1789550268870510705,1789550269015821141,1789550268870510705.jpg
1789550268903829238,1789550269052567951,1789550268903829238.jpg
1789550268937144931,1789550269079457218,1789550268937144931.jpg
1789550268970470563,1789550269114235238,1789550268970470563.jpg
1789550269003789799,1789550269146924335,1789550269003789799.jpg
1789550269037099757,1789550269182431997,1789550269037099757.jpg
1789550269070422809,1789550269217695766,1789550269070422809.jpg
1789550269103738985,1789550269245883266,1789550269103738985.jpg
1789550269137059985,1789550269281175087,1789550269137059985.jpg
1789550269170377431,1789550269311721214,1789550269170377431.jpg
1789550269203696246,1789550269350819929,1789550269203696246.jpg
1789550269237012426,1789550269379838187,1789550269237012426.jpg
1789550269270340234,1789550269413071952,1789550269270340234.jpg
1789550269303650984,1789550269448566097,1789550269303650984.jpg
1789550269336968501,1789550269477789680,1789550269336968501.jpg
1789550269370288025,1789550269516861751,1789550269370288025.jpg
1789550269403608967,1789550269549111018,1789550269403608967.jpg
1789550269436925465,1789550269579651312,1789550269436925465.jpg
1789550269470242633,1789550269617431854,1789550269470242633.jpg
1789550269503563513,1789550269644901543,1789550269503563513.jpg
1789550269536882951,1789550269683810524,1789550269536882951.jpg
1789550269570198131,1789550269716578926,1789550269570198131.jpg
1789550269603521947,1789550269745810304,1789550269603521947.jpg
1789550269636838791,1789550269781471889,1789550269636838791.jpg
1789550269670153708,1789550269813316323,1789550269670153708.jpg
1789550269703480447,1789550269846660295,1789550269703480447.jpg
1789550269736797429,1789550269884816063,1789550269736797429.jpg
1789550269770110035,1789550269916440618,1789550269770110035.jpg
1789550269803431516,1789550269950727260,1789550269803431516.jpg
1789550269836746119,1789550269980225805,1789550269836746119.jpg
1789550269870067727,1789550270014901764,1789550269870067727.jpg
1789550269903385136,1789550270049610700,1789550269903385136.jpg
1789550269936704073,1789550270081591134,1789550269936704073.jpg
1789550269970024912,1789550270114883723,1789550269970024912.jpg
1789550270003341315,1789550270148343938,1789550270003341315.jpg
1789550270036656298,1789550270179025380,1789550270036656298.jpg
1789550270069980556,1789550270215196100,1789550270069980556.jpg
1789550270103293861,1789550270246872334,1789550270103293861.jpg
1789550270136613361,1789550270282167950,1789550270136613361.jpg
1789550270169930051,1789550270315452541,1789550270169930051.jpg
1789550270203252134,1789550270350152496,1789550270203252134.jpg
1789550270236585913,1789550270377876318,1789550270236585913.jpg
1789550270269884485,1789550270417528458,1789550270269884485.jpg
1789550270303211183,1789550270448282760,1789550270303211183.jpg
1789550270336525630,1789550270478948907,1789550270336525630.jpg
1789550270369842423,1789550270514913637,1789550270369842423.jpg
1789550270403162679,1789550270545044893,1789550270403162679.jpg
1789550270436479620,1789550270581644889,1789550270436479620.jpg
1789550270469799069,1789550270614722378,1789550270469799069.jpg
1789550270503118166,1789550270645080474,1789550270503118166.jpg
1789550270536437028,1789550270681254935,1789550270536437028.jpg
1789550270569755551,1789550270715091711,1789550270569755551.jpg
1789550270603073802,1789550270745898857,1789550270603073802.jpg
1789550270636392057,1789550270782483929,1789550270636392057.jpg
1789550270669707606,1789550270817001891,1789550270669707606.jpg
1789550270703028372,1789550270846378990,1789550270703028372.jpg
1789550270736349365,1789550270879509786,1789550270736349365.jpg
1789550270769662826,1789550270910932794,1789550270769662826.jpg
1789550270802989079,1789550270952705705,1789550270802989079.jpg
1789550270836300680,1789550270980697990,1789550270836300680.jpg
1789550270869623340,1789550271015608028,1789550270869623340.jpg
1789550270902943339,1789550271045694790,1789550270902943339.jpg
1789550270936256821,1789550271083332646,1789550270936256821.jpg
1789550270969576135,1789550271115824899,1789550270969576135.jpg
1789550271002896664,1789550271146905008,1789550271002896664.jpg
1789550271036210896,1789550271179330603,1789550271036210896.jpg
1789550271069540439,1789550271213328505,1789550271069540439.jpg
1789550271102848014,1789550271245884508,1789550271102848014.jpg
1789550271136168732,1789550271282816941,1789550271136168732.jpg
1789550271169485370,1789550271315088982,1789550271169485370.jpg
1789550271202806322,1789550271345289525,1789550271202806322.jpg
1789550271236131237,1789550271381264161,1789550271236131237.jpg
1789550271269440681,1789550271415704355,1789550271269440681.jpg
1789550271302763667,1789550271449076637,1789550271302763667.jpg
1789550271336078765,1789550271479652426,1789550271336078765.jpg
1789550271369401997,1789550271514601014,1789550271369401997.jpg
1789550271402717437,1789550271546527880,1789550271402717437.jpg
1789550271436037489,1789550271579884849,1789550271436037489.jpg
1789550271469360765,1789550271611477668,1789550271469360765.jpg
1789550271502671897,1789550271652481681,1789550271502671897.jpg
1789550271535988867,1789550271682315588,1789550271535988867.jpg
1789550271569310601,1789550271712324916,1789550271569310601.jpg
1789550271602629783,1789550271747646325,1789550271602629783.jpg
1789550271635948669,1789550271780335625,1789550271635948669.jpg
1789550271669263262,1789550271813243840,1789550271669263262.jpg
1789550271702583426,1789550271853011002,1789550271702583426.jpg
1789550271735901241,1789550271879419407,1789550271735901241.jpg
1789550271769222987,1789550271914346073,1789550271769222987.jpg
1789550271802539266,1789550271946928110,1789550271802539266.jpg
1789550271835858536,1789550271980688914,1789550271835858536.jpg
1789550271869174559,1789550272010177034,1789550271869174559.jpg
1789550271902493958,1789550272047309865,1789550271902493958.jpg
1789550271935811753,1789550272079511138,1789550271935811753.jpg
1789550271969130918,1789550272117428456,1789550271969130918.jpg
1789550272002457126,1789550272147249253,1789550272002457126.jpg
1789550272035769674,1789550272182485395,1789550272035769674.jpg
1789550272069087083,1789550272212936034,1789550272069087083.jpg
1789550272102409657,1789550272246513066,1789550272102409657.jpg
1789550272135725134,1789550272278608798,1789550272135725134.jpg
1789550272169042292,1789550272315320982,1789550272169042292.jpg
1789550272202358578,1789550272347582839,1789550272202358578.jpg
1789550272235681280,1789550272381685282,1789550272235681280.jpg
1789550272268996679,1789550272420471760,1789550272268996679.jpg
1789550272302329759,1789550272448753080,1789550272302329759.jpg
1789550272335636522,1789550272480153905,1789550272335636522.jpg
1789550272368967833,1789550272511933902,1789550272368967833.jpg
1789550272402268851,1789550272548984059,1789550272402268851.jpg
1789550272435594969,1789550272579739767,1789550272435594969.jpg
1789550272468914036,1789550272612827458,1789550272468914036.jpg
1789550272502224253,1789550272648867232,1789550272502224253.jpg
1789550272535546629,1789550272683832448,1789550272535546629.jpg
1789550272568861556,1789550272714372593,1789550272568861556.jpg
1789550272602189122,1789550272746648245,1789550272602189122.jpg
1789550272635499701,1789550272779022513,1789550272635499701.jpg
1789550272668818558,1789550272817099939,1789550272668818558.jpg
1789550272702138881,1789550272847153205,1789550272702138881.jpg
1789550272735456194,1789550272877131740,1789550272735456194.jpg
1789550272768783203,1789550272917816074,1789550272768783203.jpg
1789550272802094810,1789550272945229900,1789550272802094810.jpg
1789550272835425573,1789550272980374647,1789550272835425573.jpg
1789550272868734429,1789550273012681498,1789550272868734429.jpg
1789550272902049272,1789550273048501135,1789550272902049272.jpg
1789550272935366975,1789550273085661517,1789550272935366975.jpg
1789550272968687743,1789550273113115744,1789550272968687743.jpg
1789550273002010114,1789550273146615453,1789550273002010114.jpg
1789550273035328281,1789550273183833846,1789550273035328281.jpg
1789550273068708699,1789550273214813673,1789550273068708699.jpg
1789550273101961104,1789550273257852078,1789550273101961104.jpg
1789550273135294897,1789550273280162720,1789550273135294897.jpg
1789550273168600167,1789550273312508048,1789550273168600167.jpg
1789550273201927134,1789550273345630548,1789550273201927134.jpg
1789550273235231766,1789550273379969033,1789550273235231766.jpg
1789550273268577200,1789550273414369805,1789550273268577200.jpg
1789550273301868945,1789550273445854360,1789550273301868945.jpg
1789550273335188143,1789550273477286440,1789550273335188143.jpg
1789550273368510972,1789550273515384511,1789550273368510972.jpg
1789550273401822687,1789550273546086430,1789550273401822687.jpg
1789550273435152096,1789550273579391332,1789550273435152096.jpg
1789550273468462356,1789550273614260393,1789550273468462356.jpg
1789550273501783429,1789550273645960456,1789550273501783429.jpg
1789550273535101746,1789550273679817209,1789550273535101746.jpg
1789550273568419722,1789550273711787809,1789550273568419722.jpg
1789550273601737249,1789550273746141125,1789550273601737249.jpg
1789550273635053816,1789550273778474936,1789550273635053816.jpg
1789550273668378635,1789550273814843351,1789550273668378635.jpg
1789550273701691068,1789550273844026437,1789550273701691068.jpg
1789550273735012187,1789550273882148413,1789550273735012187.jpg
1789550273768331511,1789550273914821122,1789550273768331511.jpg
1789550273801647782,1789550273945319328,1789550273801647782.jpg
1789550273834964762,1789550273978024403,1789550273834964762.jpg
1789550273868287255,1789550274031290671,1789550273868287255.jpg
1789550273901612242,1789550274048177044,1789550273901612242.jpg
1789550273934920891,1789550274081637202,1789550273934920891.jpg
1789550273968239638,1789550274110528939,1789550273968239638.jpg
1789550274001562679,1789550274149789482,1789550274001562679.jpg
1789550274034878844,1789550274178365817,1789550274034878844.jpg
1789550274068195829,1789550274215140807,1789550274068195829.jpg
1789550274101512125,1789550274243163050,1789550274101512125.jpg
1789550274134832318,1789550274280349780,1789550274134832318.jpg
1789550274168152024,1789550274313486667,1789550274168152024.jpg
1789550274201488949,1789550274344901619,1789550274201488949.jpg
1789550274234786776,1789550274380281038,1789550274234786776.jpg
1789550274268106967,1789550274413265168,1789550274268106967.jpg
1789550274301424240,1789550274443288493,1789550274301424240.jpg
1789550274334745128,1789550274483106202,1789550274334745128.jpg
1789550274368062920,1789550274510225492,1789550274368062920.jpg
1789550274401379748,1789550274546135543,1789550274401379748.jpg
1789550274434699587,1789550274582901089,1789550274434699587.jpg
1789550274468016286,1789550274612500823,1789550274468016286.jpg
1789550274501335511,1789550274646217854,1789550274501335511.jpg
1789550274534658682,1789550274681821631,1789550274534658682.jpg
1789550274567972138,1789550274711079634,1789550274567972138.jpg
1789550274601289716,1789550274748636036,1789550274601289716.jpg
1789550274634610614,1789550274778358717,1789550274634610614.jpg
1789550274667927760,1789550274813870654,1789550274667927760.jpg
1789550274701246125,1789550274853994304,1789550274701246125.jpg
1789550274734564116,1789550274880641195,1789550274734564116.jpg
1789550274767886059,1789550274913527042,1789550274767886059.jpg
1789550274801204177,1789550274944284916,1789550274801204177.jpg
1789550274834521892,1789550274983273903,1789550274834521892.jpg
1789550274867839219,1789550275009860654,1789550274867839219.jpg
1789550274901155632,1789550275047748142,1789550274901155632.jpg
1789550274934481337,1789550275077605563,1789550274934481337.jpg
1789550274967791819,1789550275114580470,1789550274967791819.jpg
1789550275001113133,1789550275144917956,1789550275001113133.jpg
1789550275034429790,1789550275182098483,1789550275034429790.jpg
1789550275067749642,1789550275211768874,1789550275067749642.jpg
1789550275101069229,1789550275243504820,1789550275101069229.jpg
1789550275134393971,1789550275280665257,1789550275134393971.jpg
1789550275167707011,1789550275327446083,1789550275167707011.jpg
1789550275201052301,1789550275357967971,1789550275201052301.jpg
1789550275234358964,1789550275382885076,1789550275234358964.jpg
1789550275267705979,1789550275411960103,1789550275267705979.jpg
1789550275300981252,1789550275446413479,1789550275300981252.jpg
1789550275334297744,1789550275480729059,1789550275334297744.jpg
1789550275367617469,1789550275512147455,1789550275367617469.jpg
1789550275400934366,1789550275546945747,1789550275400934366.jpg
1789550275434257138,1789550275578851152,1789550275434257138.jpg
1789550275467570919,1789550275612465752,1789550275467570919.jpg
1789550275500894346,1789550275645939982,1789550275500894346.jpg
1789550275534208444,1789550275680606848,1789550275534208444.jpg
1789550275567526170,1789550275709799526,1789550275567526170.jpg
1789550275600846864,1789550275748949732,1789550275600846864.jpg
1789550275634163659,1789550275779458936,1789550275634163659.jpg
1789550275667484923,1789550275817040557,1789550275667484923.jpg
1789550275700800909,1789550275845173821,1789550275700800909.jpg
1789550275734124128,1789550275878567377,1789550275734124128.jpg
1789550275767447105,1789550275909938761,1789550275767447105.jpg
1789550275800763827,1789550275949129795,1789550275800763827.jpg
1789550275834075824,1789550275976892851,1789550275834075824.jpg
1789550275867395071,1789550276019569119,1789550275867395071.jpg
1789550275900713114,1789550276059055279,1789550275900713114.jpg
1789550275934044326,1789550276082920100,1789550275934044326.jpg
1789550275967347994,1789550276115517874,1789550275967347994.jpg
1789550276000677511,1789550276142644441,1789550276000677511.jpg
1789550276033985878,1789550276181969345,1789550276033985878.jpg
1789550276067304579,1789550276211663918,1789550276067304579.jpg
1789550276100624221,1789550276248433556,1789550276100624221.jpg
1789550276133941295,1789550276277030887,1789550276133941295.jpg
1789550276167260865,1789550276315793830,1789550276167260865.jpg
1789550276200577895,1789550276344172525,1789550276200577895.jpg
1789550276233900823,1789550276381259305,1789550276233900823.jpg
1789550276267216656,1789550276411149314,1789550276267216656.jpg
1789550276300533414,1789550276446604073,1789550276300533414.jpg
1789550276333851412,1789550276475792418,1789550276333851412.jpg
1789550276367173500,1789550276514738188,1789550276367173500.jpg
1789550276400490392,1789550276542094705,1789550276400490392.jpg
1789550276433807789,1789550276591316647,1789550276433807789.jpg
1789550276467128453,1789550276616857094,1789550276467128453.jpg
1789550276500447993,1789550276643480154,1789550276500447993.jpg
1789550276533773908,1789550276678200198,1789550276533773908.jpg
1789550276567082139,1789550276712126737,1789550276567082139.jpg
1789550276600398416,1789550276744900747,1789550276600398416.jpg
1789550276633718060,1789550276781713860,1789550276633718060.jpg
1789550276667037465,1789550276810875930,1789550276667037465.jpg
1789550276700355121,1789550276844685559,1789550276700355121.jpg
1789550276733677076,1789550276882232166,1789550276733677076.jpg
1789550276766991744,1789550276910140535,1789550276766991744.jpg
1789550276800312488,1789550276947786018,1789550276800312488.jpg
1789550276833629457,1789550276976465079,1789550276833629457.jpg
1789550276866953255,1789550277014227083,1789550276866953255.jpg
1789550276900269156,1789550277041960123,1789550276900269156.jpg
1789550276933587002,1789550277080086504,1789550276933587002.jpg
1789550276966902814,1789550277115117709,1789550276966902814.jpg
1789550277000223728,1789550277144912842,1789550277000223728.jpg
1789550277033545604,1789550277178428825,1789550277033545604.jpg
1789550277066861006,1789550277215718763,1789550277066861006.jpg
1789550277100179343,1789550277244133637,1789550277100179343.jpg
1789550277133499582,1789550277283373701,1789550277133499582.jpg
1789550277166811733,1789550277311830588,1789550277166811733.jpg
1789550277200135147,1789550277349945489,1789550277200135147.jpg
1789550277233455950,1789550277378058422,1789550277233455950.jpg
1789550277266771301,1789550277411822761,1789550277266771301.jpg
1789550277300092024,1789550277445117126,1789550277300092024.jpg
1789550277333406101,1789550277479831022,1789550277333406101.jpg
1789550277366726738,1789550277515458757,1789550277366726738.jpg
1789550277400053478,1789550277545158255,1789550277400053478.jpg
1789550277433366019,1789550277578305584,1789550277433366019.jpg
1789550277466683192,1789550277609570260,1789550277466683192.jpg
1789550277499999292,1789550277644621369,1789550277499999292.jpg
1789550277533318318,1789550277679005791,1789550277533318318.jpg
1789550277566639249,1789550277712106979,1789550277566639249.jpg
1789550277599953198,1789550277749523140,1789550277599953198.jpg
1789550277633276636,1789550277777975269,1789550277633276636.jpg
1789550277666593139,1789550277810455984,1789550277666593139.jpg
1789550277699914334,1789550277845744006,1789550277699914334.jpg
1789550277733229271,1789550277879178130,1789550277733229271.jpg
1789550277766548460,1789550277911058556,1789550277766548460.jpg
1789550277799868225,1789550277947263640,1789550277799868225.jpg
1789550277833183756,1789550277978252315,1789550277833183756.jpg
1789550277866502497,1789550278010152294,1789550277866502497.jpg
1789550277899823731,1789550278045644640,1789550277899823731.jpg
1789550277933137727,1789550278081973874,1789550277933137727.jpg
1789550277966464856,1789550278109778349,1789550277966464856.jpg
1789550277999777194,1789550278145192372,1789550277999777194.jpg
1789550278033096345,1789550278177047172,1789550278033096345.jpg
1789550278066417978,1789550278210494405,1789550278066417978.jpg
1789550278099730387,1789550278245708770,1789550278099730387.jpg
1789550278133059734,1789550278276698297,1789550278133059734.jpg
1789550278166368663,1789550278309607269,1789550278166368663.jpg
1789550278199690184,1789550278348483697,1789550278199690184.jpg
1789550278233007656,1789550278376207442,1789550278233007656.jpg
1789550278266330659,1789550278415014212,1789550278266330659.jpg
1789550278299646823,1789550278441594963,1789550278299646823.jpg
1789550278332969105,1789550278479030028,1789550278332969105.jpg
1789550278366279393,1789550278510014556,1789550278366279393.jpg
1789550278399602176,1789550278546928600,1789550278399602176.jpg
1789550278432918263,1789550278576953887,1789550278432918263.jpg
1789550278466235691,1789550278613940383,1789550278466235691.jpg
1789550278499556199,1789550278642500349,1789550278499556199.jpg
1789550278532875137,1789550278680678611,1789550278532875137.jpg
1789550278566195418,1789550278710745985,1789550278566195418.jpg
1789550278599512920,1789550278745920189,1789550278599512920.jpg
1789550278632827258,1789550278776819783,1789550278632827258.jpg
1789550278666146171,1789550278808325926,1789550278666146171.jpg
1789550278699465619,1789550278850111684,1789550278699465619.jpg
1789550278732782496,1789550278876730855,1789550278732782496.jpg
1789550278766112041,1789550278911328711,1789550278766112041.jpg
1789550278799421494,1789550278941778700,1789550278799421494.jpg
1789550278832738810,1789550278977247494,1789550278832738810.jpg
1789550278866063688,1789550279012037342,1789550278866063688.jpg
1789550278899377175,1789550279043296184,1789550278899377175.jpg
1789550278932700351,1789550279082109323,1789550278932700351.jpg
1789550278966011605,1789550279110173522,1789550278966011605.jpg
1789550278999331770,1789550279144594809,1789550278999331770.jpg
1789550279032651044,1789550279178637684,1789550279032651044.jpg
1789550279065967458,1789550279208053867,1789550279065967458.jpg
1789550279099287802,1789550279247313298,1789550279099287802.jpg
1789550279132606085,1789550279275539901,1789550279132606085.jpg
1789550279165921643,1789550279311920146,1789550279165921643.jpg
1789550279199241737,1789550279342579032,1789550279199241737.jpg
1789550279232560252,1789550279379996544,1789550279232560252.jpg
1789550279265889142,1789550279412274768,1789550279265889142.jpg
1789550279299199403,1789550279443796742,1789550279299199403.jpg
1789550279332515948,1789550279475082451,1789550279332515948.jpg
1789550279365840764,1789550279515176899,1789550279365840764.jpg
1789550279399151947,1789550279546064976,1789550279399151947.jpg
1789550279432472083,1789550279577635221,1789550279432472083.jpg
1789550279465795220,1789550279614286022,1789550279465795220.jpg
1789550279499111721,1789550279644171624,1789550279499111721.jpg
1789550279532432713,1789550279699149936,1789550279532432713.jpg
1789550279565748006,1789550279712591458,1789550279565748006.jpg
1789550279599066772,1789550279747847650,1789550279599066772.jpg
1789550279632385226,1789550279775373700,1789550279632385226.jpg
1789550279665702610,1789550279812384230,1789550279665702610.jpg
1789550279699018860,1789550279842375614,1789550279699018860.jpg
1789550279732336049,1789550279875934776,1789550279732336049.jpg
1789550279765659295,1789550279910957833,1789550279765659295.jpg
1789550279798979977,1789550279944299024,1789550279798979977.jpg
1789550279832295932,1789550279977900921,1789550279832295932.jpg
1789550279865614174,1789550280010637972,1789550279865614174.jpg
1789550279898929930,1789550280044750763,1789550279898929930.jpg
1789550279932250659,1789550280081405045,1789550279932250659.jpg
1789550279965569718,1789550280109053244,1789550279965569718.jpg
1789550279998887806,1789550280146149410,1789550279998887806.jpg
1789550280032202915,1789550280176669111,1789550280032202915.jpg
1789550280065523089,1789550280223001866,1789550280065523089.jpg
1789550280098845887,1789550280248301789,1789550280098845887.jpg
1789550280132159183,1789550280278028912,1789550280132159183.jpg
1789550280165485599,1789550280311808970,1789550280165485599.jpg
1789550280198798779,1789550280341858105,1789550280198798779.jpg
1789550280232116270,1789550280379244196,1789550280232116270.jpg
1789550280265438188,1789550280411551748,1789550280265438188.jpg
1789550280298750985,1789550280441819594,1789550280298750985.jpg
1789550280332076260,1789550280478666739,1789550280332076260.jpg
1789550280365391640,1789550280512643770,1789550280365391640.jpg
1789550280398707983,1789550280544463852,1789550280398707983.jpg
1789550280432031903,1789550280575462451,1789550280432031903.jpg
1789550280465345002,1789550280611997619,1789550280465345002.jpg
1789550280498671158,1789550280649267262,1789550280498671158.jpg
1789550280531997460,1789550280676105719,1789550280531997460.jpg
1789550280565304985,1789550280709481776,1789550280565304985.jpg
1789550280598617470,1789550280746242858,1789550280598617470.jpg
1789550280631935731,1789550280788518271,1789550280631935731.jpg
1789550280665263713,1789550280828351642,1789550280665263713.jpg
1789550280698593364,1789550280842461926,1789550280698593364.jpg
1789550280731892454,1789550280876105484,1789550280731892454.jpg
1789550280765218515,1789550280913272141,1789550280765218515.jpg
1789550280798533461,1789550280944818574,1789550280798533461.jpg
1789550280831851675,1789550280977483134,1789550280831851675.jpg
1789550280865170291,1789550281008817521,1789550280865170291.jpg
1789550280898484441,1789550281042484261,1789550280898484441.jpg
1789550280931803196,1789550281078937051,1789550280931803196.jpg
1789550280965120909,1789550281106618894,1789550280965120909.jpg
1789550280998441809,1789550281150393215,1789550280998441809.jpg
1789550281031757653,1789550281174872971,1789550281031757653.jpg
1789550281065086459,1789550281211542991,1789550281065086459.jpg
1789550281098400954,1789550281242166678,1789550281098400954.jpg
1789550281131714456,1789550281277148129,1789550281131714456.jpg
1789550281165036158,1789550281315805270,1789550281165036158.jpg
1789550281198351953,1789550281343735987,1789550281198351953.jpg
1789550281231677823,1789550281376346535,1789550281231677823.jpg
1789550281264990595,1789550281412596057,1789550281264990595.jpg
1789550281298309223,1789550281447123291,1789550281298309223.jpg
1789550281331626859,1789550281479295843,1789550281331626859.jpg
1789550281364942797,1789550281510962056,1789550281364942797.jpg
1789550281398262764,1789550281544582247,1789550281398262764.jpg
1789550281431581167,1789550281580494813,1789550281431581167.jpg
1789550281464899510,1789550281609011988,1789550281464899510.jpg
1789550281498221997,1789550281648743206,1789550281498221997.jpg
1789550281531535380,1789550281676891282,1789550281531535380.jpg
1789550281564854579,1789550281710315814,1789550281564854579.jpg
1789550281598175307,1789550281740774375,1789550281598175307.jpg
1789550281631491803,1789550281778516695,1789550281631491803.jpg
1789550281664812209,1789550281813178467,1789550281664812209.jpg
1789550281698129489,1789550281843275336,1789550281698129489.jpg
1789550281731450948,1789550281879239377,1789550281731450948.jpg
1789550281764768410,1789550281909804442,1789550281764768410.jpg
1789550281798084921,1789550281943479458,1789550281798084921.jpg
1789550281831406117,1789550281977876359,1789550281831406117.jpg
1789550281864720847,1789550282006675440,1789550281864720847.jpg
1789550281898043026,1789550282045732101,1789550281898043026.jpg
1789550281931362151,1789550282073747528,1789550281931362151.jpg
1789550281964678095,1789550282113435307,1789550281964678095.jpg
1789550281997995071,1789550282141257446,1789550281997995071.jpg
1789550282031317626,1789550282176435519,1789550282031317626.jpg
1789550282064633085,1789550282212404411,1789550282064633085.jpg
1789550282097955366,1789550282239922886,1789550282097955366.jpg
1789550282131268659,1789550282280255597,1789550282131268659.jpg
1789550282164591843,1789550282309919339,1789550282164591843.jpg
1789550282197937691,1789550282342495300,1789550282197937691.jpg
1789550282231226580,1789550282379645847,1789550282231226580.jpg
1789550282264545203,1789550282409215787,1789550282264545203.jpg
1789550282297860064,1789550282449467583,1789550282297860064.jpg
1789550282331181565,1789550282479858301,1789550282331181565.jpg
1789550282364518694,1789550282509626992,1789550282364518694.jpg
1789550282397820512,1789550282542576235,1789550282397820512.jpg
1789550282431135489,1789550282577310405,1789550282431135489.jpg
1789550282464452441,1789550282611544346,1789550282464452441.jpg
1789550282497777500,1789550282640656644,1789550282497777500.jpg
1789550282531090618,1789550282676860282,1789550282531090618.jpg
1789550282564412842,1789550282719024579,1789550282564412842.jpg
1789550282597741597,1789550282747903575,1789550282597741597.jpg
1789550282631046803,1789550282776156563,1789550282631046803.jpg
1789550282664367192,1789550282809758367,1789550282664367192.jpg
1789550282697684229,1789550282842286445,1789550282697684229.jpg
1789550282731004626,1789550282878284833,1789550282731004626.jpg
1789550282764321373,1789550282907720531,1789550282764321373.jpg
1789550282797640217,1789550282944586654,1789550282797640217.jpg
1789550282830963325,1789550282975488692,1789550282830963325.jpg
1789550282864280940,1789550283011714272,1789550282864280940.jpg
1789550282897593648,1789550283042081752,1789550282897593648.jpg
1789550282930912079,1789550283079627338,1789550282930912079.jpg
1789550282964235602,1789550283111503782,1789550282964235602.jpg
1789550282997551029,1789550283148002250,1789550282997551029.jpg
1789550283030869807,1789550283175565627,1789550283030869807.jpg
1789550283064188479,1789550283210993259,1789550283064188479.jpg
1789550283097503969,1789550283241005898,1789550283097503969.jpg
1789550283130826971,1789550283282733254,1789550283130826971.jpg
1789550283164145208,1789550283307829537,1789550283164145208.jpg
1789550283197470845,1789550283340220152,1789550283197470845.jpg
1789550283230778077,1789550283381281598,1789550283230778077.jpg
1789550283264103601,1789550283410170630,1789550283264103601.jpg
1789550283297419605,1789550283448723432,1789550283297419605.jpg
1789550283330734443,1789550283474341793,1789550283330734443.jpg
1789550283364055904,1789550283512559845,1789550283364055904.jpg
1789550283397372883,1789550283543783802,1789550283397372883.jpg
1789550283430690495,1789550283574617312,1789550283430690495.jpg
1789550283464012151,1789550283610741294,1789550283464012151.jpg
1789550283497332151,1789550283642405118,1789550283497332151.jpg
1789550283530645739,1789550283676665370,1789550283530645739.jpg
1789550283563965511,1789550283709172191,1789550283563965511.jpg
1789550283597282448,1789550283741413252,1789550283597282448.jpg
1789550283630603266,1789550283797799947,1789550283630603266.jpg
1789550283663920447,1789550283812183860,1789550283663920447.jpg
1789550283697241399,1789550283844844623,1789550283697241399.jpg
1789550283730558851,1789550283873512907,1789550283730558851.jpg
1789550283763876912,1789550283909098183,1789550283763876912.jpg
1789550283797194413,1789550283944528685,1789550283797194413.jpg
1789550283830511934,1789550283981383013,1789550283830511934.jpg
1789550283863830510,1789550284010390102,1789550283863830510.jpg
1789550283897156180,1789550284041312693,1789550283897156180.jpg
1789550283930465657,1789550284079934060,1789550283930465657.jpg
1789550283963795005,1789550284111091563,1789550283963795005.jpg
1789550283997110795,1789550284141585822,1789550283997110795.jpg
1789550284030425654,1789550284178162891,1789550284030425654.jpg
1789550284063741489,1789550284213940456,1789550284063741489.jpg
1789550284097058487,1789550284243602828,1789550284097058487.jpg
1789550284130393409,1789550284276227818,1789550284130393409.jpg
1789550284163698237,1789550284327305117,1789550284163698237.jpg
1789550284197020005,1789550284349840042,1789550284197020005.jpg
1789550284230348588,1789550284376544442,1789550284230348588.jpg
1789550284263660214,1789550284405928462,1789550284263660214.jpg
1789550284296970347,1789550284451198136,1789550284296970347.jpg
1789550284330289490,1789550284479883658,1789550284330289490.jpg
1789550284363611871,1789550284508612229,1789550284363611871.jpg
1789550284396930589,1789550284541839416,1789550284396930589.jpg
1789550284430253087,1789550284574451427,1789550284430253087.jpg
1789550284463563813,1789550284616228258,1789550284463563813.jpg
1789550284496884904,1789550284643959945,1789550284496884904.jpg
1789550284530210958,1789550284676547922,1789550284530210958.jpg
1789550284563521106,1789550284707602606,1789550284563521106.jpg
1789550284596835731,1789550284744536089,1789550284596835731.jpg
1789550284630157696,1789550284776904207,1789550284630157696.jpg
1789550284663475163,1789550284807521264,1789550284663475163.jpg
1789550284696800795,1789550284844462432,1789550284696800795.jpg
1789550284730112963,1789550284876713584,1789550284730112963.jpg
1789550284763430618,1789550284913112473,1789550284763430618.jpg
1789550284796752249,1789550284943947853,1789550284796752249.jpg
1789550284830068679,1789550284973028321,1789550284830068679.jpg
1789550284863389742,1789550285016155840,1789550284863389742.jpg
1789550284896705625,1789550285044174081,1789550284896705625.jpg
1789550284930038007,1789550285075565219,1789550284930038007.jpg
1789550284963340947,1789550285108590767,1789550284963340947.jpg
1789550284996659674,1789550285144065428,1789550284996659674.jpg
1789550285029979103,1789550285177535619,1789550285029979103.jpg
1789550285063298010,1789550285208461635,1789550285063298010.jpg
1789550285096616653,1789550285244094164,1789550285096616653.jpg
1789550285129934699,1789550285277856612,1789550285129934699.jpg
1789550285163251210,1789550285307586215,1789550285163251210.jpg
1789550285196571159,1789550285344276120,1789550285196571159.jpg
1789550285229896811,1789550285373070386,1789550285229896811.jpg
1789550285263208359,1789550285417461512,1789550285263208359.jpg
1789550285296525827,1789550285441799731,1789550285296525827.jpg
1789550285329854716,1789550285474882715,1789550285329854716.jpg
1789550285363165470,1789550285511055412,1789550285363165470.jpg
1789550285396480830,1789550285544743555,1789550285396480830.jpg
1789550285429800024,1789550285581956019,1789550285429800024.jpg
1789550285463120407,1789550285610617118,1789550285463120407.jpg
1789550285496440206,1789550285648409023,1789550285496440206.jpg
1789550285529754954,1789550285678899134,1789550285529754954.jpg
1789550285563258872,1789550285708800066,1789550285563258872.jpg
1789550285596394715,1789550285741197846,1789550285596394715.jpg
1789550285629713523,1789550285783601647,1789550285629713523.jpg
1789550285663036870,1789550285810564697,1789550285663036870.jpg
1789550285696354746,1789550285845729845,1789550285696354746.jpg
1789550285729666791,1789550285875547010,1789550285729666791.jpg
1789550285762984330,1789550285906842013,1789550285762984330.jpg
1789550285796311172,1789550285947199757,1789550285796311172.jpg
1789550285829621964,1789550285974162122,1789550285829621964.jpg
1789550285862940337,1789550286012445738,1789550285862940337.jpg
1789550285896262146,1789550286041129556,1789550285896262146.jpg
1789550285929583086,1789550286077348691,1789550285929583086.jpg
1789550285962895440,1789550286113251369,1789550285962895440.jpg
1789550285996212766,1789550286143965746,1789550285996212766.jpg
1789550286029537121,1789550286177694717,1789550286029537121.jpg
1789550286062850224,1789550286206117403,1789550286062850224.jpg
1789550286096175200,1789550286243860666,1789550286096175200.jpg
1789550286129491101,1789550286272273224,1789550286129491101.jpg
1789550286162806939,1789550286309304009,1789550286162806939.jpg
1789550286196127278,1789550286345136474,1789550286196127278.jpg
1789550286229444181,1789550286373453026,1789550286229444181.jpg
1789550286262759821,1789550286411897713,1789550286262759821.jpg
1789550286296082263,1789550286440174622,1789550286296082263.jpg
1789550286329400577,1789550286474836671,1789550286329400577.jpg
1789550286362719401,1789550286511466788,1789550286362719401.jpg
1789550286396034661,1789550286541285564,1789550286396034661.jpg
1789550286429357761,1789550286576992249,1789550286429357761.jpg
1789550286462676381,1789550286609400083,1789550286462676381.jpg
1789550286495991536,1789550286645893681,1789550286495991536.jpg
1789550286529308519,1789550286674157074,1789550286529308519.jpg
1789550286562629779,1789550286707945222,1789550286562629779.jpg
1789550286595949744,1789550286743693587,1789550286595949744.jpg
1789550286629266902,1789550286773398397,1789550286629266902.jpg
1789550286662583951,1789550286814207876,1789550286662583951.jpg
1789550286695904423,1789550286842949464,1789550286695904423.jpg
1789550286729221526,1789550286873259618,1789550286729221526.jpg
1789550286762545642,1789550286912280690,1789550286762545642.jpg
1789550286795862530,1789550286938963944,1789550286795862530.jpg
1789550286829179888,1789550286981972293,1789550286829179888.jpg
1789550286862496843,1789550287012284262,1789550286862496843.jpg
1789550286895815749,1789550287041178662,1789550286895815749.jpg
1789550286929133744,1789550287081994992,1789550286929133744.jpg
1789550286962471370,1789550287107357109,1789550286962471370.jpg
1789550286995772304,1789550287141837793,1789550286995772304.jpg
1789550287029086278,1789550287178990080,1789550287029086278.jpg
1789550287062408697,1789550287207038576,1789550287062408697.jpg
1789550287095745719,1789550287241382889,1789550287095745719.jpg
1789550287129042082,1789550287275544913,1789550287129042082.jpg
1789550287162361659,1789550287310157079,1789550287162361659.jpg
1789550287195679477,1789550287345022470,1789550287195679477.jpg
1789550287228996681,1789550287372543204,1789550287228996681.jpg
1789550287262317423,1789550287410617792,1789550287262317423.jpg
1789550287295635876,1789550287440245075,1789550287295635876.jpg
1789550287328954450,1789550287477181798,1789550287328954450.jpg
1789550287362279275,1789550287505793348,1789550287362279275.jpg
1789550287395611322,1789550287541672714,1789550287395611322.jpg
1789550287428947197,1789550287574472365,1789550287428947197.jpg
1789550287462339144,1789550287604786667,1789550287462339144.jpg
1789550287495737223,1789550287644148026,1789550287495737223.jpg
1789550287529152410,1789550287673933843,1789550287529152410.jpg
1789550287562580098,1789550287707674756,1789550287562580098.jpg
1789550287596050565,1789550287746418940,1789550287596050565.jpg
1789550287629558557,1789550287772375866,1789550287629558557.jpg
1789550287663097542,1789550287811221980,1789550287663097542.jpg
1789550287696669482,1789550287840385973,1789550287696669482.jpg
1789550287730230955,1789550287880609457,1789550287730230955.jpg
1789550287763870948,1789550287910368426,1789550287763870948.jpg
1789550287797528601,1789550287941990217,1789550287797528601.jpg
1789550287831223596,1789550287978365590,1789550287831223596.jpg
1789550287864977431,1789550288013027787,1789550287864977431.jpg
1789550287898759542,1789550288041780743,1789550287898759542.jpg
1789550287932580379,1789550288085663530,1789550287932580379.jpg
1789550287966444003,1789550288111257875,1789550287966444003.jpg
1789550288000377449,1789550288148352539,1789550288000377449.jpg
1789550288034329601,1789550288181678212,1789550288034329601.jpg
1789550288068386714,1789550288214491584,1789550288068386714.jpg
1789550288102471130,1789550288247255425,1789550288102471130.jpg
1789550288136593007,1789550288284688840,1789550288136593007.jpg
1789550288170796724,1789550288316306558,1789550288170796724.jpg
1789550288205061319,1789550288355286895,1789550288205061319.jpg
1789550288239421378,1789550288385239708,1789550288239421378.jpg
1789550288273833582,1789550288428000756,1789550288273833582.jpg
1789550288308323855,1789550288461150286,1789550288308323855.jpg
1789550288342909914,1789550288492625931,1789550288342909914.jpg
1789550288377548713,1789550288527285998,1789550288377548713.jpg
1789550288412251288,1789550288559647171,1789550288412251288.jpg
1789550288447022672,1789550288599928647,1789550288447022672.jpg
1789550288481870942,1789550288629672766,1789550288481870942.jpg
1789550288516762778,1789550288663965494,1789550288516762778.jpg
1789550288551722481,1789550288699065446,1789550288551722481.jpg
1789550288586720408,1789550288732188387,1789550288586720408.jpg
1789550288621762184,1789550288773133754,1789550288621762184.jpg
1789550288656857340,1789550288801793501,1789550288656857340.jpg
1789550288691966210,1789550288838134601,1789550288691966210.jpg
1789550288727122981,1789550288878200346,1789550288727122981.jpg
1789550288762309901,1789550288912414029,1789550288762309901.jpg
1789550288797524225,1789550288941985708,1789550288797524225.jpg
1789550288832746805,1789550288980589947,1789550288832746805.jpg
1789550288867974444,1789550289014767153,1789550288867974444.jpg
1789550288903238094,1789550289049228506,1789550288903238094.jpg
1789550288938483897,1789550289089798220,1789550288938483897.jpg
1789550288973749491,1789550289121776741,1789550288973749491.jpg
1789550289009015355,1789550289153432417,1789550289009015355.jpg
1789550289044281446,1789550289191624359,1789550289044281446.jpg
1789550289079549957,1789550289224829197,1789550289079549957.jpg
1789550289114827381,1789550289265456496,1789550289114827381.jpg
1789550289150092553,1789550289295494890,1789550289150092553.jpg
1789550289185380252,1789550289335843763,1789550289185380252.jpg
1789550289220645450,1789550289364638473,1789550289220645450.jpg
1789550289255924758,1789550289405200651,1789550289255924758.jpg
1789550289291193587,1789550289441952381,1789550289291193587.jpg
1789550289326476434,1789550289471778229,1789550289326476434.jpg
1789550289361757845,1789550289508408215,1789550289361757845.jpg
1789550289397046702,1789550289543795906,1789550289397046702.jpg
1789550289432346355,1789550289578500189,1789550289432346355.jpg
1789550289467666296,1789550289613053104,1789550289467666296.jpg
1789550289503045741,1789550289651753163,1789550289503045741.jpg
1789550289538484167,1789550289684038791,1789550289538484167.jpg
1789550289573960754,1789550289722093289,1789550289573960754.jpg
1789550289609483301,1789550289757223478,1789550289609483301.jpg
1789550289645050738,1789550289791553626,1789550289645050738.jpg
1789550289680645145,1789550289829733403,1789550289680645145.jpg
1789550289716260940,1789550289861278427,1789550289716260940.jpg
1789550289751868125,1789550289901298938,1789550289751868125.jpg
1789550289787533276,1789550289932865885,1789550289787533276.jpg
1789550289823208667,1789550289970137581,1789550289823208667.jpg
1789550289858946117,1789550290006899735,1789550289858946117.jpg
1789550289894703497,1789550290045261210,1789550289894703497.jpg
1789550289930499421,1789550290074088618,1789550289930499421.jpg
1789550289966369922,1789550290115043706,1789550289966369922.jpg
1789550290002262507,1789550290146320266,1789550290002262507.jpg
1789550290038223824,1789550290189000955,1789550290038223824.jpg
1789550290074240227,1789550290217283863,1789550290074240227.jpg
1789550290110338652,1789550290255912858,1789550290110338652.jpg
1789550290146496066,1789550290300165538,1789550290146496066.jpg
1789550290182725131,1789550290327102517,1789550290182725131.jpg
1789550290219043404,1789550290364360474,1789550290219043404.jpg
1789550290255442792,1789550290403185904,1789550290255442792.jpg
1789550290291920155,1789550290444144899,1789550290291920155.jpg
1789550290328480060,1789550290471690500,1789550290328480060.jpg
1789550290365111562,1789550290512928568,1789550290365111562.jpg
1789550290401836396,1789550290546923780,1789550290401836396.jpg
1789550290438650089,1789550290587381176,1789550290438650089.jpg
1789550290475538467,1789550290620909377,1789550290475538467.jpg
1789550290512521973,1789550290659508431,1789550290512521973.jpg
1789550290549582673,1789550290696619000,1789550290549582673.jpg
1789550290586703814,1789550290743465368,1789550290586703814.jpg
1789550290623917017,1789550290770511128,1789550290623917017.jpg
1789550290661161548,1789550290810104770,1789550290661161548.jpg
1789550290698467597,1789550290842398619,1789550290698467597.jpg
1789550290735830376,1789550290882301275,1789550290735830376.jpg
1789550290773232323,1789550290923429673,1789550290773232323.jpg
1789550290810687120,1789550290958007306,1789550290810687120.jpg
1789550290848204845,1789550290993552438,1789550290848204845.jpg
1789550290885733102,1789550291030623846,1789550290885733102.jpg
1789550290923326940,1789550291069329830,1789550290923326940.jpg
1789550290960935931,1789550291110247405,1789550290960935931.jpg
1789550290998579703,1789550291142981212,1789550290998579703.jpg
1789550291036248045,1789550291181653349,1789550291036248045.jpg
1789550291073891754,1789550291218144687,1789550291073891754.jpg
1789550291111539795,1789550291260096177,1789550291111539795.jpg
1789550291149185842,1789550291297142274,1789550291149185842.jpg
1789550291186830651,1789550291338552837,1789550291186830651.jpg
1789550291224495694,1789550291372545605,1789550291224495694.jpg
1789550291262158447,1789550291408701969,1789550291262158447.jpg
1789550291299825238,1789550291446539107,1789550291299825238.jpg
1789550291337551431,1789550291486443226,1789550291337551431.jpg
1789550291375233475,1789550291522919214,1789550291375233475.jpg
1789550291412957430,1789550291560322411,1789550291412957430.jpg
1789550291450732679,1789550291597985350,1789550291450732679.jpg
1789550291488538767,1789550291641697029,1789550291488538767.jpg
1789550291526367551,1789550291674037649,1789550291526367551.jpg
1789550291564200480,1789550291717451665,1789550291564200480.jpg
1789550291602036112,1789550291747410458,1789550291602036112.jpg
1789550291639924779,1789550291785997309,1789550291639924779.jpg
1789550291677819377,1789550291824762563,1789550291677819377.jpg
1789550291715728935,1789550291869929342,1789550291715728935.jpg
1789550291753665695,1789550291899447306,1789550291753665695.jpg
1789550291791628668,1789550291939665085,1789550291791628668.jpg
1789550291829631977,1789550291974906370,1789550291829631977.jpg
1789550291867656709,1789550292014207829,1789550291867656709.jpg
1789550291905718908,1789550292051212246,1789550291905718908.jpg
1789550291943858573,1789550292093041215,1789550291943858573.jpg
1789550291982072165,1789550292130786143,1789550291982072165.jpg
1789550292020324508,1789550292169231477,1789550292020324508.jpg
1789550292058636186,1789550292205246138,1789550292058636186.jpg
1789550292096972874,1789550292243531456,1789550292096972874.jpg
1789550292135358889,1789550292286436281,1789550292135358889.jpg
1789550292173799921,1789550292319071861,1789550292173799921.jpg
1789550292212260588,1789550292360918273,1789550292212260588.jpg
1789550292250754817,1789550292395573025,1789550292250754817.jpg
1789550292289272397,1789550292434270843,1789550292289272397.jpg
1789550292327841411,1789550292471836240,1789550292327841411.jpg
1789550292366450683,1789550292515025693,1789550292366450683.jpg
1789550292405136314,1789550292554331540,1789550292405136314.jpg
1789550292443860762,1789550292598594978,1789550292443860762.jpg
1789550292482624462,1789550292627321862,1789550292482624462.jpg
1789550292521443709,1789550292668185296,1789550292521443709.jpg
1789550292560257645,1789550292706937792,1789550292560257645.jpg
1789550292599132969,1789550292744282348,1789550292599132969.jpg
1789550292638048240,1789550292783761134,1789550292638048240.jpg
1789550292676978610,1789550292821964223,1789550292676978610.jpg
1789550292715950974,1789550292863425779,1789550292715950974.jpg
1789550292754934047,1789550292902483419,1789550292754934047.jpg
1789550292793946459,1789550292943073500,1789550292793946459.jpg
1789550292832968670,1789550292978284918,1789550292832968670.jpg
1789550292872011568,1789550293015988907,1789550292872011568.jpg
1789550292911075194,1789550293059462211,1789550292911075194.jpg
1789550292950160859,1789550293101640744,1789550292950160859.jpg
1789550292989278962,1789550293134347407,1789550292989278962.jpg
1789550293028419919,1789550293177493310,1789550293028419919.jpg
1789550293067595116,1789550293217093228,1789550293067595116.jpg
1789550293106781173,1789550293255316406,1789550293106781173.jpg
1789550293145972034,1789550293291906175,1789550293145972034.jpg
1789550293185162575,1789550293331825921,1789550293185162575.jpg
1789550293224385211,1789550293373753988,1789550293224385211.jpg
1789550293263592740,1789550293409676477,1789550293263592740.jpg
1789550293302829694,1789550293453622272,1789550293302829694.jpg
1789550293342080842,1789550293491024912,1789550293342080842.jpg
1789550293381332111,1789550293532491523,1789550293381332111.jpg
1789550293420605407,1789550293570116486,1789550293420605407.jpg
1789550293459875494,1789550293606894063,1789550293459875494.jpg
1789550293499147367,1789550293645081875,1789550293499147367.jpg
1789550293538440527,1789550293685512311,1789550293538440527.jpg
1789550293577749037,1789550293725663618,1789550293577749037.jpg
1789550293617057446,1789550293763606741,1789550293617057446.jpg
1789550293656404065,1789550293803607735,1789550293656404065.jpg
1789550293695757660,1789550293847952977,1789550293695757660.jpg
1789550293735120849,1789550293880875666,1789550293735120849.jpg
1789550293774521366,1789550293919682339,1789550293774521366.jpg
1789550293813963285,1789550293959676242,1789550293813963285.jpg
1789550293853460031,1789550294001763954,1789550293853460031.jpg
1789550293893016236,1789550294044266518,1789550293893016236.jpg
1789550293932702290,1789550294078489383,1789550293932702290.jpg
1789550293972542404,1789550294121135594,1789550293972542404.jpg
1789550294012513724,1789550294166002469,1789550294012513724.jpg
1789550294052648911,1789550294200706455,1789550294052648911.jpg
1789550294092703141,1789550294241434702,1789550294092703141.jpg
1789550294132893557,1789550294281042934,1789550294132893557.jpg
1789550294173079475,1789550294319167607,1789550294173079475.jpg
1789550294213255547,1789550294358056047,1789550294213255547.jpg
1789550294253415953,1789550294398964066,1789550294253415953.jpg
1789550294293577698,1789550294438163909,1789550294293577698.jpg
1789550294333741599,1789550294480411136,1789550294333741599.jpg
1789550294373950527,1789550294519963154,1789550294373950527.jpg
1789550294414185936,1789550294561335703,1789550294414185936.jpg
1789550294454441367,1789550294599092314,1789550294454441367.jpg
1789550294494716577,1789550294645158805,1789550294494716577.jpg
1789550294535009307,1789550294685684653,1789550294535009307.jpg
1789550294575355423,1789550294721487658,1789550294575355423.jpg
1789550294615672925,1789550294765472392,1789550294615672925.jpg
1789550294656052470,1789550294811815863,1789550294656052470.jpg
1789550294696459838,1789550294840448428,1789550294696459838.jpg
1789550294736904717,1789550294886286208,1789550294736904717.jpg
1789550294777407460,1789550294923630042,1789550294777407460.jpg
1789550294817957736,1789550294965758933,1789550294817957736.jpg
1789550294858572035,1789550295003514823,1789550294858572035.jpg
1789550294899283631,1789550295045187202,1789550294899283631.jpg
1789550294940077687,1789550295089858343,1789550294940077687.jpg
1789550294980979236,1789550295126518509,1789550294980979236.jpg
1789550295022006624,1789550295166921541,1789550295022006624.jpg
1789550295063149246,1789550295210048595,1789550295063149246.jpg
1789550295104388106,1789550295248825198,1789550295104388106.jpg
1789550295145756885,1789550295291879464,1789550295145756885.jpg
1789550295187257724,1789550295333821141,1789550295187257724.jpg
1789550295228872839,1789550295375028175,1789550295228872839.jpg
1789550295270629573,1789550295416218934,1789550295270629573.jpg
1789550295312500878,1789550295458757715,1789550295312500878.jpg
1789550295354494757,1789550295502024027,1789550295354494757.jpg
1789550295396602619,1789550295543058159,1789550295396602619.jpg
1789550295438838444,1789550295590882505,1789550295438838444.jpg
1789550295481189824,1789550295629412678,1789550295481189824.jpg
1789550295523657166,1789550295672169281,1789550295523657166.jpg
1789550295566215554,1789550295713505965,1789550295566215554.jpg
1789550295608870066,1789550295753020654,1789550295608870066.jpg
1789550295651621774,1789550295798620559,1789550295651621774.jpg
1789550295694445277,1789550295842383286,1789550295694445277.jpg
1789550295737326749,1789550295883034839,1789550295737326749.jpg
1789550295780209442,1789550295930579371,1789550295780209442.jpg
1789550295823150942,1789550295973082583,1789550295823150942.jpg
1789550295866140161,1789550296019939485,1789550295866140161.jpg
1789550295909132770,1789550296055519278,1789550295909132770.jpg
1789550295952203658,1789550296099474108,1789550295952203658.jpg
1789550295995392678,1789550296142395930,1789550295995392678.jpg
1789550296038685993,1789550296190672103,1789550296038685993.jpg
1789550296082039837,1789550296230049551,1789550296082039837.jpg
1789550296125468107,1789550296272445295,1789550296125468107.jpg
1789550296169010919,1789550296316037119,1789550296169010919.jpg
1789550296212609187,1789550296358788778,1789550296212609187.jpg
1789550296256245772,1789550296403752250,1789550296256245772.jpg
1789550296299963271,1789550296444489089,1789550296299963271.jpg
1789550296343748888,1789550296490346718,1789550296343748888.jpg
1789550296387613927,1789550296541012088,1789550296387613927.jpg
1789550296431571730,1789550296581008989,1789550296431571730.jpg
1789550296475609361,1789550296620752258,1789550296475609361.jpg
1789550296519773635,1789550296667516580,1789550296519773635.jpg
1789550296564033717,1789550296715215498,1789550296564033717.jpg
1789550296608355059,1789550296753936034,1789550296608355059.jpg
1789550296652799397,1789550296800828801,1789550296652799397.jpg
1789550296697374604,1789550296848390867,1789550296697374604.jpg
1789550296742009879,1789550296892201217,1789550296742009879.jpg
1789550296786719009,1789550296933962566,1789550296786719009.jpg
1789550296831548284,1789550296981649207,1789550296831548284.jpg
1789550296876466405,1789550297022846872,1789550296876466405.jpg
1789550296921484466,1789550297069602825,1789550296921484466.jpg
1789550296966595680,1789550297116353870,1789550296966595680.jpg
1789550297011837204,1789550297157422664,1789550297011837204.jpg
1789550297057232630,1789550297210306086,1789550297057232630.jpg
1789550297102688247,1789550297254446372,1789550297102688247.jpg
1789550297148154550,1789550297297996165,1789550297148154550.jpg
1789550297193738538,1789550297343042699,1789550297193738538.jpg
1789550297239433828,1789550297386143441,1789550297239433828.jpg
1789550297285112861,1789550297433859023,1789550297285112861.jpg
1789550297330679563,1789550297479792531,1789550297330679563.jpg
1789550297376300114,1789550297521667753,1789550297376300114.jpg
1789550297421979124,1789550297568940820,1789550297421979124.jpg
1789550297467617763,1789550297613943657,1789550297467617763.jpg
1789550297513316907,1789550297662668085,1789550297513316907.jpg
1789550297559014206,1789550297703933370,1789550297559014206.jpg
1789550297604943187,1789550297754169983,1789550297604943187.jpg
1789550297650952782,1789550297797887271,1789550297650952782.jpg
1789550297696916927,1789550297845241846,1789550297696916927.jpg
1789550297742903225,1789550297887992376,1789550297742903225.jpg
1789550297789029146,1789550297941068068,1789550297789029146.jpg
1789550297835315695,1789550297981421532,1789550297835315695.jpg
1789550297881520508,1789550298030878398,1789550297881520508.jpg
1789550297927615895,1789550298074084236,1789550297927615895.jpg
1789550297973726439,1789550298124482938,1789550297973726439.jpg
1789550298020067985,1789550298164669165,1789550298020067985.jpg
1789550298066482353,1789550298214740744,1789550298066482353.jpg
1789550298112839724,1789550298260797698,1789550298112839724.jpg
1789550298159163251,1789550298309437581,1789550298159163251.jpg
1789550298205633643,1789550298353608678,1789550298205633643.jpg
1789550298252334513,1789550298399895952,1789550298252334513.jpg
1789550298298955371,1789550298445401406,1789550298298955371.jpg
1789550298345388521,1789550298495174044,1789550298345388521.jpg
1789550298391843492,1789550298538791457,1789550298391843492.jpg
1789550298438504600,1789550298587523235,1789550298438504600.jpg
1789550298485185558,1789550298631581069,1789550298485185558.jpg
1789550298531656348,1789550298679731333,1789550298531656348.jpg
1789550298578015060,1789550298729386839,1789550298578015060.jpg
1789550298624467464,1789550298772377262,1789550298624467464.jpg
1789550298671019449,1789550298821440625,1789550298671019449.jpg
1789550298717541987,1789550298865766775,1789550298717541987.jpg
1789550298763958605,1789550298911437114,1789550298763958605.jpg
1789550298810336848,1789550298958368061,1789550298810336848.jpg
1789550298857063791,1789550299007391337,1789550298857063791.jpg
1789550298904156409,1789550299051279657,1789550298904156409.jpg
1789550298951586587,1789550299100476076,1789550298951586587.jpg
1789550298999312488,1789550299151007797,1789550298999312488.jpg
1789550299047200491,1789550299196260248,1789550299047200491.jpg
1789550299095179993,1789550299241383086,1789550299095179993.jpg
1789550299143294175,1789550299294177150,1789550299143294175.jpg
1789550299191430516,1789550299338903283,1789550299191430516.jpg
1789550299239662060,1789550299386032462,1789550299239662060.jpg
1789550299287964227,1789550299435117989,1789550299287964227.jpg
1789550299336314000,1789550299484819691,1789550299336314000.jpg
1789550299384745021,1789550299533093161,1789550299384745021.jpg
1789550299433222213,1789550299580891379,1789550299433222213.jpg
1789550299481789098,1789550299629629471,1789550299481789098.jpg
1789550299530415862,1789550299679832717,1789550299530415862.jpg
1789550299579099626,1789550299726819046,1789550299579099626.jpg
1789550299627875857,1789550299781966273,1789550299627875857.jpg
1789550299676710984,1789550299823185898,1789550299676710984.jpg
1789550299725639894,1789550299874344589,1789550299725639894.jpg
1789550299774605901,1789550299922326561,1789550299774605901.jpg
1789550299823611818,1789550299972554970,1789550299823611818.jpg
1789550299872654928,1789550300022552447,1789550299872654928.jpg
1789550299921754096,1789550300073413012,1789550299921754096.jpg
1789550299970870213,1789550300117879976,1789550299970870213.jpg
1789550300020024728,1789550300165779477,1789550300020024728.jpg
1789550300069200546,1789550300219185310,1789550300069200546.jpg
1789550300118394891,1789550300270355777,1789550300118394891.jpg
1789550300167606175,1789550300317993184,1789550300167606175.jpg
1789550300216843007,1789550300364208153,1789550300216843007.jpg
1789550300266070618,1789550300413967385,1789550300266070618.jpg
1789550300315318045,1789550300466049322,1789550300315318045.jpg
1789550300364549253,1789550300515110444,1789550300364549253.jpg
1789550300413799920,1789550300559406524,1789550300413799920.jpg
1789550300463049610,1789550300612575314,1789550300463049610.jpg
1789550300512282666,1789550300661120432,1789550300512282666.jpg
1789550300561512419,1789550300712069503,1789550300561512419.jpg
1789550300610726941,1789550300761946200,1789550300610726941.jpg
1789550300659955161,1789550300811824045,1789550300659955161.jpg
1789550300709189594,1789550300855924448,1789550300709189594.jpg
1789550300758420123,1789550300906452354,1789550300758420123.jpg
1789550300807669679,1789550300954610024,1789550300807669679.jpg
1789550300856900891,1789550301007120403,1789550300856900891.jpg
1789550300906152315,1789550301055634710,1789550300906152315.jpg
1789550300955399539,1789550301101569994,1789550300955399539.jpg
1789550301004650934,1789550301153436478,1789550301004650934.jpg
1789550301053886061,1789550301208326555,1789550301053886061.jpg
1789550301103093999,1789550301252687144,1789550301103093999.jpg
1789550301152306993,1789550301301177047,1789550301152306993.jpg
1789550301201519287,1789550301351777739,1789550301201519287.jpg
1789550301250714933,1789550301403224076,1789550301250714933.jpg
1789550301299903730,1789550301451174922,1789550301299903730.jpg
1789550301349101388,1789550301497848051,1789550301349101388.jpg
1789550301398273701,1789550301545258581,1789550301398273701.jpg
1789550301447428426,1789550301595090747,1789550301447428426.jpg
1789550301496600901,1789550301647489641,1789550301496600901.jpg
1789550301545803420,1789550301694443029,1789550301545803420.jpg
1789550301594988912,1789550301742471161,1789550301594988912.jpg
1789550301644201337,1789550301792735195,1789550301644201337.jpg
1789550301693414597,1789550301844794931,1789550301693414597.jpg
1789550301742646845,1789550301890440180,1789550301742646845.jpg
1789550301791895936,1789550301938961505,1789550301791895936.jpg
1789550301841184954,1789550301995133278,1789550301841184954.jpg
1789550301890492114,1789550302040323015,1789550301890492114.jpg
1789550301939833516,1789550302089881162,1789550301939833516.jpg
1789550301989200157,1789550302141955748,1789550301989200157.jpg
1789550302038580245,1789550302189800497,1789550302038580245.jpg
1789550302087982189,1789550302234360633,1789550302087982189.jpg
1789550302137426887,1789550302287525794,1789550302137426887.jpg
1789550302186878730,1789550302337164523,1789550302186878730.jpg
1789550302236357776,1789550302389387792,1789550302236357776.jpg
1789550302285855421,1789550302433751770,1789550302285855421.jpg
1789550302335365650,1789550302483160678,1789550302335365650.jpg
1789550302384880455,1789550302532528777,1789550302384880455.jpg
1789550302434429847,1789550302582574285,1789550302434429847.jpg
1789550302483948170,1789550302632981095,1789550302483948170.jpg
1789550302533501794,1789550302689435738,1789550302533501794.jpg
1789550302583055370,1789550302729718063,1789550302583055370.jpg
1789550302632609631,1789550302781604970,1789550302632609631.jpg
1789550302682159897,1789550302832958190,1789550302682159897.jpg
1789550302731712684,1789550302879719807,1789550302731712684.jpg
1789550302781287107,1789550302935215524,1789550302781287107.jpg
1789550302830855717,1789550302978338465,1789550302830855717.jpg
1789550302880444751,1789550303028874573,1789550302880444751.jpg
1789550302930034873,1789550303077962784,1789550302930034873.jpg
1789550302979627634,1789550303128298789,1789550302979627634.jpg
1789550303029255225,1789550303179248415,1789550303029255225.jpg
1789550303078861614,1789550303229835497,1789550303078861614.jpg
1789550303128475791,1789550303274950152,1789550303128475791.jpg
1789550303178079782,1789550303327556239,1789550303178079782.jpg
1789550303227692916,1789550303376842627,1789550303227692916.jpg
1789550303277318123,1789550303426866174,1789550303277318123.jpg
1789550303326932218,1789550303478783151,1789550303326932218.jpg
1789550303376537212,1789550303523500174,1789550303376537212.jpg
1789550303426146669,1789550303573552347,1789550303426146669.jpg
1789550303475778998,1789550303624993018,1789550303475778998.jpg
1789550303525403607,1789550303677544391,1789550303525403607.jpg
1789550303575049784,1789550303725327611,1789550303575049784.jpg
1789550303624680508,1789550303777402344,1789550303624680508.jpg
1789550303674307911,1789550303820755847,1789550303674307911.jpg
1789550303723954915,1789550303875244607,1789550303723954915.jpg
1789550303773602667,1789550303921234087,1789550303773602667.jpg
1789550303823247526,1789550303974460369,1789550303823247526.jpg
1789550303872874389,1789550304024065676,1789550303872874389.jpg
1789550303922521647,1789550304069823003,1789550303922521647.jpg
1789550303972168247,1789550304119243354,1789550303972168247.jpg
1789550304021819840,1789550304174448387,1789550304021819840.jpg
1789550304071443263,1789550304218892613,1789550304071443263.jpg
1789550304121053125,1789550304272332921,1789550304121053125.jpg
1789550304170643125,1789550304319227631,1789550304170643125.jpg
