t_start_ns,t_end_ns,t_bag_ns,scan_idx,bssid,ssid,rssi_dbm,freq_mhz,last_seen_ms
1789658220993728000,1789658224583488000,1789658224646132667,0,02:91:9e:71:b0:15,poppy_net,-30.0,2412.0,0
1789658220993728000,1789658224583488000,1789658224646132667,0,32:0d:cb:9d:dd:f0,iPhone moe b,-42.0,2412.0,0
1789658220993728000,1789658224583488000,1789658224646132667,0,d4:bd:4f:61:91:30,CESI_Corp,-50.0,2462.0,4168
1789658220993728000,1789658224583488000,1789658224646132667,0,d4:bd:4f:61:91:31,CESI_HotSpot,-50.0,2462.0,4168
1789658220993728000,1789658224583488000,1789658224646132667,0,d4:bd:4f:a1:d5:90,CESI_Corp,-40.0,5260.0,0
1789658220993728000,1789658224583488000,1789658224646132667,0,d4:bd:4f:a1:d5:91,CESI_HotSpot,-40.0,5260.0,0
1789658220993728000,1789658224583488000,1789658224646132667,0,d4:bd:4f:a1:d5:92,CESI_Robots,-40.0,5260.0,0
1789658220993728000,1789658224583488000,1789658224646132667,0,d4:bd:4f:a1:d5:93,CESI_Recherche,-40.0,5260.0,0
1789658220993728000,1789658224583488000,1789658224646132667,0,d4:bd:4f:a1:d5:94,CESI_Iot,-40.0,5260.0,0
1789658220993728000,1789658224583488000,1789658224646132667,0,d4:bd:4f:a1:a9:70,CESI_Corp,-61.0,5260.0,0
1789658220993728000,1789658224583488000,1789658224646132667,0,d4:bd:4f:a1:a9:71,CESI_HotSpot,-61.0,5260.0,0
1789658220993728000,1789658224583488000,1789658224646132667,0,d4:bd:4f:a1:a9:72,CESI_Robots,-62.0,5260.0,0
1789658220993728000,1789658224583488000,1789658224646132667,0,d4:bd:4f:a1:a9:73,CESI_Recherche,-62.0,5260.0,0
1789658220993728000,1789658224583488000,1789658224646132667,0,d4:bd:4f:a1:a9:74,CESI_Iot,-60.0,5260.0,0
1789658220993728000,1789658224583488000,1789658224646132667,0,d4:bd:4f:a0:5d:90,CESI_Corp,-69.0,5260.0,0
1789658220993728000,1789658224583488000,1789658224646132667,0,d4:bd:4f:a0:5d:91,CESI_HotSpot,-69.0,5260.0,0
1789658220993728000,1789658224583488000,1789658224646132667,0,d4:bd:4f:a0:5d:92,CESI_Robots,-68.0,5260.0,0
1789658220993728000,1789658224583488000,1789658224646132667,0,d4:bd:4f:a0:5d:93,CESI_Recherche,-68.0,5260.0,0
1789658220993728000,1789658224583488000,1789658224646132667,0,d4:bd:4f:a0:5d:94,CESI_Iot,-68.0,5260.0,0
1789658220993728000,1789658224583488000,1789658224646132667,0,7c:26:64:69:50:05,,-47.0,5320.0,0
1789658220993728000,1789658224583488000,1789658224646132667,0,d4:bd:4f:61:d5:91,CESI_HotSpot,-30.0,2462.0,0
1789658220993728000,1789658224583488000,1789658224646132667,0,d4:bd:4f:61:91:32,CESI_Robots,-48.0,2462.0,4168
1789658220993728000,1789658224583488000,1789658224646132667,0,d4:bd:4f:61:91:33,CESI_Recherche,-48.0,2462.0,4168
1789658220993728000,1789658224583488000,1789658224646132667,0,d4:bd:4f:61:91:34,CESI_Iot,-48.0,2462.0,4168
1789658220993728000,1789658224583488000,1789658224646132667,0,d4:bd:4f:a1:91:30,CESI_Corp,-58.0,5260.0,0
1789658220993728000,1789658224583488000,1789658224646132667,0,d4:bd:4f:a1:91:31,CESI_HotSpot,-57.0,5260.0,0
1789658220993728000,1789658224583488000,1789658224646132667,0,d4:bd:4f:a1:91:32,CESI_Robots,-57.0,5260.0,0
1789658220993728000,1789658224583488000,1789658224646132667,0,d4:bd:4f:a1:91:33,CESI_Recherche,-56.0,5260.0,0
1789658220993728000,1789658224583488000,1789658224646132667,0,d4:bd:4f:a1:91:34,CESI_Iot,-56.0,5260.0,0
1789658220993728000,1789658224583488000,1789658224646132667,0,d4:bd:4f:a0:d2:d0,CESI_Corp,-57.0,5260.0,0
1789658220993728000,1789658224583488000,1789658224646132667,0,d4:bd:4f:a0:d2:d1,CESI_HotSpot,-57.0,5260.0,0
1789658220993728000,1789658224583488000,1789658224646132667,0,d4:bd:4f:a0:d2:d2,CESI_Robots,-57.0,5260.0,0
1789658220993728000,1789658224583488000,1789658224646132667,0,d4:bd:4f:a0:d2:d3,CESI_Recherche,-56.0,5260.0,0
1789658220993728000,1789658224583488000,1789658224646132667,0,d4:bd:4f:a0:d2:d4,CESI_Iot,-57.0,5260.0,0
1789658220993728000,1789658224583488000,1789658224646132667,0,94:b3:4f:bc:d6:a2,CESI_Robots,-81.0,5180.0,4168
1789658220993728000,1789658224583488000,1789658224646132667,0,94:b3:4f:bc:d6:a3,CESI_Recherche,-76.0,5180.0,8356
1789658220993728000,1789658224583488000,1789658224646132667,0,94:b3:4f:bc:d6:a4,CESI_Iot,-81.0,5180.0,4168
1789658220993728000,1789658224583488000,1789658224646132667,0,7a:45:58:98:a3:5f,Cepsup-Etudiants,-68.0,2437.0,0
1789658220993728000,1789658224583488000,1789658224646132667,0,94:b3:4f:bc:d6:a0,CESI_Corp,-79.0,5180.0,8356
1789658220993728000,1789658224583488000,1789658224646132667,0,94:b3:4f:bc:d6:a1,CESI_HotSpot,-78.0,5180.0,8356
1789658220993728000,1789658224583488000,1789658224646132667,0,78:45:58:d8:a3:5f,FGNE-Admin,-67.0,2437.0,0
1789658220993728000,1789658224583488000,1789658224646132667,0,94:b3:4f:7c:d6:a3,CESI_Recherche,-66.0,2447.0,29260
1789658220993728000,1789658224583488000,1789658224646132667,0,94:b3:4f:7c:d6:a4,CESI_Iot,-66.0,2447.0,29260
1789658220993728000,1789658224583488000,1789658224646132667,0,d0:21:f9:5f:b3:91,FGNE-Admin,-89.0,5220.0,16716
1789658220993728000,1789658224583488000,1789658224646132667,0,d2:21:f9:1f:b3:91,Cepsup-Etudiants,-87.0,5220.0,20888
1789658220993728000,1789658224583488000,1789658224646132667,0,7a:45:58:98:a3:60,Cepsup-Etudiants,-80.0,5180.0,0
1789658220993728000,1789658224583488000,1789658224646132667,0,78:45:58:d8:a3:60,FGNE-Admin,-87.0,5180.0,12508
1789658220993728000,1789658224583488000,1789658224646132667,0,94:b3:4f:7c:d6:a1,CESI_HotSpot,-67.0,2447.0,29260
1789658220993728000,1789658224583488000,1789658224646132667,0,94:b3:4f:7c:d6:a2,CESI_Robots,-65.0,2447.0,29260
1789658220993728000,1789658224583488000,1789658224646132667,0,d4:bd:4f:60:5d:92,CESI_Robots,-61.0,2462.0,29260
1789658220993728000,1789658224583488000,1789658224646132667,0,94:b3:4f:7c:d6:a0,CESI_Corp,-68.0,2447.0,29260
1789658220993728000,1789658224583488000,1789658224646132667,0,d4:bd:4f:61:d5:92,CESI_Robots,-30.0,2462.0,0
1789658220993728000,1789658224583488000,1789658224646132667,0,d4:bd:4f:61:d5:93,CESI_Recherche,-30.0,2462.0,0
1789658220993728000,1789658224583488000,1789658224646132667,0,7a:45:58:a8:a3:5f,,-71.0,2437.0,8356
1789658220993728000,1789658224583488000,1789658224646132667,0,d4:bd:4f:60:d2:d0,CESI_Corp,-54.0,2462.0,4168
1789658220993728000,1789658224583488000,1789658224646132667,0,d4:bd:4f:61:a9:70,CESI_Corp,-62.0,2462.0,0
1789658220993728000,1789658224583488000,1789658224646132667,0,d4:bd:4f:61:d5:90,CESI_Corp,-30.0,2462.0,0
1789658220993728000,1789658224583488000,1789658224646132667,0,d4:bd:4f:61:a9:72,CESI_Robots,-62.0,2462.0,0
1789658220993728000,1789658224583488000,1789658224646132667,0,d4:bd:4f:61:d5:94,CESI_Iot,-30.0,2462.0,0
1789658220993728000,1789658224583488000,1789658224646132667,0,7c:26:64:69:50:04,,-44.0,2462.0,0
1789658220993728000,1789658224583488000,1789658224646132667,0,d4:bd:4f:61:a9:73,CESI_Recherche,-63.0,2462.0,0
1789658220993728000,1789658224583488000,1789658224646132667,0,d4:bd:4f:61:a9:74,CESI_Iot,-54.0,2462.0,12508
1789658220993728000,1789658224583488000,1789658224646132667,0,d4:bd:4f:61:a9:71,CESI_HotSpot,-48.0,2462.0,12508
1789658220993728000,1789658224583488000,1789658224646132667,0,70:a7:41:72:25:eb,FGNE-Admin,-51.0,5220.0,0
1789658220993728000,1789658224583488000,1789658224646132667,0,72:a7:41:12:25:eb,Cepsup-Etudiants,-50.0,5220.0,0
1789658220993728000,1789658224583488000,1789658224646132667,0,d4:bd:4f:60:d2:d3,CESI_Recherche,-53.0,2462.0,4168
1789658220993728000,1789658224583488000,1789658224646132667,0,d4:bd:4f:60:d2:d4,CESI_Iot,-55.0,2462.0,12512
1789658220993728000,1789658224583488000,1789658224646132667,0,72:a7:41:22:25:eb,,-60.0,5220.0,12512
1789658220993728000,1789658224583488000,1789658224646132667,0,d4:bd:4f:60:d2:d2,CESI_Robots,-52.0,2462.0,4172
1789658220993728000,1789658224583488000,1789658224646132667,0,d2:21:f9:1f:d3:98,Cepsup-Etudiants,-69.0,5200.0,4
1789658220993728000,1789658224583488000,1789658224646132667,0,d0:21:f9:5f:d3:98,FGNE-Admin,-68.0,5200.0,4
1789658220993728000,1789658224583488000,1789658224646132667,0,d4:bd:4f:60:d2:d1,CESI_HotSpot,-52.0,2462.0,4
1789658220993728000,1789658224583488000,1789658224646132667,0,70:a7:41:72:25:ea,FGNE-Admin,-46.0,2462.0,4
1789658220993728000,1789658224583488000,1789658224646132667,0,d4:bd:4f:a1:f4:54,CESI_Iot,-71.0,5180.0,4
1789658220993728000,1789658224583488000,1789658224646132667,0,d2:21:f9:2f:d3:98,,-70.0,5200.0,12512
1789658220993728000,1789658224583488000,1789658224646132667,0,d2:21:f9:2f:b3:91,,-89.0,5220.0,20892
1789658220993728000,1789658224583488000,1789658224646132667,0,d0:21:f9:5f:d3:97,FGNE-Admin,-63.0,2412.0,4
1789658220993728000,1789658224583488000,1789658224646132667,0,38:9d:92:35:3d:10,EB353D10-EE89sIDJqG1AOAj,-65.0,2462.0,20892
1789658220993728000,1789658224583488000,1789658224646132667,0,72:a7:41:12:25:ea,Cepsup-Etudiants,-64.0,2462.0,4
1789658220993728000,1789658224583488000,1789658224646132667,0,d4:bd:4f:a1:f4:50,CESI_Corp,-71.0,5180.0,4
1789658220993728000,1789658224583488000,1789658224646132667,0,d4:bd:4f:a1:f4:51,CESI_HotSpot,-71.0,5180.0,4
1789658220993728000,1789658224583488000,1789658224646132667,0,d4:bd:4f:a1:f4:52,CESI_Robots,-71.0,5180.0,4
1789658220993728000,1789658224583488000,1789658224646132667,0,d4:bd:4f:a1:f4:53,CESI_Recherche,-71.0,5180.0,4
1789658220993728000,1789658224583488000,1789658224646132667,0,d4:bd:4f:a1:91:c4,CESI_Iot,-87.0,5260.0,4172
1789658220993728000,1789658224583488000,1789658224646132667,0,d2:21:f9:1f:d3:97,Cepsup-Etudiants,-62.0,2412.0,4172
1789658220993728000,1789658224583488000,1789658224646132667,0,d2:21:f9:2f:d3:97,,-63.0,2412.0,4172
1789658220993728000,1789658224583488000,1789658224646132667,0,d4:bd:4f:61:f4:50,CESI_Corp,-64.0,2447.0,4
1789658220993728000,1789658224583488000,1789658224646132667,0,d4:bd:4f:61:f4:51,CESI_HotSpot,-63.0,2447.0,4
1789658220993728000,1789658224583488000,1789658224646132667,0,d4:bd:4f:61:f4:52,CESI_Robots,-63.0,2447.0,4
1789658220993728000,1789658224583488000,1789658224646132667,0,d4:bd:4f:61:f4:53,CESI_Recherche,-61.0,2447.0,4
1789658220993728000,1789658224583488000,1789658224646132667,0,d4:bd:4f:61:f4:54,CESI_Iot,-64.0,2447.0,4
1789658220993728000,1789658224583488000,1789658224646132667,0,72:a7:41:22:25:ea,,-45.0,2462.0,4
1789658220993728000,1789658224583488000,1789658224646132667,0,d4:bd:4f:a1:91:c2,CESI_Robots,-86.0,5260.0,4172
1789658220993728000,1789658224583488000,1789658224646132667,0,d4:bd:4f:a1:91:c3,CESI_Recherche,-88.0,5260.0,4172
1789658225150018048,1789658228744750080,1789658228813736726,1,02:91:9e:71:b0:15,poppy_net,-29.0,2412.0,0
1789658225150018048,1789658228744750080,1789658228813736726,1,32:0d:cb:9d:dd:f0,iPhone moe b,-49.0,2412.0,0
1789658225150018048,1789658228744750080,1789658228813736726,1,d4:bd:4f:61:91:30,CESI_Corp,-49.0,2462.0,0
1789658225150018048,1789658228744750080,1789658228813736726,1,d4:bd:4f:61:91:31,CESI_HotSpot,-49.0,2462.0,0
1789658225150018048,1789658228744750080,1789658228813736726,1,d4:bd:4f:a1:d5:90,CESI_Corp,-42.0,5260.0,0
1789658225150018048,1789658228744750080,1789658228813736726,1,d4:bd:4f:a1:d5:91,CESI_HotSpot,-42.0,5260.0,0
1789658225150018048,1789658228744750080,1789658228813736726,1,d4:bd:4f:a1:d5:92,CESI_Robots,-42.0,5260.0,0
1789658225150018048,1789658228744750080,1789658228813736726,1,d4:bd:4f:a1:d5:93,CESI_Recherche,-42.0,5260.0,0
1789658225150018048,1789658228744750080,1789658228813736726,1,d4:bd:4f:a1:d5:94,CESI_Iot,-42.0,5260.0,0
1789658225150018048,1789658228744750080,1789658228813736726,1,d4:bd:4f:a1:a9:70,CESI_Corp,-60.0,5260.0,0
1789658225150018048,1789658228744750080,1789658228813736726,1,d4:bd:4f:a1:a9:71,CESI_HotSpot,-62.0,5260.0,0
1789658225150018048,1789658228744750080,1789658228813736726,1,d4:bd:4f:a1:a9:72,CESI_Robots,-62.0,5260.0,0
1789658225150018048,1789658228744750080,1789658228813736726,1,d4:bd:4f:a1:a9:73,CESI_Recherche,-61.0,5260.0,0
1789658225150018048,1789658228744750080,1789658228813736726,1,d4:bd:4f:a1:a9:74,CESI_Iot,-62.0,5260.0,0
1789658225150018048,1789658228744750080,1789658228813736726,1,d4:bd:4f:a0:5d:90,CESI_Corp,-69.0,5260.0,4160
1789658225150018048,1789658228744750080,1789658228813736726,1,d4:bd:4f:a0:5d:91,CESI_HotSpot,-69.0,5260.0,0
1789658225150018048,1789658228744750080,1789658228813736726,1,d4:bd:4f:a0:5d:92,CESI_Robots,-68.0,5260.0,0
1789658225150018048,1789658228744750080,1789658228813736726,1,d4:bd:4f:a0:5d:93,CESI_Recherche,-68.0,5260.0,0
1789658225150018048,1789658228744750080,1789658228813736726,1,d4:bd:4f:a0:5d:94,CESI_Iot,-68.0,5260.0,0
1789658225150018048,1789658228744750080,1789658228813736726,1,7c:26:64:69:50:05,,-43.0,5320.0,0
1789658225150018048,1789658228744750080,1789658228813736726,1,d4:bd:4f:61:d5:91,CESI_HotSpot,-30.0,2462.0,4160
1789658225150018048,1789658228744750080,1789658228813736726,1,d4:bd:4f:61:91:32,CESI_Robots,-49.0,2462.0,0
1789658225150018048,1789658228744750080,1789658228813736726,1,d4:bd:4f:61:91:33,CESI_Recherche,-49.0,2462.0,0
1789658225150018048,1789658228744750080,1789658228813736726,1,d4:bd:4f:61:91:34,CESI_Iot,-50.0,2462.0,0
1789658225150018048,1789658228744750080,1789658228813736726,1,d4:bd:4f:a1:91:30,CESI_Corp,-56.0,5260.0,0
1789658225150018048,1789658228744750080,1789658228813736726,1,d4:bd:4f:a1:91:31,CESI_HotSpot,-57.0,5260.0,0
1789658225150018048,1789658228744750080,1789658228813736726,1,d4:bd:4f:a1:91:32,CESI_Robots,-56.0,5260.0,0
1789658225150018048,1789658228744750080,1789658228813736726,1,d4:bd:4f:a1:91:33,CESI_Recherche,-57.0,5260.0,0
1789658225150018048,1789658228744750080,1789658228813736726,1,d4:bd:4f:a1:91:34,CESI_Iot,-57.0,5260.0,0
1789658225150018048,1789658228744750080,1789658228813736726,1,d4:bd:4f:a0:d2:d0,CESI_Corp,-58.0,5260.0,0
1789658225150018048,1789658228744750080,1789658228813736726,1,d4:bd:4f:a0:d2:d1,CESI_HotSpot,-58.0,5260.0,0
1789658225150018048,1789658228744750080,1789658228813736726,1,d4:bd:4f:a0:d2:d2,CESI_Robots,-58.0,5260.0,0
1789658225150018048,1789658228744750080,1789658228813736726,1,d4:bd:4f:a0:d2:d3,CESI_Recherche,-58.0,5260.0,0
1789658225150018048,1789658228744750080,1789658228813736726,1,d4:bd:4f:a0:d2:d4,CESI_Iot,-58.0,5260.0,0
1789658225150018048,1789658228744750080,1789658228813736726,1,94:b3:4f:bc:d6:a2,CESI_Robots,-80.0,5180.0,0
1789658225150018048,1789658228744750080,1789658228813736726,1,94:b3:4f:bc:d6:a3,CESI_Recherche,-79.0,5180.0,0
1789658225150018048,1789658228744750080,1789658228813736726,1,94:b3:4f:bc:d6:a4,CESI_Iot,-79.0,5180.0,0
1789658225150018048,1789658228744750080,1789658228813736726,1,7a:45:58:98:a3:5f,Cepsup-Etudiants,-68.0,2437.0,0
1789658225150018048,1789658228744750080,1789658228813736726,1,94:b3:4f:bc:d6:a0,CESI_Corp,-79.0,5180.0,12516
1789658225150018048,1789658228744750080,1789658228813736726,1,94:b3:4f:bc:d6:a1,CESI_HotSpot,-78.0,5180.0,12516
1789658225150018048,1789658228744750080,1789658228813736726,1,78:45:58:d8:a3:5f,FGNE-Admin,-47.0,2437.0,0
1789658225150018048,1789658228744750080,1789658228813736726,1,94:b3:4f:7c:d6:a3,CESI_Recherche,-60.0,2447.0,0
1789658225150018048,1789658228744750080,1789658228813736726,1,d0:21:f9:5f:b3:91,FGNE-Admin,-89.0,5220.0,20876
1789658225150018048,1789658228744750080,1789658228813736726,1,d2:21:f9:1f:b3:91,Cepsup-Etudiants,-87.0,5220.0,25048
1789658225150018048,1789658228744750080,1789658228813736726,1,7a:45:58:98:a3:60,Cepsup-Etudiants,-80.0,5180.0,4160
1789658225150018048,1789658228744750080,1789658228813736726,1,78:45:58:d8:a3:60,FGNE-Admin,-87.0,5180.0,16668
1789658225150018048,1789658228744750080,1789658228813736726,1,94:b3:4f:7c:d6:a2,CESI_Robots,-59.0,2447.0,0
1789658225150018048,1789658228744750080,1789658228813736726,1,d4:bd:4f:61:d5:92,CESI_Robots,-30.0,2462.0,4160
1789658225150018048,1789658228744750080,1789658228813736726,1,d4:bd:4f:61:d5:93,CESI_Recherche,-30.0,2462.0,4160
1789658225150018048,1789658228744750080,1789658228813736726,1,7a:45:58:a8:a3:5f,,-68.0,2437.0,0
1789658225150018048,1789658228744750080,1789658228813736726,1,d4:bd:4f:60:d2:d0,CESI_Corp,-52.0,2462.0,0
1789658225150018048,1789658228744750080,1789658228813736726,1,d4:bd:4f:61:a9:70,CESI_Corp,-62.0,2462.0,4160
1789658225150018048,1789658228744750080,1789658228813736726,1,d4:bd:4f:61:d5:90,CESI_Corp,-30.0,2462.0,4160
1789658225150018048,1789658228744750080,1789658228813736726,1,d4:bd:4f:61:a9:72,CESI_Robots,-62.0,2462.0,4160
1789658225150018048,1789658228744750080,1789658228813736726,1,d4:bd:4f:61:d5:94,CESI_Iot,-30.0,2462.0,4160
1789658225150018048,1789658228744750080,1789658228813736726,1,7c:26:64:69:50:04,,-46.0,2462.0,0
1789658225150018048,1789658228744750080,1789658228813736726,1,d4:bd:4f:61:a9:73,CESI_Recherche,-63.0,2462.0,4160
1789658225150018048,1789658228744750080,1789658228813736726,1,d4:bd:4f:61:a9:74,CESI_Iot,-54.0,2462.0,16668
1789658225150018048,1789658228744750080,1789658228813736726,1,d4:bd:4f:61:a9:71,CESI_HotSpot,-48.0,2462.0,16668
1789658225150018048,1789658228744750080,1789658228813736726,1,70:a7:41:72:25:eb,FGNE-Admin,-50.0,5220.0,0
1789658225150018048,1789658228744750080,1789658228813736726,1,72:a7:41:12:25:eb,Cepsup-Etudiants,-50.0,5220.0,0
1789658225150018048,1789658228744750080,1789658228813736726,1,d4:bd:4f:60:d2:d3,CESI_Recherche,-53.0,2462.0,8328
1789658225150018048,1789658228744750080,1789658228813736726,1,d4:bd:4f:60:d2:d4,CESI_Iot,-52.0,2462.0,0
1789658225150018048,1789658228744750080,1789658228813736726,1,72:a7:41:22:25:eb,,-50.0,5220.0,0
1789658225150018048,1789658228744750080,1789658228813736726,1,d4:bd:4f:60:d2:d2,CESI_Robots,-52.0,2462.0,8328
1789658225150018048,1789658228744750080,1789658228813736726,1,d2:21:f9:1f:d3:98,Cepsup-Etudiants,-68.0,5200.0,0
1789658225150018048,1789658228744750080,1789658228813736726,1,d0:21:f9:5f:d3:98,FGNE-Admin,-68.0,5200.0,8
1789658225150018048,1789658228744750080,1789658228813736726,1,d4:bd:4f:60:d2:d1,CESI_HotSpot,-52.0,2462.0,8
1789658225150018048,1789658228744750080,1789658228813736726,1,70:a7:41:72:25:ea,FGNE-Admin,-44.0,2462.0,8
1789658225150018048,1789658228744750080,1789658228813736726,1,d4:bd:4f:a1:f4:54,CESI_Iot,-71.0,5180.0,8
1789658225150018048,1789658228744750080,1789658228813736726,1,d2:21:f9:2f:d3:98,,-69.0,5200.0,8
1789658225150018048,1789658228744750080,1789658228813736726,1,d2:21:f9:2f:b3:91,,-89.0,5220.0,25056
1789658225150018048,1789658228744750080,1789658228813736726,1,d0:21:f9:5f:d3:97,FGNE-Admin,-66.0,2412.0,8
1789658225150018048,1789658228744750080,1789658228813736726,1,38:9d:92:35:3d:10,EB353D10-EE89sIDJqG1AOAj,-65.0,2462.0,25056
1789658225150018048,1789658228744750080,1789658228813736726,1,72:a7:41:12:25:ea,Cepsup-Etudiants,-47.0,2462.0,8
1789658225150018048,1789658228744750080,1789658228813736726,1,d4:bd:4f:a1:f4:50,CESI_Corp,-71.0,5180.0,8
1789658225150018048,1789658228744750080,1789658228813736726,1,d4:bd:4f:a1:f4:51,CESI_HotSpot,-70.0,5180.0,8
1789658225150018048,1789658228744750080,1789658228813736726,1,d4:bd:4f:a1:f4:52,CESI_Robots,-71.0,5180.0,8
1789658225150018048,1789658228744750080,1789658228813736726,1,d4:bd:4f:a1:f4:53,CESI_Recherche,-70.0,5180.0,8
1789658225150018048,1789658228744750080,1789658228813736726,1,d4:bd:4f:a1:91:c4,CESI_Iot,-87.0,5260.0,8336
1789658225150018048,1789658228744750080,1789658228813736726,1,d2:21:f9:1f:d3:97,Cepsup-Etudiants,-65.0,2412.0,8
1789658225150018048,1789658228744750080,1789658228813736726,1,d2:21:f9:2f:d3:97,,-65.0,2412.0,8
1789658225150018048,1789658228744750080,1789658228813736726,1,d4:bd:4f:61:f4:50,CESI_Corp,-64.0,2447.0,4168
1789658225150018048,1789658228744750080,1789658228813736726,1,d4:bd:4f:61:f4:51,CESI_HotSpot,-59.0,2447.0,8
1789658225150018048,1789658228744750080,1789658228813736726,1,d4:bd:4f:61:f4:52,CESI_Robots,-60.0,2447.0,8
1789658225150018048,1789658228744750080,1789658228813736726,1,d4:bd:4f:61:f4:53,CESI_Recherche,-59.0,2447.0,8
1789658225150018048,1789658228744750080,1789658228813736726,1,d4:bd:4f:61:f4:54,CESI_Iot,-60.0,2447.0,8
1789658225150018048,1789658228744750080,1789658228813736726,1,72:a7:41:22:25:ea,,-45.0,2462.0,4168
1789658225150018048,1789658228744750080,1789658228813736726,1,d4:bd:4f:a1:91:c2,CESI_Robots,-86.0,5260.0,8336
1789658225150018048,1789658228744750080,1789658228813736726,1,d4:bd:4f:a1:91:c3,CESI_Recherche,-88.0,5260.0,8336
1789658229316297984,1789658232928830976,1789658232986177742,2,02:91:9e:71:b0:15,poppy_net,-31.0,2412.0,0
1789658229316297984,1789658232928830976,1789658232986177742,2,32:0d:cb:9d:dd:f0,iPhone moe b,-42.0,2412.0,0
1789658229316297984,1789658232928830976,1789658232986177742,2,d4:bd:4f:61:91:30,CESI_Corp,-53.0,2462.0,0
1789658229316297984,1789658232928830976,1789658232986177742,2,d4:bd:4f:61:91:31,CESI_HotSpot,-62.0,2462.0,0
1789658229316297984,1789658232928830976,1789658232986177742,2,d4:bd:4f:a1:d5:90,CESI_Corp,-35.0,5260.0,0
1789658229316297984,1789658232928830976,1789658232986177742,2,d4:bd:4f:a1:d5:91,CESI_HotSpot,-35.0,5260.0,0
1789658229316297984,1789658232928830976,1789658232986177742,2,d4:bd:4f:a1:d5:92,CESI_Robots,-35.0,5260.0,0
1789658229316297984,1789658232928830976,1789658232986177742,2,d4:bd:4f:a1:d5:93,CESI_Recherche,-38.0,5260.0,0
1789658229316297984,1789658232928830976,1789658232986177742,2,d4:bd:4f:a1:d5:94,CESI_Iot,-36.0,5260.0,0
1789658229316297984,1789658232928830976,1789658232986177742,2,d4:bd:4f:a1:a9:70,CESI_Corp,-63.0,5260.0,0
1789658229316297984,1789658232928830976,1789658232986177742,2,d4:bd:4f:a1:a9:71,CESI_HotSpot,-63.0,5260.0,0
1789658229316297984,1789658232928830976,1789658232986177742,2,d4:bd:4f:a1:a9:72,CESI_Robots,-63.0,5260.0,0
1789658229316297984,1789658232928830976,1789658232986177742,2,d4:bd:4f:a1:a9:73,CESI_Recherche,-63.0,5260.0,0
1789658229316297984,1789658232928830976,1789658232986177742,2,d4:bd:4f:a1:a9:74,CESI_Iot,-63.0,5260.0,0
1789658229316297984,1789658232928830976,1789658232986177742,2,d4:bd:4f:a0:5d:90,CESI_Corp,-73.0,5260.0,0
1789658229316297984,1789658232928830976,1789658232986177742,2,d4:bd:4f:a0:5d:91,CESI_HotSpot,-73.0,5260.0,0
1789658229316297984,1789658232928830976,1789658232986177742,2,d4:bd:4f:a0:5d:92,CESI_Robots,-73.0,5260.0,0
1789658229316297984,1789658232928830976,1789658232986177742,2,d4:bd:4f:a0:5d:93,CESI_Recherche,-73.0,5260.0,0
1789658229316297984,1789658232928830976,1789658232986177742,2,d4:bd:4f:a0:5d:94,CESI_Iot,-73.0,5260.0,0
1789658229316297984,1789658232928830976,1789658232986177742,2,7c:26:64:69:50:05,,-51.0,5320.0,0
1789658229316297984,1789658232928830976,1789658232986177742,2,d4:bd:4f:61:d5:91,CESI_HotSpot,-39.0,2462.0,0
1789658229316297984,1789658232928830976,1789658232986177742,2,d4:bd:4f:61:91:32,CESI_Robots,-53.0,2462.0,0
1789658229316297984,1789658232928830976,1789658232986177742,2,d4:bd:4f:61:91:33,CESI_Recherche,-62.0,2462.0,0
1789658229316297984,1789658232928830976,1789658232986177742,2,d4:bd:4f:61:91:34,CESI_Iot,-62.0,2462.0,0
1789658229316297984,1789658232928830976,1789658232986177742,2,d4:bd:4f:a1:91:30,CESI_Corp,-58.0,5260.0,0
1789658229316297984,1789658232928830976,1789658232986177742,2,d4:bd:4f:a1:91:31,CESI_HotSpot,-58.0,5260.0,0
1789658229316297984,1789658232928830976,1789658232986177742,2,d4:bd:4f:a1:91:32,CESI_Robots,-58.0,5260.0,0
1789658229316297984,1789658232928830976,1789658232986177742,2,d4:bd:4f:a1:91:33,CESI_Recherche,-58.0,5260.0,0
1789658229316297984,1789658232928830976,1789658232986177742,2,d4:bd:4f:a1:91:34,CESI_Iot,-58.0,5260.0,0
1789658229316297984,1789658232928830976,1789658232986177742,2,d4:bd:4f:a0:d2:d0,CESI_Corp,-50.0,5260.0,0
1789658229316297984,1789658232928830976,1789658232986177742,2,d4:bd:4f:a0:d2:d1,CESI_HotSpot,-50.0,5260.0,0
1789658229316297984,1789658232928830976,1789658232986177742,2,d4:bd:4f:a0:d2:d2,CESI_Robots,-50.0,5260.0,0
1789658229316297984,1789658232928830976,1789658232986177742,2,d4:bd:4f:a0:d2:d3,CESI_Recherche,-50.0,5260.0,0
1789658229316297984,1789658232928830976,1789658232986177742,2,d4:bd:4f:a0:d2:d4,CESI_Iot,-49.0,5260.0,0
1789658229316297984,1789658232928830976,1789658232986177742,2,94:b3:4f:bc:d6:a2,CESI_Robots,-80.0,5180.0,0
1789658229316297984,1789658232928830976,1789658232986177742,2,94:b3:4f:bc:d6:a3,CESI_Recherche,-79.0,5180.0,4180
1789658229316297984,1789658232928830976,1789658232986177742,2,94:b3:4f:bc:d6:a4,CESI_Iot,-79.0,5180.0,4180
1789658229316297984,1789658232928830976,1789658232986177742,2,7a:45:58:98:a3:5f,Cepsup-Etudiants,-68.0,2437.0,4180
1789658229316297984,1789658232928830976,1789658232986177742,2,94:b3:4f:bc:d6:a0,CESI_Corp,-79.0,5180.0,0
1789658229316297984,1789658232928830976,1789658232986177742,2,94:b3:4f:bc:d6:a1,CESI_HotSpot,-79.0,5180.0,0
1789658229316297984,1789658232928830976,1789658232986177742,2,78:45:58:d8:a3:5f,FGNE-Admin,-47.0,2437.0,4180
1789658229316297984,1789658232928830976,1789658232986177742,2,94:b3:4f:7c:d6:a3,CESI_Recherche,-60.0,2447.0,4180
1789658229316297984,1789658232928830976,1789658232986177742,2,d0:21:f9:5f:b3:91,FGNE-Admin,-89.0,5220.0,25056
1789658229316297984,1789658232928830976,1789658232986177742,2,d2:21:f9:1f:b3:91,Cepsup-Etudiants,-87.0,5220.0,29228
1789658229316297984,1789658232928830976,1789658232986177742,2,7a:45:58:98:a3:60,Cepsup-Etudiants,-80.0,5180.0,8340
1789658229316297984,1789658232928830976,1789658232986177742,2,78:45:58:d8:a3:60,FGNE-Admin,-87.0,5180.0,20848
1789658229316297984,1789658232928830976,1789658232986177742,2,94:b3:4f:7c:d6:a2,CESI_Robots,-59.0,2447.0,4180
1789658229316297984,1789658232928830976,1789658232986177742,2,d4:bd:4f:61:d5:92,CESI_Robots,-38.0,2462.0,0
1789658229316297984,1789658232928830976,1789658232986177742,2,d4:bd:4f:61:d5:93,CESI_Recherche,-30.0,2462.0,8340
1789658229316297984,1789658232928830976,1789658232986177742,2,7a:45:58:a8:a3:5f,,-68.0,2437.0,4180
1789658229316297984,1789658232928830976,1789658232986177742,2,d4:bd:4f:60:d2:d0,CESI_Corp,-54.0,2462.0,0
1789658229316297984,1789658232928830976,1789658232986177742,2,d4:bd:4f:61:a9:70,CESI_Corp,-58.0,2462.0,0
1789658229316297984,1789658232928830976,1789658232986177742,2,d4:bd:4f:61:d5:90,CESI_Corp,-30.0,2462.0,8340
1789658229316297984,1789658232928830976,1789658232986177742,2,d4:bd:4f:61:a9:72,CESI_Robots,-62.0,2462.0,8340
1789658229316297984,1789658232928830976,1789658232986177742,2,d4:bd:4f:61:d5:94,CESI_Iot,-38.0,2462.0,0
1789658229316297984,1789658232928830976,1789658232986177742,2,7c:26:64:69:50:04,,-45.0,2462.0,0
1789658229316297984,1789658232928830976,1789658232986177742,2,d4:bd:4f:61:a9:73,CESI_Recherche,-58.0,2462.0,0
1789658229316297984,1789658232928830976,1789658232986177742,2,d4:bd:4f:61:a9:74,CESI_Iot,-58.0,2462.0,0
1789658229316297984,1789658232928830976,1789658232986177742,2,d4:bd:4f:61:a9:71,CESI_HotSpot,-58.0,2462.0,0
1789658229316297984,1789658232928830976,1789658232986177742,2,70:a7:41:72:25:eb,FGNE-Admin,-54.0,5220.0,0
1789658229316297984,1789658232928830976,1789658232986177742,2,72:a7:41:12:25:eb,Cepsup-Etudiants,-54.0,5220.0,0
1789658229316297984,1789658232928830976,1789658232986177742,2,d4:bd:4f:60:d2:d3,CESI_Recherche,-53.0,2462.0,0
1789658229316297984,1789658232928830976,1789658232986177742,2,d4:bd:4f:60:d2:d4,CESI_Iot,-50.0,2462.0,0
1789658229316297984,1789658232928830976,1789658232986177742,2,72:a7:41:22:25:eb,,-50.0,5220.0,4180
1789658229316297984,1789658232928830976,1789658232986177742,2,d4:bd:4f:60:d2:d2,CESI_Robots,-53.0,2462.0,0
1789658229316297984,1789658232928830976,1789658232986177742,2,d2:21:f9:1f:d3:98,Cepsup-Etudiants,-69.0,5200.0,0
1789658229316297984,1789658232928830976,1789658232986177742,2,d0:21:f9:5f:d3:98,FGNE-Admin,-69.0,5200.0,8
1789658229316297984,1789658232928830976,1789658232986177742,2,d4:bd:4f:60:d2:d1,CESI_HotSpot,-51.0,2462.0,8
1789658229316297984,1789658232928830976,1789658232986177742,2,70:a7:41:72:25:ea,FGNE-Admin,-53.0,2462.0,8
1789658229316297984,1789658232928830976,1789658232986177742,2,d4:bd:4f:a1:f4:54,CESI_Iot,-77.0,5180.0,8
1789658229316297984,1789658232928830976,1789658232986177742,2,d2:21:f9:2f:d3:98,,-69.0,5200.0,4188
1789658229316297984,1789658232928830976,1789658232986177742,2,d2:21:f9:2f:b3:91,,-89.0,5220.0,29236
1789658229316297984,1789658232928830976,1789658232986177742,2,d0:21:f9:5f:d3:97,FGNE-Admin,-69.0,2412.0,8
1789658229316297984,1789658232928830976,1789658232986177742,2,38:9d:92:35:3d:10,EB353D10-EE89sIDJqG1AOAj,-65.0,2462.0,29236
1789658229316297984,1789658232928830976,1789658232986177742,2,72:a7:41:12:25:ea,Cepsup-Etudiants,-48.0,2462.0,8
1789658229316297984,1789658232928830976,1789658232986177742,2,d4:bd:4f:a1:f4:50,CESI_Corp,-78.0,5180.0,8
1789658229316297984,1789658232928830976,1789658232986177742,2,d4:bd:4f:a1:f4:51,CESI_HotSpot,-78.0,5180.0,8
1789658229316297984,1789658232928830976,1789658232986177742,2,d4:bd:4f:a1:f4:52,CESI_Robots,-76.0,5180.0,8
1789658229316297984,1789658232928830976,1789658232986177742,2,d4:bd:4f:a1:f4:53,CESI_Recherche,-76.0,5180.0,8
1789658229316297984,1789658232928830976,1789658232986177742,2,d4:bd:4f:a1:91:c4,CESI_Iot,-81.0,5260.0,8
1789658229316297984,1789658232928830976,1789658232986177742,2,d2:21:f9:1f:d3:97,Cepsup-Etudiants,-67.0,2412.0,8
1789658229316297984,1789658232928830976,1789658232986177742,2,d2:21:f9:2f:d3:97,,-65.0,2412.0,4188
1789658229316297984,1789658232928830976,1789658232986177742,2,d4:bd:4f:61:f4:50,CESI_Corp,-65.0,2447.0,8
1789658229316297984,1789658232928830976,1789658232986177742,2,d4:bd:4f:61:f4:51,CESI_HotSpot,-65.0,2447.0,8
1789658229316297984,1789658232928830976,1789658232986177742,2,d4:bd:4f:61:f4:52,CESI_Robots,-65.0,2447.0,8
1789658229316297984,1789658232928830976,1789658232986177742,2,d4:bd:4f:61:f4:53,CESI_Recherche,-63.0,2447.0,8
1789658229316297984,1789658232928830976,1789658232986177742,2,d4:bd:4f:61:f4:54,CESI_Iot,-66.0,2447.0,8
1789658229316297984,1789658232928830976,1789658232986177742,2,72:a7:41:22:25:ea,,-53.0,2462.0,8
1789658229316297984,1789658232928830976,1789658232986177742,2,d4:bd:4f:a1:91:c2,CESI_Robots,-86.0,5260.0,12516
1789658229316297984,1789658232928830976,1789658232986177742,2,d4:bd:4f:a1:91:c3,CESI_Recherche,-80.0,5260.0,8
1789658233489320960,1789658237111419904,1789658237169589475,3,02:91:9e:71:b0:15,poppy_net,-31.0,2412.0,8
1789658233489320960,1789658237111419904,1789658237169589475,3,32:0d:cb:9d:dd:f0,iPhone moe b,-42.0,2412.0,8
1789658233489320960,1789658237111419904,1789658237169589475,3,d4:bd:4f:61:91:30,CESI_Corp,-60.0,2462.0,8
1789658233489320960,1789658237111419904,1789658237169589475,3,d4:bd:4f:61:91:31,CESI_HotSpot,-62.0,2462.0,4184
1789658233489320960,1789658237111419904,1789658237169589475,3,d4:bd:4f:a1:d5:90,CESI_Corp,-41.0,5260.0,4
1789658233489320960,1789658237111419904,1789658237169589475,3,d4:bd:4f:a1:d5:91,CESI_HotSpot,-41.0,5260.0,4
1789658233489320960,1789658237111419904,1789658237169589475,3,d4:bd:4f:a1:d5:92,CESI_Robots,-41.0,5260.0,4
1789658233489320960,1789658237111419904,1789658237169589475,3,d4:bd:4f:a1:d5:93,CESI_Recherche,-41.0,5260.0,4
1789658233489320960,1789658237111419904,1789658237169589475,3,d4:bd:4f:a1:d5:94,CESI_Iot,-40.0,5260.0,4
1789658233489320960,1789658237111419904,1789658237169589475,3,d4:bd:4f:a1:a9:70,CESI_Corp,-56.0,5260.0,4
1789658233489320960,1789658237111419904,1789658237169589475,3,d4:bd:4f:a1:a9:71,CESI_HotSpot,-55.0,5260.0,4
1789658233489320960,1789658237111419904,1789658237169589475,3,d4:bd:4f:a1:a9:72,CESI_Robots,-55.0,5260.0,4
1789658233489320960,1789658237111419904,1789658237169589475,3,d4:bd:4f:a1:a9:73,CESI_Recherche,-63.0,5260.0,4184
1789658233489320960,1789658237111419904,1789658237169589475,3,d4:bd:4f:a1:a9:74,CESI_Iot,-57.0,5260.0,4
1789658233489320960,1789658237111419904,1789658237169589475,3,d4:bd:4f:a0:5d:90,CESI_Corp,-76.0,5260.0,4
1789658233489320960,1789658237111419904,1789658237169589475,3,d4:bd:4f:a0:5d:91,CESI_HotSpot,-75.0,5260.0,4
1789658233489320960,1789658237111419904,1789658237169589475,3,d4:bd:4f:a0:5d:92,CESI_Robots,-76.0,5260.0,4
1789658233489320960,1789658237111419904,1789658237169589475,3,d4:bd:4f:a0:5d:93,CESI_Recherche,-75.0,5260.0,4
1789658233489320960,1789658237111419904,1789658237169589475,3,d4:bd:4f:a0:5d:94,CESI_Iot,-76.0,5260.0,4
1789658233489320960,1789658237111419904,1789658237169589475,3,7c:26:64:69:50:05,,-47.0,5320.0,4
1789658233489320960,1789658237111419904,1789658237169589475,3,d4:bd:4f:61:d5:91,CESI_HotSpot,-39.0,2462.0,8
1789658233489320960,1789658237111419904,1789658237169589475,3,d4:bd:4f:61:91:32,CESI_Robots,-53.0,2462.0,4184
1789658233489320960,1789658237111419904,1789658237169589475,3,d4:bd:4f:61:91:33,CESI_Recherche,-62.0,2462.0,4184
1789658233489320960,1789658237111419904,1789658237169589475,3,d4:bd:4f:61:91:34,CESI_Iot,-62.0,2462.0,4184
1789658233489320960,1789658237111419904,1789658237169589475,3,d4:bd:4f:a1:91:30,CESI_Corp,-60.0,5260.0,4
1789658233489320960,1789658237111419904,1789658237169589475,3,d4:bd:4f:a1:91:31,CESI_HotSpot,-61.0,5260.0,4
1789658233489320960,1789658237111419904,1789658237169589475,3,d4:bd:4f:a1:91:32,CESI_Robots,-61.0,5260.0,4
1789658233489320960,1789658237111419904,1789658237169589475,3,d4:bd:4f:a1:91:33,CESI_Recherche,-61.0,5260.0,4
1789658233489320960,1789658237111419904,1789658237169589475,3,d4:bd:4f:a1:91:34,CESI_Iot,-62.0,5260.0,4
1789658233489320960,1789658237111419904,1789658237169589475,3,d4:bd:4f:a0:d2:d0,CESI_Corp,-49.0,5260.0,4
1789658233489320960,1789658237111419904,1789658237169589475,3,d4:bd:4f:a0:d2:d1,CESI_HotSpot,-49.0,5260.0,4
1789658233489320960,1789658237111419904,1789658237169589475,3,d4:bd:4f:a0:d2:d2,CESI_Robots,-49.0,5260.0,4
1789658233489320960,1789658237111419904,1789658237169589475,3,d4:bd:4f:a0:d2:d3,CESI_Recherche,-49.0,5260.0,4
1789658233489320960,1789658237111419904,1789658237169589475,3,d4:bd:4f:a0:d2:d4,CESI_Iot,-49.0,5260.0,4
1789658233489320960,1789658237111419904,1789658237169589475,3,94:b3:4f:bc:d6:a2,CESI_Robots,-80.0,5180.0,4184
1789658233489320960,1789658237111419904,1789658237169589475,3,94:b3:4f:bc:d6:a3,CESI_Recherche,-79.0,5180.0,8364
1789658233489320960,1789658237111419904,1789658237169589475,3,94:b3:4f:bc:d6:a4,CESI_Iot,-79.0,5180.0,4
1789658233489320960,1789658237111419904,1789658237169589475,3,7a:45:58:98:a3:5f,Cepsup-Etudiants,-68.0,2437.0,8364
1789658233489320960,1789658237111419904,1789658237169589475,3,94:b3:4f:bc:d6:a0,CESI_Corp,-79.0,5180.0,4184
1789658233489320960,1789658237111419904,1789658237169589475,3,94:b3:4f:bc:d6:a1,CESI_HotSpot,-79.0,5180.0,4184
1789658233489320960,1789658237111419904,1789658237169589475,3,78:45:58:d8:a3:5f,FGNE-Admin,-47.0,2437.0,8364
1789658233489320960,1789658237111419904,1789658237169589475,3,94:b3:4f:7c:d6:a3,CESI_Recherche,-60.0,2447.0,8364
1789658233489320960,1789658237111419904,1789658237169589475,3,d0:21:f9:5f:b3:91,FGNE-Admin,-89.0,5220.0,29240
1789658233489320960,1789658237111419904,1789658237169589475,3,7a:45:58:98:a3:60,Cepsup-Etudiants,-77.0,5180.0,8
1789658233489320960,1789658237111419904,1789658237169589475,3,78:45:58:d8:a3:60,FGNE-Admin,-77.0,5180.0,8
1789658233489320960,1789658237111419904,1789658237169589475,3,94:b3:4f:7c:d6:a2,CESI_Robots,-59.0,2447.0,8364
1789658233489320960,1789658237111419904,1789658237169589475,3,d4:bd:4f:61:d5:92,CESI_Robots,-39.0,2462.0,8
1789658233489320960,1789658237111419904,1789658237169589475,3,d4:bd:4f:61:d5:93,CESI_Recherche,-39.0,2462.0,8
1789658233489320960,1789658237111419904,1789658237169589475,3,7a:45:58:a8:a3:5f,,-68.0,2437.0,8364
1789658233489320960,1789658237111419904,1789658237169589475,3,d4:bd:4f:60:d2:d0,CESI_Corp,-54.0,2462.0,4184
1789658233489320960,1789658237111419904,1789658237169589475,3,d4:bd:4f:61:a9:70,CESI_Corp,-58.0,2462.0,4184
1789658233489320960,1789658237111419904,1789658237169589475,3,d4:bd:4f:61:d5:90,CESI_Corp,-39.0,2462.0,8
1789658233489320960,1789658237111419904,1789658237169589475,3,d4:bd:4f:61:a9:72,CESI_Robots,-52.0,2462.0,8
1789658233489320960,1789658237111419904,1789658237169589475,3,d4:bd:4f:61:d5:94,CESI_Iot,-39.0,2462.0,8
1789658233489320960,1789658237111419904,1789658237169589475,3,7c:26:64:69:50:04,,-46.0,2462.0,8
1789658233489320960,1789658237111419904,1789658237169589475,3,d4:bd:4f:61:a9:73,CESI_Recherche,-52.0,2462.0,8
1789658233489320960,1789658237111419904,1789658237169589475,3,d4:bd:4f:61:a9:74,CESI_Iot,-58.0,2462.0,4184
1789658233489320960,1789658237111419904,1789658237169589475,3,d4:bd:4f:61:a9:71,CESI_HotSpot,-58.0,2462.0,4184
1789658233489320960,1789658237111419904,1789658237169589475,3,70:a7:41:72:25:eb,FGNE-Admin,-51.0,5220.0,4
1789658233489320960,1789658237111419904,1789658237169589475,3,72:a7:41:12:25:eb,Cepsup-Etudiants,-50.0,5220.0,4
1789658233489320960,1789658237111419904,1789658237169589475,3,d4:bd:4f:60:d2:d3,CESI_Recherche,-53.0,2462.0,4184
1789658233489320960,1789658237111419904,1789658237169589475,3,d4:bd:4f:60:d2:d4,CESI_Iot,-50.0,2462.0,4184
1789658233489320960,1789658237111419904,1789658237169589475,3,72:a7:41:22:25:eb,,-50.0,5220.0,8364
1789658233489320960,1789658237111419904,1789658237169589475,3,d4:bd:4f:60:d2:d2,CESI_Robots,-53.0,2462.0,4184
1789658233489320960,1789658237111419904,1789658237169589475,3,d2:21:f9:1f:d3:98,Cepsup-Etudiants,-79.0,5200.0,4
1789658233489320960,1789658237111419904,1789658237169589475,3,d0:21:f9:5f:d3:98,FGNE-Admin,-78.0,5200.0,4
1789658233489320960,1789658237111419904,1789658237169589475,3,d4:bd:4f:60:d2:d1,CESI_HotSpot,-61.0,2462.0,16
1789658233489320960,1789658237111419904,1789658237169589475,3,70:a7:41:72:25:ea,FGNE-Admin,-45.0,2462.0,16
1789658233489320960,1789658237111419904,1789658237169589475,3,d4:bd:4f:a1:f4:54,CESI_Iot,-77.0,5180.0,4192
1789658233489320960,1789658237111419904,1789658237169589475,3,d2:21:f9:2f:d3:98,,-69.0,5200.0,8372
1789658233489320960,1789658237111419904,1789658237169589475,3,d0:21:f9:5f:d3:97,FGNE-Admin,-69.0,2412.0,4192
1789658233489320960,1789658237111419904,1789658237169589475,3,72:a7:41:12:25:ea,Cepsup-Etudiants,-45.0,2462.0,16
1789658233489320960,1789658237111419904,1789658237169589475,3,d4:bd:4f:a1:f4:50,CESI_Corp,-78.0,5180.0,4192
1789658233489320960,1789658237111419904,1789658237169589475,3,d4:bd:4f:a1:f4:51,CESI_HotSpot,-81.0,5180.0,12
1789658233489320960,1789658237111419904,1789658237169589475,3,d4:bd:4f:a1:f4:52,CESI_Robots,-81.0,5180.0,12
1789658233489320960,1789658237111419904,1789658237169589475,3,d4:bd:4f:a1:f4:53,CESI_Recherche,-76.0,5180.0,4192
1789658233489320960,1789658237111419904,1789658237169589475,3,d4:bd:4f:a1:91:c4,CESI_Iot,-83.0,5260.0,12
1789658233489320960,1789658237111419904,1789658237169589475,3,d2:21:f9:1f:d3:97,Cepsup-Etudiants,-67.0,2412.0,4192
1789658233489320960,1789658237111419904,1789658237169589475,3,d2:21:f9:2f:d3:97,,-65.0,2412.0,8372
1789658233489320960,1789658237111419904,1789658237169589475,3,d4:bd:4f:61:f4:50,CESI_Corp,-65.0,2447.0,4192
1789658233489320960,1789658237111419904,1789658237169589475,3,d4:bd:4f:61:f4:51,CESI_HotSpot,-65.0,2447.0,4192
1789658233489320960,1789658237111419904,1789658237169589475,3,d4:bd:4f:61:f4:52,CESI_Robots,-65.0,2447.0,4192
1789658233489320960,1789658237111419904,1789658237169589475,3,d4:bd:4f:61:f4:53,CESI_Recherche,-63.0,2447.0,4192
1789658233489320960,1789658237111419904,1789658237169589475,3,d4:bd:4f:61:f4:54,CESI_Iot,-66.0,2447.0,4192
1789658233489320960,1789658237111419904,1789658237169589475,3,72:a7:41:22:25:ea,,-41.0,2462.0,16
1789658233489320960,1789658237111419904,1789658237169589475,3,d4:bd:4f:a1:91:c2,CESI_Robots,-84.0,5260.0,12
1789658233489320960,1789658237111419904,1789658237169589475,3,d4:bd:4f:a1:91:c3,CESI_Recherche,-84.0,5260.0,12
1789658233489320960,1789658237111419904,1789658237169589475,3,d4:bd:4f:60:5d:92,CESI_Robots,-68.0,2462.0,16
1789658233489320960,1789658237111419904,1789658237169589475,3,d4:bd:4f:a1:91:c0,CESI_Corp,-82.0,5260.0,12
1789658233489320960,1789658237111419904,1789658237169589475,3,d4:bd:4f:a1:91:c1,CESI_HotSpot,-84.0,5260.0,12
1789658237672905984,1789658241282594048,1789658241341707364,4,02:91:9e:71:b0:15,poppy_net,-34.0,2412.0,0
1789658237672905984,1789658241282594048,1789658241341707364,4,32:0d:cb:9d:dd:f0,iPhone moe b,-44.0,2412.0,0
1789658237672905984,1789658241282594048,1789658241341707364,4,d4:bd:4f:61:91:30,CESI_Corp,-50.0,2462.0,0
1789658237672905984,1789658241282594048,1789658241341707364,4,d4:bd:4f:61:91:31,CESI_HotSpot,-50.0,2462.0,0
1789658237672905984,1789658241282594048,1789658241341707364,4,d4:bd:4f:a1:d5:90,CESI_Corp,-40.0,5260.0,0
1789658237672905984,1789658241282594048,1789658241341707364,4,d4:bd:4f:a1:d5:91,CESI_HotSpot,-40.0,5260.0,0
1789658237672905984,1789658241282594048,1789658241341707364,4,d4:bd:4f:a1:d5:92,CESI_Robots,-40.0,5260.0,0
1789658237672905984,1789658241282594048,1789658241341707364,4,d4:bd:4f:a1:d5:93,CESI_Recherche,-40.0,5260.0,0
1789658237672905984,1789658241282594048,1789658241341707364,4,d4:bd:4f:a1:d5:94,CESI_Iot,-40.0,5260.0,0
1789658237672905984,1789658241282594048,1789658241341707364,4,d4:bd:4f:a1:a9:70,CESI_Corp,-54.0,5260.0,0
1789658237672905984,1789658241282594048,1789658241341707364,4,d4:bd:4f:a1:a9:71,CESI_HotSpot,-54.0,5260.0,0
1789658237672905984,1789658241282594048,1789658241341707364,4,d4:bd:4f:a1:a9:72,CESI_Robots,-54.0,5260.0,0
1789658237672905984,1789658241282594048,1789658241341707364,4,d4:bd:4f:a1:a9:73,CESI_Recherche,-54.0,5260.0,0
1789658237672905984,1789658241282594048,1789658241341707364,4,d4:bd:4f:a1:a9:74,CESI_Iot,-54.0,5260.0,0
1789658237672905984,1789658241282594048,1789658241341707364,4,d4:bd:4f:a0:5d:90,CESI_Corp,-81.0,5260.0,0
1789658237672905984,1789658241282594048,1789658241341707364,4,d4:bd:4f:a0:5d:91,CESI_HotSpot,-75.0,5260.0,4176
1789658237672905984,1789658241282594048,1789658241341707364,4,d4:bd:4f:a0:5d:92,CESI_Robots,-76.0,5260.0,4176
1789658237672905984,1789658241282594048,1789658241341707364,4,d4:bd:4f:a0:5d:93,CESI_Recherche,-78.0,5260.0,0
1789658237672905984,1789658241282594048,1789658241341707364,4,d4:bd:4f:a0:5d:94,CESI_Iot,-78.0,5260.0,0
1789658237672905984,1789658241282594048,1789658241341707364,4,7c:26:64:69:50:05,,-49.0,5320.0,0
1789658237672905984,1789658241282594048,1789658241341707364,4,d4:bd:4f:61:d5:91,CESI_HotSpot,-31.0,2462.0,0
1789658237672905984,1789658241282594048,1789658241341707364,4,d4:bd:4f:61:91:32,CESI_Robots,-50.0,2462.0,0
1789658237672905984,1789658241282594048,1789658241341707364,4,d4:bd:4f:61:91:33,CESI_Recherche,-50.0,2462.0,0
1789658237672905984,1789658241282594048,1789658241341707364,4,d4:bd:4f:61:91:34,CESI_Iot,-62.0,2462.0,8356
1789658237672905984,1789658241282594048,1789658241341707364,4,d4:bd:4f:a1:91:30,CESI_Corp,-54.0,5260.0,0
1789658237672905984,1789658241282594048,1789658241341707364,4,d4:bd:4f:a1:91:31,CESI_HotSpot,-54.0,5260.0,0
1789658237672905984,1789658241282594048,1789658241341707364,4,d4:bd:4f:a1:91:32,CESI_Robots,-54.0,5260.0,0
1789658237672905984,1789658241282594048,1789658241341707364,4,d4:bd:4f:a1:91:33,CESI_Recherche,-54.0,5260.0,0
1789658237672905984,1789658241282594048,1789658241341707364,4,d4:bd:4f:a1:91:34,CESI_Iot,-55.0,5260.0,0
1789658237672905984,1789658241282594048,1789658241341707364,4,d4:bd:4f:a0:d2:d0,CESI_Corp,-49.0,5260.0,4176
1789658237672905984,1789658241282594048,1789658241341707364,4,d4:bd:4f:a0:d2:d1,CESI_HotSpot,-58.0,5260.0,0
1789658237672905984,1789658241282594048,1789658241341707364,4,d4:bd:4f:a0:d2:d2,CESI_Robots,-58.0,5260.0,0
1789658237672905984,1789658241282594048,1789658241341707364,4,d4:bd:4f:a0:d2:d3,CESI_Recherche,-59.0,5260.0,0
1789658237672905984,1789658241282594048,1789658241341707364,4,d4:bd:4f:a0:d2:d4,CESI_Iot,-49.0,5260.0,4176
1789658237672905984,1789658241282594048,1789658241341707364,4,94:b3:4f:bc:d6:a2,CESI_Robots,-76.0,5180.0,0
1789658237672905984,1789658241282594048,1789658241341707364,4,94:b3:4f:bc:d6:a3,CESI_Recherche,-77.0,5180.0,0
1789658237672905984,1789658241282594048,1789658241341707364,4,94:b3:4f:bc:d6:a4,CESI_Iot,-77.0,5180.0,0
1789658237672905984,1789658241282594048,1789658241341707364,4,7a:45:58:98:a3:5f,Cepsup-Etudiants,-68.0,2437.0,12536
1789658237672905984,1789658241282594048,1789658241341707364,4,94:b3:4f:bc:d6:a0,CESI_Corp,-79.0,5180.0,8356
1789658237672905984,1789658241282594048,1789658241341707364,4,94:b3:4f:bc:d6:a1,CESI_HotSpot,-79.0,5180.0,8356
1789658237672905984,1789658241282594048,1789658241341707364,4,78:45:58:d8:a3:5f,FGNE-Admin,-47.0,2437.0,12536
1789658237672905984,1789658241282594048,1789658241341707364,4,94:b3:4f:7c:d6:a3,CESI_Recherche,-60.0,2447.0,12536
1789658237672905984,1789658241282594048,1789658241341707364,4,7a:45:58:98:a3:60,Cepsup-Etudiants,-74.0,5180.0,0
1789658237672905984,1789658241282594048,1789658241341707364,4,78:45:58:d8:a3:60,FGNE-Admin,-77.0,5180.0,4180
1789658237672905984,1789658241282594048,1789658241341707364,4,94:b3:4f:7c:d6:a2,CESI_Robots,-59.0,2447.0,12536
1789658237672905984,1789658241282594048,1789658241341707364,4,d4:bd:4f:61:d5:92,CESI_Robots,-29.0,2462.0,0
1789658237672905984,1789658241282594048,1789658241341707364,4,d4:bd:4f:61:d5:93,CESI_Recherche,-32.0,2462.0,0
1789658237672905984,1789658241282594048,1789658241341707364,4,7a:45:58:a8:a3:5f,,-68.0,2437.0,12536
1789658237672905984,1789658241282594048,1789658241341707364,4,d4:bd:4f:60:d2:d0,CESI_Corp,-54.0,2462.0,8356
1789658237672905984,1789658241282594048,1789658241341707364,4,d4:bd:4f:61:a9:70,CESI_Corp,-58.0,2462.0,8356
1789658237672905984,1789658241282594048,1789658241341707364,4,d4:bd:4f:61:d5:90,CESI_Corp,-32.0,2462.0,0
1789658237672905984,1789658241282594048,1789658241341707364,4,d4:bd:4f:61:a9:72,CESI_Robots,-52.0,2462.0,0
1789658237672905984,1789658241282594048,1789658241341707364,4,d4:bd:4f:61:d5:94,CESI_Iot,-32.0,2462.0,0
1789658237672905984,1789658241282594048,1789658241341707364,4,7c:26:64:69:50:04,,-46.0,2462.0,4180
1789658237672905984,1789658241282594048,1789658241341707364,4,d4:bd:4f:61:a9:73,CESI_Recherche,-52.0,2462.0,4180
1789658237672905984,1789658241282594048,1789658241341707364,4,d4:bd:4f:61:a9:74,CESI_Iot,-58.0,2462.0,8356
1789658237672905984,1789658241282594048,1789658241341707364,4,d4:bd:4f:61:a9:71,CESI_HotSpot,-57.0,2462.0,0
1789658237672905984,1789658241282594048,1789658241341707364,4,70:a7:41:72:25:eb,FGNE-Admin,-49.0,5220.0,0
1789658237672905984,1789658241282594048,1789658241341707364,4,72:a7:41:12:25:eb,Cepsup-Etudiants,-49.0,5220.0,0
1789658237672905984,1789658241282594048,1789658241341707364,4,d4:bd:4f:60:d2:d3,CESI_Recherche,-53.0,2462.0,8356
1789658237672905984,1789658241282594048,1789658241341707364,4,d4:bd:4f:60:d2:d4,CESI_Iot,-50.0,2462.0,8356
1789658237672905984,1789658241282594048,1789658241341707364,4,72:a7:41:22:25:eb,,-50.0,5220.0,12536
1789658237672905984,1789658241282594048,1789658241341707364,4,d4:bd:4f:60:d2:d2,CESI_Robots,-53.0,2462.0,8356
1789658237672905984,1789658241282594048,1789658241341707364,4,d2:21:f9:1f:d3:98,Cepsup-Etudiants,-74.0,5200.0,0
1789658237672905984,1789658241282594048,1789658241341707364,4,d0:21:f9:5f:d3:98,FGNE-Admin,-74.0,5200.0,0
1789658237672905984,1789658241282594048,1789658241341707364,4,d4:bd:4f:60:d2:d1,CESI_HotSpot,-61.0,2462.0,4180
1789658237672905984,1789658241282594048,1789658241341707364,4,70:a7:41:72:25:ea,FGNE-Admin,-38.0,2462.0,8
1789658237672905984,1789658241282594048,1789658241341707364,4,d4:bd:4f:a1:f4:54,CESI_Iot,-77.0,5180.0,8364
1789658237672905984,1789658241282594048,1789658241341707364,4,d2:21:f9:2f:d3:98,,-74.0,5200.0,8
1789658237672905984,1789658241282594048,1789658241341707364,4,d0:21:f9:5f:d3:97,FGNE-Admin,-60.0,2412.0,8
1789658237672905984,1789658241282594048,1789658241341707364,4,72:a7:41:12:25:ea,Cepsup-Etudiants,-36.0,2462.0,8
1789658237672905984,1789658241282594048,1789658241341707364,4,d4:bd:4f:a1:f4:50,CESI_Corp,-78.0,5180.0,8364
1789658237672905984,1789658241282594048,1789658241341707364,4,d4:bd:4f:a1:f4:51,CESI_HotSpot,-81.0,5180.0,4184
1789658237672905984,1789658241282594048,1789658241341707364,4,d4:bd:4f:a1:f4:52,CESI_Robots,-81.0,5180.0,4184
1789658237672905984,1789658241282594048,1789658241341707364,4,d4:bd:4f:a1:f4:53,CESI_Recherche,-81.0,5180.0,8
1789658237672905984,1789658241282594048,1789658241341707364,4,d4:bd:4f:a1:91:c4,CESI_Iot,-83.0,5260.0,4184
1789658237672905984,1789658241282594048,1789658241341707364,4,d2:21:f9:1f:d3:97,Cepsup-Etudiants,-59.0,2412.0,8
1789658237672905984,1789658241282594048,1789658241341707364,4,d2:21:f9:2f:d3:97,,-65.0,2412.0,12544
1789658237672905984,1789658241282594048,1789658241341707364,4,d4:bd:4f:61:f4:50,CESI_Corp,-65.0,2447.0,8364
1789658237672905984,1789658241282594048,1789658241341707364,4,d4:bd:4f:61:f4:51,CESI_HotSpot,-71.0,2447.0,8
1789658237672905984,1789658241282594048,1789658241341707364,4,d4:bd:4f:61:f4:52,CESI_Robots,-65.0,2447.0,8364
1789658237672905984,1789658241282594048,1789658241341707364,4,d4:bd:4f:61:f4:53,CESI_Recherche,-60.0,2447.0,8
1789658237672905984,1789658241282594048,1789658241341707364,4,d4:bd:4f:61:f4:54,CESI_Iot,-60.0,2447.0,8
1789658237672905984,1789658241282594048,1789658241341707364,4,72:a7:41:22:25:ea,,-60.0,2462.0,8
1789658237672905984,1789658241282594048,1789658241341707364,4,d4:bd:4f:a1:91:c2,CESI_Robots,-84.0,5260.0,4184
1789658237672905984,1789658241282594048,1789658241341707364,4,d4:bd:4f:a1:91:c3,CESI_Recherche,-84.0,5260.0,4184
1789658237672905984,1789658241282594048,1789658241341707364,4,d4:bd:4f:60:5d:92,CESI_Robots,-68.0,2462.0,4188
1789658237672905984,1789658241282594048,1789658241341707364,4,d4:bd:4f:a1:91:c0,CESI_Corp,-82.0,5260.0,4184
1789658237672905984,1789658241282594048,1789658241341707364,4,d4:bd:4f:a1:91:c1,CESI_HotSpot,-84.0,5260.0,4184
1789658237672905984,1789658241282594048,1789658241341707364,4,d4:bd:4f:60:5d:91,CESI_HotSpot,-68.0,2462.0,8
1789658241843521024,1789658245472207104,1789658245533728186,5,02:91:9e:71:b0:15,poppy_net,-32.0,2412.0,4
1789658241843521024,1789658245472207104,1789658245533728186,5,32:0d:cb:9d:dd:f0,iPhone moe b,-60.0,2412.0,4
1789658241843521024,1789658245472207104,1789658245533728186,5,d4:bd:4f:61:91:30,CESI_Corp,-51.0,2462.0,4
1789658241843521024,1789658245472207104,1789658245533728186,5,d4:bd:4f:61:91:31,CESI_HotSpot,-50.0,2462.0,4192
1789658241843521024,1789658245472207104,1789658245533728186,5,d4:bd:4f:a1:d5:90,CESI_Corp,-39.0,5260.0,4
1789658241843521024,1789658245472207104,1789658245533728186,5,d4:bd:4f:a1:d5:91,CESI_HotSpot,-39.0,5260.0,4
1789658241843521024,1789658245472207104,1789658245533728186,5,d4:bd:4f:a1:d5:92,CESI_Robots,-40.0,5260.0,4
1789658241843521024,1789658245472207104,1789658245533728186,5,d4:bd:4f:a1:d5:93,CESI_Recherche,-39.0,5260.0,4
1789658241843521024,1789658245472207104,1789658245533728186,5,d4:bd:4f:a1:d5:94,CESI_Iot,-39.0,5260.0,4
1789658241843521024,1789658245472207104,1789658245533728186,5,d4:bd:4f:a1:a9:70,CESI_Corp,-58.0,5260.0,4
1789658241843521024,1789658245472207104,1789658245533728186,5,d4:bd:4f:a1:a9:71,CESI_HotSpot,-58.0,5260.0,4
1789658241843521024,1789658245472207104,1789658245533728186,5,d4:bd:4f:a1:a9:72,CESI_Robots,-58.0,5260.0,4
1789658241843521024,1789658245472207104,1789658245533728186,5,d4:bd:4f:a1:a9:73,CESI_Recherche,-58.0,5260.0,4
1789658241843521024,1789658245472207104,1789658245533728186,5,d4:bd:4f:a1:a9:74,CESI_Iot,-57.0,5260.0,4
1789658241843521024,1789658245472207104,1789658245533728186,5,d4:bd:4f:a0:5d:90,CESI_Corp,-81.0,5260.0,4192
1789658241843521024,1789658245472207104,1789658245533728186,5,d4:bd:4f:a0:5d:91,CESI_HotSpot,-71.0,5260.0,4
1789658241843521024,1789658245472207104,1789658245533728186,5,d4:bd:4f:a0:5d:92,CESI_Robots,-71.0,5260.0,4
1789658241843521024,1789658245472207104,1789658245533728186,5,d4:bd:4f:a0:5d:93,CESI_Recherche,-72.0,5260.0,4
1789658241843521024,1789658245472207104,1789658245533728186,5,d4:bd:4f:a0:5d:94,CESI_Iot,-72.0,5260.0,4
1789658241843521024,1789658245472207104,1789658245533728186,5,7c:26:64:69:50:05,,-53.0,5320.0,4
1789658241843521024,1789658245472207104,1789658245533728186,5,d4:bd:4f:61:d5:91,CESI_HotSpot,-30.0,2462.0,4
1789658241843521024,1789658245472207104,1789658245533728186,5,d4:bd:4f:61:91:32,CESI_Robots,-49.0,2462.0,4
1789658241843521024,1789658245472207104,1789658245533728186,5,d4:bd:4f:61:91:33,CESI_Recherche,-50.0,2462.0,4192
1789658241843521024,1789658245472207104,1789658245533728186,5,d4:bd:4f:61:91:34,CESI_Iot,-62.0,2462.0,12548
1789658241843521024,1789658245472207104,1789658245533728186,5,d4:bd:4f:a1:91:30,CESI_Corp,-59.0,5260.0,4
1789658241843521024,1789658245472207104,1789658245533728186,5,d4:bd:4f:a1:91:31,CESI_HotSpot,-59.0,5260.0,4
1789658241843521024,1789658245472207104,1789658245533728186,5,d4:bd:4f:a1:91:32,CESI_Robots,-59.0,5260.0,4
1789658241843521024,1789658245472207104,1789658245533728186,5,d4:bd:4f:a1:91:33,CESI_Recherche,-59.0,5260.0,4
1789658241843521024,1789658245472207104,1789658245533728186,5,d4:bd:4f:a1:91:34,CESI_Iot,-59.0,5260.0,4
1789658241843521024,1789658245472207104,1789658245533728186,5,d4:bd:4f:a0:d2:d0,CESI_Corp,-55.0,5260.0,4
1789658241843521024,1789658245472207104,1789658245533728186,5,d4:bd:4f:a0:d2:d1,CESI_HotSpot,-56.0,5260.0,4
1789658241843521024,1789658245472207104,1789658245533728186,5,d4:bd:4f:a0:d2:d2,CESI_Robots,-56.0,5260.0,4
1789658241843521024,1789658245472207104,1789658245533728186,5,d4:bd:4f:a0:d2:d3,CESI_Recherche,-56.0,5260.0,4
1789658241843521024,1789658245472207104,1789658245533728186,5,d4:bd:4f:a0:d2:d4,CESI_Iot,-56.0,5260.0,4
1789658241843521024,1789658245472207104,1789658245533728186,5,94:b3:4f:bc:d6:a2,CESI_Robots,-76.0,5180.0,4192
1789658241843521024,1789658245472207104,1789658245533728186,5,94:b3:4f:bc:d6:a3,CESI_Recherche,-77.0,5180.0,4192
1789658241843521024,1789658245472207104,1789658245533728186,5,94:b3:4f:bc:d6:a4,CESI_Iot,-77.0,5180.0,4192
1789658241843521024,1789658245472207104,1789658245533728186,5,7a:45:58:98:a3:5f,Cepsup-Etudiants,-70.0,2437.0,4
1789658241843521024,1789658245472207104,1789658245533728186,5,94:b3:4f:bc:d6:a0,CESI_Corp,-79.0,5180.0,12548
1789658241843521024,1789658245472207104,1789658245533728186,5,94:b3:4f:bc:d6:a1,CESI_HotSpot,-79.0,5180.0,12548
1789658241843521024,1789658245472207104,1789658245533728186,5,78:45:58:d8:a3:5f,FGNE-Admin,-47.0,2437.0,16728
1789658241843521024,1789658245472207104,1789658245533728186,5,94:b3:4f:7c:d6:a3,CESI_Recherche,-62.0,2447.0,4
1789658241843521024,1789658245472207104,1789658245533728186,5,7a:45:58:98:a3:60,Cepsup-Etudiants,-74.0,5180.0,4192
1789658241843521024,1789658245472207104,1789658245533728186,5,78:45:58:d8:a3:60,FGNE-Admin,-77.0,5180.0,8372
1789658241843521024,1789658245472207104,1789658245533728186,5,94:b3:4f:7c:d6:a2,CESI_Robots,-64.0,2447.0,4
1789658241843521024,1789658245472207104,1789658245533728186,5,d4:bd:4f:61:d5:92,CESI_Robots,-32.0,2462.0,4
1789658241843521024,1789658245472207104,1789658245533728186,5,d4:bd:4f:61:d5:93,CESI_Recherche,-32.0,2462.0,4
1789658241843521024,1789658245472207104,1789658245533728186,5,7a:45:58:a8:a3:5f,,-64.0,2437.0,4
1789658241843521024,1789658245472207104,1789658245533728186,5,d4:bd:4f:60:d2:d0,CESI_Corp,-51.0,2462.0,4
1789658241843521024,1789658245472207104,1789658245533728186,5,d4:bd:4f:61:a9:70,CESI_Corp,-45.0,2462.0,4
1789658241843521024,1789658245472207104,1789658245533728186,5,d4:bd:4f:61:d5:90,CESI_Corp,-31.0,2462.0,4
1789658241843521024,1789658245472207104,1789658245533728186,5,d4:bd:4f:61:a9:72,CESI_Robots,-52.0,2462.0,4192
1789658241843521024,1789658245472207104,1789658245533728186,5,d4:bd:4f:61:d5:94,CESI_Iot,-32.0,2462.0,4
1789658241843521024,1789658245472207104,1789658245533728186,5,7c:26:64:69:50:04,,-46.0,2462.0,8372
1789658241843521024,1789658245472207104,1789658245533728186,5,d4:bd:4f:61:a9:73,CESI_Recherche,-52.0,2462.0,8372
1789658241843521024,1789658245472207104,1789658245533728186,5,d4:bd:4f:61:a9:74,CESI_Iot,-58.0,2462.0,12548
1789658241843521024,1789658245472207104,1789658245533728186,5,d4:bd:4f:61:a9:71,CESI_HotSpot,-46.0,2462.0,4
1789658241843521024,1789658245472207104,1789658245533728186,5,70:a7:41:72:25:eb,FGNE-Admin,-50.0,5220.0,4
1789658241843521024,1789658245472207104,1789658245533728186,5,72:a7:41:12:25:eb,Cepsup-Etudiants,-50.0,5220.0,4
1789658241843521024,1789658245472207104,1789658245533728186,5,d4:bd:4f:60:d2:d3,CESI_Recherche,-50.0,2462.0,4
1789658241843521024,1789658245472207104,1789658245533728186,5,d4:bd:4f:60:d2:d4,CESI_Iot,-50.0,2462.0,12548
1789658241843521024,1789658245472207104,1789658245533728186,5,72:a7:41:22:25:eb,,-50.0,5220.0,4
1789658241843521024,1789658245472207104,1789658245533728186,5,d4:bd:4f:60:d2:d2,CESI_Robots,-53.0,2462.0,12548
1789658241843521024,1789658245472207104,1789658245533728186,5,d2:21:f9:1f:d3:98,Cepsup-Etudiants,-71.0,5200.0,4
1789658241843521024,1789658245472207104,1789658245533728186,5,d0:21:f9:5f:d3:98,FGNE-Admin,-71.0,5200.0,4
1789658241843521024,1789658245472207104,1789658245533728186,5,d4:bd:4f:60:d2:d1,CESI_HotSpot,-49.0,2462.0,4
1789658241843521024,1789658245472207104,1789658245533728186,5,70:a7:41:72:25:ea,FGNE-Admin,-48.0,2462.0,8
1789658241843521024,1789658245472207104,1789658245533728186,5,d4:bd:4f:a1:f4:54,CESI_Iot,-77.0,5180.0,12552
1789658241843521024,1789658245472207104,1789658245533728186,5,d2:21:f9:2f:d3:98,,-71.0,5200.0,8
1789658241843521024,1789658245472207104,1789658245533728186,5,d0:21:f9:5f:d3:97,FGNE-Admin,-61.0,2412.0,8
1789658241843521024,1789658245472207104,1789658245533728186,5,72:a7:41:12:25:ea,Cepsup-Etudiants,-48.0,2462.0,8
1789658241843521024,1789658245472207104,1789658245533728186,5,d4:bd:4f:a1:f4:50,CESI_Corp,-77.0,5180.0,8
1789658241843521024,1789658245472207104,1789658245533728186,5,d4:bd:4f:a1:f4:51,CESI_HotSpot,-78.0,5180.0,8
1789658241843521024,1789658245472207104,1789658245533728186,5,d4:bd:4f:a1:f4:52,CESI_Robots,-79.0,5180.0,8
1789658241843521024,1789658245472207104,1789658245533728186,5,d4:bd:4f:a1:f4:53,CESI_Recherche,-78.0,5180.0,8
1789658241843521024,1789658245472207104,1789658245533728186,5,d4:bd:4f:a1:91:c4,CESI_Iot,-83.0,5260.0,8372
1789658241843521024,1789658245472207104,1789658245533728186,5,d2:21:f9:1f:d3:97,Cepsup-Etudiants,-61.0,2412.0,8
1789658241843521024,1789658245472207104,1789658245533728186,5,d2:21:f9:2f:d3:97,,-61.0,2412.0,8
1789658241843521024,1789658245472207104,1789658245533728186,5,d4:bd:4f:61:f4:50,CESI_Corp,-65.0,2447.0,12552
1789658241843521024,1789658245472207104,1789658245533728186,5,d4:bd:4f:61:f4:51,CESI_HotSpot,-71.0,2447.0,4196
1789658241843521024,1789658245472207104,1789658245533728186,5,d4:bd:4f:61:f4:52,CESI_Robots,-65.0,2447.0,12552
1789658241843521024,1789658245472207104,1789658245533728186,5,d4:bd:4f:61:f4:53,CESI_Recherche,-60.0,2447.0,4196
1789658241843521024,1789658245472207104,1789658245533728186,5,d4:bd:4f:61:f4:54,CESI_Iot,-60.0,2447.0,4196
1789658241843521024,1789658245472207104,1789658245533728186,5,72:a7:41:22:25:ea,,-60.0,2462.0,4196
1789658241843521024,1789658245472207104,1789658245533728186,5,d4:bd:4f:a1:91:c2,CESI_Robots,-84.0,5260.0,8372
1789658241843521024,1789658245472207104,1789658245533728186,5,d4:bd:4f:a1:91:c3,CESI_Recherche,-84.0,5260.0,8372
1789658241843521024,1789658245472207104,1789658245533728186,5,d4:bd:4f:60:5d:92,CESI_Robots,-68.0,2462.0,8376
1789658241843521024,1789658245472207104,1789658245533728186,5,d4:bd:4f:a1:91:c0,CESI_Corp,-82.0,5260.0,8372
1789658241843521024,1789658245472207104,1789658245533728186,5,d4:bd:4f:a1:91:c1,CESI_HotSpot,-84.0,5260.0,8372
1789658241843521024,1789658245472207104,1789658245533728186,5,d4:bd:4f:60:5d:91,CESI_HotSpot,-68.0,2462.0,4196
1789658241843521024,1789658245472207104,1789658245533728186,5,d4:bd:4f:60:5d:93,CESI_Recherche,-69.0,2462.0,8
1789658241843521024,1789658245472207104,1789658245533728186,5,d0:21:f9:5f:b3:91,FGNE-Admin,-88.0,5220.0,8
1789658241843521024,1789658245472207104,1789658245533728186,5,d2:21:f9:1f:b3:91,Cepsup-Etudiants,-89.0,5220.0,8
1789658241843521024,1789658245472207104,1789658245533728186,5,d2:21:f9:2f:b3:91,,-89.0,5220.0,8
1789658246037058048,1789658249618628864,1789658249682556703,6,02:91:9e:71:b0:15,poppy_net,-36.0,2412.0,0
1789658246037058048,1789658249618628864,1789658249682556703,6,32:0d:cb:9d:dd:f0,iPhone moe b,-51.0,2412.0,0
1789658246037058048,1789658249618628864,1789658249682556703,6,d4:bd:4f:61:91:30,CESI_Corp,-48.0,2462.0,0
1789658246037058048,1789658249618628864,1789658249682556703,6,d4:bd:4f:61:91:31,CESI_HotSpot,-47.0,2462.0,0
1789658246037058048,1789658249618628864,1789658249682556703,6,d4:bd:4f:a1:d5:90,CESI_Corp,-35.0,5260.0,0
1789658246037058048,1789658249618628864,1789658249682556703,6,d4:bd:4f:a1:d5:91,CESI_HotSpot,-35.0,5260.0,0
1789658246037058048,1789658249618628864,1789658249682556703,6,d4:bd:4f:a1:d5:92,CESI_Robots,-35.0,5260.0,0
1789658246037058048,1789658249618628864,1789658249682556703,6,d4:bd:4f:a1:d5:93,CESI_Recherche,-35.0,5260.0,0
1789658246037058048,1789658249618628864,1789658249682556703,6,d4:bd:4f:a1:d5:94,CESI_Iot,-35.0,5260.0,0
1789658246037058048,1789658249618628864,1789658249682556703,6,d4:bd:4f:a1:a9:70,CESI_Corp,-46.0,5260.0,0
1789658246037058048,1789658249618628864,1789658249682556703,6,d4:bd:4f:a1:a9:71,CESI_HotSpot,-45.0,5260.0,0
1789658246037058048,1789658249618628864,1789658249682556703,6,d4:bd:4f:a1:a9:72,CESI_Robots,-45.0,5260.0,0
1789658246037058048,1789658249618628864,1789658249682556703,6,d4:bd:4f:a1:a9:73,CESI_Recherche,-45.0,5260.0,0
1789658246037058048,1789658249618628864,1789658249682556703,6,d4:bd:4f:a1:a9:74,CESI_Iot,-45.0,5260.0,0
1789658246037058048,1789658249618628864,1789658249682556703,6,d4:bd:4f:a0:5d:90,CESI_Corp,-73.0,5260.0,0
1789658246037058048,1789658249618628864,1789658249682556703,6,d4:bd:4f:a0:5d:91,CESI_HotSpot,-73.0,5260.0,0
1789658246037058048,1789658249618628864,1789658249682556703,6,d4:bd:4f:a0:5d:92,CESI_Robots,-73.0,5260.0,0
1789658246037058048,1789658249618628864,1789658249682556703,6,d4:bd:4f:a0:5d:93,CESI_Recherche,-72.0,5260.0,0
1789658246037058048,1789658249618628864,1789658249682556703,6,d4:bd:4f:a0:5d:94,CESI_Iot,-73.0,5260.0,0
1789658246037058048,1789658249618628864,1789658249682556703,6,7c:26:64:69:50:05,,-54.0,5320.0,0
1789658246037058048,1789658249618628864,1789658249682556703,6,d4:bd:4f:61:d5:91,CESI_HotSpot,-45.0,2462.0,0
1789658246037058048,1789658249618628864,1789658249682556703,6,d4:bd:4f:61:91:32,CESI_Robots,-47.0,2462.0,0
1789658246037058048,1789658249618628864,1789658249682556703,6,d4:bd:4f:61:91:33,CESI_Recherche,-47.0,2462.0,0
1789658246037058048,1789658249618628864,1789658249682556703,6,d4:bd:4f:61:91:34,CESI_Iot,-62.0,2462.0,16692
1789658246037058048,1789658249618628864,1789658249682556703,6,d4:bd:4f:a1:91:30,CESI_Corp,-62.0,5260.0,0
1789658246037058048,1789658249618628864,1789658249682556703,6,d4:bd:4f:a1:91:31,CESI_HotSpot,-62.0,5260.0,0
1789658246037058048,1789658249618628864,1789658249682556703,6,d4:bd:4f:a1:91:32,CESI_Robots,-61.0,5260.0,0
1789658246037058048,1789658249618628864,1789658249682556703,6,d4:bd:4f:a1:91:33,CESI_Recherche,-60.0,5260.0,0
1789658246037058048,1789658249618628864,1789658249682556703,6,d4:bd:4f:a1:91:34,CESI_Iot,-60.0,5260.0,0
1789658246037058048,1789658249618628864,1789658249682556703,6,d4:bd:4f:a0:d2:d0,CESI_Corp,-59.0,5260.0,0
1789658246037058048,1789658249618628864,1789658249682556703,6,d4:bd:4f:a0:d2:d1,CESI_HotSpot,-58.0,5260.0,0
1789658246037058048,1789658249618628864,1789658249682556703,6,d4:bd:4f:a0:d2:d2,CESI_Robots,-59.0,5260.0,0
1789658246037058048,1789658249618628864,1789658249682556703,6,d4:bd:4f:a0:d2:d3,CESI_Recherche,-59.0,5260.0,0
1789658246037058048,1789658249618628864,1789658249682556703,6,d4:bd:4f:a0:d2:d4,CESI_Iot,-59.0,5260.0,0
1789658246037058048,1789658249618628864,1789658249682556703,6,94:b3:4f:bc:d6:a2,CESI_Robots,-76.0,5180.0,8336
1789658246037058048,1789658249618628864,1789658249682556703,6,94:b3:4f:bc:d6:a3,CESI_Recherche,-77.0,5180.0,8336
1789658246037058048,1789658249618628864,1789658249682556703,6,94:b3:4f:bc:d6:a4,CESI_Iot,-77.0,5180.0,8336
1789658246037058048,1789658249618628864,1789658249682556703,6,7a:45:58:98:a3:5f,Cepsup-Etudiants,-70.0,2437.0,4148
1789658246037058048,1789658249618628864,1789658249682556703,6,94:b3:4f:bc:d6:a0,CESI_Corp,-79.0,5180.0,16692
1789658246037058048,1789658249618628864,1789658249682556703,6,94:b3:4f:bc:d6:a1,CESI_HotSpot,-79.0,5180.0,16692
1789658246037058048,1789658249618628864,1789658249682556703,6,78:45:58:d8:a3:5f,FGNE-Admin,-47.0,2437.0,20872
1789658246037058048,1789658249618628864,1789658249682556703,6,94:b3:4f:7c:d6:a3,CESI_Recherche,-67.0,2447.0,0
1789658246037058048,1789658249618628864,1789658249682556703,6,7a:45:58:98:a3:60,Cepsup-Etudiants,-74.0,5180.0,8336
1789658246037058048,1789658249618628864,1789658249682556703,6,78:45:58:d8:a3:60,FGNE-Admin,-77.0,5180.0,12516
1789658246037058048,1789658249618628864,1789658249682556703,6,94:b3:4f:7c:d6:a2,CESI_Robots,-64.0,2447.0,4148
1789658246037058048,1789658249618628864,1789658249682556703,6,d4:bd:4f:61:d5:92,CESI_Robots,-32.0,2462.0,4148
1789658246037058048,1789658249618628864,1789658249682556703,6,d4:bd:4f:61:d5:93,CESI_Recherche,-32.0,2462.0,4148
1789658246037058048,1789658249618628864,1789658249682556703,6,7a:45:58:a8:a3:5f,,-64.0,2437.0,4148
1789658246037058048,1789658249618628864,1789658249682556703,6,d4:bd:4f:60:d2:d0,CESI_Corp,-51.0,2462.0,0
1789658246037058048,1789658249618628864,1789658249682556703,6,d4:bd:4f:61:a9:70,CESI_Corp,-45.0,2462.0,4148
1789658246037058048,1789658249618628864,1789658249682556703,6,d4:bd:4f:61:d5:90,CESI_Corp,-44.0,2462.0,0
1789658246037058048,1789658249618628864,1789658249682556703,6,d4:bd:4f:61:a9:72,CESI_Robots,-52.0,2462.0,8336
1789658246037058048,1789658249618628864,1789658249682556703,6,d4:bd:4f:61:d5:94,CESI_Iot,-32.0,2462.0,4148
1789658246037058048,1789658249618628864,1789658249682556703,6,7c:26:64:69:50:04,,-46.0,2462.0,12516
1789658246037058048,1789658249618628864,1789658249682556703,6,d4:bd:4f:61:a9:73,CESI_Recherche,-52.0,2462.0,12516
1789658246037058048,1789658249618628864,1789658249682556703,6,d4:bd:4f:61:a9:74,CESI_Iot,-58.0,2462.0,16692
1789658246037058048,1789658249618628864,1789658249682556703,6,d4:bd:4f:61:a9:71,CESI_HotSpot,-46.0,2462.0,4148
1789658246037058048,1789658249618628864,1789658249682556703,6,70:a7:41:72:25:eb,FGNE-Admin,-55.0,5220.0,0
1789658246037058048,1789658249618628864,1789658249682556703,6,72:a7:41:12:25:eb,Cepsup-Etudiants,-55.0,5220.0,0
1789658246037058048,1789658249618628864,1789658249682556703,6,d4:bd:4f:60:d2:d3,CESI_Recherche,-51.0,2462.0,0
1789658246037058048,1789658249618628864,1789658249682556703,6,d4:bd:4f:60:d2:d4,CESI_Iot,-53.0,2462.0,0
1789658246037058048,1789658249618628864,1789658249682556703,6,72:a7:41:22:25:eb,,-56.0,5220.0,0
1789658246037058048,1789658249618628864,1789658249682556703,6,d4:bd:4f:60:d2:d2,CESI_Robots,-52.0,2462.0,0
1789658246037058048,1789658249618628864,1789658249682556703,6,d2:21:f9:1f:d3:98,Cepsup-Etudiants,-74.0,5200.0,0
1789658246037058048,1789658249618628864,1789658249682556703,6,d0:21:f9:5f:d3:98,FGNE-Admin,-74.0,5200.0,0
1789658246037058048,1789658249618628864,1789658249682556703,6,d4:bd:4f:60:d2:d1,CESI_HotSpot,-51.0,2462.0,0
1789658246037058048,1789658249618628864,1789658249682556703,6,70:a7:41:72:25:ea,FGNE-Admin,-48.0,2462.0,4152
1789658246037058048,1789658249618628864,1789658249682556703,6,d4:bd:4f:a1:f4:54,CESI_Iot,-77.0,5180.0,16696
1789658246037058048,1789658249618628864,1789658249682556703,6,d2:21:f9:2f:d3:98,,-75.0,5200.0,4
1789658246037058048,1789658249618628864,1789658249682556703,6,d0:21:f9:5f:d3:97,FGNE-Admin,-70.0,2412.0,4
1789658246037058048,1789658249618628864,1789658249682556703,6,72:a7:41:12:25:ea,Cepsup-Etudiants,-53.0,2462.0,4
1789658246037058048,1789658249618628864,1789658249682556703,6,d4:bd:4f:a1:f4:50,CESI_Corp,-77.0,5180.0,4152
1789658246037058048,1789658249618628864,1789658249682556703,6,d4:bd:4f:a1:f4:51,CESI_HotSpot,-78.0,5180.0,4152
1789658246037058048,1789658249618628864,1789658249682556703,6,d4:bd:4f:a1:f4:52,CESI_Robots,-79.0,5180.0,4152
1789658246037058048,1789658249618628864,1789658249682556703,6,d4:bd:4f:a1:f4:53,CESI_Recherche,-78.0,5180.0,4152
1789658246037058048,1789658249618628864,1789658249682556703,6,d4:bd:4f:a1:91:c4,CESI_Iot,-83.0,5260.0,12516
1789658246037058048,1789658249618628864,1789658249682556703,6,d2:21:f9:1f:d3:97,Cepsup-Etudiants,-71.0,2412.0,4
1789658246037058048,1789658249618628864,1789658249682556703,6,d2:21:f9:2f:d3:97,,-61.0,2412.0,4152
1789658246037058048,1789658249618628864,1789658249682556703,6,d4:bd:4f:61:f4:50,CESI_Corp,-67.0,2447.0,4
1789658246037058048,1789658249618628864,1789658249682556703,6,d4:bd:4f:61:f4:51,CESI_HotSpot,-69.0,2447.0,4
1789658246037058048,1789658249618628864,1789658249682556703,6,d4:bd:4f:61:f4:52,CESI_Robots,-68.0,2447.0,4
1789658246037058048,1789658249618628864,1789658249682556703,6,d4:bd:4f:61:f4:53,CESI_Recherche,-68.0,2447.0,4
1789658246037058048,1789658249618628864,1789658249682556703,6,d4:bd:4f:61:f4:54,CESI_Iot,-63.0,2447.0,4
1789658246037058048,1789658249618628864,1789658249682556703,6,72:a7:41:22:25:ea,,-55.0,2462.0,4
1789658246037058048,1789658249618628864,1789658249682556703,6,d4:bd:4f:a1:91:c2,CESI_Robots,-84.0,5260.0,12516
1789658246037058048,1789658249618628864,1789658249682556703,6,d4:bd:4f:a1:91:c3,CESI_Recherche,-84.0,5260.0,12516
1789658246037058048,1789658249618628864,1789658249682556703,6,d4:bd:4f:60:5d:92,CESI_Robots,-68.0,2462.0,4
1789658246037058048,1789658249618628864,1789658249682556703,6,d4:bd:4f:a1:91:c0,CESI_Corp,-82.0,5260.0,12516
1789658246037058048,1789658249618628864,1789658249682556703,6,d4:bd:4f:a1:91:c1,CESI_HotSpot,-84.0,5260.0,12516
1789658246037058048,1789658249618628864,1789658249682556703,6,d4:bd:4f:60:5d:91,CESI_HotSpot,-68.0,2462.0,4
1789658246037058048,1789658249618628864,1789658249682556703,6,d4:bd:4f:60:5d:93,CESI_Recherche,-69.0,2462.0,4152
1789658246037058048,1789658249618628864,1789658249682556703,6,d0:21:f9:5f:b3:91,FGNE-Admin,-88.0,5220.0,4152
1789658246037058048,1789658249618628864,1789658249682556703,6,d2:21:f9:1f:b3:91,Cepsup-Etudiants,-89.0,5220.0,4152
1789658246037058048,1789658249618628864,1789658249682556703,6,d2:21:f9:2f:b3:91,,-89.0,5220.0,4152
1789658246037058048,1789658249618628864,1789658249682556703,6,d4:bd:4f:60:5d:94,CESI_Iot,-69.0,2462.0,4
1789658246037058048,1789658249618628864,1789658249682556703,6,d4:bd:4f:60:5d:90,CESI_Corp,-67.0,2462.0,4
1789658250184852992,1789658253799814912,1789658253862152178,7,02:91:9e:71:b0:15,poppy_net,-31.0,2412.0,0
1789658250184852992,1789658253799814912,1789658253862152178,7,32:0d:cb:9d:dd:f0,iPhone moe b,-45.0,2412.0,0
1789658250184852992,1789658253799814912,1789658253862152178,7,d4:bd:4f:61:91:30,CESI_Corp,-58.0,2462.0,0
1789658250184852992,1789658253799814912,1789658253862152178,7,d4:bd:4f:61:91:31,CESI_HotSpot,-58.0,2462.0,0
1789658250184852992,1789658253799814912,1789658253862152178,7,d4:bd:4f:a1:d5:90,CESI_Corp,-39.0,5260.0,0
1789658250184852992,1789658253799814912,1789658253862152178,7,d4:bd:4f:a1:d5:91,CESI_HotSpot,-39.0,5260.0,0
1789658250184852992,1789658253799814912,1789658253862152178,7,d4:bd:4f:a1:d5:92,CESI_Robots,-39.0,5260.0,0
1789658250184852992,1789658253799814912,1789658253862152178,7,d4:bd:4f:a1:d5:93,CESI_Recherche,-39.0,5260.0,0
1789658250184852992,1789658253799814912,1789658253862152178,7,d4:bd:4f:a1:d5:94,CESI_Iot,-39.0,5260.0,0
1789658250184852992,1789658253799814912,1789658253862152178,7,d4:bd:4f:a1:a9:70,CESI_Corp,-53.0,5260.0,0
1789658250184852992,1789658253799814912,1789658253862152178,7,d4:bd:4f:a1:a9:71,CESI_HotSpot,-53.0,5260.0,0
1789658250184852992,1789658253799814912,1789658253862152178,7,d4:bd:4f:a1:a9:72,CESI_Robots,-54.0,5260.0,0
1789658250184852992,1789658253799814912,1789658253862152178,7,d4:bd:4f:a1:a9:73,CESI_Recherche,-54.0,5260.0,0
1789658250184852992,1789658253799814912,1789658253862152178,7,d4:bd:4f:a1:a9:74,CESI_Iot,-53.0,5260.0,0
1789658250184852992,1789658253799814912,1789658253862152178,7,d4:bd:4f:a0:5d:90,CESI_Corp,-67.0,5260.0,0
1789658250184852992,1789658253799814912,1789658253862152178,7,d4:bd:4f:a0:5d:91,CESI_HotSpot,-67.0,5260.0,0
1789658250184852992,1789658253799814912,1789658253862152178,7,d4:bd:4f:a0:5d:92,CESI_Robots,-67.0,5260.0,0
1789658250184852992,1789658253799814912,1789658253862152178,7,d4:bd:4f:a0:5d:93,CESI_Recherche,-67.0,5260.0,0
1789658250184852992,1789658253799814912,1789658253862152178,7,d4:bd:4f:a0:5d:94,CESI_Iot,-67.0,5260.0,0
1789658250184852992,1789658253799814912,1789658253862152178,7,7c:26:64:69:50:05,,-58.0,5320.0,0
1789658250184852992,1789658253799814912,1789658253862152178,7,d4:bd:4f:61:d5:91,CESI_HotSpot,-31.0,2462.0,0
1789658250184852992,1789658253799814912,1789658253862152178,7,d4:bd:4f:61:91:32,CESI_Robots,-47.0,2462.0,4176
1789658250184852992,1789658253799814912,1789658253862152178,7,d4:bd:4f:61:91:33,CESI_Recherche,-47.0,2462.0,4176
1789658250184852992,1789658253799814912,1789658253862152178,7,d4:bd:4f:61:91:34,CESI_Iot,-62.0,2462.0,20868
1789658250184852992,1789658253799814912,1789658253862152178,7,d4:bd:4f:a1:91:30,CESI_Corp,-57.0,5260.0,0
1789658250184852992,1789658253799814912,1789658253862152178,7,d4:bd:4f:a1:91:31,CESI_HotSpot,-57.0,5260.0,0
1789658250184852992,1789658253799814912,1789658253862152178,7,d4:bd:4f:a1:91:32,CESI_Robots,-57.0,5260.0,0
1789658250184852992,1789658253799814912,1789658253862152178,7,d4:bd:4f:a1:91:33,CESI_Recherche,-57.0,5260.0,0
1789658250184852992,1789658253799814912,1789658253862152178,7,d4:bd:4f:a1:91:34,CESI_Iot,-57.0,5260.0,0
1789658250184852992,1789658253799814912,1789658253862152178,7,d4:bd:4f:a0:d2:d0,CESI_Corp,-59.0,5260.0,4176
1789658250184852992,1789658253799814912,1789658253862152178,7,d4:bd:4f:a0:d2:d1,CESI_HotSpot,-58.0,5260.0,4176
1789658250184852992,1789658253799814912,1789658253862152178,7,d4:bd:4f:a0:d2:d2,CESI_Robots,-59.0,5260.0,4176
1789658250184852992,1789658253799814912,1789658253862152178,7,d4:bd:4f:a0:d2:d3,CESI_Recherche,-59.0,5260.0,4176
1789658250184852992,1789658253799814912,1789658253862152178,7,d4:bd:4f:a0:d2:d4,CESI_Iot,-59.0,5260.0,4176
1789658250184852992,1789658253799814912,1789658253862152178,7,94:b3:4f:bc:d6:a2,CESI_Robots,-74.0,5180.0,0
1789658250184852992,1789658253799814912,1789658253862152178,7,94:b3:4f:bc:d6:a3,CESI_Recherche,-74.0,5180.0,0
1789658250184852992,1789658253799814912,1789658253862152178,7,94:b3:4f:bc:d6:a4,CESI_Iot,-72.0,5180.0,0
1789658250184852992,1789658253799814912,1789658253862152178,7,7a:45:58:98:a3:5f,Cepsup-Etudiants,-54.0,2437.0,0
1789658250184852992,1789658253799814912,1789658253862152178,7,94:b3:4f:bc:d6:a0,CESI_Corp,-72.0,5180.0,0
1789658250184852992,1789658253799814912,1789658253862152178,7,94:b3:4f:bc:d6:a1,CESI_HotSpot,-71.0,5180.0,0
1789658250184852992,1789658253799814912,1789658253862152178,7,78:45:58:d8:a3:5f,FGNE-Admin,-61.0,2437.0,0
1789658250184852992,1789658253799814912,1789658253862152178,7,94:b3:4f:7c:d6:a3,CESI_Recherche,-67.0,2447.0,4176
1789658250184852992,1789658253799814912,1789658253862152178,7,7a:45:58:98:a3:60,Cepsup-Etudiants,-72.0,5180.0,0
1789658250184852992,1789658253799814912,1789658253862152178,7,78:45:58:d8:a3:60,FGNE-Admin,-72.0,5180.0,0
1789658250184852992,1789658253799814912,1789658253862152178,7,94:b3:4f:7c:d6:a2,CESI_Robots,-64.0,2447.0,8324
1789658250184852992,1789658253799814912,1789658253862152178,7,d4:bd:4f:61:d5:92,CESI_Robots,-33.0,2462.0,0
1789658250184852992,1789658253799814912,1789658253862152178,7,d4:bd:4f:61:d5:93,CESI_Recherche,-33.0,2462.0,0
1789658250184852992,1789658253799814912,1789658253862152178,7,7a:45:58:a8:a3:5f,,-64.0,2437.0,8324
1789658250184852992,1789658253799814912,1789658253862152178,7,d4:bd:4f:60:d2:d0,CESI_Corp,-51.0,2462.0,4176
1789658250184852992,1789658253799814912,1789658253862152178,7,d4:bd:4f:61:a9:70,CESI_Corp,-46.0,2462.0,0
1789658250184852992,1789658253799814912,1789658253862152178,7,d4:bd:4f:61:d5:90,CESI_Corp,-32.0,2462.0,0
1789658250184852992,1789658253799814912,1789658253862152178,7,d4:bd:4f:61:a9:72,CESI_Robots,-43.0,2462.0,0
1789658250184852992,1789658253799814912,1789658253862152178,7,d4:bd:4f:61:d5:94,CESI_Iot,-35.0,2462.0,0
1789658250184852992,1789658253799814912,1789658253862152178,7,7c:26:64:69:50:04,,-47.0,2462.0,0
1789658250184852992,1789658253799814912,1789658253862152178,7,d4:bd:4f:61:a9:73,CESI_Recherche,-43.0,2462.0,0
1789658250184852992,1789658253799814912,1789658253862152178,7,d4:bd:4f:61:a9:74,CESI_Iot,-43.0,2462.0,0
1789658250184852992,1789658253799814912,1789658253862152178,7,d4:bd:4f:61:a9:71,CESI_HotSpot,-44.0,2462.0,0
1789658250184852992,1789658253799814912,1789658253862152178,7,70:a7:41:72:25:eb,FGNE-Admin,-63.0,5220.0,0
1789658250184852992,1789658253799814912,1789658253862152178,7,72:a7:41:12:25:eb,Cepsup-Etudiants,-63.0,5220.0,0
1789658250184852992,1789658253799814912,1789658253862152178,7,d4:bd:4f:60:d2:d3,CESI_Recherche,-51.0,2462.0,4176
1789658250184852992,1789658253799814912,1789658253862152178,7,d4:bd:4f:60:d2:d4,CESI_Iot,-49.0,2462.0,0
1789658250184852992,1789658253799814912,1789658253862152178,7,72:a7:41:22:25:eb,,-56.0,5220.0,4176
1789658250184852992,1789658253799814912,1789658253862152178,7,d4:bd:4f:60:d2:d2,CESI_Robots,-52.0,2462.0,4176
1789658250184852992,1789658253799814912,1789658253862152178,7,d2:21:f9:1f:d3:98,Cepsup-Etudiants,-74.0,5200.0,4176
1789658250184852992,1789658253799814912,1789658253862152178,7,d0:21:f9:5f:d3:98,FGNE-Admin,-74.0,5200.0,4176
1789658250184852992,1789658253799814912,1789658253862152178,7,d4:bd:4f:60:d2:d1,CESI_HotSpot,-49.0,2462.0,0
1789658250184852992,1789658253799814912,1789658253862152178,7,70:a7:41:72:25:ea,FGNE-Admin,-48.0,2462.0,8336
1789658250184852992,1789658253799814912,1789658253862152178,7,d4:bd:4f:a1:f4:54,CESI_Iot,-79.0,5180.0,12
1789658250184852992,1789658253799814912,1789658253862152178,7,d2:21:f9:2f:d3:98,,-75.0,5200.0,4188
1789658250184852992,1789658253799814912,1789658253862152178,7,d0:21:f9:5f:d3:97,FGNE-Admin,-70.0,2412.0,4188
1789658250184852992,1789658253799814912,1789658253862152178,7,72:a7:41:12:25:ea,Cepsup-Etudiants,-55.0,2462.0,12
1789658250184852992,1789658253799814912,1789658253862152178,7,d4:bd:4f:a1:f4:50,CESI_Corp,-79.0,5180.0,12
1789658250184852992,1789658253799814912,1789658253862152178,7,d4:bd:4f:a1:f4:51,CESI_HotSpot,-80.0,5180.0,12
1789658250184852992,1789658253799814912,1789658253862152178,7,d4:bd:4f:a1:f4:52,CESI_Robots,-79.0,5180.0,8336
1789658250184852992,1789658253799814912,1789658253862152178,7,d4:bd:4f:a1:f4:53,CESI_Recherche,-80.0,5180.0,12
1789658250184852992,1789658253799814912,1789658253862152178,7,d4:bd:4f:a1:91:c4,CESI_Iot,-83.0,5260.0,16700
1789658250184852992,1789658253799814912,1789658253862152178,7,d2:21:f9:1f:d3:97,Cepsup-Etudiants,-71.0,2412.0,4188
1789658250184852992,1789658253799814912,1789658253862152178,7,d2:21:f9:2f:d3:97,,-61.0,2412.0,8336
1789658250184852992,1789658253799814912,1789658253862152178,7,d4:bd:4f:61:f4:50,CESI_Corp,-67.0,2447.0,4188
1789658250184852992,1789658253799814912,1789658253862152178,7,d4:bd:4f:61:f4:51,CESI_HotSpot,-69.0,2447.0,4188
1789658250184852992,1789658253799814912,1789658253862152178,7,d4:bd:4f:61:f4:52,CESI_Robots,-68.0,2447.0,4188
1789658250184852992,1789658253799814912,1789658253862152178,7,d4:bd:4f:61:f4:53,CESI_Recherche,-64.0,2447.0,12
1789658250184852992,1789658253799814912,1789658253862152178,7,d4:bd:4f:61:f4:54,CESI_Iot,-65.0,2447.0,12
1789658250184852992,1789658253799814912,1789658253862152178,7,72:a7:41:22:25:ea,,-55.0,2462.0,12
1789658250184852992,1789658253799814912,1789658253862152178,7,d4:bd:4f:a1:91:c2,CESI_Robots,-84.0,5260.0,16700
1789658250184852992,1789658253799814912,1789658253862152178,7,d4:bd:4f:a1:91:c3,CESI_Recherche,-84.0,5260.0,16700
1789658250184852992,1789658253799814912,1789658253862152178,7,d4:bd:4f:60:5d:92,CESI_Robots,-64.0,2462.0,12
1789658250184852992,1789658253799814912,1789658253862152178,7,d4:bd:4f:a1:91:c0,CESI_Corp,-82.0,5260.0,16700
1789658250184852992,1789658253799814912,1789658253862152178,7,d4:bd:4f:a1:91:c1,CESI_HotSpot,-84.0,5260.0,16700
1789658250184852992,1789658253799814912,1789658253862152178,7,d4:bd:4f:60:5d:91,CESI_HotSpot,-68.0,2462.0,4188
1789658250184852992,1789658253799814912,1789658253862152178,7,d4:bd:4f:60:5d:93,CESI_Recherche,-69.0,2462.0,8336
1789658250184852992,1789658253799814912,1789658253862152178,7,d0:21:f9:5f:b3:91,FGNE-Admin,-88.0,5220.0,8336
1789658250184852992,1789658253799814912,1789658253862152178,7,d2:21:f9:1f:b3:91,Cepsup-Etudiants,-89.0,5220.0,8336
1789658250184852992,1789658253799814912,1789658253862152178,7,d2:21:f9:2f:b3:91,,-89.0,5220.0,8336
1789658250184852992,1789658253799814912,1789658253862152178,7,d4:bd:4f:60:5d:94,CESI_Iot,-69.0,2462.0,4188
1789658250184852992,1789658253799814912,1789658253862152178,7,d4:bd:4f:60:5d:90,CESI_Corp,-67.0,2462.0,4188
1789658250184852992,1789658253799814912,1789658253862152178,7,d4:bd:4f:a0:8d:30,CESI_Corp,-87.0,5180.0,12
1789658254364793088,1789658258001918976,1789658258066093342,8,02:91:9e:71:b0:15,poppy_net,-35.0,2412.0,0
1789658254364793088,1789658258001918976,1789658258066093342,8,32:0d:cb:9d:dd:f0,iPhone moe b,-42.0,2412.0,0
1789658254364793088,1789658258001918976,1789658258066093342,8,d4:bd:4f:61:91:30,CESI_Corp,-58.0,2462.0,4204
1789658254364793088,1789658258001918976,1789658258066093342,8,d4:bd:4f:61:91:31,CESI_HotSpot,-47.0,2462.0,0
1789658254364793088,1789658258001918976,1789658258066093342,8,d4:bd:4f:a1:d5:90,CESI_Corp,-42.0,5260.0,0
1789658254364793088,1789658258001918976,1789658258066093342,8,d4:bd:4f:a1:d5:91,CESI_HotSpot,-42.0,5260.0,0
1789658254364793088,1789658258001918976,1789658258066093342,8,d4:bd:4f:a1:d5:92,CESI_Robots,-42.0,5260.0,0
1789658254364793088,1789658258001918976,1789658258066093342,8,d4:bd:4f:a1:d5:93,CESI_Recherche,-42.0,5260.0,0
1789658254364793088,1789658258001918976,1789658258066093342,8,d4:bd:4f:a1:d5:94,CESI_Iot,-42.0,5260.0,0
1789658254364793088,1789658258001918976,1789658258066093342,8,d4:bd:4f:a1:a9:70,CESI_Corp,-49.0,5260.0,0
1789658254364793088,1789658258001918976,1789658258066093342,8,d4:bd:4f:a1:a9:71,CESI_HotSpot,-49.0,5260.0,0
1789658254364793088,1789658258001918976,1789658258066093342,8,d4:bd:4f:a1:a9:72,CESI_Robots,-49.0,5260.0,0
1789658254364793088,1789658258001918976,1789658258066093342,8,d4:bd:4f:a1:a9:73,CESI_Recherche,-49.0,5260.0,0
1789658254364793088,1789658258001918976,1789658258066093342,8,d4:bd:4f:a1:a9:74,CESI_Iot,-49.0,5260.0,0
1789658254364793088,1789658258001918976,1789658258066093342,8,d4:bd:4f:a0:5d:90,CESI_Corp,-73.0,5260.0,0
1789658254364793088,1789658258001918976,1789658258066093342,8,d4:bd:4f:a0:5d:91,CESI_HotSpot,-73.0,5260.0,0
1789658254364793088,1789658258001918976,1789658258066093342,8,d4:bd:4f:a0:5d:92,CESI_Robots,-73.0,5260.0,0
1789658254364793088,1789658258001918976,1789658258066093342,8,d4:bd:4f:a0:5d:93,CESI_Recherche,-74.0,5260.0,0
1789658254364793088,1789658258001918976,1789658258066093342,8,d4:bd:4f:a0:5d:94,CESI_Iot,-74.0,5260.0,0
1789658254364793088,1789658258001918976,1789658258066093342,8,7c:26:64:69:50:05,,-55.0,5320.0,0
1789658254364793088,1789658258001918976,1789658258066093342,8,d4:bd:4f:61:d5:91,CESI_HotSpot,-38.0,2462.0,0
1789658254364793088,1789658258001918976,1789658258066093342,8,d4:bd:4f:61:91:32,CESI_Robots,-47.0,2462.0,8380
1789658254364793088,1789658258001918976,1789658258066093342,8,d4:bd:4f:61:91:33,CESI_Recherche,-47.0,2462.0,8380
1789658254364793088,1789658258001918976,1789658258066093342,8,d4:bd:4f:61:91:34,CESI_Iot,-62.0,2462.0,25072
1789658254364793088,1789658258001918976,1789658258066093342,8,d4:bd:4f:a1:91:30,CESI_Corp,-57.0,5260.0,0
1789658254364793088,1789658258001918976,1789658258066093342,8,d4:bd:4f:a1:91:31,CESI_HotSpot,-55.0,5260.0,0
1789658254364793088,1789658258001918976,1789658258066093342,8,d4:bd:4f:a1:91:32,CESI_Robots,-55.0,5260.0,0
1789658254364793088,1789658258001918976,1789658258066093342,8,d4:bd:4f:a1:91:33,CESI_Recherche,-56.0,5260.0,0
1789658254364793088,1789658258001918976,1789658258066093342,8,d4:bd:4f:a1:91:34,CESI_Iot,-56.0,5260.0,0
1789658254364793088,1789658258001918976,1789658258066093342,8,d4:bd:4f:a0:d2:d0,CESI_Corp,-53.0,5260.0,0
1789658254364793088,1789658258001918976,1789658258066093342,8,d4:bd:4f:a0:d2:d1,CESI_HotSpot,-53.0,5260.0,0
1789658254364793088,1789658258001918976,1789658258066093342,8,d4:bd:4f:a0:d2:d2,CESI_Robots,-53.0,5260.0,0
1789658254364793088,1789658258001918976,1789658258066093342,8,d4:bd:4f:a0:d2:d3,CESI_Recherche,-53.0,5260.0,0
1789658254364793088,1789658258001918976,1789658258066093342,8,d4:bd:4f:a0:d2:d4,CESI_Iot,-53.0,5260.0,0
1789658254364793088,1789658258001918976,1789658258066093342,8,94:b3:4f:bc:d6:a2,CESI_Robots,-72.0,5180.0,0
1789658254364793088,1789658258001918976,1789658258066093342,8,94:b3:4f:bc:d6:a3,CESI_Recherche,-72.0,5180.0,0
1789658254364793088,1789658258001918976,1789658258066093342,8,94:b3:4f:bc:d6:a4,CESI_Iot,-72.0,5180.0,0
1789658254364793088,1789658258001918976,1789658258066093342,8,7a:45:58:98:a3:5f,Cepsup-Etudiants,-54.0,2437.0,4204
1789658254364793088,1789658258001918976,1789658258066093342,8,94:b3:4f:bc:d6:a0,CESI_Corp,-73.0,5180.0,0
1789658254364793088,1789658258001918976,1789658258066093342,8,94:b3:4f:bc:d6:a1,CESI_HotSpot,-73.0,5180.0,0
1789658254364793088,1789658258001918976,1789658258066093342,8,78:45:58:d8:a3:5f,FGNE-Admin,-61.0,2437.0,4204
1789658254364793088,1789658258001918976,1789658258066093342,8,94:b3:4f:7c:d6:a3,CESI_Recherche,-67.0,2447.0,8380
1789658254364793088,1789658258001918976,1789658258066093342,8,7a:45:58:98:a3:60,Cepsup-Etudiants,-71.0,5180.0,0
1789658254364793088,1789658258001918976,1789658258066093342,8,78:45:58:d8:a3:60,FGNE-Admin,-72.0,5180.0,4204
1789658254364793088,1789658258001918976,1789658258066093342,8,94:b3:4f:7c:d6:a2,CESI_Robots,-64.0,2447.0,12528
1789658254364793088,1789658258001918976,1789658258066093342,8,d4:bd:4f:61:d5:92,CESI_Robots,-38.0,2462.0,0
1789658254364793088,1789658258001918976,1789658258066093342,8,d4:bd:4f:61:d5:93,CESI_Recherche,-38.0,2462.0,0
1789658254364793088,1789658258001918976,1789658258066093342,8,7a:45:58:a8:a3:5f,,-64.0,2437.0,12528
1789658254364793088,1789658258001918976,1789658258066093342,8,d4:bd:4f:60:d2:d0,CESI_Corp,-51.0,2462.0,8380
1789658254364793088,1789658258001918976,1789658258066093342,8,d4:bd:4f:61:a9:70,CESI_Corp,-39.0,2462.0,0
1789658254364793088,1789658258001918976,1789658258066093342,8,d4:bd:4f:61:d5:90,CESI_Corp,-32.0,2462.0,4204
1789658254364793088,1789658258001918976,1789658258066093342,8,d4:bd:4f:61:a9:72,CESI_Robots,-40.0,2462.0,0
1789658254364793088,1789658258001918976,1789658258066093342,8,d4:bd:4f:61:d5:94,CESI_Iot,-38.0,2462.0,0
1789658254364793088,1789658258001918976,1789658258066093342,8,7c:26:64:69:50:04,,-54.0,2462.0,0
1789658254364793088,1789658258001918976,1789658258066093342,8,d4:bd:4f:61:a9:73,CESI_Recherche,-40.0,2462.0,0
1789658254364793088,1789658258001918976,1789658258066093342,8,d4:bd:4f:61:a9:74,CESI_Iot,-40.0,2462.0,0
1789658254364793088,1789658258001918976,1789658258066093342,8,d4:bd:4f:61:a9:71,CESI_HotSpot,-39.0,2462.0,0
1789658254364793088,1789658258001918976,1789658258066093342,8,70:a7:41:72:25:eb,FGNE-Admin,-61.0,5220.0,0
1789658254364793088,1789658258001918976,1789658258066093342,8,72:a7:41:12:25:eb,Cepsup-Etudiants,-60.0,5220.0,0
1789658254364793088,1789658258001918976,1789658258066093342,8,d4:bd:4f:60:d2:d3,CESI_Recherche,-51.0,2462.0,8380
1789658254364793088,1789658258001918976,1789658258066093342,8,d4:bd:4f:60:d2:d4,CESI_Iot,-49.0,2462.0,4204
1789658254364793088,1789658258001918976,1789658258066093342,8,72:a7:41:22:25:eb,,-56.0,5220.0,8380
1789658254364793088,1789658258001918976,1789658258066093342,8,d4:bd:4f:60:d2:d2,CESI_Robots,-52.0,2462.0,8380
1789658254364793088,1789658258001918976,1789658258066093342,8,d2:21:f9:1f:d3:98,Cepsup-Etudiants,-76.0,5200.0,0
1789658254364793088,1789658258001918976,1789658258066093342,8,d0:21:f9:5f:d3:98,FGNE-Admin,-76.0,5200.0,0
1789658254364793088,1789658258001918976,1789658258066093342,8,d4:bd:4f:60:d2:d1,CESI_HotSpot,-49.0,2462.0,4204
1789658254364793088,1789658258001918976,1789658258066093342,8,70:a7:41:72:25:ea,FGNE-Admin,-56.0,2462.0,8
1789658254364793088,1789658258001918976,1789658258066093342,8,d4:bd:4f:a1:f4:54,CESI_Iot,-79.0,5180.0,4212
1789658254364793088,1789658258001918976,1789658258066093342,8,d2:21:f9:2f:d3:98,,-75.0,5200.0,8388
1789658254364793088,1789658258001918976,1789658258066093342,8,d0:21:f9:5f:d3:97,FGNE-Admin,-57.0,2412.0,8
1789658254364793088,1789658258001918976,1789658258066093342,8,72:a7:41:12:25:ea,Cepsup-Etudiants,-57.0,2462.0,8
1789658254364793088,1789658258001918976,1789658258066093342,8,d4:bd:4f:a1:f4:50,CESI_Corp,-79.0,5180.0,4212
1789658254364793088,1789658258001918976,1789658258066093342,8,d4:bd:4f:a1:f4:51,CESI_HotSpot,-80.0,5180.0,4212
1789658254364793088,1789658258001918976,1789658258066093342,8,d4:bd:4f:a1:f4:52,CESI_Robots,-79.0,5180.0,12536
1789658254364793088,1789658258001918976,1789658258066093342,8,d4:bd:4f:a1:f4:53,CESI_Recherche,-81.0,5180.0,8
1789658254364793088,1789658258001918976,1789658258066093342,8,d4:bd:4f:a1:91:c4,CESI_Iot,-83.0,5260.0,20900
1789658254364793088,1789658258001918976,1789658258066093342,8,d2:21:f9:1f:d3:97,Cepsup-Etudiants,-62.0,2412.0,8
1789658254364793088,1789658258001918976,1789658258066093342,8,d2:21:f9:2f:d3:97,,-61.0,2412.0,12536
1789658254364793088,1789658258001918976,1789658258066093342,8,d4:bd:4f:61:f4:50,CESI_Corp,-67.0,2447.0,8388
1789658254364793088,1789658258001918976,1789658258066093342,8,d4:bd:4f:61:f4:51,CESI_HotSpot,-69.0,2447.0,8388
1789658254364793088,1789658258001918976,1789658258066093342,8,d4:bd:4f:61:f4:52,CESI_Robots,-68.0,2447.0,8388
1789658254364793088,1789658258001918976,1789658258066093342,8,d4:bd:4f:61:f4:53,CESI_Recherche,-64.0,2447.0,4212
1789658254364793088,1789658258001918976,1789658258066093342,8,d4:bd:4f:61:f4:54,CESI_Iot,-64.0,2447.0,8
1789658254364793088,1789658258001918976,1789658258066093342,8,72:a7:41:22:25:ea,,-56.0,2462.0,8
1789658254364793088,1789658258001918976,1789658258066093342,8,d4:bd:4f:a1:91:c2,CESI_Robots,-84.0,5260.0,20900
1789658254364793088,1789658258001918976,1789658258066093342,8,d4:bd:4f:a1:91:c3,CESI_Recherche,-84.0,5260.0,20900
1789658254364793088,1789658258001918976,1789658258066093342,8,d4:bd:4f:60:5d:92,CESI_Robots,-64.0,2462.0,4212
1789658254364793088,1789658258001918976,1789658258066093342,8,d4:bd:4f:a1:91:c0,CESI_Corp,-82.0,5260.0,20900
1789658254364793088,1789658258001918976,1789658258066093342,8,d4:bd:4f:a1:91:c1,CESI_HotSpot,-84.0,5260.0,20900
1789658254364793088,1789658258001918976,1789658258066093342,8,d4:bd:4f:60:5d:91,CESI_HotSpot,-68.0,2462.0,8388
1789658254364793088,1789658258001918976,1789658258066093342,8,d4:bd:4f:60:5d:93,CESI_Recherche,-69.0,2462.0,12536
1789658254364793088,1789658258001918976,1789658258066093342,8,d0:21:f9:5f:b3:91,FGNE-Admin,-90.0,5220.0,8
1789658254364793088,1789658258001918976,1789658258066093342,8,d2:21:f9:1f:b3:91,Cepsup-Etudiants,-89.0,5220.0,8
1789658254364793088,1789658258001918976,1789658258066093342,8,d2:21:f9:2f:b3:91,,-88.0,5220.0,8
1789658254364793088,1789658258001918976,1789658258066093342,8,d4:bd:4f:60:5d:94,CESI_Iot,-69.0,2462.0,8388
1789658254364793088,1789658258001918976,1789658258066093342,8,d4:bd:4f:60:5d:90,CESI_Corp,-67.0,2462.0,8388
1789658254364793088,1789658258001918976,1789658258066093342,8,d4:bd:4f:a0:8d:30,CESI_Corp,-87.0,5180.0,4212
1789658254364793088,1789658258001918976,1789658258066093342,8,d4:bd:4f:a0:8d:34,CESI_Iot,-81.0,5180.0,8
1789658254364793088,1789658258001918976,1789658258066093342,8,7a:45:58:a8:a3:60,,-72.0,5180.0,8
1789658254364793088,1789658258001918976,1789658258066093342,8,d4:bd:4f:a0:8d:31,CESI_HotSpot,-82.0,5180.0,8
1789658254364793088,1789658258001918976,1789658258066093342,8,d4:bd:4f:a0:8d:32,CESI_Robots,-82.0,5180.0,12
1789658254364793088,1789658258001918976,1789658258066093342,8,d4:bd:4f:a0:8d:33,CESI_Recherche,-83.0,5180.0,12
1789658258569245184,1789658262170034944,1789658262247751207,9,02:91:9e:71:b0:15,poppy_net,-35.0,2412.0,0
1789658258569245184,1789658262170034944,1789658262247751207,9,32:0d:cb:9d:dd:f0,iPhone moe b,-43.0,2412.0,0
1789658258569245184,1789658262170034944,1789658262247751207,9,d4:bd:4f:61:91:30,CESI_Corp,-58.0,2462.0,8372
1789658258569245184,1789658262170034944,1789658262247751207,9,d4:bd:4f:61:91:31,CESI_HotSpot,-47.0,2462.0,4168
1789658258569245184,1789658262170034944,1789658262247751207,9,d4:bd:4f:a1:d5:90,CESI_Corp,-46.0,5260.0,0
1789658258569245184,1789658262170034944,1789658262247751207,9,d4:bd:4f:a1:d5:91,CESI_HotSpot,-45.0,5260.0,0
1789658258569245184,1789658262170034944,1789658262247751207,9,d4:bd:4f:a1:d5:92,CESI_Robots,-46.0,5260.0,0
1789658258569245184,1789658262170034944,1789658262247751207,9,d4:bd:4f:a1:d5:93,CESI_Recherche,-45.0,5260.0,0
1789658258569245184,1789658262170034944,1789658262247751207,9,d4:bd:4f:a1:d5:94,CESI_Iot,-46.0,5260.0,0
1789658258569245184,1789658262170034944,1789658262247751207,9,d4:bd:4f:a1:a9:70,CESI_Corp,-48.0,5260.0,0
1789658258569245184,1789658262170034944,1789658262247751207,9,d4:bd:4f:a1:a9:71,CESI_HotSpot,-46.0,5260.0,0
1789658258569245184,1789658262170034944,1789658262247751207,9,d4:bd:4f:a1:a9:72,CESI_Robots,-48.0,5260.0,0
1789658258569245184,1789658262170034944,1789658262247751207,9,d4:bd:4f:a1:a9:73,CESI_Recherche,-48.0,5260.0,0
1789658258569245184,1789658262170034944,1789658262247751207,9,d4:bd:4f:a1:a9:74,CESI_Iot,-48.0,5260.0,0
1789658258569245184,1789658262170034944,1789658262247751207,9,d4:bd:4f:a0:5d:90,CESI_Corp,-71.0,5260.0,0
1789658258569245184,1789658262170034944,1789658262247751207,9,d4:bd:4f:a0:5d:91,CESI_HotSpot,-70.0,5260.0,0
1789658258569245184,1789658262170034944,1789658262247751207,9,d4:bd:4f:a0:5d:92,CESI_Robots,-70.0,5260.0,0
1789658258569245184,1789658262170034944,1789658262247751207,9,d4:bd:4f:a0:5d:93,CESI_Recherche,-71.0,5260.0,0
1789658258569245184,1789658262170034944,1789658262247751207,9,d4:bd:4f:a0:5d:94,CESI_Iot,-71.0,5260.0,0
1789658258569245184,1789658262170034944,1789658262247751207,9,7c:26:64:69:50:05,,-58.0,5320.0,0
1789658258569245184,1789658262170034944,1789658262247751207,9,d4:bd:4f:61:d5:91,CESI_HotSpot,-40.0,2462.0,0
1789658258569245184,1789658262170034944,1789658262247751207,9,d4:bd:4f:61:91:32,CESI_Robots,-47.0,2462.0,12548
1789658258569245184,1789658262170034944,1789658262247751207,9,d4:bd:4f:61:91:33,CESI_Recherche,-47.0,2462.0,12548
1789658258569245184,1789658262170034944,1789658262247751207,9,d4:bd:4f:61:91:34,CESI_Iot,-62.0,2462.0,29240
1789658258569245184,1789658262170034944,1789658262247751207,9,d4:bd:4f:a1:91:30,CESI_Corp,-56.0,5260.0,0
1789658258569245184,1789658262170034944,1789658262247751207,9,d4:bd:4f:a1:91:31,CESI_HotSpot,-56.0,5260.0,0
1789658258569245184,1789658262170034944,1789658262247751207,9,d4:bd:4f:a1:91:32,CESI_Robots,-56.0,5260.0,0
1789658258569245184,1789658262170034944,1789658262247751207,9,d4:bd:4f:a1:91:33,CESI_Recherche,-55.0,5260.0,0
1789658258569245184,1789658262170034944,1789658262247751207,9,d4:bd:4f:a1:91:34,CESI_Iot,-56.0,5260.0,0
1789658258569245184,1789658262170034944,1789658262247751207,9,d4:bd:4f:a0:d2:d0,CESI_Corp,-50.0,5260.0,0
1789658258569245184,1789658262170034944,1789658262247751207,9,d4:bd:4f:a0:d2:d1,CESI_HotSpot,-50.0,5260.0,0
1789658258569245184,1789658262170034944,1789658262247751207,9,d4:bd:4f:a0:d2:d2,CESI_Robots,-50.0,5260.0,0
1789658258569245184,1789658262170034944,1789658262247751207,9,d4:bd:4f:a0:d2:d3,CESI_Recherche,-50.0,5260.0,0
1789658258569245184,1789658262170034944,1789658262247751207,9,d4:bd:4f:a0:d2:d4,CESI_Iot,-50.0,5260.0,0
1789658258569245184,1789658262170034944,1789658262247751207,9,94:b3:4f:bc:d6:a2,CESI_Robots,-72.0,5180.0,4168
1789658258569245184,1789658262170034944,1789658262247751207,9,94:b3:4f:bc:d6:a3,CESI_Recherche,-72.0,5180.0,4168
1789658258569245184,1789658262170034944,1789658262247751207,9,94:b3:4f:bc:d6:a4,CESI_Iot,-78.0,5180.0,0
1789658258569245184,1789658262170034944,1789658262247751207,9,7a:45:58:98:a3:5f,Cepsup-Etudiants,-67.0,2437.0,0
1789658258569245184,1789658262170034944,1789658262247751207,9,94:b3:4f:bc:d6:a0,CESI_Corp,-78.0,5180.0,0
1789658258569245184,1789658262170034944,1789658262247751207,9,94:b3:4f:bc:d6:a1,CESI_HotSpot,-73.0,5180.0,4168
1789658258569245184,1789658262170034944,1789658262247751207,9,78:45:58:d8:a3:5f,FGNE-Admin,-68.0,2437.0,0
1789658258569245184,1789658262170034944,1789658262247751207,9,94:b3:4f:7c:d6:a3,CESI_Recherche,-67.0,2447.0,12548
1789658258569245184,1789658262170034944,1789658262247751207,9,7a:45:58:98:a3:60,Cepsup-Etudiants,-71.0,5180.0,4168
1789658258569245184,1789658262170034944,1789658262247751207,9,78:45:58:d8:a3:60,FGNE-Admin,-72.0,5180.0,8372
1789658258569245184,1789658262170034944,1789658262247751207,9,94:b3:4f:7c:d6:a2,CESI_Robots,-64.0,2447.0,16696
1789658258569245184,1789658262170034944,1789658262247751207,9,d4:bd:4f:61:d5:92,CESI_Robots,-40.0,2462.0,0
1789658258569245184,1789658262170034944,1789658262247751207,9,d4:bd:4f:61:d5:93,CESI_Recherche,-40.0,2462.0,0
1789658258569245184,1789658262170034944,1789658262247751207,9,7a:45:58:a8:a3:5f,,-64.0,2437.0,16696
1789658258569245184,1789658262170034944,1789658262247751207,9,d4:bd:4f:60:d2:d0,CESI_Corp,-51.0,2462.0,12548
1789658258569245184,1789658262170034944,1789658262247751207,9,d4:bd:4f:61:a9:70,CESI_Corp,-54.0,2462.0,0
1789658258569245184,1789658262170034944,1789658262247751207,9,d4:bd:4f:61:d5:90,CESI_Corp,-41.0,2462.0,0
1789658258569245184,1789658262170034944,1789658262247751207,9,d4:bd:4f:61:a9:72,CESI_Robots,-40.0,2462.0,4168
1789658258569245184,1789658262170034944,1789658262247751207,9,d4:bd:4f:61:d5:94,CESI_Iot,-40.0,2462.0,0
1789658258569245184,1789658262170034944,1789658262247751207,9,7c:26:64:69:50:04,,-54.0,2462.0,4168
1789658258569245184,1789658262170034944,1789658262247751207,9,d4:bd:4f:61:a9:73,CESI_Recherche,-40.0,2462.0,4168
1789658258569245184,1789658262170034944,1789658262247751207,9,d4:bd:4f:61:a9:74,CESI_Iot,-40.0,2462.0,4168
1789658258569245184,1789658262170034944,1789658262247751207,9,d4:bd:4f:61:a9:71,CESI_HotSpot,-39.0,2462.0,4168
1789658258569245184,1789658262170034944,1789658262247751207,9,70:a7:41:72:25:eb,FGNE-Admin,-61.0,5220.0,0
1789658258569245184,1789658262170034944,1789658262247751207,9,72:a7:41:12:25:eb,Cepsup-Etudiants,-61.0,5220.0,0
1789658258569245184,1789658262170034944,1789658262247751207,9,d4:bd:4f:60:d2:d3,CESI_Recherche,-51.0,2462.0,12548
1789658258569245184,1789658262170034944,1789658262247751207,9,d4:bd:4f:60:d2:d4,CESI_Iot,-49.0,2462.0,8372
1789658258569245184,1789658262170034944,1789658262247751207,9,72:a7:41:22:25:eb,,-56.0,5220.0,12548
1789658258569245184,1789658262170034944,1789658262247751207,9,d4:bd:4f:60:d2:d2,CESI_Robots,-52.0,2462.0,12548
1789658258569245184,1789658262170034944,1789658262247751207,9,d2:21:f9:1f:d3:98,Cepsup-Etudiants,-76.0,5200.0,0
1789658258569245184,1789658262170034944,1789658262247751207,9,d0:21:f9:5f:d3:98,FGNE-Admin,-76.0,5200.0,0
1789658258569245184,1789658262170034944,1789658262247751207,9,d4:bd:4f:60:d2:d1,CESI_HotSpot,-49.0,2462.0,8372
1789658258569245184,1789658262170034944,1789658262247751207,9,70:a7:41:72:25:ea,FGNE-Admin,-50.0,2462.0,8
1789658258569245184,1789658262170034944,1789658262247751207,9,d4:bd:4f:a1:f4:54,CESI_Iot,-81.0,5180.0,8
1789658258569245184,1789658262170034944,1789658262247751207,9,d2:21:f9:2f:d3:98,,-75.0,5200.0,12556
1789658258569245184,1789658262170034944,1789658262247751207,9,d0:21:f9:5f:d3:97,FGNE-Admin,-69.0,2412.0,8
1789658258569245184,1789658262170034944,1789658262247751207,9,72:a7:41:12:25:ea,Cepsup-Etudiants,-52.0,2462.0,8
1789658258569245184,1789658262170034944,1789658262247751207,9,d4:bd:4f:a1:f4:50,CESI_Corp,-80.0,5180.0,8
1789658258569245184,1789658262170034944,1789658262247751207,9,d4:bd:4f:a1:f4:51,CESI_HotSpot,-80.0,5180.0,8
1789658258569245184,1789658262170034944,1789658262247751207,9,d4:bd:4f:a1:f4:52,CESI_Robots,-81.0,5180.0,8
1789658258569245184,1789658262170034944,1789658262247751207,9,d4:bd:4f:a1:f4:53,CESI_Recherche,-80.0,5180.0,8
1789658258569245184,1789658262170034944,1789658262247751207,9,d4:bd:4f:a1:91:c4,CESI_Iot,-83.0,5260.0,25068
1789658258569245184,1789658262170034944,1789658262247751207,9,d2:21:f9:1f:d3:97,Cepsup-Etudiants,-62.0,2412.0,4176
1789658258569245184,1789658262170034944,1789658262247751207,9,d2:21:f9:2f:d3:97,,-61.0,2412.0,16704
1789658258569245184,1789658262170034944,1789658262247751207,9,d4:bd:4f:61:f4:50,CESI_Corp,-67.0,2447.0,12556
1789658258569245184,1789658262170034944,1789658262247751207,9,d4:bd:4f:61:f4:51,CESI_HotSpot,-69.0,2447.0,12556
1789658258569245184,1789658262170034944,1789658262247751207,9,d4:bd:4f:61:f4:52,CESI_Robots,-68.0,2447.0,12556
1789658258569245184,1789658262170034944,1789658262247751207,9,d4:bd:4f:61:f4:53,CESI_Recherche,-64.0,2447.0,8380
1789658258569245184,1789658262170034944,1789658262247751207,9,d4:bd:4f:61:f4:54,CESI_Iot,-64.0,2447.0,4176
1789658258569245184,1789658262170034944,1789658262247751207,9,72:a7:41:22:25:ea,,-49.0,2462.0,8
1789658258569245184,1789658262170034944,1789658262247751207,9,d4:bd:4f:a1:91:c2,CESI_Robots,-84.0,5260.0,25068
1789658258569245184,1789658262170034944,1789658262247751207,9,d4:bd:4f:a1:91:c3,CESI_Recherche,-84.0,5260.0,25068
1789658258569245184,1789658262170034944,1789658262247751207,9,d4:bd:4f:60:5d:92,CESI_Robots,-64.0,2462.0,8380
1789658258569245184,1789658262170034944,1789658262247751207,9,d4:bd:4f:a1:91:c0,CESI_Corp,-82.0,5260.0,25068
1789658258569245184,1789658262170034944,1789658262247751207,9,d4:bd:4f:a1:91:c1,CESI_HotSpot,-84.0,5260.0,25068
1789658258569245184,1789658262170034944,1789658262247751207,9,d4:bd:4f:60:5d:91,CESI_HotSpot,-68.0,2462.0,12556
1789658258569245184,1789658262170034944,1789658262247751207,9,d4:bd:4f:60:5d:93,CESI_Recherche,-69.0,2462.0,16704
1789658258569245184,1789658262170034944,1789658262247751207,9,d0:21:f9:5f:b3:91,FGNE-Admin,-90.0,5220.0,4176
1789658258569245184,1789658262170034944,1789658262247751207,9,d2:21:f9:1f:b3:91,Cepsup-Etudiants,-89.0,5220.0,4176
1789658258569245184,1789658262170034944,1789658262247751207,9,d2:21:f9:2f:b3:91,,-88.0,5220.0,4176
1789658258569245184,1789658262170034944,1789658262247751207,9,d4:bd:4f:60:5d:94,CESI_Iot,-69.0,2462.0,12556
1789658258569245184,1789658262170034944,1789658262247751207,9,d4:bd:4f:60:5d:90,CESI_Corp,-67.0,2462.0,12556
1789658258569245184,1789658262170034944,1789658262247751207,9,d4:bd:4f:a0:8d:30,CESI_Corp,-87.0,5180.0,8380
1789658258569245184,1789658262170034944,1789658262247751207,9,d4:bd:4f:a0:8d:34,CESI_Iot,-81.0,5180.0,4176
1789658258569245184,1789658262170034944,1789658262247751207,9,7a:45:58:a8:a3:60,,-72.0,5180.0,4176
1789658258569245184,1789658262170034944,1789658262247751207,9,d4:bd:4f:a0:8d:31,CESI_HotSpot,-82.0,5180.0,4176
1789658258569245184,1789658262170034944,1789658262247751207,9,d4:bd:4f:a0:8d:32,CESI_Robots,-82.0,5180.0,4180
1789658258569245184,1789658262170034944,1789658262247751207,9,d4:bd:4f:a0:8d:33,CESI_Recherche,-83.0,5180.0,4180
1789658262751409920,1789658266408943872,1789658266483004342,10,02:91:9e:71:b0:15,poppy_net,-35.0,2412.0,4
1789658262751409920,1789658266408943872,1789658266483004342,10,32:0d:cb:9d:dd:f0,iPhone moe b,-46.0,2412.0,4
1789658262751409920,1789658266408943872,1789658266483004342,10,d4:bd:4f:61:91:30,CESI_Corp,-43.0,2462.0,4
1789658262751409920,1789658266408943872,1789658266483004342,10,d4:bd:4f:61:91:31,CESI_HotSpot,-43.0,2462.0,4
1789658262751409920,1789658266408943872,1789658266483004342,10,d4:bd:4f:a1:d5:90,CESI_Corp,-53.0,5260.0,4
1789658262751409920,1789658266408943872,1789658266483004342,10,d4:bd:4f:a1:d5:91,CESI_HotSpot,-52.0,5260.0,4
1789658262751409920,1789658266408943872,1789658266483004342,10,d4:bd:4f:a1:d5:92,CESI_Robots,-52.0,5260.0,4
1789658262751409920,1789658266408943872,1789658266483004342,10,d4:bd:4f:a1:d5:93,CESI_Recherche,-52.0,5260.0,4
1789658262751409920,1789658266408943872,1789658266483004342,10,d4:bd:4f:a1:d5:94,CESI_Iot,-51.0,5260.0,4
1789658262751409920,1789658266408943872,1789658266483004342,10,d4:bd:4f:a1:a9:70,CESI_Corp,-56.0,5260.0,4
1789658262751409920,1789658266408943872,1789658266483004342,10,d4:bd:4f:a1:a9:71,CESI_HotSpot,-56.0,5260.0,4
1789658262751409920,1789658266408943872,1789658266483004342,10,d4:bd:4f:a1:a9:72,CESI_Robots,-56.0,5260.0,4
1789658262751409920,1789658266408943872,1789658266483004342,10,d4:bd:4f:a1:a9:73,CESI_Recherche,-56.0,5260.0,4
1789658262751409920,1789658266408943872,1789658266483004342,10,d4:bd:4f:a1:a9:74,CESI_Iot,-56.0,5260.0,4
1789658262751409920,1789658266408943872,1789658266483004342,10,d4:bd:4f:a0:5d:90,CESI_Corp,-65.0,5260.0,4
1789658262751409920,1789658266408943872,1789658266483004342,10,d4:bd:4f:a0:5d:91,CESI_HotSpot,-65.0,5260.0,4
1789658262751409920,1789658266408943872,1789658266483004342,10,d4:bd:4f:a0:5d:92,CESI_Robots,-65.0,5260.0,4
1789658262751409920,1789658266408943872,1789658266483004342,10,d4:bd:4f:a0:5d:93,CESI_Recherche,-65.0,5260.0,4
1789658262751409920,1789658266408943872,1789658266483004342,10,d4:bd:4f:a0:5d:94,CESI_Iot,-65.0,5260.0,4
1789658262751409920,1789658266408943872,1789658266483004342,10,7c:26:64:69:50:05,,-61.0,5320.0,4
1789658262751409920,1789658266408943872,1789658266483004342,10,d4:bd:4f:61:d5:91,CESI_HotSpot,-44.0,2462.0,4
1789658262751409920,1789658266408943872,1789658266483004342,10,d4:bd:4f:61:91:32,CESI_Robots,-43.0,2462.0,4
1789658262751409920,1789658266408943872,1789658266483004342,10,d4:bd:4f:61:91:33,CESI_Recherche,-43.0,2462.0,4
1789658262751409920,1789658266408943872,1789658266483004342,10,d4:bd:4f:61:91:34,CESI_Iot,-43.0,2462.0,4
1789658262751409920,1789658266408943872,1789658266483004342,10,d4:bd:4f:a1:91:30,CESI_Corp,-53.0,5260.0,4
1789658262751409920,1789658266408943872,1789658266483004342,10,d4:bd:4f:a1:91:31,CESI_HotSpot,-52.0,5260.0,4
1789658262751409920,1789658266408943872,1789658266483004342,10,d4:bd:4f:a1:91:32,CESI_Robots,-52.0,5260.0,4
1789658262751409920,1789658266408943872,1789658266483004342,10,d4:bd:4f:a1:91:33,CESI_Recherche,-52.0,5260.0,4
1789658262751409920,1789658266408943872,1789658266483004342,10,d4:bd:4f:a1:91:34,CESI_Iot,-52.0,5260.0,4
1789658262751409920,1789658266408943872,1789658266483004342,10,d4:bd:4f:a0:d2:d0,CESI_Corp,-60.0,5260.0,4
1789658262751409920,1789658266408943872,1789658266483004342,10,d4:bd:4f:a0:d2:d1,CESI_HotSpot,-60.0,5260.0,4
1789658262751409920,1789658266408943872,1789658266483004342,10,d4:bd:4f:a0:d2:d2,CESI_Robots,-60.0,5260.0,4
1789658262751409920,1789658266408943872,1789658266483004342,10,d4:bd:4f:a0:d2:d3,CESI_Recherche,-60.0,5260.0,4
1789658262751409920,1789658266408943872,1789658266483004342,10,d4:bd:4f:a0:d2:d4,CESI_Iot,-61.0,5260.0,4
1789658262751409920,1789658266408943872,1789658266483004342,10,94:b3:4f:bc:d6:a2,CESI_Robots,-72.0,5180.0,8412
1789658262751409920,1789658266408943872,1789658266483004342,10,94:b3:4f:bc:d6:a3,CESI_Recherche,-72.0,5180.0,8412
1789658262751409920,1789658266408943872,1789658266483004342,10,94:b3:4f:bc:d6:a4,CESI_Iot,-76.0,5180.0,4
1789658262751409920,1789658266408943872,1789658266483004342,10,7a:45:58:98:a3:5f,Cepsup-Etudiants,-62.0,2437.0,4
1789658262751409920,1789658266408943872,1789658266483004342,10,94:b3:4f:bc:d6:a0,CESI_Corp,-78.0,5180.0,4244
1789658262751409920,1789658266408943872,1789658266483004342,10,94:b3:4f:bc:d6:a1,CESI_HotSpot,-73.0,5180.0,8412
1789658262751409920,1789658266408943872,1789658266483004342,10,78:45:58:d8:a3:5f,FGNE-Admin,-62.0,2437.0,4
1789658262751409920,1789658266408943872,1789658266483004342,10,94:b3:4f:7c:d6:a3,CESI_Recherche,-67.0,2447.0,16792
1789658262751409920,1789658266408943872,1789658266483004342,10,7a:45:58:98:a3:60,Cepsup-Etudiants,-71.0,5180.0,8412
1789658262751409920,1789658266408943872,1789658266483004342,10,78:45:58:d8:a3:60,FGNE-Admin,-72.0,5180.0,12616
1789658262751409920,1789658266408943872,1789658266483004342,10,94:b3:4f:7c:d6:a2,CESI_Robots,-64.0,2447.0,20940
1789658262751409920,1789658266408943872,1789658266483004342,10,d4:bd:4f:61:d5:92,CESI_Robots,-45.0,2462.0,4
1789658262751409920,1789658266408943872,1789658266483004342,10,d4:bd:4f:61:d5:93,CESI_Recherche,-44.0,2462.0,4
1789658262751409920,1789658266408943872,1789658266483004342,10,7a:45:58:a8:a3:5f,,-64.0,2437.0,20940
1789658262751409920,1789658266408943872,1789658266483004342,10,d4:bd:4f:60:d2:d0,CESI_Corp,-53.0,2462.0,4
1789658262751409920,1789658266408943872,1789658266483004342,10,d4:bd:4f:61:a9:70,CESI_Corp,-45.0,2462.0,4
1789658262751409920,1789658266408943872,1789658266483004342,10,d4:bd:4f:61:d5:90,CESI_Corp,-44.0,2462.0,4
1789658262751409920,1789658266408943872,1789658266483004342,10,d4:bd:4f:61:a9:72,CESI_Robots,-45.0,2462.0,4
1789658262751409920,1789658266408943872,1789658266483004342,10,d4:bd:4f:61:d5:94,CESI_Iot,-40.0,2462.0,4244
1789658262751409920,1789658266408943872,1789658266483004342,10,7c:26:64:69:50:04,,-54.0,2462.0,8412
1789658262751409920,1789658266408943872,1789658266483004342,10,d4:bd:4f:61:a9:73,CESI_Recherche,-40.0,2462.0,8412
1789658262751409920,1789658266408943872,1789658266483004342,10,d4:bd:4f:61:a9:74,CESI_Iot,-44.0,2462.0,4
1789658262751409920,1789658266408943872,1789658266483004342,10,d4:bd:4f:61:a9:71,CESI_HotSpot,-39.0,2462.0,8412
1789658262751409920,1789658266408943872,1789658266483004342,10,70:a7:41:72:25:eb,FGNE-Admin,-59.0,5220.0,4
1789658262751409920,1789658266408943872,1789658266483004342,10,72:a7:41:12:25:eb,Cepsup-Etudiants,-60.0,5220.0,4
1789658262751409920,1789658266408943872,1789658266483004342,10,d4:bd:4f:60:d2:d3,CESI_Recherche,-51.0,2462.0,16792
1789658262751409920,1789658266408943872,1789658266483004342,10,d4:bd:4f:60:d2:d4,CESI_Iot,-53.0,2462.0,4
1789658262751409920,1789658266408943872,1789658266483004342,10,72:a7:41:22:25:eb,,-61.0,5220.0,4
1789658262751409920,1789658266408943872,1789658266483004342,10,d4:bd:4f:60:d2:d2,CESI_Robots,-53.0,2462.0,4
1789658262751409920,1789658266408943872,1789658266483004342,10,d2:21:f9:1f:d3:98,Cepsup-Etudiants,-79.0,5200.0,4
1789658262751409920,1789658266408943872,1789658266483004342,10,d0:21:f9:5f:d3:98,FGNE-Admin,-79.0,5200.0,4
1789658262751409920,1789658266408943872,1789658266483004342,10,d4:bd:4f:60:d2:d1,CESI_HotSpot,-54.0,2462.0,4
1789658262751409920,1789658266408943872,1789658266483004342,10,70:a7:41:72:25:ea,FGNE-Admin,-66.0,2462.0,8
1789658262751409920,1789658266408943872,1789658266483004342,10,d4:bd:4f:a1:f4:54,CESI_Iot,-77.0,5180.0,8
1789658262751409920,1789658266408943872,1789658266483004342,10,d2:21:f9:2f:d3:98,,-79.0,5200.0,8
1789658262751409920,1789658266408943872,1789658266483004342,10,d0:21:f9:5f:d3:97,FGNE-Admin,-70.0,2412.0,8
1789658262751409920,1789658266408943872,1789658266483004342,10,72:a7:41:12:25:ea,Cepsup-Etudiants,-62.0,2462.0,8
1789658262751409920,1789658266408943872,1789658266483004342,10,d4:bd:4f:a1:f4:50,CESI_Corp,-80.0,5180.0,4248
1789658262751409920,1789658266408943872,1789658266483004342,10,d4:bd:4f:a1:f4:51,CESI_HotSpot,-80.0,5180.0,4248
1789658262751409920,1789658266408943872,1789658266483004342,10,d4:bd:4f:a1:f4:52,CESI_Robots,-81.0,5180.0,4248
1789658262751409920,1789658266408943872,1789658266483004342,10,d4:bd:4f:a1:f4:53,CESI_Recherche,-80.0,5180.0,4248
1789658262751409920,1789658266408943872,1789658266483004342,10,d4:bd:4f:a1:91:c4,CESI_Iot,-83.0,5260.0,29308
1789658262751409920,1789658266408943872,1789658266483004342,10,d2:21:f9:1f:d3:97,Cepsup-Etudiants,-71.0,2412.0,8
1789658262751409920,1789658266408943872,1789658266483004342,10,d2:21:f9:2f:d3:97,,-72.0,2412.0,8
1789658262751409920,1789658266408943872,1789658266483004342,10,d4:bd:4f:61:f4:50,CESI_Corp,-67.0,2447.0,16796
1789658262751409920,1789658266408943872,1789658266483004342,10,d4:bd:4f:61:f4:51,CESI_HotSpot,-69.0,2447.0,16796
1789658262751409920,1789658266408943872,1789658266483004342,10,d4:bd:4f:61:f4:52,CESI_Robots,-68.0,2447.0,16796
1789658262751409920,1789658266408943872,1789658266483004342,10,d4:bd:4f:61:f4:53,CESI_Recherche,-64.0,2447.0,12620
1789658262751409920,1789658266408943872,1789658266483004342,10,d4:bd:4f:61:f4:54,CESI_Iot,-64.0,2447.0,8416
1789658262751409920,1789658266408943872,1789658266483004342,10,72:a7:41:22:25:ea,,-49.0,2462.0,4248
1789658262751409920,1789658266408943872,1789658266483004342,10,d4:bd:4f:a1:91:c2,CESI_Robots,-84.0,5260.0,29308
1789658262751409920,1789658266408943872,1789658266483004342,10,d4:bd:4f:a1:91:c3,CESI_Recherche,-84.0,5260.0,29308
1789658262751409920,1789658266408943872,1789658266483004342,10,d4:bd:4f:60:5d:92,CESI_Robots,-61.0,2462.0,8
1789658262751409920,1789658266408943872,1789658266483004342,10,d4:bd:4f:a1:91:c0,CESI_Corp,-82.0,5260.0,29308
1789658262751409920,1789658266408943872,1789658266483004342,10,d4:bd:4f:a1:91:c1,CESI_HotSpot,-84.0,5260.0,29308
1789658262751409920,1789658266408943872,1789658266483004342,10,d4:bd:4f:60:5d:91,CESI_HotSpot,-68.0,2462.0,16796
1789658262751409920,1789658266408943872,1789658266483004342,10,d4:bd:4f:60:5d:93,CESI_Recherche,-62.0,2462.0,8
1789658262751409920,1789658266408943872,1789658266483004342,10,d0:21:f9:5f:b3:91,FGNE-Admin,-90.0,5220.0,8416
1789658262751409920,1789658266408943872,1789658266483004342,10,d2:21:f9:1f:b3:91,Cepsup-Etudiants,-89.0,5220.0,8416
1789658262751409920,1789658266408943872,1789658266483004342,10,d2:21:f9:2f:b3:91,,-88.0,5220.0,8
1789658262751409920,1789658266408943872,1789658266483004342,10,d4:bd:4f:60:5d:94,CESI_Iot,-62.0,2462.0,8
1789658262751409920,1789658266408943872,1789658266483004342,10,d4:bd:4f:60:5d:90,CESI_Corp,-62.0,2462.0,8
1789658262751409920,1789658266408943872,1789658266483004342,10,d4:bd:4f:a0:8d:30,CESI_Corp,-87.0,5180.0,12620
1789658262751409920,1789658266408943872,1789658266483004342,10,d4:bd:4f:a0:8d:34,CESI_Iot,-81.0,5180.0,8416
1789658262751409920,1789658266408943872,1789658266483004342,10,7a:45:58:a8:a3:60,,-72.0,5180.0,8416
1789658262751409920,1789658266408943872,1789658266483004342,10,d4:bd:4f:a0:8d:31,CESI_HotSpot,-82.0,5180.0,8416
1789658262751409920,1789658266408943872,1789658266483004342,10,d4:bd:4f:a0:8d:32,CESI_Robots,-82.0,5180.0,8420
1789658262751409920,1789658266408943872,1789658266483004342,10,d4:bd:4f:a0:8d:33,CESI_Recherche,-83.0,5180.0,8420
1789658266985662976,1789658270677400064,1789658270742049902,11,02:91:9e:71:b0:15,poppy_net,-41.0,2412.0,4
1789658266985662976,1789658270677400064,1789658270742049902,11,32:0d:cb:9d:dd:f0,iPhone moe b,-46.0,2412.0,4
1789658266985662976,1789658270677400064,1789658270742049902,11,d4:bd:4f:61:91:30,CESI_Corp,-45.0,2462.0,4
1789658266985662976,1789658270677400064,1789658270742049902,11,d4:bd:4f:61:91:31,CESI_HotSpot,-44.0,2462.0,4
1789658266985662976,1789658270677400064,1789658270742049902,11,d4:bd:4f:a1:d5:90,CESI_Corp,-43.0,5260.0,4
1789658266985662976,1789658270677400064,1789658270742049902,11,d4:bd:4f:a1:d5:91,CESI_HotSpot,-43.0,5260.0,4
1789658266985662976,1789658270677400064,1789658270742049902,11,d4:bd:4f:a1:d5:92,CESI_Robots,-43.0,5260.0,4
1789658266985662976,1789658270677400064,1789658270742049902,11,d4:bd:4f:a1:d5:93,CESI_Recherche,-43.0,5260.0,4
1789658266985662976,1789658270677400064,1789658270742049902,11,d4:bd:4f:a1:d5:94,CESI_Iot,-43.0,5260.0,4
1789658266985662976,1789658270677400064,1789658270742049902,11,d4:bd:4f:a1:a9:70,CESI_Corp,-50.0,5260.0,4
1789658266985662976,1789658270677400064,1789658270742049902,11,d4:bd:4f:a1:a9:71,CESI_HotSpot,-50.0,5260.0,4
1789658266985662976,1789658270677400064,1789658270742049902,11,d4:bd:4f:a1:a9:72,CESI_Robots,-50.0,5260.0,4
1789658266985662976,1789658270677400064,1789658270742049902,11,d4:bd:4f:a1:a9:73,CESI_Recherche,-50.0,5260.0,4
1789658266985662976,1789658270677400064,1789658270742049902,11,d4:bd:4f:a1:a9:74,CESI_Iot,-50.0,5260.0,4
1789658266985662976,1789658270677400064,1789658270742049902,11,d4:bd:4f:a0:5d:90,CESI_Corp,-62.0,5260.0,4
1789658266985662976,1789658270677400064,1789658270742049902,11,d4:bd:4f:a0:5d:91,CESI_HotSpot,-62.0,5260.0,4
1789658266985662976,1789658270677400064,1789658270742049902,11,d4:bd:4f:a0:5d:92,CESI_Robots,-62.0,5260.0,4
1789658266985662976,1789658270677400064,1789658270742049902,11,d4:bd:4f:a0:5d:93,CESI_Recherche,-62.0,5260.0,4
1789658266985662976,1789658270677400064,1789658270742049902,11,d4:bd:4f:a0:5d:94,CESI_Iot,-62.0,5260.0,4
1789658266985662976,1789658270677400064,1789658270742049902,11,7c:26:64:69:50:05,,-61.0,5320.0,4
1789658266985662976,1789658270677400064,1789658270742049902,11,d4:bd:4f:61:d5:91,CESI_HotSpot,-39.0,2462.0,4
1789658266985662976,1789658270677400064,1789658270742049902,11,d4:bd:4f:61:91:32,CESI_Robots,-43.0,2462.0,4
1789658266985662976,1789658270677400064,1789658270742049902,11,d4:bd:4f:61:91:33,CESI_Recherche,-44.0,2462.0,4
1789658266985662976,1789658270677400064,1789658270742049902,11,d4:bd:4f:61:91:34,CESI_Iot,-44.0,2462.0,4
1789658266985662976,1789658270677400064,1789658270742049902,11,d4:bd:4f:a1:91:30,CESI_Corp,-50.0,5260.0,4
1789658266985662976,1789658270677400064,1789658270742049902,11,d4:bd:4f:a1:91:31,CESI_HotSpot,-50.0,5260.0,4
1789658266985662976,1789658270677400064,1789658270742049902,11,d4:bd:4f:a1:91:32,CESI_Robots,-50.0,5260.0,4
1789658266985662976,1789658270677400064,1789658270742049902,11,d4:bd:4f:a1:91:33,CESI_Recherche,-50.0,5260.0,4
1789658266985662976,1789658270677400064,1789658270742049902,11,d4:bd:4f:a1:91:34,CESI_Iot,-50.0,5260.0,4
1789658266985662976,1789658270677400064,1789658270742049902,11,d4:bd:4f:a0:d2:d0,CESI_Corp,-53.0,5260.0,4
1789658266985662976,1789658270677400064,1789658270742049902,11,d4:bd:4f:a0:d2:d1,CESI_HotSpot,-54.0,5260.0,4
1789658266985662976,1789658270677400064,1789658270742049902,11,d4:bd:4f:a0:d2:d2,CESI_Robots,-54.0,5260.0,4
1789658266985662976,1789658270677400064,1789658270742049902,11,d4:bd:4f:a0:d2:d3,CESI_Recherche,-54.0,5260.0,4
1789658266985662976,1789658270677400064,1789658270742049902,11,d4:bd:4f:a0:d2:d4,CESI_Iot,-54.0,5260.0,4
1789658266985662976,1789658270677400064,1789658270742049902,11,94:b3:4f:bc:d6:a2,CESI_Robots,-71.0,5180.0,4
1789658266985662976,1789658270677400064,1789658270742049902,11,94:b3:4f:bc:d6:a3,CESI_Recherche,-71.0,5180.0,4
1789658266985662976,1789658270677400064,1789658270742049902,11,94:b3:4f:bc:d6:a4,CESI_Iot,-71.0,5180.0,4
1789658266985662976,1789658270677400064,1789658270742049902,11,7a:45:58:98:a3:5f,Cepsup-Etudiants,-62.0,2437.0,4272
1789658266985662976,1789658270677400064,1789658270742049902,11,94:b3:4f:bc:d6:a0,CESI_Corp,-71.0,5180.0,4
1789658266985662976,1789658270677400064,1789658270742049902,11,94:b3:4f:bc:d6:a1,CESI_HotSpot,-71.0,5180.0,4
1789658266985662976,1789658270677400064,1789658270742049902,11,78:45:58:d8:a3:5f,FGNE-Admin,-62.0,2437.0,4
1789658266985662976,1789658270677400064,1789658270742049902,11,94:b3:4f:7c:d6:a3,CESI_Recherche,-67.0,2447.0,21060
1789658266985662976,1789658270677400064,1789658270742049902,11,7a:45:58:98:a3:60,Cepsup-Etudiants,-71.0,5180.0,12680
1789658266985662976,1789658270677400064,1789658270742049902,11,78:45:58:d8:a3:60,FGNE-Admin,-80.0,5180.0,4
1789658266985662976,1789658270677400064,1789658270742049902,11,94:b3:4f:7c:d6:a2,CESI_Robots,-64.0,2447.0,25208
1789658266985662976,1789658270677400064,1789658270742049902,11,d4:bd:4f:61:d5:92,CESI_Robots,-39.0,2462.0,4
1789658266985662976,1789658270677400064,1789658270742049902,11,d4:bd:4f:61:d5:93,CESI_Recherche,-39.0,2462.0,4
1789658266985662976,1789658270677400064,1789658270742049902,11,7a:45:58:a8:a3:5f,,-64.0,2437.0,25208
1789658266985662976,1789658270677400064,1789658270742049902,11,d4:bd:4f:60:d2:d0,CESI_Corp,-57.0,2462.0,4
1789658266985662976,1789658270677400064,1789658270742049902,11,d4:bd:4f:61:a9:70,CESI_Corp,-45.0,2462.0,4272
1789658266985662976,1789658270677400064,1789658270742049902,11,d4:bd:4f:61:d5:90,CESI_Corp,-39.0,2462.0,4
1789658266985662976,1789658270677400064,1789658270742049902,11,d4:bd:4f:61:a9:72,CESI_Robots,-45.0,2462.0,4
1789658266985662976,1789658270677400064,1789658270742049902,11,d4:bd:4f:61:d5:94,CESI_Iot,-39.0,2462.0,4
1789658266985662976,1789658270677400064,1789658270742049902,11,7c:26:64:69:50:04,,-54.0,2462.0,12680
1789658266985662976,1789658270677400064,1789658270742049902,11,d4:bd:4f:61:a9:73,CESI_Recherche,-40.0,2462.0,12680
1789658266985662976,1789658270677400064,1789658270742049902,11,d4:bd:4f:61:a9:74,CESI_Iot,-44.0,2462.0,4272
1789658266985662976,1789658270677400064,1789658270742049902,11,d4:bd:4f:61:a9:71,CESI_HotSpot,-39.0,2462.0,12680
1789658266985662976,1789658270677400064,1789658270742049902,11,70:a7:41:72:25:eb,FGNE-Admin,-67.0,5220.0,4
1789658266985662976,1789658270677400064,1789658270742049902,11,72:a7:41:12:25:eb,Cepsup-Etudiants,-67.0,5220.0,4
1789658266985662976,1789658270677400064,1789658270742049902,11,d4:bd:4f:60:d2:d3,CESI_Recherche,-51.0,2462.0,21060
1789658266985662976,1789658270677400064,1789658270742049902,11,d4:bd:4f:60:d2:d4,CESI_Iot,-53.0,2462.0,4272
1789658266985662976,1789658270677400064,1789658270742049902,11,72:a7:41:22:25:eb,,-61.0,5220.0,4272
1789658266985662976,1789658270677400064,1789658270742049902,11,d4:bd:4f:60:d2:d2,CESI_Robots,-53.0,2462.0,4272
1789658266985662976,1789658270677400064,1789658270742049902,11,d2:21:f9:1f:d3:98,Cepsup-Etudiants,-82.0,5200.0,4
1789658266985662976,1789658270677400064,1789658270742049902,11,d0:21:f9:5f:d3:98,FGNE-Admin,-82.0,5200.0,4
1789658266985662976,1789658270677400064,1789658270742049902,11,d4:bd:4f:60:d2:d1,CESI_HotSpot,-54.0,2462.0,4272
1789658266985662976,1789658270677400064,1789658270742049902,11,70:a7:41:72:25:ea,FGNE-Admin,-57.0,2462.0,8
1789658266985662976,1789658270677400064,1789658270742049902,11,d4:bd:4f:a1:f4:54,CESI_Iot,-77.0,5180.0,4276
1789658266985662976,1789658270677400064,1789658270742049902,11,d2:21:f9:2f:d3:98,,-79.0,5200.0,4276
1789658266985662976,1789658270677400064,1789658270742049902,11,d0:21:f9:5f:d3:97,FGNE-Admin,-60.0,2412.0,8
1789658266985662976,1789658270677400064,1789658270742049902,11,72:a7:41:12:25:ea,Cepsup-Etudiants,-56.0,2462.0,8
1789658266985662976,1789658270677400064,1789658270742049902,11,d4:bd:4f:a1:f4:50,CESI_Corp,-80.0,5180.0,8516
1789658266985662976,1789658270677400064,1789658270742049902,11,d4:bd:4f:a1:f4:51,CESI_HotSpot,-80.0,5180.0,8516
1789658266985662976,1789658270677400064,1789658270742049902,11,d4:bd:4f:a1:f4:52,CESI_Robots,-81.0,5180.0,8516
1789658266985662976,1789658270677400064,1789658270742049902,11,d4:bd:4f:a1:f4:53,CESI_Recherche,-80.0,5180.0,8516
1789658266985662976,1789658270677400064,1789658270742049902,11,d2:21:f9:1f:d3:97,Cepsup-Etudiants,-60.0,2412.0,8
1789658266985662976,1789658270677400064,1789658270742049902,11,d2:21:f9:2f:d3:97,,-72.0,2412.0,4276
1789658266985662976,1789658270677400064,1789658270742049902,11,d4:bd:4f:61:f4:50,CESI_Corp,-67.0,2447.0,21064
1789658266985662976,1789658270677400064,1789658270742049902,11,d4:bd:4f:61:f4:51,CESI_HotSpot,-69.0,2447.0,21064
1789658266985662976,1789658270677400064,1789658270742049902,11,d4:bd:4f:61:f4:52,CESI_Robots,-68.0,2447.0,21064
1789658266985662976,1789658270677400064,1789658270742049902,11,d4:bd:4f:61:f4:53,CESI_Recherche,-64.0,2447.0,16888
1789658266985662976,1789658270677400064,1789658270742049902,11,d4:bd:4f:61:f4:54,CESI_Iot,-64.0,2447.0,12684
1789658266985662976,1789658270677400064,1789658270742049902,11,72:a7:41:22:25:ea,,-49.0,2462.0,8516
1789658266985662976,1789658270677400064,1789658270742049902,11,d4:bd:4f:60:5d:92,CESI_Robots,-61.0,2462.0,4276
1789658266985662976,1789658270677400064,1789658270742049902,11,d4:bd:4f:60:5d:91,CESI_HotSpot,-68.0,2462.0,21064
1789658266985662976,1789658270677400064,1789658270742049902,11,d4:bd:4f:60:5d:93,CESI_Recherche,-62.0,2462.0,4276
1789658266985662976,1789658270677400064,1789658270742049902,11,d0:21:f9:5f:b3:91,FGNE-Admin,-90.0,5220.0,12684
1789658266985662976,1789658270677400064,1789658270742049902,11,d2:21:f9:1f:b3:91,Cepsup-Etudiants,-89.0,5220.0,12684
1789658266985662976,1789658270677400064,1789658270742049902,11,d2:21:f9:2f:b3:91,,-88.0,5220.0,4276
1789658266985662976,1789658270677400064,1789658270742049902,11,d4:bd:4f:60:5d:94,CESI_Iot,-62.0,2462.0,4276
1789658266985662976,1789658270677400064,1789658270742049902,11,d4:bd:4f:60:5d:90,CESI_Corp,-62.0,2462.0,4276
1789658266985662976,1789658270677400064,1789658270742049902,11,d4:bd:4f:a0:8d:30,CESI_Corp,-87.0,5180.0,16888
1789658266985662976,1789658270677400064,1789658270742049902,11,d4:bd:4f:a0:8d:34,CESI_Iot,-81.0,5180.0,12684
1789658266985662976,1789658270677400064,1789658270742049902,11,7a:45:58:a8:a3:60,,-72.0,5180.0,12684
1789658266985662976,1789658270677400064,1789658270742049902,11,d4:bd:4f:a0:8d:31,CESI_HotSpot,-82.0,5180.0,12684
1789658266985662976,1789658270677400064,1789658270742049902,11,d4:bd:4f:a0:8d:32,CESI_Robots,-82.0,5180.0,12684
1789658266985662976,1789658270677400064,1789658270742049902,11,d4:bd:4f:a0:8d:33,CESI_Recherche,-83.0,5180.0,12684
1789658271245940992,1789658274899558144,1789658274963624838,12,02:91:9e:71:b0:15,poppy_net,-36.0,2412.0,0
1789658271245940992,1789658274899558144,1789658274963624838,12,32:0d:cb:9d:dd:f0,iPhone moe b,-48.0,2412.0,0
1789658271245940992,1789658274899558144,1789658274963624838,12,d4:bd:4f:61:91:30,CESI_Corp,-45.0,2462.0,4224
1789658271245940992,1789658274899558144,1789658274963624838,12,d4:bd:4f:61:91:31,CESI_HotSpot,-39.0,2462.0,0
1789658271245940992,1789658274899558144,1789658274963624838,12,d4:bd:4f:a1:d5:90,CESI_Corp,-53.0,5260.0,0
1789658271245940992,1789658274899558144,1789658274963624838,12,d4:bd:4f:a1:d5:91,CESI_HotSpot,-52.0,5260.0,0
1789658271245940992,1789658274899558144,1789658274963624838,12,d4:bd:4f:a1:d5:92,CESI_Robots,-52.0,5260.0,0
1789658271245940992,1789658274899558144,1789658274963624838,12,d4:bd:4f:a1:d5:93,CESI_Recherche,-52.0,5260.0,0
1789658271245940992,1789658274899558144,1789658274963624838,12,d4:bd:4f:a1:d5:94,CESI_Iot,-53.0,5260.0,0
1789658271245940992,1789658274899558144,1789658274963624838,12,d4:bd:4f:a1:a9:70,CESI_Corp,-52.0,5260.0,0
1789658271245940992,1789658274899558144,1789658274963624838,12,d4:bd:4f:a1:a9:71,CESI_HotSpot,-53.0,5260.0,0
1789658271245940992,1789658274899558144,1789658274963624838,12,d4:bd:4f:a1:a9:72,CESI_Robots,-53.0,5260.0,0
1789658271245940992,1789658274899558144,1789658274963624838,12,d4:bd:4f:a1:a9:73,CESI_Recherche,-53.0,5260.0,0
1789658271245940992,1789658274899558144,1789658274963624838,12,d4:bd:4f:a1:a9:74,CESI_Iot,-53.0,5260.0,0
1789658271245940992,1789658274899558144,1789658274963624838,12,d4:bd:4f:a0:5d:90,CESI_Corp,-62.0,5260.0,0
1789658271245940992,1789658274899558144,1789658274963624838,12,d4:bd:4f:a0:5d:91,CESI_HotSpot,-61.0,5260.0,0
1789658271245940992,1789658274899558144,1789658274963624838,12,d4:bd:4f:a0:5d:92,CESI_Robots,-62.0,5260.0,0
1789658271245940992,1789658274899558144,1789658274963624838,12,d4:bd:4f:a0:5d:93,CESI_Recherche,-62.0,5260.0,0
1789658271245940992,1789658274899558144,1789658274963624838,12,d4:bd:4f:a0:5d:94,CESI_Iot,-61.0,5260.0,0
1789658271245940992,1789658274899558144,1789658274963624838,12,7c:26:64:69:50:05,,-60.0,5320.0,0
1789658271245940992,1789658274899558144,1789658274963624838,12,d4:bd:4f:61:d5:91,CESI_HotSpot,-47.0,2462.0,0
1789658271245940992,1789658274899558144,1789658274963624838,12,d4:bd:4f:61:91:32,CESI_Robots,-39.0,2462.0,0
1789658271245940992,1789658274899558144,1789658274963624838,12,d4:bd:4f:61:91:33,CESI_Recherche,-39.0,2462.0,0
1789658271245940992,1789658274899558144,1789658274963624838,12,d4:bd:4f:61:91:34,CESI_Iot,-40.0,2462.0,0
1789658271245940992,1789658274899558144,1789658274963624838,12,d4:bd:4f:a1:91:30,CESI_Corp,-47.0,5260.0,0
1789658271245940992,1789658274899558144,1789658274963624838,12,d4:bd:4f:a1:91:31,CESI_HotSpot,-48.0,5260.0,0
1789658271245940992,1789658274899558144,1789658274963624838,12,d4:bd:4f:a1:91:32,CESI_Robots,-48.0,5260.0,0
1789658271245940992,1789658274899558144,1789658274963624838,12,d4:bd:4f:a1:91:33,CESI_Recherche,-48.0,5260.0,0
1789658271245940992,1789658274899558144,1789658274963624838,12,d4:bd:4f:a1:91:34,CESI_Iot,-46.0,5260.0,0
1789658271245940992,1789658274899558144,1789658274963624838,12,d4:bd:4f:a0:d2:d0,CESI_Corp,-59.0,5260.0,0
1789658271245940992,1789658274899558144,1789658274963624838,12,d4:bd:4f:a0:d2:d1,CESI_HotSpot,-58.0,5260.0,0
1789658271245940992,1789658274899558144,1789658274963624838,12,d4:bd:4f:a0:d2:d2,CESI_Robots,-58.0,5260.0,0
1789658271245940992,1789658274899558144,1789658274963624838,12,d4:bd:4f:a0:d2:d3,CESI_Recherche,-58.0,5260.0,0
1789658271245940992,1789658274899558144,1789658274963624838,12,d4:bd:4f:a0:d2:d4,CESI_Iot,-59.0,5260.0,0
1789658271245940992,1789658274899558144,1789658274963624838,12,94:b3:4f:bc:d6:a2,CESI_Robots,-75.0,5180.0,0
1789658271245940992,1789658274899558144,1789658274963624838,12,94:b3:4f:bc:d6:a3,CESI_Recherche,-74.0,5180.0,0
1789658271245940992,1789658274899558144,1789658274963624838,12,94:b3:4f:bc:d6:a4,CESI_Iot,-74.0,5180.0,0
1789658271245940992,1789658274899558144,1789658274963624838,12,7a:45:58:98:a3:5f,Cepsup-Etudiants,-62.0,2437.0,8492
1789658271245940992,1789658274899558144,1789658274963624838,12,94:b3:4f:bc:d6:a0,CESI_Corp,-76.0,5180.0,0
1789658271245940992,1789658274899558144,1789658274963624838,12,94:b3:4f:bc:d6:a1,CESI_HotSpot,-75.0,5180.0,0
1789658271245940992,1789658274899558144,1789658274963624838,12,78:45:58:d8:a3:5f,FGNE-Admin,-62.0,2437.0,4224
1789658271245940992,1789658274899558144,1789658274963624838,12,94:b3:4f:7c:d6:a3,CESI_Recherche,-67.0,2447.0,25280
1789658271245940992,1789658274899558144,1789658274963624838,12,7a:45:58:98:a3:60,Cepsup-Etudiants,-74.0,5180.0,0
1789658271245940992,1789658274899558144,1789658274963624838,12,78:45:58:d8:a3:60,FGNE-Admin,-76.0,5180.0,0
1789658271245940992,1789658274899558144,1789658274963624838,12,94:b3:4f:7c:d6:a2,CESI_Robots,-64.0,2447.0,29428
1789658271245940992,1789658274899558144,1789658274963624838,12,d4:bd:4f:61:d5:92,CESI_Robots,-47.0,2462.0,0
1789658271245940992,1789658274899558144,1789658274963624838,12,d4:bd:4f:61:d5:93,CESI_Recherche,-42.0,2462.0,0
1789658271245940992,1789658274899558144,1789658274963624838,12,7a:45:58:a8:a3:5f,,-64.0,2437.0,29428
1789658271245940992,1789658274899558144,1789658274963624838,12,d4:bd:4f:60:d2:d0,CESI_Corp,-56.0,2462.0,0
1789658271245940992,1789658274899558144,1789658274963624838,12,d4:bd:4f:61:a9:70,CESI_Corp,-55.0,2462.0,0
1789658271245940992,1789658274899558144,1789658274963624838,12,d4:bd:4f:61:d5:90,CESI_Corp,-42.0,2462.0,0
1789658271245940992,1789658274899558144,1789658274963624838,12,d4:bd:4f:61:a9:72,CESI_Robots,-55.0,2462.0,0
1789658271245940992,1789658274899558144,1789658274963624838,12,d4:bd:4f:61:d5:94,CESI_Iot,-47.0,2462.0,0
1789658271245940992,1789658274899558144,1789658274963624838,12,7c:26:64:69:50:04,,-54.0,2462.0,16900
1789658271245940992,1789658274899558144,1789658274963624838,12,d4:bd:4f:61:a9:73,CESI_Recherche,-55.0,2462.0,0
1789658271245940992,1789658274899558144,1789658274963624838,12,d4:bd:4f:61:a9:74,CESI_Iot,-57.0,2462.0,0
1789658271245940992,1789658274899558144,1789658274963624838,12,d4:bd:4f:61:a9:71,CESI_HotSpot,-53.0,2462.0,0
1789658271245940992,1789658274899558144,1789658274963624838,12,70:a7:41:72:25:eb,FGNE-Admin,-65.0,5220.0,0
1789658271245940992,1789658274899558144,1789658274963624838,12,72:a7:41:12:25:eb,Cepsup-Etudiants,-65.0,5220.0,0
1789658271245940992,1789658274899558144,1789658274963624838,12,d4:bd:4f:60:d2:d3,CESI_Recherche,-54.0,2462.0,0
1789658271245940992,1789658274899558144,1789658274963624838,12,d4:bd:4f:60:d2:d4,CESI_Iot,-54.0,2462.0,0
1789658271245940992,1789658274899558144,1789658274963624838,12,72:a7:41:22:25:eb,,-65.0,5220.0,0
1789658271245940992,1789658274899558144,1789658274963624838,12,d4:bd:4f:60:d2:d2,CESI_Robots,-54.0,2462.0,0
1789658271245940992,1789658274899558144,1789658274963624838,12,d2:21:f9:1f:d3:98,Cepsup-Etudiants,-80.0,5200.0,0
1789658271245940992,1789658274899558144,1789658274963624838,12,d0:21:f9:5f:d3:98,FGNE-Admin,-80.0,5200.0,0
1789658271245940992,1789658274899558144,1789658274963624838,12,d4:bd:4f:60:d2:d1,CESI_HotSpot,-56.0,2462.0,0
1789658271245940992,1789658274899558144,1789658274963624838,12,70:a7:41:72:25:ea,FGNE-Admin,-60.0,2462.0,8
1789658271245940992,1789658274899558144,1789658274963624838,12,d4:bd:4f:a1:f4:54,CESI_Iot,-77.0,5180.0,8500
1789658271245940992,1789658274899558144,1789658274963624838,12,d2:21:f9:2f:d3:98,,-82.0,5200.0,8
1789658271245940992,1789658274899558144,1789658274963624838,12,d0:21:f9:5f:d3:97,FGNE-Admin,-60.0,2412.0,4232
1789658271245940992,1789658274899558144,1789658274963624838,12,72:a7:41:12:25:ea,Cepsup-Etudiants,-56.0,2462.0,4232
1789658271245940992,1789658274899558144,1789658274963624838,12,d4:bd:4f:a1:f4:50,CESI_Corp,-85.0,5180.0,8
1789658271245940992,1789658274899558144,1789658274963624838,12,d4:bd:4f:a1:f4:51,CESI_HotSpot,-86.0,5180.0,8
1789658271245940992,1789658274899558144,1789658274963624838,12,d4:bd:4f:a1:f4:52,CESI_Robots,-81.0,5180.0,12740
1789658271245940992,1789658274899558144,1789658274963624838,12,d4:bd:4f:a1:f4:53,CESI_Recherche,-85.0,5180.0,8
1789658271245940992,1789658274899558144,1789658274963624838,12,d2:21:f9:1f:d3:97,Cepsup-Etudiants,-60.0,2412.0,4232
1789658271245940992,1789658274899558144,1789658274963624838,12,d2:21:f9:2f:d3:97,,-72.0,2412.0,8500
1789658271245940992,1789658274899558144,1789658274963624838,12,d4:bd:4f:61:f4:50,CESI_Corp,-67.0,2447.0,25288
1789658271245940992,1789658274899558144,1789658274963624838,12,d4:bd:4f:61:f4:51,CESI_HotSpot,-69.0,2447.0,25288
1789658271245940992,1789658274899558144,1789658274963624838,12,d4:bd:4f:61:f4:52,CESI_Robots,-68.0,2447.0,25288
1789658271245940992,1789658274899558144,1789658274963624838,12,d4:bd:4f:61:f4:53,CESI_Recherche,-64.0,2447.0,21112
1789658271245940992,1789658274899558144,1789658274963624838,12,d4:bd:4f:61:f4:54,CESI_Iot,-64.0,2447.0,16908
1789658271245940992,1789658274899558144,1789658274963624838,12,72:a7:41:22:25:ea,,-49.0,2462.0,12740
1789658271245940992,1789658274899558144,1789658274963624838,12,d4:bd:4f:60:5d:92,CESI_Robots,-61.0,2462.0,8500
1789658271245940992,1789658274899558144,1789658274963624838,12,d4:bd:4f:60:5d:91,CESI_HotSpot,-68.0,2462.0,25288
1789658271245940992,1789658274899558144,1789658274963624838,12,d4:bd:4f:60:5d:93,CESI_Recherche,-62.0,2462.0,8500
1789658271245940992,1789658274899558144,1789658274963624838,12,d0:21:f9:5f:b3:91,FGNE-Admin,-83.0,5220.0,8
1789658271245940992,1789658274899558144,1789658274963624838,12,d2:21:f9:1f:b3:91,Cepsup-Etudiants,-83.0,5220.0,8
1789658271245940992,1789658274899558144,1789658274963624838,12,d2:21:f9:2f:b3:91,,-88.0,5220.0,8500
1789658271245940992,1789658274899558144,1789658274963624838,12,d4:bd:4f:60:5d:94,CESI_Iot,-62.0,2462.0,8500
1789658271245940992,1789658274899558144,1789658274963624838,12,d4:bd:4f:60:5d:90,CESI_Corp,-62.0,2462.0,8500
1789658271245940992,1789658274899558144,1789658274963624838,12,d4:bd:4f:a0:8d:30,CESI_Corp,-87.0,5180.0,21112
1789658271245940992,1789658274899558144,1789658274963624838,12,d4:bd:4f:a0:8d:34,CESI_Iot,-81.0,5180.0,16908
1789658271245940992,1789658274899558144,1789658274963624838,12,7a:45:58:a8:a3:60,,-76.0,5180.0,8
1789658271245940992,1789658274899558144,1789658274963624838,12,d4:bd:4f:a0:8d:31,CESI_HotSpot,-82.0,5180.0,16908
1789658271245940992,1789658274899558144,1789658274963624838,12,d4:bd:4f:a0:8d:32,CESI_Robots,-82.0,5180.0,16908
1789658271245940992,1789658274899558144,1789658274963624838,12,d4:bd:4f:a0:8d:33,CESI_Recherche,-83.0,5180.0,16908
1789658271245940992,1789658274899558144,1789658274963624838,12,94:b3:4f:7c:d6:a0,CESI_Corp,-64.0,2447.0,8
1789658271245940992,1789658274899558144,1789658274963624838,12,94:b3:4f:7c:d6:a1,CESI_HotSpot,-65.0,2447.0,8
1789658275466669056,1789658279126575872,1789658279187206593,13,02:91:9e:71:b0:15,poppy_net,-28.0,2412.0,0
1789658275466669056,1789658279126575872,1789658279187206593,13,32:0d:cb:9d:dd:f0,iPhone moe b,-42.0,2412.0,0
1789658275466669056,1789658279126575872,1789658279187206593,13,d4:bd:4f:61:91:30,CESI_Corp,-60.0,2462.0,0
1789658275466669056,1789658279126575872,1789658279187206593,13,d4:bd:4f:61:91:31,CESI_HotSpot,-58.0,2462.0,0
1789658275466669056,1789658279126575872,1789658279187206593,13,d4:bd:4f:a1:d5:90,CESI_Corp,-45.0,5260.0,0
1789658275466669056,1789658279126575872,1789658279187206593,13,d4:bd:4f:a1:d5:91,CESI_HotSpot,-46.0,5260.0,0
1789658275466669056,1789658279126575872,1789658279187206593,13,d4:bd:4f:a1:d5:92,CESI_Robots,-46.0,5260.0,0
1789658275466669056,1789658279126575872,1789658279187206593,13,d4:bd:4f:a1:d5:93,CESI_Recherche,-46.0,5260.0,0
1789658275466669056,1789658279126575872,1789658279187206593,13,d4:bd:4f:a1:d5:94,CESI_Iot,-45.0,5260.0,0
1789658275466669056,1789658279126575872,1789658279187206593,13,d4:bd:4f:a1:a9:70,CESI_Corp,-57.0,5260.0,0
1789658275466669056,1789658279126575872,1789658279187206593,13,d4:bd:4f:a1:a9:71,CESI_HotSpot,-57.0,5260.0,0
1789658275466669056,1789658279126575872,1789658279187206593,13,d4:bd:4f:a1:a9:72,CESI_Robots,-56.0,5260.0,0
1789658275466669056,1789658279126575872,1789658279187206593,13,d4:bd:4f:a1:a9:73,CESI_Recherche,-57.0,5260.0,0
1789658275466669056,1789658279126575872,1789658279187206593,13,d4:bd:4f:a1:a9:74,CESI_Iot,-57.0,5260.0,0
1789658275466669056,1789658279126575872,1789658279187206593,13,d4:bd:4f:a0:5d:90,CESI_Corp,-61.0,5260.0,0
1789658275466669056,1789658279126575872,1789658279187206593,13,d4:bd:4f:a0:5d:91,CESI_HotSpot,-62.0,5260.0,0
1789658275466669056,1789658279126575872,1789658279187206593,13,d4:bd:4f:a0:5d:92,CESI_Robots,-62.0,5260.0,0
1789658275466669056,1789658279126575872,1789658279187206593,13,d4:bd:4f:a0:5d:93,CESI_Recherche,-62.0,5260.0,0
1789658275466669056,1789658279126575872,1789658279187206593,13,d4:bd:4f:a0:5d:94,CESI_Iot,-62.0,5260.0,0
1789658275466669056,1789658279126575872,1789658279187206593,13,7c:26:64:69:50:05,,-61.0,5320.0,0
1789658275466669056,1789658279126575872,1789658279187206593,13,d4:bd:4f:61:d5:91,CESI_HotSpot,-43.0,2462.0,0
1789658275466669056,1789658279126575872,1789658279187206593,13,d4:bd:4f:61:91:32,CESI_Robots,-39.0,2462.0,4228
1789658275466669056,1789658279126575872,1789658279187206593,13,d4:bd:4f:61:91:33,CESI_Recherche,-39.0,2462.0,4228
1789658275466669056,1789658279126575872,1789658279187206593,13,d4:bd:4f:61:91:34,CESI_Iot,-40.0,2462.0,4228
1789658275466669056,1789658279126575872,1789658279187206593,13,d4:bd:4f:a1:91:30,CESI_Corp,-57.0,5260.0,0
1789658275466669056,1789658279126575872,1789658279187206593,13,d4:bd:4f:a1:91:31,CESI_HotSpot,-57.0,5260.0,0
1789658275466669056,1789658279126575872,1789658279187206593,13,d4:bd:4f:a1:91:32,CESI_Robots,-57.0,5260.0,0
1789658275466669056,1789658279126575872,1789658279187206593,13,d4:bd:4f:a1:91:33,CESI_Recherche,-57.0,5260.0,0
1789658275466669056,1789658279126575872,1789658279187206593,13,d4:bd:4f:a1:91:34,CESI_Iot,-57.0,5260.0,0
1789658275466669056,1789658279126575872,1789658279187206593,13,d4:bd:4f:a0:d2:d0,CESI_Corp,-51.0,5260.0,0
1789658275466669056,1789658279126575872,1789658279187206593,13,d4:bd:4f:a0:d2:d1,CESI_HotSpot,-51.0,5260.0,0
1789658275466669056,1789658279126575872,1789658279187206593,13,d4:bd:4f:a0:d2:d2,CESI_Robots,-51.0,5260.0,0
1789658275466669056,1789658279126575872,1789658279187206593,13,d4:bd:4f:a0:d2:d3,CESI_Recherche,-51.0,5260.0,0
1789658275466669056,1789658279126575872,1789658279187206593,13,d4:bd:4f:a0:d2:d4,CESI_Iot,-51.0,5260.0,0
1789658275466669056,1789658279126575872,1789658279187206593,13,94:b3:4f:bc:d6:a2,CESI_Robots,-68.0,5180.0,0
1789658275466669056,1789658279126575872,1789658279187206593,13,94:b3:4f:bc:d6:a3,CESI_Recherche,-68.0,5180.0,0
1789658275466669056,1789658279126575872,1789658279187206593,13,94:b3:4f:bc:d6:a4,CESI_Iot,-68.0,5180.0,0
1789658275466669056,1789658279126575872,1789658279187206593,13,7a:45:58:98:a3:5f,Cepsup-Etudiants,-63.0,2437.0,0
1789658275466669056,1789658279126575872,1789658279187206593,13,94:b3:4f:bc:d6:a0,CESI_Corp,-67.0,5180.0,0
1789658275466669056,1789658279126575872,1789658279187206593,13,94:b3:4f:bc:d6:a1,CESI_HotSpot,-68.0,5180.0,0
1789658275466669056,1789658279126575872,1789658279187206593,13,78:45:58:d8:a3:5f,FGNE-Admin,-61.0,2437.0,0
1789658275466669056,1789658279126575872,1789658279187206593,13,94:b3:4f:7c:d6:a3,CESI_Recherche,-67.0,2447.0,29508
1789658275466669056,1789658279126575872,1789658279187206593,13,7a:45:58:98:a3:60,Cepsup-Etudiants,-72.0,5180.0,0
1789658275466669056,1789658279126575872,1789658279187206593,13,78:45:58:d8:a3:60,FGNE-Admin,-71.0,5180.0,0
1789658275466669056,1789658279126575872,1789658279187206593,13,d4:bd:4f:61:d5:92,CESI_Robots,-43.0,2462.0,0
1789658275466669056,1789658279126575872,1789658279187206593,13,d4:bd:4f:61:d5:93,CESI_Recherche,-43.0,2462.0,0
1789658275466669056,1789658279126575872,1789658279187206593,13,7a:45:58:a8:a3:5f,,-61.0,2437.0,0
1789658275466669056,1789658279126575872,1789658279187206593,13,d4:bd:4f:60:d2:d0,CESI_Corp,-60.0,2462.0,0
1789658275466669056,1789658279126575872,1789658279187206593,13,d4:bd:4f:61:a9:70,CESI_Corp,-55.0,2462.0,0
1789658275466669056,1789658279126575872,1789658279187206593,13,d4:bd:4f:61:d5:90,CESI_Corp,-43.0,2462.0,0
1789658275466669056,1789658279126575872,1789658279187206593,13,d4:bd:4f:61:a9:72,CESI_Robots,-57.0,2462.0,0
1789658275466669056,1789658279126575872,1789658279187206593,13,d4:bd:4f:61:d5:94,CESI_Iot,-43.0,2462.0,0
1789658275466669056,1789658279126575872,1789658279187206593,13,7c:26:64:69:50:04,,-52.0,2462.0,0
1789658275466669056,1789658279126575872,1789658279187206593,13,d4:bd:4f:61:a9:73,CESI_Recherche,-59.0,2462.0,0
1789658275466669056,1789658279126575872,1789658279187206593,13,d4:bd:4f:61:a9:74,CESI_Iot,-58.0,2462.0,0
1789658275466669056,1789658279126575872,1789658279187206593,13,d4:bd:4f:61:a9:71,CESI_HotSpot,-59.0,2462.0,0
1789658275466669056,1789658279126575872,1789658279187206593,13,70:a7:41:72:25:eb,FGNE-Admin,-68.0,5220.0,0
1789658275466669056,1789658279126575872,1789658279187206593,13,72:a7:41:12:25:eb,Cepsup-Etudiants,-68.0,5220.0,0
1789658275466669056,1789658279126575872,1789658279187206593,13,d4:bd:4f:60:d2:d3,CESI_Recherche,-59.0,2462.0,0
1789658275466669056,1789658279126575872,1789658279187206593,13,d4:bd:4f:60:d2:d4,CESI_Iot,-60.0,2462.0,0
1789658275466669056,1789658279126575872,1789658279187206593,13,72:a7:41:22:25:eb,,-65.0,5220.0,4228
1789658275466669056,1789658279126575872,1789658279187206593,13,d4:bd:4f:60:d2:d2,CESI_Robots,-60.0,2462.0,0
1789658275466669056,1789658279126575872,1789658279187206593,13,d2:21:f9:1f:d3:98,Cepsup-Etudiants,-79.0,5200.0,0
1789658275466669056,1789658279126575872,1789658279187206593,13,d0:21:f9:5f:d3:98,FGNE-Admin,-79.0,5200.0,0
1789658275466669056,1789658279126575872,1789658279187206593,13,d4:bd:4f:60:d2:d1,CESI_HotSpot,-56.0,2462.0,4228
1789658275466669056,1789658279126575872,1789658279187206593,13,70:a7:41:72:25:ea,FGNE-Admin,-60.0,2462.0,4228
1789658275466669056,1789658279126575872,1789658279187206593,13,d4:bd:4f:a1:f4:54,CESI_Iot,-80.0,5180.0,8
1789658275466669056,1789658279126575872,1789658279187206593,13,d2:21:f9:2f:d3:98,,-82.0,5200.0,4236
1789658275466669056,1789658279126575872,1789658279187206593,13,d0:21:f9:5f:d3:97,FGNE-Admin,-60.0,2412.0,8460
1789658275466669056,1789658279126575872,1789658279187206593,13,72:a7:41:12:25:ea,Cepsup-Etudiants,-56.0,2462.0,8460
1789658275466669056,1789658279126575872,1789658279187206593,13,d4:bd:4f:a1:f4:50,CESI_Corp,-85.0,5180.0,4236
1789658275466669056,1789658279126575872,1789658279187206593,13,d4:bd:4f:a1:f4:51,CESI_HotSpot,-86.0,5180.0,4236
1789658275466669056,1789658279126575872,1789658279187206593,13,d4:bd:4f:a1:f4:52,CESI_Robots,-81.0,5180.0,16968
1789658275466669056,1789658279126575872,1789658279187206593,13,d4:bd:4f:a1:f4:53,CESI_Recherche,-85.0,5180.0,4236
1789658275466669056,1789658279126575872,1789658279187206593,13,d2:21:f9:1f:d3:97,Cepsup-Etudiants,-72.0,2412.0,8
1789658275466669056,1789658279126575872,1789658279187206593,13,d2:21:f9:2f:d3:97,,-72.0,2412.0,12728
1789658275466669056,1789658279126575872,1789658279187206593,13,d4:bd:4f:61:f4:50,CESI_Corp,-67.0,2447.0,29516
1789658275466669056,1789658279126575872,1789658279187206593,13,d4:bd:4f:61:f4:51,CESI_HotSpot,-69.0,2447.0,29516
1789658275466669056,1789658279126575872,1789658279187206593,13,d4:bd:4f:61:f4:52,CESI_Robots,-68.0,2447.0,29516
1789658275466669056,1789658279126575872,1789658279187206593,13,d4:bd:4f:61:f4:53,CESI_Recherche,-64.0,2447.0,25340
1789658275466669056,1789658279126575872,1789658279187206593,13,d4:bd:4f:61:f4:54,CESI_Iot,-64.0,2447.0,21136
1789658275466669056,1789658279126575872,1789658279187206593,13,72:a7:41:22:25:ea,,-49.0,2462.0,16968
1789658275466669056,1789658279126575872,1789658279187206593,13,d4:bd:4f:60:5d:92,CESI_Robots,-61.0,2462.0,12728
1789658275466669056,1789658279126575872,1789658279187206593,13,d4:bd:4f:60:5d:91,CESI_HotSpot,-68.0,2462.0,29516
1789658275466669056,1789658279126575872,1789658279187206593,13,d4:bd:4f:60:5d:93,CESI_Recherche,-62.0,2462.0,12728
1789658275466669056,1789658279126575872,1789658279187206593,13,d0:21:f9:5f:b3:91,FGNE-Admin,-83.0,5220.0,4236
1789658275466669056,1789658279126575872,1789658279187206593,13,d2:21:f9:1f:b3:91,Cepsup-Etudiants,-83.0,5220.0,4236
1789658275466669056,1789658279126575872,1789658279187206593,13,d2:21:f9:2f:b3:91,,-85.0,5220.0,8
1789658275466669056,1789658279126575872,1789658279187206593,13,d4:bd:4f:60:5d:94,CESI_Iot,-62.0,2462.0,12728
1789658275466669056,1789658279126575872,1789658279187206593,13,d4:bd:4f:60:5d:90,CESI_Corp,-62.0,2462.0,12728
1789658275466669056,1789658279126575872,1789658279187206593,13,d4:bd:4f:a0:8d:30,CESI_Corp,-87.0,5180.0,25340
1789658275466669056,1789658279126575872,1789658279187206593,13,d4:bd:4f:a0:8d:34,CESI_Iot,-81.0,5180.0,21136
1789658275466669056,1789658279126575872,1789658279187206593,13,7a:45:58:a8:a3:60,,-76.0,5180.0,4236
1789658275466669056,1789658279126575872,1789658279187206593,13,d4:bd:4f:a0:8d:31,CESI_HotSpot,-82.0,5180.0,21136
1789658275466669056,1789658279126575872,1789658279187206593,13,d4:bd:4f:a0:8d:32,CESI_Robots,-82.0,5180.0,21136
1789658275466669056,1789658279126575872,1789658279187206593,13,d4:bd:4f:a0:8d:33,CESI_Recherche,-83.0,5180.0,21136
1789658275466669056,1789658279126575872,1789658279187206593,13,94:b3:4f:7c:d6:a0,CESI_Corp,-64.0,2447.0,4236
1789658275466669056,1789658279126575872,1789658279187206593,13,94:b3:4f:7c:d6:a1,CESI_HotSpot,-65.0,2447.0,4236
1789658279689681152,1789658283317102848,1789658283375809765,14,02:91:9e:71:b0:15,poppy_net,-28.0,2412.0,0
1789658279689681152,1789658283317102848,1789658283375809765,14,32:0d:cb:9d:dd:f0,iPhone moe b,-42.0,2412.0,0
1789658279689681152,1789658283317102848,1789658283375809765,14,d4:bd:4f:61:91:30,CESI_Corp,-52.0,2462.0,0
1789658279689681152,1789658283317102848,1789658283375809765,14,d4:bd:4f:61:91:31,CESI_HotSpot,-56.0,2462.0,0
1789658279689681152,1789658283317102848,1789658283375809765,14,d4:bd:4f:a1:d5:90,CESI_Corp,-47.0,5260.0,0
1789658279689681152,1789658283317102848,1789658283375809765,14,d4:bd:4f:a1:d5:91,CESI_HotSpot,-47.0,5260.0,0
1789658279689681152,1789658283317102848,1789658283375809765,14,d4:bd:4f:a1:d5:92,CESI_Robots,-47.0,5260.0,0
1789658279689681152,1789658283317102848,1789658283375809765,14,d4:bd:4f:a1:d5:93,CESI_Recherche,-47.0,5260.0,0
1789658279689681152,1789658283317102848,1789658283375809765,14,d4:bd:4f:a1:d5:94,CESI_Iot,-46.0,5260.0,0
1789658279689681152,1789658283317102848,1789658283375809765,14,d4:bd:4f:a1:a9:70,CESI_Corp,-52.0,5260.0,0
1789658279689681152,1789658283317102848,1789658283375809765,14,d4:bd:4f:a1:a9:71,CESI_HotSpot,-52.0,5260.0,0
1789658279689681152,1789658283317102848,1789658283375809765,14,d4:bd:4f:a1:a9:72,CESI_Robots,-52.0,5260.0,0
1789658279689681152,1789658283317102848,1789658283375809765,14,d4:bd:4f:a1:a9:73,CESI_Recherche,-52.0,5260.0,0
1789658279689681152,1789658283317102848,1789658283375809765,14,d4:bd:4f:a1:a9:74,CESI_Iot,-52.0,5260.0,0
1789658279689681152,1789658283317102848,1789658283375809765,14,d4:bd:4f:a0:5d:90,CESI_Corp,-61.0,5260.0,4188
1789658279689681152,1789658283317102848,1789658283375809765,14,d4:bd:4f:a0:5d:91,CESI_HotSpot,-56.0,5260.0,0
1789658279689681152,1789658283317102848,1789658283375809765,14,d4:bd:4f:a0:5d:92,CESI_Robots,-56.0,5260.0,0
1789658279689681152,1789658283317102848,1789658283375809765,14,d4:bd:4f:a0:5d:93,CESI_Recherche,-56.0,5260.0,0
1789658279689681152,1789658283317102848,1789658283375809765,14,d4:bd:4f:a0:5d:94,CESI_Iot,-56.0,5260.0,0
1789658279689681152,1789658283317102848,1789658283375809765,14,7c:26:64:69:50:05,,-63.0,5320.0,0
1789658279689681152,1789658283317102848,1789658283375809765,14,d4:bd:4f:61:d5:91,CESI_HotSpot,-38.0,2462.0,0
1789658279689681152,1789658283317102848,1789658283375809765,14,d4:bd:4f:61:91:32,CESI_Robots,-57.0,2462.0,0
1789658279689681152,1789658283317102848,1789658283375809765,14,d4:bd:4f:61:91:33,CESI_Recherche,-58.0,2462.0,0
1789658279689681152,1789658283317102848,1789658283375809765,14,d4:bd:4f:61:91:34,CESI_Iot,-57.0,2462.0,0
1789658279689681152,1789658283317102848,1789658283375809765,14,d4:bd:4f:a1:91:30,CESI_Corp,-49.0,5260.0,0
1789658279689681152,1789658283317102848,1789658283375809765,14,d4:bd:4f:a1:91:31,CESI_HotSpot,-49.0,5260.0,0
1789658279689681152,1789658283317102848,1789658283375809765,14,d4:bd:4f:a1:91:32,CESI_Robots,-49.0,5260.0,0
1789658279689681152,1789658283317102848,1789658283375809765,14,d4:bd:4f:a1:91:33,CESI_Recherche,-49.0,5260.0,0
1789658279689681152,1789658283317102848,1789658283375809765,14,d4:bd:4f:a1:91:34,CESI_Iot,-49.0,5260.0,0
1789658279689681152,1789658283317102848,1789658283375809765,14,d4:bd:4f:a0:d2:d0,CESI_Corp,-57.0,5260.0,0
1789658279689681152,1789658283317102848,1789658283375809765,14,d4:bd:4f:a0:d2:d1,CESI_HotSpot,-57.0,5260.0,0
1789658279689681152,1789658283317102848,1789658283375809765,14,d4:bd:4f:a0:d2:d2,CESI_Robots,-57.0,5260.0,0
1789658279689681152,1789658283317102848,1789658283375809765,14,d4:bd:4f:a0:d2:d3,CESI_Recherche,-57.0,5260.0,0
1789658279689681152,1789658283317102848,1789658283375809765,14,d4:bd:4f:a0:d2:d4,CESI_Iot,-57.0,5260.0,0
1789658279689681152,1789658283317102848,1789658283375809765,14,94:b3:4f:bc:d6:a2,CESI_Robots,-72.0,5180.0,0
1789658279689681152,1789658283317102848,1789658283375809765,14,94:b3:4f:bc:d6:a3,CESI_Recherche,-73.0,5180.0,0
1789658279689681152,1789658283317102848,1789658283375809765,14,94:b3:4f:bc:d6:a4,CESI_Iot,-73.0,5180.0,0
1789658279689681152,1789658283317102848,1789658283375809765,14,7a:45:58:98:a3:5f,Cepsup-Etudiants,-66.0,2437.0,0
1789658279689681152,1789658283317102848,1789658283375809765,14,94:b3:4f:bc:d6:a0,CESI_Corp,-71.0,5180.0,0
1789658279689681152,1789658283317102848,1789658283375809765,14,94:b3:4f:bc:d6:a1,CESI_HotSpot,-72.0,5180.0,0
1789658279689681152,1789658283317102848,1789658283375809765,14,78:45:58:d8:a3:5f,FGNE-Admin,-66.0,2437.0,0
1789658279689681152,1789658283317102848,1789658283375809765,14,7a:45:58:98:a3:60,Cepsup-Etudiants,-75.0,5180.0,0
1789658279689681152,1789658283317102848,1789658283375809765,14,78:45:58:d8:a3:60,FGNE-Admin,-75.0,5180.0,0
1789658279689681152,1789658283317102848,1789658283375809765,14,d4:bd:4f:61:d5:92,CESI_Robots,-43.0,2462.0,4188
1789658279689681152,1789658283317102848,1789658283375809765,14,d4:bd:4f:61:d5:93,CESI_Recherche,-43.0,2462.0,4188
1789658279689681152,1789658283317102848,1789658283375809765,14,7a:45:58:a8:a3:5f,,-61.0,2437.0,4188
1789658279689681152,1789658283317102848,1789658283375809765,14,d4:bd:4f:60:d2:d0,CESI_Corp,-60.0,2462.0,4188
1789658279689681152,1789658283317102848,1789658283375809765,14,d4:bd:4f:61:a9:70,CESI_Corp,-53.0,2462.0,0
1789658279689681152,1789658283317102848,1789658283375809765,14,d4:bd:4f:61:d5:90,CESI_Corp,-39.0,2462.0,0
1789658279689681152,1789658283317102848,1789658283375809765,14,d4:bd:4f:61:a9:72,CESI_Robots,-53.0,2462.0,0
1789658279689681152,1789658283317102848,1789658283375809765,14,d4:bd:4f:61:d5:94,CESI_Iot,-43.0,2462.0,4188
1789658279689681152,1789658283317102848,1789658283375809765,14,7c:26:64:69:50:04,,-52.0,2462.0,4188
1789658279689681152,1789658283317102848,1789658283375809765,14,d4:bd:4f:61:a9:73,CESI_Recherche,-59.0,2462.0,4188
1789658279689681152,1789658283317102848,1789658283375809765,14,d4:bd:4f:61:a9:74,CESI_Iot,-58.0,2462.0,4188
1789658279689681152,1789658283317102848,1789658283375809765,14,d4:bd:4f:61:a9:71,CESI_HotSpot,-51.0,2462.0,0
1789658279689681152,1789658283317102848,1789658283375809765,14,70:a7:41:72:25:eb,FGNE-Admin,-65.0,5220.0,0
1789658279689681152,1789658283317102848,1789658283375809765,14,72:a7:41:12:25:eb,Cepsup-Etudiants,-65.0,5220.0,0
1789658279689681152,1789658283317102848,1789658283375809765,14,d4:bd:4f:60:d2:d3,CESI_Recherche,-59.0,2462.0,4188
1789658279689681152,1789658283317102848,1789658283375809765,14,d4:bd:4f:60:d2:d4,CESI_Iot,-60.0,2462.0,4188
1789658279689681152,1789658283317102848,1789658283375809765,14,72:a7:41:22:25:eb,,-65.0,5220.0,8416
1789658279689681152,1789658283317102848,1789658283375809765,14,d4:bd:4f:60:d2:d2,CESI_Robots,-60.0,2462.0,4188
1789658279689681152,1789658283317102848,1789658283375809765,14,d2:21:f9:1f:d3:98,Cepsup-Etudiants,-79.0,5200.0,4188
1789658279689681152,1789658283317102848,1789658283375809765,14,d0:21:f9:5f:d3:98,FGNE-Admin,-79.0,5200.0,4188
1789658279689681152,1789658283317102848,1789658283375809765,14,d4:bd:4f:60:d2:d1,CESI_HotSpot,-56.0,2462.0,8416
1789658279689681152,1789658283317102848,1789658283375809765,14,70:a7:41:72:25:ea,FGNE-Admin,-51.0,2462.0,0
1789658279689681152,1789658283317102848,1789658283375809765,14,d4:bd:4f:a1:f4:54,CESI_Iot,-80.0,5180.0,4188
1789658279689681152,1789658283317102848,1789658283375809765,14,d2:21:f9:2f:d3:98,,-82.0,5200.0,8424
1789658279689681152,1789658283317102848,1789658283375809765,14,d0:21:f9:5f:d3:97,FGNE-Admin,-60.0,2412.0,12648
1789658279689681152,1789658283317102848,1789658283375809765,14,72:a7:41:12:25:ea,Cepsup-Etudiants,-52.0,2462.0,8
1789658279689681152,1789658283317102848,1789658283375809765,14,d4:bd:4f:a1:f4:50,CESI_Corp,-85.0,5180.0,8424
1789658279689681152,1789658283317102848,1789658283375809765,14,d4:bd:4f:a1:f4:51,CESI_HotSpot,-86.0,5180.0,8424
1789658279689681152,1789658283317102848,1789658283375809765,14,d4:bd:4f:a1:f4:52,CESI_Robots,-81.0,5180.0,21156
1789658279689681152,1789658283317102848,1789658283375809765,14,d4:bd:4f:a1:f4:53,CESI_Recherche,-85.0,5180.0,8424
1789658279689681152,1789658283317102848,1789658283375809765,14,d2:21:f9:1f:d3:97,Cepsup-Etudiants,-70.0,2412.0,8
1789658279689681152,1789658283317102848,1789658283375809765,14,d2:21:f9:2f:d3:97,,-72.0,2412.0,16916
1789658279689681152,1789658283317102848,1789658283375809765,14,d4:bd:4f:61:f4:53,CESI_Recherche,-64.0,2447.0,29528
1789658279689681152,1789658283317102848,1789658283375809765,14,d4:bd:4f:61:f4:54,CESI_Iot,-64.0,2447.0,25324
1789658279689681152,1789658283317102848,1789658283375809765,14,72:a7:41:22:25:ea,,-54.0,2462.0,8
1789658279689681152,1789658283317102848,1789658283375809765,14,d4:bd:4f:60:5d:92,CESI_Robots,-61.0,2462.0,16916
1789658279689681152,1789658283317102848,1789658283375809765,14,d4:bd:4f:60:5d:93,CESI_Recherche,-62.0,2462.0,16916
1789658279689681152,1789658283317102848,1789658283375809765,14,d0:21:f9:5f:b3:91,FGNE-Admin,-83.0,5220.0,8424
1789658279689681152,1789658283317102848,1789658283375809765,14,d2:21:f9:1f:b3:91,Cepsup-Etudiants,-83.0,5220.0,8424
1789658279689681152,1789658283317102848,1789658283375809765,14,d2:21:f9:2f:b3:91,,-85.0,5220.0,4196
1789658279689681152,1789658283317102848,1789658283375809765,14,d4:bd:4f:60:5d:94,CESI_Iot,-62.0,2462.0,16916
1789658279689681152,1789658283317102848,1789658283375809765,14,d4:bd:4f:60:5d:90,CESI_Corp,-62.0,2462.0,16916
1789658279689681152,1789658283317102848,1789658283375809765,14,d4:bd:4f:a0:8d:30,CESI_Corp,-87.0,5180.0,29528
1789658279689681152,1789658283317102848,1789658283375809765,14,d4:bd:4f:a0:8d:34,CESI_Iot,-81.0,5180.0,25324
1789658279689681152,1789658283317102848,1789658283375809765,14,7a:45:58:a8:a3:60,,-76.0,5180.0,8424
1789658279689681152,1789658283317102848,1789658283375809765,14,d4:bd:4f:a0:8d:31,CESI_HotSpot,-82.0,5180.0,25324
1789658279689681152,1789658283317102848,1789658283375809765,14,d4:bd:4f:a0:8d:32,CESI_Robots,-82.0,5180.0,25324
1789658279689681152,1789658283317102848,1789658283375809765,14,d4:bd:4f:a0:8d:33,CESI_Recherche,-83.0,5180.0,25324
1789658279689681152,1789658283317102848,1789658283375809765,14,94:b3:4f:7c:d6:a0,CESI_Corp,-66.0,2447.0,8
1789658279689681152,1789658283317102848,1789658283375809765,14,94:b3:4f:7c:d6:a1,CESI_HotSpot,-65.0,2447.0,8424
1789658279689681152,1789658283317102848,1789658283375809765,14,94:b3:4f:7c:d6:a2,CESI_Robots,-66.0,2447.0,8
1789658283879364864,1789658287527234048,1789658287587091697,15,02:91:9e:71:b0:15,poppy_net,-35.0,2412.0,4
1789658283879364864,1789658287527234048,1789658287587091697,15,32:0d:cb:9d:dd:f0,iPhone moe b,-47.0,2412.0,4
1789658283879364864,1789658287527234048,1789658287587091697,15,d4:bd:4f:61:91:30,CESI_Corp,-59.0,2462.0,4
1789658283879364864,1789658287527234048,1789658287587091697,15,d4:bd:4f:61:91:31,CESI_HotSpot,-58.0,2462.0,4
1789658283879364864,1789658287527234048,1789658287587091697,15,d4:bd:4f:a1:d5:90,CESI_Corp,-45.0,5260.0,4
1789658283879364864,1789658287527234048,1789658287587091697,15,d4:bd:4f:a1:d5:91,CESI_HotSpot,-42.0,5260.0,4
1789658283879364864,1789658287527234048,1789658287587091697,15,d4:bd:4f:a1:d5:92,CESI_Robots,-43.0,5260.0,4
1789658283879364864,1789658287527234048,1789658287587091697,15,d4:bd:4f:a1:d5:93,CESI_Recherche,-43.0,5260.0,4
1789658283879364864,1789658287527234048,1789658287587091697,15,d4:bd:4f:a1:d5:94,CESI_Iot,-43.0,5260.0,4
1789658283879364864,1789658287527234048,1789658287587091697,15,d4:bd:4f:a1:a9:70,CESI_Corp,-54.0,5260.0,4
1789658283879364864,1789658287527234048,1789658287587091697,15,d4:bd:4f:a1:a9:71,CESI_HotSpot,-54.0,5260.0,4
1789658283879364864,1789658287527234048,1789658287587091697,15,d4:bd:4f:a1:a9:72,CESI_Robots,-54.0,5260.0,4
1789658283879364864,1789658287527234048,1789658287587091697,15,d4:bd:4f:a1:a9:73,CESI_Recherche,-53.0,5260.0,4
1789658283879364864,1789658287527234048,1789658287587091697,15,d4:bd:4f:a1:a9:74,CESI_Iot,-53.0,5260.0,4
1789658283879364864,1789658287527234048,1789658287587091697,15,d4:bd:4f:a0:5d:90,CESI_Corp,-66.0,5260.0,4
1789658283879364864,1789658287527234048,1789658287587091697,15,d4:bd:4f:a0:5d:91,CESI_HotSpot,-66.0,5260.0,4
1789658283879364864,1789658287527234048,1789658287587091697,15,d4:bd:4f:a0:5d:92,CESI_Robots,-66.0,5260.0,4
1789658283879364864,1789658287527234048,1789658287587091697,15,d4:bd:4f:a0:5d:93,CESI_Recherche,-66.0,5260.0,4
1789658283879364864,1789658287527234048,1789658287587091697,15,d4:bd:4f:a0:5d:94,CESI_Iot,-66.0,5260.0,4
1789658283879364864,1789658287527234048,1789658287587091697,15,7c:26:64:69:50:05,,-63.0,5320.0,4
1789658283879364864,1789658287527234048,1789658287587091697,15,d4:bd:4f:61:d5:91,CESI_HotSpot,-53.0,2462.0,4
1789658283879364864,1789658287527234048,1789658287587091697,15,d4:bd:4f:61:91:32,CESI_Robots,-61.0,2462.0,4
1789658283879364864,1789658287527234048,1789658287587091697,15,d4:bd:4f:61:91:33,CESI_Recherche,-60.0,2462.0,4
1789658283879364864,1789658287527234048,1789658287587091697,15,d4:bd:4f:61:91:34,CESI_Iot,-58.0,2462.0,4
1789658283879364864,1789658287527234048,1789658287587091697,15,d4:bd:4f:a1:91:30,CESI_Corp,-49.0,5260.0,4
1789658283879364864,1789658287527234048,1789658287587091697,15,d4:bd:4f:a1:91:31,CESI_HotSpot,-48.0,5260.0,4
1789658283879364864,1789658287527234048,1789658287587091697,15,d4:bd:4f:a1:91:32,CESI_Robots,-49.0,5260.0,4
1789658283879364864,1789658287527234048,1789658287587091697,15,d4:bd:4f:a1:91:33,CESI_Recherche,-48.0,5260.0,4
1789658283879364864,1789658287527234048,1789658287587091697,15,d4:bd:4f:a1:91:34,CESI_Iot,-48.0,5260.0,4
1789658283879364864,1789658287527234048,1789658287587091697,15,d4:bd:4f:a0:d2:d0,CESI_Corp,-67.0,5260.0,4
1789658283879364864,1789658287527234048,1789658287587091697,15,d4:bd:4f:a0:d2:d1,CESI_HotSpot,-67.0,5260.0,4
1789658283879364864,1789658287527234048,1789658287587091697,15,d4:bd:4f:a0:d2:d2,CESI_Robots,-67.0,5260.0,4
1789658283879364864,1789658287527234048,1789658287587091697,15,d4:bd:4f:a0:d2:d3,CESI_Recherche,-57.0,5260.0,4212
1789658283879364864,1789658287527234048,1789658287587091697,15,d4:bd:4f:a0:d2:d4,CESI_Iot,-67.0,5260.0,4
1789658283879364864,1789658287527234048,1789658287587091697,15,94:b3:4f:bc:d6:a2,CESI_Robots,-74.0,5180.0,4
1789658283879364864,1789658287527234048,1789658287587091697,15,94:b3:4f:bc:d6:a3,CESI_Recherche,-74.0,5180.0,4
1789658283879364864,1789658287527234048,1789658287587091697,15,94:b3:4f:bc:d6:a4,CESI_Iot,-74.0,5180.0,4
1789658283879364864,1789658287527234048,1789658287587091697,15,7a:45:58:98:a3:5f,Cepsup-Etudiants,-66.0,2437.0,4212
1789658283879364864,1789658287527234048,1789658287587091697,15,94:b3:4f:bc:d6:a0,CESI_Corp,-75.0,5180.0,4
1789658283879364864,1789658287527234048,1789658287587091697,15,94:b3:4f:bc:d6:a1,CESI_HotSpot,-75.0,5180.0,4
1789658283879364864,1789658287527234048,1789658287587091697,15,78:45:58:d8:a3:5f,FGNE-Admin,-66.0,2437.0,4212
1789658283879364864,1789658287527234048,1789658287587091697,15,7a:45:58:98:a3:60,Cepsup-Etudiants,-75.0,5180.0,4212
1789658283879364864,1789658287527234048,1789658287587091697,15,78:45:58:d8:a3:60,FGNE-Admin,-75.0,5180.0,4212
1789658283879364864,1789658287527234048,1789658287587091697,15,d4:bd:4f:61:d5:92,CESI_Robots,-53.0,2462.0,4
1789658283879364864,1789658287527234048,1789658287587091697,15,d4:bd:4f:61:d5:93,CESI_Recherche,-53.0,2462.0,4
1789658283879364864,1789658287527234048,1789658287587091697,15,7a:45:58:a8:a3:5f,,-61.0,2437.0,8400
1789658283879364864,1789658287527234048,1789658287587091697,15,d4:bd:4f:60:d2:d0,CESI_Corp,-60.0,2462.0,8400
1789658283879364864,1789658287527234048,1789658287587091697,15,d4:bd:4f:61:a9:70,CESI_Corp,-53.0,2462.0,4212
1789658283879364864,1789658287527234048,1789658287587091697,15,d4:bd:4f:61:d5:90,CESI_Corp,-53.0,2462.0,4
1789658283879364864,1789658287527234048,1789658287587091697,15,d4:bd:4f:61:a9:72,CESI_Robots,-53.0,2462.0,4212
1789658283879364864,1789658287527234048,1789658287587091697,15,d4:bd:4f:61:d5:94,CESI_Iot,-53.0,2462.0,4
1789658283879364864,1789658287527234048,1789658287587091697,15,7c:26:64:69:50:04,,-52.0,2462.0,8400
1789658283879364864,1789658287527234048,1789658287587091697,15,d4:bd:4f:61:a9:73,CESI_Recherche,-59.0,2462.0,8400
1789658283879364864,1789658287527234048,1789658287587091697,15,d4:bd:4f:61:a9:74,CESI_Iot,-58.0,2462.0,4
1789658283879364864,1789658287527234048,1789658287587091697,15,d4:bd:4f:61:a9:71,CESI_HotSpot,-51.0,2462.0,4212
1789658283879364864,1789658287527234048,1789658287587091697,15,70:a7:41:72:25:eb,FGNE-Admin,-67.0,5220.0,4
1789658283879364864,1789658287527234048,1789658287587091697,15,72:a7:41:12:25:eb,Cepsup-Etudiants,-67.0,5220.0,4
1789658283879364864,1789658287527234048,1789658287587091697,15,d4:bd:4f:60:d2:d3,CESI_Recherche,-59.0,2462.0,8400
1789658283879364864,1789658287527234048,1789658287587091697,15,d4:bd:4f:60:d2:d4,CESI_Iot,-60.0,2462.0,8400
1789658283879364864,1789658287527234048,1789658287587091697,15,72:a7:41:22:25:eb,,-65.0,5220.0,12628
1789658283879364864,1789658287527234048,1789658287587091697,15,d4:bd:4f:60:d2:d2,CESI_Robots,-60.0,2462.0,8400
1789658283879364864,1789658287527234048,1789658287587091697,15,d2:21:f9:1f:d3:98,Cepsup-Etudiants,-80.0,5200.0,4
1789658283879364864,1789658287527234048,1789658287587091697,15,d0:21:f9:5f:d3:98,FGNE-Admin,-80.0,5200.0,4
1789658283879364864,1789658287527234048,1789658287587091697,15,d4:bd:4f:60:d2:d1,CESI_HotSpot,-56.0,2462.0,12628
1789658283879364864,1789658287527234048,1789658287587091697,15,70:a7:41:72:25:ea,FGNE-Admin,-59.0,2462.0,4
1789658283879364864,1789658287527234048,1789658287587091697,15,d4:bd:4f:a1:f4:54,CESI_Iot,-84.0,5180.0,4
1789658283879364864,1789658287527234048,1789658287587091697,15,d2:21:f9:2f:d3:98,,-82.0,5200.0,12636
1789658283879364864,1789658287527234048,1789658287587091697,15,d0:21:f9:5f:d3:97,FGNE-Admin,-60.0,2412.0,16860
1789658283879364864,1789658287527234048,1789658287587091697,15,72:a7:41:12:25:ea,Cepsup-Etudiants,-60.0,2462.0,12
1789658283879364864,1789658287527234048,1789658287587091697,15,d4:bd:4f:a1:f4:50,CESI_Corp,-85.0,5180.0,12636
1789658283879364864,1789658287527234048,1789658287587091697,15,d4:bd:4f:a1:f4:51,CESI_HotSpot,-86.0,5180.0,12636
1789658283879364864,1789658287527234048,1789658287587091697,15,d4:bd:4f:a1:f4:52,CESI_Robots,-84.0,5180.0,12
1789658283879364864,1789658287527234048,1789658287587091697,15,d4:bd:4f:a1:f4:53,CESI_Recherche,-83.0,5180.0,12
1789658283879364864,1789658287527234048,1789658287587091697,15,d2:21:f9:1f:d3:97,Cepsup-Etudiants,-71.0,2412.0,12
1789658283879364864,1789658287527234048,1789658287587091697,15,d2:21:f9:2f:d3:97,,-72.0,2412.0,21128
1789658283879364864,1789658287527234048,1789658287587091697,15,d4:bd:4f:61:f4:54,CESI_Iot,-64.0,2447.0,29536
1789658283879364864,1789658287527234048,1789658287587091697,15,72:a7:41:22:25:ea,,-60.0,2462.0,12
1789658283879364864,1789658287527234048,1789658287587091697,15,d4:bd:4f:60:5d:92,CESI_Robots,-61.0,2462.0,21128
1789658283879364864,1789658287527234048,1789658287587091697,15,d4:bd:4f:60:5d:93,CESI_Recherche,-62.0,2462.0,21128
1789658283879364864,1789658287527234048,1789658287587091697,15,d0:21:f9:5f:b3:91,FGNE-Admin,-83.0,5220.0,12636
1789658283879364864,1789658287527234048,1789658287587091697,15,d2:21:f9:1f:b3:91,Cepsup-Etudiants,-83.0,5220.0,12636
1789658283879364864,1789658287527234048,1789658287587091697,15,d2:21:f9:2f:b3:91,,-85.0,5220.0,8408
1789658283879364864,1789658287527234048,1789658287587091697,15,d4:bd:4f:60:5d:94,CESI_Iot,-62.0,2462.0,21128
1789658283879364864,1789658287527234048,1789658287587091697,15,d4:bd:4f:60:5d:90,CESI_Corp,-62.0,2462.0,21128
1789658283879364864,1789658287527234048,1789658287587091697,15,d4:bd:4f:a0:8d:34,CESI_Iot,-81.0,5180.0,29536
1789658283879364864,1789658287527234048,1789658287587091697,15,7a:45:58:a8:a3:60,,-76.0,5180.0,12636
1789658283879364864,1789658287527234048,1789658287587091697,15,d4:bd:4f:a0:8d:31,CESI_HotSpot,-82.0,5180.0,29536
1789658283879364864,1789658287527234048,1789658287587091697,15,d4:bd:4f:a0:8d:32,CESI_Robots,-82.0,5180.0,29536
1789658283879364864,1789658287527234048,1789658287587091697,15,d4:bd:4f:a0:8d:33,CESI_Recherche,-83.0,5180.0,29536
1789658283879364864,1789658287527234048,1789658287587091697,15,94:b3:4f:7c:d6:a0,CESI_Corp,-66.0,2447.0,4220
1789658283879364864,1789658287527234048,1789658287587091697,15,94:b3:4f:7c:d6:a1,CESI_HotSpot,-65.0,2447.0,12636
1789658283879364864,1789658287527234048,1789658287587091697,15,94:b3:4f:7c:d6:a2,CESI_Robots,-66.0,2447.0,4220
1789658288090056960,1789658291727451136,1789658291784198748,16,02:91:9e:71:b0:15,poppy_net,-37.0,2412.0,0
1789658288090056960,1789658291727451136,1789658291784198748,16,32:0d:cb:9d:dd:f0,iPhone moe b,-43.0,2412.0,0
1789658288090056960,1789658291727451136,1789658291784198748,16,d4:bd:4f:61:91:30,CESI_Corp,-51.0,2462.0,0
1789658288090056960,1789658291727451136,1789658291784198748,16,d4:bd:4f:61:91:31,CESI_HotSpot,-58.0,2462.0,4204
1789658288090056960,1789658291727451136,1789658291784198748,16,d4:bd:4f:a1:d5:90,CESI_Corp,-49.0,5260.0,0
1789658288090056960,1789658291727451136,1789658291784198748,16,d4:bd:4f:a1:d5:91,CESI_HotSpot,-50.0,5260.0,0
1789658288090056960,1789658291727451136,1789658291784198748,16,d4:bd:4f:a1:d5:92,CESI_Robots,-49.0,5260.0,0
1789658288090056960,1789658291727451136,1789658291784198748,16,d4:bd:4f:a1:d5:93,CESI_Recherche,-50.0,5260.0,0
1789658288090056960,1789658291727451136,1789658291784198748,16,d4:bd:4f:a1:d5:94,CESI_Iot,-50.0,5260.0,0
1789658288090056960,1789658291727451136,1789658291784198748,16,d4:bd:4f:a1:a9:70,CESI_Corp,-60.0,5260.0,0
1789658288090056960,1789658291727451136,1789658291784198748,16,d4:bd:4f:a1:a9:71,CESI_HotSpot,-60.0,5260.0,0
1789658288090056960,1789658291727451136,1789658291784198748,16,d4:bd:4f:a1:a9:72,CESI_Robots,-60.0,5260.0,0
1789658288090056960,1789658291727451136,1789658291784198748,16,d4:bd:4f:a1:a9:73,CESI_Recherche,-60.0,5260.0,0
1789658288090056960,1789658291727451136,1789658291784198748,16,d4:bd:4f:a1:a9:74,CESI_Iot,-60.0,5260.0,0
1789658288090056960,1789658291727451136,1789658291784198748,16,d4:bd:4f:a0:5d:90,CESI_Corp,-64.0,5260.0,0
1789658288090056960,1789658291727451136,1789658291784198748,16,d4:bd:4f:a0:5d:91,CESI_HotSpot,-64.0,5260.0,0
1789658288090056960,1789658291727451136,1789658291784198748,16,d4:bd:4f:a0:5d:92,CESI_Robots,-64.0,5260.0,0
1789658288090056960,1789658291727451136,1789658291784198748,16,d4:bd:4f:a0:5d:93,CESI_Recherche,-64.0,5260.0,0
1789658288090056960,1789658291727451136,1789658291784198748,16,d4:bd:4f:a0:5d:94,CESI_Iot,-64.0,5260.0,0
1789658288090056960,1789658291727451136,1789658291784198748,16,7c:26:64:69:50:05,,-60.0,5320.0,0
1789658288090056960,1789658291727451136,1789658291784198748,16,d4:bd:4f:61:d5:91,CESI_HotSpot,-53.0,2462.0,4204
1789658288090056960,1789658291727451136,1789658291784198748,16,d4:bd:4f:61:91:32,CESI_Robots,-54.0,2462.0,0
1789658288090056960,1789658291727451136,1789658291784198748,16,d4:bd:4f:61:91:33,CESI_Recherche,-55.0,2462.0,0
1789658288090056960,1789658291727451136,1789658291784198748,16,d4:bd:4f:61:91:34,CESI_Iot,-53.0,2462.0,0
1789658288090056960,1789658291727451136,1789658291784198748,16,d4:bd:4f:a1:91:30,CESI_Corp,-59.0,5260.0,0
1789658288090056960,1789658291727451136,1789658291784198748,16,d4:bd:4f:a1:91:31,CESI_HotSpot,-59.0,5260.0,0
1789658288090056960,1789658291727451136,1789658291784198748,16,d4:bd:4f:a1:91:32,CESI_Robots,-59.0,5260.0,0
1789658288090056960,1789658291727451136,1789658291784198748,16,d4:bd:4f:a1:91:33,CESI_Recherche,-59.0,5260.0,0
1789658288090056960,1789658291727451136,1789658291784198748,16,d4:bd:4f:a1:91:34,CESI_Iot,-59.0,5260.0,0
1789658288090056960,1789658291727451136,1789658291784198748,16,d4:bd:4f:a0:d2:d0,CESI_Corp,-69.0,5260.0,0
1789658288090056960,1789658291727451136,1789658291784198748,16,d4:bd:4f:a0:d2:d1,CESI_HotSpot,-50.0,5260.0,0
1789658288090056960,1789658291727451136,1789658291784198748,16,d4:bd:4f:a0:d2:d2,CESI_Robots,-69.0,5260.0,0
1789658288090056960,1789658291727451136,1789658291784198748,16,d4:bd:4f:a0:d2:d3,CESI_Recherche,-69.0,5260.0,0
1789658288090056960,1789658291727451136,1789658291784198748,16,d4:bd:4f:a0:d2:d4,CESI_Iot,-69.0,5260.0,0
1789658288090056960,1789658291727451136,1789658291784198748,16,94:b3:4f:bc:d6:a2,CESI_Robots,-71.0,5180.0,0
1789658288090056960,1789658291727451136,1789658291784198748,16,94:b3:4f:bc:d6:a3,CESI_Recherche,-71.0,5180.0,0
1789658288090056960,1789658291727451136,1789658291784198748,16,94:b3:4f:bc:d6:a4,CESI_Iot,-71.0,5180.0,0
1789658288090056960,1789658291727451136,1789658291784198748,16,7a:45:58:98:a3:5f,Cepsup-Etudiants,-64.0,2437.0,0
1789658288090056960,1789658291727451136,1789658291784198748,16,94:b3:4f:bc:d6:a0,CESI_Corp,-72.0,5180.0,0
1789658288090056960,1789658291727451136,1789658291784198748,16,94:b3:4f:bc:d6:a1,CESI_HotSpot,-71.0,5180.0,0
1789658288090056960,1789658291727451136,1789658291784198748,16,78:45:58:d8:a3:5f,FGNE-Admin,-64.0,2437.0,0
1789658288090056960,1789658291727451136,1789658291784198748,16,7a:45:58:98:a3:60,Cepsup-Etudiants,-75.0,5180.0,8412
1789658288090056960,1789658291727451136,1789658291784198748,16,78:45:58:d8:a3:60,FGNE-Admin,-75.0,5180.0,8412
1789658288090056960,1789658291727451136,1789658291784198748,16,d4:bd:4f:61:d5:92,CESI_Robots,-57.0,2462.0,0
1789658288090056960,1789658291727451136,1789658291784198748,16,d4:bd:4f:61:d5:93,CESI_Recherche,-53.0,2462.0,0
1789658288090056960,1789658291727451136,1789658291784198748,16,7a:45:58:a8:a3:5f,,-65.0,2437.0,0
1789658288090056960,1789658291727451136,1789658291784198748,16,d4:bd:4f:60:d2:d0,CESI_Corp,-60.0,2462.0,12600
1789658288090056960,1789658291727451136,1789658291784198748,16,d4:bd:4f:61:a9:70,CESI_Corp,-53.0,2462.0,0
1789658288090056960,1789658291727451136,1789658291784198748,16,d4:bd:4f:61:d5:90,CESI_Corp,-53.0,2462.0,0
1789658288090056960,1789658291727451136,1789658291784198748,16,d4:bd:4f:61:a9:72,CESI_Robots,-53.0,2462.0,8412
1789658288090056960,1789658291727451136,1789658291784198748,16,d4:bd:4f:61:d5:94,CESI_Iot,-53.0,2462.0,4204
1789658288090056960,1789658291727451136,1789658291784198748,16,7c:26:64:69:50:04,,-52.0,2462.0,12600
1789658288090056960,1789658291727451136,1789658291784198748,16,d4:bd:4f:61:a9:73,CESI_Recherche,-49.0,2462.0,0
1789658288090056960,1789658291727451136,1789658291784198748,16,d4:bd:4f:61:a9:74,CESI_Iot,-48.0,2462.0,0
1789658288090056960,1789658291727451136,1789658291784198748,16,d4:bd:4f:61:a9:71,CESI_HotSpot,-64.0,2462.0,0
1789658288090056960,1789658291727451136,1789658291784198748,16,70:a7:41:72:25:eb,FGNE-Admin,-68.0,5220.0,0
1789658288090056960,1789658291727451136,1789658291784198748,16,72:a7:41:12:25:eb,Cepsup-Etudiants,-68.0,5220.0,0
1789658288090056960,1789658291727451136,1789658291784198748,16,d4:bd:4f:60:d2:d3,CESI_Recherche,-59.0,2462.0,12600
1789658288090056960,1789658291727451136,1789658291784198748,16,d4:bd:4f:60:d2:d4,CESI_Iot,-60.0,2462.0,12600
1789658288090056960,1789658291727451136,1789658291784198748,16,72:a7:41:22:25:eb,,-65.0,5220.0,16828
1789658288090056960,1789658291727451136,1789658291784198748,16,d4:bd:4f:60:d2:d2,CESI_Robots,-60.0,2462.0,12600
1789658288090056960,1789658291727451136,1789658291784198748,16,d2:21:f9:1f:d3:98,Cepsup-Etudiants,-83.0,5200.0,0
1789658288090056960,1789658291727451136,1789658291784198748,16,d0:21:f9:5f:d3:98,FGNE-Admin,-82.0,5200.0,0
1789658288090056960,1789658291727451136,1789658291784198748,16,d4:bd:4f:60:d2:d1,CESI_HotSpot,-68.0,2462.0,0
1789658288090056960,1789658291727451136,1789658291784198748,16,70:a7:41:72:25:ea,FGNE-Admin,-70.0,2462.0,0
1789658288090056960,1789658291727451136,1789658291784198748,16,d4:bd:4f:a1:f4:54,CESI_Iot,-81.0,5180.0,0
1789658288090056960,1789658291727451136,1789658291784198748,16,d2:21:f9:2f:d3:98,,-82.0,5200.0,16836
1789658288090056960,1789658291727451136,1789658291784198748,16,d0:21:f9:5f:d3:97,FGNE-Admin,-60.0,2412.0,21060
1789658288090056960,1789658291727451136,1789658291784198748,16,72:a7:41:12:25:ea,Cepsup-Etudiants,-68.0,2462.0,8
1789658288090056960,1789658291727451136,1789658291784198748,16,d4:bd:4f:a1:f4:50,CESI_Corp,-80.0,5180.0,8
1789658288090056960,1789658291727451136,1789658291784198748,16,d4:bd:4f:a1:f4:51,CESI_HotSpot,-81.0,5180.0,8
1789658288090056960,1789658291727451136,1789658291784198748,16,d4:bd:4f:a1:f4:52,CESI_Robots,-81.0,5180.0,8
1789658288090056960,1789658291727451136,1789658291784198748,16,d4:bd:4f:a1:f4:53,CESI_Recherche,-81.0,5180.0,8
1789658288090056960,1789658291727451136,1789658291784198748,16,d2:21:f9:1f:d3:97,Cepsup-Etudiants,-71.0,2412.0,4212
1789658288090056960,1789658291727451136,1789658291784198748,16,d2:21:f9:2f:d3:97,,-72.0,2412.0,25328
1789658288090056960,1789658291727451136,1789658291784198748,16,72:a7:41:22:25:ea,,-60.0,2462.0,4212
1789658288090056960,1789658291727451136,1789658291784198748,16,d4:bd:4f:60:5d:92,CESI_Robots,-63.0,2462.0,8
1789658288090056960,1789658291727451136,1789658291784198748,16,d4:bd:4f:60:5d:93,CESI_Recherche,-62.0,2462.0,25328
1789658288090056960,1789658291727451136,1789658291784198748,16,d0:21:f9:5f:b3:91,FGNE-Admin,-83.0,5220.0,16836
1789658288090056960,1789658291727451136,1789658291784198748,16,d2:21:f9:1f:b3:91,Cepsup-Etudiants,-83.0,5220.0,16836
1789658288090056960,1789658291727451136,1789658291784198748,16,d2:21:f9:2f:b3:91,,-85.0,5220.0,12608
1789658288090056960,1789658291727451136,1789658291784198748,16,d4:bd:4f:60:5d:94,CESI_Iot,-62.0,2462.0,25328
1789658288090056960,1789658291727451136,1789658291784198748,16,d4:bd:4f:60:5d:90,CESI_Corp,-65.0,2462.0,8
1789658288090056960,1789658291727451136,1789658291784198748,16,7a:45:58:a8:a3:60,,-76.0,5180.0,16836
1789658288090056960,1789658291727451136,1789658291784198748,16,94:b3:4f:7c:d6:a0,CESI_Corp,-66.0,2447.0,8420
1789658288090056960,1789658291727451136,1789658291784198748,16,94:b3:4f:7c:d6:a1,CESI_HotSpot,-65.0,2447.0,16836
1789658288090056960,1789658291727451136,1789658291784198748,16,94:b3:4f:7c:d6:a2,CESI_Robots,-66.0,2447.0,8420
1789658288090056960,1789658291727451136,1789658291784198748,16,d4:bd:4f:61:f4:50,CESI_Corp,-60.0,2447.0,8
1789658288090056960,1789658291727451136,1789658291784198748,16,2e:86:6a:89:ff:2c,\x00\x00\x00\x00\x00\x00\x00\x00\x00\x00\x00\x00\x00\x00\x00\x00,-83.0,5220.0,8
1789658292287975168,1789658295885008128,1789658295945208300,17,02:91:9e:71:b0:15,poppy_net,-39.0,2412.0,0
1789658292287975168,1789658295885008128,1789658295945208300,17,32:0d:cb:9d:dd:f0,iPhone moe b,-57.0,2412.0,0
1789658292287975168,1789658295885008128,1789658295945208300,17,d4:bd:4f:61:91:30,CESI_Corp,-51.0,2462.0,4160
1789658292287975168,1789658295885008128,1789658295945208300,17,d4:bd:4f:61:91:31,CESI_HotSpot,-58.0,2462.0,8364
1789658292287975168,1789658295885008128,1789658295945208300,17,d4:bd:4f:a1:d5:90,CESI_Corp,-47.0,5260.0,0
1789658292287975168,1789658295885008128,1789658295945208300,17,d4:bd:4f:a1:d5:91,CESI_HotSpot,-47.0,5260.0,0
1789658292287975168,1789658295885008128,1789658295945208300,17,d4:bd:4f:a1:d5:92,CESI_Robots,-47.0,5260.0,0
1789658292287975168,1789658295885008128,1789658295945208300,17,d4:bd:4f:a1:d5:93,CESI_Recherche,-46.0,5260.0,0
1789658292287975168,1789658295885008128,1789658295945208300,17,d4:bd:4f:a1:d5:94,CESI_Iot,-47.0,5260.0,0
1789658292287975168,1789658295885008128,1789658295945208300,17,d4:bd:4f:a1:a9:70,CESI_Corp,-60.0,5260.0,0
1789658292287975168,1789658295885008128,1789658295945208300,17,d4:bd:4f:a1:a9:71,CESI_HotSpot,-61.0,5260.0,0
1789658292287975168,1789658295885008128,1789658295945208300,17,d4:bd:4f:a1:a9:72,CESI_Robots,-61.0,5260.0,0
1789658292287975168,1789658295885008128,1789658295945208300,17,d4:bd:4f:a1:a9:73,CESI_Recherche,-60.0,5260.0,0
1789658292287975168,1789658295885008128,1789658295945208300,17,d4:bd:4f:a1:a9:74,CESI_Iot,-61.0,5260.0,0
1789658292287975168,1789658295885008128,1789658295945208300,17,d4:bd:4f:a0:5d:90,CESI_Corp,-63.0,5260.0,0
1789658292287975168,1789658295885008128,1789658295945208300,17,d4:bd:4f:a0:5d:91,CESI_HotSpot,-63.0,5260.0,0
1789658292287975168,1789658295885008128,1789658295945208300,17,d4:bd:4f:a0:5d:92,CESI_Robots,-63.0,5260.0,0
1789658292287975168,1789658295885008128,1789658295945208300,17,d4:bd:4f:a0:5d:93,CESI_Recherche,-63.0,5260.0,0
1789658292287975168,1789658295885008128,1789658295945208300,17,d4:bd:4f:a0:5d:94,CESI_Iot,-63.0,5260.0,0
1789658292287975168,1789658295885008128,1789658295945208300,17,7c:26:64:69:50:05,,-61.0,5320.0,0
1789658292287975168,1789658295885008128,1789658295945208300,17,d4:bd:4f:61:d5:91,CESI_HotSpot,-45.0,2462.0,0
1789658292287975168,1789658295885008128,1789658295945208300,17,d4:bd:4f:61:91:32,CESI_Robots,-54.0,2462.0,4160
1789658292287975168,1789658295885008128,1789658295945208300,17,d4:bd:4f:61:91:33,CESI_Recherche,-55.0,2462.0,4160
1789658292287975168,1789658295885008128,1789658295945208300,17,d4:bd:4f:61:91:34,CESI_Iot,-53.0,2462.0,4160
1789658292287975168,1789658295885008128,1789658295945208300,17,d4:bd:4f:a1:91:30,CESI_Corp,-63.0,5260.0,0
1789658292287975168,1789658295885008128,1789658295945208300,17,d4:bd:4f:a1:91:31,CESI_HotSpot,-62.0,5260.0,0
1789658292287975168,1789658295885008128,1789658295945208300,17,d4:bd:4f:a1:91:32,CESI_Robots,-62.0,5260.0,0
1789658292287975168,1789658295885008128,1789658295945208300,17,d4:bd:4f:a1:91:33,CESI_Recherche,-62.0,5260.0,0
1789658292287975168,1789658295885008128,1789658295945208300,17,d4:bd:4f:a1:91:34,CESI_Iot,-62.0,5260.0,0
1789658292287975168,1789658295885008128,1789658295945208300,17,d4:bd:4f:a0:d2:d0,CESI_Corp,-69.0,5260.0,4160
1789658292287975168,1789658295885008128,1789658295945208300,17,d4:bd:4f:a0:d2:d1,CESI_HotSpot,-70.0,5260.0,0
1789658292287975168,1789658295885008128,1789658295945208300,17,d4:bd:4f:a0:d2:d2,CESI_Robots,-70.0,5260.0,0
1789658292287975168,1789658295885008128,1789658295945208300,17,d4:bd:4f:a0:d2:d3,CESI_Recherche,-70.0,5260.0,0
1789658292287975168,1789658295885008128,1789658295945208300,17,d4:bd:4f:a0:d2:d4,CESI_Iot,-70.0,5260.0,0
1789658292287975168,1789658295885008128,1789658295945208300,17,94:b3:4f:bc:d6:a2,CESI_Robots,-71.0,5180.0,0
1789658292287975168,1789658295885008128,1789658295945208300,17,94:b3:4f:bc:d6:a3,CESI_Recherche,-72.0,5180.0,0
1789658292287975168,1789658295885008128,1789658295945208300,17,94:b3:4f:bc:d6:a4,CESI_Iot,-72.0,5180.0,0
1789658292287975168,1789658295885008128,1789658295945208300,17,7a:45:58:98:a3:5f,Cepsup-Etudiants,-70.0,2437.0,0
1789658292287975168,1789658295885008128,1789658295945208300,17,94:b3:4f:bc:d6:a0,CESI_Corp,-71.0,5180.0,0
1789658292287975168,1789658295885008128,1789658295945208300,17,94:b3:4f:bc:d6:a1,CESI_HotSpot,-72.0,5180.0,0
1789658292287975168,1789658295885008128,1789658295945208300,17,78:45:58:d8:a3:5f,FGNE-Admin,-69.0,2437.0,0
1789658292287975168,1789658295885008128,1789658295945208300,17,7a:45:58:98:a3:60,Cepsup-Etudiants,-76.0,5180.0,0
1789658292287975168,1789658295885008128,1789658295945208300,17,78:45:58:d8:a3:60,FGNE-Admin,-74.0,5180.0,0
1789658292287975168,1789658295885008128,1789658295945208300,17,d4:bd:4f:61:d5:92,CESI_Robots,-47.0,2462.0,0
1789658292287975168,1789658295885008128,1789658295945208300,17,d4:bd:4f:61:d5:93,CESI_Recherche,-47.0,2462.0,0
1789658292287975168,1789658295885008128,1789658295945208300,17,7a:45:58:a8:a3:5f,,-65.0,2437.0,4160
1789658292287975168,1789658295885008128,1789658295945208300,17,d4:bd:4f:60:d2:d0,CESI_Corp,-60.0,2462.0,16760
1789658292287975168,1789658295885008128,1789658295945208300,17,d4:bd:4f:61:a9:70,CESI_Corp,-53.0,2462.0,4160
1789658292287975168,1789658295885008128,1789658295945208300,17,d4:bd:4f:61:d5:90,CESI_Corp,-47.0,2462.0,0
1789658292287975168,1789658295885008128,1789658295945208300,17,d4:bd:4f:61:a9:72,CESI_Robots,-53.0,2462.0,12572
1789658292287975168,1789658295885008128,1789658295945208300,17,d4:bd:4f:61:d5:94,CESI_Iot,-47.0,2462.0,0
1789658292287975168,1789658295885008128,1789658295945208300,17,7c:26:64:69:50:04,,-52.0,2462.0,16760
1789658292287975168,1789658295885008128,1789658295945208300,17,d4:bd:4f:61:a9:73,CESI_Recherche,-51.0,2462.0,0
1789658292287975168,1789658295885008128,1789658295945208300,17,d4:bd:4f:61:a9:74,CESI_Iot,-48.0,2462.0,4160
1789658292287975168,1789658295885008128,1789658295945208300,17,d4:bd:4f:61:a9:71,CESI_HotSpot,-49.0,2462.0,0
1789658292287975168,1789658295885008128,1789658295945208300,17,70:a7:41:72:25:eb,FGNE-Admin,-70.0,5220.0,0
1789658292287975168,1789658295885008128,1789658295945208300,17,72:a7:41:12:25:eb,Cepsup-Etudiants,-70.0,5220.0,0
1789658292287975168,1789658295885008128,1789658295945208300,17,d4:bd:4f:60:d2:d3,CESI_Recherche,-59.0,2462.0,16760
1789658292287975168,1789658295885008128,1789658295945208300,17,d4:bd:4f:60:d2:d4,CESI_Iot,-60.0,2462.0,16760
1789658292287975168,1789658295885008128,1789658295945208300,17,72:a7:41:22:25:eb,,-65.0,5220.0,20988
1789658292287975168,1789658295885008128,1789658295945208300,17,d4:bd:4f:60:d2:d2,CESI_Robots,-60.0,2462.0,16760
1789658292287975168,1789658295885008128,1789658295945208300,17,d2:21:f9:1f:d3:98,Cepsup-Etudiants,-83.0,5200.0,4160
1789658292287975168,1789658295885008128,1789658295945208300,17,d0:21:f9:5f:d3:98,FGNE-Admin,-82.0,5200.0,4160
1789658292287975168,1789658295885008128,1789658295945208300,17,d4:bd:4f:60:d2:d1,CESI_HotSpot,-68.0,2462.0,4160
1789658292287975168,1789658295885008128,1789658295945208300,17,70:a7:41:72:25:ea,FGNE-Admin,-63.0,2462.0,0
1789658292287975168,1789658295885008128,1789658295945208300,17,d4:bd:4f:a1:f4:54,CESI_Iot,-83.0,5180.0,0
1789658292287975168,1789658295885008128,1789658295945208300,17,d2:21:f9:2f:d3:98,,-82.0,5200.0,20992
1789658292287975168,1789658295885008128,1789658295945208300,17,d0:21:f9:5f:d3:97,FGNE-Admin,-60.0,2412.0,25216
1789658292287975168,1789658295885008128,1789658295945208300,17,72:a7:41:12:25:ea,Cepsup-Etudiants,-59.0,2462.0,4
1789658292287975168,1789658295885008128,1789658295945208300,17,d4:bd:4f:a1:f4:50,CESI_Corp,-80.0,5180.0,4164
1789658292287975168,1789658295885008128,1789658295945208300,17,d4:bd:4f:a1:f4:51,CESI_HotSpot,-81.0,5180.0,4164
1789658292287975168,1789658295885008128,1789658295945208300,17,d4:bd:4f:a1:f4:52,CESI_Robots,-81.0,5180.0,4
1789658292287975168,1789658295885008128,1789658295945208300,17,d4:bd:4f:a1:f4:53,CESI_Recherche,-81.0,5180.0,4164
1789658292287975168,1789658295885008128,1789658295945208300,17,d2:21:f9:1f:d3:97,Cepsup-Etudiants,-71.0,2412.0,8368
1789658292287975168,1789658295885008128,1789658295945208300,17,d2:21:f9:2f:d3:97,,-72.0,2412.0,29484
1789658292287975168,1789658295885008128,1789658295945208300,17,72:a7:41:22:25:ea,,-59.0,2462.0,4
1789658292287975168,1789658295885008128,1789658295945208300,17,d4:bd:4f:60:5d:92,CESI_Robots,-63.0,2462.0,4164
1789658292287975168,1789658295885008128,1789658295945208300,17,d4:bd:4f:60:5d:93,CESI_Recherche,-62.0,2462.0,29484
1789658292287975168,1789658295885008128,1789658295945208300,17,d0:21:f9:5f:b3:91,FGNE-Admin,-83.0,5220.0,20992
1789658292287975168,1789658295885008128,1789658295945208300,17,d2:21:f9:1f:b3:91,Cepsup-Etudiants,-83.0,5220.0,20992
1789658292287975168,1789658295885008128,1789658295945208300,17,d2:21:f9:2f:b3:91,,-85.0,5220.0,16764
1789658292287975168,1789658295885008128,1789658295945208300,17,d4:bd:4f:60:5d:94,CESI_Iot,-68.0,2462.0,4
1789658292287975168,1789658295885008128,1789658295945208300,17,d4:bd:4f:60:5d:90,CESI_Corp,-65.0,2462.0,4164
1789658292287975168,1789658295885008128,1789658295945208300,17,7a:45:58:a8:a3:60,,-76.0,5180.0,20992
1789658292287975168,1789658295885008128,1789658295945208300,17,94:b3:4f:7c:d6:a0,CESI_Corp,-66.0,2447.0,12576
1789658292287975168,1789658295885008128,1789658295945208300,17,94:b3:4f:7c:d6:a1,CESI_HotSpot,-65.0,2447.0,20992
1789658292287975168,1789658295885008128,1789658295945208300,17,94:b3:4f:7c:d6:a2,CESI_Robots,-66.0,2447.0,12576
1789658292287975168,1789658295885008128,1789658295945208300,17,d4:bd:4f:61:f4:50,CESI_Corp,-60.0,2447.0,4164
1789658292287975168,1789658295885008128,1789658295945208300,17,2e:86:6a:89:ff:2c,\x00\x00\x00\x00\x00\x00\x00\x00\x00\x00\x00\x00\x00\x00\x00\x00,-83.0,5220.0,4164
1789658296448132864,1789658300009618944,1789658300069035638,18,02:91:9e:71:b0:15,poppy_net,-36.0,2412.0,0
1789658296448132864,1789658300009618944,1789658300069035638,18,32:0d:cb:9d:dd:f0,iPhone moe b,-46.0,2412.0,0
1789658296448132864,1789658300009618944,1789658300069035638,18,d4:bd:4f:61:91:30,CESI_Corp,-54.0,2462.0,0
1789658296448132864,1789658300009618944,1789658300069035638,18,d4:bd:4f:61:91:31,CESI_HotSpot,-52.0,2462.0,0
1789658296448132864,1789658300009618944,1789658300069035638,18,d4:bd:4f:a1:d5:90,CESI_Corp,-51.0,5260.0,0
1789658296448132864,1789658300009618944,1789658300069035638,18,d4:bd:4f:a1:d5:91,CESI_HotSpot,-51.0,5260.0,0
1789658296448132864,1789658300009618944,1789658300069035638,18,d4:bd:4f:a1:d5:92,CESI_Robots,-51.0,5260.0,0
1789658296448132864,1789658300009618944,1789658300069035638,18,d4:bd:4f:a1:d5:93,CESI_Recherche,-51.0,5260.0,0
1789658296448132864,1789658300009618944,1789658300069035638,18,d4:bd:4f:a1:d5:94,CESI_Iot,-53.0,5260.0,0
1789658296448132864,1789658300009618944,1789658300069035638,18,d4:bd:4f:a1:a9:70,CESI_Corp,-62.0,5260.0,0
1789658296448132864,1789658300009618944,1789658300069035638,18,d4:bd:4f:a1:a9:71,CESI_HotSpot,-63.0,5260.0,0
1789658296448132864,1789658300009618944,1789658300069035638,18,d4:bd:4f:a1:a9:72,CESI_Robots,-63.0,5260.0,0
1789658296448132864,1789658300009618944,1789658300069035638,18,d4:bd:4f:a1:a9:73,CESI_Recherche,-63.0,5260.0,0
1789658296448132864,1789658300009618944,1789658300069035638,18,d4:bd:4f:a1:a9:74,CESI_Iot,-63.0,5260.0,0
1789658296448132864,1789658300009618944,1789658300069035638,18,d4:bd:4f:a0:5d:90,CESI_Corp,-63.0,5260.0,4128
1789658296448132864,1789658300009618944,1789658300069035638,18,d4:bd:4f:a0:5d:91,CESI_HotSpot,-63.0,5260.0,4128
1789658296448132864,1789658300009618944,1789658300069035638,18,d4:bd:4f:a0:5d:92,CESI_Robots,-61.0,5260.0,0
1789658296448132864,1789658300009618944,1789658300069035638,18,d4:bd:4f:a0:5d:93,CESI_Recherche,-62.0,5260.0,0
1789658296448132864,1789658300009618944,1789658300069035638,18,d4:bd:4f:a0:5d:94,CESI_Iot,-62.0,5260.0,0
1789658296448132864,1789658300009618944,1789658300069035638,18,7c:26:64:69:50:05,,-57.0,5320.0,0
1789658296448132864,1789658300009618944,1789658300069035638,18,d4:bd:4f:61:d5:91,CESI_HotSpot,-46.0,2462.0,0
1789658296448132864,1789658300009618944,1789658300069035638,18,d4:bd:4f:61:91:32,CESI_Robots,-52.0,2462.0,0
1789658296448132864,1789658300009618944,1789658300069035638,18,d4:bd:4f:61:91:33,CESI_Recherche,-52.0,2462.0,0
1789658296448132864,1789658300009618944,1789658300069035638,18,d4:bd:4f:61:91:34,CESI_Iot,-52.0,2462.0,0
1789658296448132864,1789658300009618944,1789658300069035638,18,d4:bd:4f:a1:91:30,CESI_Corp,-60.0,5260.0,0
1789658296448132864,1789658300009618944,1789658300069035638,18,d4:bd:4f:a1:91:31,CESI_HotSpot,-60.0,5260.0,0
1789658296448132864,1789658300009618944,1789658300069035638,18,d4:bd:4f:a1:91:32,CESI_Robots,-60.0,5260.0,0
1789658296448132864,1789658300009618944,1789658300069035638,18,d4:bd:4f:a1:91:33,CESI_Recherche,-60.0,5260.0,0
1789658296448132864,1789658300009618944,1789658300069035638,18,d4:bd:4f:a1:91:34,CESI_Iot,-60.0,5260.0,0
1789658296448132864,1789658300009618944,1789658300069035638,18,d4:bd:4f:a0:d2:d0,CESI_Corp,-68.0,5260.0,0
1789658296448132864,1789658300009618944,1789658300069035638,18,d4:bd:4f:a0:d2:d1,CESI_HotSpot,-68.0,5260.0,0
1789658296448132864,1789658300009618944,1789658300069035638,18,d4:bd:4f:a0:d2:d2,CESI_Robots,-70.0,5260.0,4128
1789658296448132864,1789658300009618944,1789658300069035638,18,d4:bd:4f:a0:d2:d3,CESI_Recherche,-68.0,5260.0,0
1789658296448132864,1789658300009618944,1789658300069035638,18,d4:bd:4f:a0:d2:d4,CESI_Iot,-68.0,5260.0,0
1789658296448132864,1789658300009618944,1789658300069035638,18,94:b3:4f:bc:d6:a2,CESI_Robots,-73.0,5180.0,0
1789658296448132864,1789658300009618944,1789658300069035638,18,94:b3:4f:bc:d6:a3,CESI_Recherche,-73.0,5180.0,0
1789658296448132864,1789658300009618944,1789658300069035638,18,94:b3:4f:bc:d6:a4,CESI_Iot,-73.0,5180.0,0
1789658296448132864,1789658300009618944,1789658300069035638,18,7a:45:58:98:a3:5f,Cepsup-Etudiants,-70.0,2437.0,4128
1789658296448132864,1789658300009618944,1789658300069035638,18,94:b3:4f:bc:d6:a0,CESI_Corp,-72.0,5180.0,0
1789658296448132864,1789658300009618944,1789658300069035638,18,94:b3:4f:bc:d6:a1,CESI_HotSpot,-72.0,5180.0,0
1789658296448132864,1789658300009618944,1789658300069035638,18,78:45:58:d8:a3:5f,FGNE-Admin,-69.0,2437.0,0
1789658296448132864,1789658300009618944,1789658300069035638,18,7a:45:58:98:a3:60,Cepsup-Etudiants,-78.0,5180.0,0
1789658296448132864,1789658300009618944,1789658300069035638,18,78:45:58:d8:a3:60,FGNE-Admin,-79.0,5180.0,0
1789658296448132864,1789658300009618944,1789658300069035638,18,d4:bd:4f:61:d5:92,CESI_Robots,-48.0,2462.0,0
1789658296448132864,1789658300009618944,1789658300069035638,18,d4:bd:4f:61:d5:93,CESI_Recherche,-49.0,2462.0,0
1789658296448132864,1789658300009618944,1789658300069035638,18,7a:45:58:a8:a3:5f,,-65.0,2437.0,8288
1789658296448132864,1789658300009618944,1789658300069035638,18,d4:bd:4f:60:d2:d0,CESI_Corp,-60.0,2462.0,20888
1789658296448132864,1789658300009618944,1789658300069035638,18,d4:bd:4f:61:a9:70,CESI_Corp,-59.0,2462.0,0
1789658296448132864,1789658300009618944,1789658300069035638,18,d4:bd:4f:61:d5:90,CESI_Corp,-46.0,2462.0,0
1789658296448132864,1789658300009618944,1789658300069035638,18,d4:bd:4f:61:a9:72,CESI_Robots,-53.0,2462.0,16700
1789658296448132864,1789658300009618944,1789658300069035638,18,d4:bd:4f:61:d5:94,CESI_Iot,-47.0,2462.0,0
1789658296448132864,1789658300009618944,1789658300069035638,18,7c:26:64:69:50:04,,-56.0,2462.0,0
1789658296448132864,1789658300009618944,1789658300069035638,18,d4:bd:4f:61:a9:73,CESI_Recherche,-51.0,2462.0,4128
1789658296448132864,1789658300009618944,1789658300069035638,18,d4:bd:4f:61:a9:74,CESI_Iot,-48.0,2462.0,8288
1789658296448132864,1789658300009618944,1789658300069035638,18,d4:bd:4f:61:a9:71,CESI_HotSpot,-59.0,2462.0,0
1789658296448132864,1789658300009618944,1789658300069035638,18,70:a7:41:72:25:eb,FGNE-Admin,-71.0,5220.0,0
1789658296448132864,1789658300009618944,1789658300069035638,18,72:a7:41:12:25:eb,Cepsup-Etudiants,-71.0,5220.0,0
1789658296448132864,1789658300009618944,1789658300069035638,18,d4:bd:4f:60:d2:d3,CESI_Recherche,-59.0,2462.0,20888
1789658296448132864,1789658300009618944,1789658300069035638,18,d4:bd:4f:60:d2:d4,CESI_Iot,-60.0,2462.0,20888
1789658296448132864,1789658300009618944,1789658300069035638,18,72:a7:41:22:25:eb,,-72.0,5220.0,0
1789658296448132864,1789658300009618944,1789658300069035638,18,d4:bd:4f:60:d2:d2,CESI_Robots,-60.0,2462.0,20888
1789658296448132864,1789658300009618944,1789658300069035638,18,d2:21:f9:1f:d3:98,Cepsup-Etudiants,-87.0,5200.0,0
1789658296448132864,1789658300009618944,1789658300069035638,18,d0:21:f9:5f:d3:98,FGNE-Admin,-88.0,5200.0,0
1789658296448132864,1789658300009618944,1789658300069035638,18,d4:bd:4f:60:d2:d1,CESI_HotSpot,-68.0,2462.0,8288
1789658296448132864,1789658300009618944,1789658300069035638,18,70:a7:41:72:25:ea,FGNE-Admin,-63.0,2462.0,4128
1789658296448132864,1789658300009618944,1789658300069035638,18,d4:bd:4f:a1:f4:54,CESI_Iot,-82.0,5180.0,0
1789658296448132864,1789658300009618944,1789658300069035638,18,d2:21:f9:2f:d3:98,,-89.0,5200.0,4
1789658296448132864,1789658300009618944,1789658300069035638,18,d0:21:f9:5f:d3:97,FGNE-Admin,-60.0,2412.0,29344
1789658296448132864,1789658300009618944,1789658300069035638,18,72:a7:41:12:25:ea,Cepsup-Etudiants,-59.0,2462.0,4132
1789658296448132864,1789658300009618944,1789658300069035638,18,d4:bd:4f:a1:f4:50,CESI_Corp,-81.0,5180.0,4
1789658296448132864,1789658300009618944,1789658300069035638,18,d4:bd:4f:a1:f4:51,CESI_HotSpot,-82.0,5180.0,4
1789658296448132864,1789658300009618944,1789658300069035638,18,d4:bd:4f:a1:f4:52,CESI_Robots,-82.0,5180.0,4
1789658296448132864,1789658300009618944,1789658300069035638,18,d4:bd:4f:a1:f4:53,CESI_Recherche,-81.0,5180.0,4
1789658296448132864,1789658300009618944,1789658300069035638,18,d2:21:f9:1f:d3:97,Cepsup-Etudiants,-71.0,2412.0,12496
1789658296448132864,1789658300009618944,1789658300069035638,18,72:a7:41:22:25:ea,,-59.0,2462.0,4132
1789658296448132864,1789658300009618944,1789658300069035638,18,d4:bd:4f:60:5d:92,CESI_Robots,-63.0,2462.0,8292
1789658296448132864,1789658300009618944,1789658300069035638,18,d0:21:f9:5f:b3:91,FGNE-Admin,-83.0,5220.0,25120
1789658296448132864,1789658300009618944,1789658300069035638,18,d2:21:f9:1f:b3:91,Cepsup-Etudiants,-89.0,5220.0,4
1789658296448132864,1789658300009618944,1789658300069035638,18,d2:21:f9:2f:b3:91,,-88.0,5220.0,4
1789658296448132864,1789658300009618944,1789658300069035638,18,d4:bd:4f:60:5d:94,CESI_Iot,-68.0,2462.0,4132
1789658296448132864,1789658300009618944,1789658300069035638,18,d4:bd:4f:60:5d:90,CESI_Corp,-65.0,2462.0,8292
1789658296448132864,1789658300009618944,1789658300069035638,18,7a:45:58:a8:a3:60,,-76.0,5180.0,25120
1789658296448132864,1789658300009618944,1789658300069035638,18,94:b3:4f:7c:d6:a0,CESI_Corp,-66.0,2447.0,16704
1789658296448132864,1789658300009618944,1789658300069035638,18,94:b3:4f:7c:d6:a1,CESI_HotSpot,-65.0,2447.0,25120
1789658296448132864,1789658300009618944,1789658300069035638,18,94:b3:4f:7c:d6:a2,CESI_Robots,-66.0,2447.0,16704
1789658296448132864,1789658300009618944,1789658300069035638,18,d4:bd:4f:61:f4:50,CESI_Corp,-60.0,2447.0,8292
1789658296448132864,1789658300009618944,1789658300069035638,18,2e:86:6a:89:ff:2c,\x00\x00\x00\x00\x00\x00\x00\x00\x00\x00\x00\x00\x00\x00\x00\x00,-83.0,5220.0,8292
1789658300572163072,1789658304192243200,1789658304248663475,19,02:91:9e:71:b0:15,poppy_net,-36.0,2412.0,0
1789658300572163072,1789658304192243200,1789658304248663475,19,32:0d:cb:9d:dd:f0,iPhone moe b,-43.0,2412.0,0
1789658300572163072,1789658304192243200,1789658304248663475,19,d4:bd:4f:61:91:30,CESI_Corp,-52.0,2462.0,0
1789658300572163072,1789658304192243200,1789658304248663475,19,d4:bd:4f:61:91:31,CESI_HotSpot,-52.0,2462.0,0
1789658300572163072,1789658304192243200,1789658304248663475,19,d4:bd:4f:a1:d5:90,CESI_Corp,-50.0,5260.0,0
1789658300572163072,1789658304192243200,1789658304248663475,19,d4:bd:4f:a1:d5:91,CESI_HotSpot,-50.0,5260.0,0
1789658300572163072,1789658304192243200,1789658304248663475,19,d4:bd:4f:a1:d5:92,CESI_Robots,-50.0,5260.0,0
1789658300572163072,1789658304192243200,1789658304248663475,19,d4:bd:4f:a1:d5:93,CESI_Recherche,-50.0,5260.0,0
1789658300572163072,1789658304192243200,1789658304248663475,19,d4:bd:4f:a1:d5:94,CESI_Iot,-50.0,5260.0,0
1789658300572163072,1789658304192243200,1789658304248663475,19,d4:bd:4f:a1:a9:70,CESI_Corp,-64.0,5260.0,0
1789658300572163072,1789658304192243200,1789658304248663475,19,d4:bd:4f:a1:a9:71,CESI_HotSpot,-62.0,5260.0,0
1789658300572163072,1789658304192243200,1789658304248663475,19,d4:bd:4f:a1:a9:72,CESI_Robots,-62.0,5260.0,0
1789658300572163072,1789658304192243200,1789658304248663475,19,d4:bd:4f:a1:a9:73,CESI_Recherche,-61.0,5260.0,0
1789658300572163072,1789658304192243200,1789658304248663475,19,d4:bd:4f:a1:a9:74,CESI_Iot,-61.0,5260.0,0
1789658300572163072,1789658304192243200,1789658304248663475,19,d4:bd:4f:a0:5d:90,CESI_Corp,-70.0,5260.0,0
1789658300572163072,1789658304192243200,1789658304248663475,19,d4:bd:4f:a0:5d:91,CESI_HotSpot,-70.0,5260.0,0
1789658300572163072,1789658304192243200,1789658304248663475,19,d4:bd:4f:a0:5d:92,CESI_Robots,-70.0,5260.0,0
1789658300572163072,1789658304192243200,1789658304248663475,19,d4:bd:4f:a0:5d:93,CESI_Recherche,-67.0,5260.0,0
1789658300572163072,1789658304192243200,1789658304248663475,19,d4:bd:4f:a0:5d:94,CESI_Iot,-69.0,5260.0,0
1789658300572163072,1789658304192243200,1789658304248663475,19,7c:26:64:69:50:05,,-58.0,5320.0,0
1789658300572163072,1789658304192243200,1789658304248663475,19,d4:bd:4f:61:d5:91,CESI_HotSpot,-58.0,2462.0,0
1789658300572163072,1789658304192243200,1789658304248663475,19,d4:bd:4f:61:91:32,CESI_Robots,-52.0,2462.0,0
1789658300572163072,1789658304192243200,1789658304248663475,19,d4:bd:4f:61:91:33,CESI_Recherche,-52.0,2462.0,0
1789658300572163072,1789658304192243200,1789658304248663475,19,d4:bd:4f:61:91:34,CESI_Iot,-52.0,2462.0,0
1789658300572163072,1789658304192243200,1789658304248663475,19,d4:bd:4f:a1:91:30,CESI_Corp,-62.0,5260.0,0
1789658300572163072,1789658304192243200,1789658304248663475,19,d4:bd:4f:a1:91:31,CESI_HotSpot,-61.0,5260.0,0
1789658300572163072,1789658304192243200,1789658304248663475,19,d4:bd:4f:a1:91:32,CESI_Robots,-61.0,5260.0,0
1789658300572163072,1789658304192243200,1789658304248663475,19,d4:bd:4f:a1:91:33,CESI_Recherche,-61.0,5260.0,0
1789658300572163072,1789658304192243200,1789658304248663475,19,d4:bd:4f:a1:91:34,CESI_Iot,-60.0,5260.0,0
1789658300572163072,1789658304192243200,1789658304248663475,19,d4:bd:4f:a0:d2:d0,CESI_Corp,-74.0,5260.0,0
1789658300572163072,1789658304192243200,1789658304248663475,19,d4:bd:4f:a0:d2:d1,CESI_HotSpot,-74.0,5260.0,0
1789658300572163072,1789658304192243200,1789658304248663475,19,d4:bd:4f:a0:d2:d2,CESI_Robots,-70.0,5260.0,8304
1789658300572163072,1789658304192243200,1789658304248663475,19,d4:bd:4f:a0:d2:d3,CESI_Recherche,-73.0,5260.0,0
1789658300572163072,1789658304192243200,1789658304248663475,19,d4:bd:4f:a0:d2:d4,CESI_Iot,-73.0,5260.0,0
1789658300572163072,1789658304192243200,1789658304248663475,19,94:b3:4f:bc:d6:a2,CESI_Robots,-73.0,5180.0,0
1789658300572163072,1789658304192243200,1789658304248663475,19,94:b3:4f:bc:d6:a3,CESI_Recherche,-74.0,5180.0,0
1789658300572163072,1789658304192243200,1789658304248663475,19,94:b3:4f:bc:d6:a4,CESI_Iot,-73.0,5180.0,0
1789658300572163072,1789658304192243200,1789658304248663475,19,7a:45:58:98:a3:5f,Cepsup-Etudiants,-68.0,2437.0,0
1789658300572163072,1789658304192243200,1789658304248663475,19,94:b3:4f:bc:d6:a0,CESI_Corp,-74.0,5180.0,0
1789658300572163072,1789658304192243200,1789658304248663475,19,94:b3:4f:bc:d6:a1,CESI_HotSpot,-73.0,5180.0,0
1789658300572163072,1789658304192243200,1789658304248663475,19,78:45:58:d8:a3:5f,FGNE-Admin,-70.0,2437.0,0
1789658300572163072,1789658304192243200,1789658304248663475,19,7a:45:58:98:a3:60,Cepsup-Etudiants,-78.0,5180.0,4176
1789658300572163072,1789658304192243200,1789658304248663475,19,78:45:58:d8:a3:60,FGNE-Admin,-79.0,5180.0,4176
1789658300572163072,1789658304192243200,1789658304248663475,19,d4:bd:4f:61:d5:92,CESI_Robots,-48.0,2462.0,4176
1789658300572163072,1789658304192243200,1789658304248663475,19,d4:bd:4f:61:d5:93,CESI_Recherche,-49.0,2462.0,0
1789658300572163072,1789658304192243200,1789658304248663475,19,7a:45:58:a8:a3:5f,,-63.0,2437.0,0
1789658300572163072,1789658304192243200,1789658304248663475,19,d4:bd:4f:60:d2:d0,CESI_Corp,-60.0,2462.0,25064
1789658300572163072,1789658304192243200,1789658304248663475,19,d4:bd:4f:61:a9:70,CESI_Corp,-50.0,2462.0,0
1789658300572163072,1789658304192243200,1789658304248663475,19,d4:bd:4f:61:d5:90,CESI_Corp,-56.0,2462.0,0
1789658300572163072,1789658304192243200,1789658304248663475,19,d4:bd:4f:61:a9:72,CESI_Robots,-50.0,2462.0,0
1789658300572163072,1789658304192243200,1789658304248663475,19,d4:bd:4f:61:d5:94,CESI_Iot,-49.0,2462.0,0
1789658300572163072,1789658304192243200,1789658304248663475,19,7c:26:64:69:50:04,,-56.0,2462.0,4176
1789658300572163072,1789658304192243200,1789658304248663475,19,d4:bd:4f:61:a9:73,CESI_Recherche,-50.0,2462.0,0
1789658300572163072,1789658304192243200,1789658304248663475,19,d4:bd:4f:61:a9:74,CESI_Iot,-51.0,2462.0,0
1789658300572163072,1789658304192243200,1789658304248663475,19,d4:bd:4f:61:a9:71,CESI_HotSpot,-51.0,2462.0,0
1789658300572163072,1789658304192243200,1789658304248663475,19,70:a7:41:72:25:eb,FGNE-Admin,-72.0,5220.0,0
1789658300572163072,1789658304192243200,1789658304248663475,19,72:a7:41:12:25:eb,Cepsup-Etudiants,-72.0,5220.0,0
1789658300572163072,1789658304192243200,1789658304248663475,19,d4:bd:4f:60:d2:d3,CESI_Recherche,-59.0,2462.0,25064
1789658300572163072,1789658304192243200,1789658304248663475,19,d4:bd:4f:60:d2:d4,CESI_Iot,-60.0,2462.0,25064
1789658300572163072,1789658304192243200,1789658304248663475,19,72:a7:41:22:25:eb,,-72.0,5220.0,4176
1789658300572163072,1789658304192243200,1789658304248663475,19,d4:bd:4f:60:d2:d2,CESI_Robots,-60.0,2462.0,25064
1789658300572163072,1789658304192243200,1789658304248663475,19,d2:21:f9:1f:d3:98,Cepsup-Etudiants,-87.0,5200.0,4176
1789658300572163072,1789658304192243200,1789658304248663475,19,d0:21:f9:5f:d3:98,FGNE-Admin,-88.0,5200.0,4176
1789658300572163072,1789658304192243200,1789658304248663475,19,d4:bd:4f:60:d2:d1,CESI_HotSpot,-68.0,2462.0,12464
1789658300572163072,1789658304192243200,1789658304248663475,19,70:a7:41:72:25:ea,FGNE-Admin,-63.0,2462.0,8304
1789658300572163072,1789658304192243200,1789658304248663475,19,d4:bd:4f:a1:f4:54,CESI_Iot,-82.0,5180.0,0
1789658300572163072,1789658304192243200,1789658304248663475,19,d2:21:f9:2f:d3:98,,-89.0,5200.0,4184
1789658300572163072,1789658304192243200,1789658304248663475,19,72:a7:41:12:25:ea,Cepsup-Etudiants,-59.0,2462.0,8312
1789658300572163072,1789658304192243200,1789658304248663475,19,d4:bd:4f:a1:f4:50,CESI_Corp,-81.0,5180.0,4184
1789658300572163072,1789658304192243200,1789658304248663475,19,d4:bd:4f:a1:f4:51,CESI_HotSpot,-82.0,5180.0,8
1789658300572163072,1789658304192243200,1789658304248663475,19,d4:bd:4f:a1:f4:52,CESI_Robots,-80.0,5180.0,8
1789658300572163072,1789658304192243200,1789658304248663475,19,d4:bd:4f:a1:f4:53,CESI_Recherche,-82.0,5180.0,8
1789658300572163072,1789658304192243200,1789658304248663475,19,d2:21:f9:1f:d3:97,Cepsup-Etudiants,-71.0,2412.0,16676
1789658300572163072,1789658304192243200,1789658304248663475,19,72:a7:41:22:25:ea,,-66.0,2462.0,8
1789658300572163072,1789658304192243200,1789658304248663475,19,d4:bd:4f:60:5d:92,CESI_Robots,-58.0,2462.0,8
1789658300572163072,1789658304192243200,1789658304248663475,19,d0:21:f9:5f:b3:91,FGNE-Admin,-83.0,5220.0,29300
1789658300572163072,1789658304192243200,1789658304248663475,19,d2:21:f9:1f:b3:91,Cepsup-Etudiants,-89.0,5220.0,4184
1789658300572163072,1789658304192243200,1789658304248663475,19,d2:21:f9:2f:b3:91,,-88.0,5220.0,4184
1789658300572163072,1789658304192243200,1789658304248663475,19,d4:bd:4f:60:5d:94,CESI_Iot,-58.0,2462.0,8
1789658300572163072,1789658304192243200,1789658304248663475,19,d4:bd:4f:60:5d:90,CESI_Corp,-56.0,2462.0,8
1789658300572163072,1789658304192243200,1789658304248663475,19,7a:45:58:a8:a3:60,,-76.0,5180.0,29300
1789658300572163072,1789658304192243200,1789658304248663475,19,94:b3:4f:7c:d6:a0,CESI_Corp,-66.0,2447.0,20884
1789658300572163072,1789658304192243200,1789658304248663475,19,94:b3:4f:7c:d6:a1,CESI_HotSpot,-65.0,2447.0,29300
1789658300572163072,1789658304192243200,1789658304248663475,19,94:b3:4f:7c:d6:a2,CESI_Robots,-66.0,2447.0,20884
1789658300572163072,1789658304192243200,1789658304248663475,19,d4:bd:4f:61:f4:50,CESI_Corp,-60.0,2447.0,12472
1789658300572163072,1789658304192243200,1789658304248663475,19,2e:86:6a:89:ff:2c,\x00\x00\x00\x00\x00\x00\x00\x00\x00\x00\x00\x00\x00\x00\x00\x00,-83.0,5220.0,12472
1789658300572163072,1789658304192243200,1789658304248663475,19,d4:bd:4f:60:5d:93,CESI_Recherche,-58.0,2462.0,8
1789658300572163072,1789658304192243200,1789658304248663475,19,d4:bd:4f:60:5d:91,CESI_HotSpot,-69.0,2462.0,8
1789658304752011008,1789658308375771136,1789658308431172182,20,02:91:9e:71:b0:15,poppy_net,-30.0,2412.0,0
1789658304752011008,1789658308375771136,1789658308431172182,20,32:0d:cb:9d:dd:f0,iPhone moe b,-40.0,2412.0,0
1789658304752011008,1789658308375771136,1789658308431172182,20,d4:bd:4f:61:91:30,CESI_Corp,-62.0,2462.0,0
1789658304752011008,1789658308375771136,1789658308431172182,20,d4:bd:4f:61:91:31,CESI_HotSpot,-52.0,2462.0,4188
1789658304752011008,1789658308375771136,1789658308431172182,20,d4:bd:4f:a1:d5:90,CESI_Corp,-48.0,5260.0,0
1789658304752011008,1789658308375771136,1789658308431172182,20,d4:bd:4f:a1:d5:91,CESI_HotSpot,-48.0,5260.0,0
1789658304752011008,1789658308375771136,1789658308431172182,20,d4:bd:4f:a1:d5:92,CESI_Robots,-48.0,5260.0,0
1789658304752011008,1789658308375771136,1789658308431172182,20,d4:bd:4f:a1:d5:93,CESI_Recherche,-48.0,5260.0,0
1789658304752011008,1789658308375771136,1789658308431172182,20,d4:bd:4f:a1:d5:94,CESI_Iot,-48.0,5260.0,0
1789658304752011008,1789658308375771136,1789658308431172182,20,d4:bd:4f:a1:a9:70,CESI_Corp,-58.0,5260.0,0
1789658304752011008,1789658308375771136,1789658308431172182,20,d4:bd:4f:a1:a9:71,CESI_HotSpot,-58.0,5260.0,0
1789658304752011008,1789658308375771136,1789658308431172182,20,d4:bd:4f:a1:a9:72,CESI_Robots,-58.0,5260.0,0
1789658304752011008,1789658308375771136,1789658308431172182,20,d4:bd:4f:a1:a9:73,CESI_Recherche,-58.0,5260.0,0
1789658304752011008,1789658308375771136,1789658308431172182,20,d4:bd:4f:a1:a9:74,CESI_Iot,-58.0,5260.0,0
1789658304752011008,1789658308375771136,1789658308431172182,20,d4:bd:4f:a0:5d:90,CESI_Corp,-65.0,5260.0,0
1789658304752011008,1789658308375771136,1789658308431172182,20,d4:bd:4f:a0:5d:91,CESI_HotSpot,-65.0,5260.0,0
1789658304752011008,1789658308375771136,1789658308431172182,20,d4:bd:4f:a0:5d:92,CESI_Robots,-65.0,5260.0,0
1789658304752011008,1789658308375771136,1789658308431172182,20,d4:bd:4f:a0:5d:93,CESI_Recherche,-65.0,5260.0,0
1789658304752011008,1789658308375771136,1789658308431172182,20,d4:bd:4f:a0:5d:94,CESI_Iot,-65.0,5260.0,0
1789658304752011008,1789658308375771136,1789658308431172182,20,7c:26:64:69:50:05,,-60.0,5320.0,0
1789658304752011008,1789658308375771136,1789658308431172182,20,d4:bd:4f:61:d5:91,CESI_HotSpot,-50.0,2462.0,0
1789658304752011008,1789658308375771136,1789658308431172182,20,d4:bd:4f:61:91:32,CESI_Robots,-52.0,2462.0,4188
1789658304752011008,1789658308375771136,1789658308431172182,20,d4:bd:4f:61:91:33,CESI_Recherche,-60.0,2462.0,0
1789658304752011008,1789658308375771136,1789658308431172182,20,d4:bd:4f:61:91:34,CESI_Iot,-52.0,2462.0,4188
1789658304752011008,1789658308375771136,1789658308431172182,20,d4:bd:4f:a1:91:30,CESI_Corp,-59.0,5260.0,0
1789658304752011008,1789658308375771136,1789658308431172182,20,d4:bd:4f:a1:91:31,CESI_HotSpot,-60.0,5260.0,0
1789658304752011008,1789658308375771136,1789658308431172182,20,d4:bd:4f:a1:91:32,CESI_Robots,-59.0,5260.0,0
1789658304752011008,1789658308375771136,1789658308431172182,20,d4:bd:4f:a1:91:33,CESI_Recherche,-59.0,5260.0,0
1789658304752011008,1789658308375771136,1789658308431172182,20,d4:bd:4f:a1:91:34,CESI_Iot,-60.0,5260.0,0
1789658304752011008,1789658308375771136,1789658308431172182,20,d4:bd:4f:a0:d2:d0,CESI_Corp,-70.0,5260.0,0
1789658304752011008,1789658308375771136,1789658308431172182,20,d4:bd:4f:a0:d2:d1,CESI_HotSpot,-70.0,5260.0,0
1789658304752011008,1789658308375771136,1789658308431172182,20,d4:bd:4f:a0:d2:d2,CESI_Robots,-70.0,5260.0,0
1789658304752011008,1789658308375771136,1789658308431172182,20,d4:bd:4f:a0:d2:d3,CESI_Recherche,-70.0,5260.0,0
1789658304752011008,1789658308375771136,1789658308431172182,20,d4:bd:4f:a0:d2:d4,CESI_Iot,-70.0,5260.0,0
1789658304752011008,1789658308375771136,1789658308431172182,20,94:b3:4f:bc:d6:a2,CESI_Robots,-73.0,5180.0,4188
1789658304752011008,1789658308375771136,1789658308431172182,20,94:b3:4f:bc:d6:a3,CESI_Recherche,-74.0,5180.0,4188
1789658304752011008,1789658308375771136,1789658308431172182,20,94:b3:4f:bc:d6:a4,CESI_Iot,-73.0,5180.0,4188
1789658304752011008,1789658308375771136,1789658308431172182,20,7a:45:58:98:a3:5f,Cepsup-Etudiants,-68.0,2437.0,4188
1789658304752011008,1789658308375771136,1789658308431172182,20,94:b3:4f:bc:d6:a0,CESI_Corp,-74.0,5180.0,4188
1789658304752011008,1789658308375771136,1789658308431172182,20,94:b3:4f:bc:d6:a1,CESI_HotSpot,-73.0,5180.0,4188
1789658304752011008,1789658308375771136,1789658308431172182,20,78:45:58:d8:a3:5f,FGNE-Admin,-66.0,2437.0,0
1789658304752011008,1789658308375771136,1789658308431172182,20,7a:45:58:98:a3:60,Cepsup-Etudiants,-87.0,5180.0,0
1789658304752011008,1789658308375771136,1789658308431172182,20,78:45:58:d8:a3:60,FGNE-Admin,-79.0,5180.0,8364
1789658304752011008,1789658308375771136,1789658308431172182,20,d4:bd:4f:61:d5:92,CESI_Robots,-52.0,2462.0,0
1789658304752011008,1789658308375771136,1789658308431172182,20,d4:bd:4f:61:d5:93,CESI_Recherche,-50.0,2462.0,0
1789658304752011008,1789658308375771136,1789658308431172182,20,7a:45:58:a8:a3:5f,,-63.0,2437.0,4188
1789658304752011008,1789658308375771136,1789658308431172182,20,d4:bd:4f:60:d2:d0,CESI_Corp,-68.0,2462.0,0
1789658304752011008,1789658308375771136,1789658308431172182,20,d4:bd:4f:61:a9:70,CESI_Corp,-53.0,2462.0,0
1789658304752011008,1789658308375771136,1789658308431172182,20,d4:bd:4f:61:d5:90,CESI_Corp,-52.0,2462.0,0
1789658304752011008,1789658308375771136,1789658308431172182,20,d4:bd:4f:61:a9:72,CESI_Robots,-55.0,2462.0,0
1789658304752011008,1789658308375771136,1789658308431172182,20,d4:bd:4f:61:d5:94,CESI_Iot,-52.0,2462.0,0
1789658304752011008,1789658308375771136,1789658308431172182,20,7c:26:64:69:50:04,,-67.0,2462.0,0
1789658304752011008,1789658308375771136,1789658308431172182,20,d4:bd:4f:61:a9:73,CESI_Recherche,-57.0,2462.0,0
1789658304752011008,1789658308375771136,1789658308431172182,20,d4:bd:4f:61:a9:74,CESI_Iot,-56.0,2462.0,0
1789658304752011008,1789658308375771136,1789658308431172182,20,d4:bd:4f:61:a9:71,CESI_HotSpot,-54.0,2462.0,0
1789658304752011008,1789658308375771136,1789658308431172182,20,70:a7:41:72:25:eb,FGNE-Admin,-64.0,5220.0,0
1789658304752011008,1789658308375771136,1789658308431172182,20,72:a7:41:12:25:eb,Cepsup-Etudiants,-64.0,5220.0,0
1789658304752011008,1789658308375771136,1789658308431172182,20,d4:bd:4f:60:d2:d3,CESI_Recherche,-59.0,2462.0,29252
1789658304752011008,1789658308375771136,1789658308431172182,20,d4:bd:4f:60:d2:d4,CESI_Iot,-68.0,2462.0,0
1789658304752011008,1789658308375771136,1789658308431172182,20,72:a7:41:22:25:eb,,-72.0,5220.0,8364
1789658304752011008,1789658308375771136,1789658308431172182,20,d4:bd:4f:60:d2:d2,CESI_Robots,-60.0,2462.0,29252
1789658304752011008,1789658308375771136,1789658308431172182,20,d2:21:f9:1f:d3:98,Cepsup-Etudiants,-87.0,5200.0,8364
1789658304752011008,1789658308375771136,1789658308431172182,20,d0:21:f9:5f:d3:98,FGNE-Admin,-88.0,5200.0,8364
1789658304752011008,1789658308375771136,1789658308431172182,20,d4:bd:4f:60:d2:d1,CESI_HotSpot,-68.0,2462.0,16652
1789658304752011008,1789658308375771136,1789658308431172182,20,70:a7:41:72:25:ea,FGNE-Admin,-63.0,2462.0,12492
1789658304752011008,1789658308375771136,1789658308431172182,20,d4:bd:4f:a1:f4:54,CESI_Iot,-81.0,5180.0,0
1789658304752011008,1789658308375771136,1789658308431172182,20,d2:21:f9:2f:d3:98,,-89.0,5200.0,8372
1789658304752011008,1789658308375771136,1789658308431172182,20,72:a7:41:12:25:ea,Cepsup-Etudiants,-65.0,2462.0,8
1789658304752011008,1789658308375771136,1789658308431172182,20,d4:bd:4f:a1:f4:50,CESI_Corp,-81.0,5180.0,8372
1789658304752011008,1789658308375771136,1789658308431172182,20,d4:bd:4f:a1:f4:51,CESI_HotSpot,-82.0,5180.0,8
1789658304752011008,1789658308375771136,1789658308431172182,20,d4:bd:4f:a1:f4:52,CESI_Robots,-81.0,5180.0,8
1789658304752011008,1789658308375771136,1789658308431172182,20,d4:bd:4f:a1:f4:53,CESI_Recherche,-82.0,5180.0,4196
1789658304752011008,1789658308375771136,1789658308431172182,20,d2:21:f9:1f:d3:97,Cepsup-Etudiants,-71.0,2412.0,20864
1789658304752011008,1789658308375771136,1789658308431172182,20,72:a7:41:22:25:ea,,-66.0,2462.0,4196
1789658304752011008,1789658308375771136,1789658308431172182,20,d4:bd:4f:60:5d:92,CESI_Robots,-58.0,2462.0,4196
1789658304752011008,1789658308375771136,1789658308431172182,20,d2:21:f9:1f:b3:91,Cepsup-Etudiants,-85.0,5220.0,8
1789658304752011008,1789658308375771136,1789658308431172182,20,d2:21:f9:2f:b3:91,,-85.0,5220.0,8
1789658304752011008,1789658308375771136,1789658308431172182,20,d4:bd:4f:60:5d:94,CESI_Iot,-58.0,2462.0,4196
1789658304752011008,1789658308375771136,1789658308431172182,20,d4:bd:4f:60:5d:90,CESI_Corp,-68.0,2462.0,8
1789658304752011008,1789658308375771136,1789658308431172182,20,94:b3:4f:7c:d6:a0,CESI_Corp,-66.0,2447.0,25072
1789658304752011008,1789658308375771136,1789658308431172182,20,94:b3:4f:7c:d6:a2,CESI_Robots,-66.0,2447.0,25072
1789658304752011008,1789658308375771136,1789658308431172182,20,d4:bd:4f:61:f4:50,CESI_Corp,-60.0,2447.0,16660
1789658304752011008,1789658308375771136,1789658308431172182,20,2e:86:6a:89:ff:2c,\x00\x00\x00\x00\x00\x00\x00\x00\x00\x00\x00\x00\x00\x00\x00\x00,-83.0,5220.0,16660
1789658304752011008,1789658308375771136,1789658308431172182,20,d4:bd:4f:60:5d:93,CESI_Recherche,-58.0,2462.0,4196
1789658304752011008,1789658308375771136,1789658308431172182,20,d4:bd:4f:60:5d:91,CESI_HotSpot,-69.0,2462.0,4196
1789658308934034176,1789658312611068928,1789658312668004561,21,02:91:9e:71:b0:15,poppy_net,-30.0,2412.0,4
1789658308934034176,1789658312611068928,1789658312668004561,21,32:0d:cb:9d:dd:f0,iPhone moe b,-52.0,2412.0,4
1789658308934034176,1789658312611068928,1789658312668004561,21,d4:bd:4f:61:91:30,CESI_Corp,-62.0,2462.0,4240
1789658308934034176,1789658312611068928,1789658312668004561,21,d4:bd:4f:61:91:31,CESI_HotSpot,-52.0,2462.0,8428
1789658308934034176,1789658312611068928,1789658312668004561,21,d4:bd:4f:a1:d5:90,CESI_Corp,-52.0,5260.0,4
1789658308934034176,1789658312611068928,1789658312668004561,21,d4:bd:4f:a1:d5:91,CESI_HotSpot,-52.0,5260.0,4
1789658308934034176,1789658312611068928,1789658312668004561,21,d4:bd:4f:a1:d5:92,CESI_Robots,-51.0,5260.0,4
1789658308934034176,1789658312611068928,1789658312668004561,21,d4:bd:4f:a1:d5:93,CESI_Recherche,-51.0,5260.0,4
1789658308934034176,1789658312611068928,1789658312668004561,21,d4:bd:4f:a1:d5:94,CESI_Iot,-51.0,5260.0,4
1789658308934034176,1789658312611068928,1789658312668004561,21,d4:bd:4f:a1:a9:70,CESI_Corp,-60.0,5260.0,4
1789658308934034176,1789658312611068928,1789658312668004561,21,d4:bd:4f:a1:a9:71,CESI_HotSpot,-60.0,5260.0,4
1789658308934034176,1789658312611068928,1789658312668004561,21,d4:bd:4f:a1:a9:72,CESI_Robots,-60.0,5260.0,4
1789658308934034176,1789658312611068928,1789658312668004561,21,d4:bd:4f:a1:a9:73,CESI_Recherche,-60.0,5260.0,4
1789658308934034176,1789658312611068928,1789658312668004561,21,d4:bd:4f:a1:a9:74,CESI_Iot,-60.0,5260.0,4
1789658308934034176,1789658312611068928,1789658312668004561,21,d4:bd:4f:a0:5d:90,CESI_Corp,-66.0,5260.0,4
1789658308934034176,1789658312611068928,1789658312668004561,21,d4:bd:4f:a0:5d:91,CESI_HotSpot,-66.0,5260.0,4
1789658308934034176,1789658312611068928,1789658312668004561,21,d4:bd:4f:a0:5d:92,CESI_Robots,-67.0,5260.0,4
1789658308934034176,1789658312611068928,1789658312668004561,21,d4:bd:4f:a0:5d:93,CESI_Recherche,-67.0,5260.0,4
1789658308934034176,1789658312611068928,1789658312668004561,21,d4:bd:4f:a0:5d:94,CESI_Iot,-67.0,5260.0,4
1789658308934034176,1789658312611068928,1789658312668004561,21,7c:26:64:69:50:05,,-58.0,5320.0,4
1789658308934034176,1789658312611068928,1789658312668004561,21,d4:bd:4f:61:d5:91,CESI_HotSpot,-48.0,2462.0,4
1789658308934034176,1789658312611068928,1789658312668004561,21,d4:bd:4f:61:91:32,CESI_Robots,-52.0,2462.0,8428
1789658308934034176,1789658312611068928,1789658312668004561,21,d4:bd:4f:61:91:33,CESI_Recherche,-60.0,2462.0,4240
1789658308934034176,1789658312611068928,1789658312668004561,21,d4:bd:4f:61:91:34,CESI_Iot,-52.0,2462.0,8428
1789658308934034176,1789658312611068928,1789658312668004561,21,d4:bd:4f:a1:91:30,CESI_Corp,-58.0,5260.0,4
1789658308934034176,1789658312611068928,1789658312668004561,21,d4:bd:4f:a1:91:31,CESI_HotSpot,-58.0,5260.0,4
1789658308934034176,1789658312611068928,1789658312668004561,21,d4:bd:4f:a1:91:32,CESI_Robots,-58.0,5260.0,4
1789658308934034176,1789658312611068928,1789658312668004561,21,d4:bd:4f:a1:91:33,CESI_Recherche,-58.0,5260.0,4
1789658308934034176,1789658312611068928,1789658312668004561,21,d4:bd:4f:a1:91:34,CESI_Iot,-58.0,5260.0,4
1789658308934034176,1789658312611068928,1789658312668004561,21,d4:bd:4f:a0:d2:d0,CESI_Corp,-68.0,5260.0,4
1789658308934034176,1789658312611068928,1789658312668004561,21,d4:bd:4f:a0:d2:d1,CESI_HotSpot,-68.0,5260.0,4
1789658308934034176,1789658312611068928,1789658312668004561,21,d4:bd:4f:a0:d2:d2,CESI_Robots,-68.0,5260.0,4
1789658308934034176,1789658312611068928,1789658312668004561,21,d4:bd:4f:a0:d2:d3,CESI_Recherche,-68.0,5260.0,4
1789658308934034176,1789658312611068928,1789658312668004561,21,d4:bd:4f:a0:d2:d4,CESI_Iot,-68.0,5260.0,4
1789658308934034176,1789658312611068928,1789658312668004561,21,94:b3:4f:bc:d6:a2,CESI_Robots,-73.0,5180.0,8428
1789658308934034176,1789658312611068928,1789658312668004561,21,94:b3:4f:bc:d6:a3,CESI_Recherche,-74.0,5180.0,8428
1789658308934034176,1789658312611068928,1789658312668004561,21,94:b3:4f:bc:d6:a4,CESI_Iot,-79.0,5180.0,4
1789658308934034176,1789658312611068928,1789658312668004561,21,7a:45:58:98:a3:5f,Cepsup-Etudiants,-68.0,2437.0,8428
1789658308934034176,1789658312611068928,1789658312668004561,21,94:b3:4f:bc:d6:a0,CESI_Corp,-74.0,5180.0,8428
1789658308934034176,1789658312611068928,1789658312668004561,21,94:b3:4f:bc:d6:a1,CESI_HotSpot,-73.0,5180.0,8428
1789658308934034176,1789658312611068928,1789658312668004561,21,78:45:58:d8:a3:5f,FGNE-Admin,-66.0,2437.0,4240
1789658308934034176,1789658312611068928,1789658312668004561,21,7a:45:58:98:a3:60,Cepsup-Etudiants,-87.0,5180.0,4240
1789658308934034176,1789658312611068928,1789658312668004561,21,78:45:58:d8:a3:60,FGNE-Admin,-79.0,5180.0,12604
1789658308934034176,1789658312611068928,1789658312668004561,21,d4:bd:4f:61:d5:92,CESI_Robots,-48.0,2462.0,4
1789658308934034176,1789658312611068928,1789658312668004561,21,d4:bd:4f:61:d5:93,CESI_Recherche,-47.0,2462.0,4
1789658308934034176,1789658312611068928,1789658312668004561,21,7a:45:58:a8:a3:5f,,-63.0,2437.0,8428
1789658308934034176,1789658312611068928,1789658312668004561,21,d4:bd:4f:60:d2:d0,CESI_Corp,-64.0,2462.0,4
1789658308934034176,1789658312611068928,1789658312668004561,21,d4:bd:4f:61:a9:70,CESI_Corp,-53.0,2462.0,4240
1789658308934034176,1789658312611068928,1789658312668004561,21,d4:bd:4f:61:d5:90,CESI_Corp,-46.0,2462.0,4
1789658308934034176,1789658312611068928,1789658312668004561,21,d4:bd:4f:61:a9:72,CESI_Robots,-56.0,2462.0,4
1789658308934034176,1789658312611068928,1789658312668004561,21,d4:bd:4f:61:d5:94,CESI_Iot,-47.0,2462.0,4
1789658308934034176,1789658312611068928,1789658312668004561,21,7c:26:64:69:50:04,,-67.0,2462.0,4240
1789658308934034176,1789658312611068928,1789658312668004561,21,d4:bd:4f:61:a9:73,CESI_Recherche,-57.0,2462.0,4240
1789658308934034176,1789658312611068928,1789658312668004561,21,d4:bd:4f:61:a9:74,CESI_Iot,-58.0,2462.0,4
1789658308934034176,1789658312611068928,1789658312668004561,21,d4:bd:4f:61:a9:71,CESI_HotSpot,-54.0,2462.0,4240
1789658308934034176,1789658312611068928,1789658312668004561,21,70:a7:41:72:25:eb,FGNE-Admin,-66.0,5220.0,4
1789658308934034176,1789658312611068928,1789658312668004561,21,72:a7:41:12:25:eb,Cepsup-Etudiants,-66.0,5220.0,4
1789658308934034176,1789658312611068928,1789658312668004561,21,d4:bd:4f:60:d2:d4,CESI_Iot,-61.0,2462.0,4
1789658308934034176,1789658312611068928,1789658312668004561,21,72:a7:41:22:25:eb,,-72.0,5220.0,12604
1789658308934034176,1789658312611068928,1789658312668004561,21,d4:bd:4f:60:d2:d2,CESI_Robots,-61.0,2462.0,4
1789658308934034176,1789658312611068928,1789658312668004561,21,d2:21:f9:1f:d3:98,Cepsup-Etudiants,-87.0,5200.0,12604
1789658308934034176,1789658312611068928,1789658312668004561,21,d0:21:f9:5f:d3:98,FGNE-Admin,-85.0,5200.0,4
1789658308934034176,1789658312611068928,1789658312668004561,21,d4:bd:4f:60:d2:d1,CESI_HotSpot,-68.0,2462.0,20892
1789658308934034176,1789658312611068928,1789658312668004561,21,70:a7:41:72:25:ea,FGNE-Admin,-66.0,2462.0,4
1789658308934034176,1789658312611068928,1789658312668004561,21,d4:bd:4f:a1:f4:54,CESI_Iot,-79.0,5180.0,4
1789658308934034176,1789658312611068928,1789658312668004561,21,d2:21:f9:2f:d3:98,,-85.0,5200.0,4
1789658308934034176,1789658312611068928,1789658312668004561,21,72:a7:41:12:25:ea,Cepsup-Etudiants,-65.0,2462.0,8
1789658308934034176,1789658312611068928,1789658312668004561,21,d4:bd:4f:a1:f4:50,CESI_Corp,-81.0,5180.0,12608
1789658308934034176,1789658312611068928,1789658312668004561,21,d4:bd:4f:a1:f4:51,CESI_HotSpot,-82.0,5180.0,4244
1789658308934034176,1789658312611068928,1789658312668004561,21,d4:bd:4f:a1:f4:52,CESI_Robots,-81.0,5180.0,4244
1789658308934034176,1789658312611068928,1789658312668004561,21,d4:bd:4f:a1:f4:53,CESI_Recherche,-82.0,5180.0,8432
1789658308934034176,1789658312611068928,1789658312668004561,21,d2:21:f9:1f:d3:97,Cepsup-Etudiants,-69.0,2412.0,8
1789658308934034176,1789658312611068928,1789658312668004561,21,72:a7:41:22:25:ea,,-66.0,2462.0,8432
1789658308934034176,1789658312611068928,1789658312668004561,21,d4:bd:4f:60:5d:92,CESI_Robots,-58.0,2462.0,8432
1789658308934034176,1789658312611068928,1789658312668004561,21,d2:21:f9:1f:b3:91,Cepsup-Etudiants,-86.0,5220.0,8
1789658308934034176,1789658312611068928,1789658312668004561,21,d2:21:f9:2f:b3:91,,-87.0,5220.0,8
1789658308934034176,1789658312611068928,1789658312668004561,21,d4:bd:4f:60:5d:94,CESI_Iot,-58.0,2462.0,8432
1789658308934034176,1789658312611068928,1789658312668004561,21,d4:bd:4f:60:5d:90,CESI_Corp,-61.0,2462.0,8
1789658308934034176,1789658312611068928,1789658312668004561,21,94:b3:4f:7c:d6:a0,CESI_Corp,-66.0,2447.0,29308
1789658308934034176,1789658312611068928,1789658312668004561,21,94:b3:4f:7c:d6:a2,CESI_Robots,-66.0,2447.0,29308
1789658308934034176,1789658312611068928,1789658312668004561,21,d4:bd:4f:61:f4:50,CESI_Corp,-60.0,2447.0,20896
1789658308934034176,1789658312611068928,1789658312668004561,21,2e:86:6a:89:ff:2c,\x00\x00\x00\x00\x00\x00\x00\x00\x00\x00\x00\x00\x00\x00\x00\x00,-83.0,5220.0,20896
1789658308934034176,1789658312611068928,1789658312668004561,21,d4:bd:4f:60:5d:93,CESI_Recherche,-58.0,2462.0,8432
1789658308934034176,1789658312611068928,1789658312668004561,21,d4:bd:4f:60:5d:91,CESI_HotSpot,-61.0,2462.0,8
1789658308934034176,1789658312611068928,1789658312668004561,21,d0:21:f9:5f:b3:91,FGNE-Admin,-89.0,5220.0,8
1789658313172045824,1789658316799622144,1789658316857085165,22,02:91:9e:71:b0:15,poppy_net,-41.0,2412.0,0
1789658313172045824,1789658316799622144,1789658316857085165,22,32:0d:cb:9d:dd:f0,iPhone moe b,-54.0,2412.0,0
1789658313172045824,1789658316799622144,1789658316857085165,22,d4:bd:4f:61:91:30,CESI_Corp,-62.0,2462.0,8424
1789658313172045824,1789658316799622144,1789658316857085165,22,d4:bd:4f:61:91:31,CESI_HotSpot,-65.0,2462.0,0
1789658313172045824,1789658316799622144,1789658316857085165,22,d4:bd:4f:a1:d5:90,CESI_Corp,-47.0,5260.0,0
1789658313172045824,1789658316799622144,1789658316857085165,22,d4:bd:4f:a1:d5:91,CESI_HotSpot,-47.0,5260.0,0
1789658313172045824,1789658316799622144,1789658316857085165,22,d4:bd:4f:a1:d5:92,CESI_Robots,-47.0,5260.0,0
1789658313172045824,1789658316799622144,1789658316857085165,22,d4:bd:4f:a1:d5:93,CESI_Recherche,-47.0,5260.0,0
1789658313172045824,1789658316799622144,1789658316857085165,22,d4:bd:4f:a1:d5:94,CESI_Iot,-47.0,5260.0,0
1789658313172045824,1789658316799622144,1789658316857085165,22,d4:bd:4f:a1:a9:70,CESI_Corp,-51.0,5260.0,0
1789658313172045824,1789658316799622144,1789658316857085165,22,d4:bd:4f:a1:a9:71,CESI_HotSpot,-51.0,5260.0,0
1789658313172045824,1789658316799622144,1789658316857085165,22,d4:bd:4f:a1:a9:72,CESI_Robots,-51.0,5260.0,0
1789658313172045824,1789658316799622144,1789658316857085165,22,d4:bd:4f:a1:a9:73,CESI_Recherche,-52.0,5260.0,0
1789658313172045824,1789658316799622144,1789658316857085165,22,d4:bd:4f:a1:a9:74,CESI_Iot,-52.0,5260.0,0
1789658313172045824,1789658316799622144,1789658316857085165,22,d4:bd:4f:a0:5d:90,CESI_Corp,-70.0,5260.0,0
1789658313172045824,1789658316799622144,1789658316857085165,22,d4:bd:4f:a0:5d:91,CESI_HotSpot,-70.0,5260.0,0
1789658313172045824,1789658316799622144,1789658316857085165,22,d4:bd:4f:a0:5d:92,CESI_Robots,-70.0,5260.0,0
1789658313172045824,1789658316799622144,1789658316857085165,22,d4:bd:4f:a0:5d:93,CESI_Recherche,-70.0,5260.0,0
1789658313172045824,1789658316799622144,1789658316857085165,22,d4:bd:4f:a0:5d:94,CESI_Iot,-71.0,5260.0,0
1789658313172045824,1789658316799622144,1789658316857085165,22,7c:26:64:69:50:05,,-59.0,5320.0,0
1789658313172045824,1789658316799622144,1789658316857085165,22,d4:bd:4f:61:d5:91,CESI_HotSpot,-42.0,2462.0,0
1789658313172045824,1789658316799622144,1789658316857085165,22,d4:bd:4f:61:91:32,CESI_Robots,-65.0,2462.0,0
1789658313172045824,1789658316799622144,1789658316857085165,22,d4:bd:4f:61:91:33,CESI_Recherche,-66.0,2462.0,0
1789658313172045824,1789658316799622144,1789658316857085165,22,d4:bd:4f:61:91:34,CESI_Iot,-52.0,2462.0,12612
1789658313172045824,1789658316799622144,1789658316857085165,22,d4:bd:4f:a1:91:30,CESI_Corp,-62.0,5260.0,0
1789658313172045824,1789658316799622144,1789658316857085165,22,d4:bd:4f:a1:91:31,CESI_HotSpot,-62.0,5260.0,0
1789658313172045824,1789658316799622144,1789658316857085165,22,d4:bd:4f:a1:91:32,CESI_Robots,-62.0,5260.0,0
1789658313172045824,1789658316799622144,1789658316857085165,22,d4:bd:4f:a1:91:33,CESI_Recherche,-62.0,5260.0,0
1789658313172045824,1789658316799622144,1789658316857085165,22,d4:bd:4f:a1:91:34,CESI_Iot,-62.0,5260.0,0
1789658313172045824,1789658316799622144,1789658316857085165,22,d4:bd:4f:a0:d2:d0,CESI_Corp,-72.0,5260.0,0
1789658313172045824,1789658316799622144,1789658316857085165,22,d4:bd:4f:a0:d2:d1,CESI_HotSpot,-73.0,5260.0,0
1789658313172045824,1789658316799622144,1789658316857085165,22,d4:bd:4f:a0:d2:d2,CESI_Robots,-73.0,5260.0,0
1789658313172045824,1789658316799622144,1789658316857085165,22,d4:bd:4f:a0:d2:d3,CESI_Recherche,-73.0,5260.0,0
1789658313172045824,1789658316799622144,1789658316857085165,22,d4:bd:4f:a0:d2:d4,CESI_Iot,-73.0,5260.0,0
1789658313172045824,1789658316799622144,1789658316857085165,22,94:b3:4f:bc:d6:a2,CESI_Robots,-73.0,5180.0,12612
1789658313172045824,1789658316799622144,1789658316857085165,22,94:b3:4f:bc:d6:a3,CESI_Recherche,-75.0,5180.0,0
1789658313172045824,1789658316799622144,1789658316857085165,22,94:b3:4f:bc:d6:a4,CESI_Iot,-74.0,5180.0,0
1789658313172045824,1789658316799622144,1789658316857085165,22,7a:45:58:98:a3:5f,Cepsup-Etudiants,-68.0,2437.0,12612
1789658313172045824,1789658316799622144,1789658316857085165,22,94:b3:4f:bc:d6:a0,CESI_Corp,-74.0,5180.0,12612
1789658313172045824,1789658316799622144,1789658316857085165,22,94:b3:4f:bc:d6:a1,CESI_HotSpot,-73.0,5180.0,12612
1789658313172045824,1789658316799622144,1789658316857085165,22,78:45:58:d8:a3:5f,FGNE-Admin,-66.0,2437.0,8424
1789658313172045824,1789658316799622144,1789658316857085165,22,7a:45:58:98:a3:60,Cepsup-Etudiants,-87.0,5180.0,8424
1789658313172045824,1789658316799622144,1789658316857085165,22,78:45:58:d8:a3:60,FGNE-Admin,-79.0,5180.0,16788
1789658313172045824,1789658316799622144,1789658316857085165,22,d4:bd:4f:61:d5:92,CESI_Robots,-42.0,2462.0,0
1789658313172045824,1789658316799622144,1789658316857085165,22,d4:bd:4f:61:d5:93,CESI_Recherche,-42.0,2462.0,0
1789658313172045824,1789658316799622144,1789658316857085165,22,7a:45:58:a8:a3:5f,,-63.0,2437.0,12612
1789658313172045824,1789658316799622144,1789658316857085165,22,d4:bd:4f:60:d2:d0,CESI_Corp,-68.0,2462.0,0
1789658313172045824,1789658316799622144,1789658316857085165,22,d4:bd:4f:61:a9:70,CESI_Corp,-53.0,2462.0,8424
1789658313172045824,1789658316799622144,1789658316857085165,22,d4:bd:4f:61:d5:90,CESI_Corp,-44.0,2462.0,0
1789658313172045824,1789658316799622144,1789658316857085165,22,d4:bd:4f:61:a9:72,CESI_Robots,-56.0,2462.0,4188
1789658313172045824,1789658316799622144,1789658316857085165,22,d4:bd:4f:61:d5:94,CESI_Iot,-44.0,2462.0,0
1789658313172045824,1789658316799622144,1789658316857085165,22,7c:26:64:69:50:04,,-67.0,2462.0,8424
1789658313172045824,1789658316799622144,1789658316857085165,22,d4:bd:4f:61:a9:73,CESI_Recherche,-57.0,2462.0,8424
1789658313172045824,1789658316799622144,1789658316857085165,22,d4:bd:4f:61:a9:74,CESI_Iot,-58.0,2462.0,4188
1789658313172045824,1789658316799622144,1789658316857085165,22,d4:bd:4f:61:a9:71,CESI_HotSpot,-54.0,2462.0,8424
1789658313172045824,1789658316799622144,1789658316857085165,22,70:a7:41:72:25:eb,FGNE-Admin,-64.0,5220.0,0
1789658313172045824,1789658316799622144,1789658316857085165,22,72:a7:41:12:25:eb,Cepsup-Etudiants,-64.0,5220.0,0
1789658313172045824,1789658316799622144,1789658316857085165,22,d4:bd:4f:60:d2:d4,CESI_Iot,-61.0,2462.0,4188
1789658313172045824,1789658316799622144,1789658316857085165,22,72:a7:41:22:25:eb,,-72.0,5220.0,16788
1789658313172045824,1789658316799622144,1789658316857085165,22,d4:bd:4f:60:d2:d2,CESI_Robots,-61.0,2462.0,4188
1789658313172045824,1789658316799622144,1789658316857085165,22,d2:21:f9:1f:d3:98,Cepsup-Etudiants,-87.0,5200.0,16788
1789658313172045824,1789658316799622144,1789658316857085165,22,d0:21:f9:5f:d3:98,FGNE-Admin,-85.0,5200.0,4188
1789658313172045824,1789658316799622144,1789658316857085165,22,d4:bd:4f:60:d2:d1,CESI_HotSpot,-68.0,2462.0,25076
1789658313172045824,1789658316799622144,1789658316857085165,22,70:a7:41:72:25:ea,FGNE-Admin,-56.0,2462.0,0
1789658313172045824,1789658316799622144,1789658316857085165,22,d4:bd:4f:a1:f4:54,CESI_Iot,-78.0,5180.0,0
1789658313172045824,1789658316799622144,1789658316857085165,22,d2:21:f9:2f:d3:98,,-85.0,5200.0,4188
1789658313172045824,1789658316799622144,1789658316857085165,22,72:a7:41:12:25:ea,Cepsup-Etudiants,-57.0,2462.0,4
1789658313172045824,1789658316799622144,1789658316857085165,22,d4:bd:4f:a1:f4:50,CESI_Corp,-79.0,5180.0,4
1789658313172045824,1789658316799622144,1789658316857085165,22,d4:bd:4f:a1:f4:51,CESI_HotSpot,-78.0,5180.0,4
1789658313172045824,1789658316799622144,1789658316857085165,22,d4:bd:4f:a1:f4:52,CESI_Robots,-79.0,5180.0,4
1789658313172045824,1789658316799622144,1789658316857085165,22,d4:bd:4f:a1:f4:53,CESI_Recherche,-79.0,5180.0,4
1789658313172045824,1789658316799622144,1789658316857085165,22,d2:21:f9:1f:d3:97,Cepsup-Etudiants,-69.0,2412.0,4192
1789658313172045824,1789658316799622144,1789658316857085165,22,72:a7:41:22:25:ea,,-66.0,2462.0,12616
1789658313172045824,1789658316799622144,1789658316857085165,22,d4:bd:4f:60:5d:92,CESI_Robots,-70.0,2462.0,4
1789658313172045824,1789658316799622144,1789658316857085165,22,d2:21:f9:1f:b3:91,Cepsup-Etudiants,-86.0,5220.0,4192
1789658313172045824,1789658316799622144,1789658316857085165,22,d2:21:f9:2f:b3:91,,-87.0,5220.0,4192
1789658313172045824,1789658316799622144,1789658316857085165,22,d4:bd:4f:60:5d:94,CESI_Iot,-58.0,2462.0,12616
1789658313172045824,1789658316799622144,1789658316857085165,22,d4:bd:4f:60:5d:90,CESI_Corp,-70.0,2462.0,4
1789658313172045824,1789658316799622144,1789658316857085165,22,d4:bd:4f:61:f4:50,CESI_Corp,-60.0,2447.0,25080
1789658313172045824,1789658316799622144,1789658316857085165,22,2e:86:6a:89:ff:2c,\x00\x00\x00\x00\x00\x00\x00\x00\x00\x00\x00\x00\x00\x00\x00\x00,-83.0,5220.0,25080
1789658313172045824,1789658316799622144,1789658316857085165,22,d4:bd:4f:60:5d:93,CESI_Recherche,-58.0,2462.0,12616
1789658313172045824,1789658316799622144,1789658316857085165,22,d4:bd:4f:60:5d:91,CESI_HotSpot,-70.0,2462.0,4
1789658313172045824,1789658316799622144,1789658316857085165,22,d0:21:f9:5f:b3:91,FGNE-Admin,-89.0,5220.0,4192
1789658317359806976,1789658320995593984,1789658321050627727,23,02:91:9e:71:b0:15,poppy_net,-40.0,2412.0,0
1789658317359806976,1789658320995593984,1789658321050627727,23,32:0d:cb:9d:dd:f0,iPhone moe b,-52.0,2412.0,0
1789658317359806976,1789658320995593984,1789658321050627727,23,d4:bd:4f:61:91:30,CESI_Corp,-62.0,2462.0,12620
1789658317359806976,1789658320995593984,1789658321050627727,23,d4:bd:4f:61:91:31,CESI_HotSpot,-65.0,2462.0,4196
1789658317359806976,1789658320995593984,1789658321050627727,23,d4:bd:4f:a1:d5:90,CESI_Corp,-49.0,5260.0,0
1789658317359806976,1789658320995593984,1789658321050627727,23,d4:bd:4f:a1:d5:91,CESI_HotSpot,-49.0,5260.0,0
1789658317359806976,1789658320995593984,1789658321050627727,23,d4:bd:4f:a1:d5:92,CESI_Robots,-49.0,5260.0,0
1789658317359806976,1789658320995593984,1789658321050627727,23,d4:bd:4f:a1:d5:93,CESI_Recherche,-49.0,5260.0,0
1789658317359806976,1789658320995593984,1789658321050627727,23,d4:bd:4f:a1:d5:94,CESI_Iot,-49.0,5260.0,0
1789658317359806976,1789658320995593984,1789658321050627727,23,d4:bd:4f:a1:a9:70,CESI_Corp,-53.0,5260.0,0
1789658317359806976,1789658320995593984,1789658321050627727,23,d4:bd:4f:a1:a9:71,CESI_HotSpot,-52.0,5260.0,0
1789658317359806976,1789658320995593984,1789658321050627727,23,d4:bd:4f:a1:a9:72,CESI_Robots,-53.0,5260.0,0
1789658317359806976,1789658320995593984,1789658321050627727,23,d4:bd:4f:a1:a9:73,CESI_Recherche,-53.0,5260.0,0
1789658317359806976,1789658320995593984,1789658321050627727,23,d4:bd:4f:a1:a9:74,CESI_Iot,-54.0,5260.0,0
1789658317359806976,1789658320995593984,1789658321050627727,23,d4:bd:4f:a0:5d:90,CESI_Corp,-70.0,5260.0,0
1789658317359806976,1789658320995593984,1789658321050627727,23,d4:bd:4f:a0:5d:91,CESI_HotSpot,-70.0,5260.0,0
1789658317359806976,1789658320995593984,1789658321050627727,23,d4:bd:4f:a0:5d:92,CESI_Robots,-70.0,5260.0,0
1789658317359806976,1789658320995593984,1789658321050627727,23,d4:bd:4f:a0:5d:93,CESI_Recherche,-70.0,5260.0,0
1789658317359806976,1789658320995593984,1789658321050627727,23,d4:bd:4f:a0:5d:94,CESI_Iot,-70.0,5260.0,0
1789658317359806976,1789658320995593984,1789658321050627727,23,7c:26:64:69:50:05,,-57.0,5320.0,0
1789658317359806976,1789658320995593984,1789658321050627727,23,d4:bd:4f:61:d5:91,CESI_HotSpot,-42.0,2462.0,4196
1789658317359806976,1789658320995593984,1789658321050627727,23,d4:bd:4f:61:91:32,CESI_Robots,-64.0,2462.0,0
1789658317359806976,1789658320995593984,1789658321050627727,23,d4:bd:4f:61:91:33,CESI_Recherche,-64.0,2462.0,0
1789658317359806976,1789658320995593984,1789658321050627727,23,d4:bd:4f:61:91:34,CESI_Iot,-68.0,2462.0,0
1789658317359806976,1789658320995593984,1789658321050627727,23,d4:bd:4f:a1:91:30,CESI_Corp,-66.0,5260.0,0
1789658317359806976,1789658320995593984,1789658321050627727,23,d4:bd:4f:a1:91:31,CESI_HotSpot,-66.0,5260.0,0
1789658317359806976,1789658320995593984,1789658321050627727,23,d4:bd:4f:a1:91:32,CESI_Robots,-66.0,5260.0,0
1789658317359806976,1789658320995593984,1789658321050627727,23,d4:bd:4f:a1:91:33,CESI_Recherche,-66.0,5260.0,0
1789658317359806976,1789658320995593984,1789658321050627727,23,d4:bd:4f:a1:91:34,CESI_Iot,-66.0,5260.0,0
1789658317359806976,1789658320995593984,1789658321050627727,23,d4:bd:4f:a0:d2:d0,CESI_Corp,-67.0,5260.0,0
1789658317359806976,1789658320995593984,1789658321050627727,23,d4:bd:4f:a0:d2:d1,CESI_HotSpot,-66.0,5260.0,0
1789658317359806976,1789658320995593984,1789658321050627727,23,d4:bd:4f:a0:d2:d2,CESI_Robots,-67.0,5260.0,0
1789658317359806976,1789658320995593984,1789658321050627727,23,d4:bd:4f:a0:d2:d3,CESI_Recherche,-67.0,5260.0,0
1789658317359806976,1789658320995593984,1789658321050627727,23,d4:bd:4f:a0:d2:d4,CESI_Iot,-67.0,5260.0,0
1789658317359806976,1789658320995593984,1789658321050627727,23,94:b3:4f:bc:d6:a2,CESI_Robots,-73.0,5180.0,16808
1789658317359806976,1789658320995593984,1789658321050627727,23,94:b3:4f:bc:d6:a3,CESI_Recherche,-75.0,5180.0,4196
1789658317359806976,1789658320995593984,1789658321050627727,23,94:b3:4f:bc:d6:a4,CESI_Iot,-78.0,5180.0,0
1789658317359806976,1789658320995593984,1789658321050627727,23,7a:45:58:98:a3:5f,Cepsup-Etudiants,-68.0,2437.0,16808
1789658317359806976,1789658320995593984,1789658321050627727,23,94:b3:4f:bc:d6:a0,CESI_Corp,-74.0,5180.0,16808
1789658317359806976,1789658320995593984,1789658321050627727,23,94:b3:4f:bc:d6:a1,CESI_HotSpot,-73.0,5180.0,16808
1789658317359806976,1789658320995593984,1789658321050627727,23,78:45:58:d8:a3:5f,FGNE-Admin,-66.0,2437.0,12620
1789658317359806976,1789658320995593984,1789658321050627727,23,7a:45:58:98:a3:60,Cepsup-Etudiants,-87.0,5180.0,12620
1789658317359806976,1789658320995593984,1789658321050627727,23,78:45:58:d8:a3:60,FGNE-Admin,-79.0,5180.0,20984
1789658317359806976,1789658320995593984,1789658321050627727,23,d4:bd:4f:61:d5:92,CESI_Robots,-42.0,2462.0,4196
1789658317359806976,1789658320995593984,1789658321050627727,23,d4:bd:4f:61:d5:93,CESI_Recherche,-42.0,2462.0,0
1789658317359806976,1789658320995593984,1789658321050627727,23,7a:45:58:a8:a3:5f,,-63.0,2437.0,16808
1789658317359806976,1789658320995593984,1789658321050627727,23,d4:bd:4f:60:d2:d0,CESI_Corp,-68.0,2462.0,4196
1789658317359806976,1789658320995593984,1789658321050627727,23,d4:bd:4f:61:a9:70,CESI_Corp,-50.0,2462.0,0
1789658317359806976,1789658320995593984,1789658321050627727,23,d4:bd:4f:61:d5:90,CESI_Corp,-48.0,2462.0,0
1789658317359806976,1789658320995593984,1789658321050627727,23,d4:bd:4f:61:a9:72,CESI_Robots,-61.0,2462.0,0
1789658317359806976,1789658320995593984,1789658321050627727,23,d4:bd:4f:61:d5:94,CESI_Iot,-45.0,2462.0,0
1789658317359806976,1789658320995593984,1789658321050627727,23,7c:26:64:69:50:04,,-50.0,2462.0,0
1789658317359806976,1789658320995593984,1789658321050627727,23,d4:bd:4f:61:a9:73,CESI_Recherche,-52.0,2462.0,0
1789658317359806976,1789658320995593984,1789658321050627727,23,d4:bd:4f:61:a9:74,CESI_Iot,-51.0,2462.0,0
1789658317359806976,1789658320995593984,1789658321050627727,23,d4:bd:4f:61:a9:71,CESI_HotSpot,-50.0,2462.0,0
1789658317359806976,1789658320995593984,1789658321050627727,23,70:a7:41:72:25:eb,FGNE-Admin,-61.0,5220.0,0
1789658317359806976,1789658320995593984,1789658321050627727,23,72:a7:41:12:25:eb,Cepsup-Etudiants,-61.0,5220.0,0
1789658317359806976,1789658320995593984,1789658321050627727,23,d4:bd:4f:60:d2:d4,CESI_Iot,-61.0,2462.0,8384
1789658317359806976,1789658320995593984,1789658321050627727,23,72:a7:41:22:25:eb,,-72.0,5220.0,20984
1789658317359806976,1789658320995593984,1789658321050627727,23,d4:bd:4f:60:d2:d2,CESI_Robots,-61.0,2462.0,8384
1789658317359806976,1789658320995593984,1789658321050627727,23,d2:21:f9:1f:d3:98,Cepsup-Etudiants,-80.0,5200.0,0
1789658317359806976,1789658320995593984,1789658321050627727,23,d0:21:f9:5f:d3:98,FGNE-Admin,-79.0,5200.0,0
1789658317359806976,1789658320995593984,1789658321050627727,23,d4:bd:4f:60:d2:d1,CESI_HotSpot,-70.0,2462.0,0
1789658317359806976,1789658320995593984,1789658321050627727,23,70:a7:41:72:25:ea,FGNE-Admin,-59.0,2462.0,0
1789658317359806976,1789658320995593984,1789658321050627727,23,d4:bd:4f:a1:f4:54,CESI_Iot,-78.0,5180.0,4196
1789658317359806976,1789658320995593984,1789658321050627727,23,d2:21:f9:2f:d3:98,,-85.0,5200.0,8384
1789658317359806976,1789658320995593984,1789658321050627727,23,72:a7:41:12:25:ea,Cepsup-Etudiants,-57.0,2462.0,4
1789658317359806976,1789658320995593984,1789658321050627727,23,d4:bd:4f:a1:f4:50,CESI_Corp,-79.0,5180.0,4200
1789658317359806976,1789658320995593984,1789658321050627727,23,d4:bd:4f:a1:f4:51,CESI_HotSpot,-78.0,5180.0,4200
1789658317359806976,1789658320995593984,1789658321050627727,23,d4:bd:4f:a1:f4:52,CESI_Robots,-79.0,5180.0,4200
1789658317359806976,1789658320995593984,1789658321050627727,23,d4:bd:4f:a1:f4:53,CESI_Recherche,-79.0,5180.0,4200
1789658317359806976,1789658320995593984,1789658321050627727,23,d2:21:f9:1f:d3:97,Cepsup-Etudiants,-69.0,2412.0,8388
1789658317359806976,1789658320995593984,1789658321050627727,23,72:a7:41:22:25:ea,,-59.0,2462.0,4
1789658317359806976,1789658320995593984,1789658321050627727,23,d4:bd:4f:60:5d:92,CESI_Robots,-70.0,2462.0,4200
1789658317359806976,1789658320995593984,1789658321050627727,23,d2:21:f9:1f:b3:91,Cepsup-Etudiants,-86.0,5220.0,8388
1789658317359806976,1789658320995593984,1789658321050627727,23,d2:21:f9:2f:b3:91,,-87.0,5220.0,8388
1789658317359806976,1789658320995593984,1789658321050627727,23,d4:bd:4f:60:5d:94,CESI_Iot,-58.0,2462.0,16812
1789658317359806976,1789658320995593984,1789658321050627727,23,d4:bd:4f:60:5d:90,CESI_Corp,-70.0,2462.0,4200
1789658317359806976,1789658320995593984,1789658321050627727,23,d4:bd:4f:61:f4:50,CESI_Corp,-70.0,2447.0,4
1789658317359806976,1789658320995593984,1789658321050627727,23,2e:86:6a:89:ff:2c,\x00\x00\x00\x00\x00\x00\x00\x00\x00\x00\x00\x00\x00\x00\x00\x00,-83.0,5220.0,29276
1789658317359806976,1789658320995593984,1789658321050627727,23,d4:bd:4f:60:5d:93,CESI_Recherche,-58.0,2462.0,16812
1789658317359806976,1789658320995593984,1789658321050627727,23,d4:bd:4f:60:5d:91,CESI_HotSpot,-70.0,2462.0,4200
1789658317359806976,1789658320995593984,1789658321050627727,23,d0:21:f9:5f:b3:91,FGNE-Admin,-89.0,5220.0,8388
1789658317359806976,1789658320995593984,1789658321050627727,23,d4:bd:4f:61:f4:51,CESI_HotSpot,-71.0,2447.0,4
1789658317359806976,1789658320995593984,1789658321050627727,23,d4:bd:4f:61:f4:52,CESI_Robots,-72.0,2447.0,4
1789658317359806976,1789658320995593984,1789658321050627727,23,d4:bd:4f:61:f4:53,CESI_Recherche,-58.0,2447.0,4
1789658317359806976,1789658320995593984,1789658321050627727,23,d4:bd:4f:61:f4:54,CESI_Iot,-70.0,2447.0,4
1789658321553872128,1789658325214199040,1789658325268883120,24,02:91:9e:71:b0:15,poppy_net,-41.0,2412.0,0
1789658321553872128,1789658325214199040,1789658325268883120,24,32:0d:cb:9d:dd:f0,iPhone moe b,-61.0,2412.0,0
1789658321553872128,1789658325214199040,1789658325268883120,24,d4:bd:4f:61:91:30,CESI_Corp,-62.0,2462.0,16836
1789658321553872128,1789658325214199040,1789658325268883120,24,d4:bd:4f:61:91:31,CESI_HotSpot,-65.0,2462.0,8412
1789658321553872128,1789658325214199040,1789658325268883120,24,d4:bd:4f:a1:d5:90,CESI_Corp,-46.0,5260.0,0
1789658321553872128,1789658325214199040,1789658325268883120,24,d4:bd:4f:a1:d5:91,CESI_HotSpot,-46.0,5260.0,0
1789658321553872128,1789658325214199040,1789658325268883120,24,d4:bd:4f:a1:d5:92,CESI_Robots,-46.0,5260.0,0
1789658321553872128,1789658325214199040,1789658325268883120,24,d4:bd:4f:a1:d5:93,CESI_Recherche,-46.0,5260.0,0
1789658321553872128,1789658325214199040,1789658325268883120,24,d4:bd:4f:a1:d5:94,CESI_Iot,-46.0,5260.0,0
1789658321553872128,1789658325214199040,1789658325268883120,24,d4:bd:4f:a1:a9:70,CESI_Corp,-60.0,5260.0,0
1789658321553872128,1789658325214199040,1789658325268883120,24,d4:bd:4f:a1:a9:71,CESI_HotSpot,-61.0,5260.0,0
1789658321553872128,1789658325214199040,1789658325268883120,24,d4:bd:4f:a1:a9:72,CESI_Robots,-60.0,5260.0,0
1789658321553872128,1789658325214199040,1789658325268883120,24,d4:bd:4f:a1:a9:73,CESI_Recherche,-60.0,5260.0,0
1789658321553872128,1789658325214199040,1789658325268883120,24,d4:bd:4f:a1:a9:74,CESI_Iot,-60.0,5260.0,0
1789658321553872128,1789658325214199040,1789658325268883120,24,d4:bd:4f:a0:5d:90,CESI_Corp,-69.0,5260.0,0
1789658321553872128,1789658325214199040,1789658325268883120,24,d4:bd:4f:a0:5d:91,CESI_HotSpot,-70.0,5260.0,0
1789658321553872128,1789658325214199040,1789658325268883120,24,d4:bd:4f:a0:5d:92,CESI_Robots,-70.0,5260.0,0
1789658321553872128,1789658325214199040,1789658325268883120,24,d4:bd:4f:a0:5d:93,CESI_Recherche,-72.0,5260.0,0
1789658321553872128,1789658325214199040,1789658325268883120,24,d4:bd:4f:a0:5d:94,CESI_Iot,-70.0,5260.0,4216
1789658321553872128,1789658325214199040,1789658325268883120,24,7c:26:64:69:50:05,,-55.0,5320.0,0
1789658321553872128,1789658325214199040,1789658325268883120,24,d4:bd:4f:61:d5:91,CESI_HotSpot,-43.0,2462.0,0
1789658321553872128,1789658325214199040,1789658325268883120,24,d4:bd:4f:61:91:32,CESI_Robots,-64.0,2462.0,4216
1789658321553872128,1789658325214199040,1789658325268883120,24,d4:bd:4f:61:91:33,CESI_Recherche,-64.0,2462.0,4216
1789658321553872128,1789658325214199040,1789658325268883120,24,d4:bd:4f:61:91:34,CESI_Iot,-68.0,2462.0,4216
1789658321553872128,1789658325214199040,1789658325268883120,24,d4:bd:4f:a1:91:30,CESI_Corp,-62.0,5260.0,0
1789658321553872128,1789658325214199040,1789658325268883120,24,d4:bd:4f:a1:91:31,CESI_HotSpot,-62.0,5260.0,0
1789658321553872128,1789658325214199040,1789658325268883120,24,d4:bd:4f:a1:91:32,CESI_Robots,-62.0,5260.0,0
1789658321553872128,1789658325214199040,1789658325268883120,24,d4:bd:4f:a1:91:33,CESI_Recherche,-62.0,5260.0,0
1789658321553872128,1789658325214199040,1789658325268883120,24,d4:bd:4f:a1:91:34,CESI_Iot,-62.0,5260.0,0
1789658321553872128,1789658325214199040,1789658325268883120,24,d4:bd:4f:a0:d2:d0,CESI_Corp,-71.0,5260.0,0
1789658321553872128,1789658325214199040,1789658325268883120,24,d4:bd:4f:a0:d2:d1,CESI_HotSpot,-71.0,5260.0,0
1789658321553872128,1789658325214199040,1789658325268883120,24,d4:bd:4f:a0:d2:d2,CESI_Robots,-71.0,5260.0,0
1789658321553872128,1789658325214199040,1789658325268883120,24,d4:bd:4f:a0:d2:d3,CESI_Recherche,-71.0,5260.0,0
1789658321553872128,1789658325214199040,1789658325268883120,24,d4:bd:4f:a0:d2:d4,CESI_Iot,-71.0,5260.0,0
1789658321553872128,1789658325214199040,1789658325268883120,24,94:b3:4f:bc:d6:a2,CESI_Robots,-76.0,5180.0,0
1789658321553872128,1789658325214199040,1789658325268883120,24,94:b3:4f:bc:d6:a3,CESI_Recherche,-76.0,5180.0,0
1789658321553872128,1789658325214199040,1789658325268883120,24,94:b3:4f:bc:d6:a4,CESI_Iot,-76.0,5180.0,0
1789658321553872128,1789658325214199040,1789658325268883120,24,7a:45:58:98:a3:5f,Cepsup-Etudiants,-68.0,2437.0,21024
1789658321553872128,1789658325214199040,1789658325268883120,24,94:b3:4f:bc:d6:a0,CESI_Corp,-76.0,5180.0,0
1789658321553872128,1789658325214199040,1789658325268883120,24,94:b3:4f:bc:d6:a1,CESI_HotSpot,-77.0,5180.0,0
1789658321553872128,1789658325214199040,1789658325268883120,24,78:45:58:d8:a3:5f,FGNE-Admin,-66.0,2437.0,16836
1789658321553872128,1789658325214199040,1789658325268883120,24,7a:45:58:98:a3:60,Cepsup-Etudiants,-87.0,5180.0,16836
1789658321553872128,1789658325214199040,1789658325268883120,24,78:45:58:d8:a3:60,FGNE-Admin,-79.0,5180.0,25200
1789658321553872128,1789658325214199040,1789658325268883120,24,d4:bd:4f:61:d5:92,CESI_Robots,-41.0,2462.0,0
1789658321553872128,1789658325214199040,1789658325268883120,24,d4:bd:4f:61:d5:93,CESI_Recherche,-41.0,2462.0,0
1789658321553872128,1789658325214199040,1789658325268883120,24,7a:45:58:a8:a3:5f,,-63.0,2437.0,21024
1789658321553872128,1789658325214199040,1789658325268883120,24,d4:bd:4f:60:d2:d0,CESI_Corp,-68.0,2462.0,8412
1789658321553872128,1789658325214199040,1789658325268883120,24,d4:bd:4f:61:a9:70,CESI_Corp,-61.0,2462.0,0
1789658321553872128,1789658325214199040,1789658325268883120,24,d4:bd:4f:61:d5:90,CESI_Corp,-40.0,2462.0,0
1789658321553872128,1789658325214199040,1789658325268883120,24,d4:bd:4f:61:a9:72,CESI_Robots,-51.0,2462.0,0
1789658321553872128,1789658325214199040,1789658325268883120,24,d4:bd:4f:61:d5:94,CESI_Iot,-41.0,2462.0,0
1789658321553872128,1789658325214199040,1789658325268883120,24,7c:26:64:69:50:04,,-46.0,2462.0,0
1789658321553872128,1789658325214199040,1789658325268883120,24,d4:bd:4f:61:a9:73,CESI_Recherche,-60.0,2462.0,0
1789658321553872128,1789658325214199040,1789658325268883120,24,d4:bd:4f:61:a9:74,CESI_Iot,-51.0,2462.0,0
1789658321553872128,1789658325214199040,1789658325268883120,24,d4:bd:4f:61:a9:71,CESI_HotSpot,-51.0,2462.0,0
1789658321553872128,1789658325214199040,1789658325268883120,24,70:a7:41:72:25:eb,FGNE-Admin,-67.0,5220.0,0
1789658321553872128,1789658325214199040,1789658325268883120,24,72:a7:41:12:25:eb,Cepsup-Etudiants,-67.0,5220.0,0
1789658321553872128,1789658325214199040,1789658325268883120,24,d4:bd:4f:60:d2:d4,CESI_Iot,-66.0,2462.0,0
1789658321553872128,1789658325214199040,1789658325268883120,24,72:a7:41:22:25:eb,,-72.0,5220.0,25200
1789658321553872128,1789658325214199040,1789658325268883120,24,d4:bd:4f:60:d2:d2,CESI_Robots,-61.0,2462.0,12600
1789658321553872128,1789658325214199040,1789658325268883120,24,d2:21:f9:1f:d3:98,Cepsup-Etudiants,-80.0,5200.0,4216
1789658321553872128,1789658325214199040,1789658325268883120,24,d0:21:f9:5f:d3:98,FGNE-Admin,-82.0,5200.0,0
1789658321553872128,1789658325214199040,1789658325268883120,24,d4:bd:4f:60:d2:d1,CESI_HotSpot,-70.0,2462.0,4216
1789658321553872128,1789658325214199040,1789658325268883120,24,70:a7:41:72:25:ea,FGNE-Admin,-60.0,2462.0,0
1789658321553872128,1789658325214199040,1789658325268883120,24,d4:bd:4f:a1:f4:54,CESI_Iot,-85.0,5180.0,0
1789658321553872128,1789658325214199040,1789658325268883120,24,d2:21:f9:2f:d3:98,,-85.0,5200.0,12600
1789658321553872128,1789658325214199040,1789658325268883120,24,72:a7:41:12:25:ea,Cepsup-Etudiants,-63.0,2462.0,8
1789658321553872128,1789658325214199040,1789658325268883120,24,d4:bd:4f:a1:f4:50,CESI_Corp,-79.0,5180.0,8420
1789658321553872128,1789658325214199040,1789658325268883120,24,d4:bd:4f:a1:f4:51,CESI_HotSpot,-78.0,5180.0,8420
1789658321553872128,1789658325214199040,1789658325268883120,24,d4:bd:4f:a1:f4:52,CESI_Robots,-79.0,5180.0,8420
1789658321553872128,1789658325214199040,1789658325268883120,24,d4:bd:4f:a1:f4:53,CESI_Recherche,-79.0,5180.0,8420
1789658321553872128,1789658325214199040,1789658325268883120,24,d2:21:f9:1f:d3:97,Cepsup-Etudiants,-69.0,2412.0,12608
1789658321553872128,1789658325214199040,1789658325268883120,24,72:a7:41:22:25:ea,,-59.0,2462.0,4224
1789658321553872128,1789658325214199040,1789658325268883120,24,d4:bd:4f:60:5d:92,CESI_Robots,-70.0,2462.0,8420
1789658321553872128,1789658325214199040,1789658325268883120,24,d2:21:f9:1f:b3:91,Cepsup-Etudiants,-86.0,5220.0,12608
1789658321553872128,1789658325214199040,1789658325268883120,24,d2:21:f9:2f:b3:91,,-87.0,5220.0,12608
1789658321553872128,1789658325214199040,1789658325268883120,24,d4:bd:4f:60:5d:94,CESI_Iot,-58.0,2462.0,21032
1789658321553872128,1789658325214199040,1789658325268883120,24,d4:bd:4f:60:5d:90,CESI_Corp,-66.0,2462.0,8
1789658321553872128,1789658325214199040,1789658325268883120,24,d4:bd:4f:61:f4:50,CESI_Corp,-70.0,2447.0,4224
1789658321553872128,1789658325214199040,1789658325268883120,24,d4:bd:4f:60:5d:93,CESI_Recherche,-58.0,2462.0,21032
1789658321553872128,1789658325214199040,1789658325268883120,24,d4:bd:4f:60:5d:91,CESI_HotSpot,-70.0,2462.0,8420
1789658321553872128,1789658325214199040,1789658325268883120,24,d0:21:f9:5f:b3:91,FGNE-Admin,-89.0,5220.0,12608
1789658321553872128,1789658325214199040,1789658325268883120,24,d4:bd:4f:61:f4:51,CESI_HotSpot,-71.0,2447.0,4224
1789658321553872128,1789658325214199040,1789658325268883120,24,d4:bd:4f:61:f4:52,CESI_Robots,-72.0,2447.0,4224
1789658321553872128,1789658325214199040,1789658325268883120,24,d4:bd:4f:61:f4:53,CESI_Recherche,-58.0,2447.0,4224
1789658321553872128,1789658325214199040,1789658325268883120,24,d4:bd:4f:61:f4:54,CESI_Iot,-70.0,2447.0,4224
1789658325771997952,1789658329341986816,1789658329395602716,25,02:91:9e:71:b0:15,poppy_net,-38.0,2412.0,0
1789658325771997952,1789658329341986816,1789658329395602716,25,32:0d:cb:9d:dd:f0,iPhone moe b,-60.0,2412.0,0
1789658325771997952,1789658329341986816,1789658329395602716,25,d4:bd:4f:61:91:30,CESI_Corp,-61.0,2462.0,0
1789658325771997952,1789658329341986816,1789658329395602716,25,d4:bd:4f:61:91:31,CESI_HotSpot,-65.0,2462.0,12540
1789658325771997952,1789658329341986816,1789658329395602716,25,d4:bd:4f:a1:d5:90,CESI_Corp,-54.0,5260.0,0
1789658325771997952,1789658329341986816,1789658329395602716,25,d4:bd:4f:a1:d5:91,CESI_HotSpot,-53.0,5260.0,0
1789658325771997952,1789658329341986816,1789658329395602716,25,d4:bd:4f:a1:d5:92,CESI_Robots,-54.0,5260.0,0
1789658325771997952,1789658329341986816,1789658329395602716,25,d4:bd:4f:a1:d5:93,CESI_Recherche,-54.0,5260.0,0
1789658325771997952,1789658329341986816,1789658329395602716,25,d4:bd:4f:a1:d5:94,CESI_Iot,-53.0,5260.0,0
1789658325771997952,1789658329341986816,1789658329395602716,25,d4:bd:4f:a1:a9:70,CESI_Corp,-61.0,5260.0,0
1789658325771997952,1789658329341986816,1789658329395602716,25,d4:bd:4f:a1:a9:71,CESI_HotSpot,-61.0,5260.0,0
1789658325771997952,1789658329341986816,1789658329395602716,25,d4:bd:4f:a1:a9:72,CESI_Robots,-61.0,5260.0,0
1789658325771997952,1789658329341986816,1789658329395602716,25,d4:bd:4f:a1:a9:73,CESI_Recherche,-61.0,5260.0,0
1789658325771997952,1789658329341986816,1789658329395602716,25,d4:bd:4f:a1:a9:74,CESI_Iot,-61.0,5260.0,0
1789658325771997952,1789658329341986816,1789658329395602716,25,d4:bd:4f:a0:5d:90,CESI_Corp,-72.0,5260.0,0
1789658325771997952,1789658329341986816,1789658329395602716,25,d4:bd:4f:a0:5d:91,CESI_HotSpot,-72.0,5260.0,0
1789658325771997952,1789658329341986816,1789658329395602716,25,d4:bd:4f:a0:5d:92,CESI_Robots,-72.0,5260.0,0
1789658325771997952,1789658329341986816,1789658329395602716,25,d4:bd:4f:a0:5d:93,CESI_Recherche,-73.0,5260.0,0
1789658325771997952,1789658329341986816,1789658329395602716,25,d4:bd:4f:a0:5d:94,CESI_Iot,-73.0,5260.0,0
1789658325771997952,1789658329341986816,1789658329395602716,25,7c:26:64:69:50:05,,-59.0,5320.0,0
1789658325771997952,1789658329341986816,1789658329395602716,25,d4:bd:4f:61:d5:91,CESI_HotSpot,-43.0,2462.0,4128
1789658325771997952,1789658329341986816,1789658329395602716,25,d4:bd:4f:61:91:32,CESI_Robots,-64.0,2462.0,8344
1789658325771997952,1789658329341986816,1789658329395602716,25,d4:bd:4f:61:91:33,CESI_Recherche,-64.0,2462.0,8344
1789658325771997952,1789658329341986816,1789658329395602716,25,d4:bd:4f:61:91:34,CESI_Iot,-68.0,2462.0,8344
1789658325771997952,1789658329341986816,1789658329395602716,25,d4:bd:4f:a1:91:30,CESI_Corp,-67.0,5260.0,0
1789658325771997952,1789658329341986816,1789658329395602716,25,d4:bd:4f:a1:91:31,CESI_HotSpot,-67.0,5260.0,0
1789658325771997952,1789658329341986816,1789658329395602716,25,d4:bd:4f:a1:91:32,CESI_Robots,-67.0,5260.0,0
1789658325771997952,1789658329341986816,1789658329395602716,25,d4:bd:4f:a1:91:33,CESI_Recherche,-67.0,5260.0,0
1789658325771997952,1789658329341986816,1789658329395602716,25,d4:bd:4f:a1:91:34,CESI_Iot,-66.0,5260.0,0
1789658325771997952,1789658329341986816,1789658329395602716,25,d4:bd:4f:a0:d2:d0,CESI_Corp,-70.0,5260.0,0
1789658325771997952,1789658329341986816,1789658329395602716,25,d4:bd:4f:a0:d2:d1,CESI_HotSpot,-71.0,5260.0,4128
1789658325771997952,1789658329341986816,1789658329395602716,25,d4:bd:4f:a0:d2:d2,CESI_Robots,-70.0,5260.0,0
1789658325771997952,1789658329341986816,1789658329395602716,25,d4:bd:4f:a0:d2:d3,CESI_Recherche,-70.0,5260.0,0
1789658325771997952,1789658329341986816,1789658329395602716,25,d4:bd:4f:a0:d2:d4,CESI_Iot,-69.0,5260.0,0
1789658325771997952,1789658329341986816,1789658329395602716,25,94:b3:4f:bc:d6:a2,CESI_Robots,-82.0,5180.0,0
1789658325771997952,1789658329341986816,1789658329395602716,25,94:b3:4f:bc:d6:a3,CESI_Recherche,-81.0,5180.0,0
1789658325771997952,1789658329341986816,1789658329395602716,25,94:b3:4f:bc:d6:a4,CESI_Iot,-82.0,5180.0,0
1789658325771997952,1789658329341986816,1789658329395602716,25,7a:45:58:98:a3:5f,Cepsup-Etudiants,-71.0,2437.0,0
1789658325771997952,1789658329341986816,1789658329395602716,25,94:b3:4f:bc:d6:a0,CESI_Corp,-83.0,5180.0,0
1789658325771997952,1789658329341986816,1789658329395602716,25,94:b3:4f:bc:d6:a1,CESI_HotSpot,-82.0,5180.0,0
1789658325771997952,1789658329341986816,1789658329395602716,25,78:45:58:d8:a3:5f,FGNE-Admin,-66.0,2437.0,20964
1789658325771997952,1789658329341986816,1789658329395602716,25,7a:45:58:98:a3:60,Cepsup-Etudiants,-87.0,5180.0,20964
1789658325771997952,1789658329341986816,1789658329395602716,25,78:45:58:d8:a3:60,FGNE-Admin,-79.0,5180.0,29328
1789658325771997952,1789658329341986816,1789658329395602716,25,d4:bd:4f:61:d5:92,CESI_Robots,-54.0,2462.0,0
1789658325771997952,1789658329341986816,1789658329395602716,25,d4:bd:4f:61:d5:93,CESI_Recherche,-54.0,2462.0,0
1789658325771997952,1789658329341986816,1789658329395602716,25,7a:45:58:a8:a3:5f,,-63.0,2437.0,25152
1789658325771997952,1789658329341986816,1789658329395602716,25,d4:bd:4f:60:d2:d0,CESI_Corp,-68.0,2462.0,12540
1789658325771997952,1789658329341986816,1789658329395602716,25,d4:bd:4f:61:a9:70,CESI_Corp,-61.0,2462.0,4128
1789658325771997952,1789658329341986816,1789658329395602716,25,d4:bd:4f:61:d5:90,CESI_Corp,-56.0,2462.0,0
1789658325771997952,1789658329341986816,1789658329395602716,25,d4:bd:4f:61:a9:72,CESI_Robots,-51.0,2462.0,4128
1789658325771997952,1789658329341986816,1789658329395602716,25,d4:bd:4f:61:d5:94,CESI_Iot,-54.0,2462.0,0
1789658325771997952,1789658329341986816,1789658329395602716,25,7c:26:64:69:50:04,,-51.0,2462.0,0
1789658325771997952,1789658329341986816,1789658329395602716,25,d4:bd:4f:61:a9:73,CESI_Recherche,-53.0,2462.0,0
1789658325771997952,1789658329341986816,1789658329395602716,25,d4:bd:4f:61:a9:74,CESI_Iot,-53.0,2462.0,0
1789658325771997952,1789658329341986816,1789658329395602716,25,d4:bd:4f:61:a9:71,CESI_HotSpot,-53.0,2462.0,0
1789658325771997952,1789658329341986816,1789658329395602716,25,70:a7:41:72:25:eb,FGNE-Admin,-68.0,5220.0,0
1789658325771997952,1789658329341986816,1789658329395602716,25,72:a7:41:12:25:eb,Cepsup-Etudiants,-68.0,5220.0,0
1789658325771997952,1789658329341986816,1789658329395602716,25,d4:bd:4f:60:d2:d4,CESI_Iot,-66.0,2462.0,4128
1789658325771997952,1789658329341986816,1789658329395602716,25,72:a7:41:22:25:eb,,-72.0,5220.0,29328
1789658325771997952,1789658329341986816,1789658329395602716,25,d4:bd:4f:60:d2:d2,CESI_Robots,-61.0,2462.0,16728
1789658325771997952,1789658329341986816,1789658329395602716,25,d2:21:f9:1f:d3:98,Cepsup-Etudiants,-80.0,5200.0,8344
1789658325771997952,1789658329341986816,1789658329395602716,25,d0:21:f9:5f:d3:98,FGNE-Admin,-82.0,5200.0,4128
1789658325771997952,1789658329341986816,1789658329395602716,25,d4:bd:4f:60:d2:d1,CESI_HotSpot,-70.0,2462.0,8344
1789658325771997952,1789658329341986816,1789658329395602716,25,70:a7:41:72:25:ea,FGNE-Admin,-62.0,2462.0,0
1789658325771997952,1789658329341986816,1789658329395602716,25,d4:bd:4f:a1:f4:54,CESI_Iot,-85.0,5180.0,4128
1789658325771997952,1789658329341986816,1789658329395602716,25,d2:21:f9:2f:d3:98,,-85.0,5200.0,16728
1789658325771997952,1789658329341986816,1789658329395602716,25,72:a7:41:12:25:ea,Cepsup-Etudiants,-63.0,2462.0,4
1789658325771997952,1789658329341986816,1789658329395602716,25,d4:bd:4f:a1:f4:50,CESI_Corp,-79.0,5180.0,12544
1789658325771997952,1789658329341986816,1789658329395602716,25,d4:bd:4f:a1:f4:51,CESI_HotSpot,-78.0,5180.0,12544
1789658325771997952,1789658329341986816,1789658329395602716,25,d4:bd:4f:a1:f4:52,CESI_Robots,-79.0,5180.0,12544
1789658325771997952,1789658329341986816,1789658329395602716,25,d4:bd:4f:a1:f4:53,CESI_Recherche,-79.0,5180.0,12544
1789658325771997952,1789658329341986816,1789658329395602716,25,d2:21:f9:1f:d3:97,Cepsup-Etudiants,-72.0,2412.0,4
1789658325771997952,1789658329341986816,1789658329395602716,25,72:a7:41:22:25:ea,,-62.0,2462.0,4
1789658325771997952,1789658329341986816,1789658329395602716,25,d4:bd:4f:60:5d:92,CESI_Robots,-70.0,2462.0,12544
1789658325771997952,1789658329341986816,1789658329395602716,25,d2:21:f9:1f:b3:91,Cepsup-Etudiants,-86.0,5220.0,16732
1789658325771997952,1789658329341986816,1789658329395602716,25,d2:21:f9:2f:b3:91,,-87.0,5220.0,16732
1789658325771997952,1789658329341986816,1789658329395602716,25,d4:bd:4f:60:5d:94,CESI_Iot,-58.0,2462.0,25156
1789658325771997952,1789658329341986816,1789658329395602716,25,d4:bd:4f:60:5d:90,CESI_Corp,-66.0,2462.0,4132
1789658325771997952,1789658329341986816,1789658329395602716,25,d4:bd:4f:61:f4:50,CESI_Corp,-70.0,2447.0,8348
1789658325771997952,1789658329341986816,1789658329395602716,25,d4:bd:4f:60:5d:93,CESI_Recherche,-58.0,2462.0,25156
1789658325771997952,1789658329341986816,1789658329395602716,25,d4:bd:4f:60:5d:91,CESI_HotSpot,-70.0,2462.0,12544
1789658325771997952,1789658329341986816,1789658329395602716,25,d0:21:f9:5f:b3:91,FGNE-Admin,-89.0,5220.0,16732
1789658325771997952,1789658329341986816,1789658329395602716,25,d4:bd:4f:61:f4:51,CESI_HotSpot,-71.0,2447.0,8348
1789658325771997952,1789658329341986816,1789658329395602716,25,d4:bd:4f:61:f4:52,CESI_Robots,-70.0,2447.0,4
1789658325771997952,1789658329341986816,1789658329395602716,25,d4:bd:4f:61:f4:53,CESI_Recherche,-69.0,2447.0,4
1789658325771997952,1789658329341986816,1789658329395602716,25,d4:bd:4f:61:f4:54,CESI_Iot,-72.0,2447.0,4
1789658325771997952,1789658329341986816,1789658329395602716,25,d0:21:f9:5f:d3:97,FGNE-Admin,-72.0,2412.0,4
1789658329899101952,1789658333512392960,1789658333571329648,26,02:91:9e:71:b0:15,poppy_net,-41.0,2412.0,4
1789658329899101952,1789658333512392960,1789658333571329648,26,32:0d:cb:9d:dd:f0,iPhone moe b,-57.0,2412.0,4
1789658329899101952,1789658333512392960,1789658333571329648,26,d4:bd:4f:61:91:30,CESI_Corp,-61.0,2462.0,4172
1789658329899101952,1789658333512392960,1789658333571329648,26,d4:bd:4f:61:91:31,CESI_HotSpot,-65.0,2462.0,16712
1789658329899101952,1789658333512392960,1789658333571329648,26,d4:bd:4f:a1:d5:90,CESI_Corp,-52.0,5260.0,4
1789658329899101952,1789658333512392960,1789658333571329648,26,d4:bd:4f:a1:d5:91,CESI_HotSpot,-51.0,5260.0,4
1789658329899101952,1789658333512392960,1789658333571329648,26,d4:bd:4f:a1:d5:92,CESI_Robots,-51.0,5260.0,4
1789658329899101952,1789658333512392960,1789658333571329648,26,d4:bd:4f:a1:d5:93,CESI_Recherche,-52.0,5260.0,4
1789658329899101952,1789658333512392960,1789658333571329648,26,d4:bd:4f:a1:d5:94,CESI_Iot,-51.0,5260.0,4
1789658329899101952,1789658333512392960,1789658333571329648,26,d4:bd:4f:a1:a9:70,CESI_Corp,-56.0,5260.0,4
1789658329899101952,1789658333512392960,1789658333571329648,26,d4:bd:4f:a1:a9:71,CESI_HotSpot,-56.0,5260.0,4
1789658329899101952,1789658333512392960,1789658333571329648,26,d4:bd:4f:a1:a9:72,CESI_Robots,-56.0,5260.0,4
1789658329899101952,1789658333512392960,1789658333571329648,26,d4:bd:4f:a1:a9:73,CESI_Recherche,-57.0,5260.0,4
1789658329899101952,1789658333512392960,1789658333571329648,26,d4:bd:4f:a1:a9:74,CESI_Iot,-57.0,5260.0,4
1789658329899101952,1789658333512392960,1789658333571329648,26,d4:bd:4f:a0:5d:90,CESI_Corp,-70.0,5260.0,4
1789658329899101952,1789658333512392960,1789658333571329648,26,d4:bd:4f:a0:5d:91,CESI_HotSpot,-70.0,5260.0,4
1789658329899101952,1789658333512392960,1789658333571329648,26,d4:bd:4f:a0:5d:92,CESI_Robots,-70.0,5260.0,4
1789658329899101952,1789658333512392960,1789658333571329648,26,d4:bd:4f:a0:5d:93,CESI_Recherche,-70.0,5260.0,4
1789658329899101952,1789658333512392960,1789658333571329648,26,d4:bd:4f:a0:5d:94,CESI_Iot,-70.0,5260.0,4
1789658329899101952,1789658333512392960,1789658333571329648,26,7c:26:64:69:50:05,,-60.0,5320.0,4
1789658329899101952,1789658333512392960,1789658333571329648,26,d4:bd:4f:61:d5:91,CESI_HotSpot,-43.0,2462.0,8300
1789658329899101952,1789658333512392960,1789658333571329648,26,d4:bd:4f:61:91:32,CESI_Robots,-64.0,2462.0,12516
1789658329899101952,1789658333512392960,1789658333571329648,26,d4:bd:4f:61:91:33,CESI_Recherche,-62.0,2462.0,4
1789658329899101952,1789658333512392960,1789658333571329648,26,d4:bd:4f:61:91:34,CESI_Iot,-62.0,2462.0,4
1789658329899101952,1789658333512392960,1789658333571329648,26,d4:bd:4f:a1:91:30,CESI_Corp,-66.0,5260.0,4
1789658329899101952,1789658333512392960,1789658333571329648,26,d4:bd:4f:a1:91:31,CESI_HotSpot,-67.0,5260.0,4
1789658329899101952,1789658333512392960,1789658333571329648,26,d4:bd:4f:a1:91:32,CESI_Robots,-67.0,5260.0,4
1789658329899101952,1789658333512392960,1789658333571329648,26,d4:bd:4f:a1:91:33,CESI_Recherche,-67.0,5260.0,4
1789658329899101952,1789658333512392960,1789658333571329648,26,d4:bd:4f:a1:91:34,CESI_Iot,-67.0,5260.0,4
1789658329899101952,1789658333512392960,1789658333571329648,26,d4:bd:4f:a0:d2:d0,CESI_Corp,-73.0,5260.0,4
1789658329899101952,1789658333512392960,1789658333571329648,26,d4:bd:4f:a0:d2:d1,CESI_HotSpot,-71.0,5260.0,8300
1789658329899101952,1789658333512392960,1789658333571329648,26,d4:bd:4f:a0:d2:d2,CESI_Robots,-73.0,5260.0,4
1789658329899101952,1789658333512392960,1789658333571329648,26,d4:bd:4f:a0:d2:d3,CESI_Recherche,-73.0,5260.0,4
1789658329899101952,1789658333512392960,1789658333571329648,26,d4:bd:4f:a0:d2:d4,CESI_Iot,-73.0,5260.0,4
1789658329899101952,1789658333512392960,1789658333571329648,26,94:b3:4f:bc:d6:a2,CESI_Robots,-81.0,5180.0,4
1789658329899101952,1789658333512392960,1789658333571329648,26,94:b3:4f:bc:d6:a3,CESI_Recherche,-80.0,5180.0,4
1789658329899101952,1789658333512392960,1789658333571329648,26,94:b3:4f:bc:d6:a4,CESI_Iot,-80.0,5180.0,4
1789658329899101952,1789658333512392960,1789658333571329648,26,7a:45:58:98:a3:5f,Cepsup-Etudiants,-69.0,2437.0,4
1789658329899101952,1789658333512392960,1789658333571329648,26,94:b3:4f:bc:d6:a0,CESI_Corp,-83.0,5180.0,4172
1789658329899101952,1789658333512392960,1789658333571329648,26,94:b3:4f:bc:d6:a1,CESI_HotSpot,-82.0,5180.0,4172
1789658329899101952,1789658333512392960,1789658333571329648,26,78:45:58:d8:a3:5f,FGNE-Admin,-71.0,2437.0,4
1789658329899101952,1789658333512392960,1789658333571329648,26,7a:45:58:98:a3:60,Cepsup-Etudiants,-87.0,5180.0,25136
1789658329899101952,1789658333512392960,1789658333571329648,26,d4:bd:4f:61:d5:92,CESI_Robots,-54.0,2462.0,4172
1789658329899101952,1789658333512392960,1789658333571329648,26,d4:bd:4f:61:d5:93,CESI_Recherche,-54.0,2462.0,4172
1789658329899101952,1789658333512392960,1789658333571329648,26,7a:45:58:a8:a3:5f,,-70.0,2437.0,4
1789658329899101952,1789658333512392960,1789658333571329648,26,d4:bd:4f:60:d2:d0,CESI_Corp,-65.0,2462.0,4
1789658329899101952,1789658333512392960,1789658333571329648,26,d4:bd:4f:61:a9:70,CESI_Corp,-56.0,2462.0,4
1789658329899101952,1789658333512392960,1789658333571329648,26,d4:bd:4f:61:d5:90,CESI_Corp,-51.0,2462.0,4
1789658329899101952,1789658333512392960,1789658333571329648,26,d4:bd:4f:61:a9:72,CESI_Robots,-51.0,2462.0,8300
1789658329899101952,1789658333512392960,1789658333571329648,26,d4:bd:4f:61:d5:94,CESI_Iot,-54.0,2462.0,4172
1789658329899101952,1789658333512392960,1789658333571329648,26,7c:26:64:69:50:04,,-51.0,2462.0,4172
1789658329899101952,1789658333512392960,1789658333571329648,26,d4:bd:4f:61:a9:73,CESI_Recherche,-53.0,2462.0,4172
1789658329899101952,1789658333512392960,1789658333571329648,26,d4:bd:4f:61:a9:74,CESI_Iot,-53.0,2462.0,4172
1789658329899101952,1789658333512392960,1789658333571329648,26,d4:bd:4f:61:a9:71,CESI_HotSpot,-57.0,2462.0,4
1789658329899101952,1789658333512392960,1789658333571329648,26,70:a7:41:72:25:eb,FGNE-Admin,-70.0,5220.0,4
1789658329899101952,1789658333512392960,1789658333571329648,26,72:a7:41:12:25:eb,Cepsup-Etudiants,-70.0,5220.0,4
1789658329899101952,1789658333512392960,1789658333571329648,26,d4:bd:4f:60:d2:d4,CESI_Iot,-65.0,2462.0,4
1789658329899101952,1789658333512392960,1789658333571329648,26,72:a7:41:22:25:eb,,-71.0,5220.0,4
1789658329899101952,1789658333512392960,1789658333571329648,26,d4:bd:4f:60:d2:d2,CESI_Robots,-61.0,2462.0,20900
1789658329899101952,1789658333512392960,1789658333571329648,26,d2:21:f9:1f:d3:98,Cepsup-Etudiants,-80.0,5200.0,12516
1789658329899101952,1789658333512392960,1789658333571329648,26,d0:21:f9:5f:d3:98,FGNE-Admin,-82.0,5200.0,8300
1789658329899101952,1789658333512392960,1789658333571329648,26,d4:bd:4f:60:d2:d1,CESI_HotSpot,-70.0,2462.0,12516
1789658329899101952,1789658333512392960,1789658333571329648,26,70:a7:41:72:25:ea,FGNE-Admin,-61.0,2462.0,4
1789658329899101952,1789658333512392960,1789658333571329648,26,d4:bd:4f:a1:f4:54,CESI_Iot,-85.0,5180.0,8300
1789658329899101952,1789658333512392960,1789658333571329648,26,d2:21:f9:2f:d3:98,,-85.0,5200.0,20900
1789658329899101952,1789658333512392960,1789658333571329648,26,72:a7:41:12:25:ea,Cepsup-Etudiants,-62.0,2462.0,4
1789658329899101952,1789658333512392960,1789658333571329648,26,d4:bd:4f:a1:f4:50,CESI_Corp,-79.0,5180.0,16720
1789658329899101952,1789658333512392960,1789658333571329648,26,d4:bd:4f:a1:f4:51,CESI_HotSpot,-78.0,5180.0,16720
1789658329899101952,1789658333512392960,1789658333571329648,26,d4:bd:4f:a1:f4:52,CESI_Robots,-79.0,5180.0,16720
1789658329899101952,1789658333512392960,1789658333571329648,26,d4:bd:4f:a1:f4:53,CESI_Recherche,-79.0,5180.0,16720
1789658329899101952,1789658333512392960,1789658333571329648,26,d2:21:f9:1f:d3:97,Cepsup-Etudiants,-72.0,2412.0,4180
1789658329899101952,1789658333512392960,1789658333571329648,26,72:a7:41:22:25:ea,,-62.0,2462.0,4180
1789658329899101952,1789658333512392960,1789658333571329648,26,d4:bd:4f:60:5d:92,CESI_Robots,-70.0,2462.0,16720
1789658329899101952,1789658333512392960,1789658333571329648,26,d2:21:f9:1f:b3:91,Cepsup-Etudiants,-86.0,5220.0,20908
1789658329899101952,1789658333512392960,1789658333571329648,26,d2:21:f9:2f:b3:91,,-87.0,5220.0,20908
1789658329899101952,1789658333512392960,1789658333571329648,26,d4:bd:4f:60:5d:94,CESI_Iot,-58.0,2462.0,29332
1789658329899101952,1789658333512392960,1789658333571329648,26,d4:bd:4f:60:5d:90,CESI_Corp,-66.0,2462.0,8308
1789658329899101952,1789658333512392960,1789658333571329648,26,d4:bd:4f:61:f4:50,CESI_Corp,-70.0,2447.0,12524
1789658329899101952,1789658333512392960,1789658333571329648,26,d4:bd:4f:60:5d:93,CESI_Recherche,-58.0,2462.0,29332
1789658329899101952,1789658333512392960,1789658333571329648,26,d4:bd:4f:60:5d:91,CESI_HotSpot,-70.0,2462.0,16720
1789658329899101952,1789658333512392960,1789658333571329648,26,d0:21:f9:5f:b3:91,FGNE-Admin,-89.0,5220.0,20908
1789658329899101952,1789658333512392960,1789658333571329648,26,d4:bd:4f:61:f4:51,CESI_HotSpot,-71.0,2447.0,12524
1789658329899101952,1789658333512392960,1789658333571329648,26,d4:bd:4f:61:f4:52,CESI_Robots,-70.0,2447.0,4180
1789658329899101952,1789658333512392960,1789658333571329648,26,d4:bd:4f:61:f4:53,CESI_Recherche,-69.0,2447.0,4180
1789658329899101952,1789658333512392960,1789658333571329648,26,d4:bd:4f:61:f4:54,CESI_Iot,-72.0,2447.0,4180
1789658329899101952,1789658333512392960,1789658333571329648,26,d0:21:f9:5f:d3:97,FGNE-Admin,-72.0,2412.0,4180
1789658329899101952,1789658333512392960,1789658333571329648,26,d4:bd:4f:60:d2:d3,CESI_Recherche,-65.0,2462.0,12
1789658329899101952,1789658333512392960,1789658333571329648,26,2e:86:6a:89:ff:2c,\x00\x00\x00\x00\x00\x00\x00\x00\x00\x00\x00\x00\x00\x00\x00\x00,-86.0,5220.0,12
1789658334073872128,1789658337676224000,1789658337733141587,27,02:91:9e:71:b0:15,poppy_net,-34.0,2412.0,0
1789658334073872128,1789658337676224000,1789658337733141587,27,32:0d:cb:9d:dd:f0,iPhone moe b,-52.0,2412.0,0
1789658334073872128,1789658337676224000,1789658337733141587,27,d4:bd:4f:61:91:30,CESI_Corp,-58.0,2462.0,0
1789658334073872128,1789658337676224000,1789658337733141587,27,d4:bd:4f:61:91:31,CESI_HotSpot,-58.0,2462.0,0
1789658334073872128,1789658337676224000,1789658337733141587,27,d4:bd:4f:a1:d5:90,CESI_Corp,-52.0,5260.0,0
1789658334073872128,1789658337676224000,1789658337733141587,27,d4:bd:4f:a1:d5:91,CESI_HotSpot,-52.0,5260.0,0
1789658334073872128,1789658337676224000,1789658337733141587,27,d4:bd:4f:a1:d5:92,CESI_Robots,-52.0,5260.0,0
1789658334073872128,1789658337676224000,1789658337733141587,27,d4:bd:4f:a1:d5:93,CESI_Recherche,-52.0,5260.0,0
1789658334073872128,1789658337676224000,1789658337733141587,27,d4:bd:4f:a1:d5:94,CESI_Iot,-52.0,5260.0,0
1789658334073872128,1789658337676224000,1789658337733141587,27,d4:bd:4f:a1:a9:70,CESI_Corp,-63.0,5260.0,0
1789658334073872128,1789658337676224000,1789658337733141587,27,d4:bd:4f:a1:a9:71,CESI_HotSpot,-64.0,5260.0,0
1789658334073872128,1789658337676224000,1789658337733141587,27,d4:bd:4f:a1:a9:72,CESI_Robots,-63.0,5260.0,0
1789658334073872128,1789658337676224000,1789658337733141587,27,d4:bd:4f:a1:a9:73,CESI_Recherche,-63.0,5260.0,0
1789658334073872128,1789658337676224000,1789658337733141587,27,d4:bd:4f:a1:a9:74,CESI_Iot,-62.0,5260.0,0
1789658334073872128,1789658337676224000,1789658337733141587,27,d4:bd:4f:a0:5d:90,CESI_Corp,-77.0,5260.0,0
1789658334073872128,1789658337676224000,1789658337733141587,27,d4:bd:4f:a0:5d:91,CESI_HotSpot,-77.0,5260.0,0
1789658334073872128,1789658337676224000,1789658337733141587,27,d4:bd:4f:a0:5d:92,CESI_Robots,-77.0,5260.0,0
1789658334073872128,1789658337676224000,1789658337733141587,27,d4:bd:4f:a0:5d:93,CESI_Recherche,-78.0,5260.0,0
1789658334073872128,1789658337676224000,1789658337733141587,27,d4:bd:4f:a0:5d:94,CESI_Iot,-77.0,5260.0,0
1789658334073872128,1789658337676224000,1789658337733141587,27,7c:26:64:69:50:05,,-62.0,5320.0,0
1789658334073872128,1789658337676224000,1789658337733141587,27,d4:bd:4f:61:d5:91,CESI_HotSpot,-48.0,2462.0,0
1789658334073872128,1789658337676224000,1789658337733141587,27,d4:bd:4f:61:91:32,CESI_Robots,-64.0,2462.0,16672
1789658334073872128,1789658337676224000,1789658337733141587,27,d4:bd:4f:61:91:33,CESI_Recherche,-58.0,2462.0,0
1789658334073872128,1789658337676224000,1789658337733141587,27,d4:bd:4f:61:91:34,CESI_Iot,-59.0,2462.0,0
1789658334073872128,1789658337676224000,1789658337733141587,27,d4:bd:4f:a1:91:30,CESI_Corp,-65.0,5260.0,0
1789658334073872128,1789658337676224000,1789658337733141587,27,d4:bd:4f:a1:91:31,CESI_HotSpot,-66.0,5260.0,0
1789658334073872128,1789658337676224000,1789658337733141587,27,d4:bd:4f:a1:91:32,CESI_Robots,-66.0,5260.0,0
1789658334073872128,1789658337676224000,1789658337733141587,27,d4:bd:4f:a1:91:33,CESI_Recherche,-66.0,5260.0,0
1789658334073872128,1789658337676224000,1789658337733141587,27,d4:bd:4f:a1:91:34,CESI_Iot,-66.0,5260.0,0
1789658334073872128,1789658337676224000,1789658337733141587,27,d4:bd:4f:a0:d2:d0,CESI_Corp,-75.0,5260.0,0
1789658334073872128,1789658337676224000,1789658337733141587,27,d4:bd:4f:a0:d2:d1,CESI_HotSpot,-71.0,5260.0,12456
1789658334073872128,1789658337676224000,1789658337733141587,27,d4:bd:4f:a0:d2:d2,CESI_Robots,-73.0,5260.0,4160
1789658334073872128,1789658337676224000,1789658337733141587,27,d4:bd:4f:a0:d2:d3,CESI_Recherche,-77.0,5260.0,4
1789658334073872128,1789658337676224000,1789658337733141587,27,d4:bd:4f:a0:d2:d4,CESI_Iot,-77.0,5260.0,4
1789658334073872128,1789658337676224000,1789658337733141587,27,94:b3:4f:bc:d6:a2,CESI_Robots,-77.0,5180.0,4
1789658334073872128,1789658337676224000,1789658337733141587,27,94:b3:4f:bc:d6:a3,CESI_Recherche,-77.0,5180.0,4
1789658334073872128,1789658337676224000,1789658337733141587,27,94:b3:4f:bc:d6:a4,CESI_Iot,-77.0,5180.0,4
1789658334073872128,1789658337676224000,1789658337733141587,27,7a:45:58:98:a3:5f,Cepsup-Etudiants,-67.0,2437.0,4
1789658334073872128,1789658337676224000,1789658337733141587,27,94:b3:4f:bc:d6:a0,CESI_Corp,-77.0,5180.0,4
1789658334073872128,1789658337676224000,1789658337733141587,27,94:b3:4f:bc:d6:a1,CESI_HotSpot,-77.0,5180.0,4
1789658334073872128,1789658337676224000,1789658337733141587,27,78:45:58:d8:a3:5f,FGNE-Admin,-69.0,2437.0,4
1789658334073872128,1789658337676224000,1789658337733141587,27,7a:45:58:98:a3:60,Cepsup-Etudiants,-87.0,5180.0,29296
1789658334073872128,1789658337676224000,1789658337733141587,27,d4:bd:4f:61:d5:92,CESI_Robots,-54.0,2462.0,8332
1789658334073872128,1789658337676224000,1789658337733141587,27,d4:bd:4f:61:d5:93,CESI_Recherche,-54.0,2462.0,8332
1789658334073872128,1789658337676224000,1789658337733141587,27,7a:45:58:a8:a3:5f,,-68.0,2437.0,4
1789658334073872128,1789658337676224000,1789658337733141587,27,d4:bd:4f:60:d2:d0,CESI_Corp,-66.0,2462.0,4
1789658334073872128,1789658337676224000,1789658337733141587,27,d4:bd:4f:61:a9:70,CESI_Corp,-48.0,2462.0,4
1789658334073872128,1789658337676224000,1789658337733141587,27,d4:bd:4f:61:d5:90,CESI_Corp,-47.0,2462.0,4
1789658334073872128,1789658337676224000,1789658337733141587,27,d4:bd:4f:61:a9:72,CESI_Robots,-51.0,2462.0,12460
1789658334073872128,1789658337676224000,1789658337733141587,27,d4:bd:4f:61:d5:94,CESI_Iot,-54.0,2462.0,8332
1789658334073872128,1789658337676224000,1789658337733141587,27,7c:26:64:69:50:04,,-51.0,2462.0,8332
1789658334073872128,1789658337676224000,1789658337733141587,27,d4:bd:4f:61:a9:73,CESI_Recherche,-58.0,2462.0,4
1789658334073872128,1789658337676224000,1789658337733141587,27,d4:bd:4f:61:a9:74,CESI_Iot,-58.0,2462.0,4
1789658334073872128,1789658337676224000,1789658337733141587,27,d4:bd:4f:61:a9:71,CESI_HotSpot,-48.0,2462.0,4
1789658334073872128,1789658337676224000,1789658337733141587,27,70:a7:41:72:25:eb,FGNE-Admin,-68.0,5220.0,4
1789658334073872128,1789658337676224000,1789658337733141587,27,72:a7:41:12:25:eb,Cepsup-Etudiants,-68.0,5220.0,4
1789658334073872128,1789658337676224000,1789658337733141587,27,d4:bd:4f:60:d2:d4,CESI_Iot,-66.0,2462.0,4
1789658334073872128,1789658337676224000,1789658337733141587,27,72:a7:41:22:25:eb,,-68.0,5220.0,4
1789658334073872128,1789658337676224000,1789658337733141587,27,d4:bd:4f:60:d2:d2,CESI_Robots,-66.0,2462.0,4
1789658334073872128,1789658337676224000,1789658337733141587,27,d2:21:f9:1f:d3:98,Cepsup-Etudiants,-86.0,5200.0,4
1789658334073872128,1789658337676224000,1789658337733141587,27,d0:21:f9:5f:d3:98,FGNE-Admin,-85.0,5200.0,4
1789658334073872128,1789658337676224000,1789658337733141587,27,d4:bd:4f:60:d2:d1,CESI_HotSpot,-66.0,2462.0,4
1789658334073872128,1789658337676224000,1789658337733141587,27,70:a7:41:72:25:ea,FGNE-Admin,-59.0,2462.0,4
1789658334073872128,1789658337676224000,1789658337733141587,27,d4:bd:4f:a1:f4:54,CESI_Iot,-85.0,5180.0,12460
1789658334073872128,1789658337676224000,1789658337733141587,27,d2:21:f9:2f:d3:98,,-85.0,5200.0,4
1789658334073872128,1789658337676224000,1789658337733141587,27,72:a7:41:12:25:ea,Cepsup-Etudiants,-62.0,2462.0,4164
1789658334073872128,1789658337676224000,1789658337733141587,27,d4:bd:4f:a1:f4:50,CESI_Corp,-79.0,5180.0,20876
1789658334073872128,1789658337676224000,1789658337733141587,27,d4:bd:4f:a1:f4:51,CESI_HotSpot,-78.0,5180.0,20876
1789658334073872128,1789658337676224000,1789658337733141587,27,d4:bd:4f:a1:f4:52,CESI_Robots,-79.0,5180.0,20876
1789658334073872128,1789658337676224000,1789658337733141587,27,d4:bd:4f:a1:f4:53,CESI_Recherche,-79.0,5180.0,20876
1789658334073872128,1789658337676224000,1789658337733141587,27,d2:21:f9:1f:d3:97,Cepsup-Etudiants,-72.0,2412.0,8336
1789658334073872128,1789658337676224000,1789658337733141587,27,72:a7:41:22:25:ea,,-62.0,2462.0,8336
1789658334073872128,1789658337676224000,1789658337733141587,27,d4:bd:4f:60:5d:92,CESI_Robots,-70.0,2462.0,20876
1789658334073872128,1789658337676224000,1789658337733141587,27,d2:21:f9:1f:b3:91,Cepsup-Etudiants,-86.0,5220.0,25064
1789658334073872128,1789658337676224000,1789658337733141587,27,d2:21:f9:2f:b3:91,,-87.0,5220.0,25064
1789658334073872128,1789658337676224000,1789658337733141587,27,d4:bd:4f:60:5d:90,CESI_Corp,-63.0,2462.0,8
1789658334073872128,1789658337676224000,1789658337733141587,27,d4:bd:4f:61:f4:50,CESI_Corp,-70.0,2447.0,16680
1789658334073872128,1789658337676224000,1789658337733141587,27,d4:bd:4f:60:5d:91,CESI_HotSpot,-65.0,2462.0,8
1789658334073872128,1789658337676224000,1789658337733141587,27,d0:21:f9:5f:b3:91,FGNE-Admin,-89.0,5220.0,25064
1789658334073872128,1789658337676224000,1789658337733141587,27,d4:bd:4f:61:f4:51,CESI_HotSpot,-71.0,2447.0,16680
1789658334073872128,1789658337676224000,1789658337733141587,27,d4:bd:4f:61:f4:52,CESI_Robots,-70.0,2447.0,8336
1789658334073872128,1789658337676224000,1789658337733141587,27,d4:bd:4f:61:f4:53,CESI_Recherche,-69.0,2447.0,8336
1789658334073872128,1789658337676224000,1789658337733141587,27,d4:bd:4f:61:f4:54,CESI_Iot,-72.0,2447.0,8336
1789658334073872128,1789658337676224000,1789658337733141587,27,d0:21:f9:5f:d3:97,FGNE-Admin,-72.0,2412.0,8336
1789658334073872128,1789658337676224000,1789658337733141587,27,d4:bd:4f:60:d2:d3,CESI_Recherche,-66.0,2462.0,8
1789658334073872128,1789658337676224000,1789658337733141587,27,2e:86:6a:89:ff:2c,\x00\x00\x00\x00\x00\x00\x00\x00\x00\x00\x00\x00\x00\x00\x00\x00,-86.0,5220.0,4168
1789658338237306112,1789658341865360896,1789658341920065166,28,02:91:9e:71:b0:15,poppy_net,-37.0,2412.0,0
1789658338237306112,1789658341865360896,1789658341920065166,28,32:0d:cb:9d:dd:f0,iPhone moe b,-59.0,2412.0,0
1789658338237306112,1789658341865360896,1789658341920065166,28,d4:bd:4f:61:91:30,CESI_Corp,-64.0,2462.0,0
1789658338237306112,1789658341865360896,1789658341920065166,28,d4:bd:4f:61:91:31,CESI_HotSpot,-65.0,2462.0,0
1789658338237306112,1789658341865360896,1789658341920065166,28,d4:bd:4f:a1:d5:90,CESI_Corp,-50.0,5260.0,0
1789658338237306112,1789658341865360896,1789658341920065166,28,d4:bd:4f:a1:d5:91,CESI_HotSpot,-50.0,5260.0,0
1789658338237306112,1789658341865360896,1789658341920065166,28,d4:bd:4f:a1:d5:92,CESI_Robots,-50.0,5260.0,0
1789658338237306112,1789658341865360896,1789658341920065166,28,d4:bd:4f:a1:d5:93,CESI_Recherche,-50.0,5260.0,0
1789658338237306112,1789658341865360896,1789658341920065166,28,d4:bd:4f:a1:d5:94,CESI_Iot,-50.0,5260.0,0
1789658338237306112,1789658341865360896,1789658341920065166,28,d4:bd:4f:a1:a9:70,CESI_Corp,-57.0,5260.0,0
1789658338237306112,1789658341865360896,1789658341920065166,28,d4:bd:4f:a1:a9:71,CESI_HotSpot,-57.0,5260.0,0
1789658338237306112,1789658341865360896,1789658341920065166,28,d4:bd:4f:a1:a9:72,CESI_Robots,-57.0,5260.0,0
1789658338237306112,1789658341865360896,1789658341920065166,28,d4:bd:4f:a1:a9:73,CESI_Recherche,-57.0,5260.0,0
1789658338237306112,1789658341865360896,1789658341920065166,28,d4:bd:4f:a1:a9:74,CESI_Iot,-57.0,5260.0,0
1789658338237306112,1789658341865360896,1789658341920065166,28,d4:bd:4f:a0:5d:90,CESI_Corp,-72.0,5260.0,0
1789658338237306112,1789658341865360896,1789658341920065166,28,d4:bd:4f:a0:5d:91,CESI_HotSpot,-72.0,5260.0,0
1789658338237306112,1789658341865360896,1789658341920065166,28,d4:bd:4f:a0:5d:92,CESI_Robots,-72.0,5260.0,0
1789658338237306112,1789658341865360896,1789658341920065166,28,d4:bd:4f:a0:5d:93,CESI_Recherche,-72.0,5260.0,0
1789658338237306112,1789658341865360896,1789658341920065166,28,d4:bd:4f:a0:5d:94,CESI_Iot,-72.0,5260.0,0
1789658338237306112,1789658341865360896,1789658341920065166,28,7c:26:64:69:50:05,,-55.0,5320.0,0
1789658338237306112,1789658341865360896,1789658341920065166,28,d4:bd:4f:61:d5:91,CESI_HotSpot,-42.0,2462.0,0
1789658338237306112,1789658341865360896,1789658341920065166,28,d4:bd:4f:61:91:32,CESI_Robots,-65.0,2462.0,0
1789658338237306112,1789658341865360896,1789658341920065166,28,d4:bd:4f:61:91:33,CESI_Recherche,-61.0,2462.0,0
1789658338237306112,1789658341865360896,1789658341920065166,28,d4:bd:4f:61:91:34,CESI_Iot,-61.0,2462.0,0
1789658338237306112,1789658341865360896,1789658341920065166,28,d4:bd:4f:a1:91:30,CESI_Corp,-64.0,5260.0,0
1789658338237306112,1789658341865360896,1789658341920065166,28,d4:bd:4f:a1:91:31,CESI_HotSpot,-64.0,5260.0,0
1789658338237306112,1789658341865360896,1789658341920065166,28,d4:bd:4f:a1:91:32,CESI_Robots,-63.0,5260.0,0
1789658338237306112,1789658341865360896,1789658341920065166,28,d4:bd:4f:a1:91:33,CESI_Recherche,-63.0,5260.0,0
1789658338237306112,1789658341865360896,1789658341920065166,28,d4:bd:4f:a1:91:34,CESI_Iot,-63.0,5260.0,0
1789658338237306112,1789658341865360896,1789658341920065166,28,d4:bd:4f:a0:d2:d0,CESI_Corp,-75.0,5260.0,4192
1789658338237306112,1789658341865360896,1789658341920065166,28,d4:bd:4f:a0:d2:d1,CESI_HotSpot,-76.0,5260.0,0
1789658338237306112,1789658341865360896,1789658341920065166,28,d4:bd:4f:a0:d2:d2,CESI_Robots,-76.0,5260.0,0
1789658338237306112,1789658341865360896,1789658341920065166,28,d4:bd:4f:a0:d2:d3,CESI_Recherche,-76.0,5260.0,0
1789658338237306112,1789658341865360896,1789658341920065166,28,d4:bd:4f:a0:d2:d4,CESI_Iot,-76.0,5260.0,0
1789658338237306112,1789658341865360896,1789658341920065166,28,94:b3:4f:bc:d6:a2,CESI_Robots,-76.0,5180.0,0
1789658338237306112,1789658341865360896,1789658341920065166,28,94:b3:4f:bc:d6:a3,CESI_Recherche,-74.0,5180.0,0
1789658338237306112,1789658341865360896,1789658341920065166,28,94:b3:4f:bc:d6:a4,CESI_Iot,-75.0,5180.0,0
1789658338237306112,1789658341865360896,1789658341920065166,28,7a:45:58:98:a3:5f,Cepsup-Etudiants,-67.0,2437.0,4192
1789658338237306112,1789658341865360896,1789658341920065166,28,94:b3:4f:bc:d6:a0,CESI_Corp,-75.0,5180.0,0
1789658338237306112,1789658341865360896,1789658341920065166,28,94:b3:4f:bc:d6:a1,CESI_HotSpot,-75.0,5180.0,0
1789658338237306112,1789658341865360896,1789658341920065166,28,78:45:58:d8:a3:5f,FGNE-Admin,-69.0,2437.0,4192
1789658338237306112,1789658341865360896,1789658341920065166,28,d4:bd:4f:61:d5:92,CESI_Robots,-46.0,2462.0,0
1789658338237306112,1789658341865360896,1789658341920065166,28,d4:bd:4f:61:d5:93,CESI_Recherche,-45.0,2462.0,0
1789658338237306112,1789658341865360896,1789658341920065166,28,7a:45:58:a8:a3:5f,,-68.0,2437.0,4192
1789658338237306112,1789658341865360896,1789658341920065166,28,d4:bd:4f:60:d2:d0,CESI_Corp,-63.0,2462.0,0
1789658338237306112,1789658341865360896,1789658341920065166,28,d4:bd:4f:61:a9:70,CESI_Corp,-51.0,2462.0,0
1789658338237306112,1789658341865360896,1789658341920065166,28,d4:bd:4f:61:d5:90,CESI_Corp,-42.0,2462.0,0
1789658338237306112,1789658341865360896,1789658341920065166,28,d4:bd:4f:61:a9:72,CESI_Robots,-61.0,2462.0,0
1789658338237306112,1789658341865360896,1789658341920065166,28,d4:bd:4f:61:d5:94,CESI_Iot,-46.0,2462.0,0
1789658338237306112,1789658341865360896,1789658341920065166,28,7c:26:64:69:50:04,,-63.0,2462.0,0
1789658338237306112,1789658341865360896,1789658341920065166,28,d4:bd:4f:61:a9:73,CESI_Recherche,-59.0,2462.0,0
1789658338237306112,1789658341865360896,1789658341920065166,28,d4:bd:4f:61:a9:74,CESI_Iot,-52.0,2462.0,0
1789658338237306112,1789658341865360896,1789658341920065166,28,d4:bd:4f:61:a9:71,CESI_HotSpot,-58.0,2462.0,0
1789658338237306112,1789658341865360896,1789658341920065166,28,70:a7:41:72:25:eb,FGNE-Admin,-70.0,5220.0,0
1789658338237306112,1789658341865360896,1789658341920065166,28,72:a7:41:12:25:eb,Cepsup-Etudiants,-70.0,5220.0,0
1789658338237306112,1789658341865360896,1789658341920065166,28,d4:bd:4f:60:d2:d4,CESI_Iot,-64.0,2462.0,0
1789658338237306112,1789658341865360896,1789658341920065166,28,72:a7:41:22:25:eb,,-68.0,5220.0,4192
1789658338237306112,1789658341865360896,1789658341920065166,28,d4:bd:4f:60:d2:d2,CESI_Robots,-63.0,2462.0,0
1789658338237306112,1789658341865360896,1789658341920065166,28,d2:21:f9:1f:d3:98,Cepsup-Etudiants,-86.0,5200.0,4192
1789658338237306112,1789658341865360896,1789658341920065166,28,d0:21:f9:5f:d3:98,FGNE-Admin,-85.0,5200.0,4192
1789658338237306112,1789658341865360896,1789658341920065166,28,d4:bd:4f:60:d2:d1,CESI_HotSpot,-63.0,2462.0,0
1789658338237306112,1789658341865360896,1789658341920065166,28,70:a7:41:72:25:ea,FGNE-Admin,-67.0,2462.0,0
1789658338237306112,1789658341865360896,1789658341920065166,28,d4:bd:4f:a1:f4:54,CESI_Iot,-80.0,5180.0,0
1789658338237306112,1789658341865360896,1789658341920065166,28,d2:21:f9:2f:d3:98,,-82.0,5200.0,0
1789658338237306112,1789658341865360896,1789658341920065166,28,72:a7:41:12:25:ea,Cepsup-Etudiants,-67.0,2462.0,0
1789658338237306112,1789658341865360896,1789658341920065166,28,d4:bd:4f:a1:f4:50,CESI_Corp,-79.0,5180.0,25060
1789658338237306112,1789658341865360896,1789658341920065166,28,d4:bd:4f:a1:f4:51,CESI_HotSpot,-80.0,5180.0,4
1789658338237306112,1789658341865360896,1789658341920065166,28,d4:bd:4f:a1:f4:52,CESI_Robots,-79.0,5180.0,4
1789658338237306112,1789658341865360896,1789658341920065166,28,d4:bd:4f:a1:f4:53,CESI_Recherche,-79.0,5180.0,4
1789658338237306112,1789658341865360896,1789658341920065166,28,d2:21:f9:1f:d3:97,Cepsup-Etudiants,-72.0,2412.0,4
1789658338237306112,1789658341865360896,1789658341920065166,28,72:a7:41:22:25:ea,,-62.0,2462.0,12524
1789658338237306112,1789658341865360896,1789658341920065166,28,d4:bd:4f:60:5d:92,CESI_Robots,-70.0,2462.0,25064
1789658338237306112,1789658341865360896,1789658341920065166,28,d2:21:f9:1f:b3:91,Cepsup-Etudiants,-91.0,5220.0,4
1789658338237306112,1789658341865360896,1789658341920065166,28,d2:21:f9:2f:b3:91,,-88.0,5220.0,4
1789658338237306112,1789658341865360896,1789658341920065166,28,d4:bd:4f:60:5d:90,CESI_Corp,-63.0,2462.0,4196
1789658338237306112,1789658341865360896,1789658341920065166,28,d4:bd:4f:61:f4:50,CESI_Corp,-70.0,2447.0,20868
1789658338237306112,1789658341865360896,1789658341920065166,28,d4:bd:4f:60:5d:91,CESI_HotSpot,-65.0,2462.0,4196
1789658338237306112,1789658341865360896,1789658341920065166,28,d0:21:f9:5f:b3:91,FGNE-Admin,-90.0,5220.0,4
1789658338237306112,1789658341865360896,1789658341920065166,28,d4:bd:4f:61:f4:51,CESI_HotSpot,-71.0,2447.0,20868
1789658338237306112,1789658341865360896,1789658341920065166,28,d4:bd:4f:61:f4:52,CESI_Robots,-70.0,2447.0,12524
1789658338237306112,1789658341865360896,1789658341920065166,28,d4:bd:4f:61:f4:53,CESI_Recherche,-69.0,2447.0,12524
1789658338237306112,1789658341865360896,1789658341920065166,28,d4:bd:4f:61:f4:54,CESI_Iot,-72.0,2447.0,12524
1789658338237306112,1789658341865360896,1789658341920065166,28,d0:21:f9:5f:d3:97,FGNE-Admin,-72.0,2412.0,4
1789658338237306112,1789658341865360896,1789658341920065166,28,d4:bd:4f:60:d2:d3,CESI_Recherche,-64.0,2462.0,4
1789658338237306112,1789658341865360896,1789658341920065166,28,2e:86:6a:89:ff:2c,\x00\x00\x00\x00\x00\x00\x00\x00\x00\x00\x00\x00\x00\x00\x00\x00,-86.0,5220.0,8356
1789658338237306112,1789658341865360896,1789658341920065166,28,78:45:58:d8:a3:60,FGNE-Admin,-79.0,5180.0,4
1789658342423147008,1789658346110717952,1789658346170077177,29,02:91:9e:71:b0:15,poppy_net,-35.0,2412.0,4
1789658342423147008,1789658346110717952,1789658346170077177,29,32:0d:cb:9d:dd:f0,iPhone moe b,-44.0,2412.0,4
1789658342423147008,1789658346110717952,1789658346170077177,29,d4:bd:4f:61:91:30,CESI_Corp,-56.0,2462.0,4
1789658342423147008,1789658346110717952,1789658346170077177,29,d4:bd:4f:61:91:31,CESI_HotSpot,-65.0,2462.0,4248
1789658342423147008,1789658346110717952,1789658346170077177,29,d4:bd:4f:a1:d5:90,CESI_Corp,-48.0,5260.0,4
1789658342423147008,1789658346110717952,1789658346170077177,29,d4:bd:4f:a1:d5:91,CESI_HotSpot,-49.0,5260.0,4
1789658342423147008,1789658346110717952,1789658346170077177,29,d4:bd:4f:a1:d5:92,CESI_Robots,-48.0,5260.0,4
1789658342423147008,1789658346110717952,1789658346170077177,29,d4:bd:4f:a1:d5:93,CESI_Recherche,-48.0,5260.0,4
1789658342423147008,1789658346110717952,1789658346170077177,29,d4:bd:4f:a1:d5:94,CESI_Iot,-49.0,5260.0,4
1789658342423147008,1789658346110717952,1789658346170077177,29,d4:bd:4f:a1:a9:70,CESI_Corp,-54.0,5260.0,4
1789658342423147008,1789658346110717952,1789658346170077177,29,d4:bd:4f:a1:a9:71,CESI_HotSpot,-54.0,5260.0,4
1789658342423147008,1789658346110717952,1789658346170077177,29,d4:bd:4f:a1:a9:72,CESI_Robots,-54.0,5260.0,4
1789658342423147008,1789658346110717952,1789658346170077177,29,d4:bd:4f:a1:a9:73,CESI_Recherche,-54.0,5260.0,4
1789658342423147008,1789658346110717952,1789658346170077177,29,d4:bd:4f:a1:a9:74,CESI_Iot,-54.0,5260.0,4
1789658342423147008,1789658346110717952,1789658346170077177,29,d4:bd:4f:a0:5d:90,CESI_Corp,-66.0,5260.0,4
1789658342423147008,1789658346110717952,1789658346170077177,29,d4:bd:4f:a0:5d:91,CESI_HotSpot,-66.0,5260.0,4
1789658342423147008,1789658346110717952,1789658346170077177,29,d4:bd:4f:a0:5d:92,CESI_Robots,-66.0,5260.0,4
1789658342423147008,1789658346110717952,1789658346170077177,29,d4:bd:4f:a0:5d:93,CESI_Recherche,-66.0,5260.0,4
1789658342423147008,1789658346110717952,1789658346170077177,29,d4:bd:4f:a0:5d:94,CESI_Iot,-65.0,5260.0,4
1789658342423147008,1789658346110717952,1789658346170077177,29,7c:26:64:69:50:05,,-61.0,5320.0,4
1789658342423147008,1789658346110717952,1789658346170077177,29,d4:bd:4f:61:d5:91,CESI_HotSpot,-51.0,2462.0,4
1789658342423147008,1789658346110717952,1789658346170077177,29,d4:bd:4f:61:91:32,CESI_Robots,-65.0,2462.0,4248
1789658342423147008,1789658346110717952,1789658346170077177,29,d4:bd:4f:61:91:33,CESI_Recherche,-61.0,2462.0,4248
1789658342423147008,1789658346110717952,1789658346170077177,29,d4:bd:4f:61:91:34,CESI_Iot,-61.0,2462.0,4248
1789658342423147008,1789658346110717952,1789658346170077177,29,d4:bd:4f:a1:91:30,CESI_Corp,-58.0,5260.0,4
1789658342423147008,1789658346110717952,1789658346170077177,29,d4:bd:4f:a1:91:31,CESI_HotSpot,-59.0,5260.0,4
1789658342423147008,1789658346110717952,1789658346170077177,29,d4:bd:4f:a1:91:32,CESI_Robots,-59.0,5260.0,4
1789658342423147008,1789658346110717952,1789658346170077177,29,d4:bd:4f:a1:91:33,CESI_Recherche,-59.0,5260.0,4
1789658342423147008,1789658346110717952,1789658346170077177,29,d4:bd:4f:a1:91:34,CESI_Iot,-59.0,5260.0,4
1789658342423147008,1789658346110717952,1789658346170077177,29,d4:bd:4f:a0:d2:d0,CESI_Corp,-70.0,5260.0,4
1789658342423147008,1789658346110717952,1789658346170077177,29,d4:bd:4f:a0:d2:d1,CESI_HotSpot,-70.0,5260.0,4
1789658342423147008,1789658346110717952,1789658346170077177,29,d4:bd:4f:a0:d2:d2,CESI_Robots,-69.0,5260.0,4
1789658342423147008,1789658346110717952,1789658346170077177,29,d4:bd:4f:a0:d2:d3,CESI_Recherche,-69.0,5260.0,4
1789658342423147008,1789658346110717952,1789658346170077177,29,d4:bd:4f:a0:d2:d4,CESI_Iot,-70.0,5260.0,4
1789658342423147008,1789658346110717952,1789658346170077177,29,94:b3:4f:bc:d6:a2,CESI_Robots,-75.0,5180.0,4
1789658342423147008,1789658346110717952,1789658346170077177,29,94:b3:4f:bc:d6:a3,CESI_Recherche,-74.0,5180.0,4
1789658342423147008,1789658346110717952,1789658346170077177,29,94:b3:4f:bc:d6:a4,CESI_Iot,-73.0,5180.0,4
1789658342423147008,1789658346110717952,1789658346170077177,29,7a:45:58:98:a3:5f,Cepsup-Etudiants,-67.0,2437.0,8440
1789658342423147008,1789658346110717952,1789658346170077177,29,94:b3:4f:bc:d6:a0,CESI_Corp,-75.0,5180.0,4
1789658342423147008,1789658346110717952,1789658346170077177,29,94:b3:4f:bc:d6:a1,CESI_HotSpot,-75.0,5180.0,4
1789658342423147008,1789658346110717952,1789658346170077177,29,78:45:58:d8:a3:5f,FGNE-Admin,-69.0,2437.0,8440
1789658342423147008,1789658346110717952,1789658346170077177,29,d4:bd:4f:61:d5:92,CESI_Robots,-51.0,2462.0,4
1789658342423147008,1789658346110717952,1789658346170077177,29,d4:bd:4f:61:d5:93,CESI_Recherche,-51.0,2462.0,4
1789658342423147008,1789658346110717952,1789658346170077177,29,7a:45:58:a8:a3:5f,,-68.0,2437.0,8440
1789658342423147008,1789658346110717952,1789658346170077177,29,d4:bd:4f:60:d2:d0,CESI_Corp,-69.0,2462.0,4
1789658342423147008,1789658346110717952,1789658346170077177,29,d4:bd:4f:61:a9:70,CESI_Corp,-51.0,2462.0,4
1789658342423147008,1789658346110717952,1789658346170077177,29,d4:bd:4f:61:d5:90,CESI_Corp,-51.0,2462.0,4
1789658342423147008,1789658346110717952,1789658346170077177,29,d4:bd:4f:61:a9:72,CESI_Robots,-52.0,2462.0,4
1789658342423147008,1789658346110717952,1789658346170077177,29,d4:bd:4f:61:d5:94,CESI_Iot,-51.0,2462.0,4
1789658342423147008,1789658346110717952,1789658346170077177,29,7c:26:64:69:50:04,,-55.0,2462.0,4
1789658342423147008,1789658346110717952,1789658346170077177,29,d4:bd:4f:61:a9:73,CESI_Recherche,-59.0,2462.0,4248
1789658342423147008,1789658346110717952,1789658346170077177,29,d4:bd:4f:61:a9:74,CESI_Iot,-52.0,2462.0,4248
1789658342423147008,1789658346110717952,1789658346170077177,29,d4:bd:4f:61:a9:71,CESI_HotSpot,-52.0,2462.0,4
1789658342423147008,1789658346110717952,1789658346170077177,29,70:a7:41:72:25:eb,FGNE-Admin,-68.0,5220.0,4
1789658342423147008,1789658346110717952,1789658346170077177,29,72:a7:41:12:25:eb,Cepsup-Etudiants,-68.0,5220.0,4
1789658342423147008,1789658346110717952,1789658346170077177,29,d4:bd:4f:60:d2:d4,CESI_Iot,-64.0,2462.0,4248
1789658342423147008,1789658346110717952,1789658346170077177,29,72:a7:41:22:25:eb,,-68.0,5220.0,8440
1789658342423147008,1789658346110717952,1789658346170077177,29,d4:bd:4f:60:d2:d2,CESI_Robots,-63.0,2462.0,4248
1789658342423147008,1789658346110717952,1789658346170077177,29,d2:21:f9:1f:d3:98,Cepsup-Etudiants,-86.0,5200.0,8440
1789658342423147008,1789658346110717952,1789658346170077177,29,d0:21:f9:5f:d3:98,FGNE-Admin,-85.0,5200.0,8440
1789658342423147008,1789658346110717952,1789658346170077177,29,d4:bd:4f:60:d2:d1,CESI_HotSpot,-69.0,2462.0,4
1789658342423147008,1789658346110717952,1789658346170077177,29,70:a7:41:72:25:ea,FGNE-Admin,-58.0,2462.0,4
1789658342423147008,1789658346110717952,1789658346170077177,29,d4:bd:4f:a1:f4:54,CESI_Iot,-80.0,5180.0,4
1789658342423147008,1789658346110717952,1789658346170077177,29,d2:21:f9:2f:d3:98,,-85.0,5200.0,4
1789658342423147008,1789658346110717952,1789658346170077177,29,72:a7:41:12:25:ea,Cepsup-Etudiants,-58.0,2462.0,4
1789658342423147008,1789658346110717952,1789658346170077177,29,d4:bd:4f:a1:f4:50,CESI_Corp,-81.0,5180.0,4
1789658342423147008,1789658346110717952,1789658346170077177,29,d4:bd:4f:a1:f4:51,CESI_HotSpot,-81.0,5180.0,8
1789658342423147008,1789658346110717952,1789658346170077177,29,d4:bd:4f:a1:f4:52,CESI_Robots,-81.0,5180.0,8
1789658342423147008,1789658346110717952,1789658346170077177,29,d4:bd:4f:a1:f4:53,CESI_Recherche,-80.0,5180.0,8
1789658342423147008,1789658346110717952,1789658346170077177,29,d2:21:f9:1f:d3:97,Cepsup-Etudiants,-72.0,2412.0,4252
1789658342423147008,1789658346110717952,1789658346170077177,29,72:a7:41:22:25:ea,,-61.0,2462.0,8
1789658342423147008,1789658346110717952,1789658346170077177,29,d4:bd:4f:60:5d:92,CESI_Robots,-70.0,2462.0,29312
1789658342423147008,1789658346110717952,1789658346170077177,29,d2:21:f9:1f:b3:91,Cepsup-Etudiants,-91.0,5220.0,4252
1789658342423147008,1789658346110717952,1789658346170077177,29,d2:21:f9:2f:b3:91,,-90.0,5220.0,8
1789658342423147008,1789658346110717952,1789658346170077177,29,d4:bd:4f:60:5d:90,CESI_Corp,-63.0,2462.0,8444
1789658342423147008,1789658346110717952,1789658346170077177,29,d4:bd:4f:61:f4:50,CESI_Corp,-70.0,2447.0,25116
1789658342423147008,1789658346110717952,1789658346170077177,29,d4:bd:4f:60:5d:91,CESI_HotSpot,-65.0,2462.0,8444
1789658342423147008,1789658346110717952,1789658346170077177,29,d0:21:f9:5f:b3:91,FGNE-Admin,-90.0,5220.0,4252
1789658342423147008,1789658346110717952,1789658346170077177,29,d4:bd:4f:61:f4:51,CESI_HotSpot,-71.0,2447.0,25116
1789658342423147008,1789658346110717952,1789658346170077177,29,d4:bd:4f:61:f4:52,CESI_Robots,-61.0,2447.0,8
1789658342423147008,1789658346110717952,1789658346170077177,29,d4:bd:4f:61:f4:53,CESI_Recherche,-69.0,2447.0,16772
1789658342423147008,1789658346110717952,1789658346170077177,29,d4:bd:4f:61:f4:54,CESI_Iot,-72.0,2447.0,16772
1789658342423147008,1789658346110717952,1789658346170077177,29,d0:21:f9:5f:d3:97,FGNE-Admin,-72.0,2412.0,4252
1789658342423147008,1789658346110717952,1789658346170077177,29,d4:bd:4f:60:d2:d3,CESI_Recherche,-64.0,2462.0,4252
1789658342423147008,1789658346110717952,1789658346170077177,29,2e:86:6a:89:ff:2c,\x00\x00\x00\x00\x00\x00\x00\x00\x00\x00\x00\x00\x00\x00\x00\x00,-86.0,5220.0,12604
1789658342423147008,1789658346110717952,1789658346170077177,29,78:45:58:d8:a3:60,FGNE-Admin,-86.0,5180.0,8
1789658342423147008,1789658346110717952,1789658346170077177,29,38:9d:92:35:3d:10,EB353D10-EE89sIDJqG1AOAj,-70.0,2462.0,8
1789658346673078016,1789658350268068096,1789658350323114460,30,02:91:9e:71:b0:15,poppy_net,-41.0,2412.0,0
1789658346673078016,1789658350268068096,1789658350323114460,30,32:0d:cb:9d:dd:f0,iPhone moe b,-49.0,2412.0,0
1789658346673078016,1789658350268068096,1789658350323114460,30,d4:bd:4f:61:91:30,CESI_Corp,-53.0,2462.0,0
1789658346673078016,1789658350268068096,1789658350323114460,30,d4:bd:4f:61:91:31,CESI_HotSpot,-54.0,2462.0,0
1789658346673078016,1789658350268068096,1789658350323114460,30,d4:bd:4f:a1:d5:90,CESI_Corp,-50.0,5260.0,0
1789658346673078016,1789658350268068096,1789658350323114460,30,d4:bd:4f:a1:d5:91,CESI_HotSpot,-49.0,5260.0,0
1789658346673078016,1789658350268068096,1789658350323114460,30,d4:bd:4f:a1:d5:92,CESI_Robots,-49.0,5260.0,0
1789658346673078016,1789658350268068096,1789658350323114460,30,d4:bd:4f:a1:d5:93,CESI_Recherche,-49.0,5260.0,0
1789658346673078016,1789658350268068096,1789658350323114460,30,d4:bd:4f:a1:d5:94,CESI_Iot,-50.0,5260.0,0
1789658346673078016,1789658350268068096,1789658350323114460,30,d4:bd:4f:a1:a9:70,CESI_Corp,-58.0,5260.0,0
1789658346673078016,1789658350268068096,1789658350323114460,30,d4:bd:4f:a1:a9:71,CESI_HotSpot,-58.0,5260.0,0
1789658346673078016,1789658350268068096,1789658350323114460,30,d4:bd:4f:a1:a9:72,CESI_Robots,-58.0,5260.0,0
1789658346673078016,1789658350268068096,1789658350323114460,30,d4:bd:4f:a1:a9:73,CESI_Recherche,-57.0,5260.0,0
1789658346673078016,1789658350268068096,1789658350323114460,30,d4:bd:4f:a1:a9:74,CESI_Iot,-57.0,5260.0,0
1789658346673078016,1789658350268068096,1789658350323114460,30,d4:bd:4f:a0:5d:90,CESI_Corp,-68.0,5260.0,0
1789658346673078016,1789658350268068096,1789658350323114460,30,d4:bd:4f:a0:5d:91,CESI_HotSpot,-68.0,5260.0,0
1789658346673078016,1789658350268068096,1789658350323114460,30,d4:bd:4f:a0:5d:92,CESI_Robots,-68.0,5260.0,0
1789658346673078016,1789658350268068096,1789658350323114460,30,d4:bd:4f:a0:5d:93,CESI_Recherche,-68.0,5260.0,0
1789658346673078016,1789658350268068096,1789658350323114460,30,d4:bd:4f:a0:5d:94,CESI_Iot,-68.0,5260.0,0
1789658346673078016,1789658350268068096,1789658350323114460,30,7c:26:64:69:50:05,,-56.0,5320.0,0
1789658346673078016,1789658350268068096,1789658350323114460,30,d4:bd:4f:61:d5:91,CESI_HotSpot,-49.0,2462.0,0
1789658346673078016,1789658350268068096,1789658350323114460,30,d4:bd:4f:61:91:32,CESI_Robots,-54.0,2462.0,0
1789658346673078016,1789658350268068096,1789658350323114460,30,d4:bd:4f:61:91:33,CESI_Recherche,-54.0,2462.0,0
1789658346673078016,1789658350268068096,1789658350323114460,30,d4:bd:4f:61:91:34,CESI_Iot,-56.0,2462.0,0
1789658346673078016,1789658350268068096,1789658350323114460,30,d4:bd:4f:a1:91:30,CESI_Corp,-63.0,5260.0,0
1789658346673078016,1789658350268068096,1789658350323114460,30,d4:bd:4f:a1:91:31,CESI_HotSpot,-62.0,5260.0,0
1789658346673078016,1789658350268068096,1789658350323114460,30,d4:bd:4f:a1:91:32,CESI_Robots,-62.0,5260.0,0
1789658346673078016,1789658350268068096,1789658350323114460,30,d4:bd:4f:a1:91:33,CESI_Recherche,-62.0,5260.0,0
1789658346673078016,1789658350268068096,1789658350323114460,30,d4:bd:4f:a1:91:34,CESI_Iot,-62.0,5260.0,0
1789658346673078016,1789658350268068096,1789658350323114460,30,d4:bd:4f:a0:d2:d0,CESI_Corp,-71.0,5260.0,0
1789658346673078016,1789658350268068096,1789658350323114460,30,d4:bd:4f:a0:d2:d1,CESI_HotSpot,-70.0,5260.0,4164
1789658346673078016,1789658350268068096,1789658350323114460,30,d4:bd:4f:a0:d2:d2,CESI_Robots,-69.0,5260.0,4164
1789658346673078016,1789658350268068096,1789658350323114460,30,d4:bd:4f:a0:d2:d3,CESI_Recherche,-71.0,5260.0,0
1789658346673078016,1789658350268068096,1789658350323114460,30,d4:bd:4f:a0:d2:d4,CESI_Iot,-71.0,5260.0,0
1789658346673078016,1789658350268068096,1789658350323114460,30,94:b3:4f:bc:d6:a2,CESI_Robots,-81.0,5180.0,0
1789658346673078016,1789658350268068096,1789658350323114460,30,94:b3:4f:bc:d6:a3,CESI_Recherche,-82.0,5180.0,0
1789658346673078016,1789658350268068096,1789658350323114460,30,94:b3:4f:bc:d6:a4,CESI_Iot,-80.0,5180.0,0
1789658346673078016,1789658350268068096,1789658350323114460,30,7a:45:58:98:a3:5f,Cepsup-Etudiants,-67.0,2437.0,12600
1789658346673078016,1789658350268068096,1789658350323114460,30,94:b3:4f:bc:d6:a0,CESI_Corp,-82.0,5180.0,0
1789658346673078016,1789658350268068096,1789658350323114460,30,94:b3:4f:bc:d6:a1,CESI_HotSpot,-82.0,5180.0,0
1789658346673078016,1789658350268068096,1789658350323114460,30,78:45:58:d8:a3:5f,FGNE-Admin,-69.0,2437.0,12600
1789658346673078016,1789658350268068096,1789658350323114460,30,d4:bd:4f:61:d5:92,CESI_Robots,-49.0,2462.0,0
1789658346673078016,1789658350268068096,1789658350323114460,30,d4:bd:4f:61:d5:93,CESI_Recherche,-51.0,2462.0,4164
1789658346673078016,1789658350268068096,1789658350323114460,30,7a:45:58:a8:a3:5f,,-68.0,2437.0,12600
1789658346673078016,1789658350268068096,1789658350323114460,30,d4:bd:4f:60:d2:d0,CESI_Corp,-69.0,2462.0,4164
1789658346673078016,1789658350268068096,1789658350323114460,30,d4:bd:4f:61:a9:70,CESI_Corp,-48.0,2462.0,0
1789658346673078016,1789658350268068096,1789658350323114460,30,d4:bd:4f:61:d5:90,CESI_Corp,-49.0,2462.0,0
1789658346673078016,1789658350268068096,1789658350323114460,30,d4:bd:4f:61:a9:72,CESI_Robots,-49.0,2462.0,0
1789658346673078016,1789658350268068096,1789658350323114460,30,d4:bd:4f:61:d5:94,CESI_Iot,-51.0,2462.0,4164
1789658346673078016,1789658350268068096,1789658350323114460,30,7c:26:64:69:50:04,,-55.0,2462.0,4164
1789658346673078016,1789658350268068096,1789658350323114460,30,d4:bd:4f:61:a9:73,CESI_Recherche,-49.0,2462.0,0
1789658346673078016,1789658350268068096,1789658350323114460,30,d4:bd:4f:61:a9:74,CESI_Iot,-47.0,2462.0,0
1789658346673078016,1789658350268068096,1789658350323114460,30,d4:bd:4f:61:a9:71,CESI_HotSpot,-47.0,2462.0,0
1789658346673078016,1789658350268068096,1789658350323114460,30,70:a7:41:72:25:eb,FGNE-Admin,-63.0,5220.0,0
1789658346673078016,1789658350268068096,1789658350323114460,30,72:a7:41:12:25:eb,Cepsup-Etudiants,-63.0,5220.0,0
1789658346673078016,1789658350268068096,1789658350323114460,30,d4:bd:4f:60:d2:d4,CESI_Iot,-65.0,2462.0,0
1789658346673078016,1789658350268068096,1789658350323114460,30,72:a7:41:22:25:eb,,-68.0,5220.0,12600
1789658346673078016,1789658350268068096,1789658350323114460,30,d4:bd:4f:60:d2:d2,CESI_Robots,-63.0,2462.0,8408
1789658346673078016,1789658350268068096,1789658350323114460,30,d2:21:f9:1f:d3:98,Cepsup-Etudiants,-80.0,5200.0,0
1789658346673078016,1789658350268068096,1789658350323114460,30,d0:21:f9:5f:d3:98,FGNE-Admin,-80.0,5200.0,0
1789658346673078016,1789658350268068096,1789658350323114460,30,d4:bd:4f:60:d2:d1,CESI_HotSpot,-69.0,2462.0,4164
1789658346673078016,1789658350268068096,1789658350323114460,30,70:a7:41:72:25:ea,FGNE-Admin,-58.0,2462.0,4164
1789658346673078016,1789658350268068096,1789658350323114460,30,d4:bd:4f:a1:f4:54,CESI_Iot,-79.0,5180.0,0
1789658346673078016,1789658350268068096,1789658350323114460,30,d2:21:f9:2f:d3:98,,-85.0,5200.0,4164
1789658346673078016,1789658350268068096,1789658350323114460,30,72:a7:41:12:25:ea,Cepsup-Etudiants,-58.0,2462.0,0
1789658346673078016,1789658350268068096,1789658350323114460,30,d4:bd:4f:a1:f4:50,CESI_Corp,-79.0,5180.0,0
1789658346673078016,1789658350268068096,1789658350323114460,30,d4:bd:4f:a1:f4:51,CESI_HotSpot,-79.0,5180.0,4
1789658346673078016,1789658350268068096,1789658350323114460,30,d4:bd:4f:a1:f4:52,CESI_Robots,-79.0,5180.0,4
1789658346673078016,1789658350268068096,1789658350323114460,30,d4:bd:4f:a1:f4:53,CESI_Recherche,-79.0,5180.0,4
1789658346673078016,1789658350268068096,1789658350323114460,30,d2:21:f9:1f:d3:97,Cepsup-Etudiants,-72.0,2412.0,8412
1789658346673078016,1789658350268068096,1789658350323114460,30,72:a7:41:22:25:ea,,-59.0,2462.0,4
1789658346673078016,1789658350268068096,1789658350323114460,30,d2:21:f9:1f:b3:91,Cepsup-Etudiants,-91.0,5220.0,8412
1789658346673078016,1789658350268068096,1789658350323114460,30,d2:21:f9:2f:b3:91,,-90.0,5220.0,4168
1789658346673078016,1789658350268068096,1789658350323114460,30,d4:bd:4f:60:5d:90,CESI_Corp,-63.0,2462.0,12604
1789658346673078016,1789658350268068096,1789658350323114460,30,d4:bd:4f:61:f4:50,CESI_Corp,-70.0,2447.0,29276
1789658346673078016,1789658350268068096,1789658350323114460,30,d4:bd:4f:60:5d:91,CESI_HotSpot,-65.0,2462.0,12604
1789658346673078016,1789658350268068096,1789658350323114460,30,d0:21:f9:5f:b3:91,FGNE-Admin,-90.0,5220.0,8412
1789658346673078016,1789658350268068096,1789658350323114460,30,d4:bd:4f:61:f4:51,CESI_HotSpot,-71.0,2447.0,29276
1789658346673078016,1789658350268068096,1789658350323114460,30,d4:bd:4f:61:f4:52,CESI_Robots,-61.0,2447.0,4168
1789658346673078016,1789658350268068096,1789658350323114460,30,d4:bd:4f:61:f4:53,CESI_Recherche,-69.0,2447.0,20932
1789658346673078016,1789658350268068096,1789658350323114460,30,d4:bd:4f:61:f4:54,CESI_Iot,-72.0,2447.0,20932
1789658346673078016,1789658350268068096,1789658350323114460,30,d0:21:f9:5f:d3:97,FGNE-Admin,-71.0,2412.0,4
1789658346673078016,1789658350268068096,1789658350323114460,30,d4:bd:4f:60:d2:d3,CESI_Recherche,-64.0,2462.0,8412
1789658346673078016,1789658350268068096,1789658350323114460,30,2e:86:6a:89:ff:2c,\x00\x00\x00\x00\x00\x00\x00\x00\x00\x00\x00\x00\x00\x00\x00\x00,-86.0,5220.0,16764
1789658346673078016,1789658350268068096,1789658350323114460,30,78:45:58:d8:a3:60,FGNE-Admin,-86.0,5180.0,4168
1789658346673078016,1789658350268068096,1789658350323114460,30,38:9d:92:35:3d:10,EB353D10-EE89sIDJqG1AOAj,-64.0,2462.0,4
1789658350826150912,1789658354483268096,1789658354543711516,31,02:91:9e:71:b0:15,poppy_net,-44.0,2412.0,4
1789658350826150912,1789658354483268096,1789658354543711516,31,32:0d:cb:9d:dd:f0,iPhone moe b,-52.0,2412.0,4
1789658350826150912,1789658354483268096,1789658354543711516,31,d4:bd:4f:61:91:30,CESI_Corp,-70.0,2462.0,4
1789658350826150912,1789658354483268096,1789658354543711516,31,d4:bd:4f:61:91:31,CESI_HotSpot,-54.0,2462.0,4212
1789658350826150912,1789658354483268096,1789658354543711516,31,d4:bd:4f:a1:d5:90,CESI_Corp,-44.0,5260.0,0
1789658350826150912,1789658354483268096,1789658354543711516,31,d4:bd:4f:a1:d5:91,CESI_HotSpot,-44.0,5260.0,0
1789658350826150912,1789658354483268096,1789658354543711516,31,d4:bd:4f:a1:d5:92,CESI_Robots,-44.0,5260.0,0
1789658350826150912,1789658354483268096,1789658354543711516,31,d4:bd:4f:a1:d5:93,CESI_Recherche,-44.0,5260.0,0
1789658350826150912,1789658354483268096,1789658354543711516,31,d4:bd:4f:a1:d5:94,CESI_Iot,-44.0,5260.0,0
1789658350826150912,1789658354483268096,1789658354543711516,31,d4:bd:4f:a1:a9:70,CESI_Corp,-60.0,5260.0,0
1789658350826150912,1789658354483268096,1789658354543711516,31,d4:bd:4f:a1:a9:71,CESI_HotSpot,-60.0,5260.0,0
1789658350826150912,1789658354483268096,1789658354543711516,31,d4:bd:4f:a1:a9:72,CESI_Robots,-60.0,5260.0,0
1789658350826150912,1789658354483268096,1789658354543711516,31,d4:bd:4f:a1:a9:73,CESI_Recherche,-60.0,5260.0,0
1789658350826150912,1789658354483268096,1789658354543711516,31,d4:bd:4f:a1:a9:74,CESI_Iot,-60.0,5260.0,0
1789658350826150912,1789658354483268096,1789658354543711516,31,d4:bd:4f:a0:5d:90,CESI_Corp,-72.0,5260.0,0
1789658350826150912,1789658354483268096,1789658354543711516,31,d4:bd:4f:a0:5d:91,CESI_HotSpot,-72.0,5260.0,0
1789658350826150912,1789658354483268096,1789658354543711516,31,d4:bd:4f:a0:5d:92,CESI_Robots,-72.0,5260.0,0
1789658350826150912,1789658354483268096,1789658354543711516,31,d4:bd:4f:a0:5d:93,CESI_Recherche,-72.0,5260.0,0
1789658350826150912,1789658354483268096,1789658354543711516,31,d4:bd:4f:a0:5d:94,CESI_Iot,-72.0,5260.0,0
1789658350826150912,1789658354483268096,1789658354543711516,31,7c:26:64:69:50:05,,-57.0,5320.0,0
1789658350826150912,1789658354483268096,1789658354543711516,31,d4:bd:4f:61:d5:91,CESI_HotSpot,-49.0,2462.0,4212
1789658350826150912,1789658354483268096,1789658354543711516,31,d4:bd:4f:61:91:32,CESI_Robots,-54.0,2462.0,4212
1789658350826150912,1789658354483268096,1789658354543711516,31,d4:bd:4f:61:91:33,CESI_Recherche,-54.0,2462.0,4212
1789658350826150912,1789658354483268096,1789658354543711516,31,d4:bd:4f:61:91:34,CESI_Iot,-56.0,2462.0,4212
1789658350826150912,1789658354483268096,1789658354543711516,31,d4:bd:4f:a1:91:30,CESI_Corp,-66.0,5260.0,0
1789658350826150912,1789658354483268096,1789658354543711516,31,d4:bd:4f:a1:91:31,CESI_HotSpot,-66.0,5260.0,0
1789658350826150912,1789658354483268096,1789658354543711516,31,d4:bd:4f:a1:91:32,CESI_Robots,-66.0,5260.0,0
1789658350826150912,1789658354483268096,1789658354543711516,31,d4:bd:4f:a1:91:33,CESI_Recherche,-66.0,5260.0,0
1789658350826150912,1789658354483268096,1789658354543711516,31,d4:bd:4f:a1:91:34,CESI_Iot,-66.0,5260.0,0
1789658350826150912,1789658354483268096,1789658354543711516,31,d4:bd:4f:a0:d2:d0,CESI_Corp,-71.0,5260.0,0
1789658350826150912,1789658354483268096,1789658354543711516,31,d4:bd:4f:a0:d2:d1,CESI_HotSpot,-70.0,5260.0,0
1789658350826150912,1789658354483268096,1789658354543711516,31,d4:bd:4f:a0:d2:d2,CESI_Robots,-70.0,5260.0,0
1789658350826150912,1789658354483268096,1789658354543711516,31,d4:bd:4f:a0:d2:d3,CESI_Recherche,-70.0,5260.0,0
1789658350826150912,1789658354483268096,1789658354543711516,31,d4:bd:4f:a0:d2:d4,CESI_Iot,-70.0,5260.0,0
1789658350826150912,1789658354483268096,1789658354543711516,31,94:b3:4f:bc:d6:a2,CESI_Robots,-81.0,5180.0,4212
1789658350826150912,1789658354483268096,1789658354543711516,31,94:b3:4f:bc:d6:a3,CESI_Recherche,-80.0,5180.0,0
1789658350826150912,1789658354483268096,1789658354543711516,31,94:b3:4f:bc:d6:a4,CESI_Iot,-80.0,5180.0,0
1789658350826150912,1789658354483268096,1789658354543711516,31,7a:45:58:98:a3:5f,Cepsup-Etudiants,-67.0,2437.0,16812
1789658350826150912,1789658354483268096,1789658354543711516,31,94:b3:4f:bc:d6:a0,CESI_Corp,-80.0,5180.0,0
1789658350826150912,1789658354483268096,1789658354543711516,31,94:b3:4f:bc:d6:a1,CESI_HotSpot,-80.0,5180.0,0
1789658350826150912,1789658354483268096,1789658354543711516,31,78:45:58:d8:a3:5f,FGNE-Admin,-69.0,2437.0,16812
1789658350826150912,1789658354483268096,1789658354543711516,31,d4:bd:4f:61:d5:92,CESI_Robots,-54.0,2462.0,4
1789658350826150912,1789658354483268096,1789658354543711516,31,d4:bd:4f:61:d5:93,CESI_Recherche,-55.0,2462.0,4
1789658350826150912,1789658354483268096,1789658354543711516,31,7a:45:58:a8:a3:5f,,-68.0,2437.0,16812
1789658350826150912,1789658354483268096,1789658354543711516,31,d4:bd:4f:60:d2:d0,CESI_Corp,-68.0,2462.0,4
1789658350826150912,1789658354483268096,1789658354543711516,31,d4:bd:4f:61:a9:70,CESI_Corp,-51.0,2462.0,4
1789658350826150912,1789658354483268096,1789658354543711516,31,d4:bd:4f:61:d5:90,CESI_Corp,-56.0,2462.0,4
1789658350826150912,1789658354483268096,1789658354543711516,31,d4:bd:4f:61:a9:72,CESI_Robots,-50.0,2462.0,4
1789658350826150912,1789658354483268096,1789658354543711516,31,d4:bd:4f:61:d5:94,CESI_Iot,-51.0,2462.0,8376
1789658350826150912,1789658354483268096,1789658354543711516,31,7c:26:64:69:50:04,,-55.0,2462.0,8376
1789658350826150912,1789658354483268096,1789658354543711516,31,d4:bd:4f:61:a9:73,CESI_Recherche,-49.0,2462.0,4212
1789658350826150912,1789658354483268096,1789658354543711516,31,d4:bd:4f:61:a9:74,CESI_Iot,-47.0,2462.0,4212
1789658350826150912,1789658354483268096,1789658354543711516,31,d4:bd:4f:61:a9:71,CESI_HotSpot,-53.0,2462.0,4
1789658350826150912,1789658354483268096,1789658354543711516,31,70:a7:41:72:25:eb,FGNE-Admin,-63.0,5220.0,0
1789658350826150912,1789658354483268096,1789658354543711516,31,72:a7:41:12:25:eb,Cepsup-Etudiants,-63.0,5220.0,0
1789658350826150912,1789658354483268096,1789658354543711516,31,d4:bd:4f:60:d2:d4,CESI_Iot,-65.0,2462.0,4212
1789658350826150912,1789658354483268096,1789658354543711516,31,72:a7:41:22:25:eb,,-68.0,5220.0,16812
1789658350826150912,1789658354483268096,1789658354543711516,31,d4:bd:4f:60:d2:d2,CESI_Robots,-63.0,2462.0,12620
1789658350826150912,1789658354483268096,1789658354543711516,31,d2:21:f9:1f:d3:98,Cepsup-Etudiants,-80.0,5200.0,4212
1789658350826150912,1789658354483268096,1789658354543711516,31,d0:21:f9:5f:d3:98,FGNE-Admin,-80.0,5200.0,4212
1789658350826150912,1789658354483268096,1789658354543711516,31,d4:bd:4f:60:d2:d1,CESI_HotSpot,-69.0,2462.0,8376
1789658350826150912,1789658354483268096,1789658354543711516,31,70:a7:41:72:25:ea,FGNE-Admin,-66.0,2462.0,4
1789658350826150912,1789658354483268096,1789658354543711516,31,d4:bd:4f:a1:f4:54,CESI_Iot,-80.0,5180.0,0
1789658350826150912,1789658354483268096,1789658354543711516,31,d2:21:f9:2f:d3:98,,-85.0,5200.0,8376
1789658350826150912,1789658354483268096,1789658354543711516,31,72:a7:41:12:25:ea,Cepsup-Etudiants,-60.0,2462.0,4
1789658350826150912,1789658354483268096,1789658354543711516,31,d4:bd:4f:a1:f4:50,CESI_Corp,-80.0,5180.0,0
1789658350826150912,1789658354483268096,1789658354543711516,31,d4:bd:4f:a1:f4:51,CESI_HotSpot,-79.0,5180.0,4220
1789658350826150912,1789658354483268096,1789658354543711516,31,d4:bd:4f:a1:f4:52,CESI_Robots,-79.0,5180.0,4220
1789658350826150912,1789658354483268096,1789658354543711516,31,d4:bd:4f:a1:f4:53,CESI_Recherche,-79.0,5180.0,4220
1789658350826150912,1789658354483268096,1789658354543711516,31,d2:21:f9:1f:d3:97,Cepsup-Etudiants,-72.0,2412.0,12
1789658350826150912,1789658354483268096,1789658354543711516,31,72:a7:41:22:25:ea,,-59.0,2462.0,4220
1789658350826150912,1789658354483268096,1789658354543711516,31,d2:21:f9:1f:b3:91,Cepsup-Etudiants,-91.0,5220.0,12628
1789658350826150912,1789658354483268096,1789658354543711516,31,d2:21:f9:2f:b3:91,,-90.0,5220.0,8384
1789658350826150912,1789658354483268096,1789658354543711516,31,d4:bd:4f:60:5d:90,CESI_Corp,-63.0,2462.0,16820
1789658350826150912,1789658354483268096,1789658354543711516,31,d4:bd:4f:61:f4:50,CESI_Corp,-71.0,2447.0,12
1789658350826150912,1789658354483268096,1789658354543711516,31,d4:bd:4f:60:5d:91,CESI_HotSpot,-65.0,2462.0,16820
1789658350826150912,1789658354483268096,1789658354543711516,31,d0:21:f9:5f:b3:91,FGNE-Admin,-90.0,5220.0,12628
1789658350826150912,1789658354483268096,1789658354543711516,31,d4:bd:4f:61:f4:51,CESI_HotSpot,-71.0,2447.0,12
1789658350826150912,1789658354483268096,1789658354543711516,31,d4:bd:4f:61:f4:52,CESI_Robots,-71.0,2447.0,12
1789658350826150912,1789658354483268096,1789658354543711516,31,d4:bd:4f:61:f4:53,CESI_Recherche,-71.0,2447.0,12
1789658350826150912,1789658354483268096,1789658354543711516,31,d4:bd:4f:61:f4:54,CESI_Iot,-71.0,2447.0,12
1789658350826150912,1789658354483268096,1789658354543711516,31,d0:21:f9:5f:d3:97,FGNE-Admin,-71.0,2412.0,4220
1789658350826150912,1789658354483268096,1789658354543711516,31,d4:bd:4f:60:d2:d3,CESI_Recherche,-64.0,2462.0,12628
1789658350826150912,1789658354483268096,1789658354543711516,31,2e:86:6a:89:ff:2c,\x00\x00\x00\x00\x00\x00\x00\x00\x00\x00\x00\x00\x00\x00\x00\x00,-86.0,5220.0,20980
1789658350826150912,1789658354483268096,1789658354543711516,31,78:45:58:d8:a3:60,FGNE-Admin,-86.0,5180.0,8384
1789658350826150912,1789658354483268096,1789658354543711516,31,38:9d:92:35:3d:10,EB353D10-EE89sIDJqG1AOAj,-69.0,2462.0,12
1789658350826150912,1789658354483268096,1789658354543711516,31,d4:bd:4f:a1:91:c0,CESI_Corp,-87.0,5260.0,8
1789658350826150912,1789658354483268096,1789658354543711516,31,d4:bd:4f:a1:91:c1,CESI_HotSpot,-89.0,5260.0,8
1789658350826150912,1789658354483268096,1789658354543711516,31,d4:bd:4f:a1:91:c2,CESI_Robots,-86.0,5260.0,8
1789658350826150912,1789658354483268096,1789658354543711516,31,d4:bd:4f:a1:91:c3,CESI_Recherche,-87.0,5260.0,8
1789658350826150912,1789658354483268096,1789658354543711516,31,d4:bd:4f:a1:91:c4,CESI_Iot,-88.0,5260.0,8
1789658355046379008,1789658358638694144,1789658358700249763,32,02:91:9e:71:b0:15,poppy_net,-43.0,2412.0,0
1789658355046379008,1789658358638694144,1789658358700249763,32,32:0d:cb:9d:dd:f0,iPhone moe b,-58.0,2412.0,0
1789658355046379008,1789658358638694144,1789658358700249763,32,d4:bd:4f:61:91:30,CESI_Corp,-70.0,2462.0,4164
1789658355046379008,1789658358638694144,1789658358700249763,32,d4:bd:4f:61:91:31,CESI_HotSpot,-54.0,2462.0,8372
1789658355046379008,1789658358638694144,1789658358700249763,32,d4:bd:4f:a1:d5:90,CESI_Corp,-48.0,5260.0,0
1789658355046379008,1789658358638694144,1789658358700249763,32,d4:bd:4f:a1:d5:91,CESI_HotSpot,-48.0,5260.0,0
1789658355046379008,1789658358638694144,1789658358700249763,32,d4:bd:4f:a1:d5:92,CESI_Robots,-48.0,5260.0,0
1789658355046379008,1789658358638694144,1789658358700249763,32,d4:bd:4f:a1:d5:93,CESI_Recherche,-47.0,5260.0,0
1789658355046379008,1789658358638694144,1789658358700249763,32,d4:bd:4f:a1:d5:94,CESI_Iot,-48.0,5260.0,0
1789658355046379008,1789658358638694144,1789658358700249763,32,d4:bd:4f:a1:a9:70,CESI_Corp,-59.0,5260.0,0
1789658355046379008,1789658358638694144,1789658358700249763,32,d4:bd:4f:a1:a9:71,CESI_HotSpot,-59.0,5260.0,0
1789658355046379008,1789658358638694144,1789658358700249763,32,d4:bd:4f:a1:a9:72,CESI_Robots,-58.0,5260.0,0
1789658355046379008,1789658358638694144,1789658358700249763,32,d4:bd:4f:a1:a9:73,CESI_Recherche,-59.0,5260.0,0
1789658355046379008,1789658358638694144,1789658358700249763,32,d4:bd:4f:a1:a9:74,CESI_Iot,-58.0,5260.0,0
1789658355046379008,1789658358638694144,1789658358700249763,32,d4:bd:4f:a0:5d:90,CESI_Corp,-67.0,5260.0,0
1789658355046379008,1789658358638694144,1789658358700249763,32,d4:bd:4f:a0:5d:91,CESI_HotSpot,-67.0,5260.0,0
1789658355046379008,1789658358638694144,1789658358700249763,32,d4:bd:4f:a0:5d:92,CESI_Robots,-72.0,5260.0,4160
1789658355046379008,1789658358638694144,1789658358700249763,32,d4:bd:4f:a0:5d:93,CESI_Recherche,-67.0,5260.0,0
1789658355046379008,1789658358638694144,1789658358700249763,32,d4:bd:4f:a0:5d:94,CESI_Iot,-67.0,5260.0,0
1789658355046379008,1789658358638694144,1789658358700249763,32,7c:26:64:69:50:05,,-56.0,5320.0,0
1789658355046379008,1789658358638694144,1789658358700249763,32,d4:bd:4f:61:d5:91,CESI_HotSpot,-34.0,2462.0,0
1789658355046379008,1789658358638694144,1789658358700249763,32,d4:bd:4f:61:91:32,CESI_Robots,-54.0,2462.0,8372
1789658355046379008,1789658358638694144,1789658358700249763,32,d4:bd:4f:61:91:33,CESI_Recherche,-54.0,2462.0,8372
1789658355046379008,1789658358638694144,1789658358700249763,32,d4:bd:4f:61:91:34,CESI_Iot,-56.0,2462.0,8372
1789658355046379008,1789658358638694144,1789658358700249763,32,d4:bd:4f:a1:91:30,CESI_Corp,-62.0,5260.0,0
1789658355046379008,1789658358638694144,1789658358700249763,32,d4:bd:4f:a1:91:31,CESI_HotSpot,-61.0,5260.0,0
1789658355046379008,1789658358638694144,1789658358700249763,32,d4:bd:4f:a1:91:32,CESI_Robots,-62.0,5260.0,0
1789658355046379008,1789658358638694144,1789658358700249763,32,d4:bd:4f:a1:91:33,CESI_Recherche,-62.0,5260.0,0
1789658355046379008,1789658358638694144,1789658358700249763,32,d4:bd:4f:a1:91:34,CESI_Iot,-62.0,5260.0,0
1789658355046379008,1789658358638694144,1789658358700249763,32,d4:bd:4f:a0:d2:d0,CESI_Corp,-71.0,5260.0,4160
1789658355046379008,1789658358638694144,1789658358700249763,32,d4:bd:4f:a0:d2:d1,CESI_HotSpot,-70.0,5260.0,4160
1789658355046379008,1789658358638694144,1789658358700249763,32,d4:bd:4f:a0:d2:d2,CESI_Robots,-67.0,5260.0,0
1789658355046379008,1789658358638694144,1789658358700249763,32,d4:bd:4f:a0:d2:d3,CESI_Recherche,-66.0,5260.0,0
1789658355046379008,1789658358638694144,1789658358700249763,32,d4:bd:4f:a0:d2:d4,CESI_Iot,-66.0,5260.0,0
1789658355046379008,1789658358638694144,1789658358700249763,32,94:b3:4f:bc:d6:a2,CESI_Robots,-81.0,5180.0,8372
1789658355046379008,1789658358638694144,1789658358700249763,32,94:b3:4f:bc:d6:a3,CESI_Recherche,-79.0,5180.0,0
1789658355046379008,1789658358638694144,1789658358700249763,32,94:b3:4f:bc:d6:a4,CESI_Iot,-80.0,5180.0,0
1789658355046379008,1789658358638694144,1789658358700249763,32,7a:45:58:98:a3:5f,Cepsup-Etudiants,-67.0,2437.0,20972
1789658355046379008,1789658358638694144,1789658358700249763,32,94:b3:4f:bc:d6:a0,CESI_Corp,-80.0,5180.0,4160
1789658355046379008,1789658358638694144,1789658358700249763,32,94:b3:4f:bc:d6:a1,CESI_HotSpot,-80.0,5180.0,4160
1789658355046379008,1789658358638694144,1789658358700249763,32,78:45:58:d8:a3:5f,FGNE-Admin,-69.0,2437.0,20972
1789658355046379008,1789658358638694144,1789658358700249763,32,d4:bd:4f:61:d5:92,CESI_Robots,-34.0,2462.0,0
1789658355046379008,1789658358638694144,1789658358700249763,32,d4:bd:4f:61:d5:93,CESI_Recherche,-34.0,2462.0,0
1789658355046379008,1789658358638694144,1789658358700249763,32,7a:45:58:a8:a3:5f,,-68.0,2437.0,20972
1789658355046379008,1789658358638694144,1789658358700249763,32,d4:bd:4f:60:d2:d0,CESI_Corp,-68.0,2462.0,4164
1789658355046379008,1789658358638694144,1789658358700249763,32,d4:bd:4f:61:a9:70,CESI_Corp,-57.0,2462.0,0
1789658355046379008,1789658358638694144,1789658358700249763,32,d4:bd:4f:61:d5:90,CESI_Corp,-34.0,2462.0,0
1789658355046379008,1789658358638694144,1789658358700249763,32,d4:bd:4f:61:a9:72,CESI_Robots,-50.0,2462.0,4164
1789658355046379008,1789658358638694144,1789658358700249763,32,d4:bd:4f:61:d5:94,CESI_Iot,-34.0,2462.0,0
1789658355046379008,1789658358638694144,1789658358700249763,32,7c:26:64:69:50:04,,-59.0,2462.0,0
1789658355046379008,1789658358638694144,1789658358700249763,32,d4:bd:4f:61:a9:73,CESI_Recherche,-49.0,2462.0,8372
1789658355046379008,1789658358638694144,1789658358700249763,32,d4:bd:4f:61:a9:74,CESI_Iot,-55.0,2462.0,0
1789658355046379008,1789658358638694144,1789658358700249763,32,d4:bd:4f:61:a9:71,CESI_HotSpot,-56.0,2462.0,0
1789658355046379008,1789658358638694144,1789658358700249763,32,70:a7:41:72:25:eb,FGNE-Admin,-63.0,5220.0,0
1789658355046379008,1789658358638694144,1789658358700249763,32,72:a7:41:12:25:eb,Cepsup-Etudiants,-63.0,5220.0,0
1789658355046379008,1789658358638694144,1789658358700249763,32,d4:bd:4f:60:d2:d4,CESI_Iot,-65.0,2462.0,8372
1789658355046379008,1789658358638694144,1789658358700249763,32,72:a7:41:22:25:eb,,-68.0,5220.0,20972
1789658355046379008,1789658358638694144,1789658358700249763,32,d4:bd:4f:60:d2:d2,CESI_Robots,-63.0,2462.0,16780
1789658355046379008,1789658358638694144,1789658358700249763,32,d2:21:f9:1f:d3:98,Cepsup-Etudiants,-80.0,5200.0,8372
1789658355046379008,1789658358638694144,1789658358700249763,32,d0:21:f9:5f:d3:98,FGNE-Admin,-80.0,5200.0,8372
1789658355046379008,1789658358638694144,1789658358700249763,32,d4:bd:4f:60:d2:d1,CESI_HotSpot,-69.0,2462.0,12536
1789658355046379008,1789658358638694144,1789658358700249763,32,70:a7:41:72:25:ea,FGNE-Admin,-56.0,2462.0,0
1789658355046379008,1789658358638694144,1789658358700249763,32,d4:bd:4f:a1:f4:54,CESI_Iot,-81.0,5180.0,0
1789658355046379008,1789658358638694144,1789658358700249763,32,d2:21:f9:2f:d3:98,,-85.0,5200.0,12536
1789658355046379008,1789658358638694144,1789658358700249763,32,72:a7:41:12:25:ea,Cepsup-Etudiants,-55.0,2462.0,0
1789658355046379008,1789658358638694144,1789658358700249763,32,d4:bd:4f:a1:f4:50,CESI_Corp,-78.0,5180.0,0
1789658355046379008,1789658358638694144,1789658358700249763,32,d4:bd:4f:a1:f4:51,CESI_HotSpot,-79.0,5180.0,4
1789658355046379008,1789658358638694144,1789658358700249763,32,d4:bd:4f:a1:f4:52,CESI_Robots,-82.0,5180.0,4
1789658355046379008,1789658358638694144,1789658358700249763,32,d4:bd:4f:a1:f4:53,CESI_Recherche,-79.0,5180.0,4
1789658355046379008,1789658358638694144,1789658358700249763,32,d2:21:f9:1f:d3:97,Cepsup-Etudiants,-72.0,2412.0,4168
1789658355046379008,1789658358638694144,1789658358700249763,32,72:a7:41:22:25:ea,,-56.0,2462.0,4
1789658355046379008,1789658358638694144,1789658358700249763,32,d2:21:f9:1f:b3:91,Cepsup-Etudiants,-91.0,5220.0,16784
1789658355046379008,1789658358638694144,1789658358700249763,32,d2:21:f9:2f:b3:91,,-90.0,5220.0,12540
1789658355046379008,1789658358638694144,1789658358700249763,32,d4:bd:4f:60:5d:90,CESI_Corp,-63.0,2462.0,20976
1789658355046379008,1789658358638694144,1789658358700249763,32,d4:bd:4f:61:f4:50,CESI_Corp,-71.0,2447.0,4168
1789658355046379008,1789658358638694144,1789658358700249763,32,d4:bd:4f:60:5d:91,CESI_HotSpot,-65.0,2462.0,20976
1789658355046379008,1789658358638694144,1789658358700249763,32,d0:21:f9:5f:b3:91,FGNE-Admin,-90.0,5220.0,16784
1789658355046379008,1789658358638694144,1789658358700249763,32,d4:bd:4f:61:f4:51,CESI_HotSpot,-71.0,2447.0,4168
1789658355046379008,1789658358638694144,1789658358700249763,32,d4:bd:4f:61:f4:52,CESI_Robots,-71.0,2447.0,4168
1789658355046379008,1789658358638694144,1789658358700249763,32,d4:bd:4f:61:f4:53,CESI_Recherche,-71.0,2447.0,4168
1789658355046379008,1789658358638694144,1789658358700249763,32,d4:bd:4f:61:f4:54,CESI_Iot,-71.0,2447.0,4168
1789658355046379008,1789658358638694144,1789658358700249763,32,d0:21:f9:5f:d3:97,FGNE-Admin,-71.0,2412.0,8376
1789658355046379008,1789658358638694144,1789658358700249763,32,d4:bd:4f:60:d2:d3,CESI_Recherche,-64.0,2462.0,16784
1789658355046379008,1789658358638694144,1789658358700249763,32,2e:86:6a:89:ff:2c,\x00\x00\x00\x00\x00\x00\x00\x00\x00\x00\x00\x00\x00\x00\x00\x00,-86.0,5220.0,25136
1789658355046379008,1789658358638694144,1789658358700249763,32,78:45:58:d8:a3:60,FGNE-Admin,-86.0,5180.0,12540
1789658355046379008,1789658358638694144,1789658358700249763,32,38:9d:92:35:3d:10,EB353D10-EE89sIDJqG1AOAj,-68.0,2462.0,4
1789658355046379008,1789658358638694144,1789658358700249763,32,d4:bd:4f:a1:91:c0,CESI_Corp,-87.0,5260.0,4164
1789658355046379008,1789658358638694144,1789658358700249763,32,d4:bd:4f:a1:91:c1,CESI_HotSpot,-89.0,5260.0,4164
1789658355046379008,1789658358638694144,1789658358700249763,32,d4:bd:4f:a1:91:c2,CESI_Robots,-86.0,5260.0,4164
1789658355046379008,1789658358638694144,1789658358700249763,32,d4:bd:4f:a1:91:c3,CESI_Recherche,-87.0,5260.0,4164
1789658355046379008,1789658358638694144,1789658358700249763,32,d4:bd:4f:a1:91:c4,CESI_Iot,-88.0,5260.0,4164
1789658359199479040,1789658362780728064,1789658362842961557,33,02:91:9e:71:b0:15,poppy_net,-46.0,2412.0,4
1789658359199479040,1789658362780728064,1789658362842961557,33,32:0d:cb:9d:dd:f0,iPhone moe b,-66.0,2412.0,4
1789658359199479040,1789658362780728064,1789658362842961557,33,d4:bd:4f:61:91:30,CESI_Corp,-70.0,2462.0,8304
1789658359199479040,1789658362780728064,1789658362842961557,33,d4:bd:4f:61:91:31,CESI_HotSpot,-60.0,2462.0,4
1789658359199479040,1789658362780728064,1789658362842961557,33,d4:bd:4f:a1:d5:90,CESI_Corp,-45.0,5260.0,4
1789658359199479040,1789658362780728064,1789658362842961557,33,d4:bd:4f:a1:d5:91,CESI_HotSpot,-45.0,5260.0,4
1789658359199479040,1789658362780728064,1789658362842961557,33,d4:bd:4f:a1:d5:92,CESI_Robots,-44.0,5260.0,4
1789658359199479040,1789658362780728064,1789658362842961557,33,d4:bd:4f:a1:d5:93,CESI_Recherche,-44.0,5260.0,4
1789658359199479040,1789658362780728064,1789658362842961557,33,d4:bd:4f:a1:d5:94,CESI_Iot,-44.0,5260.0,4
1789658359199479040,1789658362780728064,1789658362842961557,33,d4:bd:4f:a1:a9:70,CESI_Corp,-59.0,5260.0,4140
1789658359199479040,1789658362780728064,1789658362842961557,33,d4:bd:4f:a1:a9:71,CESI_HotSpot,-60.0,5260.0,4
1789658359199479040,1789658362780728064,1789658362842961557,33,d4:bd:4f:a1:a9:72,CESI_Robots,-59.0,5260.0,4
1789658359199479040,1789658362780728064,1789658362842961557,33,d4:bd:4f:a1:a9:73,CESI_Recherche,-59.0,5260.0,4
1789658359199479040,1789658362780728064,1789658362842961557,33,d4:bd:4f:a1:a9:74,CESI_Iot,-59.0,5260.0,4
1789658359199479040,1789658362780728064,1789658362842961557,33,d4:bd:4f:a0:5d:90,CESI_Corp,-67.0,5260.0,4140
1789658359199479040,1789658362780728064,1789658362842961557,33,d4:bd:4f:a0:5d:91,CESI_HotSpot,-79.0,5260.0,4
1789658359199479040,1789658362780728064,1789658362842961557,33,d4:bd:4f:a0:5d:92,CESI_Robots,-83.0,5260.0,4
1789658359199479040,1789658362780728064,1789658362842961557,33,d4:bd:4f:a0:5d:93,CESI_Recherche,-77.0,5260.0,4
1789658359199479040,1789658362780728064,1789658362842961557,33,d4:bd:4f:a0:5d:94,CESI_Iot,-76.0,5260.0,4
1789658359199479040,1789658362780728064,1789658362842961557,33,7c:26:64:69:50:05,,-55.0,5320.0,4
1789658359199479040,1789658362780728064,1789658362842961557,33,d4:bd:4f:61:d5:91,CESI_HotSpot,-43.0,2462.0,4
1789658359199479040,1789658362780728064,1789658362842961557,33,d4:bd:4f:61:91:32,CESI_Robots,-60.0,2462.0,4
1789658359199479040,1789658362780728064,1789658362842961557,33,d4:bd:4f:61:91:33,CESI_Recherche,-60.0,2462.0,4
1789658359199479040,1789658362780728064,1789658362842961557,33,d4:bd:4f:61:91:34,CESI_Iot,-56.0,2462.0,12512
1789658359199479040,1789658362780728064,1789658362842961557,33,d4:bd:4f:a1:91:30,CESI_Corp,-67.0,5260.0,4
1789658359199479040,1789658362780728064,1789658362842961557,33,d4:bd:4f:a1:91:31,CESI_HotSpot,-67.0,5260.0,4
1789658359199479040,1789658362780728064,1789658362842961557,33,d4:bd:4f:a1:91:32,CESI_Robots,-66.0,5260.0,4
1789658359199479040,1789658362780728064,1789658362842961557,33,d4:bd:4f:a1:91:33,CESI_Recherche,-66.0,5260.0,4
1789658359199479040,1789658362780728064,1789658362842961557,33,d4:bd:4f:a1:91:34,CESI_Iot,-67.0,5260.0,4
1789658359199479040,1789658362780728064,1789658362842961557,33,d4:bd:4f:a0:d2:d0,CESI_Corp,-63.0,5260.0,4
1789658359199479040,1789658362780728064,1789658362842961557,33,d4:bd:4f:a0:d2:d1,CESI_HotSpot,-63.0,5260.0,4
1789658359199479040,1789658362780728064,1789658362842961557,33,d4:bd:4f:a0:d2:d2,CESI_Robots,-67.0,5260.0,4140
1789658359199479040,1789658362780728064,1789658362842961557,33,d4:bd:4f:a0:d2:d3,CESI_Recherche,-62.0,5260.0,4
1789658359199479040,1789658362780728064,1789658362842961557,33,d4:bd:4f:a0:d2:d4,CESI_Iot,-62.0,5260.0,4
1789658359199479040,1789658362780728064,1789658362842961557,33,94:b3:4f:bc:d6:a2,CESI_Robots,-81.0,5180.0,12512
1789658359199479040,1789658362780728064,1789658362842961557,33,94:b3:4f:bc:d6:a3,CESI_Recherche,-79.0,5180.0,4140
1789658359199479040,1789658362780728064,1789658362842961557,33,94:b3:4f:bc:d6:a4,CESI_Iot,-84.0,5180.0,4
1789658359199479040,1789658362780728064,1789658362842961557,33,7a:45:58:98:a3:5f,Cepsup-Etudiants,-67.0,2437.0,25112
1789658359199479040,1789658362780728064,1789658362842961557,33,94:b3:4f:bc:d6:a0,CESI_Corp,-80.0,5180.0,8300
1789658359199479040,1789658362780728064,1789658362842961557,33,94:b3:4f:bc:d6:a1,CESI_HotSpot,-80.0,5180.0,8300
1789658359199479040,1789658362780728064,1789658362842961557,33,78:45:58:d8:a3:5f,FGNE-Admin,-69.0,2437.0,25112
1789658359199479040,1789658362780728064,1789658362842961557,33,d4:bd:4f:61:d5:92,CESI_Robots,-34.0,2462.0,4140
1789658359199479040,1789658362780728064,1789658362842961557,33,d4:bd:4f:61:d5:93,CESI_Recherche,-40.0,2462.0,4
1789658359199479040,1789658362780728064,1789658362842961557,33,7a:45:58:a8:a3:5f,,-68.0,2437.0,25112
1789658359199479040,1789658362780728064,1789658362842961557,33,d4:bd:4f:60:d2:d0,CESI_Corp,-61.0,2462.0,4
1789658359199479040,1789658362780728064,1789658362842961557,33,d4:bd:4f:61:a9:70,CESI_Corp,-64.0,2462.0,4
1789658359199479040,1789658362780728064,1789658362842961557,33,d4:bd:4f:61:d5:90,CESI_Corp,-43.0,2462.0,4
1789658359199479040,1789658362780728064,1789658362842961557,33,d4:bd:4f:61:a9:72,CESI_Robots,-50.0,2462.0,8304
1789658359199479040,1789658362780728064,1789658362842961557,33,d4:bd:4f:61:d5:94,CESI_Iot,-34.0,2462.0,4140
1789658359199479040,1789658362780728064,1789658362842961557,33,7c:26:64:69:50:04,,-45.0,2462.0,4
1789658359199479040,1789658362780728064,1789658362842961557,33,d4:bd:4f:61:a9:73,CESI_Recherche,-49.0,2462.0,12512
1789658359199479040,1789658362780728064,1789658362842961557,33,d4:bd:4f:61:a9:74,CESI_Iot,-55.0,2462.0,4140
1789658359199479040,1789658362780728064,1789658362842961557,33,d4:bd:4f:61:a9:71,CESI_HotSpot,-58.0,2462.0,4
1789658359199479040,1789658362780728064,1789658362842961557,33,70:a7:41:72:25:eb,FGNE-Admin,-63.0,5220.0,4
1789658359199479040,1789658362780728064,1789658362842961557,33,72:a7:41:12:25:eb,Cepsup-Etudiants,-63.0,5220.0,4
1789658359199479040,1789658362780728064,1789658362842961557,33,d4:bd:4f:60:d2:d4,CESI_Iot,-61.0,2462.0,4
1789658359199479040,1789658362780728064,1789658362842961557,33,72:a7:41:22:25:eb,,-64.0,5220.0,4
1789658359199479040,1789658362780728064,1789658362842961557,33,d4:bd:4f:60:d2:d2,CESI_Robots,-61.0,2462.0,4
1789658359199479040,1789658362780728064,1789658362842961557,33,d2:21:f9:1f:d3:98,Cepsup-Etudiants,-80.0,5200.0,4
1789658359199479040,1789658362780728064,1789658362842961557,33,d0:21:f9:5f:d3:98,FGNE-Admin,-81.0,5200.0,4
1789658359199479040,1789658362780728064,1789658362842961557,33,d4:bd:4f:60:d2:d1,CESI_HotSpot,-59.0,2462.0,4
1789658359199479040,1789658362780728064,1789658362842961557,33,70:a7:41:72:25:ea,FGNE-Admin,-62.0,2462.0,4
1789658359199479040,1789658362780728064,1789658362842961557,33,d4:bd:4f:a1:f4:54,CESI_Iot,-79.0,5180.0,4
1789658359199479040,1789658362780728064,1789658362842961557,33,d2:21:f9:2f:d3:98,,-80.0,5200.0,4
1789658359199479040,1789658362780728064,1789658362842961557,33,72:a7:41:12:25:ea,Cepsup-Etudiants,-64.0,2462.0,4
1789658359199479040,1789658362780728064,1789658362842961557,33,d4:bd:4f:a1:f4:50,CESI_Corp,-79.0,5180.0,4
1789658359199479040,1789658362780728064,1789658362842961557,33,d4:bd:4f:a1:f4:51,CESI_HotSpot,-80.0,5180.0,8
1789658359199479040,1789658362780728064,1789658362842961557,33,d4:bd:4f:a1:f4:52,CESI_Robots,-79.0,5180.0,8
1789658359199479040,1789658362780728064,1789658362842961557,33,d4:bd:4f:a1:f4:53,CESI_Recherche,-80.0,5180.0,8
1789658359199479040,1789658362780728064,1789658362842961557,33,d2:21:f9:1f:d3:97,Cepsup-Etudiants,-71.0,2412.0,8
1789658359199479040,1789658362780728064,1789658362842961557,33,72:a7:41:22:25:ea,,-56.0,2462.0,4144
1789658359199479040,1789658362780728064,1789658362842961557,33,d2:21:f9:1f:b3:91,Cepsup-Etudiants,-91.0,5220.0,20924
1789658359199479040,1789658362780728064,1789658362842961557,33,d2:21:f9:2f:b3:91,,-90.0,5220.0,16680
1789658359199479040,1789658362780728064,1789658362842961557,33,d4:bd:4f:60:5d:90,CESI_Corp,-64.0,2462.0,8
1789658359199479040,1789658362780728064,1789658362842961557,33,d4:bd:4f:61:f4:50,CESI_Corp,-69.0,2447.0,8
1789658359199479040,1789658362780728064,1789658362842961557,33,d4:bd:4f:60:5d:91,CESI_HotSpot,-65.0,2462.0,25116
1789658359199479040,1789658362780728064,1789658362842961557,33,d0:21:f9:5f:b3:91,FGNE-Admin,-90.0,5220.0,20924
1789658359199479040,1789658362780728064,1789658362842961557,33,d4:bd:4f:61:f4:51,CESI_HotSpot,-57.0,2447.0,8
1789658359199479040,1789658362780728064,1789658362842961557,33,d4:bd:4f:61:f4:52,CESI_Robots,-67.0,2447.0,8
1789658359199479040,1789658362780728064,1789658362842961557,33,d4:bd:4f:61:f4:53,CESI_Recherche,-61.0,2447.0,8
1789658359199479040,1789658362780728064,1789658362842961557,33,d4:bd:4f:61:f4:54,CESI_Iot,-69.0,2447.0,8
1789658359199479040,1789658362780728064,1789658362842961557,33,d0:21:f9:5f:d3:97,FGNE-Admin,-72.0,2412.0,8
1789658359199479040,1789658362780728064,1789658362842961557,33,d4:bd:4f:60:d2:d3,CESI_Recherche,-61.0,2462.0,8
1789658359199479040,1789658362780728064,1789658362842961557,33,2e:86:6a:89:ff:2c,\x00\x00\x00\x00\x00\x00\x00\x00\x00\x00\x00\x00\x00\x00\x00\x00,-86.0,5220.0,29276
1789658359199479040,1789658362780728064,1789658362842961557,33,78:45:58:d8:a3:60,FGNE-Admin,-86.0,5180.0,16680
1789658359199479040,1789658362780728064,1789658362842961557,33,38:9d:92:35:3d:10,EB353D10-EE89sIDJqG1AOAj,-69.0,2462.0,8
1789658359199479040,1789658362780728064,1789658362842961557,33,d4:bd:4f:a1:91:c0,CESI_Corp,-87.0,5260.0,8304
1789658359199479040,1789658362780728064,1789658362842961557,33,d4:bd:4f:a1:91:c1,CESI_HotSpot,-89.0,5260.0,8304
1789658359199479040,1789658362780728064,1789658362842961557,33,d4:bd:4f:a1:91:c2,CESI_Robots,-86.0,5260.0,8304
1789658359199479040,1789658362780728064,1789658362842961557,33,d4:bd:4f:a1:91:c3,CESI_Recherche,-87.0,5260.0,8304
1789658359199479040,1789658362780728064,1789658362842961557,33,d4:bd:4f:a1:91:c4,CESI_Iot,-88.0,5260.0,8304
1789658363346091008,1789658366991436032,1789658367058520732,34,02:91:9e:71:b0:15,poppy_net,-36.0,2412.0,0
1789658363346091008,1789658366991436032,1789658367058520732,34,32:0d:cb:9d:dd:f0,iPhone moe b,-45.0,2412.0,0
1789658363346091008,1789658366991436032,1789658367058520732,34,d4:bd:4f:61:91:30,CESI_Corp,-58.0,2462.0,0
1789658363346091008,1789658366991436032,1789658367058520732,34,d4:bd:4f:61:91:31,CESI_HotSpot,-60.0,2462.0,4216
1789658363346091008,1789658366991436032,1789658367058520732,34,d4:bd:4f:a1:d5:90,CESI_Corp,-49.0,5260.0,0
1789658363346091008,1789658366991436032,1789658367058520732,34,d4:bd:4f:a1:d5:91,CESI_HotSpot,-49.0,5260.0,0
1789658363346091008,1789658366991436032,1789658367058520732,34,d4:bd:4f:a1:d5:92,CESI_Robots,-49.0,5260.0,0
1789658363346091008,1789658366991436032,1789658367058520732,34,d4:bd:4f:a1:d5:93,CESI_Recherche,-49.0,5260.0,0
1789658363346091008,1789658366991436032,1789658367058520732,34,d4:bd:4f:a1:d5:94,CESI_Iot,-49.0,5260.0,0
1789658363346091008,1789658366991436032,1789658367058520732,34,d4:bd:4f:a1:a9:70,CESI_Corp,-59.0,5260.0,0
1789658363346091008,1789658366991436032,1789658367058520732,34,d4:bd:4f:a1:a9:71,CESI_HotSpot,-57.0,5260.0,0
1789658363346091008,1789658366991436032,1789658367058520732,34,d4:bd:4f:a1:a9:72,CESI_Robots,-60.0,5260.0,0
1789658363346091008,1789658366991436032,1789658367058520732,34,d4:bd:4f:a1:a9:73,CESI_Recherche,-56.0,5260.0,0
1789658363346091008,1789658366991436032,1789658367058520732,34,d4:bd:4f:a1:a9:74,CESI_Iot,-58.0,5260.0,0
1789658363346091008,1789658366991436032,1789658367058520732,34,d4:bd:4f:a0:5d:90,CESI_Corp,-75.0,5260.0,0
1789658363346091008,1789658366991436032,1789658367058520732,34,d4:bd:4f:a0:5d:91,CESI_HotSpot,-74.0,5260.0,0
1789658363346091008,1789658366991436032,1789658367058520732,34,d4:bd:4f:a0:5d:92,CESI_Robots,-74.0,5260.0,0
1789658363346091008,1789658366991436032,1789658367058520732,34,d4:bd:4f:a0:5d:93,CESI_Recherche,-74.0,5260.0,0
1789658363346091008,1789658366991436032,1789658367058520732,34,d4:bd:4f:a0:5d:94,CESI_Iot,-74.0,5260.0,0
1789658363346091008,1789658366991436032,1789658367058520732,34,7c:26:64:69:50:05,,-54.0,5320.0,0
1789658363346091008,1789658366991436032,1789658367058520732,34,d4:bd:4f:61:d5:91,CESI_HotSpot,-43.0,2462.0,4216
1789658363346091008,1789658366991436032,1789658367058520732,34,d4:bd:4f:61:91:32,CESI_Robots,-61.0,2462.0,0
1789658363346091008,1789658366991436032,1789658367058520732,34,d4:bd:4f:61:91:33,CESI_Recherche,-61.0,2462.0,0
1789658363346091008,1789658366991436032,1789658367058520732,34,d4:bd:4f:61:91:34,CESI_Iot,-61.0,2462.0,0
1789658363346091008,1789658366991436032,1789658367058520732,34,d4:bd:4f:a1:91:30,CESI_Corp,-66.0,5260.0,0
1789658363346091008,1789658366991436032,1789658367058520732,34,d4:bd:4f:a1:91:31,CESI_HotSpot,-66.0,5260.0,0
1789658363346091008,1789658366991436032,1789658367058520732,34,d4:bd:4f:a1:91:32,CESI_Robots,-66.0,5260.0,0
1789658363346091008,1789658366991436032,1789658367058520732,34,d4:bd:4f:a1:91:33,CESI_Recherche,-66.0,5260.0,0
1789658363346091008,1789658366991436032,1789658367058520732,34,d4:bd:4f:a1:91:34,CESI_Iot,-65.0,5260.0,0
1789658363346091008,1789658366991436032,1789658367058520732,34,d4:bd:4f:a0:d2:d0,CESI_Corp,-63.0,5260.0,0
1789658363346091008,1789658366991436032,1789658367058520732,34,d4:bd:4f:a0:d2:d1,CESI_HotSpot,-63.0,5260.0,0
1789658363346091008,1789658366991436032,1789658367058520732,34,d4:bd:4f:a0:d2:d2,CESI_Robots,-64.0,5260.0,0
1789658363346091008,1789658366991436032,1789658367058520732,34,d4:bd:4f:a0:d2:d3,CESI_Recherche,-64.0,5260.0,0
1789658363346091008,1789658366991436032,1789658367058520732,34,d4:bd:4f:a0:d2:d4,CESI_Iot,-64.0,5260.0,0
1789658363346091008,1789658366991436032,1789658367058520732,34,94:b3:4f:bc:d6:a2,CESI_Robots,-82.0,5180.0,0
1789658363346091008,1789658366991436032,1789658367058520732,34,94:b3:4f:bc:d6:a3,CESI_Recherche,-82.0,5180.0,0
1789658363346091008,1789658366991436032,1789658367058520732,34,94:b3:4f:bc:d6:a4,CESI_Iot,-82.0,5180.0,0
1789658363346091008,1789658366991436032,1789658367058520732,34,7a:45:58:98:a3:5f,Cepsup-Etudiants,-67.0,2437.0,29324
1789658363346091008,1789658366991436032,1789658367058520732,34,94:b3:4f:bc:d6:a0,CESI_Corp,-80.0,5180.0,12512
1789658363346091008,1789658366991436032,1789658367058520732,34,94:b3:4f:bc:d6:a1,CESI_HotSpot,-80.0,5180.0,12512
1789658363346091008,1789658366991436032,1789658367058520732,34,78:45:58:d8:a3:5f,FGNE-Admin,-69.0,2437.0,29324
1789658363346091008,1789658366991436032,1789658367058520732,34,d4:bd:4f:61:d5:92,CESI_Robots,-34.0,2462.0,8352
1789658363346091008,1789658366991436032,1789658367058520732,34,d4:bd:4f:61:d5:93,CESI_Recherche,-43.0,2462.0,0
1789658363346091008,1789658366991436032,1789658367058520732,34,7a:45:58:a8:a3:5f,,-68.0,2437.0,29324
1789658363346091008,1789658366991436032,1789658367058520732,34,d4:bd:4f:60:d2:d0,CESI_Corp,-61.0,2462.0,4216
1789658363346091008,1789658366991436032,1789658367058520732,34,d4:bd:4f:61:a9:70,CESI_Corp,-64.0,2462.0,4216
1789658363346091008,1789658366991436032,1789658367058520732,34,d4:bd:4f:61:d5:90,CESI_Corp,-43.0,2462.0,4216
1789658363346091008,1789658366991436032,1789658367058520732,34,d4:bd:4f:61:a9:72,CESI_Robots,-50.0,2462.0,12516
1789658363346091008,1789658366991436032,1789658367058520732,34,d4:bd:4f:61:d5:94,CESI_Iot,-44.0,2462.0,0
1789658363346091008,1789658366991436032,1789658367058520732,34,7c:26:64:69:50:04,,-47.0,2462.0,0
1789658363346091008,1789658366991436032,1789658367058520732,34,d4:bd:4f:61:a9:73,CESI_Recherche,-49.0,2462.0,16724
1789658363346091008,1789658366991436032,1789658367058520732,34,d4:bd:4f:61:a9:74,CESI_Iot,-55.0,2462.0,8352
1789658363346091008,1789658366991436032,1789658367058520732,34,d4:bd:4f:61:a9:71,CESI_HotSpot,-58.0,2462.0,4216
1789658363346091008,1789658366991436032,1789658367058520732,34,70:a7:41:72:25:eb,FGNE-Admin,-68.0,5220.0,0
1789658363346091008,1789658366991436032,1789658367058520732,34,72:a7:41:12:25:eb,Cepsup-Etudiants,-68.0,5220.0,0
1789658363346091008,1789658366991436032,1789658367058520732,34,d4:bd:4f:60:d2:d4,CESI_Iot,-61.0,2462.0,4216
1789658363346091008,1789658366991436032,1789658367058520732,34,72:a7:41:22:25:eb,,-64.0,5220.0,4216
1789658363346091008,1789658366991436032,1789658367058520732,34,d4:bd:4f:60:d2:d2,CESI_Robots,-61.0,2462.0,4216
1789658363346091008,1789658366991436032,1789658367058520732,34,d2:21:f9:1f:d3:98,Cepsup-Etudiants,-80.0,5200.0,4216
1789658363346091008,1789658366991436032,1789658367058520732,34,d0:21:f9:5f:d3:98,FGNE-Admin,-81.0,5200.0,4216
1789658363346091008,1789658366991436032,1789658367058520732,34,d4:bd:4f:60:d2:d1,CESI_HotSpot,-58.0,2462.0,0
1789658363346091008,1789658366991436032,1789658367058520732,34,70:a7:41:72:25:ea,FGNE-Admin,-58.0,2462.0,0
1789658363346091008,1789658366991436032,1789658367058520732,34,d4:bd:4f:a1:f4:54,CESI_Iot,-76.0,5180.0,0
1789658363346091008,1789658366991436032,1789658367058520732,34,d2:21:f9:2f:d3:98,,-80.0,5200.0,4216
1789658363346091008,1789658366991436032,1789658367058520732,34,72:a7:41:12:25:ea,Cepsup-Etudiants,-58.0,2462.0,0
1789658363346091008,1789658366991436032,1789658367058520732,34,d4:bd:4f:a1:f4:50,CESI_Corp,-76.0,5180.0,0
1789658363346091008,1789658366991436032,1789658367058520732,34,d4:bd:4f:a1:f4:51,CESI_HotSpot,-76.0,5180.0,8
1789658363346091008,1789658366991436032,1789658367058520732,34,d4:bd:4f:a1:f4:52,CESI_Robots,-76.0,5180.0,8
1789658363346091008,1789658366991436032,1789658367058520732,34,d4:bd:4f:a1:f4:53,CESI_Recherche,-76.0,5180.0,8
1789658363346091008,1789658366991436032,1789658367058520732,34,d2:21:f9:1f:d3:97,Cepsup-Etudiants,-69.0,2412.0,8
1789658363346091008,1789658366991436032,1789658367058520732,34,72:a7:41:22:25:ea,,-59.0,2462.0,8
1789658363346091008,1789658366991436032,1789658367058520732,34,d2:21:f9:1f:b3:91,Cepsup-Etudiants,-91.0,5220.0,25140
1789658363346091008,1789658366991436032,1789658367058520732,34,d2:21:f9:2f:b3:91,,-90.0,5220.0,20896
1789658363346091008,1789658366991436032,1789658367058520732,34,d4:bd:4f:60:5d:90,CESI_Corp,-65.0,2462.0,8
1789658363346091008,1789658366991436032,1789658367058520732,34,d4:bd:4f:61:f4:50,CESI_Corp,-68.0,2447.0,8
1789658363346091008,1789658366991436032,1789658367058520732,34,d4:bd:4f:60:5d:91,CESI_HotSpot,-66.0,2462.0,8
1789658363346091008,1789658366991436032,1789658367058520732,34,d0:21:f9:5f:b3:91,FGNE-Admin,-90.0,5220.0,25140
1789658363346091008,1789658366991436032,1789658367058520732,34,d4:bd:4f:61:f4:51,CESI_HotSpot,-67.0,2447.0,8
1789658363346091008,1789658366991436032,1789658367058520732,34,d4:bd:4f:61:f4:52,CESI_Robots,-68.0,2447.0,8
1789658363346091008,1789658366991436032,1789658367058520732,34,d4:bd:4f:61:f4:53,CESI_Recherche,-68.0,2447.0,8
1789658363346091008,1789658366991436032,1789658367058520732,34,d4:bd:4f:61:f4:54,CESI_Iot,-69.0,2447.0,8
1789658363346091008,1789658366991436032,1789658367058520732,34,d0:21:f9:5f:d3:97,FGNE-Admin,-73.0,2412.0,8
1789658363346091008,1789658366991436032,1789658367058520732,34,d4:bd:4f:60:d2:d3,CESI_Recherche,-61.0,2462.0,4224
1789658363346091008,1789658366991436032,1789658367058520732,34,2e:86:6a:89:ff:2c,\x00\x00\x00\x00\x00\x00\x00\x00\x00\x00\x00\x00\x00\x00\x00\x00,-89.0,5220.0,8
1789658363346091008,1789658366991436032,1789658367058520732,34,78:45:58:d8:a3:60,FGNE-Admin,-86.0,5180.0,20896
1789658363346091008,1789658366991436032,1789658367058520732,34,38:9d:92:35:3d:10,EB353D10-EE89sIDJqG1AOAj,-69.0,2462.0,4224
1789658363346091008,1789658366991436032,1789658367058520732,34,d4:bd:4f:a1:91:c0,CESI_Corp,-83.0,5260.0,8
1789658363346091008,1789658366991436032,1789658367058520732,34,d4:bd:4f:a1:91:c1,CESI_HotSpot,-85.0,5260.0,8
1789658363346091008,1789658366991436032,1789658367058520732,34,d4:bd:4f:a1:91:c2,CESI_Robots,-85.0,5260.0,8
1789658363346091008,1789658366991436032,1789658367058520732,34,d4:bd:4f:a1:91:c3,CESI_Recherche,-85.0,5260.0,8
1789658363346091008,1789658366991436032,1789658367058520732,34,d4:bd:4f:a1:91:c4,CESI_Iot,-83.0,5260.0,8
1789658367561696000,1789658371152598016,1789658371219959742,35,02:91:9e:71:b0:15,poppy_net,-35.0,2412.0,0
1789658367561696000,1789658371152598016,1789658371219959742,35,32:0d:cb:9d:dd:f0,iPhone moe b,-46.0,2412.0,0
1789658367561696000,1789658371152598016,1789658371219959742,35,d4:bd:4f:61:91:30,CESI_Corp,-58.0,2462.0,4160
1789658367561696000,1789658371152598016,1789658371219959742,35,d4:bd:4f:61:91:31,CESI_HotSpot,-65.0,2462.0,0
1789658367561696000,1789658371152598016,1789658371219959742,35,d4:bd:4f:a1:d5:90,CESI_Corp,-47.0,5260.0,0
1789658367561696000,1789658371152598016,1789658371219959742,35,d4:bd:4f:a1:d5:91,CESI_HotSpot,-48.0,5260.0,0
1789658367561696000,1789658371152598016,1789658371219959742,35,d4:bd:4f:a1:d5:92,CESI_Robots,-48.0,5260.0,0
1789658367561696000,1789658371152598016,1789658371219959742,35,d4:bd:4f:a1:d5:93,CESI_Recherche,-48.0,5260.0,0
1789658367561696000,1789658371152598016,1789658371219959742,35,d4:bd:4f:a1:d5:94,CESI_Iot,-48.0,5260.0,0
1789658367561696000,1789658371152598016,1789658371219959742,35,d4:bd:4f:a1:a9:70,CESI_Corp,-57.0,5260.0,0
1789658367561696000,1789658371152598016,1789658371219959742,35,d4:bd:4f:a1:a9:71,CESI_HotSpot,-57.0,5260.0,0
1789658367561696000,1789658371152598016,1789658371219959742,35,d4:bd:4f:a1:a9:72,CESI_Robots,-57.0,5260.0,0
1789658367561696000,1789658371152598016,1789658371219959742,35,d4:bd:4f:a1:a9:73,CESI_Recherche,-56.0,5260.0,0
1789658367561696000,1789658371152598016,1789658371219959742,35,d4:bd:4f:a1:a9:74,CESI_Iot,-57.0,5260.0,0
1789658367561696000,1789658371152598016,1789658371219959742,35,d4:bd:4f:a0:5d:90,CESI_Corp,-79.0,5260.0,0
1789658367561696000,1789658371152598016,1789658371219959742,35,d4:bd:4f:a0:5d:91,CESI_HotSpot,-78.0,5260.0,0
1789658367561696000,1789658371152598016,1789658371219959742,35,d4:bd:4f:a0:5d:92,CESI_Robots,-78.0,5260.0,0
1789658367561696000,1789658371152598016,1789658371219959742,35,d4:bd:4f:a0:5d:93,CESI_Recherche,-79.0,5260.0,0
1789658367561696000,1789658371152598016,1789658371219959742,35,d4:bd:4f:a0:5d:94,CESI_Iot,-78.0,5260.0,0
1789658367561696000,1789658371152598016,1789658371219959742,35,7c:26:64:69:50:05,,-49.0,5320.0,0
1789658367561696000,1789658371152598016,1789658371219959742,35,d4:bd:4f:61:d5:91,CESI_HotSpot,-43.0,2462.0,0
1789658367561696000,1789658371152598016,1789658371219959742,35,d4:bd:4f:61:91:32,CESI_Robots,-61.0,2462.0,4160
1789658367561696000,1789658371152598016,1789658371219959742,35,d4:bd:4f:61:91:33,CESI_Recherche,-65.0,2462.0,0
1789658367561696000,1789658371152598016,1789658371219959742,35,d4:bd:4f:61:91:34,CESI_Iot,-66.0,2462.0,0
1789658367561696000,1789658371152598016,1789658371219959742,35,d4:bd:4f:a1:91:30,CESI_Corp,-67.0,5260.0,0
1789658367561696000,1789658371152598016,1789658371219959742,35,d4:bd:4f:a1:91:31,CESI_HotSpot,-67.0,5260.0,0
1789658367561696000,1789658371152598016,1789658371219959742,35,d4:bd:4f:a1:91:32,CESI_Robots,-67.0,5260.0,0
1789658367561696000,1789658371152598016,1789658371219959742,35,d4:bd:4f:a1:91:33,CESI_Recherche,-67.0,5260.0,0
1789658367561696000,1789658371152598016,1789658371219959742,35,d4:bd:4f:a1:91:34,CESI_Iot,-67.0,5260.0,0
1789658367561696000,1789658371152598016,1789658371219959742,35,d4:bd:4f:a0:d2:d0,CESI_Corp,-64.0,5260.0,0
1789658367561696000,1789658371152598016,1789658371219959742,35,d4:bd:4f:a0:d2:d1,CESI_HotSpot,-66.0,5260.0,0
1789658367561696000,1789658371152598016,1789658371219959742,35,d4:bd:4f:a0:d2:d2,CESI_Robots,-67.0,5260.0,0
1789658367561696000,1789658371152598016,1789658371219959742,35,d4:bd:4f:a0:d2:d3,CESI_Recherche,-67.0,5260.0,0
1789658367561696000,1789658371152598016,1789658371219959742,35,d4:bd:4f:a0:d2:d4,CESI_Iot,-67.0,5260.0,0
1789658367561696000,1789658371152598016,1789658371219959742,35,94:b3:4f:bc:d6:a2,CESI_Robots,-82.0,5180.0,4160
1789658367561696000,1789658371152598016,1789658371219959742,35,94:b3:4f:bc:d6:a3,CESI_Recherche,-82.0,5180.0,4160
1789658367561696000,1789658371152598016,1789658371219959742,35,94:b3:4f:bc:d6:a4,CESI_Iot,-82.0,5180.0,4160
1789658367561696000,1789658371152598016,1789658371219959742,35,94:b3:4f:bc:d6:a0,CESI_Corp,-80.0,5180.0,16672
1789658367561696000,1789658371152598016,1789658371219959742,35,94:b3:4f:bc:d6:a1,CESI_HotSpot,-80.0,5180.0,16672
1789658367561696000,1789658371152598016,1789658371219959742,35,d4:bd:4f:61:d5:92,CESI_Robots,-34.0,2462.0,12512
1789658367561696000,1789658371152598016,1789658371219959742,35,d4:bd:4f:61:d5:93,CESI_Recherche,-43.0,2462.0,4160
1789658367561696000,1789658371152598016,1789658371219959742,35,d4:bd:4f:60:d2:d0,CESI_Corp,-57.0,2462.0,0
1789658367561696000,1789658371152598016,1789658371219959742,35,d4:bd:4f:61:a9:70,CESI_Corp,-60.0,2462.0,0
1789658367561696000,1789658371152598016,1789658371219959742,35,d4:bd:4f:61:d5:90,CESI_Corp,-45.0,2462.0,0
1789658367561696000,1789658371152598016,1789658371219959742,35,d4:bd:4f:61:a9:72,CESI_Robots,-50.0,2462.0,16676
1789658367561696000,1789658371152598016,1789658371219959742,35,d4:bd:4f:61:d5:94,CESI_Iot,-44.0,2462.0,4160
1789658367561696000,1789658371152598016,1789658371219959742,35,7c:26:64:69:50:04,,-47.0,2462.0,4160
1789658367561696000,1789658371152598016,1789658371219959742,35,d4:bd:4f:61:a9:73,CESI_Recherche,-49.0,2462.0,20884
1789658367561696000,1789658371152598016,1789658371219959742,35,d4:bd:4f:61:a9:74,CESI_Iot,-60.0,2462.0,0
1789658367561696000,1789658371152598016,1789658371219959742,35,d4:bd:4f:61:a9:71,CESI_HotSpot,-67.0,2462.0,0
1789658367561696000,1789658371152598016,1789658371219959742,35,70:a7:41:72:25:eb,FGNE-Admin,-62.0,5220.0,0
1789658367561696000,1789658371152598016,1789658371219959742,35,72:a7:41:12:25:eb,Cepsup-Etudiants,-62.0,5220.0,0
1789658367561696000,1789658371152598016,1789658371219959742,35,d4:bd:4f:60:d2:d4,CESI_Iot,-62.0,2462.0,0
1789658367561696000,1789658371152598016,1789658371219959742,35,72:a7:41:22:25:eb,,-64.0,5220.0,0
1789658367561696000,1789658371152598016,1789658371219959742,35,d4:bd:4f:60:d2:d2,CESI_Robots,-61.0,2462.0,8376
1789658367561696000,1789658371152598016,1789658371219959742,35,d2:21:f9:1f:d3:98,Cepsup-Etudiants,-79.0,5200.0,0
1789658367561696000,1789658371152598016,1789658371219959742,35,d0:21:f9:5f:d3:98,FGNE-Admin,-78.0,5200.0,0
1789658367561696000,1789658371152598016,1789658371219959742,35,d4:bd:4f:60:d2:d1,CESI_HotSpot,-61.0,2462.0,0
1789658367561696000,1789658371152598016,1789658371219959742,35,70:a7:41:72:25:ea,FGNE-Admin,-63.0,2462.0,0
1789658367561696000,1789658371152598016,1789658371219959742,35,d4:bd:4f:a1:f4:54,CESI_Iot,-78.0,5180.0,0
1789658367561696000,1789658371152598016,1789658371219959742,35,d2:21:f9:2f:d3:98,,-80.0,5200.0,8376
1789658367561696000,1789658371152598016,1789658371219959742,35,72:a7:41:12:25:ea,Cepsup-Etudiants,-64.0,2462.0,0
1789658367561696000,1789658371152598016,1789658371219959742,35,d4:bd:4f:a1:f4:50,CESI_Corp,-78.0,5180.0,0
1789658367561696000,1789658371152598016,1789658371219959742,35,d4:bd:4f:a1:f4:51,CESI_HotSpot,-78.0,5180.0,0
1789658367561696000,1789658371152598016,1789658371219959742,35,d4:bd:4f:a1:f4:52,CESI_Robots,-77.0,5180.0,0
1789658367561696000,1789658371152598016,1789658371219959742,35,d4:bd:4f:a1:f4:53,CESI_Recherche,-78.0,5180.0,8
1789658367561696000,1789658371152598016,1789658371219959742,35,d2:21:f9:1f:d3:97,Cepsup-Etudiants,-69.0,2412.0,4168
1789658367561696000,1789658371152598016,1789658371219959742,35,72:a7:41:22:25:ea,,-66.0,2462.0,8
1789658367561696000,1789658371152598016,1789658371219959742,35,d2:21:f9:1f:b3:91,Cepsup-Etudiants,-91.0,5220.0,29300
1789658367561696000,1789658371152598016,1789658371219959742,35,d2:21:f9:2f:b3:91,,-90.0,5220.0,25056
1789658367561696000,1789658371152598016,1789658371219959742,35,d4:bd:4f:60:5d:90,CESI_Corp,-65.0,2462.0,4168
1789658367561696000,1789658371152598016,1789658371219959742,35,d4:bd:4f:61:f4:50,CESI_Corp,-68.0,2447.0,4168
1789658367561696000,1789658371152598016,1789658371219959742,35,d4:bd:4f:60:5d:91,CESI_HotSpot,-66.0,2462.0,4168
1789658367561696000,1789658371152598016,1789658371219959742,35,d0:21:f9:5f:b3:91,FGNE-Admin,-90.0,5220.0,29300
1789658367561696000,1789658371152598016,1789658371219959742,35,d4:bd:4f:61:f4:51,CESI_HotSpot,-67.0,2447.0,4168
1789658367561696000,1789658371152598016,1789658371219959742,35,d4:bd:4f:61:f4:52,CESI_Robots,-59.0,2447.0,8
1789658367561696000,1789658371152598016,1789658371219959742,35,d4:bd:4f:61:f4:53,CESI_Recherche,-59.0,2447.0,8
1789658367561696000,1789658371152598016,1789658371219959742,35,d4:bd:4f:61:f4:54,CESI_Iot,-59.0,2447.0,8
1789658367561696000,1789658371152598016,1789658371219959742,35,d0:21:f9:5f:d3:97,FGNE-Admin,-73.0,2412.0,4168
1789658367561696000,1789658371152598016,1789658371219959742,35,d4:bd:4f:60:d2:d3,CESI_Recherche,-61.0,2462.0,8
1789658367561696000,1789658371152598016,1789658371219959742,35,2e:86:6a:89:ff:2c,\x00\x00\x00\x00\x00\x00\x00\x00\x00\x00\x00\x00\x00\x00\x00\x00,-89.0,5220.0,4168
1789658367561696000,1789658371152598016,1789658371219959742,35,78:45:58:d8:a3:60,FGNE-Admin,-86.0,5180.0,25056
1789658367561696000,1789658371152598016,1789658371219959742,35,38:9d:92:35:3d:10,EB353D10-EE89sIDJqG1AOAj,-69.0,2462.0,8384
1789658367561696000,1789658371152598016,1789658371219959742,35,d4:bd:4f:a1:91:c0,CESI_Corp,-83.0,5260.0,4168
1789658367561696000,1789658371152598016,1789658371219959742,35,d4:bd:4f:a1:91:c1,CESI_HotSpot,-85.0,5260.0,4168
1789658367561696000,1789658371152598016,1789658371219959742,35,d4:bd:4f:a1:91:c2,CESI_Robots,-85.0,5260.0,4168
1789658367561696000,1789658371152598016,1789658371219959742,35,d4:bd:4f:a1:91:c3,CESI_Recherche,-85.0,5260.0,4168
1789658367561696000,1789658371152598016,1789658371219959742,35,d4:bd:4f:a1:91:c4,CESI_Iot,-83.0,5260.0,4168
1789658371723627008,1789658375341170944,1789658375402890478,36,02:91:9e:71:b0:15,poppy_net,-37.0,2412.0,0
1789658371723627008,1789658375341170944,1789658375402890478,36,32:0d:cb:9d:dd:f0,iPhone moe b,-46.0,2412.0,0
1789658371723627008,1789658375341170944,1789658375402890478,36,d4:bd:4f:61:91:30,CESI_Corp,-58.0,2462.0,8344
1789658371723627008,1789658375341170944,1789658375402890478,36,d4:bd:4f:61:91:31,CESI_HotSpot,-65.0,2462.0,4184
1789658371723627008,1789658375341170944,1789658375402890478,36,d4:bd:4f:a1:d5:90,CESI_Corp,-49.0,5260.0,0
1789658371723627008,1789658375341170944,1789658375402890478,36,d4:bd:4f:a1:d5:91,CESI_HotSpot,-49.0,5260.0,0
1789658371723627008,1789658375341170944,1789658375402890478,36,d4:bd:4f:a1:d5:92,CESI_Robots,-49.0,5260.0,0
1789658371723627008,1789658375341170944,1789658375402890478,36,d4:bd:4f:a1:d5:93,CESI_Recherche,-49.0,5260.0,0
1789658371723627008,1789658375341170944,1789658375402890478,36,d4:bd:4f:a1:d5:94,CESI_Iot,-49.0,5260.0,0
1789658371723627008,1789658375341170944,1789658375402890478,36,d4:bd:4f:a1:a9:70,CESI_Corp,-66.0,5260.0,0
1789658371723627008,1789658375341170944,1789658375402890478,36,d4:bd:4f:a1:a9:71,CESI_HotSpot,-66.0,5260.0,0
1789658371723627008,1789658375341170944,1789658375402890478,36,d4:bd:4f:a1:a9:72,CESI_Robots,-66.0,5260.0,0
1789658371723627008,1789658375341170944,1789658375402890478,36,d4:bd:4f:a1:a9:73,CESI_Recherche,-66.0,5260.0,0
1789658371723627008,1789658375341170944,1789658375402890478,36,d4:bd:4f:a1:a9:74,CESI_Iot,-66.0,5260.0,0
1789658371723627008,1789658375341170944,1789658375402890478,36,d4:bd:4f:a0:5d:90,CESI_Corp,-77.0,5260.0,0
1789658371723627008,1789658375341170944,1789658375402890478,36,d4:bd:4f:a0:5d:91,CESI_HotSpot,-67.0,5260.0,0
1789658371723627008,1789658375341170944,1789658375402890478,36,d4:bd:4f:a0:5d:92,CESI_Robots,-77.0,5260.0,0
1789658371723627008,1789658375341170944,1789658375402890478,36,d4:bd:4f:a0:5d:93,CESI_Recherche,-78.0,5260.0,0
1789658371723627008,1789658375341170944,1789658375402890478,36,d4:bd:4f:a0:5d:94,CESI_Iot,-78.0,5260.0,0
1789658371723627008,1789658375341170944,1789658375402890478,36,7c:26:64:69:50:05,,-48.0,5320.0,0
1789658371723627008,1789658375341170944,1789658375402890478,36,d4:bd:4f:61:d5:91,CESI_HotSpot,-45.0,2462.0,0
1789658371723627008,1789658375341170944,1789658375402890478,36,d4:bd:4f:61:91:32,CESI_Robots,-61.0,2462.0,8344
1789658371723627008,1789658375341170944,1789658375402890478,36,d4:bd:4f:61:91:33,CESI_Recherche,-65.0,2462.0,4184
1789658371723627008,1789658375341170944,1789658375402890478,36,d4:bd:4f:61:91:34,CESI_Iot,-66.0,2462.0,4184
1789658371723627008,1789658375341170944,1789658375402890478,36,d4:bd:4f:a1:91:30,CESI_Corp,-69.0,5260.0,0
1789658371723627008,1789658375341170944,1789658375402890478,36,d4:bd:4f:a1:91:31,CESI_HotSpot,-70.0,5260.0,0
1789658371723627008,1789658375341170944,1789658375402890478,36,d4:bd:4f:a1:91:32,CESI_Robots,-70.0,5260.0,0
1789658371723627008,1789658375341170944,1789658375402890478,36,d4:bd:4f:a1:91:33,CESI_Recherche,-71.0,5260.0,0
1789658371723627008,1789658375341170944,1789658375402890478,36,d4:bd:4f:a1:91:34,CESI_Iot,-70.0,5260.0,0
1789658371723627008,1789658375341170944,1789658375402890478,36,d4:bd:4f:a0:d2:d0,CESI_Corp,-64.0,5260.0,4184
1789658371723627008,1789658375341170944,1789658375402890478,36,d4:bd:4f:a0:d2:d1,CESI_HotSpot,-66.0,5260.0,4184
1789658371723627008,1789658375341170944,1789658375402890478,36,d4:bd:4f:a0:d2:d2,CESI_Robots,-67.0,5260.0,4184
1789658371723627008,1789658375341170944,1789658375402890478,36,d4:bd:4f:a0:d2:d3,CESI_Recherche,-67.0,5260.0,4184
1789658371723627008,1789658375341170944,1789658375402890478,36,d4:bd:4f:a0:d2:d4,CESI_Iot,-67.0,5260.0,4184
1789658371723627008,1789658375341170944,1789658375402890478,36,94:b3:4f:bc:d6:a2,CESI_Robots,-82.0,5180.0,8344
1789658371723627008,1789658375341170944,1789658375402890478,36,94:b3:4f:bc:d6:a3,CESI_Recherche,-82.0,5180.0,8344
1789658371723627008,1789658375341170944,1789658375402890478,36,94:b3:4f:bc:d6:a4,CESI_Iot,-82.0,5180.0,8344
1789658371723627008,1789658375341170944,1789658375402890478,36,94:b3:4f:bc:d6:a0,CESI_Corp,-80.0,5180.0,20856
1789658371723627008,1789658375341170944,1789658375402890478,36,94:b3:4f:bc:d6:a1,CESI_HotSpot,-87.0,5180.0,0
1789658371723627008,1789658375341170944,1789658375402890478,36,d4:bd:4f:61:d5:92,CESI_Robots,-44.0,2462.0,0
1789658371723627008,1789658375341170944,1789658375402890478,36,d4:bd:4f:61:d5:93,CESI_Recherche,-44.0,2462.0,0
1789658371723627008,1789658375341170944,1789658375402890478,36,d4:bd:4f:60:d2:d0,CESI_Corp,-62.0,2462.0,0
1789658371723627008,1789658375341170944,1789658375402890478,36,d4:bd:4f:61:a9:70,CESI_Corp,-62.0,2462.0,0
1789658371723627008,1789658375341170944,1789658375402890478,36,d4:bd:4f:61:d5:90,CESI_Corp,-45.0,2462.0,0
1789658371723627008,1789658375341170944,1789658375402890478,36,d4:bd:4f:61:a9:72,CESI_Robots,-58.0,2462.0,0
1789658371723627008,1789658375341170944,1789658375402890478,36,d4:bd:4f:61:d5:94,CESI_Iot,-44.0,2462.0,0
1789658371723627008,1789658375341170944,1789658375402890478,36,7c:26:64:69:50:04,,-43.0,2462.0,0
1789658371723627008,1789658375341170944,1789658375402890478,36,d4:bd:4f:61:a9:73,CESI_Recherche,-61.0,2462.0,0
1789658371723627008,1789658375341170944,1789658375402890478,36,d4:bd:4f:61:a9:74,CESI_Iot,-60.0,2462.0,4184
1789658371723627008,1789658375341170944,1789658375402890478,36,d4:bd:4f:61:a9:71,CESI_HotSpot,-67.0,2462.0,4184
1789658371723627008,1789658375341170944,1789658375402890478,36,70:a7:41:72:25:eb,FGNE-Admin,-61.0,5220.0,0
1789658371723627008,1789658375341170944,1789658375402890478,36,72:a7:41:12:25:eb,Cepsup-Etudiants,-61.0,5220.0,0
1789658371723627008,1789658375341170944,1789658375402890478,36,d4:bd:4f:60:d2:d4,CESI_Iot,-60.0,2462.0,0
1789658371723627008,1789658375341170944,1789658375402890478,36,72:a7:41:22:25:eb,,-64.0,5220.0,4184
1789658371723627008,1789658375341170944,1789658375402890478,36,d4:bd:4f:60:d2:d2,CESI_Robots,-61.0,2462.0,12560
1789658371723627008,1789658375341170944,1789658375402890478,36,d2:21:f9:1f:d3:98,Cepsup-Etudiants,-75.0,5200.0,0
1789658371723627008,1789658375341170944,1789658375402890478,36,d0:21:f9:5f:d3:98,FGNE-Admin,-76.0,5200.0,0
1789658371723627008,1789658375341170944,1789658375402890478,36,d4:bd:4f:60:d2:d1,CESI_HotSpot,-61.0,2462.0,4184
1789658371723627008,1789658375341170944,1789658375402890478,36,70:a7:41:72:25:ea,FGNE-Admin,-63.0,2462.0,0
1789658371723627008,1789658375341170944,1789658375402890478,36,d4:bd:4f:a1:f4:54,CESI_Iot,-75.0,5180.0,0
1789658371723627008,1789658375341170944,1789658375402890478,36,d2:21:f9:2f:d3:98,,-80.0,5200.0,12560
1789658371723627008,1789658375341170944,1789658375402890478,36,72:a7:41:12:25:ea,Cepsup-Etudiants,-64.0,2462.0,4184
1789658371723627008,1789658375341170944,1789658375402890478,36,d4:bd:4f:a1:f4:50,CESI_Corp,-75.0,5180.0,0
1789658371723627008,1789658375341170944,1789658375402890478,36,d4:bd:4f:a1:f4:51,CESI_HotSpot,-75.0,5180.0,0
1789658371723627008,1789658375341170944,1789658375402890478,36,d4:bd:4f:a1:f4:52,CESI_Robots,-75.0,5180.0,0
1789658371723627008,1789658375341170944,1789658375402890478,36,d4:bd:4f:a1:f4:53,CESI_Recherche,-75.0,5180.0,8
1789658371723627008,1789658375341170944,1789658375402890478,36,d2:21:f9:1f:d3:97,Cepsup-Etudiants,-69.0,2412.0,8352
1789658371723627008,1789658375341170944,1789658375402890478,36,72:a7:41:22:25:ea,,-65.0,2462.0,8
1789658371723627008,1789658375341170944,1789658375402890478,36,d2:21:f9:2f:b3:91,,-90.0,5220.0,29240
1789658371723627008,1789658375341170944,1789658375402890478,36,d4:bd:4f:60:5d:90,CESI_Corp,-65.0,2462.0,8352
1789658371723627008,1789658375341170944,1789658375402890478,36,d4:bd:4f:61:f4:50,CESI_Corp,-67.0,2447.0,8
1789658371723627008,1789658375341170944,1789658375402890478,36,d4:bd:4f:60:5d:91,CESI_HotSpot,-66.0,2462.0,8352
1789658371723627008,1789658375341170944,1789658375402890478,36,d4:bd:4f:61:f4:51,CESI_HotSpot,-68.0,2447.0,8
1789658371723627008,1789658375341170944,1789658375402890478,36,d4:bd:4f:61:f4:52,CESI_Robots,-59.0,2447.0,8
1789658371723627008,1789658375341170944,1789658375402890478,36,d4:bd:4f:61:f4:53,CESI_Recherche,-60.0,2447.0,8
1789658371723627008,1789658375341170944,1789658375402890478,36,d4:bd:4f:61:f4:54,CESI_Iot,-60.0,2447.0,8
1789658371723627008,1789658375341170944,1789658375402890478,36,d0:21:f9:5f:d3:97,FGNE-Admin,-69.0,2412.0,8
1789658371723627008,1789658375341170944,1789658375402890478,36,d4:bd:4f:60:d2:d3,CESI_Recherche,-61.0,2462.0,4192
1789658371723627008,1789658375341170944,1789658375402890478,36,2e:86:6a:89:ff:2c,\x00\x00\x00\x00\x00\x00\x00\x00\x00\x00\x00\x00\x00\x00\x00\x00,-89.0,5220.0,8352
1789658371723627008,1789658375341170944,1789658375402890478,36,78:45:58:d8:a3:60,FGNE-Admin,-86.0,5180.0,29240
1789658371723627008,1789658375341170944,1789658375402890478,36,38:9d:92:35:3d:10,EB353D10-EE89sIDJqG1AOAj,-69.0,2462.0,12568
1789658371723627008,1789658375341170944,1789658375402890478,36,d4:bd:4f:a1:91:c0,CESI_Corp,-83.0,5260.0,8352
1789658371723627008,1789658375341170944,1789658375402890478,36,d4:bd:4f:a1:91:c1,CESI_HotSpot,-85.0,5260.0,8352
1789658371723627008,1789658375341170944,1789658375402890478,36,d4:bd:4f:a1:91:c2,CESI_Robots,-85.0,5260.0,8352
1789658371723627008,1789658375341170944,1789658375402890478,36,d4:bd:4f:a1:91:c3,CESI_Recherche,-85.0,5260.0,8352
1789658371723627008,1789658375341170944,1789658375402890478,36,d4:bd:4f:a1:91:c4,CESI_Iot,-83.0,5260.0,8352
1789658375905452032,1789658379522627072,1789658379587490188,37,02:91:9e:71:b0:15,poppy_net,-40.0,2412.0,0
1789658375905452032,1789658379522627072,1789658379587490188,37,32:0d:cb:9d:dd:f0,iPhone moe b,-52.0,2412.0,0
1789658375905452032,1789658379522627072,1789658379587490188,37,d4:bd:4f:61:91:30,CESI_Corp,-58.0,2462.0,12524
1789658375905452032,1789658379522627072,1789658379587490188,37,d4:bd:4f:61:91:31,CESI_HotSpot,-65.0,2462.0,8364
1789658375905452032,1789658379522627072,1789658379587490188,37,d4:bd:4f:a1:d5:90,CESI_Corp,-46.0,5260.0,0
1789658375905452032,1789658379522627072,1789658379587490188,37,d4:bd:4f:a1:d5:91,CESI_HotSpot,-47.0,5260.0,0
1789658375905452032,1789658379522627072,1789658379587490188,37,d4:bd:4f:a1:d5:92,CESI_Robots,-47.0,5260.0,0
1789658375905452032,1789658379522627072,1789658379587490188,37,d4:bd:4f:a1:d5:93,CESI_Recherche,-47.0,5260.0,0
1789658375905452032,1789658379522627072,1789658379587490188,37,d4:bd:4f:a1:d5:94,CESI_Iot,-46.0,5260.0,0
1789658375905452032,1789658379522627072,1789658379587490188,37,d4:bd:4f:a1:a9:70,CESI_Corp,-65.0,5260.0,0
1789658375905452032,1789658379522627072,1789658379587490188,37,d4:bd:4f:a1:a9:71,CESI_HotSpot,-64.0,5260.0,0
1789658375905452032,1789658379522627072,1789658379587490188,37,d4:bd:4f:a1:a9:72,CESI_Robots,-64.0,5260.0,0
1789658375905452032,1789658379522627072,1789658379587490188,37,d4:bd:4f:a1:a9:73,CESI_Recherche,-63.0,5260.0,0
1789658375905452032,1789658379522627072,1789658379587490188,37,d4:bd:4f:a1:a9:74,CESI_Iot,-62.0,5260.0,0
1789658375905452032,1789658379522627072,1789658379587490188,37,d4:bd:4f:a0:5d:90,CESI_Corp,-75.0,5260.0,0
1789658375905452032,1789658379522627072,1789658379587490188,37,d4:bd:4f:a0:5d:91,CESI_HotSpot,-75.0,5260.0,0
1789658375905452032,1789658379522627072,1789658379587490188,37,d4:bd:4f:a0:5d:92,CESI_Robots,-75.0,5260.0,0
1789658375905452032,1789658379522627072,1789658379587490188,37,d4:bd:4f:a0:5d:93,CESI_Recherche,-76.0,5260.0,0
1789658375905452032,1789658379522627072,1789658379587490188,37,d4:bd:4f:a0:5d:94,CESI_Iot,-75.0,5260.0,0
1789658375905452032,1789658379522627072,1789658379587490188,37,7c:26:64:69:50:05,,-52.0,5320.0,0
1789658375905452032,1789658379522627072,1789658379587490188,37,d4:bd:4f:61:d5:91,CESI_HotSpot,-61.0,2462.0,0
1789658375905452032,1789658379522627072,1789658379587490188,37,d4:bd:4f:61:91:32,CESI_Robots,-61.0,2462.0,12524
1789658375905452032,1789658379522627072,1789658379587490188,37,d4:bd:4f:61:91:33,CESI_Recherche,-60.0,2462.0,0
1789658375905452032,1789658379522627072,1789658379587490188,37,d4:bd:4f:61:91:34,CESI_Iot,-62.0,2462.0,0
1789658375905452032,1789658379522627072,1789658379587490188,37,d4:bd:4f:a1:91:30,CESI_Corp,-67.0,5260.0,0
1789658375905452032,1789658379522627072,1789658379587490188,37,d4:bd:4f:a1:91:31,CESI_HotSpot,-67.0,5260.0,0
1789658375905452032,1789658379522627072,1789658379587490188,37,d4:bd:4f:a1:91:32,CESI_Robots,-67.0,5260.0,0
1789658375905452032,1789658379522627072,1789658379587490188,37,d4:bd:4f:a1:91:33,CESI_Recherche,-67.0,5260.0,0
1789658375905452032,1789658379522627072,1789658379587490188,37,d4:bd:4f:a1:91:34,CESI_Iot,-67.0,5260.0,0
1789658375905452032,1789658379522627072,1789658379587490188,37,d4:bd:4f:a0:d2:d0,CESI_Corp,-61.0,5260.0,0
1789658375905452032,1789658379522627072,1789658379587490188,37,d4:bd:4f:a0:d2:d1,CESI_HotSpot,-60.0,5260.0,0
1789658375905452032,1789658379522627072,1789658379587490188,37,d4:bd:4f:a0:d2:d2,CESI_Robots,-61.0,5260.0,0
1789658375905452032,1789658379522627072,1789658379587490188,37,d4:bd:4f:a0:d2:d3,CESI_Recherche,-61.0,5260.0,0
1789658375905452032,1789658379522627072,1789658379587490188,37,d4:bd:4f:a0:d2:d4,CESI_Iot,-61.0,5260.0,0
1789658375905452032,1789658379522627072,1789658379587490188,37,94:b3:4f:bc:d6:a2,CESI_Robots,-82.0,5180.0,12524
1789658375905452032,1789658379522627072,1789658379587490188,37,94:b3:4f:bc:d6:a3,CESI_Recherche,-82.0,5180.0,12524
1789658375905452032,1789658379522627072,1789658379587490188,37,94:b3:4f:bc:d6:a4,CESI_Iot,-82.0,5180.0,12524
1789658375905452032,1789658379522627072,1789658379587490188,37,94:b3:4f:bc:d6:a0,CESI_Corp,-80.0,5180.0,25036
1789658375905452032,1789658379522627072,1789658379587490188,37,94:b3:4f:bc:d6:a1,CESI_HotSpot,-87.0,5180.0,4180
1789658375905452032,1789658379522627072,1789658379587490188,37,d4:bd:4f:61:d5:92,CESI_Robots,-44.0,2462.0,4180
1789658375905452032,1789658379522627072,1789658379587490188,37,d4:bd:4f:61:d5:93,CESI_Recherche,-60.0,2462.0,0
1789658375905452032,1789658379522627072,1789658379587490188,37,d4:bd:4f:60:d2:d0,CESI_Corp,-55.0,2462.0,0
1789658375905452032,1789658379522627072,1789658379587490188,37,d4:bd:4f:61:a9:70,CESI_Corp,-62.0,2462.0,4180
1789658375905452032,1789658379522627072,1789658379587490188,37,d4:bd:4f:61:d5:90,CESI_Corp,-60.0,2462.0,0
1789658375905452032,1789658379522627072,1789658379587490188,37,d4:bd:4f:61:a9:72,CESI_Robots,-58.0,2462.0,4180
1789658375905452032,1789658379522627072,1789658379587490188,37,d4:bd:4f:61:d5:94,CESI_Iot,-44.0,2462.0,4180
1789658375905452032,1789658379522627072,1789658379587490188,37,7c:26:64:69:50:04,,-62.0,2462.0,0
1789658375905452032,1789658379522627072,1789658379587490188,37,d4:bd:4f:61:a9:73,CESI_Recherche,-61.0,2462.0,4180
1789658375905452032,1789658379522627072,1789658379587490188,37,d4:bd:4f:61:a9:74,CESI_Iot,-60.0,2462.0,8364
1789658375905452032,1789658379522627072,1789658379587490188,37,d4:bd:4f:61:a9:71,CESI_HotSpot,-67.0,2462.0,8364
1789658375905452032,1789658379522627072,1789658379587490188,37,70:a7:41:72:25:eb,FGNE-Admin,-65.0,5220.0,0
1789658375905452032,1789658379522627072,1789658379587490188,37,72:a7:41:12:25:eb,Cepsup-Etudiants,-65.0,5220.0,0
1789658375905452032,1789658379522627072,1789658379587490188,37,d4:bd:4f:60:d2:d4,CESI_Iot,-55.0,2462.0,0
1789658375905452032,1789658379522627072,1789658379587490188,37,72:a7:41:22:25:eb,,-65.0,5220.0,0
1789658375905452032,1789658379522627072,1789658379587490188,37,d4:bd:4f:60:d2:d2,CESI_Robots,-55.0,2462.0,0
1789658375905452032,1789658379522627072,1789658379587490188,37,d2:21:f9:1f:d3:98,Cepsup-Etudiants,-87.0,5200.0,0
1789658375905452032,1789658379522627072,1789658379587490188,37,d0:21:f9:5f:d3:98,FGNE-Admin,-85.0,5200.0,0
1789658375905452032,1789658379522627072,1789658379587490188,37,d4:bd:4f:60:d2:d1,CESI_HotSpot,-55.0,2462.0,0
1789658375905452032,1789658379522627072,1789658379587490188,37,70:a7:41:72:25:ea,FGNE-Admin,-63.0,2462.0,4180
1789658375905452032,1789658379522627072,1789658379587490188,37,d4:bd:4f:a1:f4:54,CESI_Iot,-76.0,5180.0,0
1789658375905452032,1789658379522627072,1789658379587490188,37,d2:21:f9:2f:d3:98,,-87.0,5200.0,0
1789658375905452032,1789658379522627072,1789658379587490188,37,72:a7:41:12:25:ea,Cepsup-Etudiants,-65.0,2462.0,0
1789658375905452032,1789658379522627072,1789658379587490188,37,d4:bd:4f:a1:f4:50,CESI_Corp,-76.0,5180.0,0
1789658375905452032,1789658379522627072,1789658379587490188,37,d4:bd:4f:a1:f4:51,CESI_HotSpot,-76.0,5180.0,0
1789658375905452032,1789658379522627072,1789658379587490188,37,d4:bd:4f:a1:f4:52,CESI_Robots,-76.0,5180.0,0
1789658375905452032,1789658379522627072,1789658379587490188,37,d4:bd:4f:a1:f4:53,CESI_Recherche,-76.0,5180.0,8
1789658375905452032,1789658379522627072,1789658379587490188,37,d2:21:f9:1f:d3:97,Cepsup-Etudiants,-72.0,2412.0,8
1789658375905452032,1789658379522627072,1789658379587490188,37,72:a7:41:22:25:ea,,-65.0,2462.0,4188
1789658375905452032,1789658379522627072,1789658379587490188,37,d4:bd:4f:60:5d:90,CESI_Corp,-65.0,2462.0,12532
1789658375905452032,1789658379522627072,1789658379587490188,37,d4:bd:4f:61:f4:50,CESI_Corp,-69.0,2447.0,8
1789658375905452032,1789658379522627072,1789658379587490188,37,d4:bd:4f:60:5d:91,CESI_HotSpot,-66.0,2462.0,12532
1789658375905452032,1789658379522627072,1789658379587490188,37,d4:bd:4f:61:f4:51,CESI_HotSpot,-68.0,2447.0,8
1789658375905452032,1789658379522627072,1789658379587490188,37,d4:bd:4f:61:f4:52,CESI_Robots,-66.0,2447.0,8
1789658375905452032,1789658379522627072,1789658379587490188,37,d4:bd:4f:61:f4:53,CESI_Recherche,-69.0,2447.0,8
1789658375905452032,1789658379522627072,1789658379587490188,37,d4:bd:4f:61:f4:54,CESI_Iot,-70.0,2447.0,8
1789658375905452032,1789658379522627072,1789658379587490188,37,d0:21:f9:5f:d3:97,FGNE-Admin,-72.0,2412.0,8
1789658375905452032,1789658379522627072,1789658379587490188,37,d4:bd:4f:60:d2:d3,CESI_Recherche,-55.0,2462.0,8
1789658375905452032,1789658379522627072,1789658379587490188,37,2e:86:6a:89:ff:2c,\x00\x00\x00\x00\x00\x00\x00\x00\x00\x00\x00\x00\x00\x00\x00\x00,-89.0,5220.0,12532
1789658375905452032,1789658379522627072,1789658379587490188,37,78:45:58:d8:a3:60,FGNE-Admin,-89.0,5180.0,8
1789658375905452032,1789658379522627072,1789658379587490188,37,38:9d:92:35:3d:10,EB353D10-EE89sIDJqG1AOAj,-59.0,2462.0,8
1789658375905452032,1789658379522627072,1789658379587490188,37,d4:bd:4f:a1:91:c0,CESI_Corp,-83.0,5260.0,12532
1789658375905452032,1789658379522627072,1789658379587490188,37,d4:bd:4f:a1:91:c1,CESI_HotSpot,-85.0,5260.0,12532
1789658375905452032,1789658379522627072,1789658379587490188,37,d4:bd:4f:a1:91:c2,CESI_Robots,-85.0,5260.0,12532
1789658375905452032,1789658379522627072,1789658379587490188,37,d4:bd:4f:a1:91:c3,CESI_Recherche,-85.0,5260.0,12532
1789658375905452032,1789658379522627072,1789658379587490188,37,d4:bd:4f:a1:91:c4,CESI_Iot,-83.0,5260.0,12532
1789658375905452032,1789658379522627072,1789658379587490188,37,7a:45:58:98:a3:60,Cepsup-Etudiants,-87.0,5180.0,8
1789658380091409920,1789658383720083968,1789658383782783055,38,02:91:9e:71:b0:15,poppy_net,-41.0,2412.0,0
1789658380091409920,1789658383720083968,1789658383782783055,38,32:0d:cb:9d:dd:f0,iPhone moe b,-55.0,2412.0,0
1789658380091409920,1789658383720083968,1789658383782783055,38,d4:bd:4f:61:91:30,CESI_Corp,-58.0,2462.0,16724
1789658380091409920,1789658383720083968,1789658383782783055,38,d4:bd:4f:61:91:31,CESI_HotSpot,-65.0,2462.0,12564
1789658380091409920,1789658383720083968,1789658383782783055,38,d4:bd:4f:a1:d5:90,CESI_Corp,-47.0,5260.0,0
1789658380091409920,1789658383720083968,1789658383782783055,38,d4:bd:4f:a1:d5:91,CESI_HotSpot,-47.0,5260.0,0
1789658380091409920,1789658383720083968,1789658383782783055,38,d4:bd:4f:a1:d5:92,CESI_Robots,-47.0,5260.0,0
1789658380091409920,1789658383720083968,1789658383782783055,38,d4:bd:4f:a1:d5:93,CESI_Recherche,-47.0,5260.0,0
1789658380091409920,1789658383720083968,1789658383782783055,38,d4:bd:4f:a1:d5:94,CESI_Iot,-47.0,5260.0,0
1789658380091409920,1789658383720083968,1789658383782783055,38,d4:bd:4f:a1:a9:70,CESI_Corp,-64.0,5260.0,0
1789658380091409920,1789658383720083968,1789658383782783055,38,d4:bd:4f:a1:a9:71,CESI_HotSpot,-64.0,5260.0,0
1789658380091409920,1789658383720083968,1789658383782783055,38,d4:bd:4f:a1:a9:72,CESI_Robots,-64.0,5260.0,0
1789658380091409920,1789658383720083968,1789658383782783055,38,d4:bd:4f:a1:a9:73,CESI_Recherche,-64.0,5260.0,0
1789658380091409920,1789658383720083968,1789658383782783055,38,d4:bd:4f:a1:a9:74,CESI_Iot,-64.0,5260.0,0
1789658380091409920,1789658383720083968,1789658383782783055,38,d4:bd:4f:a0:5d:90,CESI_Corp,-75.0,5260.0,4200
1789658380091409920,1789658383720083968,1789658383782783055,38,d4:bd:4f:a0:5d:91,CESI_HotSpot,-76.0,5260.0,0
1789658380091409920,1789658383720083968,1789658383782783055,38,d4:bd:4f:a0:5d:92,CESI_Robots,-76.0,5260.0,0
1789658380091409920,1789658383720083968,1789658383782783055,38,d4:bd:4f:a0:5d:93,CESI_Recherche,-76.0,5260.0,0
1789658380091409920,1789658383720083968,1789658383782783055,38,d4:bd:4f:a0:5d:94,CESI_Iot,-76.0,5260.0,0
1789658380091409920,1789658383720083968,1789658383782783055,38,7c:26:64:69:50:05,,-44.0,5320.0,0
1789658380091409920,1789658383720083968,1789658383782783055,38,d4:bd:4f:61:d5:91,CESI_HotSpot,-50.0,2462.0,0
1789658380091409920,1789658383720083968,1789658383782783055,38,d4:bd:4f:61:91:32,CESI_Robots,-61.0,2462.0,16724
1789658380091409920,1789658383720083968,1789658383782783055,38,d4:bd:4f:61:91:33,CESI_Recherche,-60.0,2462.0,4200
1789658380091409920,1789658383720083968,1789658383782783055,38,d4:bd:4f:61:91:34,CESI_Iot,-62.0,2462.0,4200
1789658380091409920,1789658383720083968,1789658383782783055,38,d4:bd:4f:a1:91:30,CESI_Corp,-67.0,5260.0,4200
1789658380091409920,1789658383720083968,1789658383782783055,38,d4:bd:4f:a1:91:31,CESI_HotSpot,-73.0,5260.0,0
1789658380091409920,1789658383720083968,1789658383782783055,38,d4:bd:4f:a1:91:32,CESI_Robots,-73.0,5260.0,0
1789658380091409920,1789658383720083968,1789658383782783055,38,d4:bd:4f:a1:91:33,CESI_Recherche,-73.0,5260.0,0
1789658380091409920,1789658383720083968,1789658383782783055,38,d4:bd:4f:a1:91:34,CESI_Iot,-73.0,5260.0,0
1789658380091409920,1789658383720083968,1789658383782783055,38,d4:bd:4f:a0:d2:d0,CESI_Corp,-54.0,5260.0,0
1789658380091409920,1789658383720083968,1789658383782783055,38,d4:bd:4f:a0:d2:d1,CESI_HotSpot,-54.0,5260.0,0
1789658380091409920,1789658383720083968,1789658383782783055,38,d4:bd:4f:a0:d2:d2,CESI_Robots,-54.0,5260.0,0
1789658380091409920,1789658383720083968,1789658383782783055,38,d4:bd:4f:a0:d2:d3,CESI_Recherche,-54.0,5260.0,4
1789658380091409920,1789658383720083968,1789658383782783055,38,d4:bd:4f:a0:d2:d4,CESI_Iot,-54.0,5260.0,4
1789658380091409920,1789658383720083968,1789658383782783055,38,94:b3:4f:bc:d6:a2,CESI_Robots,-82.0,5180.0,16728
1789658380091409920,1789658383720083968,1789658383782783055,38,94:b3:4f:bc:d6:a3,CESI_Recherche,-82.0,5180.0,16728
1789658380091409920,1789658383720083968,1789658383782783055,38,94:b3:4f:bc:d6:a4,CESI_Iot,-82.0,5180.0,16728
1789658380091409920,1789658383720083968,1789658383782783055,38,94:b3:4f:bc:d6:a0,CESI_Corp,-80.0,5180.0,29240
1789658380091409920,1789658383720083968,1789658383782783055,38,94:b3:4f:bc:d6:a1,CESI_HotSpot,-87.0,5180.0,8384
1789658380091409920,1789658383720083968,1789658383782783055,38,d4:bd:4f:61:d5:92,CESI_Robots,-44.0,2462.0,8384
1789658380091409920,1789658383720083968,1789658383782783055,38,d4:bd:4f:61:d5:93,CESI_Recherche,-60.0,2462.0,4204
1789658380091409920,1789658383720083968,1789658383782783055,38,d4:bd:4f:60:d2:d0,CESI_Corp,-58.0,2462.0,4
1789658380091409920,1789658383720083968,1789658383782783055,38,d4:bd:4f:61:a9:70,CESI_Corp,-62.0,2462.0,8384
1789658380091409920,1789658383720083968,1789658383782783055,38,d4:bd:4f:61:d5:90,CESI_Corp,-53.0,2462.0,4
1789658380091409920,1789658383720083968,1789658383782783055,38,d4:bd:4f:61:a9:72,CESI_Robots,-58.0,2462.0,4
1789658380091409920,1789658383720083968,1789658383782783055,38,d4:bd:4f:61:d5:94,CESI_Iot,-44.0,2462.0,8384
1789658380091409920,1789658383720083968,1789658383782783055,38,7c:26:64:69:50:04,,-62.0,2462.0,4204
1789658380091409920,1789658383720083968,1789658383782783055,38,d4:bd:4f:61:a9:73,CESI_Recherche,-58.0,2462.0,4
1789658380091409920,1789658383720083968,1789658383782783055,38,d4:bd:4f:61:a9:74,CESI_Iot,-60.0,2462.0,12568
1789658380091409920,1789658383720083968,1789658383782783055,38,d4:bd:4f:61:a9:71,CESI_HotSpot,-58.0,2462.0,4
1789658380091409920,1789658383720083968,1789658383782783055,38,70:a7:41:72:25:eb,FGNE-Admin,-66.0,5220.0,4
1789658380091409920,1789658383720083968,1789658383782783055,38,72:a7:41:12:25:eb,Cepsup-Etudiants,-66.0,5220.0,4
1789658380091409920,1789658383720083968,1789658383782783055,38,d4:bd:4f:60:d2:d4,CESI_Iot,-55.0,2462.0,4204
1789658380091409920,1789658383720083968,1789658383782783055,38,72:a7:41:22:25:eb,,-66.0,5220.0,4
1789658380091409920,1789658383720083968,1789658383782783055,38,d4:bd:4f:60:d2:d2,CESI_Robots,-55.0,2462.0,4204
1789658380091409920,1789658383720083968,1789658383782783055,38,d2:21:f9:1f:d3:98,Cepsup-Etudiants,-83.0,5200.0,4
1789658380091409920,1789658383720083968,1789658383782783055,38,d0:21:f9:5f:d3:98,FGNE-Admin,-83.0,5200.0,4
1789658380091409920,1789658383720083968,1789658383782783055,38,d4:bd:4f:60:d2:d1,CESI_HotSpot,-58.0,2462.0,4
1789658380091409920,1789658383720083968,1789658383782783055,38,70:a7:41:72:25:ea,FGNE-Admin,-65.0,2462.0,4
1789658380091409920,1789658383720083968,1789658383782783055,38,d4:bd:4f:a1:f4:54,CESI_Iot,-74.0,5180.0,4
1789658380091409920,1789658383720083968,1789658383782783055,38,d2:21:f9:2f:d3:98,,-84.0,5200.0,4
1789658380091409920,1789658383720083968,1789658383782783055,38,72:a7:41:12:25:ea,Cepsup-Etudiants,-65.0,2462.0,4204
1789658380091409920,1789658383720083968,1789658383782783055,38,d4:bd:4f:a1:f4:50,CESI_Corp,-73.0,5180.0,4
1789658380091409920,1789658383720083968,1789658383782783055,38,d4:bd:4f:a1:f4:51,CESI_HotSpot,-74.0,5180.0,4
1789658380091409920,1789658383720083968,1789658383782783055,38,d4:bd:4f:a1:f4:52,CESI_Robots,-74.0,5180.0,4
1789658380091409920,1789658383720083968,1789658383782783055,38,d4:bd:4f:a1:f4:53,CESI_Recherche,-73.0,5180.0,8
1789658380091409920,1789658383720083968,1789658383782783055,38,d2:21:f9:1f:d3:97,Cepsup-Etudiants,-72.0,2412.0,4208
1789658380091409920,1789658383720083968,1789658383782783055,38,72:a7:41:22:25:ea,,-65.0,2462.0,8388
1789658380091409920,1789658383720083968,1789658383782783055,38,d4:bd:4f:60:5d:90,CESI_Corp,-65.0,2462.0,16732
1789658380091409920,1789658383720083968,1789658383782783055,38,d4:bd:4f:61:f4:50,CESI_Corp,-62.0,2447.0,8
1789658380091409920,1789658383720083968,1789658383782783055,38,d4:bd:4f:60:5d:91,CESI_HotSpot,-66.0,2462.0,16732
1789658380091409920,1789658383720083968,1789658383782783055,38,d4:bd:4f:61:f4:51,CESI_HotSpot,-63.0,2447.0,8
1789658380091409920,1789658383720083968,1789658383782783055,38,d4:bd:4f:61:f4:52,CESI_Robots,-63.0,2447.0,8
1789658380091409920,1789658383720083968,1789658383782783055,38,d4:bd:4f:61:f4:53,CESI_Recherche,-62.0,2447.0,8
1789658380091409920,1789658383720083968,1789658383782783055,38,d4:bd:4f:61:f4:54,CESI_Iot,-59.0,2447.0,8
1789658380091409920,1789658383720083968,1789658383782783055,38,d0:21:f9:5f:d3:97,FGNE-Admin,-72.0,2412.0,4208
1789658380091409920,1789658383720083968,1789658383782783055,38,d4:bd:4f:60:d2:d3,CESI_Recherche,-59.0,2462.0,8
1789658380091409920,1789658383720083968,1789658383782783055,38,2e:86:6a:89:ff:2c,\x00\x00\x00\x00\x00\x00\x00\x00\x00\x00\x00\x00\x00\x00\x00\x00,-89.0,5220.0,16732
1789658380091409920,1789658383720083968,1789658383782783055,38,78:45:58:d8:a3:60,FGNE-Admin,-89.0,5180.0,4208
1789658380091409920,1789658383720083968,1789658383782783055,38,38:9d:92:35:3d:10,EB353D10-EE89sIDJqG1AOAj,-65.0,2462.0,8
1789658380091409920,1789658383720083968,1789658383782783055,38,d4:bd:4f:a1:91:c0,CESI_Corp,-83.0,5260.0,16732
1789658380091409920,1789658383720083968,1789658383782783055,38,d4:bd:4f:a1:91:c1,CESI_HotSpot,-85.0,5260.0,16732
1789658380091409920,1789658383720083968,1789658383782783055,38,d4:bd:4f:a1:91:c2,CESI_Robots,-81.0,5260.0,8
1789658380091409920,1789658383720083968,1789658383782783055,38,d4:bd:4f:a1:91:c3,CESI_Recherche,-81.0,5260.0,8
1789658380091409920,1789658383720083968,1789658383782783055,38,d4:bd:4f:a1:91:c4,CESI_Iot,-83.0,5260.0,16732
1789658380091409920,1789658383720083968,1789658383782783055,38,7a:45:58:98:a3:60,Cepsup-Etudiants,-87.0,5180.0,8
1789658384285937152,1789658387968067840,1789658388030057696,39,02:91:9e:71:b0:15,poppy_net,-40.0,2412.0,4
1789658384285937152,1789658387968067840,1789658388030057696,39,32:0d:cb:9d:dd:f0,iPhone moe b,-53.0,2412.0,4
1789658384285937152,1789658387968067840,1789658388030057696,39,d4:bd:4f:61:91:30,CESI_Corp,-58.0,2462.0,20976
1789658384285937152,1789658387968067840,1789658388030057696,39,d4:bd:4f:61:91:31,CESI_HotSpot,-65.0,2462.0,16816
1789658384285937152,1789658387968067840,1789658388030057696,39,d4:bd:4f:a1:d5:90,CESI_Corp,-46.0,5260.0,4
1789658384285937152,1789658387968067840,1789658388030057696,39,d4:bd:4f:a1:d5:91,CESI_HotSpot,-46.0,5260.0,4
1789658384285937152,1789658387968067840,1789658388030057696,39,d4:bd:4f:a1:d5:92,CESI_Robots,-46.0,5260.0,4
1789658384285937152,1789658387968067840,1789658388030057696,39,d4:bd:4f:a1:d5:93,CESI_Recherche,-46.0,5260.0,4
1789658384285937152,1789658387968067840,1789658388030057696,39,d4:bd:4f:a1:d5:94,CESI_Iot,-46.0,5260.0,4
1789658384285937152,1789658387968067840,1789658388030057696,39,d4:bd:4f:a1:a9:70,CESI_Corp,-63.0,5260.0,4
1789658384285937152,1789658387968067840,1789658388030057696,39,d4:bd:4f:a1:a9:71,CESI_HotSpot,-63.0,5260.0,4
1789658384285937152,1789658387968067840,1789658388030057696,39,d4:bd:4f:a1:a9:72,CESI_Robots,-63.0,5260.0,4
1789658384285937152,1789658387968067840,1789658388030057696,39,d4:bd:4f:a1:a9:73,CESI_Recherche,-62.0,5260.0,4
1789658384285937152,1789658387968067840,1789658388030057696,39,d4:bd:4f:a1:a9:74,CESI_Iot,-63.0,5260.0,4
1789658384285937152,1789658387968067840,1789658388030057696,39,d4:bd:4f:a0:5d:90,CESI_Corp,-77.0,5260.0,4
1789658384285937152,1789658387968067840,1789658388030057696,39,d4:bd:4f:a0:5d:91,CESI_HotSpot,-76.0,5260.0,4252
1789658384285937152,1789658387968067840,1789658388030057696,39,d4:bd:4f:a0:5d:92,CESI_Robots,-76.0,5260.0,4252
1789658384285937152,1789658387968067840,1789658388030057696,39,d4:bd:4f:a0:5d:93,CESI_Recherche,-78.0,5260.0,4
1789658384285937152,1789658387968067840,1789658388030057696,39,d4:bd:4f:a0:5d:94,CESI_Iot,-78.0,5260.0,4
1789658384285937152,1789658387968067840,1789658388030057696,39,7c:26:64:69:50:05,,-43.0,5320.0,4
1789658384285937152,1789658387968067840,1789658388030057696,39,d4:bd:4f:61:d5:91,CESI_HotSpot,-45.0,2462.0,4
1789658384285937152,1789658387968067840,1789658388030057696,39,d4:bd:4f:61:91:32,CESI_Robots,-61.0,2462.0,20976
1789658384285937152,1789658387968067840,1789658388030057696,39,d4:bd:4f:61:91:33,CESI_Recherche,-60.0,2462.0,8452
1789658384285937152,1789658387968067840,1789658388030057696,39,d4:bd:4f:61:91:34,CESI_Iot,-62.0,2462.0,8452
1789658384285937152,1789658387968067840,1789658388030057696,39,d4:bd:4f:a1:91:30,CESI_Corp,-73.0,5260.0,4
1789658384285937152,1789658387968067840,1789658388030057696,39,d4:bd:4f:a1:91:31,CESI_HotSpot,-73.0,5260.0,4
1789658384285937152,1789658387968067840,1789658388030057696,39,d4:bd:4f:a1:91:32,CESI_Robots,-72.0,5260.0,4
1789658384285937152,1789658387968067840,1789658388030057696,39,d4:bd:4f:a1:91:33,CESI_Recherche,-72.0,5260.0,4
1789658384285937152,1789658387968067840,1789658388030057696,39,d4:bd:4f:a1:91:34,CESI_Iot,-72.0,5260.0,4
1789658384285937152,1789658387968067840,1789658388030057696,39,d4:bd:4f:a0:d2:d0,CESI_Corp,-56.0,5260.0,4
1789658384285937152,1789658387968067840,1789658388030057696,39,d4:bd:4f:a0:d2:d1,CESI_HotSpot,-56.0,5260.0,4
1789658384285937152,1789658387968067840,1789658388030057696,39,d4:bd:4f:a0:d2:d2,CESI_Robots,-55.0,5260.0,4
1789658384285937152,1789658387968067840,1789658388030057696,39,d4:bd:4f:a0:d2:d3,CESI_Recherche,-57.0,5260.0,4
1789658384285937152,1789658387968067840,1789658388030057696,39,d4:bd:4f:a0:d2:d4,CESI_Iot,-56.0,5260.0,4
1789658384285937152,1789658387968067840,1789658388030057696,39,94:b3:4f:bc:d6:a2,CESI_Robots,-82.0,5180.0,20976
1789658384285937152,1789658387968067840,1789658388030057696,39,94:b3:4f:bc:d6:a3,CESI_Recherche,-82.0,5180.0,20976
1789658384285937152,1789658387968067840,1789658388030057696,39,94:b3:4f:bc:d6:a4,CESI_Iot,-82.0,5180.0,20976
1789658384285937152,1789658387968067840,1789658388030057696,39,94:b3:4f:bc:d6:a1,CESI_HotSpot,-87.0,5180.0,12632
1789658384285937152,1789658387968067840,1789658388030057696,39,d4:bd:4f:61:d5:92,CESI_Robots,-45.0,2462.0,4
1789658384285937152,1789658387968067840,1789658388030057696,39,d4:bd:4f:61:d5:93,CESI_Recherche,-45.0,2462.0,4
1789658384285937152,1789658387968067840,1789658388030057696,39,d4:bd:4f:60:d2:d0,CESI_Corp,-52.0,2462.0,4
1789658384285937152,1789658387968067840,1789658388030057696,39,d4:bd:4f:61:a9:70,CESI_Corp,-62.0,2462.0,12632
1789658384285937152,1789658387968067840,1789658388030057696,39,d4:bd:4f:61:d5:90,CESI_Corp,-45.0,2462.0,4
1789658384285937152,1789658387968067840,1789658388030057696,39,d4:bd:4f:61:a9:72,CESI_Robots,-58.0,2462.0,4252
1789658384285937152,1789658387968067840,1789658388030057696,39,d4:bd:4f:61:d5:94,CESI_Iot,-45.0,2462.0,4
1789658384285937152,1789658387968067840,1789658388030057696,39,7c:26:64:69:50:04,,-46.0,2462.0,4
1789658384285937152,1789658387968067840,1789658388030057696,39,d4:bd:4f:61:a9:73,CESI_Recherche,-58.0,2462.0,4252
1789658384285937152,1789658387968067840,1789658388030057696,39,d4:bd:4f:61:a9:74,CESI_Iot,-60.0,2462.0,16816
1789658384285937152,1789658387968067840,1789658388030057696,39,d4:bd:4f:61:a9:71,CESI_HotSpot,-58.0,2462.0,4252
1789658384285937152,1789658387968067840,1789658388030057696,39,70:a7:41:72:25:eb,FGNE-Admin,-66.0,5220.0,4
1789658384285937152,1789658387968067840,1789658388030057696,39,72:a7:41:12:25:eb,Cepsup-Etudiants,-66.0,5220.0,4
1789658384285937152,1789658387968067840,1789658388030057696,39,d4:bd:4f:60:d2:d4,CESI_Iot,-51.0,2462.0,4
1789658384285937152,1789658387968067840,1789658388030057696,39,72:a7:41:22:25:eb,,-66.0,5220.0,4252
1789658384285937152,1789658387968067840,1789658388030057696,39,d4:bd:4f:60:d2:d2,CESI_Robots,-51.0,2462.0,4
1789658384285937152,1789658387968067840,1789658388030057696,39,d2:21:f9:1f:d3:98,Cepsup-Etudiants,-83.0,5200.0,4252
1789658384285937152,1789658387968067840,1789658388030057696,39,d0:21:f9:5f:d3:98,FGNE-Admin,-83.0,5200.0,4252
1789658384285937152,1789658387968067840,1789658388030057696,39,d4:bd:4f:60:d2:d1,CESI_HotSpot,-51.0,2462.0,4
1789658384285937152,1789658387968067840,1789658388030057696,39,70:a7:41:72:25:ea,FGNE-Admin,-65.0,2462.0,4252
1789658384285937152,1789658387968067840,1789658388030057696,39,d4:bd:4f:a1:f4:54,CESI_Iot,-70.0,5180.0,4
1789658384285937152,1789658387968067840,1789658388030057696,39,d2:21:f9:2f:d3:98,,-78.0,5200.0,4
1789658384285937152,1789658387968067840,1789658388030057696,39,72:a7:41:12:25:ea,Cepsup-Etudiants,-65.0,2462.0,8452
1789658384285937152,1789658387968067840,1789658388030057696,39,d4:bd:4f:a1:f4:50,CESI_Corp,-70.0,5180.0,4
1789658384285937152,1789658387968067840,1789658388030057696,39,d4:bd:4f:a1:f4:51,CESI_HotSpot,-70.0,5180.0,4
1789658384285937152,1789658387968067840,1789658388030057696,39,d4:bd:4f:a1:f4:52,CESI_Robots,-70.0,5180.0,4
1789658384285937152,1789658387968067840,1789658388030057696,39,d4:bd:4f:a1:f4:53,CESI_Recherche,-70.0,5180.0,4
1789658384285937152,1789658387968067840,1789658388030057696,39,d2:21:f9:1f:d3:97,Cepsup-Etudiants,-72.0,2412.0,8460
1789658384285937152,1789658387968067840,1789658388030057696,39,72:a7:41:22:25:ea,,-65.0,2462.0,12640
1789658384285937152,1789658387968067840,1789658388030057696,39,d4:bd:4f:60:5d:90,CESI_Corp,-65.0,2462.0,20984
1789658384285937152,1789658387968067840,1789658388030057696,39,d4:bd:4f:61:f4:50,CESI_Corp,-62.0,2447.0,4260
1789658384285937152,1789658387968067840,1789658388030057696,39,d4:bd:4f:60:5d:91,CESI_HotSpot,-66.0,2462.0,20984
1789658384285937152,1789658387968067840,1789658388030057696,39,d4:bd:4f:61:f4:51,CESI_HotSpot,-63.0,2447.0,4260
1789658384285937152,1789658387968067840,1789658388030057696,39,d4:bd:4f:61:f4:52,CESI_Robots,-63.0,2447.0,4260
1789658384285937152,1789658387968067840,1789658388030057696,39,d4:bd:4f:61:f4:53,CESI_Recherche,-62.0,2447.0,4260
1789658384285937152,1789658387968067840,1789658388030057696,39,d4:bd:4f:61:f4:54,CESI_Iot,-59.0,2447.0,4260
1789658384285937152,1789658387968067840,1789658388030057696,39,d0:21:f9:5f:d3:97,FGNE-Admin,-72.0,2412.0,8460
1789658384285937152,1789658387968067840,1789658388030057696,39,d4:bd:4f:60:d2:d3,CESI_Recherche,-52.0,2462.0,12
1789658384285937152,1789658387968067840,1789658388030057696,39,2e:86:6a:89:ff:2c,\x00\x00\x00\x00\x00\x00\x00\x00\x00\x00\x00\x00\x00\x00\x00\x00,-89.0,5220.0,20984
1789658384285937152,1789658387968067840,1789658388030057696,39,78:45:58:d8:a3:60,FGNE-Admin,-89.0,5180.0,12
1789658384285937152,1789658387968067840,1789658388030057696,39,38:9d:92:35:3d:10,EB353D10-EE89sIDJqG1AOAj,-65.0,2462.0,4260
1789658384285937152,1789658387968067840,1789658388030057696,39,d4:bd:4f:a1:91:c0,CESI_Corp,-83.0,5260.0,20984
1789658384285937152,1789658387968067840,1789658388030057696,39,d4:bd:4f:a1:91:c1,CESI_HotSpot,-83.0,5260.0,12
1789658384285937152,1789658387968067840,1789658388030057696,39,d4:bd:4f:a1:91:c2,CESI_Robots,-81.0,5260.0,4260
1789658384285937152,1789658387968067840,1789658388030057696,39,d4:bd:4f:a1:91:c3,CESI_Recherche,-81.0,5260.0,4260
1789658384285937152,1789658387968067840,1789658388030057696,39,d4:bd:4f:a1:91:c4,CESI_Iot,-83.0,5260.0,20984
1789658384285937152,1789658387968067840,1789658388030057696,39,7a:45:58:98:a3:60,Cepsup-Etudiants,-87.0,5180.0,4260
1789658388532603136,1789658392121711872,1789658392180847883,40,02:91:9e:71:b0:15,poppy_net,-35.0,2412.0,4
1789658388532603136,1789658392121711872,1789658392180847883,40,32:0d:cb:9d:dd:f0,iPhone moe b,-46.0,2412.0,4
1789658388532603136,1789658392121711872,1789658392180847883,40,d4:bd:4f:61:91:30,CESI_Corp,-58.0,2462.0,25128
1789658388532603136,1789658392121711872,1789658392180847883,40,d4:bd:4f:61:91:31,CESI_HotSpot,-65.0,2462.0,20968
1789658388532603136,1789658392121711872,1789658392180847883,40,d4:bd:4f:a1:d5:90,CESI_Corp,-54.0,5260.0,4
1789658388532603136,1789658392121711872,1789658392180847883,40,d4:bd:4f:a1:d5:91,CESI_HotSpot,-54.0,5260.0,4
1789658388532603136,1789658392121711872,1789658392180847883,40,d4:bd:4f:a1:d5:92,CESI_Robots,-54.0,5260.0,4
1789658388532603136,1789658392121711872,1789658392180847883,40,d4:bd:4f:a1:d5:93,CESI_Recherche,-54.0,5260.0,4
1789658388532603136,1789658392121711872,1789658392180847883,40,d4:bd:4f:a1:d5:94,CESI_Iot,-53.0,5260.0,4
1789658388532603136,1789658392121711872,1789658392180847883,40,d4:bd:4f:a1:a9:70,CESI_Corp,-69.0,5260.0,4
1789658388532603136,1789658392121711872,1789658392180847883,40,d4:bd:4f:a1:a9:71,CESI_HotSpot,-69.0,5260.0,4
1789658388532603136,1789658392121711872,1789658392180847883,40,d4:bd:4f:a1:a9:72,CESI_Robots,-69.0,5260.0,4
1789658388532603136,1789658392121711872,1789658392180847883,40,d4:bd:4f:a1:a9:73,CESI_Recherche,-68.0,5260.0,4
1789658388532603136,1789658392121711872,1789658392180847883,40,d4:bd:4f:a1:a9:74,CESI_Iot,-69.0,5260.0,4
1789658388532603136,1789658392121711872,1789658392180847883,40,d4:bd:4f:a0:5d:90,CESI_Corp,-77.0,5260.0,4
1789658388532603136,1789658392121711872,1789658392180847883,40,d4:bd:4f:a0:5d:91,CESI_HotSpot,-76.0,5260.0,8404
1789658388532603136,1789658392121711872,1789658392180847883,40,d4:bd:4f:a0:5d:92,CESI_Robots,-77.0,5260.0,4
1789658388532603136,1789658392121711872,1789658392180847883,40,d4:bd:4f:a0:5d:93,CESI_Recherche,-77.0,5260.0,4
1789658388532603136,1789658392121711872,1789658392180847883,40,d4:bd:4f:a0:5d:94,CESI_Iot,-77.0,5260.0,4
1789658388532603136,1789658392121711872,1789658392180847883,40,7c:26:64:69:50:05,,-44.0,5320.0,4
1789658388532603136,1789658392121711872,1789658392180847883,40,d4:bd:4f:61:d5:91,CESI_HotSpot,-53.0,2462.0,4
1789658388532603136,1789658392121711872,1789658392180847883,40,d4:bd:4f:61:91:32,CESI_Robots,-61.0,2462.0,25128
1789658388532603136,1789658392121711872,1789658392180847883,40,d4:bd:4f:61:91:33,CESI_Recherche,-60.0,2462.0,12604
1789658388532603136,1789658392121711872,1789658392180847883,40,d4:bd:4f:61:91:34,CESI_Iot,-62.0,2462.0,12604
1789658388532603136,1789658392121711872,1789658392180847883,40,d4:bd:4f:a1:91:30,CESI_Corp,-70.0,5260.0,4
1789658388532603136,1789658392121711872,1789658392180847883,40,d4:bd:4f:a1:91:31,CESI_HotSpot,-70.0,5260.0,4
1789658388532603136,1789658392121711872,1789658392180847883,40,d4:bd:4f:a1:91:32,CESI_Robots,-70.0,5260.0,4
1789658388532603136,1789658392121711872,1789658392180847883,40,d4:bd:4f:a1:91:33,CESI_Recherche,-69.0,5260.0,4
1789658388532603136,1789658392121711872,1789658392180847883,40,d4:bd:4f:a1:91:34,CESI_Iot,-69.0,5260.0,4
1789658388532603136,1789658392121711872,1789658392180847883,40,d4:bd:4f:a0:d2:d0,CESI_Corp,-61.0,5260.0,4
1789658388532603136,1789658392121711872,1789658392180847883,40,d4:bd:4f:a0:d2:d1,CESI_HotSpot,-61.0,5260.0,4
1789658388532603136,1789658392121711872,1789658392180847883,40,d4:bd:4f:a0:d2:d2,CESI_Robots,-61.0,5260.0,4
1789658388532603136,1789658392121711872,1789658392180847883,40,d4:bd:4f:a0:d2:d3,CESI_Recherche,-61.0,5260.0,4
1789658388532603136,1789658392121711872,1789658392180847883,40,d4:bd:4f:a0:d2:d4,CESI_Iot,-62.0,5260.0,4
1789658388532603136,1789658392121711872,1789658392180847883,40,94:b3:4f:bc:d6:a2,CESI_Robots,-82.0,5180.0,25128
1789658388532603136,1789658392121711872,1789658392180847883,40,94:b3:4f:bc:d6:a3,CESI_Recherche,-82.0,5180.0,25128
1789658388532603136,1789658392121711872,1789658392180847883,40,94:b3:4f:bc:d6:a4,CESI_Iot,-82.0,5180.0,25128
1789658388532603136,1789658392121711872,1789658392180847883,40,94:b3:4f:bc:d6:a1,CESI_HotSpot,-87.0,5180.0,16784
1789658388532603136,1789658392121711872,1789658392180847883,40,d4:bd:4f:61:d5:92,CESI_Robots,-51.0,2462.0,4
1789658388532603136,1789658392121711872,1789658392180847883,40,d4:bd:4f:61:d5:93,CESI_Recherche,-45.0,2462.0,4156
1789658388532603136,1789658392121711872,1789658392180847883,40,d4:bd:4f:60:d2:d0,CESI_Corp,-62.0,2462.0,4
1789658388532603136,1789658392121711872,1789658392180847883,40,d4:bd:4f:61:a9:70,CESI_Corp,-62.0,2462.0,16784
1789658388532603136,1789658392121711872,1789658392180847883,40,d4:bd:4f:61:d5:90,CESI_Corp,-50.0,2462.0,4
1789658388532603136,1789658392121711872,1789658392180847883,40,d4:bd:4f:61:a9:72,CESI_Robots,-58.0,2462.0,8404
1789658388532603136,1789658392121711872,1789658392180847883,40,d4:bd:4f:61:d5:94,CESI_Iot,-49.0,2462.0,4
1789658388532603136,1789658392121711872,1789658392180847883,40,7c:26:64:69:50:04,,-46.0,2462.0,4156
1789658388532603136,1789658392121711872,1789658392180847883,40,d4:bd:4f:61:a9:73,CESI_Recherche,-58.0,2462.0,8404
1789658388532603136,1789658392121711872,1789658392180847883,40,d4:bd:4f:61:a9:74,CESI_Iot,-60.0,2462.0,20968
1789658388532603136,1789658392121711872,1789658392180847883,40,d4:bd:4f:61:a9:71,CESI_HotSpot,-58.0,2462.0,8404
1789658388532603136,1789658392121711872,1789658392180847883,40,70:a7:41:72:25:eb,FGNE-Admin,-68.0,5220.0,4
1789658388532603136,1789658392121711872,1789658392180847883,40,72:a7:41:12:25:eb,Cepsup-Etudiants,-68.0,5220.0,4
1789658388532603136,1789658392121711872,1789658392180847883,40,d4:bd:4f:60:d2:d4,CESI_Iot,-51.0,2462.0,4156
1789658388532603136,1789658392121711872,1789658392180847883,40,72:a7:41:22:25:eb,,-66.0,5220.0,8404
1789658388532603136,1789658392121711872,1789658392180847883,40,d4:bd:4f:60:d2:d2,CESI_Robots,-51.0,2462.0,4156
1789658388532603136,1789658392121711872,1789658392180847883,40,d2:21:f9:1f:d3:98,Cepsup-Etudiants,-83.0,5200.0,8404
1789658388532603136,1789658392121711872,1789658392180847883,40,d0:21:f9:5f:d3:98,FGNE-Admin,-83.0,5200.0,8404
1789658388532603136,1789658392121711872,1789658392180847883,40,d4:bd:4f:60:d2:d1,CESI_HotSpot,-61.0,2462.0,4
1789658388532603136,1789658392121711872,1789658392180847883,40,70:a7:41:72:25:ea,FGNE-Admin,-56.0,2462.0,4
1789658388532603136,1789658392121711872,1789658392180847883,40,d4:bd:4f:a1:f4:54,CESI_Iot,-73.0,5180.0,4
1789658388532603136,1789658392121711872,1789658392180847883,40,d2:21:f9:2f:d3:98,,-78.0,5200.0,4156
1789658388532603136,1789658392121711872,1789658392180847883,40,72:a7:41:12:25:ea,Cepsup-Etudiants,-55.0,2462.0,4
1789658388532603136,1789658392121711872,1789658392180847883,40,d4:bd:4f:a1:f4:50,CESI_Corp,-74.0,5180.0,4
1789658388532603136,1789658392121711872,1789658392180847883,40,d4:bd:4f:a1:f4:51,CESI_HotSpot,-73.0,5180.0,4
1789658388532603136,1789658392121711872,1789658392180847883,40,d4:bd:4f:a1:f4:52,CESI_Robots,-74.0,5180.0,4
1789658388532603136,1789658392121711872,1789658392180847883,40,d4:bd:4f:a1:f4:53,CESI_Recherche,-74.0,5180.0,4
1789658388532603136,1789658392121711872,1789658392180847883,40,d2:21:f9:1f:d3:97,Cepsup-Etudiants,-72.0,2412.0,12612
1789658388532603136,1789658392121711872,1789658392180847883,40,72:a7:41:22:25:ea,,-55.0,2462.0,12
1789658388532603136,1789658392121711872,1789658392180847883,40,d4:bd:4f:60:5d:90,CESI_Corp,-65.0,2462.0,25136
1789658388532603136,1789658392121711872,1789658392180847883,40,d4:bd:4f:61:f4:50,CESI_Corp,-66.0,2447.0,12
1789658388532603136,1789658392121711872,1789658392180847883,40,d4:bd:4f:60:5d:91,CESI_HotSpot,-66.0,2462.0,25136
1789658388532603136,1789658392121711872,1789658392180847883,40,d4:bd:4f:61:f4:51,CESI_HotSpot,-63.0,2447.0,12
1789658388532603136,1789658392121711872,1789658392180847883,40,d4:bd:4f:61:f4:52,CESI_Robots,-65.0,2447.0,12
1789658388532603136,1789658392121711872,1789658392180847883,40,d4:bd:4f:61:f4:53,CESI_Recherche,-66.0,2447.0,12
1789658388532603136,1789658392121711872,1789658392180847883,40,d4:bd:4f:61:f4:54,CESI_Iot,-65.0,2447.0,12
1789658388532603136,1789658392121711872,1789658392180847883,40,d0:21:f9:5f:d3:97,FGNE-Admin,-72.0,2412.0,12612
1789658388532603136,1789658392121711872,1789658392180847883,40,d4:bd:4f:60:d2:d3,CESI_Recherche,-52.0,2462.0,4164
1789658388532603136,1789658392121711872,1789658392180847883,40,2e:86:6a:89:ff:2c,\x00\x00\x00\x00\x00\x00\x00\x00\x00\x00\x00\x00\x00\x00\x00\x00,-89.0,5220.0,25136
1789658388532603136,1789658392121711872,1789658392180847883,40,78:45:58:d8:a3:60,FGNE-Admin,-89.0,5180.0,4164
1789658388532603136,1789658392121711872,1789658392180847883,40,38:9d:92:35:3d:10,EB353D10-EE89sIDJqG1AOAj,-63.0,2462.0,12
1789658388532603136,1789658392121711872,1789658392180847883,40,d4:bd:4f:a1:91:c0,CESI_Corp,-83.0,5260.0,25136
1789658388532603136,1789658392121711872,1789658392180847883,40,d4:bd:4f:a1:91:c1,CESI_HotSpot,-83.0,5260.0,4164
1789658388532603136,1789658392121711872,1789658392180847883,40,d4:bd:4f:a1:91:c2,CESI_Robots,-81.0,5260.0,8412
1789658388532603136,1789658392121711872,1789658392180847883,40,d4:bd:4f:a1:91:c3,CESI_Recherche,-81.0,5260.0,8412
1789658388532603136,1789658392121711872,1789658392180847883,40,d4:bd:4f:a1:91:c4,CESI_Iot,-83.0,5260.0,25136
1789658388532603136,1789658392121711872,1789658392180847883,40,7a:45:58:98:a3:60,Cepsup-Etudiants,-87.0,5180.0,8412
1789658392683729920,1789658396296598784,1789658396355652321,41,02:91:9e:71:b0:15,poppy_net,-34.0,2412.0,0
1789658392683729920,1789658396296598784,1789658396355652321,41,32:0d:cb:9d:dd:f0,iPhone moe b,-43.0,2412.0,0
1789658392683729920,1789658396296598784,1789658396355652321,41,d4:bd:4f:61:91:30,CESI_Corp,-65.0,2462.0,0
1789658392683729920,1789658396296598784,1789658396355652321,41,d4:bd:4f:61:91:31,CESI_HotSpot,-65.0,2462.0,0
1789658392683729920,1789658396296598784,1789658396355652321,41,d4:bd:4f:a1:d5:90,CESI_Corp,-48.0,5260.0,0
1789658392683729920,1789658396296598784,1789658396355652321,41,d4:bd:4f:a1:d5:91,CESI_HotSpot,-48.0,5260.0,0
1789658392683729920,1789658396296598784,1789658396355652321,41,d4:bd:4f:a1:d5:92,CESI_Robots,-48.0,5260.0,0
1789658392683729920,1789658396296598784,1789658396355652321,41,d4:bd:4f:a1:d5:93,CESI_Recherche,-49.0,5260.0,0
1789658392683729920,1789658396296598784,1789658396355652321,41,d4:bd:4f:a1:d5:94,CESI_Iot,-49.0,5260.0,0
1789658392683729920,1789658396296598784,1789658396355652321,41,d4:bd:4f:a1:a9:70,CESI_Corp,-70.0,5260.0,0
1789658392683729920,1789658396296598784,1789658396355652321,41,d4:bd:4f:a1:a9:71,CESI_HotSpot,-70.0,5260.0,0
1789658392683729920,1789658396296598784,1789658396355652321,41,d4:bd:4f:a1:a9:72,CESI_Robots,-69.0,5260.0,0
1789658392683729920,1789658396296598784,1789658396355652321,41,d4:bd:4f:a1:a9:73,CESI_Recherche,-69.0,5260.0,0
1789658392683729920,1789658396296598784,1789658396355652321,41,d4:bd:4f:a1:a9:74,CESI_Iot,-69.0,5260.0,4180
1789658392683729920,1789658396296598784,1789658396355652321,41,d4:bd:4f:a0:5d:90,CESI_Corp,-77.0,5260.0,0
1789658392683729920,1789658396296598784,1789658396355652321,41,d4:bd:4f:a0:5d:91,CESI_HotSpot,-76.0,5260.0,0
1789658392683729920,1789658396296598784,1789658396355652321,41,d4:bd:4f:a0:5d:92,CESI_Robots,-76.0,5260.0,0
1789658392683729920,1789658396296598784,1789658396355652321,41,d4:bd:4f:a0:5d:93,CESI_Recherche,-76.0,5260.0,0
1789658392683729920,1789658396296598784,1789658396355652321,41,d4:bd:4f:a0:5d:94,CESI_Iot,-77.0,5260.0,0
1789658392683729920,1789658396296598784,1789658396355652321,41,7c:26:64:69:50:05,,-47.0,5320.0,0
1789658392683729920,1789658396296598784,1789658396355652321,41,d4:bd:4f:61:d5:91,CESI_HotSpot,-44.0,2462.0,0
1789658392683729920,1789658396296598784,1789658396355652321,41,d4:bd:4f:61:91:32,CESI_Robots,-61.0,2462.0,29304
1789658392683729920,1789658396296598784,1789658396355652321,41,d4:bd:4f:61:91:33,CESI_Recherche,-66.0,2462.0,0
1789658392683729920,1789658396296598784,1789658396355652321,41,d4:bd:4f:61:91:34,CESI_Iot,-66.0,2462.0,0
1789658392683729920,1789658396296598784,1789658396355652321,41,d4:bd:4f:a1:91:30,CESI_Corp,-73.0,5260.0,0
1789658392683729920,1789658396296598784,1789658396355652321,41,d4:bd:4f:a1:91:31,CESI_HotSpot,-72.0,5260.0,0
1789658392683729920,1789658396296598784,1789658396355652321,41,d4:bd:4f:a1:91:32,CESI_Robots,-72.0,5260.0,0
1789658392683729920,1789658396296598784,1789658396355652321,41,d4:bd:4f:a1:91:33,CESI_Recherche,-73.0,5260.0,0
1789658392683729920,1789658396296598784,1789658396355652321,41,d4:bd:4f:a1:91:34,CESI_Iot,-73.0,5260.0,0
1789658392683729920,1789658396296598784,1789658396355652321,41,d4:bd:4f:a0:d2:d0,CESI_Corp,-66.0,5260.0,0
1789658392683729920,1789658396296598784,1789658396355652321,41,d4:bd:4f:a0:d2:d1,CESI_HotSpot,-66.0,5260.0,0
1789658392683729920,1789658396296598784,1789658396355652321,41,d4:bd:4f:a0:d2:d2,CESI_Robots,-66.0,5260.0,0
1789658392683729920,1789658396296598784,1789658396355652321,41,d4:bd:4f:a0:d2:d3,CESI_Recherche,-65.0,5260.0,0
1789658392683729920,1789658396296598784,1789658396355652321,41,d4:bd:4f:a0:d2:d4,CESI_Iot,-65.0,5260.0,0
1789658392683729920,1789658396296598784,1789658396355652321,41,94:b3:4f:bc:d6:a2,CESI_Robots,-82.0,5180.0,29304
1789658392683729920,1789658396296598784,1789658396355652321,41,94:b3:4f:bc:d6:a3,CESI_Recherche,-82.0,5180.0,29304
1789658392683729920,1789658396296598784,1789658396355652321,41,94:b3:4f:bc:d6:a4,CESI_Iot,-82.0,5180.0,29304
1789658392683729920,1789658396296598784,1789658396355652321,41,94:b3:4f:bc:d6:a1,CESI_HotSpot,-87.0,5180.0,20960
1789658392683729920,1789658396296598784,1789658396355652321,41,d4:bd:4f:61:d5:92,CESI_Robots,-51.0,2462.0,4180
1789658392683729920,1789658396296598784,1789658396355652321,41,d4:bd:4f:61:d5:93,CESI_Recherche,-45.0,2462.0,8332
1789658392683729920,1789658396296598784,1789658396355652321,41,d4:bd:4f:60:d2:d0,CESI_Corp,-53.0,2462.0,0
1789658392683729920,1789658396296598784,1789658396355652321,41,d4:bd:4f:61:a9:70,CESI_Corp,-62.0,2462.0,20960
1789658392683729920,1789658396296598784,1789658396355652321,41,d4:bd:4f:61:d5:90,CESI_Corp,-44.0,2462.0,0
1789658392683729920,1789658396296598784,1789658396355652321,41,d4:bd:4f:61:a9:72,CESI_Robots,-58.0,2462.0,12580
1789658392683729920,1789658396296598784,1789658396355652321,41,d4:bd:4f:61:d5:94,CESI_Iot,-49.0,2462.0,4180
1789658392683729920,1789658396296598784,1789658396355652321,41,7c:26:64:69:50:04,,-46.0,2462.0,0
1789658392683729920,1789658396296598784,1789658396355652321,41,d4:bd:4f:61:a9:73,CESI_Recherche,-58.0,2462.0,12580
1789658392683729920,1789658396296598784,1789658396355652321,41,d4:bd:4f:61:a9:74,CESI_Iot,-60.0,2462.0,25144
1789658392683729920,1789658396296598784,1789658396355652321,41,d4:bd:4f:61:a9:71,CESI_HotSpot,-58.0,2462.0,12580
1789658392683729920,1789658396296598784,1789658396355652321,41,70:a7:41:72:25:eb,FGNE-Admin,-71.0,5220.0,0
1789658392683729920,1789658396296598784,1789658396355652321,41,72:a7:41:12:25:eb,Cepsup-Etudiants,-71.0,5220.0,0
1789658392683729920,1789658396296598784,1789658396355652321,41,d4:bd:4f:60:d2:d4,CESI_Iot,-53.0,2462.0,0
1789658392683729920,1789658396296598784,1789658396355652321,41,72:a7:41:22:25:eb,,-71.0,5220.0,0
1789658392683729920,1789658396296598784,1789658396355652321,41,d4:bd:4f:60:d2:d2,CESI_Robots,-53.0,2462.0,0
1789658392683729920,1789658396296598784,1789658396355652321,41,d2:21:f9:1f:d3:98,Cepsup-Etudiants,-82.0,5200.0,0
1789658392683729920,1789658396296598784,1789658396355652321,41,d0:21:f9:5f:d3:98,FGNE-Admin,-81.0,5200.0,0
1789658392683729920,1789658396296598784,1789658396355652321,41,d4:bd:4f:60:d2:d1,CESI_HotSpot,-61.0,2462.0,4180
1789658392683729920,1789658396296598784,1789658396355652321,41,70:a7:41:72:25:ea,FGNE-Admin,-58.0,2462.0,0
1789658392683729920,1789658396296598784,1789658396355652321,41,d4:bd:4f:a1:f4:54,CESI_Iot,-66.0,5180.0,0
1789658392683729920,1789658396296598784,1789658396355652321,41,d2:21:f9:2f:d3:98,,-82.0,5200.0,0
1789658392683729920,1789658396296598784,1789658396355652321,41,72:a7:41:12:25:ea,Cepsup-Etudiants,-58.0,2462.0,0
1789658392683729920,1789658396296598784,1789658396355652321,41,d4:bd:4f:a1:f4:50,CESI_Corp,-66.0,5180.0,0
1789658392683729920,1789658396296598784,1789658396355652321,41,d4:bd:4f:a1:f4:51,CESI_HotSpot,-66.0,5180.0,0
1789658392683729920,1789658396296598784,1789658396355652321,41,d4:bd:4f:a1:f4:52,CESI_Robots,-67.0,5180.0,0
1789658392683729920,1789658396296598784,1789658396355652321,41,d4:bd:4f:a1:f4:53,CESI_Recherche,-66.0,5180.0,0
1789658392683729920,1789658396296598784,1789658396355652321,41,d2:21:f9:1f:d3:97,Cepsup-Etudiants,-72.0,2412.0,16788
1789658392683729920,1789658396296598784,1789658396355652321,41,72:a7:41:22:25:ea,,-55.0,2462.0,4188
1789658392683729920,1789658396296598784,1789658396355652321,41,d4:bd:4f:60:5d:90,CESI_Corp,-65.0,2462.0,29312
1789658392683729920,1789658396296598784,1789658396355652321,41,d4:bd:4f:61:f4:50,CESI_Corp,-64.0,2447.0,8
1789658392683729920,1789658396296598784,1789658396355652321,41,d4:bd:4f:60:5d:91,CESI_HotSpot,-66.0,2462.0,29312
1789658392683729920,1789658396296598784,1789658396355652321,41,d4:bd:4f:61:f4:51,CESI_HotSpot,-68.0,2447.0,8
1789658392683729920,1789658396296598784,1789658396355652321,41,d4:bd:4f:61:f4:52,CESI_Robots,-66.0,2447.0,8
1789658392683729920,1789658396296598784,1789658396355652321,41,d4:bd:4f:61:f4:53,CESI_Recherche,-67.0,2447.0,8
1789658392683729920,1789658396296598784,1789658396355652321,41,d4:bd:4f:61:f4:54,CESI_Iot,-69.0,2447.0,8
1789658392683729920,1789658396296598784,1789658396355652321,41,d0:21:f9:5f:d3:97,FGNE-Admin,-72.0,2412.0,16788
1789658392683729920,1789658396296598784,1789658396355652321,41,d4:bd:4f:60:d2:d3,CESI_Recherche,-52.0,2462.0,8
1789658392683729920,1789658396296598784,1789658396355652321,41,2e:86:6a:89:ff:2c,\x00\x00\x00\x00\x00\x00\x00\x00\x00\x00\x00\x00\x00\x00\x00\x00,-89.0,5220.0,29312
1789658392683729920,1789658396296598784,1789658396355652321,41,78:45:58:d8:a3:60,FGNE-Admin,-89.0,5180.0,8340
1789658392683729920,1789658396296598784,1789658396355652321,41,38:9d:92:35:3d:10,EB353D10-EE89sIDJqG1AOAj,-63.0,2462.0,8
1789658392683729920,1789658396296598784,1789658396355652321,41,d4:bd:4f:a1:91:c0,CESI_Corp,-83.0,5260.0,29312
1789658392683729920,1789658396296598784,1789658396355652321,41,d4:bd:4f:a1:91:c1,CESI_HotSpot,-83.0,5260.0,8340
1789658392683729920,1789658396296598784,1789658396355652321,41,d4:bd:4f:a1:91:c2,CESI_Robots,-81.0,5260.0,12588
1789658392683729920,1789658396296598784,1789658396355652321,41,d4:bd:4f:a1:91:c3,CESI_Recherche,-81.0,5260.0,12588
1789658392683729920,1789658396296598784,1789658396355652321,41,d4:bd:4f:a1:91:c4,CESI_Iot,-83.0,5260.0,29312
1789658392683729920,1789658396296598784,1789658396355652321,41,7a:45:58:98:a3:60,Cepsup-Etudiants,-87.0,5180.0,12588
1789658396858850048,1789658400478279168,1789658400534900987,42,02:91:9e:71:b0:15,poppy_net,-35.0,2412.0,0
1789658396858850048,1789658400478279168,1789658400534900987,42,32:0d:cb:9d:dd:f0,iPhone moe b,-47.0,2412.0,0
1789658396858850048,1789658400478279168,1789658400534900987,42,d4:bd:4f:61:91:30,CESI_Corp,-62.0,2462.0,0
1789658396858850048,1789658400478279168,1789658400534900987,42,d4:bd:4f:61:91:31,CESI_HotSpot,-62.0,2462.0,0
1789658396858850048,1789658400478279168,1789658400534900987,42,d4:bd:4f:a1:d5:90,CESI_Corp,-46.0,5260.0,0
1789658396858850048,1789658400478279168,1789658400534900987,42,d4:bd:4f:a1:d5:91,CESI_HotSpot,-46.0,5260.0,0
1789658396858850048,1789658400478279168,1789658400534900987,42,d4:bd:4f:a1:d5:92,CESI_Robots,-46.0,5260.0,0
1789658396858850048,1789658400478279168,1789658400534900987,42,d4:bd:4f:a1:d5:93,CESI_Recherche,-46.0,5260.0,0
1789658396858850048,1789658400478279168,1789658400534900987,42,d4:bd:4f:a1:d5:94,CESI_Iot,-46.0,5260.0,0
1789658396858850048,1789658400478279168,1789658400534900987,42,d4:bd:4f:a1:a9:70,CESI_Corp,-67.0,5260.0,0
1789658396858850048,1789658400478279168,1789658400534900987,42,d4:bd:4f:a1:a9:71,CESI_HotSpot,-67.0,5260.0,0
1789658396858850048,1789658400478279168,1789658400534900987,42,d4:bd:4f:a1:a9:72,CESI_Robots,-67.0,5260.0,0
1789658396858850048,1789658400478279168,1789658400534900987,42,d4:bd:4f:a1:a9:73,CESI_Recherche,-67.0,5260.0,0
1789658396858850048,1789658400478279168,1789658400534900987,42,d4:bd:4f:a1:a9:74,CESI_Iot,-67.0,5260.0,0
1789658396858850048,1789658400478279168,1789658400534900987,42,d4:bd:4f:a0:5d:90,CESI_Corp,-81.0,5260.0,0
1789658396858850048,1789658400478279168,1789658400534900987,42,d4:bd:4f:a0:5d:91,CESI_HotSpot,-81.0,5260.0,0
1789658396858850048,1789658400478279168,1789658400534900987,42,d4:bd:4f:a0:5d:92,CESI_Robots,-82.0,5260.0,0
1789658396858850048,1789658400478279168,1789658400534900987,42,d4:bd:4f:a0:5d:93,CESI_Recherche,-81.0,5260.0,0
1789658396858850048,1789658400478279168,1789658400534900987,42,d4:bd:4f:a0:5d:94,CESI_Iot,-77.0,5260.0,4180
1789658396858850048,1789658400478279168,1789658400534900987,42,7c:26:64:69:50:05,,-49.0,5320.0,0
1789658396858850048,1789658400478279168,1789658400534900987,42,d4:bd:4f:61:d5:91,CESI_HotSpot,-50.0,2462.0,0
1789658396858850048,1789658400478279168,1789658400534900987,42,d4:bd:4f:61:91:32,CESI_Robots,-66.0,2462.0,0
1789658396858850048,1789658400478279168,1789658400534900987,42,d4:bd:4f:61:91:33,CESI_Recherche,-62.0,2462.0,0
1789658396858850048,1789658400478279168,1789658400534900987,42,d4:bd:4f:61:91:34,CESI_Iot,-62.0,2462.0,0
1789658396858850048,1789658400478279168,1789658400534900987,42,d4:bd:4f:a1:91:30,CESI_Corp,-70.0,5260.0,0
1789658396858850048,1789658400478279168,1789658400534900987,42,d4:bd:4f:a1:91:31,CESI_HotSpot,-70.0,5260.0,0
1789658396858850048,1789658400478279168,1789658400534900987,42,d4:bd:4f:a1:91:32,CESI_Robots,-70.0,5260.0,0
1789658396858850048,1789658400478279168,1789658400534900987,42,d4:bd:4f:a1:91:33,CESI_Recherche,-70.0,5260.0,0
1789658396858850048,1789658400478279168,1789658400534900987,42,d4:bd:4f:a1:91:34,CESI_Iot,-70.0,5260.0,0
1789658396858850048,1789658400478279168,1789658400534900987,42,d4:bd:4f:a0:d2:d0,CESI_Corp,-59.0,5260.0,0
1789658396858850048,1789658400478279168,1789658400534900987,42,d4:bd:4f:a0:d2:d1,CESI_HotSpot,-59.0,5260.0,0
1789658396858850048,1789658400478279168,1789658400534900987,42,d4:bd:4f:a0:d2:d2,CESI_Robots,-59.0,5260.0,0
1789658396858850048,1789658400478279168,1789658400534900987,42,d4:bd:4f:a0:d2:d3,CESI_Recherche,-59.0,5260.0,0
1789658396858850048,1789658400478279168,1789658400534900987,42,d4:bd:4f:a0:d2:d4,CESI_Iot,-59.0,5260.0,0
1789658396858850048,1789658400478279168,1789658400534900987,42,94:b3:4f:bc:d6:a3,CESI_Recherche,-88.0,5180.0,0
1789658396858850048,1789658400478279168,1789658400534900987,42,94:b3:4f:bc:d6:a1,CESI_HotSpot,-87.0,5180.0,25140
1789658396858850048,1789658400478279168,1789658400534900987,42,d4:bd:4f:61:d5:92,CESI_Robots,-51.0,2462.0,8360
1789658396858850048,1789658400478279168,1789658400534900987,42,d4:bd:4f:61:d5:93,CESI_Recherche,-49.0,2462.0,0
1789658396858850048,1789658400478279168,1789658400534900987,42,d4:bd:4f:60:d2:d0,CESI_Corp,-61.0,2462.0,0
1789658396858850048,1789658400478279168,1789658400534900987,42,d4:bd:4f:61:a9:70,CESI_Corp,-62.0,2462.0,25140
1789658396858850048,1789658400478279168,1789658400534900987,42,d4:bd:4f:61:d5:90,CESI_Corp,-50.0,2462.0,0
1789658396858850048,1789658400478279168,1789658400534900987,42,d4:bd:4f:61:a9:72,CESI_Robots,-58.0,2462.0,16760
1789658396858850048,1789658400478279168,1789658400534900987,42,d4:bd:4f:61:d5:94,CESI_Iot,-50.0,2462.0,0
1789658396858850048,1789658400478279168,1789658400534900987,42,7c:26:64:69:50:04,,-43.0,2462.0,0
1789658396858850048,1789658400478279168,1789658400534900987,42,d4:bd:4f:61:a9:73,CESI_Recherche,-58.0,2462.0,16760
1789658396858850048,1789658400478279168,1789658400534900987,42,d4:bd:4f:61:a9:74,CESI_Iot,-60.0,2462.0,29324
1789658396858850048,1789658400478279168,1789658400534900987,42,d4:bd:4f:61:a9:71,CESI_HotSpot,-58.0,2462.0,16760
1789658396858850048,1789658400478279168,1789658400534900987,42,70:a7:41:72:25:eb,FGNE-Admin,-72.0,5220.0,0
1789658396858850048,1789658400478279168,1789658400534900987,42,72:a7:41:12:25:eb,Cepsup-Etudiants,-73.0,5220.0,0
1789658396858850048,1789658400478279168,1789658400534900987,42,d4:bd:4f:60:d2:d4,CESI_Iot,-60.0,2462.0,0
1789658396858850048,1789658400478279168,1789658400534900987,42,72:a7:41:22:25:eb,,-74.0,5220.0,0
1789658396858850048,1789658400478279168,1789658400534900987,42,d4:bd:4f:60:d2:d2,CESI_Robots,-60.0,2462.0,0
1789658396858850048,1789658400478279168,1789658400534900987,42,d2:21:f9:1f:d3:98,Cepsup-Etudiants,-82.0,5200.0,4180
1789658396858850048,1789658400478279168,1789658400534900987,42,d0:21:f9:5f:d3:98,FGNE-Admin,-84.0,5200.0,0
1789658396858850048,1789658400478279168,1789658400534900987,42,d4:bd:4f:60:d2:d1,CESI_HotSpot,-61.0,2462.0,8360
1789658396858850048,1789658400478279168,1789658400534900987,42,70:a7:41:72:25:ea,FGNE-Admin,-56.0,2462.0,0
1789658396858850048,1789658400478279168,1789658400534900987,42,d4:bd:4f:a1:f4:54,CESI_Iot,-70.0,5180.0,0
1789658396858850048,1789658400478279168,1789658400534900987,42,d2:21:f9:2f:d3:98,,-82.0,5200.0,4180
1789658396858850048,1789658400478279168,1789658400534900987,42,72:a7:41:12:25:ea,Cepsup-Etudiants,-63.0,2462.0,0
1789658396858850048,1789658400478279168,1789658400534900987,42,d4:bd:4f:a1:f4:50,CESI_Corp,-71.0,5180.0,0
1789658396858850048,1789658400478279168,1789658400534900987,42,d4:bd:4f:a1:f4:51,CESI_HotSpot,-71.0,5180.0,0
1789658396858850048,1789658400478279168,1789658400534900987,42,d4:bd:4f:a1:f4:52,CESI_Robots,-71.0,5180.0,0
1789658396858850048,1789658400478279168,1789658400534900987,42,d4:bd:4f:a1:f4:53,CESI_Recherche,-71.0,5180.0,0
1789658396858850048,1789658400478279168,1789658400534900987,42,d2:21:f9:1f:d3:97,Cepsup-Etudiants,-72.0,2412.0,20960
1789658396858850048,1789658400478279168,1789658400534900987,42,72:a7:41:22:25:ea,,-55.0,2462.0,8360
1789658396858850048,1789658400478279168,1789658400534900987,42,d4:bd:4f:61:f4:50,CESI_Corp,-65.0,2447.0,0
1789658396858850048,1789658400478279168,1789658400534900987,42,d4:bd:4f:61:f4:51,CESI_HotSpot,-64.0,2447.0,8
1789658396858850048,1789658400478279168,1789658400534900987,42,d4:bd:4f:61:f4:52,CESI_Robots,-68.0,2447.0,8
1789658396858850048,1789658400478279168,1789658400534900987,42,d4:bd:4f:61:f4:53,CESI_Recherche,-70.0,2447.0,8
1789658396858850048,1789658400478279168,1789658400534900987,42,d4:bd:4f:61:f4:54,CESI_Iot,-71.0,2447.0,8
1789658396858850048,1789658400478279168,1789658400534900987,42,d0:21:f9:5f:d3:97,FGNE-Admin,-72.0,2412.0,20968
1789658396858850048,1789658400478279168,1789658400534900987,42,d4:bd:4f:60:d2:d3,CESI_Recherche,-59.0,2462.0,8
1789658396858850048,1789658400478279168,1789658400534900987,42,78:45:58:d8:a3:60,FGNE-Admin,-89.0,5180.0,12520
1789658396858850048,1789658400478279168,1789658400534900987,42,38:9d:92:35:3d:10,EB353D10-EE89sIDJqG1AOAj,-63.0,2462.0,4188
1789658396858850048,1789658400478279168,1789658400534900987,42,d4:bd:4f:a1:91:c1,CESI_HotSpot,-83.0,5260.0,12520
1789658396858850048,1789658400478279168,1789658400534900987,42,d4:bd:4f:a1:91:c2,CESI_Robots,-81.0,5260.0,16768
1789658396858850048,1789658400478279168,1789658400534900987,42,d4:bd:4f:a1:91:c3,CESI_Recherche,-81.0,5260.0,16768
1789658396858850048,1789658400478279168,1789658400534900987,42,7a:45:58:98:a3:60,Cepsup-Etudiants,-87.0,5180.0,16768
1789658401039036160,1789658404670764032,1789658404721463991,43,02:91:9e:71:b0:15,poppy_net,-37.0,2412.0,0
1789658401039036160,1789658404670764032,1789658404721463991,43,32:0d:cb:9d:dd:f0,iPhone moe b,-40.0,2412.0,0
1789658401039036160,1789658404670764032,1789658404721463991,43,d4:bd:4f:61:91:30,CESI_Corp,-57.0,2462.0,0
1789658401039036160,1789658404670764032,1789658404721463991,43,d4:bd:4f:61:91:31,CESI_HotSpot,-62.0,2462.0,4196
1789658401039036160,1789658404670764032,1789658404721463991,43,d4:bd:4f:a1:d5:90,CESI_Corp,-47.0,5260.0,0
1789658401039036160,1789658404670764032,1789658404721463991,43,d4:bd:4f:a1:d5:91,CESI_HotSpot,-46.0,5260.0,0
1789658401039036160,1789658404670764032,1789658404721463991,43,d4:bd:4f:a1:d5:92,CESI_Robots,-47.0,5260.0,0
1789658401039036160,1789658404670764032,1789658404721463991,43,d4:bd:4f:a1:d5:93,CESI_Recherche,-47.0,5260.0,0
1789658401039036160,1789658404670764032,1789658404721463991,43,d4:bd:4f:a1:d5:94,CESI_Iot,-47.0,5260.0,0
1789658401039036160,1789658404670764032,1789658404721463991,43,d4:bd:4f:a1:a9:70,CESI_Corp,-66.0,5260.0,0
1789658401039036160,1789658404670764032,1789658404721463991,43,d4:bd:4f:a1:a9:71,CESI_HotSpot,-66.0,5260.0,0
1789658401039036160,1789658404670764032,1789658404721463991,43,d4:bd:4f:a1:a9:72,CESI_Robots,-67.0,5260.0,4196
1789658401039036160,1789658404670764032,1789658404721463991,43,d4:bd:4f:a1:a9:73,CESI_Recherche,-65.0,5260.0,0
1789658401039036160,1789658404670764032,1789658404721463991,43,d4:bd:4f:a1:a9:74,CESI_Iot,-65.0,5260.0,0
1789658401039036160,1789658404670764032,1789658404721463991,43,d4:bd:4f:a0:5d:90,CESI_Corp,-77.0,5260.0,0
1789658401039036160,1789658404670764032,1789658404721463991,43,d4:bd:4f:a0:5d:91,CESI_HotSpot,-77.0,5260.0,0
1789658401039036160,1789658404670764032,1789658404721463991,43,d4:bd:4f:a0:5d:92,CESI_Robots,-77.0,5260.0,0
1789658401039036160,1789658404670764032,1789658404721463991,43,d4:bd:4f:a0:5d:93,CESI_Recherche,-77.0,5260.0,0
1789658401039036160,1789658404670764032,1789658404721463991,43,d4:bd:4f:a0:5d:94,CESI_Iot,-78.0,5260.0,0
1789658401039036160,1789658404670764032,1789658404721463991,43,7c:26:64:69:50:05,,-44.0,5320.0,0
1789658401039036160,1789658404670764032,1789658404721463991,43,d4:bd:4f:61:d5:91,CESI_HotSpot,-47.0,2462.0,0
1789658401039036160,1789658404670764032,1789658404721463991,43,d4:bd:4f:61:91:32,CESI_Robots,-59.0,2462.0,0
1789658401039036160,1789658404670764032,1789658404721463991,43,d4:bd:4f:61:91:33,CESI_Recherche,-57.0,2462.0,0
1789658401039036160,1789658404670764032,1789658404721463991,43,d4:bd:4f:61:91:34,CESI_Iot,-57.0,2462.0,0
1789658401039036160,1789658404670764032,1789658404721463991,43,d4:bd:4f:a1:91:30,CESI_Corp,-68.0,5260.0,0
1789658401039036160,1789658404670764032,1789658404721463991,43,d4:bd:4f:a1:91:31,CESI_HotSpot,-68.0,5260.0,0
1789658401039036160,1789658404670764032,1789658404721463991,43,d4:bd:4f:a1:91:32,CESI_Robots,-68.0,5260.0,0
1789658401039036160,1789658404670764032,1789658404721463991,43,d4:bd:4f:a1:91:33,CESI_Recherche,-68.0,5260.0,0
1789658401039036160,1789658404670764032,1789658404721463991,43,d4:bd:4f:a1:91:34,CESI_Iot,-69.0,5260.0,0
1789658401039036160,1789658404670764032,1789658404721463991,43,d4:bd:4f:a0:d2:d0,CESI_Corp,-59.0,5260.0,0
1789658401039036160,1789658404670764032,1789658404721463991,43,d4:bd:4f:a0:d2:d1,CESI_HotSpot,-59.0,5260.0,0
1789658401039036160,1789658404670764032,1789658404721463991,43,d4:bd:4f:a0:d2:d2,CESI_Robots,-57.0,5260.0,0
1789658401039036160,1789658404670764032,1789658404721463991,43,d4:bd:4f:a0:d2:d3,CESI_Recherche,-58.0,5260.0,0
1789658401039036160,1789658404670764032,1789658404721463991,43,d4:bd:4f:a0:d2:d4,CESI_Iot,-57.0,5260.0,0
1789658401039036160,1789658404670764032,1789658404721463991,43,94:b3:4f:bc:d6:a3,CESI_Recherche,-88.0,5180.0,4196
1789658401039036160,1789658404670764032,1789658404721463991,43,94:b3:4f:bc:d6:a1,CESI_HotSpot,-87.0,5180.0,29336
1789658401039036160,1789658404670764032,1789658404721463991,43,d4:bd:4f:61:d5:92,CESI_Robots,-48.0,2462.0,0
1789658401039036160,1789658404670764032,1789658404721463991,43,d4:bd:4f:61:d5:93,CESI_Recherche,-53.0,2462.0,0
1789658401039036160,1789658404670764032,1789658404721463991,43,d4:bd:4f:60:d2:d0,CESI_Corp,-61.0,2462.0,4196
1789658401039036160,1789658404670764032,1789658404721463991,43,d4:bd:4f:61:a9:70,CESI_Corp,-62.0,2462.0,29336
1789658401039036160,1789658404670764032,1789658404721463991,43,d4:bd:4f:61:d5:90,CESI_Corp,-47.0,2462.0,0
1789658401039036160,1789658404670764032,1789658404721463991,43,d4:bd:4f:61:a9:72,CESI_Robots,-58.0,2462.0,20956
1789658401039036160,1789658404670764032,1789658404721463991,43,d4:bd:4f:61:d5:94,CESI_Iot,-50.0,2462.0,4196
1789658401039036160,1789658404670764032,1789658404721463991,43,7c:26:64:69:50:04,,-34.0,2462.0,0
1789658401039036160,1789658404670764032,1789658404721463991,43,d4:bd:4f:61:a9:73,CESI_Recherche,-58.0,2462.0,20956
1789658401039036160,1789658404670764032,1789658404721463991,43,d4:bd:4f:61:a9:71,CESI_HotSpot,-58.0,2462.0,20956
1789658401039036160,1789658404670764032,1789658404721463991,43,70:a7:41:72:25:eb,FGNE-Admin,-68.0,5220.0,0
1789658401039036160,1789658404670764032,1789658404721463991,43,72:a7:41:12:25:eb,Cepsup-Etudiants,-67.0,5220.0,0
1789658401039036160,1789658404670764032,1789658404721463991,43,d4:bd:4f:60:d2:d4,CESI_Iot,-52.0,2462.0,0
1789658401039036160,1789658404670764032,1789658404721463991,43,72:a7:41:22:25:eb,,-68.0,5220.0,0
1789658401039036160,1789658404670764032,1789658404721463991,43,d4:bd:4f:60:d2:d2,CESI_Robots,-60.0,2462.0,4196
1789658401039036160,1789658404670764032,1789658404721463991,43,d2:21:f9:1f:d3:98,Cepsup-Etudiants,-82.0,5200.0,8376
1789658401039036160,1789658404670764032,1789658404721463991,43,d0:21:f9:5f:d3:98,FGNE-Admin,-82.0,5200.0,0
1789658401039036160,1789658404670764032,1789658404721463991,43,d4:bd:4f:60:d2:d1,CESI_HotSpot,-52.0,2462.0,0
1789658401039036160,1789658404670764032,1789658404721463991,43,70:a7:41:72:25:ea,FGNE-Admin,-62.0,2462.0,0
1789658401039036160,1789658404670764032,1789658404721463991,43,d4:bd:4f:a1:f4:54,CESI_Iot,-74.0,5180.0,0
1789658401039036160,1789658404670764032,1789658404721463991,43,d2:21:f9:2f:d3:98,,-82.0,5200.0,8376
1789658401039036160,1789658404670764032,1789658404721463991,43,72:a7:41:12:25:ea,Cepsup-Etudiants,-64.0,2462.0,0
1789658401039036160,1789658404670764032,1789658404721463991,43,d4:bd:4f:a1:f4:50,CESI_Corp,-74.0,5180.0,0
1789658401039036160,1789658404670764032,1789658404721463991,43,d4:bd:4f:a1:f4:51,CESI_HotSpot,-74.0,5180.0,0
1789658401039036160,1789658404670764032,1789658404721463991,43,d4:bd:4f:a1:f4:52,CESI_Robots,-74.0,5180.0,0
1789658401039036160,1789658404670764032,1789658404721463991,43,d4:bd:4f:a1:f4:53,CESI_Recherche,-74.0,5180.0,0
1789658401039036160,1789658404670764032,1789658404721463991,43,d2:21:f9:1f:d3:97,Cepsup-Etudiants,-72.0,2412.0,25156
1789658401039036160,1789658404670764032,1789658404721463991,43,72:a7:41:22:25:ea,,-62.0,2462.0,0
1789658401039036160,1789658404670764032,1789658404721463991,43,d4:bd:4f:61:f4:50,CESI_Corp,-60.0,2447.0,0
1789658401039036160,1789658404670764032,1789658404721463991,43,d4:bd:4f:61:f4:51,CESI_HotSpot,-60.0,2447.0,0
1789658401039036160,1789658404670764032,1789658404721463991,43,d4:bd:4f:61:f4:52,CESI_Robots,-61.0,2447.0,4
1789658401039036160,1789658404670764032,1789658404721463991,43,d4:bd:4f:61:f4:53,CESI_Recherche,-61.0,2447.0,4
1789658401039036160,1789658404670764032,1789658404721463991,43,d4:bd:4f:61:f4:54,CESI_Iot,-61.0,2447.0,4
1789658401039036160,1789658404670764032,1789658404721463991,43,d0:21:f9:5f:d3:97,FGNE-Admin,-72.0,2412.0,25160
1789658401039036160,1789658404670764032,1789658404721463991,43,d4:bd:4f:60:d2:d3,CESI_Recherche,-59.0,2462.0,4200
1789658401039036160,1789658404670764032,1789658404721463991,43,78:45:58:d8:a3:60,FGNE-Admin,-89.0,5180.0,16712
1789658401039036160,1789658404670764032,1789658404721463991,43,38:9d:92:35:3d:10,EB353D10-EE89sIDJqG1AOAj,-63.0,2462.0,8380
1789658401039036160,1789658404670764032,1789658404721463991,43,d4:bd:4f:a1:91:c1,CESI_HotSpot,-83.0,5260.0,16712
1789658401039036160,1789658404670764032,1789658404721463991,43,d4:bd:4f:a1:91:c2,CESI_Robots,-81.0,5260.0,20960
1789658401039036160,1789658404670764032,1789658404721463991,43,d4:bd:4f:a1:91:c3,CESI_Recherche,-81.0,5260.0,20960
1789658401039036160,1789658404670764032,1789658404721463991,43,7a:45:58:98:a3:60,Cepsup-Etudiants,-87.0,5180.0,20960
1789658405224018176,1789658408817248000,1789658408875560938,44,02:91:9e:71:b0:15,poppy_net,-32.0,2412.0,0
1789658405224018176,1789658408817248000,1789658408875560938,44,32:0d:cb:9d:dd:f0,iPhone moe b,-46.0,2412.0,0
1789658405224018176,1789658408817248000,1789658408875560938,44,d4:bd:4f:61:91:30,CESI_Corp,-57.0,2462.0,4144
1789658405224018176,1789658408817248000,1789658408875560938,44,d4:bd:4f:61:91:31,CESI_HotSpot,-63.0,2462.0,0
1789658405224018176,1789658408817248000,1789658408875560938,44,d4:bd:4f:a1:d5:90,CESI_Corp,-45.0,5260.0,0
1789658405224018176,1789658408817248000,1789658408875560938,44,d4:bd:4f:a1:d5:91,CESI_HotSpot,-44.0,5260.0,0
1789658405224018176,1789658408817248000,1789658408875560938,44,d4:bd:4f:a1:d5:92,CESI_Robots,-45.0,5260.0,0
1789658405224018176,1789658408817248000,1789658408875560938,44,d4:bd:4f:a1:d5:93,CESI_Recherche,-45.0,5260.0,0
1789658405224018176,1789658408817248000,1789658408875560938,44,d4:bd:4f:a1:d5:94,CESI_Iot,-45.0,5260.0,0
1789658405224018176,1789658408817248000,1789658408875560938,44,d4:bd:4f:a1:a9:70,CESI_Corp,-67.0,5260.0,0
1789658405224018176,1789658408817248000,1789658408875560938,44,d4:bd:4f:a1:a9:71,CESI_HotSpot,-67.0,5260.0,0
1789658405224018176,1789658408817248000,1789658408875560938,44,d4:bd:4f:a1:a9:72,CESI_Robots,-67.0,5260.0,0
1789658405224018176,1789658408817248000,1789658408875560938,44,d4:bd:4f:a1:a9:73,CESI_Recherche,-67.0,5260.0,0
1789658405224018176,1789658408817248000,1789658408875560938,44,d4:bd:4f:a1:a9:74,CESI_Iot,-65.0,5260.0,0
1789658405224018176,1789658408817248000,1789658408875560938,44,d4:bd:4f:a0:5d:90,CESI_Corp,-73.0,5260.0,0
1789658405224018176,1789658408817248000,1789658408875560938,44,d4:bd:4f:a0:5d:91,CESI_HotSpot,-72.0,5260.0,0
1789658405224018176,1789658408817248000,1789658408875560938,44,d4:bd:4f:a0:5d:92,CESI_Robots,-73.0,5260.0,0
1789658405224018176,1789658408817248000,1789658408875560938,44,d4:bd:4f:a0:5d:93,CESI_Recherche,-73.0,5260.0,0
1789658405224018176,1789658408817248000,1789658408875560938,44,d4:bd:4f:a0:5d:94,CESI_Iot,-73.0,5260.0,0
1789658405224018176,1789658408817248000,1789658408875560938,44,7c:26:64:69:50:05,,-42.0,5320.0,0
1789658405224018176,1789658408817248000,1789658408875560938,44,d4:bd:4f:61:d5:91,CESI_HotSpot,-38.0,2462.0,0
1789658405224018176,1789658408817248000,1789658408875560938,44,d4:bd:4f:61:91:32,CESI_Robots,-59.0,2462.0,4144
1789658405224018176,1789658408817248000,1789658408875560938,44,d4:bd:4f:61:91:33,CESI_Recherche,-64.0,2462.0,0
1789658405224018176,1789658408817248000,1789658408875560938,44,d4:bd:4f:61:91:34,CESI_Iot,-57.0,2462.0,4144
1789658405224018176,1789658408817248000,1789658408875560938,44,d4:bd:4f:a1:91:30,CESI_Corp,-58.0,5260.0,0
1789658405224018176,1789658408817248000,1789658408875560938,44,d4:bd:4f:a1:91:31,CESI_HotSpot,-58.0,5260.0,0
1789658405224018176,1789658408817248000,1789658408875560938,44,d4:bd:4f:a1:91:32,CESI_Robots,-57.0,5260.0,0
1789658405224018176,1789658408817248000,1789658408875560938,44,d4:bd:4f:a1:91:33,CESI_Recherche,-57.0,5260.0,0
1789658405224018176,1789658408817248000,1789658408875560938,44,d4:bd:4f:a1:91:34,CESI_Iot,-57.0,5260.0,0
1789658405224018176,1789658408817248000,1789658408875560938,44,d4:bd:4f:a0:d2:d0,CESI_Corp,-59.0,5260.0,4144
1789658405224018176,1789658408817248000,1789658408875560938,44,d4:bd:4f:a0:d2:d1,CESI_HotSpot,-59.0,5260.0,4144
1789658405224018176,1789658408817248000,1789658408875560938,44,d4:bd:4f:a0:d2:d2,CESI_Robots,-57.0,5260.0,4144
1789658405224018176,1789658408817248000,1789658408875560938,44,d4:bd:4f:a0:d2:d3,CESI_Recherche,-58.0,5260.0,4144
1789658405224018176,1789658408817248000,1789658408875560938,44,d4:bd:4f:a0:d2:d4,CESI_Iot,-57.0,5260.0,4144
1789658405224018176,1789658408817248000,1789658408875560938,44,94:b3:4f:bc:d6:a3,CESI_Recherche,-81.0,5180.0,0
1789658405224018176,1789658408817248000,1789658408875560938,44,94:b3:4f:bc:d6:a1,CESI_HotSpot,-80.0,5180.0,0
1789658405224018176,1789658408817248000,1789658408875560938,44,d4:bd:4f:61:d5:92,CESI_Robots,-37.0,2462.0,0
1789658405224018176,1789658408817248000,1789658408875560938,44,d4:bd:4f:61:d5:93,CESI_Recherche,-37.0,2462.0,0
1789658405224018176,1789658408817248000,1789658408875560938,44,d4:bd:4f:60:d2:d0,CESI_Corp,-50.0,2462.0,0
1789658405224018176,1789658408817248000,1789658408875560938,44,d4:bd:4f:61:d5:90,CESI_Corp,-37.0,2462.0,0
1789658405224018176,1789658408817248000,1789658408875560938,44,d4:bd:4f:61:a9:72,CESI_Robots,-60.0,2462.0,0
1789658405224018176,1789658408817248000,1789658408875560938,44,d4:bd:4f:61:d5:94,CESI_Iot,-36.0,2462.0,0
1789658405224018176,1789658408817248000,1789658408875560938,44,7c:26:64:69:50:04,,-33.0,2462.0,0
1789658405224018176,1789658408817248000,1789658408875560938,44,d4:bd:4f:61:a9:73,CESI_Recherche,-58.0,2462.0,25100
1789658405224018176,1789658408817248000,1789658408875560938,44,d4:bd:4f:61:a9:71,CESI_HotSpot,-60.0,2462.0,0
1789658405224018176,1789658408817248000,1789658408875560938,44,70:a7:41:72:25:eb,FGNE-Admin,-65.0,5220.0,0
1789658405224018176,1789658408817248000,1789658408875560938,44,72:a7:41:12:25:eb,Cepsup-Etudiants,-65.0,5220.0,0
1789658405224018176,1789658408817248000,1789658408875560938,44,d4:bd:4f:60:d2:d4,CESI_Iot,-51.0,2462.0,0
1789658405224018176,1789658408817248000,1789658408875560938,44,72:a7:41:22:25:eb,,-68.0,5220.0,4144
1789658405224018176,1789658408817248000,1789658408875560938,44,d4:bd:4f:60:d2:d2,CESI_Robots,-50.0,2462.0,0
1789658405224018176,1789658408817248000,1789658408875560938,44,d2:21:f9:1f:d3:98,Cepsup-Etudiants,-82.0,5200.0,12520
1789658405224018176,1789658408817248000,1789658408875560938,44,d0:21:f9:5f:d3:98,FGNE-Admin,-82.0,5200.0,4144
1789658405224018176,1789658408817248000,1789658408875560938,44,d4:bd:4f:60:d2:d1,CESI_HotSpot,-49.0,2462.0,0
1789658405224018176,1789658408817248000,1789658408875560938,44,70:a7:41:72:25:ea,FGNE-Admin,-60.0,2462.0,0
1789658405224018176,1789658408817248000,1789658408875560938,44,d4:bd:4f:a1:f4:54,CESI_Iot,-74.0,5180.0,0
1789658405224018176,1789658408817248000,1789658408875560938,44,d2:21:f9:2f:d3:98,,-82.0,5200.0,12520
1789658405224018176,1789658408817248000,1789658408875560938,44,72:a7:41:12:25:ea,Cepsup-Etudiants,-61.0,2462.0,0
1789658405224018176,1789658408817248000,1789658408875560938,44,d4:bd:4f:a1:f4:50,CESI_Corp,-74.0,5180.0,0
1789658405224018176,1789658408817248000,1789658408875560938,44,d4:bd:4f:a1:f4:51,CESI_HotSpot,-74.0,5180.0,0
1789658405224018176,1789658408817248000,1789658408875560938,44,d4:bd:4f:a1:f4:52,CESI_Robots,-73.0,5180.0,0
1789658405224018176,1789658408817248000,1789658408875560938,44,d4:bd:4f:a1:f4:53,CESI_Recherche,-74.0,5180.0,0
1789658405224018176,1789658408817248000,1789658408875560938,44,d2:21:f9:1f:d3:97,Cepsup-Etudiants,-66.0,2412.0,0
1789658405224018176,1789658408817248000,1789658408875560938,44,72:a7:41:22:25:ea,,-62.0,2462.0,4144
1789658405224018176,1789658408817248000,1789658408875560938,44,d4:bd:4f:61:f4:50,CESI_Corp,-66.0,2447.0,0
1789658405224018176,1789658408817248000,1789658408875560938,44,d4:bd:4f:61:f4:51,CESI_HotSpot,-65.0,2447.0,0
1789658405224018176,1789658408817248000,1789658408875560938,44,d4:bd:4f:61:f4:52,CESI_Robots,-66.0,2447.0,0
1789658405224018176,1789658408817248000,1789658408875560938,44,d4:bd:4f:61:f4:53,CESI_Recherche,-66.0,2447.0,4
1789658405224018176,1789658408817248000,1789658408875560938,44,d4:bd:4f:61:f4:54,CESI_Iot,-62.0,2447.0,4
1789658405224018176,1789658408817248000,1789658408875560938,44,d0:21:f9:5f:d3:97,FGNE-Admin,-72.0,2412.0,29304
1789658405224018176,1789658408817248000,1789658408875560938,44,d4:bd:4f:60:d2:d3,CESI_Recherche,-49.0,2462.0,4
1789658405224018176,1789658408817248000,1789658408875560938,44,78:45:58:d8:a3:60,FGNE-Admin,-89.0,5180.0,20856
1789658405224018176,1789658408817248000,1789658408875560938,44,38:9d:92:35:3d:10,EB353D10-EE89sIDJqG1AOAj,-66.0,2462.0,4
1789658405224018176,1789658408817248000,1789658408875560938,44,d4:bd:4f:a1:91:c1,CESI_HotSpot,-85.0,5260.0,4
1789658405224018176,1789658408817248000,1789658408875560938,44,d4:bd:4f:a1:91:c2,CESI_Robots,-85.0,5260.0,4
1789658405224018176,1789658408817248000,1789658408875560938,44,d4:bd:4f:a1:91:c3,CESI_Recherche,-85.0,5260.0,4
1789658405224018176,1789658408817248000,1789658408875560938,44,7a:45:58:98:a3:60,Cepsup-Etudiants,-87.0,5180.0,25104
1789658405224018176,1789658408817248000,1789658408875560938,44,78:c4:0e:d7:b1:30,RM828_WIFI,-69.0,2412.0,4
1789658405224018176,1789658408817248000,1789658408875560938,44,78:45:58:d8:a3:5f,FGNE-Admin,-68.0,2437.0,4
1789658405224018176,1789658408817248000,1789658408875560938,44,7a:45:58:98:a3:5f,Cepsup-Etudiants,-68.0,2437.0,4
1789658405224018176,1789658408817248000,1789658408875560938,44,d4:bd:4f:61:a9:74,CESI_Iot,-58.0,2462.0,4
1789658405224018176,1789658408817248000,1789658408875560938,44,d4:bd:4f:a0:8d:32,CESI_Robots,-88.0,5180.0,4
1789658405224018176,1789658408817248000,1789658408875560938,44,d4:bd:4f:a0:8d:33,CESI_Recherche,-90.0,5180.0,4
1789658405224018176,1789658408817248000,1789658408875560938,44,d4:bd:4f:a0:8d:34,CESI_Iot,-89.0,5180.0,4
1789658405224018176,1789658408817248000,1789658408875560938,44,94:b3:4f:bc:d6:a2,CESI_Robots,-80.0,5180.0,4
1789658405224018176,1789658408817248000,1789658408875560938,44,94:b3:4f:bc:d6:a4,CESI_Iot,-80.0,5180.0,4
1789658405224018176,1789658408817248000,1789658408875560938,44,94:b3:4f:bc:d6:a0,CESI_Corp,-81.0,5180.0,4
1789658405224018176,1789658408817248000,1789658408875560938,44,d4:bd:4f:a1:91:c0,CESI_Corp,-85.0,5260.0,8
1789658405224018176,1789658408817248000,1789658408875560938,44,d4:bd:4f:a1:91:c4,CESI_Iot,-85.0,5260.0,8
1789658405224018176,1789658408817248000,1789658408875560938,44,d4:bd:4f:a1:e5:70,CESI_Corp,-91.0,5260.0,8
1789658409378753024,1789658413006311936,1789658413068111358,45,02:91:9e:71:b0:15,poppy_net,-35.0,2412.0,0
1789658409378753024,1789658413006311936,1789658413068111358,45,32:0d:cb:9d:dd:f0,iPhone moe b,-39.0,2412.0,0
1789658409378753024,1789658413006311936,1789658413068111358,45,d4:bd:4f:61:91:30,CESI_Corp,-49.0,2462.0,0
1789658409378753024,1789658413006311936,1789658413068111358,45,d4:bd:4f:61:91:31,CESI_HotSpot,-49.0,2462.0,0
1789658409378753024,1789658413006311936,1789658413068111358,45,d4:bd:4f:a1:d5:90,CESI_Corp,-48.0,5260.0,0
1789658409378753024,1789658413006311936,1789658413068111358,45,d4:bd:4f:a1:d5:91,CESI_HotSpot,-48.0,5260.0,0
1789658409378753024,1789658413006311936,1789658413068111358,45,d4:bd:4f:a1:d5:92,CESI_Robots,-48.0,5260.0,0
1789658409378753024,1789658413006311936,1789658413068111358,45,d4:bd:4f:a1:d5:93,CESI_Recherche,-48.0,5260.0,0
1789658409378753024,1789658413006311936,1789658413068111358,45,d4:bd:4f:a1:d5:94,CESI_Iot,-48.0,5260.0,0
1789658409378753024,1789658413006311936,1789658413068111358,45,d4:bd:4f:a1:a9:70,CESI_Corp,-67.0,5260.0,4188
1789658409378753024,1789658413006311936,1789658413068111358,45,d4:bd:4f:a1:a9:71,CESI_HotSpot,-67.0,5260.0,4188
1789658409378753024,1789658413006311936,1789658413068111358,45,d4:bd:4f:a1:a9:72,CESI_Robots,-67.0,5260.0,4188
1789658409378753024,1789658413006311936,1789658413068111358,45,d4:bd:4f:a1:a9:73,CESI_Recherche,-67.0,5260.0,4188
1789658409378753024,1789658413006311936,1789658413068111358,45,d4:bd:4f:a1:a9:74,CESI_Iot,-65.0,5260.0,4188
1789658409378753024,1789658413006311936,1789658413068111358,45,d4:bd:4f:a0:5d:90,CESI_Corp,-73.0,5260.0,4188
1789658409378753024,1789658413006311936,1789658413068111358,45,d4:bd:4f:a0:5d:91,CESI_HotSpot,-72.0,5260.0,4188
1789658409378753024,1789658413006311936,1789658413068111358,45,d4:bd:4f:a0:5d:92,CESI_Robots,-73.0,5260.0,4188
1789658409378753024,1789658413006311936,1789658413068111358,45,d4:bd:4f:a0:5d:93,CESI_Recherche,-73.0,5260.0,4188
1789658409378753024,1789658413006311936,1789658413068111358,45,d4:bd:4f:a0:5d:94,CESI_Iot,-73.0,5260.0,4188
1789658409378753024,1789658413006311936,1789658413068111358,45,7c:26:64:69:50:05,,-42.0,5320.0,0
1789658409378753024,1789658413006311936,1789658413068111358,45,d4:bd:4f:61:d5:91,CESI_HotSpot,-33.0,2462.0,0
1789658409378753024,1789658413006311936,1789658413068111358,45,d4:bd:4f:61:91:32,CESI_Robots,-49.0,2462.0,0
1789658409378753024,1789658413006311936,1789658413068111358,45,d4:bd:4f:61:91:33,CESI_Recherche,-49.0,2462.0,0
1789658409378753024,1789658413006311936,1789658413068111358,45,d4:bd:4f:61:91:34,CESI_Iot,-48.0,2462.0,0
1789658409378753024,1789658413006311936,1789658413068111358,45,d4:bd:4f:a1:91:30,CESI_Corp,-57.0,5260.0,0
1789658409378753024,1789658413006311936,1789658413068111358,45,d4:bd:4f:a1:91:31,CESI_HotSpot,-57.0,5260.0,0
1789658409378753024,1789658413006311936,1789658413068111358,45,d4:bd:4f:a1:91:32,CESI_Robots,-57.0,5260.0,0
1789658409378753024,1789658413006311936,1789658413068111358,45,d4:bd:4f:a1:91:33,CESI_Recherche,-57.0,5260.0,0
1789658409378753024,1789658413006311936,1789658413068111358,45,d4:bd:4f:a1:91:34,CESI_Iot,-57.0,5260.0,0
1789658409378753024,1789658413006311936,1789658413068111358,45,d4:bd:4f:a0:d2:d0,CESI_Corp,-44.0,5260.0,0
1789658409378753024,1789658413006311936,1789658413068111358,45,d4:bd:4f:a0:d2:d1,CESI_HotSpot,-45.0,5260.0,0
1789658409378753024,1789658413006311936,1789658413068111358,45,d4:bd:4f:a0:d2:d2,CESI_Robots,-45.0,5260.0,0
1789658409378753024,1789658413006311936,1789658413068111358,45,d4:bd:4f:a0:d2:d3,CESI_Recherche,-45.0,5260.0,0
1789658409378753024,1789658413006311936,1789658413068111358,45,d4:bd:4f:a0:d2:d4,CESI_Iot,-45.0,5260.0,0
1789658409378753024,1789658413006311936,1789658413068111358,45,94:b3:4f:bc:d6:a3,CESI_Recherche,-81.0,5180.0,4188
1789658409378753024,1789658413006311936,1789658413068111358,45,94:b3:4f:bc:d6:a1,CESI_HotSpot,-80.0,5180.0,4188
1789658409378753024,1789658413006311936,1789658413068111358,45,d4:bd:4f:61:d5:92,CESI_Robots,-32.0,2462.0,0
1789658409378753024,1789658413006311936,1789658413068111358,45,d4:bd:4f:61:d5:93,CESI_Recherche,-33.0,2462.0,0
1789658409378753024,1789658413006311936,1789658413068111358,45,d4:bd:4f:60:d2:d0,CESI_Corp,-51.0,2462.0,0
1789658409378753024,1789658413006311936,1789658413068111358,45,d4:bd:4f:61:d5:90,CESI_Corp,-32.0,2462.0,0
1789658409378753024,1789658413006311936,1789658413068111358,45,d4:bd:4f:61:a9:72,CESI_Robots,-60.0,2462.0,4188
1789658409378753024,1789658413006311936,1789658413068111358,45,d4:bd:4f:61:d5:94,CESI_Iot,-36.0,2462.0,4188
1789658409378753024,1789658413006311936,1789658413068111358,45,7c:26:64:69:50:04,,-33.0,2462.0,4188
1789658409378753024,1789658413006311936,1789658413068111358,45,d4:bd:4f:61:a9:73,CESI_Recherche,-58.0,2462.0,29288
1789658409378753024,1789658413006311936,1789658413068111358,45,d4:bd:4f:61:a9:71,CESI_HotSpot,-60.0,2462.0,4188
1789658409378753024,1789658413006311936,1789658413068111358,45,70:a7:41:72:25:eb,FGNE-Admin,-66.0,5220.0,0
1789658409378753024,1789658413006311936,1789658413068111358,45,72:a7:41:12:25:eb,Cepsup-Etudiants,-66.0,5220.0,0
1789658409378753024,1789658413006311936,1789658413068111358,45,d4:bd:4f:60:d2:d4,CESI_Iot,-54.0,2462.0,0
1789658409378753024,1789658413006311936,1789658413068111358,45,72:a7:41:22:25:eb,,-67.0,5220.0,0
1789658409378753024,1789658413006311936,1789658413068111358,45,d4:bd:4f:60:d2:d2,CESI_Robots,-50.0,2462.0,4188
1789658409378753024,1789658413006311936,1789658413068111358,45,d2:21:f9:1f:d3:98,Cepsup-Etudiants,-83.0,5200.0,0
1789658409378753024,1789658413006311936,1789658413068111358,45,d0:21:f9:5f:d3:98,FGNE-Admin,-84.0,5200.0,0
1789658409378753024,1789658413006311936,1789658413068111358,45,d4:bd:4f:60:d2:d1,CESI_HotSpot,-52.0,2462.0,0
1789658409378753024,1789658413006311936,1789658413068111358,45,70:a7:41:72:25:ea,FGNE-Admin,-56.0,2462.0,0
1789658409378753024,1789658413006311936,1789658413068111358,45,d4:bd:4f:a1:f4:54,CESI_Iot,-74.0,5180.0,0
1789658409378753024,1789658413006311936,1789658413068111358,45,d2:21:f9:2f:d3:98,,-83.0,5200.0,0
1789658409378753024,1789658413006311936,1789658413068111358,45,72:a7:41:12:25:ea,Cepsup-Etudiants,-56.0,2462.0,0
1789658409378753024,1789658413006311936,1789658413068111358,45,d4:bd:4f:a1:f4:50,CESI_Corp,-75.0,5180.0,0
1789658409378753024,1789658413006311936,1789658413068111358,45,d4:bd:4f:a1:f4:51,CESI_HotSpot,-75.0,5180.0,0
1789658409378753024,1789658413006311936,1789658413068111358,45,d4:bd:4f:a1:f4:52,CESI_Robots,-75.0,5180.0,0
1789658409378753024,1789658413006311936,1789658413068111358,45,d4:bd:4f:a1:f4:53,CESI_Recherche,-74.0,5180.0,0
1789658409378753024,1789658413006311936,1789658413068111358,45,d2:21:f9:1f:d3:97,Cepsup-Etudiants,-66.0,2412.0,4188
1789658409378753024,1789658413006311936,1789658413068111358,45,72:a7:41:22:25:ea,,-58.0,2462.0,0
1789658409378753024,1789658413006311936,1789658413068111358,45,d4:bd:4f:61:f4:50,CESI_Corp,-60.0,2447.0,0
1789658409378753024,1789658413006311936,1789658413068111358,45,d4:bd:4f:61:f4:51,CESI_HotSpot,-48.0,2447.0,0
1789658409378753024,1789658413006311936,1789658413068111358,45,d4:bd:4f:61:f4:52,CESI_Robots,-49.0,2447.0,0
1789658409378753024,1789658413006311936,1789658413068111358,45,d4:bd:4f:61:f4:53,CESI_Recherche,-60.0,2447.0,8
1789658409378753024,1789658413006311936,1789658413068111358,45,d4:bd:4f:61:f4:54,CESI_Iot,-63.0,2447.0,8
1789658409378753024,1789658413006311936,1789658413068111358,45,d4:bd:4f:60:d2:d3,CESI_Recherche,-49.0,2462.0,4196
1789658409378753024,1789658413006311936,1789658413068111358,45,78:45:58:d8:a3:60,FGNE-Admin,-89.0,5180.0,25048
1789658409378753024,1789658413006311936,1789658413068111358,45,38:9d:92:35:3d:10,EB353D10-EE89sIDJqG1AOAj,-66.0,2462.0,4196
1789658409378753024,1789658413006311936,1789658413068111358,45,d4:bd:4f:a1:91:c1,CESI_HotSpot,-82.0,5260.0,8
1789658409378753024,1789658413006311936,1789658413068111358,45,d4:bd:4f:a1:91:c2,CESI_Robots,-81.0,5260.0,8
1789658409378753024,1789658413006311936,1789658413068111358,45,d4:bd:4f:a1:91:c3,CESI_Recherche,-82.0,5260.0,8
1789658409378753024,1789658413006311936,1789658413068111358,45,7a:45:58:98:a3:60,Cepsup-Etudiants,-87.0,5180.0,29296
1789658409378753024,1789658413006311936,1789658413068111358,45,78:c4:0e:d7:b1:30,RM828_WIFI,-69.0,2412.0,4196
1789658409378753024,1789658413006311936,1789658413068111358,45,78:45:58:d8:a3:5f,FGNE-Admin,-68.0,2437.0,4196
1789658409378753024,1789658413006311936,1789658413068111358,45,7a:45:58:98:a3:5f,Cepsup-Etudiants,-68.0,2437.0,4196
1789658409378753024,1789658413006311936,1789658413068111358,45,d4:bd:4f:61:a9:74,CESI_Iot,-58.0,2462.0,4196
1789658409378753024,1789658413006311936,1789658413068111358,45,d4:bd:4f:a0:8d:32,CESI_Robots,-88.0,5180.0,4196
1789658409378753024,1789658413006311936,1789658413068111358,45,d4:bd:4f:a0:8d:33,CESI_Recherche,-90.0,5180.0,4196
1789658409378753024,1789658413006311936,1789658413068111358,45,d4:bd:4f:a0:8d:34,CESI_Iot,-89.0,5180.0,4196
1789658409378753024,1789658413006311936,1789658413068111358,45,94:b3:4f:bc:d6:a2,CESI_Robots,-80.0,5180.0,4196
1789658409378753024,1789658413006311936,1789658413068111358,45,94:b3:4f:bc:d6:a4,CESI_Iot,-80.0,5180.0,4196
1789658409378753024,1789658413006311936,1789658413068111358,45,94:b3:4f:bc:d6:a0,CESI_Corp,-81.0,5180.0,4196
1789658409378753024,1789658413006311936,1789658413068111358,45,d4:bd:4f:a1:91:c0,CESI_Corp,-82.0,5260.0,8
1789658409378753024,1789658413006311936,1789658413068111358,45,d4:bd:4f:a1:91:c4,CESI_Iot,-82.0,5260.0,8
1789658409378753024,1789658413006311936,1789658413068111358,45,d4:bd:4f:a1:e5:70,CESI_Corp,-91.0,5260.0,4196
1789658409378753024,1789658413006311936,1789658413068111358,45,d4:bd:4f:61:a9:70,CESI_Corp,-68.0,2462.0,8
1789658413571429888,1789658417161645824,1789658417217993083,46,02:91:9e:71:b0:15,poppy_net,-39.0,2412.0,0
1789658413571429888,1789658417161645824,1789658417217993083,46,32:0d:cb:9d:dd:f0,iPhone moe b,-47.0,2412.0,0
1789658413571429888,1789658417161645824,1789658417217993083,46,d4:bd:4f:61:91:30,CESI_Corp,-59.0,2462.0,0
1789658413571429888,1789658417161645824,1789658417217993083,46,d4:bd:4f:61:91:31,CESI_HotSpot,-58.0,2462.0,0
1789658413571429888,1789658417161645824,1789658417217993083,46,d4:bd:4f:a1:d5:90,CESI_Corp,-52.0,5260.0,0
1789658413571429888,1789658417161645824,1789658417217993083,46,d4:bd:4f:a1:d5:91,CESI_HotSpot,-53.0,5260.0,0
1789658413571429888,1789658417161645824,1789658417217993083,46,d4:bd:4f:a1:d5:92,CESI_Robots,-52.0,5260.0,0
1789658413571429888,1789658417161645824,1789658417217993083,46,d4:bd:4f:a1:d5:93,CESI_Recherche,-53.0,5260.0,0
1789658413571429888,1789658417161645824,1789658417217993083,46,d4:bd:4f:a1:d5:94,CESI_Iot,-53.0,5260.0,0
1789658413571429888,1789658417161645824,1789658417217993083,46,d4:bd:4f:a1:a9:70,CESI_Corp,-67.0,5260.0,0
1789658413571429888,1789658417161645824,1789658417217993083,46,d4:bd:4f:a1:a9:71,CESI_HotSpot,-77.0,5260.0,0
1789658413571429888,1789658417161645824,1789658417217993083,46,d4:bd:4f:a1:a9:72,CESI_Robots,-67.0,5260.0,0
1789658413571429888,1789658417161645824,1789658417217993083,46,d4:bd:4f:a1:a9:73,CESI_Recherche,-67.0,5260.0,0
1789658413571429888,1789658417161645824,1789658417217993083,46,d4:bd:4f:a1:a9:74,CESI_Iot,-66.0,5260.0,0
1789658413571429888,1789658417161645824,1789658417217993083,46,d4:bd:4f:a0:5d:90,CESI_Corp,-77.0,5260.0,0
1789658413571429888,1789658417161645824,1789658417217993083,46,d4:bd:4f:a0:5d:91,CESI_HotSpot,-72.0,5260.0,8348
1789658413571429888,1789658417161645824,1789658417217993083,46,d4:bd:4f:a0:5d:92,CESI_Robots,-73.0,5260.0,8348
1789658413571429888,1789658417161645824,1789658417217993083,46,d4:bd:4f:a0:5d:93,CESI_Recherche,-73.0,5260.0,8348
1789658413571429888,1789658417161645824,1789658417217993083,46,d4:bd:4f:a0:5d:94,CESI_Iot,-76.0,5260.0,0
1789658413571429888,1789658417161645824,1789658417217993083,46,7c:26:64:69:50:05,,-44.0,5320.0,0
1789658413571429888,1789658417161645824,1789658417217993083,46,d4:bd:4f:61:d5:91,CESI_HotSpot,-42.0,2462.0,0
1789658413571429888,1789658417161645824,1789658417217993083,46,d4:bd:4f:61:91:32,CESI_Robots,-59.0,2462.0,0
1789658413571429888,1789658417161645824,1789658417217993083,46,d4:bd:4f:61:91:33,CESI_Recherche,-59.0,2462.0,0
1789658413571429888,1789658417161645824,1789658417217993083,46,d4:bd:4f:61:91:34,CESI_Iot,-59.0,2462.0,0
1789658413571429888,1789658417161645824,1789658417217993083,46,d4:bd:4f:a1:91:30,CESI_Corp,-59.0,5260.0,0
1789658413571429888,1789658417161645824,1789658417217993083,46,d4:bd:4f:a1:91:31,CESI_HotSpot,-59.0,5260.0,0
1789658413571429888,1789658417161645824,1789658417217993083,46,d4:bd:4f:a1:91:32,CESI_Robots,-59.0,5260.0,0
1789658413571429888,1789658417161645824,1789658417217993083,46,d4:bd:4f:a1:91:33,CESI_Recherche,-59.0,5260.0,0
1789658413571429888,1789658417161645824,1789658417217993083,46,d4:bd:4f:a1:91:34,CESI_Iot,-59.0,5260.0,0
1789658413571429888,1789658417161645824,1789658417217993083,46,d4:bd:4f:a0:d2:d0,CESI_Corp,-42.0,5260.0,0
1789658413571429888,1789658417161645824,1789658417217993083,46,d4:bd:4f:a0:d2:d1,CESI_HotSpot,-43.0,5260.0,0
1789658413571429888,1789658417161645824,1789658417217993083,46,d4:bd:4f:a0:d2:d2,CESI_Robots,-43.0,5260.0,0
1789658413571429888,1789658417161645824,1789658417217993083,46,d4:bd:4f:a0:d2:d3,CESI_Recherche,-43.0,5260.0,0
1789658413571429888,1789658417161645824,1789658417217993083,46,d4:bd:4f:a0:d2:d4,CESI_Iot,-43.0,5260.0,0
1789658413571429888,1789658417161645824,1789658417217993083,46,94:b3:4f:bc:d6:a3,CESI_Recherche,-76.0,5180.0,0
1789658413571429888,1789658417161645824,1789658417217993083,46,94:b3:4f:bc:d6:a1,CESI_HotSpot,-80.0,5180.0,8348
1789658413571429888,1789658417161645824,1789658417217993083,46,d4:bd:4f:61:d5:92,CESI_Robots,-38.0,2462.0,0
1789658413571429888,1789658417161645824,1789658417217993083,46,d4:bd:4f:61:d5:93,CESI_Recherche,-33.0,2462.0,4160
1789658413571429888,1789658417161645824,1789658417217993083,46,d4:bd:4f:60:d2:d0,CESI_Corp,-51.0,2462.0,4160
1789658413571429888,1789658417161645824,1789658417217993083,46,d4:bd:4f:61:d5:90,CESI_Corp,-42.0,2462.0,0
1789658413571429888,1789658417161645824,1789658417217993083,46,d4:bd:4f:61:a9:72,CESI_Robots,-60.0,2462.0,8348
1789658413571429888,1789658417161645824,1789658417217993083,46,d4:bd:4f:61:d5:94,CESI_Iot,-36.0,2462.0,8348
1789658413571429888,1789658417161645824,1789658417217993083,46,7c:26:64:69:50:04,,-33.0,2462.0,8348
1789658413571429888,1789658417161645824,1789658417217993083,46,d4:bd:4f:61:a9:71,CESI_HotSpot,-65.0,2462.0,0
1789658413571429888,1789658417161645824,1789658417217993083,46,70:a7:41:72:25:eb,FGNE-Admin,-66.0,5220.0,0
1789658413571429888,1789658417161645824,1789658417217993083,46,72:a7:41:12:25:eb,Cepsup-Etudiants,-66.0,5220.0,0
1789658413571429888,1789658417161645824,1789658417217993083,46,d4:bd:4f:60:d2:d4,CESI_Iot,-43.0,2462.0,0
1789658413571429888,1789658417161645824,1789658417217993083,46,72:a7:41:22:25:eb,,-67.0,5220.0,0
1789658413571429888,1789658417161645824,1789658417217993083,46,d4:bd:4f:60:d2:d2,CESI_Robots,-43.0,2462.0,0
1789658413571429888,1789658417161645824,1789658417217993083,46,d2:21:f9:1f:d3:98,Cepsup-Etudiants,-82.0,5200.0,0
1789658413571429888,1789658417161645824,1789658417217993083,46,d0:21:f9:5f:d3:98,FGNE-Admin,-82.0,5200.0,0
1789658413571429888,1789658417161645824,1789658417217993083,46,d4:bd:4f:60:d2:d1,CESI_HotSpot,-52.0,2462.0,4160
1789658413571429888,1789658417161645824,1789658417217993083,46,70:a7:41:72:25:ea,FGNE-Admin,-56.0,2462.0,0
1789658413571429888,1789658417161645824,1789658417217993083,46,d4:bd:4f:a1:f4:54,CESI_Iot,-69.0,5180.0,0
1789658413571429888,1789658417161645824,1789658417217993083,46,d2:21:f9:2f:d3:98,,-83.0,5200.0,0
1789658413571429888,1789658417161645824,1789658417217993083,46,72:a7:41:12:25:ea,Cepsup-Etudiants,-57.0,2462.0,0
1789658413571429888,1789658417161645824,1789658417217993083,46,d4:bd:4f:a1:f4:50,CESI_Corp,-69.0,5180.0,0
1789658413571429888,1789658417161645824,1789658417217993083,46,d4:bd:4f:a1:f4:51,CESI_HotSpot,-69.0,5180.0,0
1789658413571429888,1789658417161645824,1789658417217993083,46,d4:bd:4f:a1:f4:52,CESI_Robots,-69.0,5180.0,0
1789658413571429888,1789658417161645824,1789658417217993083,46,d4:bd:4f:a1:f4:53,CESI_Recherche,-69.0,5180.0,0
1789658413571429888,1789658417161645824,1789658417217993083,46,d2:21:f9:1f:d3:97,Cepsup-Etudiants,-66.0,2412.0,8348
1789658413571429888,1789658417161645824,1789658417217993083,46,72:a7:41:22:25:ea,,-58.0,2462.0,4160
1789658413571429888,1789658417161645824,1789658417217993083,46,d4:bd:4f:61:f4:50,CESI_Corp,-53.0,2447.0,0
1789658413571429888,1789658417161645824,1789658417217993083,46,d4:bd:4f:61:f4:51,CESI_HotSpot,-53.0,2447.0,0
1789658413571429888,1789658417161645824,1789658417217993083,46,d4:bd:4f:61:f4:52,CESI_Robots,-54.0,2447.0,0
1789658413571429888,1789658417161645824,1789658417217993083,46,d4:bd:4f:61:f4:53,CESI_Recherche,-54.0,2447.0,0
1789658413571429888,1789658417161645824,1789658417217993083,46,d4:bd:4f:61:f4:54,CESI_Iot,-53.0,2447.0,4
1789658413571429888,1789658417161645824,1789658417217993083,46,d4:bd:4f:60:d2:d3,CESI_Recherche,-43.0,2462.0,4
1789658413571429888,1789658417161645824,1789658417217993083,46,78:45:58:d8:a3:60,FGNE-Admin,-89.0,5180.0,29204
1789658413571429888,1789658417161645824,1789658417217993083,46,38:9d:92:35:3d:10,EB353D10-EE89sIDJqG1AOAj,-57.0,2462.0,4
1789658413571429888,1789658417161645824,1789658417217993083,46,d4:bd:4f:a1:91:c1,CESI_HotSpot,-82.0,5260.0,4164
1789658413571429888,1789658417161645824,1789658417217993083,46,d4:bd:4f:a1:91:c2,CESI_Robots,-81.0,5260.0,4164
1789658413571429888,1789658417161645824,1789658417217993083,46,d4:bd:4f:a1:91:c3,CESI_Recherche,-82.0,5260.0,4164
1789658413571429888,1789658417161645824,1789658417217993083,46,78:c4:0e:d7:b1:30,RM828_WIFI,-69.0,2412.0,4
1789658413571429888,1789658417161645824,1789658417217993083,46,78:45:58:d8:a3:5f,FGNE-Admin,-65.0,2437.0,4
1789658413571429888,1789658417161645824,1789658417217993083,46,7a:45:58:98:a3:5f,Cepsup-Etudiants,-64.0,2437.0,4
1789658413571429888,1789658417161645824,1789658417217993083,46,d4:bd:4f:61:a9:74,CESI_Iot,-58.0,2462.0,8352
1789658413571429888,1789658417161645824,1789658417217993083,46,d4:bd:4f:a0:8d:32,CESI_Robots,-88.0,5180.0,8352
1789658413571429888,1789658417161645824,1789658417217993083,46,d4:bd:4f:a0:8d:33,CESI_Recherche,-90.0,5180.0,8352
1789658413571429888,1789658417161645824,1789658417217993083,46,d4:bd:4f:a0:8d:34,CESI_Iot,-89.0,5180.0,8352
1789658413571429888,1789658417161645824,1789658417217993083,46,94:b3:4f:bc:d6:a2,CESI_Robots,-76.0,5180.0,4
1789658413571429888,1789658417161645824,1789658417217993083,46,94:b3:4f:bc:d6:a4,CESI_Iot,-76.0,5180.0,4
1789658413571429888,1789658417161645824,1789658417217993083,46,94:b3:4f:bc:d6:a0,CESI_Corp,-81.0,5180.0,8352
1789658413571429888,1789658417161645824,1789658417217993083,46,d4:bd:4f:a1:91:c0,CESI_Corp,-82.0,5260.0,4164
1789658413571429888,1789658417161645824,1789658417217993083,46,d4:bd:4f:a1:91:c4,CESI_Iot,-82.0,5260.0,4164
1789658413571429888,1789658417161645824,1789658417217993083,46,d4:bd:4f:a1:e5:70,CESI_Corp,-91.0,5260.0,8352
1789658413571429888,1789658417161645824,1789658417217993083,46,d4:bd:4f:61:a9:70,CESI_Corp,-68.0,2462.0,4164
1789658413571429888,1789658417161645824,1789658417217993083,46,7a:45:58:a8:a3:5f,,-64.0,2437.0,4
1789658417721116160,1789658421380857088,1789658421449130614,47,02:91:9e:71:b0:15,poppy_net,-40.0,2412.0,0
1789658417721116160,1789658421380857088,1789658421449130614,47,32:0d:cb:9d:dd:f0,iPhone moe b,-39.0,2412.0,0
1789658417721116160,1789658421380857088,1789658421449130614,47,d4:bd:4f:61:91:30,CESI_Corp,-53.0,2462.0,0
1789658417721116160,1789658421380857088,1789658421449130614,47,d4:bd:4f:61:91:31,CESI_HotSpot,-53.0,2462.0,0
1789658417721116160,1789658421380857088,1789658421449130614,47,d4:bd:4f:a1:d5:90,CESI_Corp,-50.0,5260.0,0
1789658417721116160,1789658421380857088,1789658421449130614,47,d4:bd:4f:a1:d5:91,CESI_HotSpot,-50.0,5260.0,0
1789658417721116160,1789658421380857088,1789658421449130614,47,d4:bd:4f:a1:d5:92,CESI_Robots,-50.0,5260.0,0
1789658417721116160,1789658421380857088,1789658421449130614,47,d4:bd:4f:a1:d5:93,CESI_Recherche,-50.0,5260.0,0
1789658417721116160,1789658421380857088,1789658421449130614,47,d4:bd:4f:a1:d5:94,CESI_Iot,-50.0,5260.0,0
1789658417721116160,1789658421380857088,1789658421449130614,47,d4:bd:4f:a1:a9:70,CESI_Corp,-67.0,5260.0,4208
1789658417721116160,1789658421380857088,1789658421449130614,47,d4:bd:4f:a1:a9:71,CESI_HotSpot,-77.0,5260.0,4208
1789658417721116160,1789658421380857088,1789658421449130614,47,d4:bd:4f:a1:a9:72,CESI_Robots,-67.0,5260.0,4208
1789658417721116160,1789658421380857088,1789658421449130614,47,d4:bd:4f:a1:a9:73,CESI_Recherche,-74.0,5260.0,0
1789658417721116160,1789658421380857088,1789658421449130614,47,d4:bd:4f:a1:a9:74,CESI_Iot,-73.0,5260.0,0
1789658417721116160,1789658421380857088,1789658421449130614,47,d4:bd:4f:a0:5d:90,CESI_Corp,-76.0,5260.0,0
1789658417721116160,1789658421380857088,1789658421449130614,47,d4:bd:4f:a0:5d:91,CESI_HotSpot,-77.0,5260.0,0
1789658417721116160,1789658421380857088,1789658421449130614,47,d4:bd:4f:a0:5d:92,CESI_Robots,-75.0,5260.0,0
1789658417721116160,1789658421380857088,1789658421449130614,47,d4:bd:4f:a0:5d:93,CESI_Recherche,-76.0,5260.0,0
1789658417721116160,1789658421380857088,1789658421449130614,47,d4:bd:4f:a0:5d:94,CESI_Iot,-76.0,5260.0,0
1789658417721116160,1789658421380857088,1789658421449130614,47,7c:26:64:69:50:05,,-48.0,5320.0,0
1789658417721116160,1789658421380857088,1789658421449130614,47,d4:bd:4f:61:d5:91,CESI_HotSpot,-42.0,2462.0,4208
1789658417721116160,1789658421380857088,1789658421449130614,47,d4:bd:4f:61:91:32,CESI_Robots,-55.0,2462.0,0
1789658417721116160,1789658421380857088,1789658421449130614,47,d4:bd:4f:61:91:33,CESI_Recherche,-55.0,2462.0,0
1789658417721116160,1789658421380857088,1789658421449130614,47,d4:bd:4f:61:91:34,CESI_Iot,-55.0,2462.0,0
1789658417721116160,1789658421380857088,1789658421449130614,47,d4:bd:4f:a1:91:30,CESI_Corp,-55.0,5260.0,0
1789658417721116160,1789658421380857088,1789658421449130614,47,d4:bd:4f:a1:91:31,CESI_HotSpot,-55.0,5260.0,0
1789658417721116160,1789658421380857088,1789658421449130614,47,d4:bd:4f:a1:91:32,CESI_Robots,-54.0,5260.0,0
1789658417721116160,1789658421380857088,1789658421449130614,47,d4:bd:4f:a1:91:33,CESI_Recherche,-54.0,5260.0,0
1789658417721116160,1789658421380857088,1789658421449130614,47,d4:bd:4f:a1:91:34,CESI_Iot,-54.0,5260.0,0
1789658417721116160,1789658421380857088,1789658421449130614,47,d4:bd:4f:a0:d2:d0,CESI_Corp,-40.0,5260.0,0
1789658417721116160,1789658421380857088,1789658421449130614,47,d4:bd:4f:a0:d2:d1,CESI_HotSpot,-40.0,5260.0,0
1789658417721116160,1789658421380857088,1789658421449130614,47,d4:bd:4f:a0:d2:d2,CESI_Robots,-40.0,5260.0,0
1789658417721116160,1789658421380857088,1789658421449130614,47,d4:bd:4f:a0:d2:d3,CESI_Recherche,-40.0,5260.0,0
1789658417721116160,1789658421380857088,1789658421449130614,47,d4:bd:4f:a0:d2:d4,CESI_Iot,-40.0,5260.0,0
1789658417721116160,1789658421380857088,1789658421449130614,47,94:b3:4f:bc:d6:a3,CESI_Recherche,-76.0,5180.0,0
1789658417721116160,1789658421380857088,1789658421449130614,47,94:b3:4f:bc:d6:a1,CESI_HotSpot,-76.0,5180.0,0
1789658417721116160,1789658421380857088,1789658421449130614,47,d4:bd:4f:61:d5:92,CESI_Robots,-38.0,2462.0,4208
1789658417721116160,1789658421380857088,1789658421449130614,47,d4:bd:4f:61:d5:93,CESI_Recherche,-33.0,2462.0,8368
1789658417721116160,1789658421380857088,1789658421449130614,47,d4:bd:4f:60:d2:d0,CESI_Corp,-55.0,2462.0,0
1789658417721116160,1789658421380857088,1789658421449130614,47,d4:bd:4f:61:d5:90,CESI_Corp,-42.0,2462.0,4208
1789658417721116160,1789658421380857088,1789658421449130614,47,d4:bd:4f:61:a9:72,CESI_Robots,-60.0,2462.0,12556
1789658417721116160,1789658421380857088,1789658421449130614,47,d4:bd:4f:61:d5:94,CESI_Iot,-36.0,2462.0,12556
1789658417721116160,1789658421380857088,1789658421449130614,47,7c:26:64:69:50:04,,-46.0,2462.0,0
1789658417721116160,1789658421380857088,1789658421449130614,47,d4:bd:4f:61:a9:71,CESI_HotSpot,-65.0,2462.0,4208
1789658417721116160,1789658421380857088,1789658421449130614,47,70:a7:41:72:25:eb,FGNE-Admin,-65.0,5220.0,0
1789658417721116160,1789658421380857088,1789658421449130614,47,72:a7:41:12:25:eb,Cepsup-Etudiants,-65.0,5220.0,0
1789658417721116160,1789658421380857088,1789658421449130614,47,d4:bd:4f:60:d2:d4,CESI_Iot,-55.0,2462.0,0
1789658417721116160,1789658421380857088,1789658421449130614,47,72:a7:41:22:25:eb,,-65.0,5220.0,0
1789658417721116160,1789658421380857088,1789658421449130614,47,d4:bd:4f:60:d2:d2,CESI_Robots,-54.0,2462.0,0
1789658417721116160,1789658421380857088,1789658421449130614,47,d2:21:f9:1f:d3:98,Cepsup-Etudiants,-82.0,5200.0,4208
1789658417721116160,1789658421380857088,1789658421449130614,47,d0:21:f9:5f:d3:98,FGNE-Admin,-82.0,5200.0,0
1789658417721116160,1789658421380857088,1789658421449130614,47,d4:bd:4f:60:d2:d1,CESI_HotSpot,-54.0,2462.0,0
1789658417721116160,1789658421380857088,1789658421449130614,47,70:a7:41:72:25:ea,FGNE-Admin,-62.0,2462.0,0
1789658417721116160,1789658421380857088,1789658421449130614,47,d4:bd:4f:a1:f4:54,CESI_Iot,-65.0,5180.0,0
1789658417721116160,1789658421380857088,1789658421449130614,47,d2:21:f9:2f:d3:98,,-83.0,5200.0,4208
1789658417721116160,1789658421380857088,1789658421449130614,47,72:a7:41:12:25:ea,Cepsup-Etudiants,-63.0,2462.0,0
1789658417721116160,1789658421380857088,1789658421449130614,47,d4:bd:4f:a1:f4:50,CESI_Corp,-65.0,5180.0,0
1789658417721116160,1789658421380857088,1789658421449130614,47,d4:bd:4f:a1:f4:51,CESI_HotSpot,-65.0,5180.0,0
1789658417721116160,1789658421380857088,1789658421449130614,47,d4:bd:4f:a1:f4:52,CESI_Robots,-64.0,5180.0,0
1789658417721116160,1789658421380857088,1789658421449130614,47,d4:bd:4f:a1:f4:53,CESI_Recherche,-64.0,5180.0,0
1789658417721116160,1789658421380857088,1789658421449130614,47,d2:21:f9:1f:d3:97,Cepsup-Etudiants,-70.0,2412.0,0
1789658417721116160,1789658421380857088,1789658421449130614,47,72:a7:41:22:25:ea,,-58.0,2462.0,8368
1789658417721116160,1789658421380857088,1789658421449130614,47,d4:bd:4f:61:f4:50,CESI_Corp,-61.0,2447.0,0
1789658417721116160,1789658421380857088,1789658421449130614,47,d4:bd:4f:61:f4:51,CESI_HotSpot,-61.0,2447.0,0
1789658417721116160,1789658421380857088,1789658421449130614,47,d4:bd:4f:61:f4:52,CESI_Robots,-61.0,2447.0,0
1789658417721116160,1789658421380857088,1789658421449130614,47,d4:bd:4f:61:f4:53,CESI_Recherche,-62.0,2447.0,0
1789658417721116160,1789658421380857088,1789658421449130614,47,d4:bd:4f:61:f4:54,CESI_Iot,-61.0,2447.0,12
1789658417721116160,1789658421380857088,1789658421449130614,47,d4:bd:4f:60:d2:d3,CESI_Recherche,-55.0,2462.0,12
1789658417721116160,1789658421380857088,1789658421449130614,47,38:9d:92:35:3d:10,EB353D10-EE89sIDJqG1AOAj,-57.0,2462.0,4220
1789658417721116160,1789658421380857088,1789658421449130614,47,d4:bd:4f:a1:91:c1,CESI_HotSpot,-82.0,5260.0,8380
1789658417721116160,1789658421380857088,1789658421449130614,47,d4:bd:4f:a1:91:c2,CESI_Robots,-81.0,5260.0,8380
1789658417721116160,1789658421380857088,1789658421449130614,47,d4:bd:4f:a1:91:c3,CESI_Recherche,-82.0,5260.0,8380
1789658417721116160,1789658421380857088,1789658421449130614,47,78:c4:0e:d7:b1:30,RM828_WIFI,-69.0,2412.0,4220
1789658417721116160,1789658421380857088,1789658421449130614,47,78:45:58:d8:a3:5f,FGNE-Admin,-71.0,2437.0,12
1789658417721116160,1789658421380857088,1789658421449130614,47,7a:45:58:98:a3:5f,Cepsup-Etudiants,-71.0,2437.0,12
1789658417721116160,1789658421380857088,1789658421449130614,47,d4:bd:4f:61:a9:74,CESI_Iot,-58.0,2462.0,12568
1789658417721116160,1789658421380857088,1789658421449130614,47,d4:bd:4f:a0:8d:32,CESI_Robots,-88.0,5180.0,12568
1789658417721116160,1789658421380857088,1789658421449130614,47,d4:bd:4f:a0:8d:33,CESI_Recherche,-90.0,5180.0,12568
1789658417721116160,1789658421380857088,1789658421449130614,47,d4:bd:4f:a0:8d:34,CESI_Iot,-89.0,5180.0,12568
1789658417721116160,1789658421380857088,1789658421449130614,47,94:b3:4f:bc:d6:a2,CESI_Robots,-76.0,5180.0,12
1789658417721116160,1789658421380857088,1789658421449130614,47,94:b3:4f:bc:d6:a4,CESI_Iot,-76.0,5180.0,12
1789658417721116160,1789658421380857088,1789658421449130614,47,94:b3:4f:bc:d6:a0,CESI_Corp,-77.0,5180.0,12
1789658417721116160,1789658421380857088,1789658421449130614,47,d4:bd:4f:a1:91:c0,CESI_Corp,-82.0,5260.0,8380
1789658417721116160,1789658421380857088,1789658421449130614,47,d4:bd:4f:a1:91:c4,CESI_Iot,-82.0,5260.0,8380
1789658417721116160,1789658421380857088,1789658421449130614,47,d4:bd:4f:a1:e5:70,CESI_Corp,-91.0,5260.0,12568
1789658417721116160,1789658421380857088,1789658421449130614,47,d4:bd:4f:61:a9:70,CESI_Corp,-68.0,2462.0,8380
1789658417721116160,1789658421380857088,1789658421449130614,47,7a:45:58:a8:a3:5f,,-64.0,2437.0,4220
1789658417721116160,1789658421380857088,1789658421449130614,47,d0:21:f9:5f:d3:97,FGNE-Admin,-70.0,2412.0,12
1789658421951962112,1789658425550466048,1789658425608995091,48,02:91:9e:71:b0:15,poppy_net,-33.0,2412.0,0
1789658421951962112,1789658425550466048,1789658425608995091,48,32:0d:cb:9d:dd:f0,iPhone moe b,-50.0,2412.0,0
1789658421951962112,1789658425550466048,1789658425608995091,48,d4:bd:4f:61:91:30,CESI_Corp,-58.0,2462.0,0
1789658421951962112,1789658425550466048,1789658425608995091,48,d4:bd:4f:61:91:31,CESI_HotSpot,-58.0,2462.0,0
1789658421951962112,1789658425550466048,1789658425608995091,48,d4:bd:4f:a1:d5:90,CESI_Corp,-56.0,5260.0,0
1789658421951962112,1789658425550466048,1789658425608995091,48,d4:bd:4f:a1:d5:91,CESI_HotSpot,-56.0,5260.0,0
1789658421951962112,1789658425550466048,1789658425608995091,48,d4:bd:4f:a1:d5:92,CESI_Robots,-56.0,5260.0,0
1789658421951962112,1789658425550466048,1789658425608995091,48,d4:bd:4f:a1:d5:93,CESI_Recherche,-56.0,5260.0,0
1789658421951962112,1789658425550466048,1789658425608995091,48,d4:bd:4f:a1:d5:94,CESI_Iot,-55.0,5260.0,0
1789658421951962112,1789658425550466048,1789658425608995091,48,d4:bd:4f:a1:a9:70,CESI_Corp,-72.0,5260.0,0
1789658421951962112,1789658425550466048,1789658425608995091,48,d4:bd:4f:a1:a9:71,CESI_HotSpot,-77.0,5260.0,8376
1789658421951962112,1789658425550466048,1789658425608995091,48,d4:bd:4f:a1:a9:72,CESI_Robots,-67.0,5260.0,8376
1789658421951962112,1789658425550466048,1789658425608995091,48,d4:bd:4f:a1:a9:73,CESI_Recherche,-75.0,5260.0,0
1789658421951962112,1789658425550466048,1789658425608995091,48,d4:bd:4f:a1:a9:74,CESI_Iot,-76.0,5260.0,0
1789658421951962112,1789658425550466048,1789658425608995091,48,d4:bd:4f:a0:5d:90,CESI_Corp,-81.0,5260.0,0
1789658421951962112,1789658425550466048,1789658425608995091,48,d4:bd:4f:a0:5d:91,CESI_HotSpot,-81.0,5260.0,0
1789658421951962112,1789658425550466048,1789658425608995091,48,d4:bd:4f:a0:5d:92,CESI_Robots,-79.0,5260.0,0
1789658421951962112,1789658425550466048,1789658425608995091,48,d4:bd:4f:a0:5d:93,CESI_Recherche,-79.0,5260.0,0
1789658421951962112,1789658425550466048,1789658425608995091,48,d4:bd:4f:a0:5d:94,CESI_Iot,-80.0,5260.0,0
1789658421951962112,1789658425550466048,1789658425608995091,48,7c:26:64:69:50:05,,-51.0,5320.0,0
1789658421951962112,1789658425550466048,1789658425608995091,48,d4:bd:4f:61:d5:91,CESI_HotSpot,-42.0,2462.0,8376
1789658421951962112,1789658425550466048,1789658425608995091,48,d4:bd:4f:61:91:32,CESI_Robots,-58.0,2462.0,0
1789658421951962112,1789658425550466048,1789658425608995091,48,d4:bd:4f:61:91:33,CESI_Recherche,-58.0,2462.0,0
1789658421951962112,1789658425550466048,1789658425608995091,48,d4:bd:4f:61:91:34,CESI_Iot,-58.0,2462.0,0
1789658421951962112,1789658425550466048,1789658425608995091,48,d4:bd:4f:a1:91:30,CESI_Corp,-69.0,5260.0,0
1789658421951962112,1789658425550466048,1789658425608995091,48,d4:bd:4f:a1:91:31,CESI_HotSpot,-69.0,5260.0,0
1789658421951962112,1789658425550466048,1789658425608995091,48,d4:bd:4f:a1:91:32,CESI_Robots,-69.0,5260.0,0
1789658421951962112,1789658425550466048,1789658425608995091,48,d4:bd:4f:a1:91:33,CESI_Recherche,-69.0,5260.0,0
1789658421951962112,1789658425550466048,1789658425608995091,48,d4:bd:4f:a1:91:34,CESI_Iot,-70.0,5260.0,0
1789658421951962112,1789658425550466048,1789658425608995091,48,d4:bd:4f:a0:d2:d0,CESI_Corp,-45.0,5260.0,0
1789658421951962112,1789658425550466048,1789658425608995091,48,d4:bd:4f:a0:d2:d1,CESI_HotSpot,-45.0,5260.0,0
1789658421951962112,1789658425550466048,1789658425608995091,48,d4:bd:4f:a0:d2:d2,CESI_Robots,-44.0,5260.0,0
1789658421951962112,1789658425550466048,1789658425608995091,48,d4:bd:4f:a0:d2:d3,CESI_Recherche,-45.0,5260.0,4
1789658421951962112,1789658425550466048,1789658425608995091,48,d4:bd:4f:a0:d2:d4,CESI_Iot,-45.0,5260.0,4
1789658421951962112,1789658425550466048,1789658425608995091,48,94:b3:4f:bc:d6:a3,CESI_Recherche,-76.0,5180.0,4172
1789658421951962112,1789658425550466048,1789658425608995091,48,94:b3:4f:bc:d6:a1,CESI_HotSpot,-83.0,5180.0,4
1789658421951962112,1789658425550466048,1789658425608995091,48,d4:bd:4f:61:d5:92,CESI_Robots,-38.0,2462.0,8380
1789658421951962112,1789658425550466048,1789658425608995091,48,d4:bd:4f:61:d5:93,CESI_Recherche,-33.0,2462.0,12540
1789658421951962112,1789658425550466048,1789658425608995091,48,d4:bd:4f:60:d2:d0,CESI_Corp,-36.0,2462.0,4
1789658421951962112,1789658425550466048,1789658425608995091,48,d4:bd:4f:61:d5:90,CESI_Corp,-42.0,2462.0,8380
1789658421951962112,1789658425550466048,1789658425608995091,48,d4:bd:4f:61:a9:72,CESI_Robots,-60.0,2462.0,16728
1789658421951962112,1789658425550466048,1789658425608995091,48,d4:bd:4f:61:d5:94,CESI_Iot,-36.0,2462.0,16728
1789658421951962112,1789658425550466048,1789658425608995091,48,7c:26:64:69:50:04,,-46.0,2462.0,4172
1789658421951962112,1789658425550466048,1789658425608995091,48,d4:bd:4f:61:a9:71,CESI_HotSpot,-65.0,2462.0,8380
1789658421951962112,1789658425550466048,1789658425608995091,48,70:a7:41:72:25:eb,FGNE-Admin,-70.0,5220.0,4
1789658421951962112,1789658425550466048,1789658425608995091,48,72:a7:41:12:25:eb,Cepsup-Etudiants,-70.0,5220.0,4
1789658421951962112,1789658425550466048,1789658425608995091,48,d4:bd:4f:60:d2:d4,CESI_Iot,-37.0,2462.0,4
1789658421951962112,1789658425550466048,1789658425608995091,48,72:a7:41:22:25:eb,,-70.0,5220.0,4
1789658421951962112,1789658425550466048,1789658425608995091,48,d4:bd:4f:60:d2:d2,CESI_Robots,-37.0,2462.0,4
1789658421951962112,1789658425550466048,1789658425608995091,48,d2:21:f9:1f:d3:98,Cepsup-Etudiants,-82.0,5200.0,8380
1789658421951962112,1789658425550466048,1789658425608995091,48,d0:21:f9:5f:d3:98,FGNE-Admin,-82.0,5200.0,4172
1789658421951962112,1789658425550466048,1789658425608995091,48,d4:bd:4f:60:d2:d1,CESI_HotSpot,-36.0,2462.0,4
1789658421951962112,1789658425550466048,1789658425608995091,48,70:a7:41:72:25:ea,FGNE-Admin,-67.0,2462.0,4
1789658421951962112,1789658425550466048,1789658425608995091,48,d4:bd:4f:a1:f4:54,CESI_Iot,-61.0,5180.0,4
1789658421951962112,1789658425550466048,1789658425608995091,48,d2:21:f9:2f:d3:98,,-83.0,5200.0,8380
1789658421951962112,1789658425550466048,1789658425608995091,48,72:a7:41:12:25:ea,Cepsup-Etudiants,-67.0,2462.0,4
1789658421951962112,1789658425550466048,1789658425608995091,48,d4:bd:4f:a1:f4:50,CESI_Corp,-61.0,5180.0,4
1789658421951962112,1789658425550466048,1789658425608995091,48,d4:bd:4f:a1:f4:51,CESI_HotSpot,-61.0,5180.0,4
1789658421951962112,1789658425550466048,1789658425608995091,48,d4:bd:4f:a1:f4:52,CESI_Robots,-61.0,5180.0,4
1789658421951962112,1789658425550466048,1789658425608995091,48,d4:bd:4f:a1:f4:53,CESI_Recherche,-61.0,5180.0,4
1789658421951962112,1789658425550466048,1789658425608995091,48,d2:21:f9:1f:d3:97,Cepsup-Etudiants,-70.0,2412.0,4172
1789658421951962112,1789658425550466048,1789658425608995091,48,72:a7:41:22:25:ea,,-58.0,2462.0,12540
1789658421951962112,1789658425550466048,1789658425608995091,48,d4:bd:4f:61:f4:50,CESI_Corp,-61.0,2447.0,4
1789658421951962112,1789658425550466048,1789658425608995091,48,d4:bd:4f:61:f4:51,CESI_HotSpot,-60.0,2447.0,4
1789658421951962112,1789658425550466048,1789658425608995091,48,d4:bd:4f:61:f4:52,CESI_Robots,-61.0,2447.0,4
1789658421951962112,1789658425550466048,1789658425608995091,48,d4:bd:4f:61:f4:53,CESI_Recherche,-60.0,2447.0,4
1789658421951962112,1789658425550466048,1789658425608995091,48,d4:bd:4f:61:f4:54,CESI_Iot,-60.0,2447.0,12
1789658421951962112,1789658425550466048,1789658425608995091,48,d4:bd:4f:60:d2:d3,CESI_Recherche,-37.0,2462.0,12
1789658421951962112,1789658425550466048,1789658425608995091,48,38:9d:92:35:3d:10,EB353D10-EE89sIDJqG1AOAj,-53.0,2462.0,12
1789658421951962112,1789658425550466048,1789658425608995091,48,d4:bd:4f:a1:91:c1,CESI_HotSpot,-73.0,5260.0,12
1789658421951962112,1789658425550466048,1789658425608995091,48,d4:bd:4f:a1:91:c2,CESI_Robots,-81.0,5260.0,12548
1789658421951962112,1789658425550466048,1789658425608995091,48,d4:bd:4f:a1:91:c3,CESI_Recherche,-82.0,5260.0,12548
1789658421951962112,1789658425550466048,1789658425608995091,48,78:c4:0e:d7:b1:30,RM828_WIFI,-69.0,2412.0,8388
1789658421951962112,1789658425550466048,1789658425608995091,48,78:45:58:d8:a3:5f,FGNE-Admin,-71.0,2437.0,4180
1789658421951962112,1789658425550466048,1789658425608995091,48,7a:45:58:98:a3:5f,Cepsup-Etudiants,-61.0,2437.0,12
1789658421951962112,1789658425550466048,1789658425608995091,48,d4:bd:4f:61:a9:74,CESI_Iot,-58.0,2462.0,16736
1789658421951962112,1789658425550466048,1789658425608995091,48,d4:bd:4f:a0:8d:32,CESI_Robots,-88.0,5180.0,16736
1789658421951962112,1789658425550466048,1789658425608995091,48,d4:bd:4f:a0:8d:33,CESI_Recherche,-90.0,5180.0,16736
1789658421951962112,1789658425550466048,1789658425608995091,48,d4:bd:4f:a0:8d:34,CESI_Iot,-89.0,5180.0,16736
1789658421951962112,1789658425550466048,1789658425608995091,48,94:b3:4f:bc:d6:a2,CESI_Robots,-76.0,5180.0,4180
1789658421951962112,1789658425550466048,1789658425608995091,48,94:b3:4f:bc:d6:a4,CESI_Iot,-83.0,5180.0,12
1789658421951962112,1789658425550466048,1789658425608995091,48,94:b3:4f:bc:d6:a0,CESI_Corp,-77.0,5180.0,4180
1789658421951962112,1789658425550466048,1789658425608995091,48,d4:bd:4f:a1:91:c0,CESI_Corp,-73.0,5260.0,12
1789658421951962112,1789658425550466048,1789658425608995091,48,d4:bd:4f:a1:91:c4,CESI_Iot,-82.0,5260.0,12548
1789658421951962112,1789658425550466048,1789658425608995091,48,d4:bd:4f:a1:e5:70,CESI_Corp,-91.0,5260.0,16736
1789658421951962112,1789658425550466048,1789658425608995091,48,d4:bd:4f:61:a9:70,CESI_Corp,-68.0,2462.0,12548
1789658421951962112,1789658425550466048,1789658425608995091,48,7a:45:58:a8:a3:5f,,-64.0,2437.0,8388
1789658421951962112,1789658425550466048,1789658425608995091,48,d0:21:f9:5f:d3:97,FGNE-Admin,-70.0,2412.0,4180
1789658426111932928,1789658429729691904,1789658429787698690,49,02:91:9e:71:b0:15,poppy_net,-31.0,2412.0,0
1789658426111932928,1789658429729691904,1789658429787698690,49,32:0d:cb:9d:dd:f0,iPhone moe b,-48.0,2412.0,0
1789658426111932928,1789658429729691904,1789658429787698690,49,d4:bd:4f:61:91:30,CESI_Corp,-63.0,2462.0,0
1789658426111932928,1789658429729691904,1789658429787698690,49,d4:bd:4f:61:91:31,CESI_HotSpot,-62.0,2462.0,0
1789658426111932928,1789658429729691904,1789658429787698690,49,d4:bd:4f:a1:d5:90,CESI_Corp,-57.0,5260.0,0
1789658426111932928,1789658429729691904,1789658429787698690,49,d4:bd:4f:a1:d5:91,CESI_HotSpot,-58.0,5260.0,0
1789658426111932928,1789658429729691904,1789658429787698690,49,d4:bd:4f:a1:d5:92,CESI_Robots,-59.0,5260.0,0
1789658426111932928,1789658429729691904,1789658429787698690,49,d4:bd:4f:a1:d5:93,CESI_Recherche,-59.0,5260.0,0
1789658426111932928,1789658429729691904,1789658429787698690,49,d4:bd:4f:a1:d5:94,CESI_Iot,-59.0,5260.0,0
1789658426111932928,1789658429729691904,1789658429787698690,49,d4:bd:4f:a1:a9:70,CESI_Corp,-72.0,5260.0,4188
1789658426111932928,1789658429729691904,1789658429787698690,49,d4:bd:4f:a1:a9:71,CESI_HotSpot,-79.0,5260.0,0
1789658426111932928,1789658429729691904,1789658429787698690,49,d4:bd:4f:a1:a9:72,CESI_Robots,-80.0,5260.0,0
1789658426111932928,1789658429729691904,1789658429787698690,49,d4:bd:4f:a1:a9:73,CESI_Recherche,-75.0,5260.0,4188
1789658426111932928,1789658429729691904,1789658429787698690,49,d4:bd:4f:a1:a9:74,CESI_Iot,-76.0,5260.0,4188
1789658426111932928,1789658429729691904,1789658429787698690,49,d4:bd:4f:a0:5d:90,CESI_Corp,-81.0,5260.0,0
1789658426111932928,1789658429729691904,1789658429787698690,49,d4:bd:4f:a0:5d:91,CESI_HotSpot,-80.0,5260.0,0
1789658426111932928,1789658429729691904,1789658429787698690,49,d4:bd:4f:a0:5d:92,CESI_Robots,-79.0,5260.0,0
1789658426111932928,1789658429729691904,1789658429787698690,49,d4:bd:4f:a0:5d:93,CESI_Recherche,-81.0,5260.0,0
1789658426111932928,1789658429729691904,1789658429787698690,49,d4:bd:4f:a0:5d:94,CESI_Iot,-81.0,5260.0,0
1789658426111932928,1789658429729691904,1789658429787698690,49,7c:26:64:69:50:05,,-52.0,5320.0,0
1789658426111932928,1789658429729691904,1789658429787698690,49,d4:bd:4f:61:d5:91,CESI_HotSpot,-49.0,2462.0,0
1789658426111932928,1789658429729691904,1789658429787698690,49,d4:bd:4f:61:91:32,CESI_Robots,-63.0,2462.0,0
1789658426111932928,1789658429729691904,1789658429787698690,49,d4:bd:4f:61:91:33,CESI_Recherche,-62.0,2462.0,0
1789658426111932928,1789658429729691904,1789658429787698690,49,d4:bd:4f:61:91:34,CESI_Iot,-62.0,2462.0,0
1789658426111932928,1789658429729691904,1789658429787698690,49,d4:bd:4f:a1:91:30,CESI_Corp,-61.0,5260.0,0
1789658426111932928,1789658429729691904,1789658429787698690,49,d4:bd:4f:a1:91:31,CESI_HotSpot,-61.0,5260.0,0
1789658426111932928,1789658429729691904,1789658429787698690,49,d4:bd:4f:a1:91:32,CESI_Robots,-60.0,5260.0,0
1789658426111932928,1789658429729691904,1789658429787698690,49,d4:bd:4f:a1:91:33,CESI_Recherche,-61.0,5260.0,0
1789658426111932928,1789658429729691904,1789658429787698690,49,d4:bd:4f:a1:91:34,CESI_Iot,-61.0,5260.0,0
1789658426111932928,1789658429729691904,1789658429787698690,49,d4:bd:4f:a0:d2:d0,CESI_Corp,-48.0,5260.0,0
1789658426111932928,1789658429729691904,1789658429787698690,49,d4:bd:4f:a0:d2:d1,CESI_HotSpot,-48.0,5260.0,0
1789658426111932928,1789658429729691904,1789658429787698690,49,d4:bd:4f:a0:d2:d2,CESI_Robots,-48.0,5260.0,0
1789658426111932928,1789658429729691904,1789658429787698690,49,d4:bd:4f:a0:d2:d3,CESI_Recherche,-49.0,5260.0,0
1789658426111932928,1789658429729691904,1789658429787698690,49,d4:bd:4f:a0:d2:d4,CESI_Iot,-49.0,5260.0,0
1789658426111932928,1789658429729691904,1789658429787698690,49,94:b3:4f:bc:d6:a3,CESI_Recherche,-76.0,5180.0,8356
1789658426111932928,1789658429729691904,1789658429787698690,49,94:b3:4f:bc:d6:a1,CESI_HotSpot,-83.0,5180.0,4188
1789658426111932928,1789658429729691904,1789658429787698690,49,d4:bd:4f:61:d5:92,CESI_Robots,-38.0,2462.0,12564
1789658426111932928,1789658429729691904,1789658429787698690,49,d4:bd:4f:61:d5:93,CESI_Recherche,-33.0,2462.0,16724
1789658426111932928,1789658429729691904,1789658429787698690,49,d4:bd:4f:60:d2:d0,CESI_Corp,-40.0,2462.0,0
1789658426111932928,1789658429729691904,1789658429787698690,49,d4:bd:4f:61:d5:90,CESI_Corp,-49.0,2462.0,0
1789658426111932928,1789658429729691904,1789658429787698690,49,d4:bd:4f:61:a9:72,CESI_Robots,-60.0,2462.0,20912
1789658426111932928,1789658429729691904,1789658429787698690,49,d4:bd:4f:61:d5:94,CESI_Iot,-36.0,2462.0,20912
1789658426111932928,1789658429729691904,1789658429787698690,49,7c:26:64:69:50:04,,-46.0,2462.0,0
1789658426111932928,1789658429729691904,1789658429787698690,49,d4:bd:4f:61:a9:71,CESI_HotSpot,-65.0,2462.0,12564
1789658426111932928,1789658429729691904,1789658429787698690,49,70:a7:41:72:25:eb,FGNE-Admin,-70.0,5220.0,4188
1789658426111932928,1789658429729691904,1789658429787698690,49,72:a7:41:12:25:eb,Cepsup-Etudiants,-70.0,5220.0,4188
1789658426111932928,1789658429729691904,1789658429787698690,49,d4:bd:4f:60:d2:d4,CESI_Iot,-40.0,2462.0,0
1789658426111932928,1789658429729691904,1789658429787698690,49,72:a7:41:22:25:eb,,-70.0,5220.0,4188
1789658426111932928,1789658429729691904,1789658429787698690,49,d4:bd:4f:60:d2:d2,CESI_Robots,-37.0,2462.0,0
1789658426111932928,1789658429729691904,1789658429787698690,49,d2:21:f9:1f:d3:98,Cepsup-Etudiants,-82.0,5200.0,12564
1789658426111932928,1789658429729691904,1789658429787698690,49,d0:21:f9:5f:d3:98,FGNE-Admin,-82.0,5200.0,8356
1789658426111932928,1789658429729691904,1789658429787698690,49,d4:bd:4f:60:d2:d1,CESI_HotSpot,-40.0,2462.0,0
1789658426111932928,1789658429729691904,1789658429787698690,49,70:a7:41:72:25:ea,FGNE-Admin,-67.0,2462.0,4188
1789658426111932928,1789658429729691904,1789658429787698690,49,d4:bd:4f:a1:f4:54,CESI_Iot,-62.0,5180.0,0
1789658426111932928,1789658429729691904,1789658429787698690,49,d2:21:f9:2f:d3:98,,-83.0,5200.0,12564
1789658426111932928,1789658429729691904,1789658429787698690,49,72:a7:41:12:25:ea,Cepsup-Etudiants,-67.0,2462.0,4188
1789658426111932928,1789658429729691904,1789658429787698690,49,d4:bd:4f:a1:f4:50,CESI_Corp,-62.0,5180.0,0
1789658426111932928,1789658429729691904,1789658429787698690,49,d4:bd:4f:a1:f4:51,CESI_HotSpot,-62.0,5180.0,0
1789658426111932928,1789658429729691904,1789658429787698690,49,d4:bd:4f:a1:f4:52,CESI_Robots,-62.0,5180.0,0
1789658426111932928,1789658429729691904,1789658429787698690,49,d4:bd:4f:a1:f4:53,CESI_Recherche,-62.0,5180.0,0
1789658426111932928,1789658429729691904,1789658429787698690,49,d2:21:f9:1f:d3:97,Cepsup-Etudiants,-70.0,2412.0,8356
1789658426111932928,1789658429729691904,1789658429787698690,49,72:a7:41:22:25:ea,,-58.0,2462.0,16724
1789658426111932928,1789658429729691904,1789658429787698690,49,d4:bd:4f:61:f4:50,CESI_Corp,-64.0,2447.0,0
1789658426111932928,1789658429729691904,1789658429787698690,49,d4:bd:4f:61:f4:51,CESI_HotSpot,-63.0,2447.0,0
1789658426111932928,1789658429729691904,1789658429787698690,49,d4:bd:4f:61:f4:52,CESI_Robots,-63.0,2447.0,0
1789658426111932928,1789658429729691904,1789658429787698690,49,d4:bd:4f:61:f4:53,CESI_Recherche,-63.0,2447.0,0
1789658426111932928,1789658429729691904,1789658429787698690,49,d4:bd:4f:61:f4:54,CESI_Iot,-58.0,2447.0,4
1789658426111932928,1789658429729691904,1789658429787698690,49,d4:bd:4f:60:d2:d3,CESI_Recherche,-40.0,2462.0,4
1789658426111932928,1789658429729691904,1789658429787698690,49,38:9d:92:35:3d:10,EB353D10-EE89sIDJqG1AOAj,-43.0,2462.0,4
1789658426111932928,1789658429729691904,1789658429787698690,49,d4:bd:4f:a1:91:c1,CESI_HotSpot,-73.0,5260.0,4192
1789658426111932928,1789658429729691904,1789658429787698690,49,d4:bd:4f:a1:91:c2,CESI_Robots,-81.0,5260.0,16728
1789658426111932928,1789658429729691904,1789658429787698690,49,d4:bd:4f:a1:91:c3,CESI_Recherche,-77.0,5260.0,4
1789658426111932928,1789658429729691904,1789658429787698690,49,78:c4:0e:d7:b1:30,RM828_WIFI,-70.0,2412.0,4
1789658426111932928,1789658429729691904,1789658429787698690,49,78:45:58:d8:a3:5f,FGNE-Admin,-71.0,2437.0,4
1789658426111932928,1789658429729691904,1789658429787698690,49,7a:45:58:98:a3:5f,Cepsup-Etudiants,-61.0,2437.0,4192
1789658426111932928,1789658429729691904,1789658429787698690,49,d4:bd:4f:61:a9:74,CESI_Iot,-58.0,2462.0,20916
1789658426111932928,1789658429729691904,1789658429787698690,49,d4:bd:4f:a0:8d:32,CESI_Robots,-88.0,5180.0,20916
1789658426111932928,1789658429729691904,1789658429787698690,49,d4:bd:4f:a0:8d:33,CESI_Recherche,-90.0,5180.0,20916
1789658426111932928,1789658429729691904,1789658429787698690,49,d4:bd:4f:a0:8d:34,CESI_Iot,-89.0,5180.0,20916
1789658426111932928,1789658429729691904,1789658429787698690,49,94:b3:4f:bc:d6:a2,CESI_Robots,-76.0,5180.0,8360
1789658426111932928,1789658429729691904,1789658429787698690,49,94:b3:4f:bc:d6:a4,CESI_Iot,-62.0,5180.0,4
1789658426111932928,1789658429729691904,1789658429787698690,49,94:b3:4f:bc:d6:a0,CESI_Corp,-77.0,5180.0,8360
1789658426111932928,1789658429729691904,1789658429787698690,49,d4:bd:4f:a1:91:c0,CESI_Corp,-73.0,5260.0,4192
1789658426111932928,1789658429729691904,1789658429787698690,49,d4:bd:4f:a1:91:c4,CESI_Iot,-77.0,5260.0,4
1789658426111932928,1789658429729691904,1789658429787698690,49,d4:bd:4f:a1:e5:70,CESI_Corp,-91.0,5260.0,20916
1789658426111932928,1789658429729691904,1789658429787698690,49,d4:bd:4f:61:a9:70,CESI_Corp,-68.0,2462.0,16728
1789658426111932928,1789658429729691904,1789658429787698690,49,7a:45:58:a8:a3:5f,,-64.0,2437.0,12568
1789658426111932928,1789658429729691904,1789658429787698690,49,d0:21:f9:5f:d3:97,FGNE-Admin,-70.0,2412.0,8360
1789658430290242816,1789658433892185856,1789658433954149946,50,02:91:9e:71:b0:15,poppy_net,-29.0,2412.0,0
1789658430290242816,1789658433892185856,1789658433954149946,50,32:0d:cb:9d:dd:f0,iPhone moe b,-39.0,2412.0,0
1789658430290242816,1789658433892185856,1789658433954149946,50,d4:bd:4f:61:91:30,CESI_Corp,-55.0,2462.0,0
1789658430290242816,1789658433892185856,1789658433954149946,50,d4:bd:4f:61:91:31,CESI_HotSpot,-62.0,2462.0,4164
1789658430290242816,1789658433892185856,1789658433954149946,50,d4:bd:4f:a1:d5:90,CESI_Corp,-52.0,5260.0,0
1789658430290242816,1789658433892185856,1789658433954149946,50,d4:bd:4f:a1:d5:91,CESI_HotSpot,-52.0,5260.0,0
1789658430290242816,1789658433892185856,1789658433954149946,50,d4:bd:4f:a1:d5:92,CESI_Robots,-51.0,5260.0,0
1789658430290242816,1789658433892185856,1789658433954149946,50,d4:bd:4f:a1:d5:93,CESI_Recherche,-50.0,5260.0,0
1789658430290242816,1789658433892185856,1789658433954149946,50,d4:bd:4f:a1:d5:94,CESI_Iot,-51.0,5260.0,0
1789658430290242816,1789658433892185856,1789658433954149946,50,d4:bd:4f:a1:a9:70,CESI_Corp,-75.0,5260.0,0
1789658430290242816,1789658433892185856,1789658433954149946,50,d4:bd:4f:a1:a9:71,CESI_HotSpot,-74.0,5260.0,0
1789658430290242816,1789658433892185856,1789658433954149946,50,d4:bd:4f:a1:a9:72,CESI_Robots,-74.0,5260.0,0
1789658430290242816,1789658433892185856,1789658433954149946,50,d4:bd:4f:a1:a9:73,CESI_Recherche,-74.0,5260.0,0
1789658430290242816,1789658433892185856,1789658433954149946,50,d4:bd:4f:a1:a9:74,CESI_Iot,-74.0,5260.0,0
1789658430290242816,1789658433892185856,1789658433954149946,50,d4:bd:4f:a0:5d:90,CESI_Corp,-81.0,5260.0,4164
1789658430290242816,1789658433892185856,1789658433954149946,50,d4:bd:4f:a0:5d:91,CESI_HotSpot,-80.0,5260.0,4164
1789658430290242816,1789658433892185856,1789658433954149946,50,d4:bd:4f:a0:5d:92,CESI_Robots,-79.0,5260.0,4164
1789658430290242816,1789658433892185856,1789658433954149946,50,d4:bd:4f:a0:5d:93,CESI_Recherche,-82.0,5260.0,0
1789658430290242816,1789658433892185856,1789658433954149946,50,d4:bd:4f:a0:5d:94,CESI_Iot,-81.0,5260.0,4164
1789658430290242816,1789658433892185856,1789658433954149946,50,7c:26:64:69:50:05,,-55.0,5320.0,0
1789658430290242816,1789658433892185856,1789658433954149946,50,d4:bd:4f:61:d5:91,CESI_HotSpot,-42.0,2462.0,0
1789658430290242816,1789658433892185856,1789658433954149946,50,d4:bd:4f:61:91:32,CESI_Robots,-63.0,2462.0,4164
1789658430290242816,1789658433892185856,1789658433954149946,50,d4:bd:4f:61:91:33,CESI_Recherche,-62.0,2462.0,4164
1789658430290242816,1789658433892185856,1789658433954149946,50,d4:bd:4f:61:91:34,CESI_Iot,-62.0,2462.0,4164
1789658430290242816,1789658433892185856,1789658433954149946,50,d4:bd:4f:a1:91:30,CESI_Corp,-67.0,5260.0,0
1789658430290242816,1789658433892185856,1789658433954149946,50,d4:bd:4f:a1:91:31,CESI_HotSpot,-65.0,5260.0,0
1789658430290242816,1789658433892185856,1789658433954149946,50,d4:bd:4f:a1:91:32,CESI_Robots,-66.0,5260.0,0
1789658430290242816,1789658433892185856,1789658433954149946,50,d4:bd:4f:a1:91:33,CESI_Recherche,-65.0,5260.0,0
1789658430290242816,1789658433892185856,1789658433954149946,50,d4:bd:4f:a1:91:34,CESI_Iot,-65.0,5260.0,0
1789658430290242816,1789658433892185856,1789658433954149946,50,d4:bd:4f:a0:d2:d0,CESI_Corp,-46.0,5260.0,0
1789658430290242816,1789658433892185856,1789658433954149946,50,d4:bd:4f:a0:d2:d1,CESI_HotSpot,-47.0,5260.0,0
1789658430290242816,1789658433892185856,1789658433954149946,50,d4:bd:4f:a0:d2:d2,CESI_Robots,-47.0,5260.0,0
1789658430290242816,1789658433892185856,1789658433954149946,50,d4:bd:4f:a0:d2:d3,CESI_Recherche,-47.0,5260.0,0
1789658430290242816,1789658433892185856,1789658433954149946,50,d4:bd:4f:a0:d2:d4,CESI_Iot,-47.0,5260.0,0
1789658430290242816,1789658433892185856,1789658433954149946,50,94:b3:4f:bc:d6:a3,CESI_Recherche,-86.0,5180.0,0
1789658430290242816,1789658433892185856,1789658433954149946,50,94:b3:4f:bc:d6:a1,CESI_HotSpot,-85.0,5180.0,0
1789658430290242816,1789658433892185856,1789658433954149946,50,d4:bd:4f:61:d5:92,CESI_Robots,-43.0,2462.0,0
1789658430290242816,1789658433892185856,1789658433954149946,50,d4:bd:4f:61:d5:93,CESI_Recherche,-43.0,2462.0,0
1789658430290242816,1789658433892185856,1789658433954149946,50,d4:bd:4f:60:d2:d0,CESI_Corp,-39.0,2462.0,0
1789658430290242816,1789658433892185856,1789658433954149946,50,d4:bd:4f:61:d5:90,CESI_Corp,-43.0,2462.0,0
1789658430290242816,1789658433892185856,1789658433954149946,50,d4:bd:4f:61:a9:72,CESI_Robots,-60.0,2462.0,25076
1789658430290242816,1789658433892185856,1789658433954149946,50,d4:bd:4f:61:d5:94,CESI_Iot,-43.0,2462.0,0
1789658430290242816,1789658433892185856,1789658433954149946,50,7c:26:64:69:50:04,,-53.0,2462.0,0
1789658430290242816,1789658433892185856,1789658433954149946,50,d4:bd:4f:61:a9:71,CESI_HotSpot,-65.0,2462.0,16728
1789658430290242816,1789658433892185856,1789658433954149946,50,70:a7:41:72:25:eb,FGNE-Admin,-69.0,5220.0,0
1789658430290242816,1789658433892185856,1789658433954149946,50,72:a7:41:12:25:eb,Cepsup-Etudiants,-69.0,5220.0,0
1789658430290242816,1789658433892185856,1789658433954149946,50,d4:bd:4f:60:d2:d4,CESI_Iot,-37.0,2462.0,0
1789658430290242816,1789658433892185856,1789658433954149946,50,72:a7:41:22:25:eb,,-70.0,5220.0,8352
1789658430290242816,1789658433892185856,1789658433954149946,50,d4:bd:4f:60:d2:d2,CESI_Robots,-37.0,2462.0,4164
1789658430290242816,1789658433892185856,1789658433954149946,50,d2:21:f9:1f:d3:98,Cepsup-Etudiants,-82.0,5200.0,16728
1789658430290242816,1789658433892185856,1789658433954149946,50,d0:21:f9:5f:d3:98,FGNE-Admin,-82.0,5200.0,12520
1789658430290242816,1789658433892185856,1789658433954149946,50,d4:bd:4f:60:d2:d1,CESI_HotSpot,-40.0,2462.0,4164
1789658430290242816,1789658433892185856,1789658433954149946,50,70:a7:41:72:25:ea,FGNE-Admin,-67.0,2462.0,8352
1789658430290242816,1789658433892185856,1789658433954149946,50,d4:bd:4f:a1:f4:54,CESI_Iot,-65.0,5180.0,0
1789658430290242816,1789658433892185856,1789658433954149946,50,d2:21:f9:2f:d3:98,,-83.0,5200.0,16728
1789658430290242816,1789658433892185856,1789658433954149946,50,72:a7:41:12:25:ea,Cepsup-Etudiants,-63.0,2462.0,0
1789658430290242816,1789658433892185856,1789658433954149946,50,d4:bd:4f:a1:f4:50,CESI_Corp,-65.0,5180.0,0
1789658430290242816,1789658433892185856,1789658433954149946,50,d4:bd:4f:a1:f4:51,CESI_HotSpot,-65.0,5180.0,0
1789658430290242816,1789658433892185856,1789658433954149946,50,d4:bd:4f:a1:f4:52,CESI_Robots,-65.0,5180.0,0
1789658430290242816,1789658433892185856,1789658433954149946,50,d4:bd:4f:a1:f4:53,CESI_Recherche,-65.0,5180.0,0
1789658430290242816,1789658433892185856,1789658433954149946,50,d2:21:f9:1f:d3:97,Cepsup-Etudiants,-70.0,2412.0,12520
1789658430290242816,1789658433892185856,1789658433954149946,50,72:a7:41:22:25:ea,,-58.0,2462.0,20888
1789658430290242816,1789658433892185856,1789658433954149946,50,d4:bd:4f:61:f4:50,CESI_Corp,-57.0,2447.0,0
1789658430290242816,1789658433892185856,1789658433954149946,50,d4:bd:4f:61:f4:51,CESI_HotSpot,-58.0,2447.0,0
1789658430290242816,1789658433892185856,1789658433954149946,50,d4:bd:4f:61:f4:52,CESI_Robots,-57.0,2447.0,0
1789658430290242816,1789658433892185856,1789658433954149946,50,d4:bd:4f:61:f4:53,CESI_Recherche,-55.0,2447.0,0
1789658430290242816,1789658433892185856,1789658433954149946,50,d4:bd:4f:61:f4:54,CESI_Iot,-48.0,2447.0,4
1789658430290242816,1789658433892185856,1789658433954149946,50,d4:bd:4f:60:d2:d3,CESI_Recherche,-40.0,2462.0,4168
1789658430290242816,1789658433892185856,1789658433954149946,50,38:9d:92:35:3d:10,EB353D10-EE89sIDJqG1AOAj,-43.0,2462.0,4168
1789658430290242816,1789658433892185856,1789658433954149946,50,d4:bd:4f:a1:91:c1,CESI_HotSpot,-73.0,5260.0,8356
1789658430290242816,1789658433892185856,1789658433954149946,50,d4:bd:4f:a1:91:c2,CESI_Robots,-81.0,5260.0,20892
1789658430290242816,1789658433892185856,1789658433954149946,50,d4:bd:4f:a1:91:c3,CESI_Recherche,-73.0,5260.0,4
1789658430290242816,1789658433892185856,1789658433954149946,50,78:c4:0e:d7:b1:30,RM828_WIFI,-70.0,2412.0,4168
1789658430290242816,1789658433892185856,1789658433954149946,50,78:45:58:d8:a3:5f,FGNE-Admin,-71.0,2437.0,4168
1789658430290242816,1789658433892185856,1789658433954149946,50,7a:45:58:98:a3:5f,Cepsup-Etudiants,-61.0,2437.0,8356
1789658430290242816,1789658433892185856,1789658433954149946,50,d4:bd:4f:61:a9:74,CESI_Iot,-58.0,2462.0,25080
1789658430290242816,1789658433892185856,1789658433954149946,50,d4:bd:4f:a0:8d:32,CESI_Robots,-88.0,5180.0,25080
1789658430290242816,1789658433892185856,1789658433954149946,50,d4:bd:4f:a0:8d:33,CESI_Recherche,-90.0,5180.0,25080
1789658430290242816,1789658433892185856,1789658433954149946,50,d4:bd:4f:a0:8d:34,CESI_Iot,-89.0,5180.0,25080
1789658430290242816,1789658433892185856,1789658433954149946,50,94:b3:4f:bc:d6:a2,CESI_Robots,-85.0,5180.0,4
1789658430290242816,1789658433892185856,1789658433954149946,50,94:b3:4f:bc:d6:a4,CESI_Iot,-85.0,5180.0,4
1789658430290242816,1789658433892185856,1789658433954149946,50,94:b3:4f:bc:d6:a0,CESI_Corp,-77.0,5180.0,12524
1789658430290242816,1789658433892185856,1789658433954149946,50,d4:bd:4f:a1:91:c0,CESI_Corp,-74.0,5260.0,4
1789658430290242816,1789658433892185856,1789658433954149946,50,d4:bd:4f:a1:91:c4,CESI_Iot,-73.0,5260.0,4
1789658430290242816,1789658433892185856,1789658433954149946,50,d4:bd:4f:a1:e5:70,CESI_Corp,-91.0,5260.0,25080
1789658430290242816,1789658433892185856,1789658433954149946,50,d4:bd:4f:61:a9:70,CESI_Corp,-68.0,2462.0,20892
1789658430290242816,1789658433892185856,1789658433954149946,50,7a:45:58:a8:a3:5f,,-64.0,2437.0,16732
1789658430290242816,1789658433892185856,1789658433954149946,50,d0:21:f9:5f:d3:97,FGNE-Admin,-70.0,2412.0,12524
1789658430290242816,1789658433892185856,1789658433954149946,50,d4:bd:4f:61:91:c3,CESI_Recherche,-65.0,2462.0,4
1789658430290242816,1789658433892185856,1789658433954149946,50,2c:5a:0f:e5:7f:ef,eduspot,-89.0,5180.0,4
1789658430290242816,1789658433892185856,1789658433954149946,50,78:45:58:d8:a3:60,FGNE-Admin,-83.0,5180.0,4
1789658430290242816,1789658433892185856,1789658433954149946,50,7a:45:58:98:a3:60,Cepsup-Etudiants,-82.0,5180.0,4
1789658430290242816,1789658433892185856,1789658433954149946,50,d4:bd:4f:a1:e5:74,CESI_Iot,-83.0,5260.0,4
1789658434456026112,1789658438092230912,1789658438153353055,51,02:91:9e:71:b0:15,poppy_net,-30.0,2412.0,4
1789658434456026112,1789658438092230912,1789658438153353055,51,32:0d:cb:9d:dd:f0,iPhone moe b,-40.0,2412.0,4
1789658434456026112,1789658438092230912,1789658438153353055,51,d4:bd:4f:61:91:30,CESI_Corp,-62.0,2462.0,4
1789658434456026112,1789658438092230912,1789658438153353055,51,d4:bd:4f:61:91:31,CESI_HotSpot,-60.0,2462.0,4
1789658434456026112,1789658438092230912,1789658438153353055,51,d4:bd:4f:a1:d5:90,CESI_Corp,-52.0,5260.0,4
1789658434456026112,1789658438092230912,1789658438153353055,51,d4:bd:4f:a1:d5:91,CESI_HotSpot,-52.0,5260.0,4
1789658434456026112,1789658438092230912,1789658438153353055,51,d4:bd:4f:a1:d5:92,CESI_Robots,-52.0,5260.0,4
1789658434456026112,1789658438092230912,1789658438153353055,51,d4:bd:4f:a1:d5:93,CESI_Recherche,-52.0,5260.0,4
1789658434456026112,1789658438092230912,1789658438153353055,51,d4:bd:4f:a1:d5:94,CESI_Iot,-52.0,5260.0,4
1789658434456026112,1789658438092230912,1789658438153353055,51,d4:bd:4f:a1:a9:70,CESI_Corp,-80.0,5260.0,4
1789658434456026112,1789658438092230912,1789658438153353055,51,d4:bd:4f:a1:a9:71,CESI_HotSpot,-81.0,5260.0,4
1789658434456026112,1789658438092230912,1789658438153353055,51,d4:bd:4f:a1:a9:72,CESI_Robots,-81.0,5260.0,4
1789658434456026112,1789658438092230912,1789658438153353055,51,d4:bd:4f:a1:a9:73,CESI_Recherche,-80.0,5260.0,4
1789658434456026112,1789658438092230912,1789658438153353055,51,d4:bd:4f:a1:a9:74,CESI_Iot,-81.0,5260.0,4
1789658434456026112,1789658438092230912,1789658438153353055,51,d4:bd:4f:a0:5d:90,CESI_Corp,-81.0,5260.0,8364
1789658434456026112,1789658438092230912,1789658438153353055,51,d4:bd:4f:a0:5d:91,CESI_HotSpot,-80.0,5260.0,8364
1789658434456026112,1789658438092230912,1789658438153353055,51,d4:bd:4f:a0:5d:92,CESI_Robots,-79.0,5260.0,8364
1789658434456026112,1789658438092230912,1789658438153353055,51,d4:bd:4f:a0:5d:93,CESI_Recherche,-82.0,5260.0,4200
1789658434456026112,1789658438092230912,1789658438153353055,51,d4:bd:4f:a0:5d:94,CESI_Iot,-81.0,5260.0,8364
1789658434456026112,1789658438092230912,1789658438153353055,51,7c:26:64:69:50:05,,-57.0,5320.0,4
1789658434456026112,1789658438092230912,1789658438153353055,51,d4:bd:4f:61:d5:91,CESI_HotSpot,-57.0,2462.0,4
1789658434456026112,1789658438092230912,1789658438153353055,51,d4:bd:4f:61:91:32,CESI_Robots,-65.0,2462.0,4
1789658434456026112,1789658438092230912,1789658438153353055,51,d4:bd:4f:61:91:33,CESI_Recherche,-62.0,2462.0,8364
1789658434456026112,1789658438092230912,1789658438153353055,51,d4:bd:4f:61:91:34,CESI_Iot,-62.0,2462.0,8364
1789658434456026112,1789658438092230912,1789658438153353055,51,d4:bd:4f:a1:91:30,CESI_Corp,-67.0,5260.0,4
1789658434456026112,1789658438092230912,1789658438153353055,51,d4:bd:4f:a1:91:31,CESI_HotSpot,-68.0,5260.0,4
1789658434456026112,1789658438092230912,1789658438153353055,51,d4:bd:4f:a1:91:32,CESI_Robots,-68.0,5260.0,4
1789658434456026112,1789658438092230912,1789658438153353055,51,d4:bd:4f:a1:91:33,CESI_Recherche,-67.0,5260.0,4
1789658434456026112,1789658438092230912,1789658438153353055,51,d4:bd:4f:a1:91:34,CESI_Iot,-69.0,5260.0,4
1789658434456026112,1789658438092230912,1789658438153353055,51,d4:bd:4f:a0:d2:d0,CESI_Corp,-43.0,5260.0,4
1789658434456026112,1789658438092230912,1789658438153353055,51,d4:bd:4f:a0:d2:d1,CESI_HotSpot,-43.0,5260.0,4
1789658434456026112,1789658438092230912,1789658438153353055,51,d4:bd:4f:a0:d2:d2,CESI_Robots,-42.0,5260.0,4
1789658434456026112,1789658438092230912,1789658438153353055,51,d4:bd:4f:a0:d2:d3,CESI_Recherche,-42.0,5260.0,4
1789658434456026112,1789658438092230912,1789658438153353055,51,d4:bd:4f:a0:d2:d4,CESI_Iot,-42.0,5260.0,4
1789658434456026112,1789658438092230912,1789658438153353055,51,94:b3:4f:bc:d6:a3,CESI_Recherche,-87.0,5180.0,4
1789658434456026112,1789658438092230912,1789658438153353055,51,94:b3:4f:bc:d6:a1,CESI_HotSpot,-86.0,5180.0,4
1789658434456026112,1789658438092230912,1789658438153353055,51,d4:bd:4f:61:d5:92,CESI_Robots,-43.0,2462.0,4200
1789658434456026112,1789658438092230912,1789658438153353055,51,d4:bd:4f:61:d5:93,CESI_Recherche,-43.0,2462.0,4200
1789658434456026112,1789658438092230912,1789658438153353055,51,d4:bd:4f:60:d2:d0,CESI_Corp,-45.0,2462.0,4
1789658434456026112,1789658438092230912,1789658438153353055,51,d4:bd:4f:61:d5:90,CESI_Corp,-60.0,2462.0,4
1789658434456026112,1789658438092230912,1789658438153353055,51,d4:bd:4f:61:a9:72,CESI_Robots,-60.0,2462.0,29276
1789658434456026112,1789658438092230912,1789658438153353055,51,d4:bd:4f:61:d5:94,CESI_Iot,-43.0,2462.0,4200
1789658434456026112,1789658438092230912,1789658438153353055,51,7c:26:64:69:50:04,,-53.0,2462.0,4200
1789658434456026112,1789658438092230912,1789658438153353055,51,d4:bd:4f:61:a9:71,CESI_HotSpot,-65.0,2462.0,20928
1789658434456026112,1789658438092230912,1789658438153353055,51,70:a7:41:72:25:eb,FGNE-Admin,-80.0,5220.0,4
1789658434456026112,1789658438092230912,1789658438153353055,51,72:a7:41:12:25:eb,Cepsup-Etudiants,-80.0,5220.0,4
1789658434456026112,1789658438092230912,1789658438153353055,51,d4:bd:4f:60:d2:d4,CESI_Iot,-37.0,2462.0,4200
1789658434456026112,1789658438092230912,1789658438153353055,51,72:a7:41:22:25:eb,,-70.0,5220.0,12552
1789658434456026112,1789658438092230912,1789658438153353055,51,d4:bd:4f:60:d2:d2,CESI_Robots,-42.0,2462.0,4
1789658434456026112,1789658438092230912,1789658438153353055,51,d2:21:f9:1f:d3:98,Cepsup-Etudiants,-82.0,5200.0,20928
1789658434456026112,1789658438092230912,1789658438153353055,51,d0:21:f9:5f:d3:98,FGNE-Admin,-82.0,5200.0,16720
1789658434456026112,1789658438092230912,1789658438153353055,51,d4:bd:4f:60:d2:d1,CESI_HotSpot,-41.0,2462.0,4
1789658434456026112,1789658438092230912,1789658438153353055,51,70:a7:41:72:25:ea,FGNE-Admin,-71.0,2462.0,4
1789658434456026112,1789658438092230912,1789658438153353055,51,d4:bd:4f:a1:f4:54,CESI_Iot,-68.0,5180.0,4
1789658434456026112,1789658438092230912,1789658438153353055,51,d2:21:f9:2f:d3:98,,-83.0,5200.0,20928
1789658434456026112,1789658438092230912,1789658438153353055,51,72:a7:41:12:25:ea,Cepsup-Etudiants,-72.0,2462.0,4
1789658434456026112,1789658438092230912,1789658438153353055,51,d4:bd:4f:a1:f4:50,CESI_Corp,-69.0,5180.0,4
1789658434456026112,1789658438092230912,1789658438153353055,51,d4:bd:4f:a1:f4:51,CESI_HotSpot,-69.0,5180.0,4
1789658434456026112,1789658438092230912,1789658438153353055,51,d4:bd:4f:a1:f4:52,CESI_Robots,-69.0,5180.0,4
1789658434456026112,1789658438092230912,1789658438153353055,51,d4:bd:4f:a1:f4:53,CESI_Recherche,-68.0,5180.0,4
1789658434456026112,1789658438092230912,1789658438153353055,51,d2:21:f9:1f:d3:97,Cepsup-Etudiants,-70.0,2412.0,16720
1789658434456026112,1789658438092230912,1789658438153353055,51,72:a7:41:22:25:ea,,-58.0,2462.0,25088
1789658434456026112,1789658438092230912,1789658438153353055,51,d4:bd:4f:61:f4:50,CESI_Corp,-58.0,2447.0,4
1789658434456026112,1789658438092230912,1789658438153353055,51,d4:bd:4f:61:f4:51,CESI_HotSpot,-57.0,2447.0,4
1789658434456026112,1789658438092230912,1789658438153353055,51,d4:bd:4f:61:f4:52,CESI_Robots,-57.0,2447.0,4
1789658434456026112,1789658438092230912,1789658438153353055,51,d4:bd:4f:61:f4:53,CESI_Recherche,-57.0,2447.0,4
1789658434456026112,1789658438092230912,1789658438153353055,51,d4:bd:4f:61:f4:54,CESI_Iot,-57.0,2447.0,8
1789658434456026112,1789658438092230912,1789658438153353055,51,d4:bd:4f:60:d2:d3,CESI_Recherche,-40.0,2462.0,8368
1789658434456026112,1789658438092230912,1789658438153353055,51,38:9d:92:35:3d:10,EB353D10-EE89sIDJqG1AOAj,-54.0,2462.0,8
1789658434456026112,1789658438092230912,1789658438153353055,51,d4:bd:4f:a1:91:c1,CESI_HotSpot,-73.0,5260.0,12556
1789658434456026112,1789658438092230912,1789658438153353055,51,d4:bd:4f:a1:91:c2,CESI_Robots,-77.0,5260.0,8
1789658434456026112,1789658438092230912,1789658438153353055,51,d4:bd:4f:a1:91:c3,CESI_Recherche,-76.0,5260.0,8
1789658434456026112,1789658438092230912,1789658438153353055,51,78:c4:0e:d7:b1:30,RM828_WIFI,-64.0,2412.0,8
1789658434456026112,1789658438092230912,1789658438153353055,51,78:45:58:d8:a3:5f,FGNE-Admin,-71.0,2437.0,8368
1789658434456026112,1789658438092230912,1789658438153353055,51,7a:45:58:98:a3:5f,Cepsup-Etudiants,-61.0,2437.0,12556
1789658434456026112,1789658438092230912,1789658438153353055,51,d4:bd:4f:61:a9:74,CESI_Iot,-58.0,2462.0,29280
1789658434456026112,1789658438092230912,1789658438153353055,51,d4:bd:4f:a0:8d:32,CESI_Robots,-88.0,5180.0,29280
1789658434456026112,1789658438092230912,1789658438153353055,51,d4:bd:4f:a0:8d:33,CESI_Recherche,-90.0,5180.0,29280
1789658434456026112,1789658438092230912,1789658438153353055,51,d4:bd:4f:a0:8d:34,CESI_Iot,-89.0,5180.0,29280
1789658434456026112,1789658438092230912,1789658438153353055,51,94:b3:4f:bc:d6:a2,CESI_Robots,-86.0,5180.0,8
1789658434456026112,1789658438092230912,1789658438153353055,51,94:b3:4f:bc:d6:a4,CESI_Iot,-87.0,5180.0,8
1789658434456026112,1789658438092230912,1789658438153353055,51,94:b3:4f:bc:d6:a0,CESI_Corp,-88.0,5180.0,8
1789658434456026112,1789658438092230912,1789658438153353055,51,d4:bd:4f:a1:91:c0,CESI_Corp,-74.0,5260.0,4204
1789658434456026112,1789658438092230912,1789658438153353055,51,d4:bd:4f:a1:91:c4,CESI_Iot,-73.0,5260.0,4204
1789658434456026112,1789658438092230912,1789658438153353055,51,d4:bd:4f:a1:e5:70,CESI_Corp,-91.0,5260.0,29280
1789658434456026112,1789658438092230912,1789658438153353055,51,d4:bd:4f:61:a9:70,CESI_Corp,-68.0,2462.0,25092
1789658434456026112,1789658438092230912,1789658438153353055,51,7a:45:58:a8:a3:5f,,-64.0,2437.0,20932
1789658434456026112,1789658438092230912,1789658438153353055,51,d0:21:f9:5f:d3:97,FGNE-Admin,-70.0,2412.0,16724
1789658434456026112,1789658438092230912,1789658438153353055,51,d4:bd:4f:61:91:c3,CESI_Recherche,-65.0,2462.0,4204
1789658434456026112,1789658438092230912,1789658438153353055,51,2c:5a:0f:e5:7f:ef,eduspot,-89.0,5180.0,4204
1789658434456026112,1789658438092230912,1789658438153353055,51,78:45:58:d8:a3:60,FGNE-Admin,-83.0,5180.0,4204
1789658434456026112,1789658438092230912,1789658438153353055,51,7a:45:58:98:a3:60,Cepsup-Etudiants,-82.0,5180.0,4204
1789658434456026112,1789658438092230912,1789658438153353055,51,d4:bd:4f:a1:e5:74,CESI_Iot,-83.0,5260.0,4204
1789658434456026112,1789658438092230912,1789658438153353055,51,d4:bd:4f:61:91:c0,CESI_Corp,-66.0,2462.0,8
1789658438656943104,1789658442252497920,1789658442314691750,52,02:91:9e:71:b0:15,poppy_net,-33.0,2412.0,0
1789658438656943104,1789658442252497920,1789658442314691750,52,32:0d:cb:9d:dd:f0,iPhone moe b,-47.0,2412.0,0
1789658438656943104,1789658442252497920,1789658442314691750,52,d4:bd:4f:61:91:30,CESI_Corp,-62.0,2462.0,4160
1789658438656943104,1789658442252497920,1789658442314691750,52,d4:bd:4f:61:91:31,CESI_HotSpot,-60.0,2462.0,4160
1789658438656943104,1789658442252497920,1789658442314691750,52,d4:bd:4f:a1:d5:90,CESI_Corp,-59.0,5260.0,0
1789658438656943104,1789658442252497920,1789658442314691750,52,d4:bd:4f:a1:d5:91,CESI_HotSpot,-59.0,5260.0,0
1789658438656943104,1789658442252497920,1789658442314691750,52,d4:bd:4f:a1:d5:92,CESI_Robots,-60.0,5260.0,0
1789658438656943104,1789658442252497920,1789658442314691750,52,d4:bd:4f:a1:d5:93,CESI_Recherche,-60.0,5260.0,0
1789658438656943104,1789658442252497920,1789658442314691750,52,d4:bd:4f:a1:d5:94,CESI_Iot,-59.0,5260.0,0
1789658438656943104,1789658442252497920,1789658442314691750,52,d4:bd:4f:a1:a9:70,CESI_Corp,-80.0,5260.0,4160
1789658438656943104,1789658442252497920,1789658442314691750,52,d4:bd:4f:a1:a9:71,CESI_HotSpot,-79.0,5260.0,0
1789658438656943104,1789658442252497920,1789658442314691750,52,d4:bd:4f:a1:a9:72,CESI_Robots,-79.0,5260.0,0
1789658438656943104,1789658442252497920,1789658442314691750,52,d4:bd:4f:a1:a9:73,CESI_Recherche,-79.0,5260.0,0
1789658438656943104,1789658442252497920,1789658442314691750,52,d4:bd:4f:a1:a9:74,CESI_Iot,-78.0,5260.0,0
1789658438656943104,1789658442252497920,1789658442314691750,52,d4:bd:4f:a0:5d:90,CESI_Corp,-81.0,5260.0,12520
1789658438656943104,1789658442252497920,1789658442314691750,52,d4:bd:4f:a0:5d:91,CESI_HotSpot,-80.0,5260.0,12520
1789658438656943104,1789658442252497920,1789658442314691750,52,d4:bd:4f:a0:5d:92,CESI_Robots,-80.0,5260.0,0
1789658438656943104,1789658442252497920,1789658442314691750,52,d4:bd:4f:a0:5d:93,CESI_Recherche,-80.0,5260.0,0
1789658438656943104,1789658442252497920,1789658442314691750,52,d4:bd:4f:a0:5d:94,CESI_Iot,-80.0,5260.0,0
1789658438656943104,1789658442252497920,1789658442314691750,52,7c:26:64:69:50:05,,-59.0,5320.0,0
1789658438656943104,1789658442252497920,1789658442314691750,52,d4:bd:4f:61:d5:91,CESI_HotSpot,-57.0,2462.0,4160
1789658438656943104,1789658442252497920,1789658442314691750,52,d4:bd:4f:61:91:32,CESI_Robots,-65.0,2462.0,4160
1789658438656943104,1789658442252497920,1789658442314691750,52,d4:bd:4f:61:91:33,CESI_Recherche,-62.0,2462.0,0
1789658438656943104,1789658442252497920,1789658442314691750,52,d4:bd:4f:61:91:34,CESI_Iot,-62.0,2462.0,12520
1789658438656943104,1789658442252497920,1789658442314691750,52,d4:bd:4f:a1:91:30,CESI_Corp,-67.0,5260.0,0
1789658438656943104,1789658442252497920,1789658442314691750,52,d4:bd:4f:a1:91:31,CESI_HotSpot,-67.0,5260.0,0
1789658438656943104,1789658442252497920,1789658442314691750,52,d4:bd:4f:a1:91:32,CESI_Robots,-67.0,5260.0,0
1789658438656943104,1789658442252497920,1789658442314691750,52,d4:bd:4f:a1:91:33,CESI_Recherche,-65.0,5260.0,0
1789658438656943104,1789658442252497920,1789658442314691750,52,d4:bd:4f:a1:91:34,CESI_Iot,-67.0,5260.0,0
1789658438656943104,1789658442252497920,1789658442314691750,52,d4:bd:4f:a0:d2:d0,CESI_Corp,-40.0,5260.0,0
1789658438656943104,1789658442252497920,1789658442314691750,52,d4:bd:4f:a0:d2:d1,CESI_HotSpot,-40.0,5260.0,0
1789658438656943104,1789658442252497920,1789658442314691750,52,d4:bd:4f:a0:d2:d2,CESI_Robots,-40.0,5260.0,0
1789658438656943104,1789658442252497920,1789658442314691750,52,d4:bd:4f:a0:d2:d3,CESI_Recherche,-40.0,5260.0,0
1789658438656943104,1789658442252497920,1789658442314691750,52,d4:bd:4f:a0:d2:d4,CESI_Iot,-40.0,5260.0,0
1789658438656943104,1789658442252497920,1789658442314691750,52,94:b3:4f:bc:d6:a3,CESI_Recherche,-81.0,5180.0,0
1789658438656943104,1789658442252497920,1789658442314691750,52,94:b3:4f:bc:d6:a1,CESI_HotSpot,-81.0,5180.0,0
1789658438656943104,1789658442252497920,1789658442314691750,52,d4:bd:4f:61:d5:92,CESI_Robots,-43.0,2462.0,8356
1789658438656943104,1789658442252497920,1789658442314691750,52,d4:bd:4f:61:d5:93,CESI_Recherche,-43.0,2462.0,8356
1789658438656943104,1789658442252497920,1789658442314691750,52,d4:bd:4f:60:d2:d0,CESI_Corp,-35.0,2462.0,0
1789658438656943104,1789658442252497920,1789658442314691750,52,d4:bd:4f:61:d5:90,CESI_Corp,-60.0,2462.0,4160
1789658438656943104,1789658442252497920,1789658442314691750,52,d4:bd:4f:61:d5:94,CESI_Iot,-43.0,2462.0,8356
1789658438656943104,1789658442252497920,1789658442314691750,52,7c:26:64:69:50:04,,-53.0,2462.0,8356
1789658438656943104,1789658442252497920,1789658442314691750,52,d4:bd:4f:61:a9:71,CESI_HotSpot,-65.0,2462.0,25084
1789658438656943104,1789658442252497920,1789658442314691750,52,70:a7:41:72:25:eb,FGNE-Admin,-76.0,5220.0,0
1789658438656943104,1789658442252497920,1789658442314691750,52,72:a7:41:12:25:eb,Cepsup-Etudiants,-76.0,5220.0,0
1789658438656943104,1789658442252497920,1789658442314691750,52,d4:bd:4f:60:d2:d4,CESI_Iot,-39.0,2462.0,0
1789658438656943104,1789658442252497920,1789658442314691750,52,72:a7:41:22:25:eb,,-76.0,5220.0,0
1789658438656943104,1789658442252497920,1789658442314691750,52,d4:bd:4f:60:d2:d2,CESI_Robots,-42.0,2462.0,4160
1789658438656943104,1789658442252497920,1789658442314691750,52,d2:21:f9:1f:d3:98,Cepsup-Etudiants,-82.0,5200.0,25084
1789658438656943104,1789658442252497920,1789658442314691750,52,d0:21:f9:5f:d3:98,FGNE-Admin,-82.0,5200.0,20876
1789658438656943104,1789658442252497920,1789658442314691750,52,d4:bd:4f:60:d2:d1,CESI_HotSpot,-35.0,2462.0,0
1789658438656943104,1789658442252497920,1789658442314691750,52,70:a7:41:72:25:ea,FGNE-Admin,-71.0,2462.0,4160
1789658438656943104,1789658442252497920,1789658442314691750,52,d4:bd:4f:a1:f4:54,CESI_Iot,-60.0,5180.0,0
1789658438656943104,1789658442252497920,1789658442314691750,52,d2:21:f9:2f:d3:98,,-83.0,5200.0,25084
1789658438656943104,1789658442252497920,1789658442314691750,52,72:a7:41:12:25:ea,Cepsup-Etudiants,-72.0,2462.0,4160
1789658438656943104,1789658442252497920,1789658442314691750,52,d4:bd:4f:a1:f4:50,CESI_Corp,-61.0,5180.0,0
1789658438656943104,1789658442252497920,1789658442314691750,52,d4:bd:4f:a1:f4:51,CESI_HotSpot,-61.0,5180.0,0
1789658438656943104,1789658442252497920,1789658442314691750,52,d4:bd:4f:a1:f4:52,CESI_Robots,-61.0,5180.0,0
1789658438656943104,1789658442252497920,1789658442314691750,52,d4:bd:4f:a1:f4:53,CESI_Recherche,-61.0,5180.0,0
1789658438656943104,1789658442252497920,1789658442314691750,52,d2:21:f9:1f:d3:97,Cepsup-Etudiants,-70.0,2412.0,20876
1789658438656943104,1789658442252497920,1789658442314691750,52,72:a7:41:22:25:ea,,-58.0,2462.0,29244
1789658438656943104,1789658442252497920,1789658442314691750,52,d4:bd:4f:61:f4:50,CESI_Corp,-55.0,2447.0,0
1789658438656943104,1789658442252497920,1789658442314691750,52,d4:bd:4f:61:f4:51,CESI_HotSpot,-58.0,2447.0,0
1789658438656943104,1789658442252497920,1789658442314691750,52,d4:bd:4f:61:f4:52,CESI_Robots,-58.0,2447.0,0
1789658438656943104,1789658442252497920,1789658442314691750,52,d4:bd:4f:61:f4:53,CESI_Recherche,-57.0,2447.0,0
1789658438656943104,1789658442252497920,1789658442314691750,52,d4:bd:4f:61:f4:54,CESI_Iot,-58.0,2447.0,0
1789658438656943104,1789658442252497920,1789658442314691750,52,d4:bd:4f:60:d2:d3,CESI_Recherche,-40.0,2462.0,8
1789658438656943104,1789658442252497920,1789658442314691750,52,38:9d:92:35:3d:10,EB353D10-EE89sIDJqG1AOAj,-54.0,2462.0,8
1789658438656943104,1789658442252497920,1789658442314691750,52,d4:bd:4f:a1:91:c1,CESI_HotSpot,-73.0,5260.0,8
1789658438656943104,1789658442252497920,1789658442314691750,52,d4:bd:4f:a1:91:c2,CESI_Robots,-77.0,5260.0,4168
1789658438656943104,1789658442252497920,1789658442314691750,52,d4:bd:4f:a1:91:c3,CESI_Recherche,-76.0,5260.0,4168
1789658438656943104,1789658442252497920,1789658442314691750,52,78:c4:0e:d7:b1:30,RM828_WIFI,-62.0,2412.0,8
1789658438656943104,1789658442252497920,1789658442314691750,52,78:45:58:d8:a3:5f,FGNE-Admin,-66.0,2437.0,8
1789658438656943104,1789658442252497920,1789658442314691750,52,7a:45:58:98:a3:5f,Cepsup-Etudiants,-61.0,2437.0,16716
1789658438656943104,1789658442252497920,1789658442314691750,52,94:b3:4f:bc:d6:a2,CESI_Robots,-81.0,5180.0,8
1789658438656943104,1789658442252497920,1789658442314691750,52,94:b3:4f:bc:d6:a4,CESI_Iot,-81.0,5180.0,8
1789658438656943104,1789658442252497920,1789658442314691750,52,94:b3:4f:bc:d6:a0,CESI_Corp,-88.0,5180.0,4168
1789658438656943104,1789658442252497920,1789658442314691750,52,d4:bd:4f:a1:91:c0,CESI_Corp,-74.0,5260.0,8364
1789658438656943104,1789658442252497920,1789658442314691750,52,d4:bd:4f:a1:91:c4,CESI_Iot,-73.0,5260.0,8364
1789658438656943104,1789658442252497920,1789658442314691750,52,d4:bd:4f:61:a9:70,CESI_Corp,-68.0,2462.0,29252
1789658438656943104,1789658442252497920,1789658442314691750,52,7a:45:58:a8:a3:5f,,-64.0,2437.0,25092
1789658438656943104,1789658442252497920,1789658442314691750,52,d0:21:f9:5f:d3:97,FGNE-Admin,-70.0,2412.0,20884
1789658438656943104,1789658442252497920,1789658442314691750,52,d4:bd:4f:61:91:c3,CESI_Recherche,-71.0,2462.0,8
1789658438656943104,1789658442252497920,1789658442314691750,52,2c:5a:0f:e5:7f:ef,eduspot,-89.0,5180.0,8364
1789658438656943104,1789658442252497920,1789658442314691750,52,78:45:58:d8:a3:60,FGNE-Admin,-83.0,5180.0,8364
1789658438656943104,1789658442252497920,1789658442314691750,52,7a:45:58:98:a3:60,Cepsup-Etudiants,-82.0,5180.0,8364
1789658438656943104,1789658442252497920,1789658442314691750,52,d4:bd:4f:a1:e5:74,CESI_Iot,-83.0,5260.0,8364
1789658438656943104,1789658442252497920,1789658442314691750,52,d4:bd:4f:61:91:c0,CESI_Corp,-66.0,2462.0,8
1789658438656943104,1789658442252497920,1789658442314691750,52,2c:5a:0f:e5:7f:e0,eduspot,-77.0,2412.0,8
1789658438656943104,1789658442252497920,1789658442314691750,52,d4:bd:4f:61:91:c1,CESI_HotSpot,-67.0,2462.0,8
1789658438656943104,1789658442252497920,1789658442314691750,52,d4:bd:4f:61:91:c2,CESI_Robots,-66.0,2462.0,8
1789658438656943104,1789658442252497920,1789658442314691750,52,d4:bd:4f:61:91:c4,CESI_Iot,-66.0,2462.0,8
1789658442817895936,1789658446416060928,1789658446475409381,53,02:91:9e:71:b0:15,poppy_net,-30.0,2412.0,4
1789658442817895936,1789658446416060928,1789658446475409381,53,32:0d:cb:9d:dd:f0,iPhone moe b,-54.0,2412.0,4
1789658442817895936,1789658446416060928,1789658446475409381,53,d4:bd:4f:61:91:30,CESI_Corp,-58.0,2462.0,4
1789658442817895936,1789658446416060928,1789658446475409381,53,d4:bd:4f:61:91:31,CESI_HotSpot,-60.0,2462.0,4
1789658442817895936,1789658446416060928,1789658446475409381,53,d4:bd:4f:a1:d5:90,CESI_Corp,-51.0,5260.0,4
1789658442817895936,1789658446416060928,1789658446475409381,53,d4:bd:4f:a1:d5:91,CESI_HotSpot,-51.0,5260.0,4
1789658442817895936,1789658446416060928,1789658446475409381,53,d4:bd:4f:a1:d5:92,CESI_Robots,-50.0,5260.0,4
1789658442817895936,1789658446416060928,1789658446475409381,53,d4:bd:4f:a1:d5:93,CESI_Recherche,-49.0,5260.0,4
1789658442817895936,1789658446416060928,1789658446475409381,53,d4:bd:4f:a1:d5:94,CESI_Iot,-51.0,5260.0,4
1789658442817895936,1789658446416060928,1789658446475409381,53,d4:bd:4f:a1:a9:70,CESI_Corp,-80.0,5260.0,8324
1789658442817895936,1789658446416060928,1789658446475409381,53,d4:bd:4f:a1:a9:71,CESI_HotSpot,-79.0,5260.0,4164
1789658442817895936,1789658446416060928,1789658446475409381,53,d4:bd:4f:a1:a9:72,CESI_Robots,-79.0,5260.0,4164
1789658442817895936,1789658446416060928,1789658446475409381,53,d4:bd:4f:a1:a9:73,CESI_Recherche,-79.0,5260.0,4164
1789658442817895936,1789658446416060928,1789658446475409381,53,d4:bd:4f:a1:a9:74,CESI_Iot,-78.0,5260.0,4164
1789658442817895936,1789658446416060928,1789658446475409381,53,d4:bd:4f:a0:5d:90,CESI_Corp,-81.0,5260.0,16684
1789658442817895936,1789658446416060928,1789658446475409381,53,d4:bd:4f:a0:5d:91,CESI_HotSpot,-82.0,5260.0,4
1789658442817895936,1789658446416060928,1789658446475409381,53,d4:bd:4f:a0:5d:92,CESI_Robots,-83.0,5260.0,4
1789658442817895936,1789658446416060928,1789658446475409381,53,d4:bd:4f:a0:5d:93,CESI_Recherche,-82.0,5260.0,4
1789658442817895936,1789658446416060928,1789658446475409381,53,d4:bd:4f:a0:5d:94,CESI_Iot,-82.0,5260.0,4
1789658442817895936,1789658446416060928,1789658446475409381,53,7c:26:64:69:50:05,,-59.0,5320.0,4
1789658442817895936,1789658446416060928,1789658446475409381,53,d4:bd:4f:61:d5:91,CESI_HotSpot,-54.0,2462.0,4
1789658442817895936,1789658446416060928,1789658446475409381,53,d4:bd:4f:61:91:32,CESI_Robots,-60.0,2462.0,4
1789658442817895936,1789658446416060928,1789658446475409381,53,d4:bd:4f:61:91:33,CESI_Recherche,-60.0,2462.0,4
1789658442817895936,1789658446416060928,1789658446475409381,53,d4:bd:4f:61:91:34,CESI_Iot,-60.0,2462.0,4
1789658442817895936,1789658446416060928,1789658446475409381,53,d4:bd:4f:a1:91:30,CESI_Corp,-61.0,5260.0,4
1789658442817895936,1789658446416060928,1789658446475409381,53,d4:bd:4f:a1:91:31,CESI_HotSpot,-62.0,5260.0,4
1789658442817895936,1789658446416060928,1789658446475409381,53,d4:bd:4f:a1:91:32,CESI_Robots,-62.0,5260.0,4
1789658442817895936,1789658446416060928,1789658446475409381,53,d4:bd:4f:a1:91:33,CESI_Recherche,-62.0,5260.0,4
1789658442817895936,1789658446416060928,1789658446475409381,53,d4:bd:4f:a1:91:34,CESI_Iot,-62.0,5260.0,4
1789658442817895936,1789658446416060928,1789658446475409381,53,d4:bd:4f:a0:d2:d0,CESI_Corp,-33.0,5260.0,4
1789658442817895936,1789658446416060928,1789658446475409381,53,d4:bd:4f:a0:d2:d1,CESI_HotSpot,-33.0,5260.0,4
1789658442817895936,1789658446416060928,1789658446475409381,53,d4:bd:4f:a0:d2:d2,CESI_Robots,-33.0,5260.0,4
1789658442817895936,1789658446416060928,1789658446475409381,53,d4:bd:4f:a0:d2:d3,CESI_Recherche,-33.0,5260.0,4
1789658442817895936,1789658446416060928,1789658446475409381,53,d4:bd:4f:a0:d2:d4,CESI_Iot,-33.0,5260.0,4
1789658442817895936,1789658446416060928,1789658446475409381,53,94:b3:4f:bc:d6:a3,CESI_Recherche,-81.0,5180.0,4164
1789658442817895936,1789658446416060928,1789658446475409381,53,94:b3:4f:bc:d6:a1,CESI_HotSpot,-81.0,5180.0,4164
1789658442817895936,1789658446416060928,1789658446475409381,53,d4:bd:4f:61:d5:92,CESI_Robots,-61.0,2462.0,4
1789658442817895936,1789658446416060928,1789658446475409381,53,d4:bd:4f:61:d5:93,CESI_Recherche,-60.0,2462.0,4
1789658442817895936,1789658446416060928,1789658446475409381,53,d4:bd:4f:60:d2:d0,CESI_Corp,-35.0,2462.0,4
1789658442817895936,1789658446416060928,1789658446475409381,53,d4:bd:4f:61:d5:90,CESI_Corp,-54.0,2462.0,4
1789658442817895936,1789658446416060928,1789658446475409381,53,d4:bd:4f:61:d5:94,CESI_Iot,-59.0,2462.0,4
1789658442817895936,1789658446416060928,1789658446475409381,53,7c:26:64:69:50:04,,-53.0,2462.0,12520
1789658442817895936,1789658446416060928,1789658446475409381,53,d4:bd:4f:61:a9:71,CESI_HotSpot,-65.0,2462.0,29248
1789658442817895936,1789658446416060928,1789658446475409381,53,70:a7:41:72:25:eb,FGNE-Admin,-77.0,5220.0,4
1789658442817895936,1789658446416060928,1789658446475409381,53,72:a7:41:12:25:eb,Cepsup-Etudiants,-76.0,5220.0,4
1789658442817895936,1789658446416060928,1789658446475409381,53,d4:bd:4f:60:d2:d4,CESI_Iot,-38.0,2462.0,4
1789658442817895936,1789658446416060928,1789658446475409381,53,72:a7:41:22:25:eb,,-76.0,5220.0,4164
1789658442817895936,1789658446416060928,1789658446475409381,53,d4:bd:4f:60:d2:d2,CESI_Robots,-31.0,2462.0,4
1789658442817895936,1789658446416060928,1789658446475409381,53,d2:21:f9:1f:d3:98,Cepsup-Etudiants,-82.0,5200.0,29248
1789658442817895936,1789658446416060928,1789658446475409381,53,d0:21:f9:5f:d3:98,FGNE-Admin,-82.0,5200.0,25040
1789658442817895936,1789658446416060928,1789658446475409381,53,d4:bd:4f:60:d2:d1,CESI_HotSpot,-31.0,2462.0,4
1789658442817895936,1789658446416060928,1789658446475409381,53,70:a7:41:72:25:ea,FGNE-Admin,-71.0,2462.0,8324
1789658442817895936,1789658446416060928,1789658446475409381,53,d4:bd:4f:a1:f4:54,CESI_Iot,-62.0,5180.0,4
1789658442817895936,1789658446416060928,1789658446475409381,53,d2:21:f9:2f:d3:98,,-83.0,5200.0,29248
1789658442817895936,1789658446416060928,1789658446475409381,53,72:a7:41:12:25:ea,Cepsup-Etudiants,-72.0,2462.0,8324
1789658442817895936,1789658446416060928,1789658446475409381,53,d4:bd:4f:a1:f4:50,CESI_Corp,-62.0,5180.0,4
1789658442817895936,1789658446416060928,1789658446475409381,53,d4:bd:4f:a1:f4:51,CESI_HotSpot,-62.0,5180.0,4
1789658442817895936,1789658446416060928,1789658446475409381,53,d4:bd:4f:a1:f4:52,CESI_Robots,-62.0,5180.0,4
1789658442817895936,1789658446416060928,1789658446475409381,53,d4:bd:4f:a1:f4:53,CESI_Recherche,-62.0,5180.0,4
1789658442817895936,1789658446416060928,1789658446475409381,53,d2:21:f9:1f:d3:97,Cepsup-Etudiants,-70.0,2412.0,25040
1789658442817895936,1789658446416060928,1789658446475409381,53,d4:bd:4f:61:f4:50,CESI_Corp,-53.0,2447.0,4
1789658442817895936,1789658446416060928,1789658446475409381,53,d4:bd:4f:61:f4:51,CESI_HotSpot,-52.0,2447.0,4
1789658442817895936,1789658446416060928,1789658446475409381,53,d4:bd:4f:61:f4:52,CESI_Robots,-54.0,2447.0,4
1789658442817895936,1789658446416060928,1789658446475409381,53,d4:bd:4f:61:f4:53,CESI_Recherche,-54.0,2447.0,4
1789658442817895936,1789658446416060928,1789658446475409381,53,d4:bd:4f:61:f4:54,CESI_Iot,-53.0,2447.0,4
1789658442817895936,1789658446416060928,1789658446475409381,53,d4:bd:4f:60:d2:d3,CESI_Recherche,-35.0,2462.0,4
1789658442817895936,1789658446416060928,1789658446475409381,53,38:9d:92:35:3d:10,EB353D10-EE89sIDJqG1AOAj,-51.0,2462.0,8
1789658442817895936,1789658446416060928,1789658446475409381,53,d4:bd:4f:a1:91:c1,CESI_HotSpot,-72.0,5260.0,8
1789658442817895936,1789658446416060928,1789658446475409381,53,d4:bd:4f:a1:91:c2,CESI_Robots,-73.0,5260.0,8
1789658442817895936,1789658446416060928,1789658446475409381,53,d4:bd:4f:a1:91:c3,CESI_Recherche,-76.0,5260.0,8328
1789658442817895936,1789658446416060928,1789658446475409381,53,78:c4:0e:d7:b1:30,RM828_WIFI,-71.0,2412.0,8
1789658442817895936,1789658446416060928,1789658446475409381,53,78:45:58:d8:a3:5f,FGNE-Admin,-66.0,2437.0,4168
1789658442817895936,1789658446416060928,1789658446475409381,53,7a:45:58:98:a3:5f,Cepsup-Etudiants,-61.0,2437.0,20876
1789658442817895936,1789658446416060928,1789658446475409381,53,94:b3:4f:bc:d6:a2,CESI_Robots,-81.0,5180.0,4168
1789658442817895936,1789658446416060928,1789658446475409381,53,94:b3:4f:bc:d6:a4,CESI_Iot,-81.0,5180.0,4168
1789658442817895936,1789658446416060928,1789658446475409381,53,94:b3:4f:bc:d6:a0,CESI_Corp,-88.0,5180.0,8328
1789658442817895936,1789658446416060928,1789658446475409381,53,d4:bd:4f:a1:91:c0,CESI_Corp,-73.0,5260.0,8
1789658442817895936,1789658446416060928,1789658446475409381,53,d4:bd:4f:a1:91:c4,CESI_Iot,-73.0,5260.0,8
1789658442817895936,1789658446416060928,1789658446475409381,53,7a:45:58:a8:a3:5f,,-64.0,2437.0,29252
1789658442817895936,1789658446416060928,1789658446475409381,53,d0:21:f9:5f:d3:97,FGNE-Admin,-70.0,2412.0,25044
1789658442817895936,1789658446416060928,1789658446475409381,53,d4:bd:4f:61:91:c3,CESI_Recherche,-71.0,2462.0,4168
1789658442817895936,1789658446416060928,1789658446475409381,53,2c:5a:0f:e5:7f:ef,eduspot,-87.0,5180.0,8
1789658442817895936,1789658446416060928,1789658446475409381,53,78:45:58:d8:a3:60,FGNE-Admin,-83.0,5180.0,12524
1789658442817895936,1789658446416060928,1789658446475409381,53,7a:45:58:98:a3:60,Cepsup-Etudiants,-82.0,5180.0,12524
1789658442817895936,1789658446416060928,1789658446475409381,53,d4:bd:4f:a1:e5:74,CESI_Iot,-86.0,5260.0,8
1789658442817895936,1789658446416060928,1789658446475409381,53,d4:bd:4f:61:91:c0,CESI_Corp,-67.0,2462.0,8
1789658442817895936,1789658446416060928,1789658446475409381,53,2c:5a:0f:e5:7f:e0,eduspot,-77.0,2412.0,4168
1789658442817895936,1789658446416060928,1789658446475409381,53,d4:bd:4f:61:91:c1,CESI_HotSpot,-67.0,2462.0,4168
1789658442817895936,1789658446416060928,1789658446475409381,53,d4:bd:4f:61:91:c2,CESI_Robots,-66.0,2462.0,4168
1789658442817895936,1789658446416060928,1789658446475409381,53,d4:bd:4f:61:91:c4,CESI_Iot,-66.0,2462.0,4168
1789658442817895936,1789658446416060928,1789658446475409381,53,d4:bd:4f:a1:e5:70,CESI_Corp,-86.0,5260.0,8
1789658442817895936,1789658446416060928,1789658446475409381,53,d4:bd:4f:a1:e5:71,CESI_HotSpot,-86.0,5260.0,8
1789658442817895936,1789658446416060928,1789658446475409381,53,d4:bd:4f:a1:e5:72,CESI_Robots,-87.0,5260.0,8
1789658442817895936,1789658446416060928,1789658446475409381,53,d4:bd:4f:a1:e5:73,CESI_Recherche,-86.0,5260.0,8
1789658446978369024,1789658450586234112,1789658450646285938,54,02:91:9e:71:b0:15,poppy_net,-30.0,2412.0,0
1789658446978369024,1789658450586234112,1789658450646285938,54,32:0d:cb:9d:dd:f0,iPhone moe b,-48.0,2412.0,0
1789658446978369024,1789658450586234112,1789658450646285938,54,d4:bd:4f:61:91:30,CESI_Corp,-58.0,2462.0,4180
1789658446978369024,1789658450586234112,1789658450646285938,54,d4:bd:4f:61:91:31,CESI_HotSpot,-56.0,2462.0,0
1789658446978369024,1789658450586234112,1789658450646285938,54,d4:bd:4f:a1:d5:90,CESI_Corp,-52.0,5260.0,0
1789658446978369024,1789658450586234112,1789658450646285938,54,d4:bd:4f:a1:d5:91,CESI_HotSpot,-52.0,5260.0,0
1789658446978369024,1789658450586234112,1789658450646285938,54,d4:bd:4f:a1:d5:92,CESI_Robots,-52.0,5260.0,0
1789658446978369024,1789658450586234112,1789658450646285938,54,d4:bd:4f:a1:d5:93,CESI_Recherche,-52.0,5260.0,0
1789658446978369024,1789658450586234112,1789658450646285938,54,d4:bd:4f:a1:d5:94,CESI_Iot,-52.0,5260.0,0
1789658446978369024,1789658450586234112,1789658450646285938,54,d4:bd:4f:a1:a9:70,CESI_Corp,-82.0,5260.0,0
1789658446978369024,1789658450586234112,1789658450646285938,54,d4:bd:4f:a1:a9:71,CESI_HotSpot,-81.0,5260.0,0
1789658446978369024,1789658450586234112,1789658450646285938,54,d4:bd:4f:a1:a9:72,CESI_Robots,-82.0,5260.0,0
1789658446978369024,1789658450586234112,1789658450646285938,54,d4:bd:4f:a1:a9:73,CESI_Recherche,-81.0,5260.0,0
1789658446978369024,1789658450586234112,1789658450646285938,54,d4:bd:4f:a1:a9:74,CESI_Iot,-82.0,5260.0,0
1789658446978369024,1789658450586234112,1789658450646285938,54,d4:bd:4f:a0:5d:90,CESI_Corp,-81.0,5260.0,20860
1789658446978369024,1789658450586234112,1789658450646285938,54,d4:bd:4f:a0:5d:91,CESI_HotSpot,-82.0,5260.0,4180
1789658446978369024,1789658450586234112,1789658450646285938,54,d4:bd:4f:a0:5d:92,CESI_Robots,-83.0,5260.0,4180
1789658446978369024,1789658450586234112,1789658450646285938,54,d4:bd:4f:a0:5d:93,CESI_Recherche,-82.0,5260.0,4180
1789658446978369024,1789658450586234112,1789658450646285938,54,d4:bd:4f:a0:5d:94,CESI_Iot,-82.0,5260.0,4180
1789658446978369024,1789658450586234112,1789658450646285938,54,7c:26:64:69:50:05,,-57.0,5320.0,0
1789658446978369024,1789658450586234112,1789658450646285938,54,d4:bd:4f:61:d5:91,CESI_HotSpot,-50.0,2462.0,0
1789658446978369024,1789658450586234112,1789658450646285938,54,d4:bd:4f:61:91:32,CESI_Robots,-60.0,2462.0,4180
1789658446978369024,1789658450586234112,1789658450646285938,54,d4:bd:4f:61:91:33,CESI_Recherche,-60.0,2462.0,4180
1789658446978369024,1789658450586234112,1789658450646285938,54,d4:bd:4f:61:91:34,CESI_Iot,-60.0,2462.0,4180
1789658446978369024,1789658450586234112,1789658450646285938,54,d4:bd:4f:a1:91:30,CESI_Corp,-67.0,5260.0,0
1789658446978369024,1789658450586234112,1789658450646285938,54,d4:bd:4f:a1:91:31,CESI_HotSpot,-64.0,5260.0,0
1789658446978369024,1789658450586234112,1789658450646285938,54,d4:bd:4f:a1:91:32,CESI_Robots,-66.0,5260.0,0
1789658446978369024,1789658450586234112,1789658450646285938,54,d4:bd:4f:a1:91:33,CESI_Recherche,-67.0,5260.0,0
1789658446978369024,1789658450586234112,1789658450646285938,54,d4:bd:4f:a1:91:34,CESI_Iot,-67.0,5260.0,0
1789658446978369024,1789658450586234112,1789658450646285938,54,d4:bd:4f:a0:d2:d0,CESI_Corp,-38.0,5260.0,0
1789658446978369024,1789658450586234112,1789658450646285938,54,d4:bd:4f:a0:d2:d1,CESI_HotSpot,-37.0,5260.0,0
1789658446978369024,1789658450586234112,1789658450646285938,54,d4:bd:4f:a0:d2:d2,CESI_Robots,-38.0,5260.0,0
1789658446978369024,1789658450586234112,1789658450646285938,54,d4:bd:4f:a0:d2:d3,CESI_Recherche,-37.0,5260.0,0
1789658446978369024,1789658450586234112,1789658450646285938,54,d4:bd:4f:a0:d2:d4,CESI_Iot,-37.0,5260.0,0
1789658446978369024,1789658450586234112,1789658450646285938,54,94:b3:4f:bc:d6:a3,CESI_Recherche,-84.0,5180.0,0
1789658446978369024,1789658450586234112,1789658450646285938,54,94:b3:4f:bc:d6:a1,CESI_HotSpot,-81.0,5180.0,8340
1789658446978369024,1789658450586234112,1789658450646285938,54,d4:bd:4f:61:d5:92,CESI_Robots,-50.0,2462.0,0
1789658446978369024,1789658450586234112,1789658450646285938,54,d4:bd:4f:61:d5:93,CESI_Recherche,-50.0,2462.0,0
1789658446978369024,1789658450586234112,1789658450646285938,54,d4:bd:4f:60:d2:d0,CESI_Corp,-41.0,2462.0,0
1789658446978369024,1789658450586234112,1789658450646285938,54,d4:bd:4f:61:d5:90,CESI_Corp,-52.0,2462.0,0
1789658446978369024,1789658450586234112,1789658450646285938,54,d4:bd:4f:61:d5:94,CESI_Iot,-50.0,2462.0,0
1789658446978369024,1789658450586234112,1789658450646285938,54,7c:26:64:69:50:04,,-50.0,2462.0,0
1789658446978369024,1789658450586234112,1789658450646285938,54,70:a7:41:72:25:eb,FGNE-Admin,-78.0,5220.0,0
1789658446978369024,1789658450586234112,1789658450646285938,54,72:a7:41:12:25:eb,Cepsup-Etudiants,-78.0,5220.0,0
1789658446978369024,1789658450586234112,1789658450646285938,54,d4:bd:4f:60:d2:d4,CESI_Iot,-41.0,2462.0,0
1789658446978369024,1789658450586234112,1789658450646285938,54,72:a7:41:22:25:eb,,-76.0,5220.0,8340
1789658446978369024,1789658450586234112,1789658450646285938,54,d4:bd:4f:60:d2:d2,CESI_Robots,-38.0,2462.0,0
1789658446978369024,1789658450586234112,1789658450646285938,54,d0:21:f9:5f:d3:98,FGNE-Admin,-82.0,5200.0,29216
1789658446978369024,1789658450586234112,1789658450646285938,54,d4:bd:4f:60:d2:d1,CESI_HotSpot,-41.0,2462.0,0
1789658446978369024,1789658450586234112,1789658450646285938,54,70:a7:41:72:25:ea,FGNE-Admin,-71.0,2462.0,12500
1789658446978369024,1789658450586234112,1789658450646285938,54,d4:bd:4f:a1:f4:54,CESI_Iot,-62.0,5180.0,0
1789658446978369024,1789658450586234112,1789658450646285938,54,72:a7:41:12:25:ea,Cepsup-Etudiants,-72.0,2462.0,12500
1789658446978369024,1789658450586234112,1789658450646285938,54,d4:bd:4f:a1:f4:50,CESI_Corp,-62.0,5180.0,0
1789658446978369024,1789658450586234112,1789658450646285938,54,d4:bd:4f:a1:f4:51,CESI_HotSpot,-62.0,5180.0,0
1789658446978369024,1789658450586234112,1789658450646285938,54,d4:bd:4f:a1:f4:52,CESI_Robots,-62.0,5180.0,0
1789658446978369024,1789658450586234112,1789658450646285938,54,d4:bd:4f:a1:f4:53,CESI_Recherche,-62.0,5180.0,0
1789658446978369024,1789658450586234112,1789658450646285938,54,d2:21:f9:1f:d3:97,Cepsup-Etudiants,-70.0,2412.0,29216
1789658446978369024,1789658450586234112,1789658450646285938,54,d4:bd:4f:61:f4:50,CESI_Corp,-53.0,2447.0,0
1789658446978369024,1789658450586234112,1789658450646285938,54,d4:bd:4f:61:f4:51,CESI_HotSpot,-52.0,2447.0,0
1789658446978369024,1789658450586234112,1789658450646285938,54,d4:bd:4f:61:f4:52,CESI_Robots,-53.0,2447.0,0
1789658446978369024,1789658450586234112,1789658450646285938,54,d4:bd:4f:61:f4:53,CESI_Recherche,-53.0,2447.0,0
1789658446978369024,1789658450586234112,1789658450646285938,54,d4:bd:4f:61:f4:54,CESI_Iot,-54.0,2447.0,0
1789658446978369024,1789658450586234112,1789658450646285938,54,d4:bd:4f:60:d2:d3,CESI_Recherche,-41.0,2462.0,0
1789658446978369024,1789658450586234112,1789658450646285938,54,38:9d:92:35:3d:10,EB353D10-EE89sIDJqG1AOAj,-51.0,2462.0,0
1789658446978369024,1789658450586234112,1789658450646285938,54,d4:bd:4f:a1:91:c1,CESI_HotSpot,-72.0,5260.0,4180
1789658446978369024,1789658450586234112,1789658450646285938,54,d4:bd:4f:a1:91:c2,CESI_Robots,-71.0,5260.0,0
1789658446978369024,1789658450586234112,1789658450646285938,54,d4:bd:4f:a1:91:c3,CESI_Recherche,-72.0,5260.0,4
1789658446978369024,1789658450586234112,1789658450646285938,54,78:c4:0e:d7:b1:30,RM828_WIFI,-71.0,2412.0,4184
1789658446978369024,1789658450586234112,1789658450646285938,54,78:45:58:d8:a3:5f,FGNE-Admin,-66.0,2437.0,8344
1789658446978369024,1789658450586234112,1789658450646285938,54,7a:45:58:98:a3:5f,Cepsup-Etudiants,-61.0,2437.0,25052
1789658446978369024,1789658450586234112,1789658450646285938,54,94:b3:4f:bc:d6:a2,CESI_Robots,-84.0,5180.0,4
1789658446978369024,1789658450586234112,1789658450646285938,54,94:b3:4f:bc:d6:a4,CESI_Iot,-85.0,5180.0,4
1789658446978369024,1789658450586234112,1789658450646285938,54,94:b3:4f:bc:d6:a0,CESI_Corp,-88.0,5180.0,12504
1789658446978369024,1789658450586234112,1789658450646285938,54,d4:bd:4f:a1:91:c0,CESI_Corp,-73.0,5260.0,4184
1789658446978369024,1789658450586234112,1789658450646285938,54,d4:bd:4f:a1:91:c4,CESI_Iot,-71.0,5260.0,4
1789658446978369024,1789658450586234112,1789658450646285938,54,d0:21:f9:5f:d3:97,FGNE-Admin,-70.0,2412.0,29220
1789658446978369024,1789658450586234112,1789658450646285938,54,d4:bd:4f:61:91:c3,CESI_Recherche,-63.0,2462.0,4
1789658446978369024,1789658450586234112,1789658450646285938,54,2c:5a:0f:e5:7f:ef,eduspot,-86.0,5180.0,4
1789658446978369024,1789658450586234112,1789658450646285938,54,78:45:58:d8:a3:60,FGNE-Admin,-87.0,5180.0,4
1789658446978369024,1789658450586234112,1789658450646285938,54,7a:45:58:98:a3:60,Cepsup-Etudiants,-82.0,5180.0,16700
1789658446978369024,1789658450586234112,1789658450646285938,54,d4:bd:4f:a1:e5:74,CESI_Iot,-80.0,5260.0,4
1789658446978369024,1789658450586234112,1789658450646285938,54,d4:bd:4f:61:91:c0,CESI_Corp,-67.0,2462.0,4
1789658446978369024,1789658450586234112,1789658450646285938,54,2c:5a:0f:e5:7f:e0,eduspot,-77.0,2412.0,8344
1789658446978369024,1789658450586234112,1789658450646285938,54,d4:bd:4f:61:91:c1,CESI_HotSpot,-70.0,2462.0,4
1789658446978369024,1789658450586234112,1789658450646285938,54,d4:bd:4f:61:91:c2,CESI_Robots,-64.0,2462.0,4
1789658446978369024,1789658450586234112,1789658450646285938,54,d4:bd:4f:61:91:c4,CESI_Iot,-66.0,2462.0,8344
1789658446978369024,1789658450586234112,1789658450646285938,54,d4:bd:4f:a1:e5:70,CESI_Corp,-81.0,5260.0,4
1789658446978369024,1789658450586234112,1789658450646285938,54,d4:bd:4f:a1:e5:71,CESI_HotSpot,-80.0,5260.0,4
1789658446978369024,1789658450586234112,1789658450646285938,54,d4:bd:4f:a1:e5:72,CESI_Robots,-81.0,5260.0,4
1789658446978369024,1789658450586234112,1789658450646285938,54,d4:bd:4f:a1:e5:73,CESI_Recherche,-81.0,5260.0,4
1789658451149600000,1789658454790077952,1789658454855536140,55,02:91:9e:71:b0:15,poppy_net,-27.0,2412.0,0
1789658451149600000,1789658454790077952,1789658454855536140,55,32:0d:cb:9d:dd:f0,iPhone moe b,-55.0,2412.0,0
1789658451149600000,1789658454790077952,1789658454855536140,55,d4:bd:4f:61:91:30,CESI_Corp,-58.0,2462.0,8372
1789658451149600000,1789658454790077952,1789658454855536140,55,d4:bd:4f:61:91:31,CESI_HotSpot,-56.0,2462.0,4192
1789658451149600000,1789658454790077952,1789658454855536140,55,d4:bd:4f:a1:d5:90,CESI_Corp,-52.0,5260.0,0
1789658451149600000,1789658454790077952,1789658454855536140,55,d4:bd:4f:a1:d5:91,CESI_HotSpot,-51.0,5260.0,0
1789658451149600000,1789658454790077952,1789658454855536140,55,d4:bd:4f:a1:d5:92,CESI_Robots,-51.0,5260.0,0
1789658451149600000,1789658454790077952,1789658454855536140,55,d4:bd:4f:a1:d5:93,CESI_Recherche,-51.0,5260.0,0
1789658451149600000,1789658454790077952,1789658454855536140,55,d4:bd:4f:a1:d5:94,CESI_Iot,-51.0,5260.0,0
1789658451149600000,1789658454790077952,1789658454855536140,55,d4:bd:4f:a1:a9:70,CESI_Corp,-82.0,5260.0,4192
1789658451149600000,1789658454790077952,1789658454855536140,55,d4:bd:4f:a1:a9:71,CESI_HotSpot,-81.0,5260.0,4192
1789658451149600000,1789658454790077952,1789658454855536140,55,d4:bd:4f:a1:a9:72,CESI_Robots,-81.0,5260.0,0
1789658451149600000,1789658454790077952,1789658454855536140,55,d4:bd:4f:a1:a9:73,CESI_Recherche,-81.0,5260.0,0
1789658451149600000,1789658454790077952,1789658454855536140,55,d4:bd:4f:a1:a9:74,CESI_Iot,-82.0,5260.0,0
1789658451149600000,1789658454790077952,1789658454855536140,55,d4:bd:4f:a0:5d:90,CESI_Corp,-81.0,5260.0,25052
1789658451149600000,1789658454790077952,1789658454855536140,55,d4:bd:4f:a0:5d:91,CESI_HotSpot,-82.0,5260.0,8372
1789658451149600000,1789658454790077952,1789658454855536140,55,d4:bd:4f:a0:5d:92,CESI_Robots,-83.0,5260.0,8372
1789658451149600000,1789658454790077952,1789658454855536140,55,d4:bd:4f:a0:5d:93,CESI_Recherche,-80.0,5260.0,0
1789658451149600000,1789658454790077952,1789658454855536140,55,d4:bd:4f:a0:5d:94,CESI_Iot,-80.0,5260.0,0
1789658451149600000,1789658454790077952,1789658454855536140,55,7c:26:64:69:50:05,,-62.0,5320.0,0
1789658451149600000,1789658454790077952,1789658454855536140,55,d4:bd:4f:61:d5:91,CESI_HotSpot,-56.0,2462.0,0
1789658451149600000,1789658454790077952,1789658454855536140,55,d4:bd:4f:61:91:32,CESI_Robots,-56.0,2462.0,0
1789658451149600000,1789658454790077952,1789658454855536140,55,d4:bd:4f:61:91:33,CESI_Recherche,-56.0,2462.0,0
1789658451149600000,1789658454790077952,1789658454855536140,55,d4:bd:4f:61:91:34,CESI_Iot,-60.0,2462.0,8372
1789658451149600000,1789658454790077952,1789658454855536140,55,d4:bd:4f:a1:91:30,CESI_Corp,-67.0,5260.0,0
1789658451149600000,1789658454790077952,1789658454855536140,55,d4:bd:4f:a1:91:31,CESI_HotSpot,-67.0,5260.0,0
1789658451149600000,1789658454790077952,1789658454855536140,55,d4:bd:4f:a1:91:32,CESI_Robots,-67.0,5260.0,0
1789658451149600000,1789658454790077952,1789658454855536140,55,d4:bd:4f:a1:91:33,CESI_Recherche,-67.0,5260.0,0
1789658451149600000,1789658454790077952,1789658454855536140,55,d4:bd:4f:a1:91:34,CESI_Iot,-67.0,5260.0,0
1789658451149600000,1789658454790077952,1789658454855536140,55,d4:bd:4f:a0:d2:d0,CESI_Corp,-33.0,5260.0,0
1789658451149600000,1789658454790077952,1789658454855536140,55,d4:bd:4f:a0:d2:d1,CESI_HotSpot,-34.0,5260.0,0
1789658451149600000,1789658454790077952,1789658454855536140,55,d4:bd:4f:a0:d2:d2,CESI_Robots,-34.0,5260.0,0
1789658451149600000,1789658454790077952,1789658454855536140,55,d4:bd:4f:a0:d2:d3,CESI_Recherche,-34.0,5260.0,0
1789658451149600000,1789658454790077952,1789658454855536140,55,d4:bd:4f:a0:d2:d4,CESI_Iot,-34.0,5260.0,0
1789658451149600000,1789658454790077952,1789658454855536140,55,94:b3:4f:bc:d6:a3,CESI_Recherche,-82.0,5180.0,0
1789658451149600000,1789658454790077952,1789658454855536140,55,94:b3:4f:bc:d6:a1,CESI_HotSpot,-82.0,5180.0,0
1789658451149600000,1789658454790077952,1789658454855536140,55,d4:bd:4f:61:d5:92,CESI_Robots,-55.0,2462.0,0
1789658451149600000,1789658454790077952,1789658454855536140,55,d4:bd:4f:61:d5:93,CESI_Recherche,-55.0,2462.0,0
1789658451149600000,1789658454790077952,1789658454855536140,55,d4:bd:4f:60:d2:d0,CESI_Corp,-34.0,2462.0,0
1789658451149600000,1789658454790077952,1789658454855536140,55,d4:bd:4f:61:d5:90,CESI_Corp,-55.0,2462.0,0
1789658451149600000,1789658454790077952,1789658454855536140,55,d4:bd:4f:61:d5:94,CESI_Iot,-50.0,2462.0,4192
1789658451149600000,1789658454790077952,1789658454855536140,55,7c:26:64:69:50:04,,-50.0,2462.0,4192
1789658451149600000,1789658454790077952,1789658454855536140,55,70:a7:41:72:25:eb,FGNE-Admin,-77.0,5220.0,0
1789658451149600000,1789658454790077952,1789658454855536140,55,72:a7:41:12:25:eb,Cepsup-Etudiants,-77.0,5220.0,0
1789658451149600000,1789658454790077952,1789658454855536140,55,d4:bd:4f:60:d2:d4,CESI_Iot,-41.0,2462.0,4192
1789658451149600000,1789658454790077952,1789658454855536140,55,72:a7:41:22:25:eb,,-77.0,5220.0,0
1789658451149600000,1789658454790077952,1789658454855536140,55,d4:bd:4f:60:d2:d2,CESI_Robots,-37.0,2462.0,0
1789658451149600000,1789658454790077952,1789658454855536140,55,d4:bd:4f:60:d2:d1,CESI_HotSpot,-34.0,2462.0,0
1789658451149600000,1789658454790077952,1789658454855536140,55,70:a7:41:72:25:ea,FGNE-Admin,-64.0,2462.0,0
1789658451149600000,1789658454790077952,1789658454855536140,55,d4:bd:4f:a1:f4:54,CESI_Iot,-63.0,5180.0,0
1789658451149600000,1789658454790077952,1789658454855536140,55,72:a7:41:12:25:ea,Cepsup-Etudiants,-66.0,2462.0,0
1789658451149600000,1789658454790077952,1789658454855536140,55,d4:bd:4f:a1:f4:50,CESI_Corp,-63.0,5180.0,0
1789658451149600000,1789658454790077952,1789658454855536140,55,d4:bd:4f:a1:f4:51,CESI_HotSpot,-63.0,5180.0,0
1789658451149600000,1789658454790077952,1789658454855536140,55,d4:bd:4f:a1:f4:52,CESI_Robots,-63.0,5180.0,0
1789658451149600000,1789658454790077952,1789658454855536140,55,d4:bd:4f:a1:f4:53,CESI_Recherche,-63.0,5180.0,0
1789658451149600000,1789658454790077952,1789658454855536140,55,d4:bd:4f:61:f4:50,CESI_Corp,-63.0,2447.0,0
1789658451149600000,1789658454790077952,1789658454855536140,55,d4:bd:4f:61:f4:51,CESI_HotSpot,-68.0,2447.0,0
1789658451149600000,1789658454790077952,1789658454855536140,55,d4:bd:4f:61:f4:52,CESI_Robots,-63.0,2447.0,0
1789658451149600000,1789658454790077952,1789658454855536140,55,d4:bd:4f:61:f4:53,CESI_Recherche,-66.0,2447.0,0
1789658451149600000,1789658454790077952,1789658454855536140,55,d4:bd:4f:61:f4:54,CESI_Iot,-66.0,2447.0,0
1789658451149600000,1789658454790077952,1789658454855536140,55,d4:bd:4f:60:d2:d3,CESI_Recherche,-35.0,2462.0,0
1789658451149600000,1789658454790077952,1789658454855536140,55,38:9d:92:35:3d:10,EB353D10-EE89sIDJqG1AOAj,-60.0,2462.0,0
1789658451149600000,1789658454790077952,1789658454855536140,55,d4:bd:4f:a1:91:c1,CESI_HotSpot,-72.0,5260.0,8372
1789658451149600000,1789658454790077952,1789658454855536140,55,d4:bd:4f:a1:91:c2,CESI_Robots,-71.0,5260.0,4192
1789658451149600000,1789658454790077952,1789658454855536140,55,d4:bd:4f:a1:91:c3,CESI_Recherche,-70.0,5260.0,0
1789658451149600000,1789658454790077952,1789658454855536140,55,78:c4:0e:d7:b1:30,RM828_WIFI,-71.0,2412.0,8380
1789658451149600000,1789658454790077952,1789658454855536140,55,78:45:58:d8:a3:5f,FGNE-Admin,-66.0,2437.0,12540
1789658451149600000,1789658454790077952,1789658454855536140,55,7a:45:58:98:a3:5f,Cepsup-Etudiants,-61.0,2437.0,29248
1789658451149600000,1789658454790077952,1789658454855536140,55,94:b3:4f:bc:d6:a2,CESI_Robots,-82.0,5180.0,8
1789658451149600000,1789658454790077952,1789658454855536140,55,94:b3:4f:bc:d6:a4,CESI_Iot,-82.0,5180.0,8
1789658451149600000,1789658454790077952,1789658454855536140,55,94:b3:4f:bc:d6:a0,CESI_Corp,-83.0,5180.0,8
1789658451149600000,1789658454790077952,1789658454855536140,55,d4:bd:4f:a1:91:c0,CESI_Corp,-68.0,5260.0,8
1789658451149600000,1789658454790077952,1789658454855536140,55,d4:bd:4f:a1:91:c4,CESI_Iot,-70.0,5260.0,8
1789658451149600000,1789658454790077952,1789658454855536140,55,d4:bd:4f:61:91:c3,CESI_Recherche,-63.0,2462.0,4200
1789658451149600000,1789658454790077952,1789658454855536140,55,2c:5a:0f:e5:7f:ef,eduspot,-86.0,5180.0,8
1789658451149600000,1789658454790077952,1789658454855536140,55,78:45:58:d8:a3:60,FGNE-Admin,-87.0,5180.0,4200
1789658451149600000,1789658454790077952,1789658454855536140,55,7a:45:58:98:a3:60,Cepsup-Etudiants,-82.0,5180.0,20896
1789658451149600000,1789658454790077952,1789658454855536140,55,d4:bd:4f:a1:e5:74,CESI_Iot,-80.0,5260.0,4200
1789658451149600000,1789658454790077952,1789658454855536140,55,d4:bd:4f:61:91:c0,CESI_Corp,-60.0,2462.0,8
1789658451149600000,1789658454790077952,1789658454855536140,55,2c:5a:0f:e5:7f:e0,eduspot,-77.0,2412.0,12540
1789658451149600000,1789658454790077952,1789658454855536140,55,d4:bd:4f:61:91:c1,CESI_HotSpot,-70.0,2462.0,4200
1789658451149600000,1789658454790077952,1789658454855536140,55,d4:bd:4f:61:91:c2,CESI_Robots,-64.0,2462.0,4200
1789658451149600000,1789658454790077952,1789658454855536140,55,d4:bd:4f:61:91:c4,CESI_Iot,-66.0,2462.0,12540
1789658451149600000,1789658454790077952,1789658454855536140,55,d4:bd:4f:a1:e5:70,CESI_Corp,-81.0,5260.0,4200
1789658451149600000,1789658454790077952,1789658454855536140,55,d4:bd:4f:a1:e5:71,CESI_HotSpot,-80.0,5260.0,4200
1789658451149600000,1789658454790077952,1789658454855536140,55,d4:bd:4f:a1:e5:72,CESI_Robots,-81.0,5260.0,4200
1789658451149600000,1789658454790077952,1789658454855536140,55,d4:bd:4f:a1:e5:73,CESI_Recherche,-81.0,5260.0,4200
1789658455355740160,1789658458937563904,1789658458995720420,56,02:91:9e:71:b0:15,poppy_net,-29.0,2412.0,0
1789658455355740160,1789658458937563904,1789658458995720420,56,32:0d:cb:9d:dd:f0,iPhone moe b,-73.0,2412.0,0
1789658455355740160,1789658458937563904,1789658458995720420,56,d4:bd:4f:61:91:30,CESI_Corp,-56.0,2462.0,0
1789658455355740160,1789658458937563904,1789658458995720420,56,d4:bd:4f:61:91:31,CESI_HotSpot,-55.0,2462.0,0
1789658455355740160,1789658458937563904,1789658458995720420,56,d4:bd:4f:a1:d5:90,CESI_Corp,-53.0,5260.0,0
1789658455355740160,1789658458937563904,1789658458995720420,56,d4:bd:4f:a1:d5:91,CESI_HotSpot,-53.0,5260.0,0
1789658455355740160,1789658458937563904,1789658458995720420,56,d4:bd:4f:a1:d5:92,CESI_Robots,-53.0,5260.0,0
1789658455355740160,1789658458937563904,1789658458995720420,56,d4:bd:4f:a1:d5:93,CESI_Recherche,-53.0,5260.0,0
1789658455355740160,1789658458937563904,1789658458995720420,56,d4:bd:4f:a1:d5:94,CESI_Iot,-53.0,5260.0,0
1789658455355740160,1789658458937563904,1789658458995720420,56,d4:bd:4f:a1:a9:70,CESI_Corp,-82.0,5260.0,8344
1789658455355740160,1789658458937563904,1789658458995720420,56,d4:bd:4f:a1:a9:71,CESI_HotSpot,-81.0,5260.0,8344
1789658455355740160,1789658458937563904,1789658458995720420,56,d4:bd:4f:a1:a9:72,CESI_Robots,-80.0,5260.0,0
1789658455355740160,1789658458937563904,1789658458995720420,56,d4:bd:4f:a1:a9:73,CESI_Recherche,-79.0,5260.0,0
1789658455355740160,1789658458937563904,1789658458995720420,56,d4:bd:4f:a1:a9:74,CESI_Iot,-80.0,5260.0,0
1789658455355740160,1789658458937563904,1789658458995720420,56,d4:bd:4f:a0:5d:90,CESI_Corp,-81.0,5260.0,29204
1789658455355740160,1789658458937563904,1789658458995720420,56,d4:bd:4f:a0:5d:91,CESI_HotSpot,-82.0,5260.0,12524
1789658455355740160,1789658458937563904,1789658458995720420,56,d4:bd:4f:a0:5d:92,CESI_Robots,-83.0,5260.0,12524
1789658455355740160,1789658458937563904,1789658458995720420,56,d4:bd:4f:a0:5d:93,CESI_Recherche,-80.0,5260.0,4152
1789658455355740160,1789658458937563904,1789658458995720420,56,d4:bd:4f:a0:5d:94,CESI_Iot,-79.0,5260.0,0
1789658455355740160,1789658458937563904,1789658458995720420,56,7c:26:64:69:50:05,,-63.0,5320.0,0
1789658455355740160,1789658458937563904,1789658458995720420,56,d4:bd:4f:61:d5:91,CESI_HotSpot,-53.0,2462.0,0
1789658455355740160,1789658458937563904,1789658458995720420,56,d4:bd:4f:61:91:32,CESI_Robots,-56.0,2462.0,4152
1789658455355740160,1789658458937563904,1789658458995720420,56,d4:bd:4f:61:91:33,CESI_Recherche,-56.0,2462.0,4152
1789658455355740160,1789658458937563904,1789658458995720420,56,d4:bd:4f:61:91:34,CESI_Iot,-60.0,2462.0,12524
1789658455355740160,1789658458937563904,1789658458995720420,56,d4:bd:4f:a1:91:30,CESI_Corp,-62.0,5260.0,0
1789658455355740160,1789658458937563904,1789658458995720420,56,d4:bd:4f:a1:91:31,CESI_HotSpot,-63.0,5260.0,0
1789658455355740160,1789658458937563904,1789658458995720420,56,d4:bd:4f:a1:91:32,CESI_Robots,-62.0,5260.0,0
1789658455355740160,1789658458937563904,1789658458995720420,56,d4:bd:4f:a1:91:33,CESI_Recherche,-62.0,5260.0,0
1789658455355740160,1789658458937563904,1789658458995720420,56,d4:bd:4f:a1:91:34,CESI_Iot,-62.0,5260.0,0
1789658455355740160,1789658458937563904,1789658458995720420,56,d4:bd:4f:a0:d2:d0,CESI_Corp,-35.0,5260.0,0
1789658455355740160,1789658458937563904,1789658458995720420,56,d4:bd:4f:a0:d2:d1,CESI_HotSpot,-35.0,5260.0,0
1789658455355740160,1789658458937563904,1789658458995720420,56,d4:bd:4f:a0:d2:d2,CESI_Robots,-35.0,5260.0,0
1789658455355740160,1789658458937563904,1789658458995720420,56,d4:bd:4f:a0:d2:d3,CESI_Recherche,-35.0,5260.0,0
1789658455355740160,1789658458937563904,1789658458995720420,56,d4:bd:4f:a0:d2:d4,CESI_Iot,-35.0,5260.0,0
1789658455355740160,1789658458937563904,1789658458995720420,56,94:b3:4f:bc:d6:a3,CESI_Recherche,-81.0,5180.0,0
1789658455355740160,1789658458937563904,1789658458995720420,56,94:b3:4f:bc:d6:a1,CESI_HotSpot,-81.0,5180.0,0
1789658455355740160,1789658458937563904,1789658458995720420,56,d4:bd:4f:61:d5:92,CESI_Robots,-55.0,2462.0,0
1789658455355740160,1789658458937563904,1789658458995720420,56,d4:bd:4f:61:d5:93,CESI_Recherche,-53.0,2462.0,0
1789658455355740160,1789658458937563904,1789658458995720420,56,d4:bd:4f:60:d2:d0,CESI_Corp,-34.0,2462.0,0
1789658455355740160,1789658458937563904,1789658458995720420,56,d4:bd:4f:61:d5:90,CESI_Corp,-51.0,2462.0,0
1789658455355740160,1789658458937563904,1789658458995720420,56,d4:bd:4f:61:d5:94,CESI_Iot,-50.0,2462.0,8344
1789658455355740160,1789658458937563904,1789658458995720420,56,7c:26:64:69:50:04,,-58.0,2462.0,0
1789658455355740160,1789658458937563904,1789658458995720420,56,70:a7:41:72:25:eb,FGNE-Admin,-80.0,5220.0,0
1789658455355740160,1789658458937563904,1789658458995720420,56,72:a7:41:12:25:eb,Cepsup-Etudiants,-80.0,5220.0,0
1789658455355740160,1789658458937563904,1789658458995720420,56,d4:bd:4f:60:d2:d4,CESI_Iot,-32.0,2462.0,0
1789658455355740160,1789658458937563904,1789658458995720420,56,72:a7:41:22:25:eb,,-80.0,5220.0,0
1789658455355740160,1789658458937563904,1789658458995720420,56,d4:bd:4f:60:d2:d2,CESI_Robots,-33.0,2462.0,0
1789658455355740160,1789658458937563904,1789658458995720420,56,d4:bd:4f:60:d2:d1,CESI_HotSpot,-33.0,2462.0,0
1789658455355740160,1789658458937563904,1789658458995720420,56,70:a7:41:72:25:ea,FGNE-Admin,-64.0,2462.0,4152
1789658455355740160,1789658458937563904,1789658458995720420,56,d4:bd:4f:a1:f4:54,CESI_Iot,-57.0,5180.0,0
1789658455355740160,1789658458937563904,1789658458995720420,56,72:a7:41:12:25:ea,Cepsup-Etudiants,-66.0,2462.0,4152
1789658455355740160,1789658458937563904,1789658458995720420,56,d4:bd:4f:a1:f4:50,CESI_Corp,-57.0,5180.0,0
1789658455355740160,1789658458937563904,1789658458995720420,56,d4:bd:4f:a1:f4:51,CESI_HotSpot,-57.0,5180.0,0
1789658455355740160,1789658458937563904,1789658458995720420,56,d4:bd:4f:a1:f4:52,CESI_Robots,-58.0,5180.0,0
1789658455355740160,1789658458937563904,1789658458995720420,56,d4:bd:4f:a1:f4:53,CESI_Recherche,-57.0,5180.0,0
1789658455355740160,1789658458937563904,1789658458995720420,56,d4:bd:4f:61:f4:50,CESI_Corp,-59.0,2447.0,0
1789658455355740160,1789658458937563904,1789658458995720420,56,d4:bd:4f:61:f4:51,CESI_HotSpot,-58.0,2447.0,0
1789658455355740160,1789658458937563904,1789658458995720420,56,d4:bd:4f:61:f4:52,CESI_Robots,-64.0,2447.0,0
1789658455355740160,1789658458937563904,1789658458995720420,56,d4:bd:4f:61:f4:53,CESI_Recherche,-63.0,2447.0,0
1789658455355740160,1789658458937563904,1789658458995720420,56,d4:bd:4f:61:f4:54,CESI_Iot,-63.0,2447.0,0
1789658455355740160,1789658458937563904,1789658458995720420,56,d4:bd:4f:60:d2:d3,CESI_Recherche,-35.0,2462.0,4152
1789658455355740160,1789658458937563904,1789658458995720420,56,38:9d:92:35:3d:10,EB353D10-EE89sIDJqG1AOAj,-60.0,2462.0,4152
1789658455355740160,1789658458937563904,1789658458995720420,56,d4:bd:4f:a1:91:c1,CESI_HotSpot,-72.0,5260.0,12524
1789658455355740160,1789658458937563904,1789658458995720420,56,d4:bd:4f:a1:91:c2,CESI_Robots,-71.0,5260.0,8344
1789658455355740160,1789658458937563904,1789658458995720420,56,d4:bd:4f:a1:91:c3,CESI_Recherche,-69.0,5260.0,0
1789658455355740160,1789658458937563904,1789658458995720420,56,78:c4:0e:d7:b1:30,RM828_WIFI,-71.0,2412.0,12532
1789658455355740160,1789658458937563904,1789658458995720420,56,78:45:58:d8:a3:5f,FGNE-Admin,-66.0,2437.0,16692
1789658455355740160,1789658458937563904,1789658458995720420,56,94:b3:4f:bc:d6:a2,CESI_Robots,-82.0,5180.0,8
1789658455355740160,1789658458937563904,1789658458995720420,56,94:b3:4f:bc:d6:a4,CESI_Iot,-82.0,5180.0,8
1789658455355740160,1789658458937563904,1789658458995720420,56,94:b3:4f:bc:d6:a0,CESI_Corp,-81.0,5180.0,8
1789658455355740160,1789658458937563904,1789658458995720420,56,d4:bd:4f:a1:91:c0,CESI_Corp,-68.0,5260.0,4160
1789658455355740160,1789658458937563904,1789658458995720420,56,d4:bd:4f:a1:91:c4,CESI_Iot,-68.0,5260.0,8
1789658455355740160,1789658458937563904,1789658458995720420,56,d4:bd:4f:61:91:c3,CESI_Recherche,-65.0,2462.0,8
1789658455355740160,1789658458937563904,1789658458995720420,56,2c:5a:0f:e5:7f:ef,eduspot,-86.0,5180.0,4160
1789658455355740160,1789658458937563904,1789658458995720420,56,78:45:58:d8:a3:60,FGNE-Admin,-89.0,5180.0,8
1789658455355740160,1789658458937563904,1789658458995720420,56,7a:45:58:98:a3:60,Cepsup-Etudiants,-88.0,5180.0,8
1789658455355740160,1789658458937563904,1789658458995720420,56,d4:bd:4f:a1:e5:74,CESI_Iot,-80.0,5260.0,8352
1789658455355740160,1789658458937563904,1789658458995720420,56,d4:bd:4f:61:91:c0,CESI_Corp,-62.0,2462.0,8
1789658455355740160,1789658458937563904,1789658458995720420,56,2c:5a:0f:e5:7f:e0,eduspot,-77.0,2412.0,16692
1789658455355740160,1789658458937563904,1789658458995720420,56,d4:bd:4f:61:91:c1,CESI_HotSpot,-70.0,2462.0,8352
1789658455355740160,1789658458937563904,1789658458995720420,56,d4:bd:4f:61:91:c2,CESI_Robots,-65.0,2462.0,8
1789658455355740160,1789658458937563904,1789658458995720420,56,d4:bd:4f:61:91:c4,CESI_Iot,-66.0,2462.0,16692
1789658455355740160,1789658458937563904,1789658458995720420,56,d4:bd:4f:a1:e5:70,CESI_Corp,-81.0,5260.0,8352
1789658455355740160,1789658458937563904,1789658458995720420,56,d4:bd:4f:a1:e5:71,CESI_HotSpot,-80.0,5260.0,8352
1789658455355740160,1789658458937563904,1789658458995720420,56,d4:bd:4f:a1:e5:72,CESI_Robots,-81.0,5260.0,8352
1789658455355740160,1789658458937563904,1789658458995720420,56,d4:bd:4f:a1:e5:73,CESI_Recherche,-81.0,5260.0,8352
1789658455355740160,1789658458937563904,1789658458995720420,56,d4:bd:4f:61:e5:70,CESI_Corp,-70.0,2462.0,8
1789658459498944000,1789658463105763840,1789658463164666088,57,02:91:9e:71:b0:15,poppy_net,-27.0,2412.0,0
1789658459498944000,1789658463105763840,1789658463164666088,57,32:0d:cb:9d:dd:f0,iPhone moe b,-48.0,2412.0,0
1789658459498944000,1789658463105763840,1789658463164666088,57,d4:bd:4f:61:91:30,CESI_Corp,-62.0,2462.0,0
1789658459498944000,1789658463105763840,1789658463164666088,57,d4:bd:4f:61:91:31,CESI_HotSpot,-55.0,2462.0,4172
1789658459498944000,1789658463105763840,1789658463164666088,57,d4:bd:4f:a1:d5:90,CESI_Corp,-53.0,5260.0,4172
1789658459498944000,1789658463105763840,1789658463164666088,57,d4:bd:4f:a1:d5:91,CESI_HotSpot,-53.0,5260.0,4172
1789658459498944000,1789658463105763840,1789658463164666088,57,d4:bd:4f:a1:d5:92,CESI_Robots,-53.0,5260.0,4172
1789658459498944000,1789658463105763840,1789658463164666088,57,d4:bd:4f:a1:d5:93,CESI_Recherche,-49.0,5260.0,0
1789658459498944000,1789658463105763840,1789658463164666088,57,d4:bd:4f:a1:d5:94,CESI_Iot,-50.0,5260.0,0
1789658459498944000,1789658463105763840,1789658463164666088,57,d4:bd:4f:a1:a9:70,CESI_Corp,-82.0,5260.0,12516
1789658459498944000,1789658463105763840,1789658463164666088,57,d4:bd:4f:a1:a9:71,CESI_HotSpot,-81.0,5260.0,12516
1789658459498944000,1789658463105763840,1789658463164666088,57,d4:bd:4f:a1:a9:72,CESI_Robots,-80.0,5260.0,4172
1789658459498944000,1789658463105763840,1789658463164666088,57,d4:bd:4f:a1:a9:73,CESI_Recherche,-79.0,5260.0,4172
1789658459498944000,1789658463105763840,1789658463164666088,57,d4:bd:4f:a1:a9:74,CESI_Iot,-80.0,5260.0,4172
1789658459498944000,1789658463105763840,1789658463164666088,57,d4:bd:4f:a0:5d:91,CESI_HotSpot,-82.0,5260.0,16696
1789658459498944000,1789658463105763840,1789658463164666088,57,d4:bd:4f:a0:5d:92,CESI_Robots,-83.0,5260.0,16696
1789658459498944000,1789658463105763840,1789658463164666088,57,d4:bd:4f:a0:5d:93,CESI_Recherche,-80.0,5260.0,8324
1789658459498944000,1789658463105763840,1789658463164666088,57,d4:bd:4f:a0:5d:94,CESI_Iot,-79.0,5260.0,4172
1789658459498944000,1789658463105763840,1789658463164666088,57,7c:26:64:69:50:05,,-59.0,5320.0,0
1789658459498944000,1789658463105763840,1789658463164666088,57,d4:bd:4f:61:d5:91,CESI_HotSpot,-53.0,2462.0,4172
1789658459498944000,1789658463105763840,1789658463164666088,57,d4:bd:4f:61:91:32,CESI_Robots,-56.0,2462.0,8324
1789658459498944000,1789658463105763840,1789658463164666088,57,d4:bd:4f:61:91:33,CESI_Recherche,-56.0,2462.0,8324
1789658459498944000,1789658463105763840,1789658463164666088,57,d4:bd:4f:61:91:34,CESI_Iot,-60.0,2462.0,16696
1789658459498944000,1789658463105763840,1789658463164666088,57,d4:bd:4f:a1:91:30,CESI_Corp,-62.0,5260.0,4172
1789658459498944000,1789658463105763840,1789658463164666088,57,d4:bd:4f:a1:91:31,CESI_HotSpot,-63.0,5260.0,4172
1789658459498944000,1789658463105763840,1789658463164666088,57,d4:bd:4f:a1:91:32,CESI_Robots,-62.0,5260.0,4172
1789658459498944000,1789658463105763840,1789658463164666088,57,d4:bd:4f:a1:91:33,CESI_Recherche,-62.0,5260.0,4172
1789658459498944000,1789658463105763840,1789658463164666088,57,d4:bd:4f:a1:91:34,CESI_Iot,-62.0,5260.0,4172
1789658459498944000,1789658463105763840,1789658463164666088,57,d4:bd:4f:a0:d2:d0,CESI_Corp,-32.0,5260.0,0
1789658459498944000,1789658463105763840,1789658463164666088,57,d4:bd:4f:a0:d2:d1,CESI_HotSpot,-32.0,5260.0,0
1789658459498944000,1789658463105763840,1789658463164666088,57,d4:bd:4f:a0:d2:d2,CESI_Robots,-32.0,5260.0,0
1789658459498944000,1789658463105763840,1789658463164666088,57,d4:bd:4f:a0:d2:d3,CESI_Recherche,-32.0,5260.0,0
1789658459498944000,1789658463105763840,1789658463164666088,57,d4:bd:4f:a0:d2:d4,CESI_Iot,-32.0,5260.0,0
1789658459498944000,1789658463105763840,1789658463164666088,57,94:b3:4f:bc:d6:a3,CESI_Recherche,-87.0,5180.0,0
1789658459498944000,1789658463105763840,1789658463164666088,57,94:b3:4f:bc:d6:a1,CESI_HotSpot,-85.0,5180.0,0
1789658459498944000,1789658463105763840,1789658463164666088,57,d4:bd:4f:61:d5:92,CESI_Robots,-51.0,2462.0,0
1789658459498944000,1789658463105763840,1789658463164666088,57,d4:bd:4f:61:d5:93,CESI_Recherche,-53.0,2462.0,4172
1789658459498944000,1789658463105763840,1789658463164666088,57,d4:bd:4f:60:d2:d0,CESI_Corp,-34.0,2462.0,4172
1789658459498944000,1789658463105763840,1789658463164666088,57,d4:bd:4f:61:d5:90,CESI_Corp,-52.0,2462.0,0
1789658459498944000,1789658463105763840,1789658463164666088,57,d4:bd:4f:61:d5:94,CESI_Iot,-53.0,2462.0,0
1789658459498944000,1789658463105763840,1789658463164666088,57,7c:26:64:69:50:04,,-58.0,2462.0,4172
1789658459498944000,1789658463105763840,1789658463164666088,57,70:a7:41:72:25:eb,FGNE-Admin,-76.0,5220.0,0
1789658459498944000,1789658463105763840,1789658463164666088,57,72:a7:41:12:25:eb,Cepsup-Etudiants,-76.0,5220.0,0
1789658459498944000,1789658463105763840,1789658463164666088,57,d4:bd:4f:60:d2:d4,CESI_Iot,-32.0,2462.0,4172
1789658459498944000,1789658463105763840,1789658463164666088,57,72:a7:41:22:25:eb,,-80.0,5220.0,4172
1789658459498944000,1789658463105763840,1789658463164666088,57,d4:bd:4f:60:d2:d2,CESI_Robots,-33.0,2462.0,4172
1789658459498944000,1789658463105763840,1789658463164666088,57,d4:bd:4f:60:d2:d1,CESI_HotSpot,-33.0,2462.0,4172
1789658459498944000,1789658463105763840,1789658463164666088,57,70:a7:41:72:25:ea,FGNE-Admin,-64.0,2462.0,8324
1789658459498944000,1789658463105763840,1789658463164666088,57,d4:bd:4f:a1:f4:54,CESI_Iot,-60.0,5180.0,0
1789658459498944000,1789658463105763840,1789658463164666088,57,72:a7:41:12:25:ea,Cepsup-Etudiants,-66.0,2462.0,8324
1789658459498944000,1789658463105763840,1789658463164666088,57,d4:bd:4f:a1:f4:50,CESI_Corp,-60.0,5180.0,0
1789658459498944000,1789658463105763840,1789658463164666088,57,d4:bd:4f:a1:f4:51,CESI_HotSpot,-60.0,5180.0,0
1789658459498944000,1789658463105763840,1789658463164666088,57,d4:bd:4f:a1:f4:52,CESI_Robots,-60.0,5180.0,0
1789658459498944000,1789658463105763840,1789658463164666088,57,d4:bd:4f:a1:f4:53,CESI_Recherche,-60.0,5180.0,0
1789658459498944000,1789658463105763840,1789658463164666088,57,d4:bd:4f:61:f4:50,CESI_Corp,-67.0,2447.0,0
1789658459498944000,1789658463105763840,1789658463164666088,57,d4:bd:4f:61:f4:51,CESI_HotSpot,-71.0,2447.0,0
1789658459498944000,1789658463105763840,1789658463164666088,57,d4:bd:4f:61:f4:52,CESI_Robots,-66.0,2447.0,0
1789658459498944000,1789658463105763840,1789658463164666088,57,d4:bd:4f:61:f4:53,CESI_Recherche,-68.0,2447.0,0
1789658459498944000,1789658463105763840,1789658463164666088,57,d4:bd:4f:61:f4:54,CESI_Iot,-69.0,2447.0,0
1789658459498944000,1789658463105763840,1789658463164666088,57,d4:bd:4f:60:d2:d3,CESI_Recherche,-35.0,2462.0,8324
1789658459498944000,1789658463105763840,1789658463164666088,57,38:9d:92:35:3d:10,EB353D10-EE89sIDJqG1AOAj,-59.0,2462.0,0
1789658459498944000,1789658463105763840,1789658463164666088,57,d4:bd:4f:a1:91:c1,CESI_HotSpot,-72.0,5260.0,16696
1789658459498944000,1789658463105763840,1789658463164666088,57,d4:bd:4f:a1:91:c2,CESI_Robots,-65.0,5260.0,0
1789658459498944000,1789658463105763840,1789658463164666088,57,d4:bd:4f:a1:91:c3,CESI_Recherche,-69.0,5260.0,4172
1789658459498944000,1789658463105763840,1789658463164666088,57,78:c4:0e:d7:b1:30,RM828_WIFI,-67.0,2412.0,0
1789658459498944000,1789658463105763840,1789658463164666088,57,78:45:58:d8:a3:5f,FGNE-Admin,-66.0,2437.0,20856
1789658459498944000,1789658463105763840,1789658463164666088,57,94:b3:4f:bc:d6:a2,CESI_Robots,-86.0,5180.0,8
1789658459498944000,1789658463105763840,1789658463164666088,57,94:b3:4f:bc:d6:a4,CESI_Iot,-85.0,5180.0,8
1789658459498944000,1789658463105763840,1789658463164666088,57,94:b3:4f:bc:d6:a0,CESI_Corp,-86.0,5180.0,8
1789658459498944000,1789658463105763840,1789658463164666088,57,d4:bd:4f:a1:91:c0,CESI_Corp,-68.0,5260.0,8332
1789658459498944000,1789658463105763840,1789658463164666088,57,d4:bd:4f:a1:91:c4,CESI_Iot,-68.0,5260.0,4180
1789658459498944000,1789658463105763840,1789658463164666088,57,d4:bd:4f:61:91:c3,CESI_Recherche,-65.0,2462.0,4180
1789658459498944000,1789658463105763840,1789658463164666088,57,2c:5a:0f:e5:7f:ef,eduspot,-86.0,5180.0,8332
1789658459498944000,1789658463105763840,1789658463164666088,57,78:45:58:d8:a3:60,FGNE-Admin,-89.0,5180.0,4180
1789658459498944000,1789658463105763840,1789658463164666088,57,7a:45:58:98:a3:60,Cepsup-Etudiants,-88.0,5180.0,4180
1789658459498944000,1789658463105763840,1789658463164666088,57,d4:bd:4f:a1:e5:74,CESI_Iot,-77.0,5260.0,8
1789658459498944000,1789658463105763840,1789658463164666088,57,d4:bd:4f:61:91:c0,CESI_Corp,-59.0,2462.0,8
1789658459498944000,1789658463105763840,1789658463164666088,57,2c:5a:0f:e5:7f:e0,eduspot,-77.0,2412.0,20864
1789658459498944000,1789658463105763840,1789658463164666088,57,d4:bd:4f:61:91:c1,CESI_HotSpot,-60.0,2462.0,8
1789658459498944000,1789658463105763840,1789658463164666088,57,d4:bd:4f:61:91:c2,CESI_Robots,-65.0,2462.0,4180
1789658459498944000,1789658463105763840,1789658463164666088,57,d4:bd:4f:61:91:c4,CESI_Iot,-66.0,2462.0,20864
1789658459498944000,1789658463105763840,1789658463164666088,57,d4:bd:4f:a1:e5:70,CESI_Corp,-78.0,5260.0,8
1789658459498944000,1789658463105763840,1789658463164666088,57,d4:bd:4f:a1:e5:71,CESI_HotSpot,-80.0,5260.0,12524
1789658459498944000,1789658463105763840,1789658463164666088,57,d4:bd:4f:a1:e5:72,CESI_Robots,-81.0,5260.0,12524
1789658459498944000,1789658463105763840,1789658463164666088,57,d4:bd:4f:a1:e5:73,CESI_Recherche,-77.0,5260.0,8
1789658459498944000,1789658463105763840,1789658463164666088,57,d4:bd:4f:61:e5:70,CESI_Corp,-68.0,2462.0,8
1789658459498944000,1789658463105763840,1789658463164666088,57,d4:bd:4f:61:e5:73,CESI_Recherche,-68.0,2462.0,8
1789658459498944000,1789658463105763840,1789658463164666088,57,d4:bd:4f:61:e5:74,CESI_Iot,-67.0,2462.0,8
1789658459498944000,1789658463105763840,1789658463164666088,57,d4:bd:4f:61:e5:72,CESI_Robots,-70.0,2462.0,8
1789658463667565056,1789658467303013120,1789658467362042341,58,02:91:9e:71:b0:15,poppy_net,-28.0,2412.0,0
1789658463667565056,1789658467303013120,1789658467362042341,58,32:0d:cb:9d:dd:f0,iPhone moe b,-52.0,2412.0,0
1789658463667565056,1789658467303013120,1789658467362042341,58,d4:bd:4f:61:91:30,CESI_Corp,-62.0,2462.0,4196
1789658463667565056,1789658467303013120,1789658467362042341,58,d4:bd:4f:61:91:31,CESI_HotSpot,-55.0,2462.0,8368
1789658463667565056,1789658467303013120,1789658467362042341,58,d4:bd:4f:a1:d5:90,CESI_Corp,-54.0,5260.0,0
1789658463667565056,1789658467303013120,1789658467362042341,58,d4:bd:4f:a1:d5:91,CESI_HotSpot,-54.0,5260.0,0
1789658463667565056,1789658467303013120,1789658467362042341,58,d4:bd:4f:a1:d5:92,CESI_Robots,-54.0,5260.0,0
1789658463667565056,1789658467303013120,1789658467362042341,58,d4:bd:4f:a1:d5:93,CESI_Recherche,-54.0,5260.0,0
1789658463667565056,1789658467303013120,1789658467362042341,58,d4:bd:4f:a1:d5:94,CESI_Iot,-54.0,5260.0,0
1789658463667565056,1789658467303013120,1789658467362042341,58,d4:bd:4f:a1:a9:70,CESI_Corp,-78.0,5260.0,0
1789658463667565056,1789658467303013120,1789658467362042341,58,d4:bd:4f:a1:a9:71,CESI_HotSpot,-81.0,5260.0,16712
1789658463667565056,1789658467303013120,1789658467362042341,58,d4:bd:4f:a1:a9:72,CESI_Robots,-78.0,5260.0,0
1789658463667565056,1789658467303013120,1789658467362042341,58,d4:bd:4f:a1:a9:73,CESI_Recherche,-80.0,5260.0,0
1789658463667565056,1789658467303013120,1789658467362042341,58,d4:bd:4f:a1:a9:74,CESI_Iot,-78.0,5260.0,0
1789658463667565056,1789658467303013120,1789658467362042341,58,d4:bd:4f:a0:5d:91,CESI_HotSpot,-82.0,5260.0,20892
1789658463667565056,1789658467303013120,1789658467362042341,58,d4:bd:4f:a0:5d:92,CESI_Robots,-83.0,5260.0,20892
1789658463667565056,1789658467303013120,1789658467362042341,58,d4:bd:4f:a0:5d:93,CESI_Recherche,-80.0,5260.0,12520
1789658463667565056,1789658467303013120,1789658467362042341,58,d4:bd:4f:a0:5d:94,CESI_Iot,-79.0,5260.0,8368
1789658463667565056,1789658467303013120,1789658467362042341,58,7c:26:64:69:50:05,,-61.0,5320.0,0
1789658463667565056,1789658467303013120,1789658467362042341,58,d4:bd:4f:61:d5:91,CESI_HotSpot,-52.0,2462.0,0
1789658463667565056,1789658467303013120,1789658467362042341,58,d4:bd:4f:61:91:32,CESI_Robots,-56.0,2462.0,12520
1789658463667565056,1789658467303013120,1789658467362042341,58,d4:bd:4f:61:91:33,CESI_Recherche,-56.0,2462.0,12520
1789658463667565056,1789658467303013120,1789658467362042341,58,d4:bd:4f:61:91:34,CESI_Iot,-60.0,2462.0,20892
1789658463667565056,1789658467303013120,1789658467362042341,58,d4:bd:4f:a1:91:30,CESI_Corp,-62.0,5260.0,8368
1789658463667565056,1789658467303013120,1789658467362042341,58,d4:bd:4f:a1:91:31,CESI_HotSpot,-63.0,5260.0,8368
1789658463667565056,1789658467303013120,1789658467362042341,58,d4:bd:4f:a1:91:32,CESI_Robots,-62.0,5260.0,8368
1789658463667565056,1789658467303013120,1789658467362042341,58,d4:bd:4f:a1:91:33,CESI_Recherche,-62.0,5260.0,8368
1789658463667565056,1789658467303013120,1789658467362042341,58,d4:bd:4f:a1:91:34,CESI_Iot,-62.0,5260.0,8368
1789658463667565056,1789658467303013120,1789658467362042341,58,d4:bd:4f:a0:d2:d0,CESI_Corp,-30.0,5260.0,0
1789658463667565056,1789658467303013120,1789658467362042341,58,d4:bd:4f:a0:d2:d1,CESI_HotSpot,-30.0,5260.0,0
1789658463667565056,1789658467303013120,1789658467362042341,58,d4:bd:4f:a0:d2:d2,CESI_Robots,-30.0,5260.0,0
1789658463667565056,1789658467303013120,1789658467362042341,58,d4:bd:4f:a0:d2:d3,CESI_Recherche,-30.0,5260.0,0
1789658463667565056,1789658467303013120,1789658467362042341,58,d4:bd:4f:a0:d2:d4,CESI_Iot,-30.0,5260.0,0
1789658463667565056,1789658467303013120,1789658467362042341,58,94:b3:4f:bc:d6:a3,CESI_Recherche,-87.0,5180.0,4196
1789658463667565056,1789658467303013120,1789658467362042341,58,94:b3:4f:bc:d6:a1,CESI_HotSpot,-85.0,5180.0,4196
1789658463667565056,1789658467303013120,1789658467362042341,58,d4:bd:4f:61:d5:92,CESI_Robots,-51.0,2462.0,4196
1789658463667565056,1789658467303013120,1789658467362042341,58,d4:bd:4f:61:d5:93,CESI_Recherche,-52.0,2462.0,0
1789658463667565056,1789658467303013120,1789658467362042341,58,d4:bd:4f:60:d2:d0,CESI_Corp,-28.0,2462.0,0
1789658463667565056,1789658467303013120,1789658467362042341,58,d4:bd:4f:61:d5:90,CESI_Corp,-52.0,2462.0,0
1789658463667565056,1789658467303013120,1789658467362042341,58,d4:bd:4f:61:d5:94,CESI_Iot,-53.0,2462.0,4196
1789658463667565056,1789658467303013120,1789658467362042341,58,7c:26:64:69:50:04,,-54.0,2462.0,0
1789658463667565056,1789658467303013120,1789658467362042341,58,70:a7:41:72:25:eb,FGNE-Admin,-77.0,5220.0,0
1789658463667565056,1789658467303013120,1789658467362042341,58,72:a7:41:12:25:eb,Cepsup-Etudiants,-76.0,5220.0,0
1789658463667565056,1789658467303013120,1789658467362042341,58,d4:bd:4f:60:d2:d4,CESI_Iot,-32.0,2462.0,8368
1789658463667565056,1789658467303013120,1789658467362042341,58,72:a7:41:22:25:eb,,-80.0,5220.0,8368
1789658463667565056,1789658467303013120,1789658467362042341,58,d4:bd:4f:60:d2:d2,CESI_Robots,-33.0,2462.0,8368
1789658463667565056,1789658467303013120,1789658467362042341,58,d4:bd:4f:60:d2:d1,CESI_HotSpot,-29.0,2462.0,0
1789658463667565056,1789658467303013120,1789658467362042341,58,70:a7:41:72:25:ea,FGNE-Admin,-65.0,2462.0,0
1789658463667565056,1789658467303013120,1789658467362042341,58,d4:bd:4f:a1:f4:54,CESI_Iot,-65.0,5180.0,0
1789658463667565056,1789658467303013120,1789658467362042341,58,72:a7:41:12:25:ea,Cepsup-Etudiants,-66.0,2462.0,12520
1789658463667565056,1789658467303013120,1789658467362042341,58,d4:bd:4f:a1:f4:50,CESI_Corp,-65.0,5180.0,0
1789658463667565056,1789658467303013120,1789658467362042341,58,d4:bd:4f:a1:f4:51,CESI_HotSpot,-65.0,5180.0,0
1789658463667565056,1789658467303013120,1789658467362042341,58,d4:bd:4f:a1:f4:52,CESI_Robots,-65.0,5180.0,0
1789658463667565056,1789658467303013120,1789658467362042341,58,d4:bd:4f:a1:f4:53,CESI_Recherche,-65.0,5180.0,0
1789658463667565056,1789658467303013120,1789658467362042341,58,d4:bd:4f:61:f4:50,CESI_Corp,-63.0,2447.0,0
1789658463667565056,1789658467303013120,1789658467362042341,58,d4:bd:4f:61:f4:51,CESI_HotSpot,-62.0,2447.0,0
1789658463667565056,1789658467303013120,1789658467362042341,58,d4:bd:4f:61:f4:52,CESI_Robots,-59.0,2447.0,0
1789658463667565056,1789658467303013120,1789658467362042341,58,d4:bd:4f:61:f4:53,CESI_Recherche,-64.0,2447.0,0
1789658463667565056,1789658467303013120,1789658467362042341,58,d4:bd:4f:61:f4:54,CESI_Iot,-61.0,2447.0,0
1789658463667565056,1789658467303013120,1789658467362042341,58,d4:bd:4f:60:d2:d3,CESI_Recherche,-35.0,2462.0,12520
1789658463667565056,1789658467303013120,1789658467362042341,58,38:9d:92:35:3d:10,EB353D10-EE89sIDJqG1AOAj,-59.0,2462.0,4196
1789658463667565056,1789658467303013120,1789658467362042341,58,d4:bd:4f:a1:91:c1,CESI_HotSpot,-67.0,5260.0,0
1789658463667565056,1789658467303013120,1789658467362042341,58,d4:bd:4f:a1:91:c2,CESI_Robots,-67.0,5260.0,0
1789658463667565056,1789658467303013120,1789658467362042341,58,d4:bd:4f:a1:91:c3,CESI_Recherche,-66.0,5260.0,0
1789658463667565056,1789658467303013120,1789658467362042341,58,78:c4:0e:d7:b1:30,RM828_WIFI,-67.0,2412.0,4196
1789658463667565056,1789658467303013120,1789658467362042341,58,78:45:58:d8:a3:5f,FGNE-Admin,-66.0,2437.0,25052
1789658463667565056,1789658467303013120,1789658467362042341,58,94:b3:4f:bc:d6:a2,CESI_Robots,-86.0,5180.0,4200
1789658463667565056,1789658467303013120,1789658467362042341,58,94:b3:4f:bc:d6:a4,CESI_Iot,-85.0,5180.0,4200
1789658463667565056,1789658467303013120,1789658467362042341,58,94:b3:4f:bc:d6:a0,CESI_Corp,-86.0,5180.0,4200
1789658463667565056,1789658467303013120,1789658467362042341,58,d4:bd:4f:a1:91:c0,CESI_Corp,-67.0,5260.0,4
1789658463667565056,1789658467303013120,1789658467362042341,58,d4:bd:4f:a1:91:c4,CESI_Iot,-67.0,5260.0,4
1789658463667565056,1789658467303013120,1789658467362042341,58,d4:bd:4f:61:91:c3,CESI_Recherche,-52.0,2462.0,4
1789658463667565056,1789658467303013120,1789658467362042341,58,2c:5a:0f:e5:7f:ef,eduspot,-80.0,5180.0,4
1789658463667565056,1789658467303013120,1789658467362042341,58,78:45:58:d8:a3:60,FGNE-Admin,-86.0,5180.0,4
1789658463667565056,1789658467303013120,1789658467362042341,58,7a:45:58:98:a3:60,Cepsup-Etudiants,-85.0,5180.0,4
1789658463667565056,1789658467303013120,1789658467362042341,58,d4:bd:4f:a1:e5:74,CESI_Iot,-82.0,5260.0,4
1789658463667565056,1789658467303013120,1789658467362042341,58,d4:bd:4f:61:91:c0,CESI_Corp,-52.0,2462.0,4
1789658463667565056,1789658467303013120,1789658467362042341,58,2c:5a:0f:e5:7f:e0,eduspot,-77.0,2412.0,25056
1789658463667565056,1789658467303013120,1789658467362042341,58,d4:bd:4f:61:91:c1,CESI_HotSpot,-52.0,2462.0,4
1789658463667565056,1789658467303013120,1789658467362042341,58,d4:bd:4f:61:91:c2,CESI_Robots,-52.0,2462.0,4
1789658463667565056,1789658467303013120,1789658467362042341,58,d4:bd:4f:61:91:c4,CESI_Iot,-52.0,2462.0,4
1789658463667565056,1789658467303013120,1789658467362042341,58,d4:bd:4f:a1:e5:70,CESI_Corp,-82.0,5260.0,4
1789658463667565056,1789658467303013120,1789658467362042341,58,d4:bd:4f:a1:e5:71,CESI_HotSpot,-81.0,5260.0,4
1789658463667565056,1789658467303013120,1789658467362042341,58,d4:bd:4f:a1:e5:72,CESI_Robots,-82.0,5260.0,4
1789658463667565056,1789658467303013120,1789658467362042341,58,d4:bd:4f:a1:e5:73,CESI_Recherche,-81.0,5260.0,4
1789658463667565056,1789658467303013120,1789658467362042341,58,d4:bd:4f:61:e5:70,CESI_Corp,-68.0,2462.0,4200
1789658463667565056,1789658467303013120,1789658467362042341,58,d4:bd:4f:61:e5:73,CESI_Recherche,-67.0,2462.0,4
1789658463667565056,1789658467303013120,1789658467362042341,58,d4:bd:4f:61:e5:74,CESI_Iot,-67.0,2462.0,4200
1789658463667565056,1789658467303013120,1789658467362042341,58,d4:bd:4f:61:e5:72,CESI_Robots,-67.0,2462.0,4
1789658463667565056,1789658467303013120,1789658467362042341,58,d4:bd:4f:61:e5:71,CESI_HotSpot,-65.0,2462.0,4
1789658463667565056,1789658467303013120,1789658467362042341,58,2c:5a:0f:e5:7f:ee,eduroam,-80.0,5180.0,4
1789658467865736960,1789658471474419968,1789658471540994122,59,02:91:9e:71:b0:15,poppy_net,-30.0,2412.0,0
1789658467865736960,1789658471474419968,1789658471540994122,59,32:0d:cb:9d:dd:f0,iPhone moe b,-40.0,2412.0,0
1789658467865736960,1789658471474419968,1789658471540994122,59,d4:bd:4f:61:91:30,CESI_Corp,-64.0,2462.0,0
1789658467865736960,1789658471474419968,1789658471540994122,59,d4:bd:4f:61:91:31,CESI_HotSpot,-55.0,2462.0,12536
1789658467865736960,1789658471474419968,1789658471540994122,59,d4:bd:4f:a1:d5:90,CESI_Corp,-59.0,5260.0,0
1789658467865736960,1789658471474419968,1789658471540994122,59,d4:bd:4f:a1:d5:91,CESI_HotSpot,-59.0,5260.0,0
1789658467865736960,1789658471474419968,1789658471540994122,59,d4:bd:4f:a1:d5:92,CESI_Robots,-60.0,5260.0,0
1789658467865736960,1789658471474419968,1789658471540994122,59,d4:bd:4f:a1:d5:93,CESI_Recherche,-60.0,5260.0,0
1789658467865736960,1789658471474419968,1789658471540994122,59,d4:bd:4f:a1:d5:94,CESI_Iot,-60.0,5260.0,0
1789658467865736960,1789658471474419968,1789658471540994122,59,d4:bd:4f:a1:a9:70,CESI_Corp,-78.0,5260.0,4168
1789658467865736960,1789658471474419968,1789658471540994122,59,d4:bd:4f:a1:a9:71,CESI_HotSpot,-78.0,5260.0,0
1789658467865736960,1789658471474419968,1789658471540994122,59,d4:bd:4f:a1:a9:72,CESI_Robots,-78.0,5260.0,4168
1789658467865736960,1789658471474419968,1789658471540994122,59,d4:bd:4f:a1:a9:73,CESI_Recherche,-80.0,5260.0,4168
1789658467865736960,1789658471474419968,1789658471540994122,59,d4:bd:4f:a1:a9:74,CESI_Iot,-78.0,5260.0,4168
1789658467865736960,1789658471474419968,1789658471540994122,59,d4:bd:4f:a0:5d:91,CESI_HotSpot,-82.0,5260.0,25060
1789658467865736960,1789658471474419968,1789658471540994122,59,d4:bd:4f:a0:5d:92,CESI_Robots,-83.0,5260.0,25060
1789658467865736960,1789658471474419968,1789658471540994122,59,d4:bd:4f:a0:5d:93,CESI_Recherche,-80.0,5260.0,16688
1789658467865736960,1789658471474419968,1789658471540994122,59,d4:bd:4f:a0:5d:94,CESI_Iot,-79.0,5260.0,12536
1789658467865736960,1789658471474419968,1789658471540994122,59,7c:26:64:69:50:05,,-67.0,5320.0,0
1789658467865736960,1789658471474419968,1789658471540994122,59,d4:bd:4f:61:d5:91,CESI_HotSpot,-52.0,2462.0,4168
1789658467865736960,1789658471474419968,1789658471540994122,59,d4:bd:4f:61:91:32,CESI_Robots,-56.0,2462.0,16688
1789658467865736960,1789658471474419968,1789658471540994122,59,d4:bd:4f:61:91:33,CESI_Recherche,-56.0,2462.0,16688
1789658467865736960,1789658471474419968,1789658471540994122,59,d4:bd:4f:61:91:34,CESI_Iot,-60.0,2462.0,25060
1789658467865736960,1789658471474419968,1789658471540994122,59,d4:bd:4f:a1:91:30,CESI_Corp,-62.0,5260.0,12536
1789658467865736960,1789658471474419968,1789658471540994122,59,d4:bd:4f:a1:91:31,CESI_HotSpot,-63.0,5260.0,12536
1789658467865736960,1789658471474419968,1789658471540994122,59,d4:bd:4f:a1:91:32,CESI_Robots,-62.0,5260.0,12536
1789658467865736960,1789658471474419968,1789658471540994122,59,d4:bd:4f:a1:91:33,CESI_Recherche,-62.0,5260.0,12536
1789658467865736960,1789658471474419968,1789658471540994122,59,d4:bd:4f:a1:91:34,CESI_Iot,-62.0,5260.0,12536
1789658467865736960,1789658471474419968,1789658471540994122,59,d4:bd:4f:a0:d2:d0,CESI_Corp,-38.0,5260.0,0
1789658467865736960,1789658471474419968,1789658471540994122,59,d4:bd:4f:a0:d2:d1,CESI_HotSpot,-39.0,5260.0,0
1789658467865736960,1789658471474419968,1789658471540994122,59,d4:bd:4f:a0:d2:d2,CESI_Robots,-39.0,5260.0,0
1789658467865736960,1789658471474419968,1789658471540994122,59,d4:bd:4f:a0:d2:d3,CESI_Recherche,-39.0,5260.0,0
1789658467865736960,1789658471474419968,1789658471540994122,59,d4:bd:4f:a0:d2:d4,CESI_Iot,-39.0,5260.0,0
1789658467865736960,1789658471474419968,1789658471540994122,59,94:b3:4f:bc:d6:a3,CESI_Recherche,-87.0,5180.0,8364
1789658467865736960,1789658471474419968,1789658471540994122,59,94:b3:4f:bc:d6:a1,CESI_HotSpot,-85.0,5180.0,8364
1789658467865736960,1789658471474419968,1789658471540994122,59,d4:bd:4f:61:d5:92,CESI_Robots,-57.0,2462.0,0
1789658467865736960,1789658471474419968,1789658471540994122,59,d4:bd:4f:61:d5:93,CESI_Recherche,-55.0,2462.0,0
1789658467865736960,1789658471474419968,1789658471540994122,59,d4:bd:4f:60:d2:d0,CESI_Corp,-47.0,2462.0,0
1789658467865736960,1789658471474419968,1789658471540994122,59,d4:bd:4f:61:d5:90,CESI_Corp,-52.0,2462.0,4168
1789658467865736960,1789658471474419968,1789658471540994122,59,d4:bd:4f:61:d5:94,CESI_Iot,-56.0,2462.0,0
1789658467865736960,1789658471474419968,1789658471540994122,59,7c:26:64:69:50:04,,-50.0,2462.0,0
1789658467865736960,1789658471474419968,1789658471540994122,59,70:a7:41:72:25:eb,FGNE-Admin,-76.0,5220.0,0
1789658467865736960,1789658471474419968,1789658471540994122,59,72:a7:41:12:25:eb,Cepsup-Etudiants,-76.0,5220.0,0
1789658467865736960,1789658471474419968,1789658471540994122,59,d4:bd:4f:60:d2:d4,CESI_Iot,-32.0,2462.0,12536
1789658467865736960,1789658471474419968,1789658471540994122,59,72:a7:41:22:25:eb,,-80.0,5220.0,12536
1789658467865736960,1789658471474419968,1789658471540994122,59,d4:bd:4f:60:d2:d2,CESI_Robots,-42.0,2462.0,0
1789658467865736960,1789658471474419968,1789658471540994122,59,d4:bd:4f:60:d2:d1,CESI_HotSpot,-48.0,2462.0,0
1789658467865736960,1789658471474419968,1789658471540994122,59,70:a7:41:72:25:ea,FGNE-Admin,-65.0,2462.0,4168
1789658467865736960,1789658471474419968,1789658471540994122,59,d4:bd:4f:a1:f4:54,CESI_Iot,-61.0,5180.0,0
1789658467865736960,1789658471474419968,1789658471540994122,59,72:a7:41:12:25:ea,Cepsup-Etudiants,-69.0,2462.0,0
1789658467865736960,1789658471474419968,1789658471540994122,59,d4:bd:4f:a1:f4:50,CESI_Corp,-61.0,5180.0,0
1789658467865736960,1789658471474419968,1789658471540994122,59,d4:bd:4f:a1:f4:51,CESI_HotSpot,-61.0,5180.0,0
1789658467865736960,1789658471474419968,1789658471540994122,59,d4:bd:4f:a1:f4:52,CESI_Robots,-61.0,5180.0,0
1789658467865736960,1789658471474419968,1789658471540994122,59,d4:bd:4f:a1:f4:53,CESI_Recherche,-61.0,5180.0,0
1789658467865736960,1789658471474419968,1789658471540994122,59,d4:bd:4f:61:f4:50,CESI_Corp,-60.0,2447.0,0
1789658467865736960,1789658471474419968,1789658471540994122,59,d4:bd:4f:61:f4:51,CESI_HotSpot,-60.0,2447.0,0
1789658467865736960,1789658471474419968,1789658471540994122,59,d4:bd:4f:61:f4:52,CESI_Robots,-60.0,2447.0,0
1789658467865736960,1789658471474419968,1789658471540994122,59,d4:bd:4f:61:f4:53,CESI_Recherche,-60.0,2447.0,0
1789658467865736960,1789658471474419968,1789658471540994122,59,d4:bd:4f:61:f4:54,CESI_Iot,-60.0,2447.0,0
1789658467865736960,1789658471474419968,1789658471540994122,59,d4:bd:4f:60:d2:d3,CESI_Recherche,-35.0,2462.0,16688
1789658467865736960,1789658471474419968,1789658471540994122,59,38:9d:92:35:3d:10,EB353D10-EE89sIDJqG1AOAj,-59.0,2462.0,8364
1789658467865736960,1789658471474419968,1789658471540994122,59,d4:bd:4f:a1:91:c1,CESI_HotSpot,-62.0,5260.0,0
1789658467865736960,1789658471474419968,1789658471540994122,59,d4:bd:4f:a1:91:c2,CESI_Robots,-62.0,5260.0,0
1789658467865736960,1789658471474419968,1789658471540994122,59,d4:bd:4f:a1:91:c3,CESI_Recherche,-62.0,5260.0,0
1789658467865736960,1789658471474419968,1789658471540994122,59,78:c4:0e:d7:b1:30,RM828_WIFI,-66.0,2412.0,0
1789658467865736960,1789658471474419968,1789658471540994122,59,78:45:58:d8:a3:5f,FGNE-Admin,-66.0,2437.0,29220
1789658467865736960,1789658471474419968,1789658471540994122,59,94:b3:4f:bc:d6:a2,CESI_Robots,-86.0,5180.0,8372
1789658467865736960,1789658471474419968,1789658471540994122,59,94:b3:4f:bc:d6:a4,CESI_Iot,-85.0,5180.0,8372
1789658467865736960,1789658471474419968,1789658471540994122,59,94:b3:4f:bc:d6:a0,CESI_Corp,-86.0,5180.0,8372
1789658467865736960,1789658471474419968,1789658471540994122,59,d4:bd:4f:a1:91:c0,CESI_Corp,-62.0,5260.0,8
1789658467865736960,1789658471474419968,1789658471540994122,59,d4:bd:4f:a1:91:c4,CESI_Iot,-62.0,5260.0,8
1789658467865736960,1789658471474419968,1789658471540994122,59,d4:bd:4f:61:91:c3,CESI_Recherche,-52.0,2462.0,4176
1789658467865736960,1789658471474419968,1789658471540994122,59,2c:5a:0f:e5:7f:ef,eduspot,-84.0,5180.0,8
1789658467865736960,1789658471474419968,1789658471540994122,59,78:45:58:d8:a3:60,FGNE-Admin,-86.0,5180.0,4176
1789658467865736960,1789658471474419968,1789658471540994122,59,7a:45:58:98:a3:60,Cepsup-Etudiants,-89.0,5180.0,8
1789658467865736960,1789658471474419968,1789658471540994122,59,d4:bd:4f:a1:e5:74,CESI_Iot,-78.0,5260.0,8
1789658467865736960,1789658471474419968,1789658471540994122,59,d4:bd:4f:61:91:c0,CESI_Corp,-52.0,2462.0,4176
1789658467865736960,1789658471474419968,1789658471540994122,59,2c:5a:0f:e5:7f:e0,eduspot,-77.0,2412.0,29228
1789658467865736960,1789658471474419968,1789658471540994122,59,d4:bd:4f:61:91:c1,CESI_HotSpot,-61.0,2462.0,8
1789658467865736960,1789658471474419968,1789658471540994122,59,d4:bd:4f:61:91:c2,CESI_Robots,-52.0,2462.0,4176
1789658467865736960,1789658471474419968,1789658471540994122,59,d4:bd:4f:61:91:c4,CESI_Iot,-52.0,2462.0,4176
1789658467865736960,1789658471474419968,1789658471540994122,59,d4:bd:4f:a1:e5:70,CESI_Corp,-78.0,5260.0,8
1789658467865736960,1789658471474419968,1789658471540994122,59,d4:bd:4f:a1:e5:71,CESI_HotSpot,-78.0,5260.0,8
1789658467865736960,1789658471474419968,1789658471540994122,59,d4:bd:4f:a1:e5:72,CESI_Robots,-78.0,5260.0,8
1789658467865736960,1789658471474419968,1789658471540994122,59,d4:bd:4f:a1:e5:73,CESI_Recherche,-78.0,5260.0,8
1789658467865736960,1789658471474419968,1789658471540994122,59,d4:bd:4f:61:e5:70,CESI_Corp,-68.0,2462.0,8372
1789658467865736960,1789658471474419968,1789658471540994122,59,d4:bd:4f:61:e5:73,CESI_Recherche,-67.0,2462.0,4176
1789658467865736960,1789658471474419968,1789658471540994122,59,d4:bd:4f:61:e5:74,CESI_Iot,-67.0,2462.0,8372
1789658467865736960,1789658471474419968,1789658471540994122,59,d4:bd:4f:61:e5:72,CESI_Robots,-67.0,2462.0,4176
1789658467865736960,1789658471474419968,1789658471540994122,59,d4:bd:4f:61:e5:71,CESI_HotSpot,-65.0,2462.0,4176
1789658467865736960,1789658471474419968,1789658471540994122,59,2c:5a:0f:e5:7f:ee,eduroam,-80.0,5180.0,4176
1789658472044048128,1789658475629645056,1789658475690657401,60,02:91:9e:71:b0:15,poppy_net,-34.0,2412.0,4
1789658472044048128,1789658475629645056,1789658475690657401,60,32:0d:cb:9d:dd:f0,iPhone moe b,-43.0,2412.0,4
1789658472044048128,1789658475629645056,1789658475690657401,60,d4:bd:4f:61:91:30,CESI_Corp,-64.0,2462.0,4164
1789658472044048128,1789658475629645056,1789658475690657401,60,d4:bd:4f:61:91:31,CESI_HotSpot,-55.0,2462.0,16700
1789658472044048128,1789658475629645056,1789658475690657401,60,d4:bd:4f:a1:d5:90,CESI_Corp,-59.0,5260.0,4164
1789658472044048128,1789658475629645056,1789658475690657401,60,d4:bd:4f:a1:d5:91,CESI_HotSpot,-59.0,5260.0,4164
1789658472044048128,1789658475629645056,1789658475690657401,60,d4:bd:4f:a1:d5:92,CESI_Robots,-60.0,5260.0,4164
1789658472044048128,1789658475629645056,1789658475690657401,60,d4:bd:4f:a1:d5:93,CESI_Recherche,-60.0,5260.0,4164
1789658472044048128,1789658475629645056,1789658475690657401,60,d4:bd:4f:a1:d5:94,CESI_Iot,-60.0,5260.0,4164
1789658472044048128,1789658475629645056,1789658475690657401,60,d4:bd:4f:a1:a9:70,CESI_Corp,-78.0,5260.0,8332
1789658472044048128,1789658475629645056,1789658475690657401,60,d4:bd:4f:a1:a9:71,CESI_HotSpot,-80.0,5260.0,4
1789658472044048128,1789658475629645056,1789658475690657401,60,d4:bd:4f:a1:a9:72,CESI_Robots,-80.0,5260.0,4
1789658472044048128,1789658475629645056,1789658475690657401,60,d4:bd:4f:a1:a9:73,CESI_Recherche,-80.0,5260.0,4
1789658472044048128,1789658475629645056,1789658475690657401,60,d4:bd:4f:a1:a9:74,CESI_Iot,-79.0,5260.0,4
1789658472044048128,1789658475629645056,1789658475690657401,60,d4:bd:4f:a0:5d:91,CESI_HotSpot,-82.0,5260.0,29224
1789658472044048128,1789658475629645056,1789658475690657401,60,d4:bd:4f:a0:5d:92,CESI_Robots,-83.0,5260.0,29224
1789658472044048128,1789658475629645056,1789658475690657401,60,d4:bd:4f:a0:5d:93,CESI_Recherche,-80.0,5260.0,20852
1789658472044048128,1789658475629645056,1789658475690657401,60,d4:bd:4f:a0:5d:94,CESI_Iot,-79.0,5260.0,16700
1789658472044048128,1789658475629645056,1789658475690657401,60,7c:26:64:69:50:05,,-67.0,5320.0,4
1789658472044048128,1789658475629645056,1789658475690657401,60,d4:bd:4f:61:d5:91,CESI_HotSpot,-57.0,2462.0,4
1789658472044048128,1789658475629645056,1789658475690657401,60,d4:bd:4f:61:91:32,CESI_Robots,-56.0,2462.0,20852
1789658472044048128,1789658475629645056,1789658475690657401,60,d4:bd:4f:61:91:33,CESI_Recherche,-56.0,2462.0,20852
1789658472044048128,1789658475629645056,1789658475690657401,60,d4:bd:4f:61:91:34,CESI_Iot,-60.0,2462.0,29224
1789658472044048128,1789658475629645056,1789658475690657401,60,d4:bd:4f:a1:91:30,CESI_Corp,-71.0,5260.0,4
1789658472044048128,1789658475629645056,1789658475690657401,60,d4:bd:4f:a1:91:31,CESI_HotSpot,-72.0,5260.0,4
1789658472044048128,1789658475629645056,1789658475690657401,60,d4:bd:4f:a1:91:32,CESI_Robots,-72.0,5260.0,4
1789658472044048128,1789658475629645056,1789658475690657401,60,d4:bd:4f:a1:91:33,CESI_Recherche,-70.0,5260.0,4
1789658472044048128,1789658475629645056,1789658475690657401,60,d4:bd:4f:a1:91:34,CESI_Iot,-71.0,5260.0,4
1789658472044048128,1789658475629645056,1789658475690657401,60,d4:bd:4f:a0:d2:d0,CESI_Corp,-43.0,5260.0,4
1789658472044048128,1789658475629645056,1789658475690657401,60,d4:bd:4f:a0:d2:d1,CESI_HotSpot,-42.0,5260.0,4
1789658472044048128,1789658475629645056,1789658475690657401,60,d4:bd:4f:a0:d2:d2,CESI_Robots,-42.0,5260.0,4
1789658472044048128,1789658475629645056,1789658475690657401,60,d4:bd:4f:a0:d2:d3,CESI_Recherche,-42.0,5260.0,4
1789658472044048128,1789658475629645056,1789658475690657401,60,d4:bd:4f:a0:d2:d4,CESI_Iot,-42.0,5260.0,4
1789658472044048128,1789658475629645056,1789658475690657401,60,94:b3:4f:bc:d6:a3,CESI_Recherche,-87.0,5180.0,12528
1789658472044048128,1789658475629645056,1789658475690657401,60,94:b3:4f:bc:d6:a1,CESI_HotSpot,-85.0,5180.0,12528
1789658472044048128,1789658475629645056,1789658475690657401,60,d4:bd:4f:61:d5:92,CESI_Robots,-56.0,2462.0,4
1789658472044048128,1789658475629645056,1789658475690657401,60,d4:bd:4f:61:d5:93,CESI_Recherche,-58.0,2462.0,4
1789658472044048128,1789658475629645056,1789658475690657401,60,d4:bd:4f:60:d2:d0,CESI_Corp,-47.0,2462.0,4
1789658472044048128,1789658475629645056,1789658475690657401,60,d4:bd:4f:61:d5:90,CESI_Corp,-52.0,2462.0,8332
1789658472044048128,1789658475629645056,1789658475690657401,60,d4:bd:4f:61:d5:94,CESI_Iot,-56.0,2462.0,4164
1789658472044048128,1789658475629645056,1789658475690657401,60,7c:26:64:69:50:04,,-50.0,2462.0,4164
1789658472044048128,1789658475629645056,1789658475690657401,60,70:a7:41:72:25:eb,FGNE-Admin,-87.0,5220.0,4
1789658472044048128,1789658475629645056,1789658475690657401,60,72:a7:41:12:25:eb,Cepsup-Etudiants,-86.0,5220.0,4
1789658472044048128,1789658475629645056,1789658475690657401,60,d4:bd:4f:60:d2:d4,CESI_Iot,-32.0,2462.0,16700
1789658472044048128,1789658475629645056,1789658475690657401,60,72:a7:41:22:25:eb,,-89.0,5220.0,4
1789658472044048128,1789658475629645056,1789658475690657401,60,d4:bd:4f:60:d2:d2,CESI_Robots,-45.0,2462.0,4
1789658472044048128,1789658475629645056,1789658475690657401,60,d4:bd:4f:60:d2:d1,CESI_HotSpot,-45.0,2462.0,4
1789658472044048128,1789658475629645056,1789658475690657401,60,70:a7:41:72:25:ea,FGNE-Admin,-65.0,2462.0,8332
1789658472044048128,1789658475629645056,1789658475690657401,60,d4:bd:4f:a1:f4:54,CESI_Iot,-65.0,5180.0,4
1789658472044048128,1789658475629645056,1789658475690657401,60,72:a7:41:12:25:ea,Cepsup-Etudiants,-69.0,2462.0,4164
1789658472044048128,1789658475629645056,1789658475690657401,60,d4:bd:4f:a1:f4:50,CESI_Corp,-65.0,5180.0,4
1789658472044048128,1789658475629645056,1789658475690657401,60,d4:bd:4f:a1:f4:51,CESI_HotSpot,-65.0,5180.0,4
1789658472044048128,1789658475629645056,1789658475690657401,60,d4:bd:4f:a1:f4:52,CESI_Robots,-65.0,5180.0,4
1789658472044048128,1789658475629645056,1789658475690657401,60,d4:bd:4f:a1:f4:53,CESI_Recherche,-65.0,5180.0,4
1789658472044048128,1789658475629645056,1789658475690657401,60,d4:bd:4f:61:f4:50,CESI_Corp,-63.0,2447.0,4
1789658472044048128,1789658475629645056,1789658475690657401,60,d4:bd:4f:61:f4:51,CESI_HotSpot,-62.0,2447.0,4
1789658472044048128,1789658475629645056,1789658475690657401,60,d4:bd:4f:61:f4:52,CESI_Robots,-63.0,2447.0,4
1789658472044048128,1789658475629645056,1789658475690657401,60,d4:bd:4f:61:f4:53,CESI_Recherche,-63.0,2447.0,4
1789658472044048128,1789658475629645056,1789658475690657401,60,d4:bd:4f:61:f4:54,CESI_Iot,-63.0,2447.0,4
1789658472044048128,1789658475629645056,1789658475690657401,60,d4:bd:4f:60:d2:d3,CESI_Recherche,-36.0,2462.0,4
1789658472044048128,1789658475629645056,1789658475690657401,60,38:9d:92:35:3d:10,EB353D10-EE89sIDJqG1AOAj,-60.0,2462.0,4
1789658472044048128,1789658475629645056,1789658475690657401,60,d4:bd:4f:a1:91:c1,CESI_HotSpot,-65.0,5260.0,4
1789658472044048128,1789658475629645056,1789658475690657401,60,d4:bd:4f:a1:91:c2,CESI_Robots,-66.0,5260.0,4
1789658472044048128,1789658475629645056,1789658475690657401,60,d4:bd:4f:a1:91:c3,CESI_Recherche,-66.0,5260.0,4
1789658472044048128,1789658475629645056,1789658475690657401,60,78:c4:0e:d7:b1:30,RM828_WIFI,-66.0,2412.0,4164
1789658472044048128,1789658475629645056,1789658475690657401,60,94:b3:4f:bc:d6:a2,CESI_Robots,-86.0,5180.0,12532
1789658472044048128,1789658475629645056,1789658475690657401,60,94:b3:4f:bc:d6:a4,CESI_Iot,-85.0,5180.0,12532
1789658472044048128,1789658475629645056,1789658475690657401,60,94:b3:4f:bc:d6:a0,CESI_Corp,-86.0,5180.0,12532
1789658472044048128,1789658475629645056,1789658475690657401,60,d4:bd:4f:a1:91:c0,CESI_Corp,-65.0,5260.0,8
1789658472044048128,1789658475629645056,1789658475690657401,60,d4:bd:4f:a1:91:c4,CESI_Iot,-65.0,5260.0,8
1789658472044048128,1789658475629645056,1789658475690657401,60,d4:bd:4f:61:91:c3,CESI_Recherche,-64.0,2462.0,8
1789658472044048128,1789658475629645056,1789658475690657401,60,2c:5a:0f:e5:7f:ef,eduspot,-82.0,5180.0,8
1789658472044048128,1789658475629645056,1789658475690657401,60,78:45:58:d8:a3:60,FGNE-Admin,-86.0,5180.0,8336
1789658472044048128,1789658475629645056,1789658475690657401,60,7a:45:58:98:a3:60,Cepsup-Etudiants,-89.0,5180.0,4168
1789658472044048128,1789658475629645056,1789658475690657401,60,d4:bd:4f:a1:e5:74,CESI_Iot,-77.0,5260.0,8
1789658472044048128,1789658475629645056,1789658475690657401,60,d4:bd:4f:61:91:c0,CESI_Corp,-59.0,2462.0,8
1789658472044048128,1789658475629645056,1789658475690657401,60,d4:bd:4f:61:91:c1,CESI_HotSpot,-61.0,2462.0,8
1789658472044048128,1789658475629645056,1789658475690657401,60,d4:bd:4f:61:91:c2,CESI_Robots,-62.0,2462.0,8
1789658472044048128,1789658475629645056,1789658475690657401,60,d4:bd:4f:61:91:c4,CESI_Iot,-63.0,2462.0,8
1789658472044048128,1789658475629645056,1789658475690657401,60,d4:bd:4f:a1:e5:70,CESI_Corp,-78.0,5260.0,4168
1789658472044048128,1789658475629645056,1789658475690657401,60,d4:bd:4f:a1:e5:71,CESI_HotSpot,-78.0,5260.0,4168
1789658472044048128,1789658475629645056,1789658475690657401,60,d4:bd:4f:a1:e5:72,CESI_Robots,-78.0,5260.0,4168
1789658472044048128,1789658475629645056,1789658475690657401,60,d4:bd:4f:a1:e5:73,CESI_Recherche,-77.0,5260.0,8
1789658472044048128,1789658475629645056,1789658475690657401,60,d4:bd:4f:61:e5:70,CESI_Corp,-62.0,2462.0,8
1789658472044048128,1789658475629645056,1789658475690657401,60,d4:bd:4f:61:e5:73,CESI_Recherche,-61.0,2462.0,8
1789658472044048128,1789658475629645056,1789658475690657401,60,d4:bd:4f:61:e5:74,CESI_Iot,-67.0,2462.0,12532
1789658472044048128,1789658475629645056,1789658475690657401,60,d4:bd:4f:61:e5:72,CESI_Robots,-67.0,2462.0,8336
1789658472044048128,1789658475629645056,1789658475690657401,60,d4:bd:4f:61:e5:71,CESI_HotSpot,-65.0,2462.0,8336
1789658472044048128,1789658475629645056,1789658475690657401,60,2c:5a:0f:e5:7f:ee,eduroam,-81.0,5180.0,8
1789658476194070016,1789658479790150912,1789658479852355192,61,02:91:9e:71:b0:15,poppy_net,-40.0,2412.0,4
1789658476194070016,1789658479790150912,1789658479852355192,61,32:0d:cb:9d:dd:f0,iPhone moe b,-41.0,2412.0,4
1789658476194070016,1789658479790150912,1789658479852355192,61,d4:bd:4f:61:91:30,CESI_Corp,-71.0,2462.0,4
1789658476194070016,1789658479790150912,1789658479852355192,61,d4:bd:4f:61:91:31,CESI_HotSpot,-55.0,2462.0,20856
1789658476194070016,1789658479790150912,1789658479852355192,61,d4:bd:4f:a1:d5:90,CESI_Corp,-74.0,5260.0,4
1789658476194070016,1789658479790150912,1789658479852355192,61,d4:bd:4f:a1:d5:91,CESI_HotSpot,-73.0,5260.0,4
1789658476194070016,1789658479790150912,1789658479852355192,61,d4:bd:4f:a1:d5:92,CESI_Robots,-72.0,5260.0,4
1789658476194070016,1789658479790150912,1789658479852355192,61,d4:bd:4f:a1:d5:93,CESI_Recherche,-72.0,5260.0,4
1789658476194070016,1789658479790150912,1789658479852355192,61,d4:bd:4f:a1:d5:94,CESI_Iot,-72.0,5260.0,4
1789658476194070016,1789658479790150912,1789658479852355192,61,d4:bd:4f:a1:a9:70,CESI_Corp,-78.0,5260.0,12488
1789658476194070016,1789658479790150912,1789658479852355192,61,d4:bd:4f:a1:a9:71,CESI_HotSpot,-80.0,5260.0,4160
1789658476194070016,1789658479790150912,1789658479852355192,61,d4:bd:4f:a1:a9:72,CESI_Robots,-80.0,5260.0,4160
1789658476194070016,1789658479790150912,1789658479852355192,61,d4:bd:4f:a1:a9:73,CESI_Recherche,-80.0,5260.0,4160
1789658476194070016,1789658479790150912,1789658479852355192,61,d4:bd:4f:a1:a9:74,CESI_Iot,-79.0,5260.0,4160
1789658476194070016,1789658479790150912,1789658479852355192,61,d4:bd:4f:a0:5d:91,CESI_HotSpot,-84.0,5260.0,4
1789658476194070016,1789658479790150912,1789658479852355192,61,d4:bd:4f:a0:5d:92,CESI_Robots,-85.0,5260.0,4
1789658476194070016,1789658479790150912,1789658479852355192,61,d4:bd:4f:a0:5d:93,CESI_Recherche,-84.0,5260.0,4
1789658476194070016,1789658479790150912,1789658479852355192,61,d4:bd:4f:a0:5d:94,CESI_Iot,-84.0,5260.0,4
1789658476194070016,1789658479790150912,1789658479852355192,61,7c:26:64:69:50:05,,-69.0,5320.0,4
1789658476194070016,1789658479790150912,1789658479852355192,61,d4:bd:4f:61:d5:91,CESI_HotSpot,-63.0,2462.0,4
1789658476194070016,1789658479790150912,1789658479852355192,61,d4:bd:4f:61:91:32,CESI_Robots,-56.0,2462.0,25008
1789658476194070016,1789658479790150912,1789658479852355192,61,d4:bd:4f:61:91:33,CESI_Recherche,-56.0,2462.0,25008
1789658476194070016,1789658479790150912,1789658479852355192,61,d4:bd:4f:a1:91:30,CESI_Corp,-74.0,5260.0,4
1789658476194070016,1789658479790150912,1789658479852355192,61,d4:bd:4f:a1:91:31,CESI_HotSpot,-73.0,5260.0,4
1789658476194070016,1789658479790150912,1789658479852355192,61,d4:bd:4f:a1:91:32,CESI_Robots,-73.0,5260.0,4
1789658476194070016,1789658479790150912,1789658479852355192,61,d4:bd:4f:a1:91:33,CESI_Recherche,-73.0,5260.0,4
1789658476194070016,1789658479790150912,1789658479852355192,61,d4:bd:4f:a1:91:34,CESI_Iot,-73.0,5260.0,4
1789658476194070016,1789658479790150912,1789658479852355192,61,d4:bd:4f:a0:d2:d0,CESI_Corp,-42.0,5260.0,4
1789658476194070016,1789658479790150912,1789658479852355192,61,d4:bd:4f:a0:d2:d1,CESI_HotSpot,-42.0,5260.0,4
1789658476194070016,1789658479790150912,1789658479852355192,61,d4:bd:4f:a0:d2:d2,CESI_Robots,-42.0,5260.0,4
1789658476194070016,1789658479790150912,1789658479852355192,61,d4:bd:4f:a0:d2:d3,CESI_Recherche,-42.0,5260.0,4
1789658476194070016,1789658479790150912,1789658479852355192,61,d4:bd:4f:a0:d2:d4,CESI_Iot,-42.0,5260.0,4
1789658476194070016,1789658479790150912,1789658479852355192,61,94:b3:4f:bc:d6:a3,CESI_Recherche,-87.0,5180.0,16684
1789658476194070016,1789658479790150912,1789658479852355192,61,94:b3:4f:bc:d6:a1,CESI_HotSpot,-85.0,5180.0,16684
1789658476194070016,1789658479790150912,1789658479852355192,61,d4:bd:4f:61:d5:92,CESI_Robots,-56.0,2462.0,4160
1789658476194070016,1789658479790150912,1789658479852355192,61,d4:bd:4f:61:d5:93,CESI_Recherche,-58.0,2462.0,4160
1789658476194070016,1789658479790150912,1789658479852355192,61,d4:bd:4f:60:d2:d0,CESI_Corp,-38.0,2462.0,4
1789658476194070016,1789658479790150912,1789658479852355192,61,d4:bd:4f:61:d5:90,CESI_Corp,-52.0,2462.0,12488
1789658476194070016,1789658479790150912,1789658479852355192,61,d4:bd:4f:61:d5:94,CESI_Iot,-56.0,2462.0,8320
1789658476194070016,1789658479790150912,1789658479852355192,61,7c:26:64:69:50:04,,-50.0,2462.0,8320
1789658476194070016,1789658479790150912,1789658479852355192,61,70:a7:41:72:25:eb,FGNE-Admin,-87.0,5220.0,4160
1789658476194070016,1789658479790150912,1789658479852355192,61,72:a7:41:12:25:eb,Cepsup-Etudiants,-86.0,5220.0,4160
1789658476194070016,1789658479790150912,1789658479852355192,61,d4:bd:4f:60:d2:d4,CESI_Iot,-32.0,2462.0,20856
1789658476194070016,1789658479790150912,1789658479852355192,61,72:a7:41:22:25:eb,,-89.0,5220.0,4160
1789658476194070016,1789658479790150912,1789658479852355192,61,d4:bd:4f:60:d2:d2,CESI_Robots,-35.0,2462.0,4
1789658476194070016,1789658479790150912,1789658479852355192,61,d4:bd:4f:60:d2:d1,CESI_HotSpot,-37.0,2462.0,4
1789658476194070016,1789658479790150912,1789658479852355192,61,70:a7:41:72:25:ea,FGNE-Admin,-65.0,2462.0,12488
1789658476194070016,1789658479790150912,1789658479852355192,61,d4:bd:4f:a1:f4:54,CESI_Iot,-64.0,5180.0,4
1789658476194070016,1789658479790150912,1789658479852355192,61,72:a7:41:12:25:ea,Cepsup-Etudiants,-69.0,2462.0,8320
1789658476194070016,1789658479790150912,1789658479852355192,61,d4:bd:4f:a1:f4:50,CESI_Corp,-64.0,5180.0,4
1789658476194070016,1789658479790150912,1789658479852355192,61,d4:bd:4f:a1:f4:51,CESI_HotSpot,-64.0,5180.0,4
1789658476194070016,1789658479790150912,1789658479852355192,61,d4:bd:4f:a1:f4:52,CESI_Robots,-64.0,5180.0,4
1789658476194070016,1789658479790150912,1789658479852355192,61,d4:bd:4f:a1:f4:53,CESI_Recherche,-64.0,5180.0,4
1789658476194070016,1789658479790150912,1789658479852355192,61,d4:bd:4f:61:f4:50,CESI_Corp,-59.0,2447.0,4
1789658476194070016,1789658479790150912,1789658479852355192,61,d4:bd:4f:61:f4:51,CESI_HotSpot,-58.0,2447.0,4
1789658476194070016,1789658479790150912,1789658479852355192,61,d4:bd:4f:61:f4:52,CESI_Robots,-66.0,2447.0,4
1789658476194070016,1789658479790150912,1789658479852355192,61,d4:bd:4f:61:f4:53,CESI_Recherche,-63.0,2447.0,4
1789658476194070016,1789658479790150912,1789658479852355192,61,d4:bd:4f:61:f4:54,CESI_Iot,-63.0,2447.0,4
1789658476194070016,1789658479790150912,1789658479852355192,61,d4:bd:4f:60:d2:d3,CESI_Recherche,-34.0,2462.0,4
1789658476194070016,1789658479790150912,1789658479852355192,61,38:9d:92:35:3d:10,EB353D10-EE89sIDJqG1AOAj,-56.0,2462.0,4
1789658476194070016,1789658479790150912,1789658479852355192,61,d4:bd:4f:a1:91:c1,CESI_HotSpot,-71.0,5260.0,4
1789658476194070016,1789658479790150912,1789658479852355192,61,d4:bd:4f:a1:91:c2,CESI_Robots,-70.0,5260.0,4
1789658476194070016,1789658479790150912,1789658479852355192,61,d4:bd:4f:a1:91:c3,CESI_Recherche,-71.0,5260.0,4
1789658476194070016,1789658479790150912,1789658479852355192,61,78:c4:0e:d7:b1:30,RM828_WIFI,-73.0,2412.0,4
1789658476194070016,1789658479790150912,1789658479852355192,61,94:b3:4f:bc:d6:a2,CESI_Robots,-86.0,5180.0,16684
1789658476194070016,1789658479790150912,1789658479852355192,61,94:b3:4f:bc:d6:a4,CESI_Iot,-85.0,5180.0,16688
1789658476194070016,1789658479790150912,1789658479852355192,61,94:b3:4f:bc:d6:a0,CESI_Corp,-86.0,5180.0,16688
1789658476194070016,1789658479790150912,1789658479852355192,61,d4:bd:4f:a1:91:c0,CESI_Corp,-65.0,5260.0,4164
1789658476194070016,1789658479790150912,1789658479852355192,61,d4:bd:4f:a1:91:c4,CESI_Iot,-71.0,5260.0,8
1789658476194070016,1789658479790150912,1789658479852355192,61,d4:bd:4f:61:91:c3,CESI_Recherche,-62.0,2462.0,8
1789658476194070016,1789658479790150912,1789658479852355192,61,2c:5a:0f:e5:7f:ef,eduspot,-82.0,5180.0,4164
1789658476194070016,1789658479790150912,1789658479852355192,61,78:45:58:d8:a3:60,FGNE-Admin,-86.0,5180.0,12492
1789658476194070016,1789658479790150912,1789658479852355192,61,7a:45:58:98:a3:60,Cepsup-Etudiants,-89.0,5180.0,8324
1789658476194070016,1789658479790150912,1789658479852355192,61,d4:bd:4f:a1:e5:74,CESI_Iot,-81.0,5260.0,8
1789658476194070016,1789658479790150912,1789658479852355192,61,d4:bd:4f:61:91:c0,CESI_Corp,-61.0,2462.0,8
1789658476194070016,1789658479790150912,1789658479852355192,61,d4:bd:4f:61:91:c1,CESI_HotSpot,-60.0,2462.0,8
1789658476194070016,1789658479790150912,1789658479852355192,61,d4:bd:4f:61:91:c2,CESI_Robots,-61.0,2462.0,8
1789658476194070016,1789658479790150912,1789658479852355192,61,d4:bd:4f:61:91:c4,CESI_Iot,-62.0,2462.0,8
1789658476194070016,1789658479790150912,1789658479852355192,61,d4:bd:4f:a1:e5:70,CESI_Corp,-78.0,5260.0,8324
1789658476194070016,1789658479790150912,1789658479852355192,61,d4:bd:4f:a1:e5:71,CESI_HotSpot,-78.0,5260.0,8324
1789658476194070016,1789658479790150912,1789658479852355192,61,d4:bd:4f:a1:e5:72,CESI_Robots,-78.0,5260.0,8324
1789658476194070016,1789658479790150912,1789658479852355192,61,d4:bd:4f:a1:e5:73,CESI_Recherche,-77.0,5260.0,4164
1789658476194070016,1789658479790150912,1789658479852355192,61,d4:bd:4f:61:e5:70,CESI_Corp,-69.0,2462.0,8
1789658476194070016,1789658479790150912,1789658479852355192,61,d4:bd:4f:61:e5:73,CESI_Recherche,-70.0,2462.0,8
1789658476194070016,1789658479790150912,1789658479852355192,61,d4:bd:4f:61:e5:74,CESI_Iot,-69.0,2462.0,8
1789658476194070016,1789658479790150912,1789658479852355192,61,d4:bd:4f:61:e5:72,CESI_Robots,-68.0,2462.0,8
1789658476194070016,1789658479790150912,1789658479852355192,61,d4:bd:4f:61:e5:71,CESI_HotSpot,-69.0,2462.0,8
1789658476194070016,1789658479790150912,1789658479852355192,61,2c:5a:0f:e5:7f:ee,eduroam,-81.0,5180.0,4164
1789658476194070016,1789658479790150912,1789658479852355192,61,2c:5a:0f:e5:7f:e1,eduroam,-70.0,2412.0,8
1789658476194070016,1789658479790150912,1789658479852355192,61,2c:5a:0f:e5:7f:e0,eduspot,-70.0,2412.0,8
1789658476194070016,1789658479790150912,1789658479852355192,61,26:fb:e3:4f:2b:54,DIRECT-54-HP 4102fdw LJ,-78.0,2437.0,8
