t_ns,t_bag_ns,n_beams,n_finite,angle_min,angle_max,angle_increment_raw,time_increment_s,scan_time_s
1784885672380167516,1784885672380724642,271,223,0.01382141187787056,6.27343225479126,0.023174917325377464,0.00043641970842145383,0.11787819117307663
1784885672500172318,1784885672500560746,269,226,0.010848918929696083,6.270467281341553,0.023281155154109,0.0004364191845525056,0.11734028905630112
1784885672620172047,1784885672620759335,269,224,0.002289123134687543,6.26192569732666,0.02331150881946087,0.0004364179039839655,0.1171875
1784885672740191291,1784885672740717070,269,225,0.008928781375288963,6.268378257751465,0.023288743570446968,0.0004364309133961797,0.1173020526766777
1784885672851623901,1784885672852593210,269,222,0.0038734476547688246,6.2633185386657715,0.023319097235798836,0.0004364312335383147,0.11714936792850494
1784885672970152094,1784885672970499638,269,226,2.6404031814308837e-05,6.2593159675598145,0.023319097235798836,0.00043644208926707506,0.11714936792850494
1784885673090153620,1784885673090576728,269,221,0.020795315504074097,6.2802276611328125,0.023326685652136803,0.00043643213575705886,0.11711125820875168
1784885673210169929,1784885673210600721,269,226,0.023424671962857246,6.282857418060303,0.02331150881946087,0.00043643213575705886,0.1171875
1784885673320165246,1784885673320641939,269,222,0.01905718259513378,6.278501033782959,0.023303920403122902,0.0004364313499536365,0.11722566187381744
1784885673440200867,1784885673440572278,269,216,0.016963405534625053,6.275353908538818,0.023303920403122902,0.00043650477891787887,0.11722566187381744
1784885673560174719,1784885673560637784,269,219,0.009450790472328663,6.269075870513916,0.023319097235798836,0.0004364187188912183,0.11714936792850494
1784885673680190010,1784885673680739544,269,226,0.022024473175406456,6.28145694732666,0.023341862484812737,0.00043643213575705886,0.11703511327505112
1784885673790157479,1784885673790600343,269,220,0.00490544131025672,6.264354705810547,0.023349450901150703,0.0004364309716038406,0.11699707806110382
1784885673910209820,1784885673919535909,270,222,0.005789406131953001,6.265230655670166,0.023265978321433067,0.0004364314954727888,0.11741682887077332
1784885674030156107,1784885674030570161,269,225,0.016960790380835533,6.276401042938232,0.023281155154109,0.0004364315536804497,0.11734028905630112
1784885674150221936,1784885674151544733,270,223,0.01416508387774229,6.273606777191162,0.023220447823405266,0.00043643146636895835,0.11764705926179886
1784885674270156782,1784885674270534804,270,224,0.022371796891093254,6.281982421875,0.023250801488757133,0.00043641970842145383,0.11749347299337387
1784885674390585708,1784885674391821240,269,223,0.003337850095704198,6.262965679168701,0.02333427406847477,0.0004364185151644051,0.1170731708407402
1784885674500155072,1784885674500553905,269,227,0.008581994101405144,6.2682108879089355,0.023319097235798836,0.00043641842785291374,0.11714936792850494
1784885674620174999,1784885674620632436,270,213,0.007695920765399933,6.267152786254883,0.0232583899050951,0.0004364304186310619,0.1174551397562027
1784885674740148896,1784885674740498921,270,225,0.013992467895150185,6.27343225479126,0.023228036239743233,0.00043643161188811064,0.11760862171649933
1784885674850173103,1784885674850572029,271,227,0.004038224928081036,6.26348876953125,0.023152152076363564,0.0004364308842923492,0.11799409985542297
1784885674970168034,1784885674970635543,271,220,0.005789406131953001,6.263661861419678,0.023144563660025597,0.00043654092587530613,0.1180327832698822
1784885675090151707,1784885675090576704,270,217,0.010664789006114006,6.270290851593018,0.023205270990729332,0.00043641863157972693,0.11772400140762329
1784885675210198508,1784885675210553978,270,229,0.014513957314193249,6.274130821228027,0.0232356246560812,0.000436419271863997,0.11757021397352219
1784885675330153619,1784885675330685396,270,230,0.007168659940361977,6.266801357269287,0.023265978321433067,0.0004364181950222701,0.11741682887077332
1784885675450134003,1784885675450575775,269,232,0.021849770098924637,6.281289577484131,0.023288743570446968,0.00043643161188811064,0.1173020526766777
1784885675560170065,1784885675560556493,269,223,0.0075233266688883305,6.266980171203613,0.023288743570446968,0.0004364304186310619,0.1173020526766777
1784885675680247566,1784885675680794379,269,227,0.01433978695422411,6.273779392242432,0.023288743570446968,0.00043643161188811064,0.1173020526766777
1784885675800216859,1784885675801098163,269,217,0.013815677724778652,6.273262977600098,0.023281155154109,0.0004364311171229929,0.11734028905630112
1784885675920163656,1784885675920588115,269,213,0.012421736493706703,6.2706451416015625,0.023265978321433067,0.00043651642045006156,0.11741682887077332
1784885676030216943,1784885676030645828,269,227,0.008928781375288963,6.268374443054199,0.023288743570446968,0.0004364312335383147,0.1173020526766777
1784885676150219423,1784885676150816396,269,226,0.0019402493489906192,6.2614006996154785,0.023326685652136803,0.0004364301566965878,0.11711125820875168
1784885676270152228,1784885676270498828,269,220,0.01835578680038452,6.277960777282715,0.023288743570446968,0.00043642011587508023,0.1173020526766777
1784885676390157800,1784885676390596795,269,231,0.009094057604670525,6.268715858459473,0.023288743570446968,0.0004364189226180315,0.1173020526766777
1784885676500148262,1784885676500524228,269,224,0.0013976803747937083,6.260870933532715,0.023319097235798836,0.0004364292835816741,0.11714936792850494
1784885676620185570,1784885676620738235,268,219,0.009773853234946728,6.26920747756958,0.02335703931748867,0.0004364320484455675,0.11695906519889832
1784885676740176460,1784885676740685981,268,221,0.01936922036111355,6.278812885284424,0.023372216150164604,0.0004364313499536365,0.11688311398029327
1784885676850199713,1784885676850782354,268,218,0.017954455688595772,6.277388572692871,0.023387392982840538,0.00043643201934173703,0.11680726706981659
1784885676970146868,1784885676970530740,268,221,0.011838147416710854,6.271277904510498,0.02341015823185444,0.0004364316409919411,0.11669367551803589
1784885677090170362,1784885677090686605,268,225,0.00011640619050012901,6.259603023529053,0.023417746648192406,0.0004364283522590995,0.1166558638215065
1784885677210177513,1784885677210709199,268,217,0.01214983593672514,6.271597385406494,0.023440510034561157,0.00043643105891533196,0.11654257029294968
1784885677320191679,1784885677320767229,268,220,0.0212175901979208,6.280652046203613,0.023425333201885223,0.0004364319611340761,0.1166180744767189
1784885677440197979,1784885677440530525,268,221,0.00025160974473692477,6.259554386138916,0.02343292161822319,0.00043644115794450045,0.1165803074836731
1784885677560151804,1784885677561301497,268,222,0.0021695252507925034,6.26162576675415,0.023440510034561157,0.0004364304768387228,0.11654257029294968
1784885677680159789,1784885677680608838,268,221,0.005123808514326811,6.262817859649658,0.023425333201885223,0.0004365533241070807,0.1166180744767189
1784885677790155235,1784885677790559772,268,226,0.011570042930543423,6.270833492279053,0.023394981399178505,0.00043644392280839384,0.11676938086748123
1784885677910161091,1784885677910651763,267,222,0.02341645210981369,6.282885551452637,0.023463275283575058,0.00043642957461997867,0.11642949283123016
1784885678030171284,1784885678030856393,268,215,0.01749315671622753,6.276756286621094,0.02341015823185444,0.0004364439519122243,0.11669367551803589
1784885678140144773,1784885678140544551,268,220,0.007522657047957182,6.266793251037598,0.02337980456650257,0.00043644342804327607,0.11684518307447433
1784885678260162501,1784885678260533172,269,232,0.009596447460353374,6.26886510848999,0.023341862484812737,0.00043644357356242836,0.11703511327505112
1784885678380171287,1784885678380692419,269,226,0.020062614232301712,6.279500484466553,0.02331150881946087,0.00043643172830343246,0.1171875
1784885678500152762,1784885678500493418,269,227,0.00974627211689949,6.269188404083252,0.023296331986784935,0.0004364314372651279,0.11726384609937668
1784885678610169726,1784885678610651992,270,223,0.006419240962713957,6.263935089111328,0.023250801488757133,0.0004365657805465162,0.11749347299337387
1784885678730172401,1784885678730497949,270,231,0.003954943735152483,6.263568878173828,0.0232128594070673,0.0004364194755908102,0.11768551915884018
1784885678850212756,1784885678850733610,271,227,0.015631208196282387,6.275261402130127,0.023167328909039497,0.00043641834054142237,0.11791680008172989
1784885678970211895,1784885678970602748,270,225,0.009331605397164822,6.268953323364258,0.023265978321433067,0.0004364189226180315,0.11741682887077332
1784885679090156891,1784885679090557762,270,229,0.008111609145998955,6.267718315124512,0.023228036239743233,0.0004364199412520975,0.11760862171649933
1784885679210158274,1784885679210610212,270,224,0.000417715753428638,6.2598557472229,0.023220447823405266,0.0004364317574072629,0.11764705926179886
1784885679320161483,1784885679320599534,270,223,0.01870853640139103,6.2783403396606445,0.023250801488757133,0.00043641822412610054,0.11749347299337387
1784885679440145239,1784885679440526668,270,221,0.0112008610740304,6.270650386810303,0.023197682574391365,0.00043643094250001013,0.11776251345872879
1784885679560311266,1784885679561148428,270,216,0.0010595903731882572,6.260679721832275,0.0232128594070673,0.00043641903903335333,0.11768551915884018
1784885679670150535,1784885679670498913,270,210,0.014782184734940529,6.2744526863098145,0.0232356246560812,0.00043641551746986806,0.11757021397352219
1784885679800149203,1784885679800500192,270,220,0.003991067875176668,6.263620376586914,0.023243213072419167,0.00043641842785291374,0.11753182858228683
1784885679910147968,1784885679910652232,269,228,0.04064277559518814,6.278613090515137,0.023265978321433067,0.0004379336896818131,0.11741682887077332
1784885680030154300,1784885680030540654,270,224,0.0055452859960496426,6.2649736404418945,0.0232356246560812,0.0004364324267953634,0.11757021397352219
1784885680150181276,1784885680150770972,270,218,0.020821290090680122,6.281195640563965,0.0232128594070673,0.000436366448411718,0.11768551915884018
1784885680270147408,1784885680270531669,271,228,0.018763987347483635,6.2789154052734375,0.023167328909039497,0.00043638201896101236,0.11791680008172989
1784885680380166005,1784885680380652160,269,229,0.04219592362642288,6.278716564178467,0.023250801488757133,0.0004380354657769203,0.11749347299337387
1784885680500158133,1784885680500512344,270,226,0.014008218422532082,6.273991584777832,0.0232356246560812,0.00043639371870085597,0.11757021397352219
1784885680620156613,1784885680620553465,269,222,0.0035430823918431997,6.263172149658203,0.023281155154109,0.00043641842785291374,0.11734028905630112
1784885680740147889,1784885680740556277,269,231,0.0035277679562568665,6.263145446777344,0.023341862484812737,0.0004364192427601665,0.11703511327505112
1784885680860206434,1784885680860623692,268,230,0.017864352092146873,6.278321266174316,0.023394981399178505,0.00043636071495711803,0.11676938086748123
1784885680970170447,1784885680970527360,268,223,0.0017433168832212687,6.261188507080078,0.02337980456650257,0.0004364312335383147,0.11684518307447433
1784885681090164831,1784885681090583440,268,219,0.007824660278856754,6.267808437347412,0.023364627733826637,0.00043639371870085597,0.1169210746884346
1784885681210157869,1784885681210636044,269,225,0.015319384634494781,6.275644302368164,0.02333427406847477,0.00043636991176754236,0.1170731708407402
1784885681330157665,1784885681330542057,269,219,0.005341084208339453,6.2649760246276855,0.023288743570446968,0.0004364179912954569,0.1173020526766777
1784885681440156062,1784885681440588336,269,223,0.0039359042420983315,6.263381481170654,0.023281155154109,0.00043643120443448424,0.11734028905630112
1784885681560225794,1784885681560623887,270,225,0.005821813829243183,6.265284538269043,0.0232583899050951,0.00043642998207360506,0.1174551397562027
1784885681680159192,1784885681680643662,270,230,0.012795032933354378,6.272943019866943,0.023250801488757133,0.000436382251791656,0.11749347299337387
1784885681800148953,1784885681800471853,270,232,0.021665062755346298,6.282532691955566,0.023243213072419167,0.00043633210589177907,0.11753182858228683
1784885681910159885,1784885681910671111,269,226,0.002157993149012327,6.261924743652344,0.023281155154109,0.000436408823588863,0.11734028905630112
1784885682030177332,1784885682030578907,269,225,0.001518678735010326,6.261549472808838,0.023296331986784935,0.00043639042996801436,0.11726384609937668
1784885682150159170,1784885682150514177,270,227,0.0038196847308427095,6.263988971710205,0.023250801488757133,0.00043638073839247227,0.11749347299337387
1784885682270158191,1784885682270643050,270,217,0.013228673487901688,6.274093151092529,0.023205270990729332,0.0004363323387224227,0.11772400140762329
1784885682390160545,1784885682390595244,271,221,0.009583366103470325,6.270235538482666,0.023167328909039497,0.00043634712346829474,0.11791680008172989
1784885682510212929,1784885682510762168,271,220,0.01608743891119957,6.276841640472412,0.02313697524368763,0.00043633999302983284,0.11807149648666382
1784885682620155667,1784885682620550279,271,216,0.032703448086977005,6.271063327789307,0.023076267912983894,0.0004379063320811838,0.11838211119174957
1784885682750192399,1784885682750685553,272,222,0.011850889772176743,6.272789001464844,0.02308385632932186,0.0004363271582406014,0.11834319680929184
1784885682860154930,1784885682860593722,272,219,0.018742108717560768,6.28008508682251,0.023076267912983894,0.0004362989275250584,0.11838211119174957
1784885682980172208,1784885682980695358,273,215,0.00794125348329544,6.268738269805908,0.02298520877957344,0.00043633702443912625,0.11885110288858414
1784885683100152618,1784885683100571338,272,224,0.02756759338080883,6.266113758087158,0.022977620363235474,0.0004378932644613087,0.11889035999774933
1784885683220154658,1784885683220570397,273,218,0.0026319054886698723,6.262424468994141,0.022970031946897507,0.00043640704825520515,0.11892963200807571
1784885683340208617,1784885683340586046,273,219,0.0007030067499727011,6.26051664352417,0.022947266697883606,0.0004364055348560214,0.1190476194024086
1784885683460209194,1784885683460527965,273,220,0.017437582835555077,6.277267932891846,0.02298520877957344,0.0004364043998066336,0.11885110288858414
1784885683580180776,1784885683580698075,273,224,0.013963745906949043,6.274016380310059,0.02293967828154564,0.0004363889165688306,0.11908700317144394
1784885683700161708,1784885683700612035,274,218,0.009492886252701283,6.269464015960693,0.022924501448869705,0.0004363945627119392,0.11916583776473999
1784885683820234016,1784885683820735521,274,224,0.010355524718761444,6.270158290863037,0.022924501448869705,0.00043640632065944374,0.11916583776473999
1784885683930154053,1784885683930492303,274,223,0.012791657820343971,6.27258825302124,0.02291691303253174,0.00043640672811307013,0.1192052960395813
1784885684060226107,1784885684060649790,274,225,0.016429396346211433,6.276601791381836,0.022924501448869705,0.0004363805637694895,0.11916583776473999
1784885684170175232,1784885684170632206,273,223,0.020091887563467026,6.279901504516602,0.022992797195911407,0.00043640585499815643,0.11881188303232193
1784885684300150959,1784885684300490931,273,228,0.018336160108447075,6.2783122062683105,0.02293967828154564,0.00043639421346597373,0.11908700317144394
1784885684410157131,1784885684410650767,274,212,0.01884598098695278,6.2786478996276855,0.02288655936717987,0.0004364064079709351,0.11936339735984802
1784885684540151356,1784885684540593110,274,223,0.007313975133001804,6.26730489730835,0.022894147783517838,0.0004363932239357382,0.11932383477687836
1784885684650159047,1784885684650556825,273,213,0.021764293313026428,6.281571865081787,0.022947266697883606,0.0004364060005173087,0.1190476194024086
1784885684770157070,1784885684770534333,273,209,0.007440174464136362,6.265852928161621,0.022992797195911407,0.00043650323641486466,0.11881188303232193
1784885684890164387,1784885684890611530,272,214,0.018928874284029007,6.278742790222168,0.023015562444925308,0.00043640556395985186,0.11869436502456665
1784885685010227625,1784885685010758644,273,213,0.020895332098007202,6.280803203582764,0.022992797195911407,0.0004363990155979991,0.11881188303232193
1784885685130154639,1784885685130533735,273,213,0.004567161668092012,6.264545917510986,0.022932089865207672,0.000436394038842991,0.11912640929222107
1784885685250193637,1784885685250667535,275,213,0.02199379913508892,6.281964302062988,0.02284102886915207,0.00043639462091960013,0.11960133165121078
1784885685370148592,1784885685370500562,274,203,0.015687011182308197,6.27547550201416,0.022848617285490036,0.00043640731018967927,0.11956160515546799
1784885685490145856,1784885685490593387,275,217,0.022814441472291946,6.282783508300781,0.0227879099547863,0.0004363947082310915,0.11988011747598648
1784885685610171005,1784885685610660993,274,219,0.012503997422754765,6.270905494689941,0.02286379411816597,0.00043650405132211745,0.11948224157094955
1784885685730148086,1784885685730529145,275,213,0.0004445175000000745,6.259848594665527,0.0228106752038002,0.00043643408571369946,0.11976047605276108
1784885685850188455,1784885685850718345,275,221,0.0025184627156704664,6.262089252471924,0.022825852036476135,0.0004364225023891777,0.11968085169792175
1784885685970211363,1784885685970612049,275,218,0.01245536282658577,6.272429943084717,0.022772733122110367,0.0004363943007774651,0.1199600100517273
1784885686090148297,1784885686090525486,274,216,0.0033573731780052185,6.263077735900879,0.02286379411816597,0.00043641208321787417,0.11948224157094955
1784885686210162631,1784885686210744681,275,218,0.013633321970701218,6.273430824279785,0.0228106752038002,0.0004364066699054092,0.11976047605276108
1784885686330164024,1784885686330549638,275,214,0.021448839455842972,6.281449317932129,0.022772733122110367,0.00043639252544380724,0.1199600100517273
1784885686460270698,1784885686461178648,276,213,0.018121497705578804,6.278090476989746,0.0227423794567585,0.0004363947082310915,0.12012012302875519
1784885686570168030,1784885686570646372,276,218,0.00012588837125804275,6.260267734527588,0.022727202624082565,0.0004363826592452824,0.12020033597946167
1784885686700149907,1784885686700482065,276,221,0.012314961291849613,6.271238327026367,0.022749967873096466,0.00043646758422255516,0.12008005380630493
1784885686810164316,1784885686810662877,275,210,0.017711080610752106,6.277670860290527,0.022780321538448334,0.00043639534851536155,0.11992005258798599
1784885686940129417,1784885686940497552,275,219,0.012279381044209003,6.272248268127441,0.0228106752038002,0.0004363947082310915,0.11976047605276108
1784885687050172532,1784885687050574144,276,216,0.008244486525654793,6.268038749694824,0.022757556289434433,0.00043640690273605287,0.12004001438617706
1784885687180161797,1784885687180645842,275,211,0.009440764784812927,6.269589424133301,0.022780321538448334,0.00043638222268782556,0.11992005258798599
1784885687300148172,1784885687300527268,275,217,0.0066107939928770065,6.26659631729126,0.0228106752038002,0.00043639354407787323,0.11976047605276108
1784885687420184281,1784885687420822730,275,213,0.0004909459385089576,6.260453701019287,0.0228106752038002,0.00043639514478854835,0.11976047605276108
1784885687540185542,1784885687540820066,275,216,0.012322849594056606,6.270198345184326,0.0228106752038002,0.0004365406930446625,0.11976047605276108
1784885687660174713,1784885687660563604,275,220,0.02322615124285221,6.283070087432861,0.022772733122110367,0.00043640341027639806,0.1199600100517273
1784885687780194194,1784885687780790372,277,217,0.02232016995549202,6.282461166381836,0.022636141628026962,0.0004363827174529433,0.12068387866020203
1784885687900258540,1784885687900598382,277,220,0.004309334326535463,6.2644572257995605,0.022658906877040863,0.00043638222268782556,0.12056262791156769
1784885688020156410,1784885688020592351,277,212,0.021036837249994278,6.280991077423096,0.022674083709716797,0.0004363957268651575,0.1204819306731224
1784885688140205442,1784885688140800157,277,213,0.011927271261811256,6.272067546844482,0.022658906877040863,0.0004363827465567738,0.12056262791156769
1784885688260154412,1784885688260555691,277,212,0.0016077448381111026,6.261744022369385,0.022651318460702896,0.0004363830666989088,0.12060301750898361
1784885688390281751,1784885688390945623,276,221,0.016227539628744125,6.276195526123047,0.022681672126054764,0.00043639479554258287,0.12044161558151245
1784885688500160876,1784885688500552582,277,219,0.009556363336741924,6.2697038650512695,0.02266649529337883,0.0004363822808954865,0.12052226066589355
1784885688630151400,1784885688630487428,276,225,0.013721109367907047,6.273854732513428,0.022727202624082565,0.0004363832122180611,0.12020033597946167
1784885688740170117,1784885688740749557,275,224,0.0072217718698084354,6.267186164855957,0.022780321538448334,0.0004363950283732265,0.11992005258798599
1784885688870141773,1784885688870584657,275,214,0.008759629912674427,6.268901348114014,0.02284102886915207,0.0004363826592452824,0.11960133165121078
1784885688990240557,1784885688991257029,275,223,0.005940296687185764,6.26591682434082,0.02284102886915207,0.00043639421346597373,0.11960133165121078
1784885689110175359,1784885689110802718,274,228,0.01463849376887083,6.274593830108643,0.02286379411816597,0.00043639569776132703,0.11948224157094955
1784885689230209038,1784885689230562620,275,228,0.000981727964244783,6.260686874389648,0.0228106752038002,0.00043641310185194016,0.11976047605276108
1784885689350158636,1784885689350574468,275,225,0.019262054935097694,6.279117584228516,0.0228106752038002,0.00043640262447297573,0.11976047605276108
1784885689470151618,1784885689470527751,275,226,0.015049709007143974,6.2752790451049805,0.0227879099547863,0.00043637657654471695,0.11988011747598648
1784885689580151482,1784885689580571128,275,227,0.01858929730951786,6.27894401550293,0.022772733122110367,0.0004363678162917495,0.1199600100517273
1784885689710166687,1784885689710641752,276,228,0.018377764150500298,6.2789626121521,0.022734791040420532,0.0004363517800811678,0.12016021460294724
1784885689830152632,1784885689830523396,276,238,0.0016818257281556726,6.261655330657959,0.022749967873096466,0.0004363943880889565,0.12008005380630493
1784885689950195217,1784885689950666616,276,231,0.010123813524842262,6.27052640914917,0.02271202579140663,0.00043636446935124695,0.12028065323829651
1784885690070162785,1784885690070506016,275,235,0.019513772800564766,6.279913902282715,0.0227879099547863,0.0004363646439742297,0.11988011747598648
1784885690190170335,1784885690190924547,275,227,0.021049099043011665,6.28147554397583,0.022780321538448334,0.0004363628395367414,0.11992005258798599
1784885690310182219,1784885690310740902,275,233,0.001227266388013959,6.261376857757568,0.0227651447057724,0.0004363821353763342,0.11999999731779099
1784885690430178585,1784885690430580049,275,230,0.0021565521601587534,6.262203693389893,0.0227879099547863,0.0004363892658147961,0.11988011747598648
1784885690550205856,1784885690550770241,276,232,0.003514048643410206,6.263909816741943,0.022734791040420532,0.00043636493501253426,0.12016021460294724
1784885690670158580,1784885690670597965,275,238,0.010429199784994125,6.27085542678833,0.022772733122110367,0.00043636286864057183,0.1199600100517273
1784885690790185961,1784885690790720962,276,238,0.015087058767676353,6.275541305541992,0.022704437375068665,0.0004363608895801008,0.12032085657119751
1784885690910167441,1784885690910687389,275,239,0.022187601774930954,6.28284215927124,0.022780321538448334,0.000436346948845312,0.11992005258798599
1784885691040140877,1784885691040524733,276,240,0.010815856978297234,6.271292209625244,0.022727202624082565,0.0004363593179732561,0.12020033597946167
1784885691150161879,1784885691150578952,277,237,0.004676176235079765,6.265141010284424,0.022636141628026962,0.0004363601328805089,0.12068387866020203
1784885691280193189,1784885691280862913,277,240,0.0075964671559631824,6.268245697021484,0.022636141628026962,0.0004363472980912775,0.12068387866020203
1784885691400160168,1784885691400582518,277,245,0.0006622629589401186,6.260014057159424,0.022651318460702896,0.00043643772369250655,0.12060301750898361
1784885691520156476,1784885691520620320,278,249,0.018503092229366302,6.2790069580078125,0.022583024576306343,0.0004363574262242764,0.12096773833036423
1784885691640186798,1784885691640790327,278,242,0.0008460636017844081,6.261696815490723,0.02256784774363041,0.0004363332409411669,0.12104909121990204
1784885691761118479,1784885691764786109,278,241,0.005508605390787125,6.266364097595215,0.02259061299264431,0.00043633292079903185,0.1209271103143692
1784885691880160750,1784885691880570139,278,244,0.014355712570250034,6.2736592292785645,0.022552670910954475,0.00043644112884067,0.1211305484175682
1784885692010188710,1784885692010849750,278,239,0.0036111667286604643,6.264194011688232,0.022560259327292442,0.00043635195470415056,0.12108980864286423
1784885692130148575,1784885692130507471,278,245,0.0010205465368926525,6.261192798614502,0.02259061299264431,0.00043638053466565907,0.1209271103143692
1784885692250298044,1784885692250913442,278,247,0.018940851092338562,6.279832363128662,0.02253749407827854,0.0004363304178696126,0.12121212482452393
1784885692370184493,1784885692370693961,279,240,0.01521232444792986,6.276114463806152,0.022476786747574806,0.00043632969027385116,0.12153950333595276
1784885692490154709,1784885692490502180,279,243,0.01831548660993576,6.279221534729004,0.022461609914898872,0.00043632937013171613,0.12162162363529205
1784885692610233113,1784885692610687144,278,244,0.0015945560298860073,6.25946569442749,0.02251472882926464,0.00043654104229062796,0.12133467942476273
1784885692740240184,1784885692740747281,278,247,0.0063488297164440155,6.267115592956543,0.022552670910954475,0.00043633911991491914,0.1211305484175682
1784885692860171127,1784885692860597013,278,244,0.004303023684769869,6.264451503753662,0.022575436159968376,0.000436382251791656,0.12100840359926224
1784885692980165709,1784885692980642552,278,247,0.017593342810869217,6.278542995452881,0.022560259327292442,0.0004363263724371791,0.12108980864286423
1784885693100153415,1784885693100536678,277,247,0.016668779775500298,6.277613639831543,0.022651318460702896,0.0004363266925793141,0.12060301750898361
1784885693220169732,1784885693220672793,277,240,0.021838251501321793,6.2826409339904785,0.02262096479535103,0.0004363365878816694,0.1207648441195488
1784885693340201435,1784885693340847180,278,239,0.022321416065096855,6.28312349319458,0.02259061299264431,0.00043633667519316077,0.1209271103143692
1784885693460159555,1784885693460619233,278,238,0.0016470685368403792,6.261963367462158,0.022575436159968376,0.00043637052294798195,0.12100840359926224
1784885693580158411,1784885693580570040,278,240,0.0048328121192753315,6.265588283538818,0.022583024576306343,0.00043633990571834147,0.12096773833036423
1784885693710166256,1784885693710728142,278,238,0.007678307127207518,6.2671122550964355,0.02259061299264431,0.0004364320484455675,0.1209271103143692
1784885693830152410,1784885693830526581,278,240,0.010927648283541203,6.271761894226074,0.022552670910954475,0.00043633440509438515,0.1211305484175682
1784885693950243938,1784885693950615869,279,239,0.019939951598644257,6.280796527862549,0.02251472882926464,0.00043633286259137094,0.12133467942476273
1784885694070169237,1784885694070619620,279,242,0.01342296227812767,6.274489402770996,0.02249196358025074,0.0004363182233646512,0.12145748734474182
1784885694190158775,1784885694190692350,279,240,0.01214074157178402,6.273199081420898,0.02244643308222294,0.00043631880544126034,0.1217038556933403
1784885694310171383,1784885694310682239,279,236,0.02308015711605549,6.282567977905273,0.022461609914898872,0.00043642829405143857,0.12162162363529205
1784885694440180947,1784885694440823822,279,237,0.014454838819801807,6.2755446434021,0.022507140412926674,0.0004363166226539761,0.12137559056282043
1784885694560148895,1784885694560508494,279,238,0.002012890065088868,6.262938022613525,0.022476786747574806,0.00043632808956317604,0.12153950333595276
1784885694680159522,1784885694680592870,279,245,0.0152103491127491,6.276310443878174,0.022476786747574806,0.00043631589505821466,0.12153950333595276
1784885694800156651,1784885694800502400,279,247,0.00781459640711546,6.268923282623291,0.022461609914898872,0.0004363152838777751,0.12162162363529205
1784885694930156272,1784885694930577807,279,251,0.004437207244336605,6.265735149383545,0.022476786747574806,0.0004363020707387477,0.12153950333595276
1784885695040155968,1784885695040635402,280,252,0.0022943709045648575,6.263422966003418,0.02241607941687107,0.0004363139159977436,0.12186865508556366
1784885695170165916,1784885695170709991,280,241,0.0003205120447091758,6.260910987854004,0.022408491000533104,0.0004363514017313719,0.12190992385149002
1784885695290173854,1784885695290541619,279,243,0.01870974712073803,6.279862880706787,0.022454021498560905,0.0004363121697679162,0.12166272103786469
1784885695410243264,1784885695410757861,280,238,0.014783049933612347,6.276162147521973,0.02241607941687107,0.0004362964245956391,0.12186865508556366
1784885695530149697,1784885695530512388,279,243,0.014017499051988125,6.2739949226379395,0.02243884466588497,0.00043639412615448236,0.12174501270055771
1784885695660167552,1784885695660559018,279,246,0.01306405384093523,6.27429723739624,0.022484375163912773,0.0004363065818324685,0.1214984804391861
1784885695780210003,1784885695780877468,279,248,0.004267583601176739,6.265333652496338,0.02244643308222294,0.0004363182233646512,0.1217038556933403
1784885695900153505,1784885695900755868,280,252,0.010124057531356812,6.271389484405518,0.022400902584195137,0.00043630434083752334,0.12195122241973877
1784885696030216246,1784885696030583844,279,245,0.021560348570346832,6.281883239746094,0.02246919833123684,0.0004363700281828642,0.12158054858446121
1784885696150155094,1784885696150578759,279,245,0.009266085922718048,6.270550727844238,0.022454021498560905,0.00043630300206132233,0.12166272103786469
1784885696270167748,1784885696270743411,280,243,0.01633632928133011,6.277449607849121,0.022408491000533104,0.0004363149346318096,0.12190992385149002
1784885696390151202,1784885696390558850,280,249,3.861881123157218e-05,6.261359214782715,0.02237054891884327,0.00043630049913190305,0.12211669236421585
1784885696520156536,1784885696520610511,280,245,0.013530892319977283,6.25238037109375,0.0223401952534914,0.00043787193135358393,0.12228260934352875
1784885696640187243,1784885696640840283,281,245,0.011690369807183743,6.272959232330322,0.022325018420815468,0.0004363041080068797,0.12236573547124863
1784885696760155513,1784885696760543312,280,242,0.019637146964669228,6.279975891113281,0.022362960502505302,0.00043636892223730683,0.12215812504291534
1784885696880157409,1784885696880606811,282,241,0.008220450952649117,6.269639492034912,0.022264311090111732,0.0004362936597317457,0.12269938737154007
1784885697010177427,1784885697010646141,282,239,0.004116507712751627,6.26572847366333,0.02224154584109783,0.00043628018465824425,0.12282497435808182
1784885697130149672,1784885697130592334,281,241,0.0074765682220458984,6.269140243530273,0.022362960502505302,0.0004362766048870981,0.12215812504291534
1784885697250176485,1784885697250731039,281,242,0.0063686855137348175,6.267841815948486,0.02234778366982937,0.0004362898471299559,0.12224108725786209
1784885697370166839,1784885697370637275,280,237,0.018827859312295914,6.279156684875488,0.022378137335181236,0.0004363696207292378,0.12207528203725815
1784885697500156208,1784885697500529694,280,237,0.02066751755774021,6.280979633331299,0.022408491000533104,0.0004363708139862865,0.12190992385149002
1784885697620156950,1784885697620876574,279,238,0.016354180872440338,6.276700973510742,0.022476786747574806,0.00043636836926452816,0.12153950333595276
1784885697740248253,1784885697740848505,278,236,0.01712086610496044,6.255841255187988,0.022499551996588707,0.0004378810408525169,0.12141652405261993
1784885697860157378,1784885697860561045,279,230,0.008130097761750221,6.269551753997803,0.02251472882926464,0.000436293485108763,0.12133467942476273
1784885697980156657,1784885697980543679,278,238,0.010807829909026623,6.2724432945251465,0.022575436159968376,0.00043627858394756913,0.12100840359926224
1784885698100147947,1784885698100484179,278,232,0.004275250714272261,6.265904426574707,0.02253749407827854,0.00043627904960885644,0.12121212482452393
1784885698230200839,1784885698230588545,277,236,0.012668908573687077,6.274196147918701,0.02261337637901306,0.00043628609273582697,0.12080536782741547
1784885698350156155,1784885698350521050,277,238,0.019880643114447594,6.281430721282959,0.02262096479535103,0.0004362845211289823,0.1207648441195488
1784885698470169092,1784885698470773677,278,245,0.007044400088489056,6.268611907958984,0.022575436159968376,0.0004362833278719336,0.12100840359926224
1784885698590156293,1784885698590798391,279,248,0.013881240971386433,6.275665283203125,0.02251472882926464,0.000436268252087757,0.12133467942476273
1784885698710216502,1784885698710647573,279,244,0.002218891866505146,6.264064311981201,0.02251472882926464,0.0004362639447208494,0.12133467942476273
1784885698830144581,1784885698830500940,278,245,0.018810689449310303,6.278843879699707,0.022529905661940575,0.00043639022624120116,0.12125294655561447
1784885698960156922,1784885698960543648,278,248,0.016778534278273582,6.27789306640625,0.02253749407827854,0.00043631490552797914,0.12121212482452393
1784885699080160461,1784885699080607882,279,249,0.020143434405326843,6.280319690704346,0.022484375163912773,0.00043638027273118496,0.1214984804391861
1784885699200155691,1784885699200525104,278,254,0.005678369197994471,6.267502307891846,0.022529905661940575,0.00043626545812003314,0.12125294655561447
1784885699320152624,1784885699320554366,279,255,0.012154179625213146,6.274205207824707,0.022484375163912773,0.00043624965474009514,0.1214984804391861
1784885699440178220,1784885699441439938,279,247,0.019703520461916924,6.2800068855285645,0.022454021498560905,0.00043637139606289566,0.12166272103786469
1784885699570203610,1784885699571918619,279,256,0.006267029792070389,6.268570899963379,0.02244643308222294,0.0004362319887150079,0.1217038556933403
1784885699690162956,1784885699690709012,279,253,0.0006993914139457047,6.263067245483398,0.022507140412926674,0.0004362275649327785,0.12137559056282043
1784885699810179053,1784885699810815300,278,245,0.01418543141335249,6.274507999420166,0.022560259327292442,0.0004363700863905251,0.12108980864286423
1784885699930149138,1784885699930584728,278,234,0.017678409814834595,6.277827262878418,0.02259061299264431,0.00043638216448016465,0.1209271103143692
1784885700050309869,1784885700050807339,278,251,0.0052765607833862305,6.267421722412109,0.022605789825320244,0.0004362430772744119,0.12084592133760452
1784885700170155760,1784885700170592349,277,242,0.004752416163682938,6.2669548988342285,0.02264373004436493,0.00043623909004963934,0.12064342945814133
1784885700300172589,1784885700300595754,275,247,0.01469522062689066,6.272742748260498,0.022803086787462234,0.00043652867316268384,0.11980032920837402
1784885700410245174,1784885700410775695,275,246,0.0026727120857685804,6.264777183532715,0.022772733122110367,0.00043624587124213576,0.1199600100517273
1784885700540157628,1784885700540718275,275,247,0.02287815511226654,6.283019542694092,0.0227651447057724,0.0004363827174529433,0.11999999731779099
1784885700660183403,1784885700660678817,275,244,0.01991356909275055,6.279881000518799,0.022803086787462234,0.0004363948537502438,0.11980032920837402
1784885700780164035,1784885700780649099,275,236,0.018472295254468918,6.278622627258301,0.022772733122110367,0.0004363820480648428,0.1199600100517273
1784885700900151148,1784885700900516876,275,244,0.02038446068763733,6.2803425788879395,0.022803086787462234,0.0004363954649306834,0.11980032920837402
1784885701020163259,1784885701020694020,275,240,0.016136229038238525,6.275947570800781,0.022795498371124268,0.0004364056803751737,0.11984021216630936
1784885701140125645,1784885701140511537,274,237,0.005470306146889925,6.267831325531006,0.022856205701828003,0.0004362280305940658,0.11952191591262817
1784885701260157596,1784885701260605980,274,242,0.01291106827557087,6.272742748260498,0.022856205701828003,0.00043640428339131176,0.11952191591262817
1784885701380161422,1784885701380639505,273,240,0.010569687001407146,6.270606517791748,0.022970031946897507,0.0004363899934105575,0.11892963200807571
1784885701500217870,1784885701500597670,273,244,0.019092358648777008,6.278740882873535,0.02298520877957344,0.00043641705997288227,0.11885110288858414
1784885701610168870,1784885701610637566,273,250,0.007505999878048897,6.267309188842773,0.022992797195911407,0.0004364062915556133,0.11881188303232193
1784885701730151457,1784885701730562994,272,246,0.014433988370001316,6.274204254150391,0.023015562444925308,0.00043640859075821936,0.11869436502456665
1784885701850172595,1784885701850632274,273,242,0.0197150856256485,6.279332637786865,0.022932089865207672,0.0004364192427601665,0.11912640929222107
1784885701970151350,1784885701970651967,274,244,0.008963259868323803,6.267359256744385,0.02291691303253174,0.00043650437146425247,0.1192052960395813
1784885702090151684,1784885702090547797,273,241,0.008772348053753376,6.268739700317383,0.022932089865207672,0.0004363948537502438,0.11912640929222107
1784885702210170981,1784885702210640158,274,245,0.011576088145375252,6.271368980407715,0.02286379411816597,0.0004364070191513747,0.11948224157094955
1784885702330204628,1784885702330691340,273,247,0.01631304807960987,6.276200771331787,0.022992797195911407,0.00043640038347803056,0.11881188303232193
1784885702450179116,1784885702450698157,273,249,0.01844688691198826,6.278024196624756,0.022970031946897507,0.00043642206583172083,0.11892963200807571
1784885702570165751,1784885702571189390,273,245,0.016293736174702644,6.2761006355285645,0.022954855114221573,0.00043640602962113917,0.11900826543569565
1784885702690328140,1784885702691381016,273,244,0.01189655065536499,6.27170467376709,0.022932089865207672,0.0004364059423096478,0.11912640929222107
1784885702810242118,1784885702810711573,274,247,0.010923699475824833,6.270716190338135,0.02290932461619377,0.0004364070191513747,0.119244784116745
1784885702930152930,1784885702930575465,274,247,0.01939532719552517,6.279411792755127,0.022901736199855804,0.0004363914194982499,0.11928429454565048
1784885703050169564,1784885703050572621,275,257,0.012031919322907925,6.271841526031494,0.02284102886915207,0.00043640582589432597,0.11960133165121078
1784885703170173707,1784885703170757092,274,255,0.01006267312914133,6.270222187042236,0.022901736199855804,0.00043638143688440323,0.11928429454565048
1784885703290546912,1784885703291122186,273,246,0.009802987799048424,6.269595623016357,0.022932089865207672,0.00043640699004754424,0.11912640929222107
1784885703410183438,1784885703410615194,274,240,0.006070881616324186,6.266057014465332,0.02291691303253174,0.0004363935149740428,0.1192052960395813
1784885703530166250,1784885703530640464,274,241,0.022290514782071114,6.282083511352539,0.02288655936717987,0.0004364070191513747,0.11936339735984802
1784885703650159821,1784885703650525808,274,251,0.011011596769094467,6.271000385284424,0.02288655936717987,0.00043639334035106003,0.11936339735984802
1784885703770189275,1784885703770842057,274,254,0.01971585676074028,6.279508590698242,0.022901736199855804,0.0004364070191513747,0.11928429454565048
1784885703890207860,1784885703890650486,273,249,0.004922920372337103,6.264715671539307,0.022954855114221573,0.0004364070191513747,0.11900826543569565
1784885704010164121,1784885704010592601,274,249,0.010129956528544426,6.269922733306885,0.02290932461619377,0.0004364070191513747,0.119244784116745
1784885704130155184,1784885704130543779,273,249,0.011469798162579536,6.270389556884766,0.022947266697883606,0.0004364679043646902,0.1190476194024086
1784885704250250028,1784885704250659436,272,245,0.0019295162055641413,6.26189661026001,0.023053502663969994,0.0004363948246464133,0.11849901080131531
1784885704360158544,1784885704360529309,273,249,0.014635007828474045,6.274252891540527,0.022954855114221573,0.00043641921365633607,0.11900826543569565
1784885704490175698,1784885704490642338,273,243,0.00018988036026712507,6.260157108306885,0.02300797402858734,0.0004363948537502438,0.11873351037502289
1784885704600156537,1784885704600530987,273,246,0.010602162219583988,6.270219802856445,0.02296244353055954,0.00043641921365633607,0.11896893382072449
1784885704720263306,1784885704720667622,274,252,0.023154456168413162,6.2828803062438965,0.022924501448869705,0.0004364116757642478,0.11916583776473999
1784885704840177397,1784885704840813719,273,246,0.018616432324051857,6.278409004211426,0.02298520877957344,0.00043640699004754424,0.11885110288858414
1784885704960151351,1784885704960510432,275,249,0.016629738733172417,6.276489734649658,0.0227879099547863,0.0004364023043308407,0.11988011747598648
1784885705080164416,1784885705080721526,275,251,0.011219264939427376,6.2712531089782715,0.0227879099547863,0.0004363901971373707,0.11988011747598648
1784885705200168339,1784885705200609390,275,250,0.0033650773111730814,6.263598918914795,0.0227651447057724,0.0004363762272987515,0.11999999731779099
1784885705320156263,1784885705320488385,274,254,0.015857262536883354,6.260480880737305,0.022825852036476135,0.00043746709707193077,0.11968085169792175
1784885705450188944,1784885705450580576,275,251,0.013280455023050308,6.273396015167236,0.0227879099547863,0.00043638446368277073,0.11988011747598648
1784885705560147073,1784885705560496322,275,255,0.008192894980311394,6.26833438873291,0.022772733122110367,0.00043638268834911287,0.1199600100517273
1784885705690161219,1784885705690755028,275,248,0.004893050529062748,6.263910293579102,0.0227651447057724,0.0004364610358607024,0.11999999731779099
1784885705800168193,1784885705800608356,276,253,0.008050804026424885,6.268163681030273,0.022704437375068665,0.0004363846965134144,0.12032085657119751
1784885705930162786,1784885705930622854,275,252,0.014304891228675842,6.274446487426758,0.022772733122110367,0.00043638268834911287,0.1199600100517273
1784885706050168842,1784885706050586711,276,248,0.0019451965345069766,6.26197624206543,0.022727202624082565,0.00043639037176035345,0.12020033597946167
1784885706170258966,1784885706170855978,277,252,0.011893692426383495,6.272193431854248,0.022636141628026962,0.00043637165799736977,0.12068387866020203
1784885706290126434,1784885706290437429,276,250,0.00857673678547144,6.268749237060547,0.0227423794567585,0.00043638053466565907,0.12012012302875519
1784885706410173286,1784885706410688569,275,250,0.005338522605597973,6.2654290199279785,0.022780321538448334,0.0004363862390164286,0.11992005258798599
1784885706530148444,1784885706530519116,277,251,0.017997557297348976,6.278230667114258,0.02266649529337883,0.0004363762855064124,0.12052226066589355
1784885706650171151,1784885706650612203,277,253,0.014530004002153873,6.272840976715088,0.022628553211688995,0.0004365103377494961,0.12072434276342392
1784885706770179175,1784885706770775095,277,251,0.005575188435614109,6.265903472900391,0.02266649529337883,0.00043636964983306825,0.12052226066589355
1784885706890108616,1784885706890522810,277,251,0.021289728581905365,6.2816243171691895,0.022636141628026962,0.00043636924237944186,0.12068387866020203
1784885707010197533,1784885707010781398,277,252,0.000863635097630322,6.261378765106201,0.022681672126054764,0.00043635661131702363,0.12044161558151245
1784885707140199011,1784885707141188216,276,254,0.013496984727680683,6.273756980895996,0.022704437375068665,0.00043637442286126316,0.12032085657119751
1784885707250235289,1784885707250869283,277,250,0.013325965963304043,6.273550033569336,0.022674083709716797,0.00043637692579068244,0.1204819306731224
1784885707380174669,1784885707380599803,276,255,0.017766332253813744,6.27815580368042,0.02271202579140663,0.00043636540067382157,0.12028065323829651
1784885707500181605,1784885707500661069,277,247,0.00013452988059725612,6.260392189025879,0.02261337637901306,0.000436374539276585,0.12080536782741547
1784885707620171292,1784885707620843798,278,256,0.01603715680539608,6.276439666748047,0.02259061299264431,0.00043636446935124695,0.1209271103143692
1784885707740196258,1784885707740804472,278,254,0.013162505812942982,6.273803234100342,0.02253749407827854,0.00043634790927171707,0.12121212482452393
1784885707860155110,1784885707860511771,278,255,0.016702763736248016,6.2773823738098145,0.022529905661940575,0.00043634517351165414,0.12125294655561447
1784885707990163167,1784885707990441355,279,254,0.012628857977688313,6.2731032371521,0.02251472882926464,0.00043635949259623885,0.12133467942476273
1784885708110186850,1784885708110705924,279,259,0.020043188706040382,6.280543327331543,0.022499551996588707,0.00043635774636641145,0.12141652405261993
1784885708230158434,1784885708230550532,278,251,0.025806849822402,6.2823052406311035,0.02251472882926464,0.00043663682299666107,0.12133467942476273
1784885708350189298,1784885708350837133,279,249,0.005762801039963961,6.266677379608154,0.022461609914898872,0.00043632881715893745,0.12162162363529205
1784885708470204385,1784885708470744588,279,252,0.015298050828278065,6.276134967803955,0.022507140412926674,0.0004363342304714024,0.12137559056282043
1784885708600186184,1784885708600893112,278,254,0.002906699199229479,6.263145923614502,0.022522317245602608,0.000436375878052786,0.1212937980890274
1784885708720167227,1784885708720550925,278,249,0.007146171759814024,6.267403602600098,0.022529905661940575,0.0004363745974842459,0.12125294655561447
1784885708840170644,1784885708840709342,278,250,0.008764762431383133,6.268975734710693,0.022552670910954475,0.0004363778862170875,0.1211305484175682
1784885708970167662,1784885708970566431,276,248,0.007482585962861776,6.267518997192383,0.022749967873096466,0.0004363899934105575,0.12008005380630493
1784885709080180440,1784885709080621639,276,249,0.009197985753417015,6.269137382507324,0.022727202624082565,0.0004363968037068844,0.12020033597946167
1784885709210192597,1784885709210647433,276,248,0.018410474061965942,6.278574466705322,0.022727202624082565,0.0004363811167422682,0.12020033597946167
1784885709320159253,1784885709320567084,276,249,0.004485259763896465,6.2644171714782715,0.022681672126054764,0.00043639729847200215,0.12044161558151245
1784885709450171596,1784885709450573649,276,251,0.0175752192735672,6.277709007263184,0.022696848958730698,0.00043638324132189155,0.1203610822558403
1784885709570226838,1784885709570658580,275,246,0.010065814480185509,6.268983840942383,0.0227879099547863,0.000436468020780012,0.11988011747598648
1784885709690178984,1784885709690600879,277,246,0.0032386602833867073,6.263199329376221,0.022628553211688995,0.00043639529030770063,0.12072434276342392
1784885709810178972,1784885709810611513,277,253,0.006703000050038099,6.267024040222168,0.02261337637901306,0.00043637017370201647,0.12080536782741547
1784885709930185406,1784885709930549353,277,255,0.0014208628563210368,6.261561393737793,0.022674083709716797,0.00043638277566060424,0.1204819306731224
1784885710060163774,1784885710060566217,277,253,0.014630836434662342,6.274610996246338,0.02266649529337883,0.0004363939515314996,0.12052226066589355
1784885710170162386,1784885710170524222,278,251,0.00573002640157938,6.266018390655518,0.022575436159968376,0.000436372502008453,0.12100840359926224
1784885710300205785,1784885710300528686,277,251,0.022754887118935585,6.283082485198975,0.02264373004436493,0.0004363696789368987,0.12064342945814133
1784885710420166762,1784885710420625749,276,254,0.0195961594581604,6.279726505279541,0.02268926054239273,0.0004363834741525352,0.12040133774280548
1784885710540149771,1784885710540511588,277,251,0.010999093763530254,6.270950794219971,0.022636141628026962,0.0004363959305919707,0.12068387866020203
1784885710660215497,1784885710661528427,277,251,0.0213894322514534,6.281745433807373,0.022636141628026962,0.00043636769987642765,0.12068387866020203
1784885710780166017,1784885710780862122,277,249,0.010231846012175083,6.270528793334961,0.022674083709716797,0.00043637186172418296,0.1204819306731224
1784885710910183521,1784885710910618731,276,250,0.003024923149496317,6.262977600097656,0.022696848958730698,0.0004363958432804793,0.1203610822558403
1784885711030188736,1784885711030591015,277,249,0.020402757450938225,6.280402183532715,0.022628553211688995,0.00043639258365146816,0.12072434276342392
1784885711150177868,1784885711150752556,277,257,0.005569182336330414,6.265703201293945,0.022628553211688995,0.0004363831540104002,0.12072434276342392
1784885711270166759,1784885711270627932,277,251,0.01804892159998417,6.278215408325195,0.022605789825320244,0.00043638094211928546,0.12084592133760452
1784885711390216196,1784885711390688363,277,249,0.009299767203629017,6.269435405731201,0.022658906877040863,0.00043638309580273926,0.12056262791156769
1784885711510172863,1784885711510547544,277,252,0.0017589990748092532,6.261892795562744,0.022658906877040863,0.0004363832122180611,0.12056262791156769
1784885711630171096,1784885711630645121,276,255,0.012681412510573864,6.272846221923828,0.02271202579140663,0.0004363810585346073,0.12028065323829651
1784885711760175871,1784885711760578373,276,245,0.012804475612938404,6.272791385650635,0.022749967873096466,0.00043639345676638186,0.12008005380630493
1784885711880148028,1784885711880501369,276,252,0.0077374596148729324,6.267858982086182,0.02271202579140663,0.0004363840853329748,0.12028065323829651
1784885712000173042,1784885712000539124,276,254,0.023815739899873734,6.283007621765137,0.022749967873096466,0.00043644889956340194,0.12008005380630493
1784885712120183272,1784885712120723846,276,257,0.013026559725403786,6.273012161254883,0.02268926054239273,0.00043639354407787323,0.12040133774280548
1784885712240151822,1784885712240511735,277,260,0.0030615306459367275,6.263171672821045,0.022674083709716797,0.00043638484203256667,0.1204819306731224
1784885712360208280,1784885712360729338,276,255,0.022556930780410767,6.282330513000488,0.022749967873096466,0.00043640832882374525,0.12008005380630493
1784885712480155365,1784885712480509948,276,261,0.007838884368538857,6.267780780792236,0.0227196142077446,0.00043639657087624073,0.1202404797077179
1784885712600157006,1784885712600538273,275,259,0.014031141996383667,6.274196624755859,0.022780321538448334,0.0004363810003269464,0.11992005258798599
1784885712730175309,1784885712730607438,275,260,0.020965268835425377,6.280957221984863,0.022772733122110367,0.0004363931075204164,0.1199600100517273
1784885712840157132,1784885712840516487,276,255,0.002268273150548339,6.262412071228027,0.0227423794567585,0.00043638251372613013,0.12012012302875519
1784885712970322078,1784885712970898547,275,255,0.005182964261621237,6.2642598152160645,0.022772733122110367,0.00043645690311677754,0.1199600100517273
1784885713080161514,1784885713080589715,276,259,0.00285876402631402,6.262805461883545,0.022704437375068665,0.0004363962507341057,0.12032085657119751
1784885713210188387,1784885713210713951,276,255,0.010307992808520794,6.270440101623535,0.0227423794567585,0.0004363833286333829,0.12012012302875519
1784885713320171951,1784885713320684370,275,253,0.013528094626963139,6.273543834686279,0.022772733122110367,0.00043639144860208035,0.1199600100517273
1784885713450163975,1784885713450557660,275,252,0.010721482336521149,6.270659446716309,0.022833440452814102,0.0004363968619145453,0.11964107304811478
1784885713570268070,1784885713570684072,274,248,0.002439761534333229,6.262192249298096,0.02286379411816597,0.000436409842222929,0.11948224157094955
1784885713690193796,1784885713690844480,275,247,0.013754335232079029,6.273696422576904,0.02281826362013817,0.0004363965999800712,0.11972065269947052
1784885713810154724,1784885713810593136,275,246,0.0009244435932487249,6.2589592933654785,0.02281826362013817,0.00043652960448525846,0.11972065269947052
1784885713930185202,1784885713930738839,275,243,0.006637790240347385,6.266589164733887,0.0227879099547863,0.0004363959014881402,0.11988011747598648
1784885714050221105,1784885714050589877,275,238,0.011818512342870235,6.2700324058532715,0.022833440452814102,0.00043651708983816206,0.11964107304811478
1784885714170198649,1784885714170521568,275,242,0.020786846056580544,6.280590534210205,0.022833440452814102,0.0004364062624517828,0.11964107304811478
1784885714290176156,1784885714290729268,275,238,0.01466227788478136,6.274787425994873,0.022780321538448334,0.0004363838233985007,0.11992005258798599
1784885714410155111,1784885714410535430,276,240,0.017903991043567657,6.277859687805176,0.022727202624082565,0.0004363956395536661,0.12020033597946167
1784885714530177302,1784885714530683577,275,238,0.0028151054866611958,6.262948513031006,0.022825852036476135,0.00043638324132189155,0.11968085169792175
1784885714660259703,1784885714660883804,275,242,0.005361775867640972,6.265171527862549,0.022825852036476135,0.0004364057967904955,0.11968085169792175
1784885714770173398,1784885714770553327,274,242,0.018247954547405243,6.278165340423584,0.02286379411816597,0.00043639831710606813,0.11948224157094955
1784885714900167176,1784885714900600829,275,238,0.021484503522515297,6.281409740447998,0.02284102886915207,0.00043639776413328946,0.11960133165121078
1784885715010175884,1784885715010621507,276,233,0.0027311393059790134,6.262688636779785,0.022757556289434433,0.0004363955231383443,0.12004001438617706
1784885715140160698,1784885715140936491,275,242,0.02117340639233589,6.280059337615967,0.022772733122110367,0.0004364702326711267,0.1199600100517273
1784885715250160958,1784885715250602757,276,241,0.0067711458541452885,6.266703128814697,0.02268926054239273,0.0004363972693681717,0.12040133774280548
1784885715380157595,1784885715380530141,277,243,0.0031979552004486322,6.263345718383789,0.02262096479535103,0.000436382251791656,0.1207648441195488
1784885715500177139,1784885715500713155,277,247,0.012192709371447563,6.270723342895508,0.022628553211688995,0.0004364950000308454,0.12072434276342392
1784885715620160933,1784885715620486964,277,245,0.005121330730617046,6.265259742736816,0.022628553211688995,0.0004363828629720956,0.12072434276342392
1784885715740259455,1784885715740778674,278,241,0.0032950907479971647,6.263604640960693,0.022575436159968376,0.00043637098860926926,0.12100840359926224
1784885715860167240,1784885715860743368,278,246,0.012988892383873463,6.273298263549805,0.022575436159968376,0.00043637098860926926,0.12100840359926224
1784885715990184351,1784885715990666836,277,249,0.02042742259800434,6.279853343963623,0.02264373004436493,0.00043643254321068525,0.12064342945814133
1784885716110166402,1784885716110621916,277,243,0.02225029096007347,6.282391548156738,0.022658906877040863,0.00043638268834911287,0.12056262791156769
1784885716230184175,1784885716230686569,278,247,0.023046504706144333,6.2829909324646,0.022560259327292442,0.00043639642535708845,0.12108980864286423
1784885716350159040,1784885716350473672,279,245,0.0032423110678792,6.263546466827393,0.022507140412926674,0.0004363713669590652,0.12137559056282043
1784885716470176331,1784885716470524053,278,250,0.013437031768262386,6.273753643035889,0.022529905661940575,0.0004363704938441515,0.12125294655561447
1784885716600193415,1784885716600842370,278,245,0.008468090556561947,6.2685627937316895,0.022560259327292442,0.0004363859770819545,0.12108980864286423
1784885716720160838,1784885716720444253,279,246,0.007326464634388685,6.2674560546875,0.02249196358025074,0.0004363835323601961,0.12145748734474182
1784885716840183733,1784885716840744978,279,251,0.01121517550200224,6.271518707275391,0.02243884466588497,0.00043637139606289566,0.12174501270055771
1784885716960183021,1784885716960765888,279,249,0.0027418469544500113,6.2632246017456055,0.022484375163912773,0.0004363589105196297,0.1214984804391861
1784885717080174472,1784885717080515065,279,250,0.01960761286318302,6.279855251312256,0.022461609914898872,0.00043637529597617686,0.12162162363529205
1784885717200177297,1784885717200973461,279,251,0.010729617439210415,6.271041393280029,0.022499551996588707,0.000436370843090117,0.12141652405261993
1784885717330178602,1784885717330656034,278,246,0.016910914331674576,6.277227401733398,0.022529905661940575,0.0004363704938441515,0.12125294655561447
1784885717450222160,1784885717450607883,278,255,0.017150819301605225,6.2772698402404785,0.02253749407827854,0.00043638425995595753,0.12121212482452393
1784885717570163951,1784885717570736486,278,256,0.01858706586062908,6.278742790222168,0.022575436159968376,0.00043638169881887734,0.12100840359926224
1784885717700177893,1784885717700794316,277,255,0.020410815253853798,6.2805962562561035,0.022636141628026962,0.0004363796324469149,0.12068387866020203
1784885717810167652,1784885717810587668,277,253,0.003268297528848052,6.263579845428467,0.02266649529337883,0.000436370843090117,0.12052226066589355
1784885717940183747,1784885717940791874,277,248,0.01481957733631134,6.275156021118164,0.022628553211688995,0.0004363690968602896,0.12072434276342392
1784885718060148030,1784885718060547200,278,248,0.010165485553443432,6.270322322845459,0.02259061299264431,0.0004363816406112164,0.1209271103143692
1784885718180166389,1784885718181032138,278,244,0.015785137191414833,6.27595853805542,0.022522317245602608,0.00043638047645799816,0.1212937980890274
1784885718300192078,1784885718300736142,278,235,0.00416583102196455,6.264503479003906,0.022529905661940575,0.0004363690095487982,0.12125294655561447
1784885718420104953,1784885718420482470,278,235,0.0162143986672163,6.276356220245361,0.022575436159968376,0.0004363826592452824,0.12100840359926224
1784885718550246300,1784885718550597282,278,236,0.014312133193016052,6.2744879722595215,0.02259061299264431,0.00043638033093884587,0.1209271103143692
1784885718670173258,1784885718670851826,278,232,0.022004803642630577,6.28215217590332,0.02254508249461651,0.0004363822808954865,0.12117132544517517
1784885718790163284,1784885718790538815,279,237,0.013683385215699673,6.273806571960449,0.02249196358025074,0.00043638396891765296,0.12145748734474182
1784885718910171160,1784885718910608386,280,235,0.01730974018573761,6.277706146240234,0.022408491000533104,0.0004363649059087038,0.12190992385149002
1784885719030168356,1784885719030574051,281,239,0.018986402079463005,6.279420852661133,0.0222946647554636,0.0004363622283563018,0.12253233790397644
1784885719150218939,1784885719150625024,281,244,0.013927100226283073,6.274449825286865,0.02234778366982937,0.00043635611655190587,0.12224108725786209
1784885719280159563,1784885719280546353,281,241,0.022080181166529655,6.282617568969727,0.022355372086167336,0.00043635506881400943,0.12219959497451782
1784885719400249998,1784885719400773319,281,238,0.0047059934586286545,6.265196800231934,0.0223401952534914,0.00043635835754685104,0.12228260934352875
1784885719520152733,1784885719520539839,281,241,0.011877020820975304,6.272423267364502,0.0223174300044775,0.00043635445763356984,0.12240734696388245
1784885719650174860,1784885719650596752,280,243,0.013444052077829838,6.273861408233643,0.022423667833209038,0.00043636345071718097,0.12182740867137909
1784885719770178820,1784885719770680119,279,240,0.0024834051728248596,6.262762546539307,0.02244643308222294,0.00043637308408506215,0.1217038556933403
1784885719890163243,1784885719890549663,279,233,0.021812880411744118,6.282135963439941,0.022476786747574806,0.00043637005728669465,0.12153950333595276
1784885720010164141,1784885720010616230,279,238,0.011002876795828342,6.271295547485352,0.022476786747574806,0.00043637215276248753,0.12153950333595276
1784885720140163676,1784885720140542007,278,237,0.01799933612346649,6.278275012969971,0.022522317245602608,0.00043637334601953626,0.1212937980890274
1784885720260157857,1784885720260551752,279,234,0.02096901834011078,6.281035423278809,0.02243884466588497,0.0004363879270385951,0.12174501270055771
1784885720380157233,1784885720380574001,280,238,0.01723325438797474,6.277454376220703,0.022400902584195137,0.0004363771586213261,0.12195122241973877
1784885720510188676,1784885720510730441,280,238,0.022609233856201172,6.282907485961914,0.022378137335181236,0.0004363717744126916,0.12207528203725815
1784885720630161041,1784885720630569795,280,241,0.017322013154625893,6.2776103019714355,0.022362960502505302,0.00043637247290462255,0.12215812504291534
1784885720750369468,1784885720750999129,281,245,0.021201010793447495,6.281602382659912,0.02234778366982937,0.0004363645566627383,0.12224108725786209
1784885720870165524,1784885720870651952,280,238,0.009546170011162758,6.26982307434082,0.022400902584195137,0.00043637322960421443,0.12195122241973877
1784885721000182349,1784885721000653936,279,239,0.004195156041532755,6.26447057723999,0.02243884466588497,0.0004363733751233667,0.12174501270055771
1784885721120182200,1784885721120561145,280,240,0.01976613886654377,6.280187129974365,0.022423667833209038,0.0004363632178865373,0.12182740867137909
1784885721240168373,1784885721240627470,280,242,0.003078435780480504,6.263481616973877,0.022423667833209038,0.00043636446935124695,0.12182740867137909
1784885721370166886,1784885721370724276,281,245,0.008191820234060287,6.268496990203857,0.022355372086167336,0.00043637127964757383,0.12219959497451782
1784885721490183165,1784885721490595629,281,246,0.02198428101837635,6.282392978668213,0.0223401952534914,0.00043636406189762056,0.12228260934352875
1784885721610172528,1784885721610647967,281,242,0.0013788689393550158,6.2619428634643555,0.022309841588139534,0.00043635323527269065,0.12244898080825806
1784885721730155547,1784885721730514848,281,241,0.019007738679647446,6.279311656951904,0.022325018420815468,0.00043637133785523474,0.12236573547124863
1784885721860293774,1784885721861158305,280,246,0.01164096500724554,6.271956920623779,0.022362960502505302,0.00043637052294798195,0.12215812504291534
1784885721980191244,1784885721980582209,281,243,0.0009936094284057617,6.261296272277832,0.022325018420815468,0.000436371483374387,0.12236573547124863
1784885722100184021,1784885722100804222,281,246,0.014139162376523018,6.274714946746826,0.0222946647554636,0.00043635242036543787,0.12253233790397644
1784885722230182291,1784885722230489276,282,247,0.01124696433544159,6.271722793579102,0.022264311090111732,0.000436359376180917,0.12269938737154007
1784885722350161401,1784885722350547788,282,243,0.016646962612867355,6.277107238769531,0.0222718995064497,0.0004363604530226439,0.12265758216381073
1784885722470171336,1784885722470778016,282,243,0.002818180015310645,6.261722087860107,0.022211192175745964,0.0004364689521025866,0.12299282848834991
1784885722590183980,1784885722590636731,283,251,0.007487847004085779,6.268169403076172,0.02217325195670128,0.00043634508620016277,0.12320328503847122
1784885722720160549,1784885722720499844,282,255,0.0015113725094124675,6.262124061584473,0.022203603759407997,0.0004363498301245272,0.12303485721349716
1784885722850192150,1784885722850848649,282,248,0.0057795667089521885,6.266462802886963,0.022226369008421898,0.0004363449406810105,0.12290884554386139
1784885722970194500,1784885722970790496,284,247,0.00915336050093174,6.269643783569336,0.022112544625997543,0.00043635835754685104,0.12354152649641037
1784885723090267330,1784885723090717913,284,250,0.01777992583811283,6.278425693511963,0.02212013304233551,0.0004363475600257516,0.12349914014339447
1784885723210176368,1784885723210552283,285,255,0.016527945175766945,6.2757062911987305,0.022013895213603973,0.000436449859989807,0.1240951418876648
1784885723340159437,1784885723340546851,285,250,0.006542596034705639,6.267316818237305,0.02204424887895584,0.0004363386251498014,0.12392427027225494
1784885723470176798,1784885723470690994,285,249,0.008099021390080452,6.2687177658081055,0.02197595313191414,0.0004363494226709008,0.12430939078330994
1784885723590187321,1784885723590657006,285,249,0.020176494494080544,6.280667781829834,0.022006306797266006,0.0004363582993391901,0.12413793057203293
1784885723720176659,1784885723720576443,284,257,0.007855921052396297,6.268747329711914,0.022059425711631775,0.0004363304178696126,0.12383900582790375
1784885723840185476,1784885723840577433,285,247,0.013448210433125496,6.2742228507995605,0.02204424887895584,0.00043633856694214046,0.12392427027225494
1784885723970176742,1784885723970684633,284,250,0.007943732663989067,6.268869876861572,0.022112544625997543,0.0004363280313555151,0.12354152649641037
1784885724090172301,1784885724090639057,283,253,0.01511691976338625,6.275957107543945,0.022165663540363312,0.0004363340267445892,0.12324546277523041
1784885724210166784,1784885724210638288,282,258,0.008126399479806423,6.268746852874756,0.022226369008421898,0.000436349306255579,0.12290884554386139
1784885724340189253,1784885724340780390,283,251,0.019567856565117836,6.280092239379883,0.022135309875011444,0.0004363560292404145,0.12341446429491043
1784885724460164024,1784885724460699600,283,257,0.009224179200828075,6.268144130706787,0.022135309875011444,0.0004364679043646902,0.12341446429491043
1784885724590171731,1784885724590673408,284,257,0.0028681419789791107,6.2637858390808105,0.022112544625997543,0.0004363285843282938,0.12354152649641037
1784885724710186095,1784885724710827025,284,258,0.005778486840426922,6.266444206237793,0.022082190960645676,0.00043634616304188967,0.12371134012937546
1784885724830169007,1784885724830729285,285,253,0.014470444992184639,6.275180816650391,0.02204424887895584,0.00043634307803586125,0.12392427027225494
1784885724960182240,1784885724960827102,284,261,0.024000737816095352,6.283173084259033,0.02209736779332161,0.0004364502674434334,0.12362637370824814
1784885725080180488,1784885725080771546,283,250,0.007614799775183201,6.268558025360107,0.022135309875011444,0.00043632680899463594,0.12341446429491043
1784885725210157031,1784885725210697855,282,255,0.007476960774511099,6.268197536468506,0.022203603759407997,0.00043634226312860847,0.12303485721349716
1784885725330204190,1784885725330688493,283,258,0.014110628515481949,6.274479389190674,0.022180840373039246,0.0004363668558653444,0.12316113710403442
1784885725450147783,1784885725450479509,282,250,0.012879162095487118,6.273303985595703,0.02221878059208393,0.00043636292684823275,0.12295082211494446
1784885725570171335,1784885725570633849,282,254,0.005432514939457178,6.266026496887207,0.022211192175745964,0.00043635113979689777,0.12299282848834991
1784885725700169352,1784885725700537813,282,253,0.017538778483867645,6.2781267166137695,0.022233957424759865,0.00043635154725052416,0.12286689132452011
1784885725830180887,1784885725830609782,282,246,0.004699475597590208,6.265211582183838,0.0222718995064497,0.0004363568441476673,0.12265758216381073
1784885725950168002,1784885725950636339,282,254,0.012574566528201103,6.272988796234131,0.022226369008421898,0.00043636365444399416,0.12290884554386139
1784885726070170230,1784885726070616878,283,259,0.008463265374302864,6.268876552581787,0.02217325195670128,0.00043636374175548553,0.12320328503847122
1784885726190249985,1784885726191284240,284,251,0.0167637150734663,6.277254104614258,0.022059425711631775,0.0004363583866506815,0.12383900582790375
1784885726320163270,1784885726320556442,284,255,0.020777627825737,6.2803192138671875,0.022112544625997543,0.00043642453965730965,0.12354152649641037
1784885726440192590,1784885726440754572,283,256,0.0007832472329027951,6.261623382568359,0.022150486707687378,0.00043633405584841967,0.12332990765571594
1784885726570175112,1784885726570802011,285,252,0.006096036173403263,6.266510009765625,0.022036660462617874,0.0004363636835478246,0.12396693974733353
1784885726690156741,1784885726690444760,284,257,0.013600817881524563,6.274265766143799,0.022104956209659576,0.0004363462212495506,0.12358393520116806
1784885726820160328,1784885726820529005,284,257,0.0025066561065614223,6.26342248916626,0.022089779376983643,0.00043632875895127654,0.1236688420176506
1784885726940176482,1784885726940511728,284,252,0.01794152706861496,6.27860689163208,0.02212013304233551,0.0004363461921457201,0.12349914014339447
1784885727060198399,1784885727060910289,284,252,0.008493364788591862,6.269383430480957,0.022089779376983643,0.0004363305342849344,0.1236688420176506
1784885727190179817,1784885727190528985,283,249,0.017618948593735695,6.276861190795898,0.02214289829134941,0.00043644540710374713,0.12337217479944229
1784885727310161203,1784885727310647632,283,247,0.015935605391860008,6.276236534118652,0.022135309875011444,0.0004363715706858784,0.12341446429491043
1784885727440154135,1784885727440570107,284,253,0.014713747426867485,6.275522708892822,0.022051837295293808,0.00043633615132421255,0.12388162314891815
1784885727560155082,1784885727560495332,285,259,0.004740463104099035,6.265615463256836,0.021968364715576172,0.0004363315529190004,0.12435232847929001
1784885727690126821,1784885727690517280,286,254,0.013079650700092316,6.274259090423584,0.021960776299238205,0.00043631033622659743,0.12439530342817307
1784885727810232489,1784885727810593078,285,258,0.005197525955736637,6.266355991363525,0.021983541548252106,0.00043631179141812027,0.12426648288965225
1784885727940161138,1784885727940664402,285,253,0.019205043092370033,6.280360698699951,0.022036660462617874,0.0004363120242487639,0.12396693974733353
1784885728060154695,1784885728060520139,285,245,0.004289110191166401,6.265690803527832,0.02204424887895584,0.0004362948820926249,0.12392427027225494
1784885728180164262,1784885728180584622,285,255,0.012268616817891598,6.273515701293945,0.02204424887895584,0.00043630562140606344,0.12392427027225494
1784885728310165325,1784885728310674270,284,247,0.014958471991121769,6.27543306350708,0.022059425711631775,0.0004363594634924084,0.12383900582790375
1784885728440237766,1784885728440667879,285,245,0.017340805381536484,6.278807163238525,0.022013895213603973,0.00043629034189507365,0.1240951418876648
1784885728560327984,1784885728561105056,285,245,7.55534929339774e-05,6.262259483337402,0.02197595313191414,0.000436240341514349,0.12430939078330994
1784885728690191163,1784885728690782667,286,248,0.008375712670385838,6.26992654800415,0.021960776299238205,0.0004362844629213214,0.12439530342817307
1784885728810169157,1784885728810607742,287,246,0.009456485509872437,6.27183723449707,0.02187730371952057,0.00043622663361020386,0.1248699277639389
1784885728940178822,1784885728940552071,286,247,0.004395365249365568,6.264875888824463,0.021915245801210403,0.000436359056038782,0.12465374171733856
1784885729060149354,1784885729060506695,287,248,0.0016231915215030313,6.263187885284424,0.02187730371952057,0.00043628347339108586,0.1248699277639389
1784885729190163115,1784885729190497524,286,245,0.02065129019320011,6.282223701477051,0.021960776299238205,0.0004362829786259681,0.12439530342817307
1784885729310186021,1784885729310761308,286,244,0.0106474244967103,6.272516250610352,0.021960776299238205,0.00043626228580251336,0.12439530342817307
1784885729430178708,1784885729430539349,285,244,0.010913328267633915,6.271860599517822,0.021983541548252106,0.00043632651795633137,0.12426648288965225
1784885729560403204,1784885729561074208,284,251,0.009942803531885147,6.271627902984619,0.022059425711631775,0.00043627514969557524,0.12383900582790375
1784885729680177945,1784885729680741181,284,241,0.020910806953907013,6.282222270965576,0.022051837295293808,0.00043630116852000356,0.12388162314891815
1784885729810162062,1784885729810577079,280,246,0.02458208054304123,6.238930702209473,0.022226369008421898,0.000439598283264786,0.12290884554386139
1784885729930172639,1784885729930540845,282,247,0.03335104137659073,6.274363994598389,0.022180840373039246,0.000437720213085413,0.12316113710403442
1784885730060155496,1784885730060556587,282,239,0.006719646975398064,6.267385005950928,0.022211192175745964,0.00043634616304188967,0.12299282848834991
1784885730180173887,1784885730180815437,283,243,0.008080205880105495,6.268776893615723,0.022150486707687378,0.0004363439802546054,0.12332990765571594
1784885730300362569,1784885730301050038,284,245,0.017746776342391968,6.281524181365967,0.022127721458673477,0.0004361293977126479,0.12345679104328156
1784885730430187314,1784885730430564306,285,243,0.0021888595074415207,6.261162281036377,0.022013895213603973,0.0004364641208667308,0.1240951418876648
1784885730550171483,1784885730550649768,284,253,0.006035130470991135,6.270156383514404,0.022127721458673477,0.0004361054743640125,0.12345679104328156
1784885730680151355,1784885730680577974,284,252,0.0048452275805175304,6.268744945526123,0.02209736779332161,0.0004361208702903241,0.12362637370824814
1784885730800152320,1784885730800502710,285,250,0.011242912150919437,6.2753520011901855,0.022051837295293808,0.0004361062601674348,0.12388162314891815
1784885730930199300,1784885730930605397,284,247,0.02397061698138714,6.265895366668701,0.022051837295293808,0.0004376562428660691,0.12388162314891815
1784885731050183821,1784885731050683178,283,244,0.002255835570394993,6.263051986694336,0.022127721458673477,0.00043633708264678717,0.12345679104328156
1784885731170156780,1784885731170514753,284,249,0.013544146902859211,6.275870323181152,0.022112544625997543,0.00043623047531582415,0.12354152649641037
1784885731300150747,1784885731300479098,282,246,0.002458724658936262,6.262709140777588,0.0222718995064497,0.00043637509224936366,0.12265758216381073
1784885731420176575,1784885731420757106,280,243,0.01216580905020237,6.272707462310791,0.02239331416785717,0.0004363548068795353,0.12199254333972931
1784885731540170852,1784885731540638010,281,243,0.0034877231810241938,6.264003276824951,0.0223174300044775,0.0004363565822131932,0.12240734696388245
1784885731660158196,1784885731660558824,281,246,0.008877511136233807,6.269667625427246,0.022325018420815468,0.00043633749010041356,0.12236573547124863
1784885731790170441,1784885731790658917,280,236,0.01148900855332613,6.271983623504639,0.022378137335181236,0.000436358037404716,0.12207528203725815
1784885731910167925,1784885731910513552,281,242,0.006264376919716597,6.266762733459473,0.022355372086167336,0.0004363578336779028,0.12219959497451782
1784885732030167889,1784885732030503695,281,230,0.0026068694423884153,6.263089656829834,0.0223174300044775,0.0004363589105196297,0.12240734696388245
1784885732160168109,1784885732160571017,273,233,0.0008483479032292962,6.112715244293213,0.02239331416785717,0.00044696935219690204,0.12199254333972931
1784885732280163010,1784885732280712041,280,235,0.01988343894481659,6.27971887588501,0.02241607941687107,0.0004364040505606681,0.12186865508556366
1784885732400172091,1784885732400638560,278,235,0.022131962701678276,6.276383399963379,0.022560259327292442,0.0004367936635389924,0.12108980864286423
1784885732520186251,1784885732520682898,276,236,0.006756283808499575,6.263463973999023,0.022727202624082565,0.00043662218376994133,0.12020033597946167
1784885732640153643,1784885732640680653,274,231,0.02334200218319893,6.278880596160889,0.022833440452814102,0.00043670382001437247,0.11964107304811478
1784885732760154846,1784885732760567467,271,230,0.014792127534747124,6.251363277435303,0.023091444745659828,0.0004380319151096046,0.1183043047785759
1784885732880164094,1784885732880683003,267,234,0.009019583463668823,6.188165187835693,0.02318250574171543,0.0004421027551870793,0.11783960461616516
1784885733000180793,1784885733000621330,266,230,0.0074394457042217255,6.186071872711182,0.023265978321433067,0.0004421394842211157,0.11741682887077332
1784885733120180252,1784885733120637953,265,233,0.025772757828235626,6.204084873199463,0.023341862484812737,0.0004421624180395156,0.11703511327505112
1784885733230152550,1784885733230572550,266,232,0.00969870574772358,6.2649712562561035,0.023546747863292694,0.0004367223591543734,0.11601676046848297
1784885733350175529,1784885733350740922,265,227,0.012835133820772171,6.268229961395264,0.023645397275686264,0.0004367138317320496,0.11553273350000381
1784885733470161177,1784885733470538841,264,228,0.002182496478781104,6.257538795471191,0.0237516351044178,0.0004367165092844516,0.11501597613096237
1784885733580176774,1784885733580797441,264,227,0.03901504725217819,6.274019718170166,0.0236833393573761,0.00043814198579639196,0.11534764617681503
1784885733700170782,1784885733700523163,263,225,0.014188134111464024,6.249229431152344,0.023736458271741867,0.00043813942465931177,0.11508951336145401
1784885733820177394,1784885733820753945,264,223,0.018268641084432602,6.277313709259033,0.0237516351044178,0.0004364591441117227,0.11501597613096237
1784885733930223946,1784885733930846632,263,223,0.0024889346677809954,6.237518310546875,0.023744046688079834,0.000438140268670395,0.115052729845047
1784885734050184792,1784885734050832995,264,225,0.0024806137662380934,6.262979507446289,0.0237516351044178,0.0004363577754702419,0.11501597613096237
1784885734160158503,1784885734160591034,262,224,0.00019900148618035018,6.234857082366943,0.02388063631951809,0.0004381663165986538,0.1143946647644043
1784885734270200386,1784885734270661572,264,231,0.009073395282030106,6.269433498382568,0.02378198876976967,0.00043636743794195354,0.11486917734146118
1784885734390148796,1784885734390523831,263,227,0.018313081935048103,6.2751784324646,0.023812342435121536,0.00043661121162585914,0.11472275108098984
1784885734500174683,1784885734500715680,264,223,0.01770775020122528,6.276739597320557,0.02378198876976967,0.0004364601045381278,0.11486917734146118
1784885734620162535,1784885734620612785,263,226,0.0185727309435606,6.2776079177856445,0.02385028265416622,0.00043645978439599276,0.11454024910926819
1784885734740164843,1784885734740548553,260,223,0.019445180892944336,6.2299628257751465,0.023895813152194023,0.00043986947275698185,0.1143220067024231
1784885734850182946,1784885734850741422,263,226,0.019467465579509735,6.278470039367676,0.02385787107050419,0.00043646208359859884,0.11450381577014923
1784885734970150947,1784885734970492860,259,228,0.0395805686712265,6.224023342132568,0.02392616681754589,0.0004417240561451763,0.11417697370052338
1784885735080208938,1784885735080615375,261,227,0.02336915023624897,6.282299995422363,0.023994462564587593,0.0004364670894574374,0.11385199427604675
1784885735200299912,1784885735200905815,260,218,0.02150947041809559,6.280370712280273,0.02407793514430523,0.00043647194979712367,0.11345729231834412
1784885735310167384,1784885735310578732,260,229,0.0242551788687706,6.2831597328186035,0.024085523560643196,0.0004364689521025866,0.11342155188322067
1784885735420185706,1784885735420799356,260,228,0.016463343054056168,6.274946212768555,0.02410070039331913,0.00043649834697134793,0.11335012316703796
1784885735540155484,1784885735540512008,259,227,0.011534546501934528,6.271633625030518,0.0241765845566988,0.00043638565693981946,0.11299435049295425
1784885735650182665,1784885735650568956,256,224,0.0018739160150289536,6.205871105194092,0.024290408939123154,0.0004403318162076175,0.11246485263109207
1784885735760161639,1784885735760572524,259,221,0.02389899268746376,6.282430171966553,0.02425246685743332,0.00043649497092701495,0.11264079809188843
1784885735880199012,1784885735880587378,258,220,0.012893644161522388,6.272653102874756,0.024267643690109253,0.0004364092892501503,0.11257035285234451
1784885735990151908,1784885735990597953,258,221,0.02004988119006157,6.278062343597412,0.024290408939123154,0.00043653114698827267,0.11246485263109207
1784885736100169789,1784885736100614447,256,221,0.018380116671323776,6.22797155380249,0.024335939437150955,0.00043993513099849224,0.11225444078445435
1784885736220170091,1784885736220716442,254,222,0.008633136749267578,6.189543724060059,0.024335939437150955,0.00044197653187438846,0.11225444078445435
1784885736330163273,1784885736330635935,257,222,0.001126924529671669,6.234489917755127,0.024305585771799088,0.0004382573824841529,0.11239463090896606
1784885736440150395,1784885736440487539,255,216,0.044058769941329956,6.228291034698486,0.02432835102081299,0.0004417391319293529,0.11228945851325989
1784885736550239804,1784885736550829153,256,215,0.010919165797531605,6.245009899139404,0.024366293102502823,0.00043820621795021,0.11211460828781128
1784885736670162190,1784885736670615188,257,220,0.009496685117483139,6.241016864776611,0.02425246685743332,0.00043838698184117675,0.11264079809188843
1784885736780177779,1784885736780738439,257,217,0.006859923712909222,6.24083137512207,0.02427523210644722,0.00043821457074955106,0.11253516376018524
1784885736900160474,1784885736900550458,254,218,0.013295713812112808,6.1726555824279785,0.024313174188137054,0.00044352293480187654,0.11235955357551575
1784885737010153414,1784885737010477871,255,220,0.020711764693260193,6.231740474700928,0.024366293102502823,0.0004398333257995546,0.11211460828781128
1784885737120175147,1784885737120620847,256,215,0.019292593002319336,6.22931432723999,0.024335939437150955,0.0004399046301841736,0.11225444078445435
1784885737230174566,1784885737230601139,258,217,0.015100446529686451,6.2733235359191895,0.02432835102081299,0.000436516449553892,0.11228945851325989
1784885737340154173,1784885737340508950,254,216,0.012957535684108734,6.170752048492432,0.02432076260447502,0.00044363568304106593,0.11232449114322662
1784885737460163016,1784885737460630140,257,215,0.00650811567902565,6.240259647369385,0.02427523210644722,0.0004382300830911845,0.11253516376018524
1784885737570148609,1784885737570460649,256,221,0.0028051137924194336,6.236419677734375,0.024366293102502823,0.0004382397164590657,0.11211460828781128
1784885737690189088,1784885737690681176,255,216,0.019549576565623283,6.230650424957275,0.024366293102502823,0.0004398282035253942,0.11211460828781128
1784885737800174737,1784885737801187472,255,216,0.004169347230345011,6.23780632019043,0.02451806142926216,0.000438238144852221,0.11142061650753021
1784885737910154752,1784885737910526394,255,218,0.016565240919589996,6.274779319763184,0.024563591927289963,0.00043651708983816206,0.11121408641338348
1784885738020169038,1784885738020766597,254,214,0.0052721635438501835,6.262004375457764,0.02464706264436245,0.00043662049574777484,0.1108374372124672
1784885738130159683,1784885738130882670,254,218,0.012723792344331741,6.270899295806885,0.024662239477038383,0.0004365197673905641,0.11076922714710236
1784885738240149235,1784885738240486469,254,213,0.004687135573476553,6.263402938842773,0.024654651060700417,0.0004364820779301226,0.11080332100391388
1784885738350178298,1784885738350781676,254,210,0.011467809788882732,6.269713401794434,0.024662239477038383,0.0004365149070508778,0.11076922714710236
1784885738460166089,1784885738460588424,253,219,0.006818918511271477,6.26411771774292,0.02479124255478382,0.00043658094364218414,0.11019283533096313
1784885738580205753,1784885738580553402,254,214,0.02364947833120823,6.283053874969482,0.024707769975066185,0.00043643408571369946,0.11056511104106903
1784885738690162094,1784885738690609245,253,215,0.017231089994311333,6.248751163482666,0.024631887674331665,0.0004383870109450072,0.1109057292342186
1784885738800185875,1784885738800594775,255,216,0.022043146193027496,6.281744003295898,0.024586357176303864,0.0004364134219940752,0.1111111119389534
1784885738910156969,1784885738910492758,255,216,0.00913994014263153,6.26741886138916,0.02461671084165573,0.00043651257874444127,0.11097410321235657
1784885739020155597,1784885739020762257,254,217,0.0023714532144367695,6.234192371368408,0.024578768759965897,0.00043836585246026516,0.11114541441202164
1784885739130166441,1784885739130592915,255,211,0.01954304240643978,6.279257297515869,0.02459394559264183,0.00043641249067150056,0.11107683181762695
1784885739240148078,1784885739240487508,255,219,0.017076047137379646,6.27610969543457,0.02457118034362793,0.0004364599590189755,0.11117973923683167
1784885739360180540,1784885739360664000,255,215,0.021524246782064438,6.280542373657227,0.024624299257993698,0.0004364610358607024,0.11093990504741669
1784885739470177410,1784885739470575457,256,218,0.00534815201535821,6.264926910400391,0.024525649845600128,0.000436421949416399,0.11138613522052765
1784885739580162235,1784885739580535134,256,220,0.019215568900108337,6.278421878814697,0.024502884596586227,0.00043644788092933595,0.11148962378501892
1784885739690263829,1784885739690784631,256,219,0.014004239812493324,6.273796081542969,0.024525649845600128,0.0004364070773590356,0.11138613522052765
1784885739800155327,1784885739800538511,256,218,0.01100775133818388,6.270809173583984,0.02451806142926216,0.0004364064079709351,0.11142061650753021
1784885739920165236,1784885739920631313,255,222,0.00994559470564127,6.269759654998779,0.02454841509461403,0.00043640550575219095,0.1112828403711319
1784885740030166570,1784885740030608580,256,216,0.0071297441609203815,6.266790866851807,0.02449529618024826,0.00043641618685796857,0.11152416467666626
1784885740140181740,1784885740140869718,256,222,0.009563559666275978,6.267809867858887,0.024457354098558426,0.0004365148488432169,0.11169717460870743
1784885740250180622,1784885740250672278,256,215,0.03926592320203781,6.274726390838623,0.024434588849544525,0.00043811000068672,0.11180124431848526
1784885740360178225,1784885740360628575,257,216,0.0012914999388158321,6.261153221130371,0.024411823600530624,0.0004364021879155189,0.11190550029277802
1784885740480159632,1784885740480551960,257,217,0.001956994878128171,6.259914875030518,0.024381469935178757,0.0004365349595900625,0.1120448186993599
1784885740590169948,1784885740590639904,257,222,0.011182645335793495,6.271431922912598,0.024366293102502823,0.00043637517956085503,0.11211460828781128
1784885740700158044,1784885740700545869,258,219,0.0013155664782971144,6.258420467376709,0.024305585771799088,0.0004365944769233465,0.11239463090896606
1784885740820164803,1784885740820678196,257,223,0.012040240690112114,6.270599365234375,0.024427000433206558,0.0004364929918665439,0.11183597147464752
1784885740930184477,1784885740930784060,257,221,0.0203817430883646,6.278979778289795,0.024389058351516724,0.00043649031431414187,0.11200995743274689
1784885741040155819,1784885741040533220,255,220,0.02504280023276806,6.233303070068359,0.024389058351516724,0.0004400294565130025,0.11200995743274689
1784885741150194588,1784885741150582218,256,208,0.02171538956463337,6.279959678649902,0.02447253093123436,0.0004365149652585387,0.11162790656089783
1784885741270365251,1784885741271113770,255,215,0.010284734889864922,6.266857624053955,0.02459394559264183,0.0004366316134110093,0.11107683181762695
1784885741380158874,1784885741380551174,255,216,0.0016502583166584373,6.259800434112549,0.02459394559264183,0.0004365215718280524,0.11107683181762695
1784885741490167531,1784885741490647556,255,212,0.009398214519023895,6.267264366149902,0.024578768759965897,0.000436541362432763,0.11114541441202164
1784885741600238043,1784885741601347471,255,213,0.01342672947794199,6.269894599914551,0.02459394559264183,0.0004366389475762844,0.11107683181762695
1784885741710153304,1784885741710620005,254,219,0.005528528243303299,6.2635884284973145,0.024639476090669632,0.00043652785825543106,0.1108715757727623
1784885741820156586,1784885741820638187,252,211,0.040488556027412415,6.271897315979004,0.024730535224080086,0.00043839483987540007,0.11046332865953445
1784885741930164854,1784885741930617842,253,215,0.04149635136127472,6.271707534790039,0.024700181558728218,0.0004384790954645723,0.1105990782380104
1784885742040154924,1784885742040559964,253,206,0.0031773534137755632,6.259251594543457,0.024776065722107887,0.00043666636338457465,0.11026033759117126
1784885742160247089,1784885742160740389,252,213,0.03520140051841736,6.265894412994385,0.024814007803797722,0.0004384451895020902,0.11009174585342407
1784885742260175640,1784885742260583718,253,206,0.013633477501571178,6.273212432861328,0.024753300473093987,0.0004364218912087381,0.1103617399930954
1784885742380158586,1784885742380569944,252,201,0.03484156355261803,6.267453193664551,0.024776065722107887,0.0004383102059364319,0.11026033759117126
1784885742490186214,1784885742490769665,252,207,0.03377034142613411,6.266058921813965,0.024753300473093987,0.0004383329360280186,0.1103617399930954
1784885742600193644,1784885742600762326,253,206,0.009184448048472404,6.268630504608154,0.024776065722107887,0.0004364311753306538,0.11026033759117126
1784885742710158658,1784885742710521726,254,210,0.020627731457352638,6.280582904815674,0.024662239477038383,0.0004363956395536661,0.11076922714710236
1784885742820167607,1784885742820674046,253,221,0.01118010375648737,6.26902961730957,0.024738123640418053,0.0004365424974821508,0.11042945086956024
1784885742930189195,1784885742930743145,253,211,0.026899104937911034,6.282608509063721,0.02476847730576992,0.0004366918874438852,0.11029411852359772
1784885743040154226,1784885743040488546,253,214,0.01231315266340971,6.272135257720947,0.024776065722107887,0.0004364049818832427,0.11026033759117126
1784885743150169876,1784885743150680472,253,217,0.020492272451519966,6.2803568840026855,0.02476847730576992,0.0004364019550848752,0.11029411852359772
1784885743260184450,1784885743260732959,254,209,0.011103871278464794,6.2691731452941895,0.024700181558728218,0.00043652718886733055,0.1105990782380104
1784885743370145862,1784885743370437785,253,209,0.02382601983845234,6.281871318817139,0.02474571205675602,0.00043652887688949704,0.11039558053016663
1784885743490175460,1784885743490782376,253,204,0.007082009222358465,6.265291213989258,0.024738123640418053,0.0004365174099802971,0.11042945086956024
1784885743600187107,1784885743600682120,254,205,0.023797940462827682,6.281671047210693,0.024715358391404152,0.0004365408676676452,0.11053116619586945
1784885743710168921,1784885743710606805,254,211,0.022214053198695183,6.280096530914307,0.024677416309714317,0.0004365401982795447,0.11070110648870468
1784885743820179419,1784885743820782925,254,211,0.020460959523916245,6.278685092926025,0.024654651060700417,0.0004365163913462311,0.11080332100391388
1784885743930185544,1784885743930634564,255,214,0.0007034637965261936,6.258942604064941,0.024609122425317764,0.00043651534360833466,0.11100832372903824
1784885744040143782,1784885744040470127,255,205,0.012923101894557476,6.271152019500732,0.024624299257993698,0.0004365160712040961,0.11093990504741669
1784885744150171082,1784885744150732828,254,205,0.0027942152228206396,6.261017799377441,0.024654651060700417,0.0004365163913462311,0.11080332100391388
1784885744260189154,1784885744260688011,254,211,0.0158705972135067,6.2737321853637695,0.024662239477038383,0.00043654165347106755,0.11076922714710236
1784885744380205570,1784885744380575256,254,214,0.0009929582010954618,6.2590718269348145,0.024654651060700417,0.0004365264903753996,0.11080332100391388
1784885744490175558,1784885744490605687,254,202,0.009888426400721073,6.267943382263184,0.02472294680774212,0.0004365281783975661,0.11049723625183105
1784885744600172043,1784885744600587053,254,206,0.011449780315160751,6.269484043121338,0.024662239477038383,0.00043652960448525846,0.11076922714710236
1784885744710152519,1784885744710490371,254,207,0.011436437256634235,6.269662380218506,0.024685004726052284,0.0004365162749309093,0.11066707968711853
1784885744820144705,1784885744820532235,254,203,0.014205079525709152,6.272428512573242,0.02464706264436245,0.00043651642045006156,0.1108374372124672
1784885744930168763,1784885744930607212,254,202,0.018549485132098198,6.2758989334106445,0.02469259314239025,0.0004365773929748684,0.11063306778669357
1784885745040158620,1784885745040504674,253,206,0.019584206864237785,6.27760648727417,0.024806419387459755,0.00043653047760017216,0.11012542247772217
1784885745150156653,1784885745150497685,254,209,0.014859969727694988,6.272737979888916,0.02469259314239025,0.00043654051842167974,0.11063306778669357
1784885745260168897,1784885745260606282,254,213,0.008740411140024662,6.266787528991699,0.024662239477038383,0.00043652873137034476,0.11076922714710236
1784885745370161185,1784885745370538739,255,210,0.004000165034085512,6.262238502502441,0.024631887674331665,0.00043651543091982603,0.1109057292342186
1784885745490183752,1784885745490711263,253,210,0.0005147821502760053,6.258537769317627,0.02474571205675602,0.00043653041939251125,0.11039558053016663
1784885745600160920,1784885745600579757,253,212,0.023858601227402687,6.281729698181152,0.024753300473093987,0.00043654098408296704,0.1103617399930954
1784885745710150948,1784885745710492758,254,205,0.020355429500341415,6.2782301902771,0.024662239477038383,0.00043654072214849293,0.11076922714710236
1784885745820163081,1784885745820595833,254,211,0.019974393770098686,6.278030872344971,0.024677416309714317,0.00043652806198224425,0.11070110648870468
1784885745930150829,1784885745930531996,255,203,0.024180635809898376,6.282368183135986,0.024609122425317764,0.00043651892337948084,0.11100832372903824
1784885746040161761,1784885746040498655,254,212,0.0037240886595100164,6.261923789978027,0.024662239477038383,0.0004365180793683976,0.11076922714710236
1784885746150165717,1784885746150553825,255,215,0.009459908120334148,6.267677307128906,0.024631887674331665,0.0004365168570075184,0.1109057292342186
1784885746270532938,1784885746271480900,255,209,0.02235250733792782,6.279367923736572,0.024609122425317764,0.0004366007633507252,0.11100832372903824
1784885746380170372,1784885746380546585,255,215,0.02267388440668583,6.28089714050293,0.024563591927289963,0.0004365164786577225,0.11121408641338348
1784885746490183760,1784885746490758010,255,215,0.0017297390149906278,6.259767532348633,0.02454841509461403,0.0004365294298622757,0.1112828403711319
1784885746600165314,1784885746600638415,256,212,0.019866708666086197,6.277904510498047,0.02447253093123436,0.00043652940075844526,0.11162790656089783
1784885746710156393,1784885746710533791,256,214,0.021403592079877853,6.279627323150635,0.024480119347572327,0.00043651642045006156,0.11159330606460571
1784885746830164207,1784885746830662692,255,216,0.00149519310798496,6.2605485916137695,0.024578768759965897,0.00043645859113894403,0.11114541441202164
1784885746940165680,1784885746940650547,255,210,0.0009978433372452855,6.2597575187683105,0.024556003510951996,0.00043647908023558557,0.1112484559416771
1784885747050150065,1784885747050644669,256,217,0.013331920839846134,6.272215366363525,0.024487707763910294,0.00043647040729410946,0.11155872046947479
1784885747160188901,1784885747160656768,256,212,0.005098656751215458,6.2640700340271,0.024487707763910294,0.00043646429548971355,0.11155872046947479
1784885747270177950,1784885747270574574,256,216,0.023235680535435677,6.282068252563477,0.024487707763910294,0.0004364739579614252,0.11155872046947479
1784885747390288528,1784885747390940460,256,212,0.02495267428457737,6.283172607421875,0.024487707763910294,0.00043651668238453567,0.11155872046947479
1784885747500156826,1784885747500610426,256,211,0.005226688459515572,6.264316082000732,0.024540826678276062,0.00043645603000186384,0.11131725460290909
1784885747610148914,1784885747610511779,256,208,0.008691500872373581,6.26782751083374,0.024525649845600128,0.0004364527703728527,0.11138613522052765
1784885747720178577,1784885747720613983,255,212,0.0234999917447567,6.281727313995361,0.024578768759965897,0.0004365161876194179,0.11114541441202164
1784885747830152544,1784885747830564640,255,215,0.006721182726323605,6.265693187713623,0.02457118034362793,0.00043646423728205264,0.11117973923683167
1784885747950153729,1784885747950534623,256,209,0.014901673421263695,6.273891448974609,0.024525649845600128,0.000436462985817343,0.11138613522052765
1784885748060159173,1784885748060523941,256,212,0.006152133923023939,6.26530122756958,0.024525649845600128,0.000436451897257939,0.11138613522052765
1784885748170154851,1784885748170940788,255,212,0.02441495843231678,6.282689094543457,0.02459394559264183,0.0004365128988865763,0.11107683181762695
1784885748280150419,1784885748280497140,255,215,0.005593092646449804,6.264588356018066,0.02459394559264183,0.0004364626365713775,0.11107683181762695
1784885748390143930,1784885748390592428,255,207,0.0055761500261723995,6.264762878417969,0.02457118034362793,0.0004364492488093674,0.11117973923683167
1784885748510153363,1784885748510474849,256,212,0.014094830490648746,6.272333145141602,0.024525649845600128,0.0004365154018159956,0.11138613522052765
1784885748620167181,1784885748620692183,255,214,0.005187923088669777,6.264567852020264,0.024556003510951996,0.0004364358028396964,0.1112484559416771
1784885748720163780,1784885748720592527,256,209,0.014049725607037544,6.272284984588623,0.024525649845600128,0.00043651560554280877,0.11138613522052765
1784885748840170175,1784885748840524789,255,216,0.019895954057574272,6.278024196624756,0.024609122425317764,0.0004365231143310666,0.11100832372903824
1784885748950188069,1784885748950703250,255,213,0.021550895646214485,6.279740810394287,0.024556003510951996,0.00043651877786032856,0.1112484559416771
1784885749060165865,1784885749060825688,256,212,0.024450309574604034,6.282696723937988,0.024540826678276062,0.0004365148488432169,0.11131725460290909
1784885749170191518,1784885749170758570,254,210,0.024072980508208275,6.2807393074035645,0.02469259314239025,0.00043662506504915655,0.11063306778669357
1784885749280148561,1784885749280506024,254,211,0.017436794936656952,6.276177883148193,0.024715358391404152,0.0004364803317002952,0.11053116619586945
1784885749400166992,1784885749400600235,254,213,0.0013573006726801395,6.2604475021362305,0.024654651060700417,0.00043645594269037247,0.11080332100391388
1784885749510149030,1784885749510503695,254,210,0.006029821932315826,6.264090538024902,0.024677416309714317,0.0004365277709439397,0.11070110648870468
1784885749620201196,1784885749620590824,254,208,0.010153328068554401,6.268960475921631,0.024685004726052284,0.0004364757041912526,0.11066707968711853
1784885749730161945,1784885749730582051,254,204,0.009228960610926151,6.267533779144287,0.02472294680774212,0.00043651077430695295,0.11049723625183105
1784885749840199345,1784885749840714556,253,211,0.0028138759080320597,6.261055946350098,0.024738123640418053,0.000436515110777691,0.11042945086956024
1784885749950159482,1784885749950579347,253,215,0.020087862387299538,6.277953147888184,0.024753300473093987,0.00043654139153659344,0.1103617399930954
1784885750060191615,1784885750060611752,253,210,0.00816582515835762,6.266064643859863,0.024783654138445854,0.00043653909233398736,0.1102265790104866
1784885750170172769,1784885750170610582,253,210,0.013422000221908092,6.271261692047119,0.02476847730576992,0.00043654319597408175,0.11029411852359772
1784885750280151497,1784885750280500969,253,213,0.01252027042210102,6.270550727844238,0.024829184636473656,0.00043652989552356303,0.11002445220947266
1784885750390202427,1784885750390828928,252,207,0.004236449953168631,6.260922908782959,0.02486712671816349,0.00043662363896146417,0.10985657572746277
1784885750510157988,1784885750510567601,252,214,0.018542705103754997,6.276422500610352,0.02484436146914959,0.0004365404020063579,0.1099572405219078
1784885750610161531,1784885750610551023,253,218,0.0017761728959158063,6.259643077850342,0.024814007803797722,0.00043654130422510207,0.11009174585342407
1784885750720151857,1784885750720562508,252,210,0.012040240690112114,6.270087242126465,0.02484436146914959,0.00043652873137034476,0.1099572405219078
1784885750840156350,1784885750840680354,252,219,0.004031670279800892,6.261870384216309,0.02484436146914959,0.00043654325418174267,0.1099572405219078
1784885750940158911,1784885750940572804,254,215,0.021603601053357124,6.27946138381958,0.024730535224080086,0.00043654191540554166,0.11046332865953445
1784885751060189406,1784885751060727837,254,214,0.015271829441189766,6.273317813873291,0.02472294680774212,0.00043652878957800567,0.11049723625183105
1784885751170152674,1784885751170543588,253,215,0.01524213794618845,6.271915435791016,0.024760888889431953,0.0004366245702840388,0.11032792180776596
1784885751280149310,1784885751280494145,254,221,0.02394791878759861,6.281839370727539,0.024662239477038383,0.00043653955799527466,0.11076922714710236
1784885751390172069,1784885751390739106,254,214,0.019392825663089752,6.27741813659668,0.02472294680774212,0.0004365302447695285,0.11049723625183105
1784885751500165444,1784885751500580666,255,209,0.00033166236244142056,6.258373737335205,0.024624299257993698,0.0004365291097201407,0.11093990504741669
1784885751610154057,1784885751610639221,254,208,0.03905514255166054,6.272309303283691,0.024540826678276062,0.0004382650658953935,0.11131725460290909
1784885751720154677,1784885751720645936,256,219,0.01876441203057766,6.276988983154297,0.02449529618024826,0.00043651636224240065,0.11152416467666626
1784885751830165023,1784885751830631455,256,216,0.01507734414190054,6.273496150970459,0.024502884596586227,0.0004365027998574078,0.11148962378501892
1784885751950161001,1784885751950567366,256,216,0.037045035511255264,6.28274393081665,0.024457354098558426,0.00043739177635870874,0.11169717460870743
1784885752060173829,1784885752060666583,256,209,0.03595995530486107,6.281331539154053,0.024464942514896393,0.00043741471017710865,0.11166252940893173
1784885752170253513,1784885752170844980,255,206,0.03139206022024155,6.264984607696533,0.024487707763910294,0.0004382412298582494,0.11155872046947479
1784885752280151314,1784885752280503334,257,208,0.01236089039593935,6.270771503448486,0.02441941201686859,0.0004365034110378474,0.11187072843313217
1784885752400225528,1784885752400649898,257,202,0.021031014621257782,6.279421329498291,0.02441941201686859,0.0004365048080217093,0.11187072843313217
1784885752510166164,1784885752510533062,256,208,0.029713375493884087,6.273946285247803,0.024457354098558426,0.0004374944546725601,0.11169717460870743
1784885752620176037,1784885752620721983,257,202,0.015913208946585655,6.274287223815918,0.024404235184192657,0.0004365059139672667,0.11194030195474625
1784885752740152502,1784885752740452756,257,197,0.007667987607419491,6.266073703765869,0.02439664676785469,0.0004365037311799824,0.11197511851787567
1784885752850156168,1784885752850537127,255,196,0.023342786356806755,6.257017612457275,0.024502884596586227,0.000438235467299819,0.11148962378501892
1784885752960191479,1784885752960684343,256,208,0.013177821412682533,6.271382808685303,0.024525649845600128,0.0004365177301224321,0.11138613522052765
1784885753070156554,1784885753070520594,255,201,0.011904067359864712,6.270119667053223,0.024578768759965897,0.0004365170025266707,0.11114541441202164
1784885753180151810,1784885753180523705,253,201,0.023404184728860855,6.256685733795166,0.02464706264436245,0.0004382631159387529,0.1108374372124672
1784885753290161016,1784885753290755571,254,205,0.02146051451563835,6.2547688484191895,0.024578768759965897,0.00043826125329360366,0.11114541441202164
1784885753400168796,1784885753400581396,255,213,0.010776442475616932,6.269000053405762,0.024601534008979797,0.000436516449553892,0.1110425665974617
1784885753520165655,1784885753520576513,253,205,0.024869149550795555,6.25812292098999,0.024662239477038383,0.00043826503679156303,0.11076922714710236
1784885753630191703,1784885753630789871,254,210,0.010343116708099842,6.266465187072754,0.024631887674331665,0.00043666307465173304,0.1109057292342186
1784885753740178511,1784885753740619975,253,208,0.01833598129451275,6.251246929168701,0.02464706264436245,0.00043828916386701167,0.1108374372124672
1784885753850164744,1784885753850589201,254,203,0.006438831333070993,6.264491081237793,0.024685004726052284,0.0004365283530205488,0.11066707968711853
1784885753960201370,1784885753960763892,254,206,0.02315407060086727,6.281027317047119,0.024685004726052284,0.0004365408676676452,0.11066707968711853
1784885754071415644,1784885754071859068,254,212,0.004960985854268074,6.263177394866943,0.02466982789337635,0.0004365169152151793,0.11073515564203262
1784885754180191352,1784885754180682483,254,205,0.008405085653066635,6.266607284545898,0.024715358391404152,0.00043651790474541485,0.11053116619586945
1784885754290180630,1784885754290755077,254,201,0.004872719291597605,6.262920379638672,0.024715358391404152,0.0004365287022665143,0.11053116619586945
1784885754410178462,1784885754410692436,253,218,0.001354479813016951,6.258533477783203,0.024760888889431953,0.0004365892964415252,0.11032792180776596
1784885754520151436,1784885754520494907,252,210,0.013349789194762707,6.2459282875061035,0.024776065722107887,0.0004383125633466989,0.11026033759117126
1784885754630156740,1784885754630573319,254,210,0.018193034455180168,6.276264667510986,0.024730535224080086,0.0004365270142443478,0.11046332865953445
1784885754740161933,1784885754741161906,254,210,0.02146792598068714,6.279511451721191,0.024685004726052284,0.0004365289642009884,0.11066707968711853
1784885754850163235,1784885754850533218,253,209,0.022132977843284607,6.279992580413818,0.024753300473093987,0.00043654179899021983,0.1103617399930954
1784885754960159368,1784885754960643515,252,213,0.0039410945028066635,6.236522197723389,0.024798830971121788,0.0004383123596198857,0.11015912145376205
1784885755070165028,1784885755070545048,253,216,0.012265008874237537,6.270179748535156,0.024738123640418053,0.00043653798638843,0.11042945086956024
1784885755180149367,1784885755180494390,254,213,0.01589050330221653,6.273933410644531,0.024677416309714317,0.0004365290224086493,0.11070110648870468
1784885755290166368,1784885755290685136,253,212,0.00486039137467742,6.262889385223389,0.024806419387459755,0.0004365299828350544,0.11012542247772217
1784885755400163750,1784885755400607170,253,218,0.018812593072652817,6.276644229888916,0.024776065722107887,0.00043654374894686043,0.11026033759117126
1784885755520207489,1784885755520543620,252,217,0.048896223306655884,6.28149938583374,0.02479124255478382,0.0004383108171168715,0.11019283533096313
1784885755620162349,1784885755620559952,253,216,0.0209501925855875,6.280773639678955,0.024814007803797722,0.0004364048654679209,0.11009174585342407
1784885755730162343,1784885755730609894,251,210,0.012254254892468452,6.244944095611572,0.02488989196717739,0.000438304734416306,0.10975609719753265
1784885755850154040,1784885755850541917,252,219,0.022706806659698486,6.280871391296387,0.024882303550839424,0.0004365205531939864,0.10978957265615463
1784885755950174115,1784885755950608141,251,213,0.005165711510926485,6.237767696380615,0.024927834048867226,0.00043831090442836285,0.10958904027938843
1784885756070175176,1784885756070617721,251,212,0.003922141622751951,6.261819362640381,0.024958187714219093,0.0004365391796454787,0.10945576429367065
1784885756180154832,1784885756180483623,250,210,0.04889940470457077,6.281197547912598,0.025011306628584862,0.0004383322666399181,0.10922329872846603
1784885756280151624,1784885756280603228,250,215,0.03631024435162544,6.27229642868042,0.024950599297881126,0.00043807303882203996,0.10948905348777771
1784885756400164220,1784885756400621586,251,208,0.022331779822707176,6.281829833984375,0.02498854137957096,0.00043642756645567715,0.10932280868291855
1784885756500176186,1784885756500753456,250,212,0.0014613796956837177,6.234270095825195,0.024980952963232994,0.00043829638161696494,0.10935601592063904
1784885756610168643,1784885756610585195,249,209,0.023533795028924942,6.256435871124268,0.02509477734565735,0.0004382898041512817,0.10885999351739883
1784885756720159600,1784885756720599903,248,204,0.028071818873286247,6.231621742248535,0.02506442368030548,0.00044036353938281536,0.1089918240904808
1784885756830172399,1784885756830693311,247,210,0.031363457441329956,6.212428569793701,0.02506442368030548,0.00044196544331498444,0.1089918240904808
1784885756950218232,1784885756950594080,251,203,0.017377326264977455,6.275681018829346,0.025003718212246895,0.0004365108616184443,0.10925644636154175
1784885757050167602,1784885757050579537,251,206,0.03652117773890495,6.265386581420898,0.024905068799853325,0.0004385737993288785,0.10968921333551407
1784885757160199219,1784885757160677145,250,203,0.03545815497636795,6.262938499450684,0.024950599297881126,0.00043867138447239995,0.10948905348777771
1784885757270260942,1784885757270710115,251,209,0.042958687990903854,6.275997161865234,0.02488989196717739,0.00043828022899106145,0.10975609719753265
1784885757380145515,1784885757380469394,251,212,0.03510928153991699,6.264291763305664,0.024836773052811623,0.0004385515348985791,0.10999083518981934
1784885757500167631,1784885757500612487,251,214,0.03700704872608185,6.265871047973633,0.024905068799853325,0.00043857391574420035,0.10968921333551407
1784885757600186314,1784885757600877405,251,211,0.043289970606565475,6.276337146759033,0.02484436146914959,0.0004382795887067914,0.1099572405219078
1784885757710153200,1784885757710473763,252,213,0.04330756142735481,6.276673316955566,0.02482159622013569,0.00043825720786117017,0.11005808413028717
1784885757830173945,1784885757830689591,251,218,0.032469023019075394,6.264023303985596,0.024829184636473656,0.0004383845953270793,0.11002445220947266
1784885757940345530,1784885757941014278,252,216,0.02250618115067482,6.269423484802246,0.02482159622013569,0.00043730647303164005,0.11005808413028717
1784885758040234921,1784885758040948923,254,216,0.006265765056014061,6.274449825286865,0.02472294680774212,0.00043582275975495577,0.11049723625183105
1784885758160192853,1784885758160728262,254,213,0.017209311947226524,6.277626037597656,0.024700181558728218,0.0004363635089248419,0.1105990782380104
1784885758270174988,1784885758270600147,252,212,0.009370513260364532,6.215682029724121,0.024662239477038383,0.0004401675832923502,0.11076922714710236
1784885758380221742,1784885758380644252,254,213,0.0388379842042923,6.28203821182251,0.024662239477038383,0.000437566835898906,0.11076922714710236
1784885758490172345,1784885758490675185,253,210,0.002425230573862791,6.248145580291748,0.024700181558728218,0.000437390262959525,0.1105990782380104
1784885758600178545,1784885758600639200,254,213,0.03603384271264076,6.281631946563721,0.02464706264436245,0.00043739881948567927,0.1108374372124672
1784885758710161069,1784885758710510011,254,211,0.013834696263074875,6.250086307525635,0.024609122425317764,0.0004380543832667172,0.11100832372903824
1784885758820171308,1784885758820558933,255,203,0.010654586367309093,6.268761157989502,0.024586357176303864,0.0004365245986264199,0.1111111119389534
1784885758940158863,1784885758940566367,255,220,0.009781064465641975,6.268167018890381,0.02454841509461403,0.0004365050990600139,0.1112828403711319
1784885759050151596,1784885759050491365,254,208,0.01685778982937336,6.249739646911621,0.024556003510951996,0.00043829120113514364,0.1112484559416771
1784885759160179753,1784885759160714472,254,211,0.03981780260801315,6.271931171417236,0.024624299257993698,0.00043834527605213225,0.11093990504741669
1784885759270183474,1784885759270576024,253,216,0.01037717703729868,6.242020130157471,0.024662239477038383,0.0004383783380035311,0.11076922714710236
1784885759380157812,1784885759380537450,253,212,0.021826952695846558,6.279675483703613,0.02476847730576992,0.00043654258479364216,0.11029411852359772
1784885759500174619,1784885759500693147,252,215,0.020240655168890953,6.277881145477295,0.024851949885487556,0.0004365571076050401,0.10992366075515747
1784885759600169756,1784885759600606250,252,210,0.021558983251452446,6.279345989227295,0.024912657216191292,0.0004365468630567193,0.10965580493211746
1784885759710208714,1784885759710533996,252,204,0.005122846458107233,6.260127067565918,0.024882303550839424,0.00043674110202118754,0.10978957265615463
1784885759830247882,1784885759830719687,252,209,0.013210289180278778,6.270941734313965,0.024882303550839424,0.0004365507629700005,0.10978957265615463
1784885759930172397,1784885759930651853,252,207,0.04309162124991417,6.275400161743164,0.024798830971121788,0.00043833153904415667,0.11015912145376205
1784885760040150743,1784885760040531656,252,214,0.029479824006557465,6.280203819274902,0.024814007803797722,0.00043704017298296094,0.11009174585342407
1784885760160185393,1784885760160608693,253,206,0.021462511271238327,6.279345512390137,0.024776065722107887,0.00043654016917571425,0.11026033759117126
1784885760270184132,1784885760270708473,252,208,0.017983587458729744,6.275991439819336,0.02486712671816349,0.0004365314671304077,0.10985657572746277
1784885760380155509,1784885760380527529,253,200,0.010106942616403103,6.268123626708984,0.024798830971121788,0.0004365308559499681,0.11015912145376205
1784885760490166587,1784885760490623715,252,207,0.022025711834430695,6.2800397872924805,0.02488989196717739,0.00043653103057295084,0.10975609719753265
1784885760600189058,1784885760600779518,252,204,0.00254725175909698,6.2605671882629395,0.024905068799853325,0.0004365306522231549,0.10968921333551407
1784885760710173273,1784885760710874463,251,199,0.0017856885679066181,6.235167026519775,0.02486712671816349,0.0004382561019156128,0.10985657572746277
1784885760820159063,1784885760820462908,250,201,0.020302964374423027,6.253671169281006,0.024996129795908928,0.00043825703323818743,0.10928961634635925
1784885760930175087,1784885760930615913,251,203,0.01003519631922245,6.267918109893799,0.02496577613055706,0.0004365401982795447,0.10942249000072479
1784885761040156435,1784885761040541847,252,204,0.02229183353483677,6.280300617218018,0.024905068799853325,0.0004365314089227468,0.10968921333551407
1784885761150150096,1784885761150492157,252,199,0.012628119438886642,6.270395278930664,0.02488989196717739,0.0004365482600405812,0.10975609719753265
1784885761260232199,1784885761260717743,252,194,0.010426200926303864,6.267611026763916,0.02484436146914959,0.0004365888889878988,0.1099572405219078
1784885761370158277,1784885761370550562,253,196,0.007210986223071814,6.266139984130859,0.02482159622013569,0.0004364672349765897,0.11005808413028717
1784885761480156384,1784885761480530829,252,210,0.01241251453757286,6.267813205718994,0.02486712671816349,0.0004367134242784232,0.10985657572746277
1784885761590150212,1784885761590561875,252,203,0.021732229739427567,6.280269145965576,0.024874715134501457,0.00043649456347338855,0.1098230630159378
1784885761700158526,1784885761700605092,253,200,0.006649419665336609,6.262713432312012,0.024776065722107887,0.0004366671200841665,0.11026033759117126
1784885761810273031,1784885761811274613,253,205,0.022706668823957443,6.280916213989258,0.02482159622013569,0.00043651738087646663,0.11005808413028717
1784885761920220600,1784885761920582521,254,204,0.024406658485531807,6.282873630523682,0.024700181558728218,0.00043649942381307483,0.1105990782380104
1784885762030177794,1784885762030722839,254,207,0.016044074669480324,6.274070739746094,0.024654651060700417,0.00043653015745803714,0.11080332100391388
1784885762140155104,1784885762140584456,254,198,0.011659595184028149,6.269656181335449,0.024654651060700417,0.00043653225293383,0.11080332100391388
1784885762250153033,1784885762250503170,254,205,0.010922268033027649,6.268985748291016,0.02472294680774212,0.00043652759632095695,0.11049723625183105
1784885762370318104,1784885762370817002,254,198,2.981434590765275e-06,6.2578582763671875,0.024730535224080086,0.0004365420900285244,0.11046332865953445
1784885762480168328,1784885762480567002,254,206,0.015288910828530788,6.27302360534668,0.024707769975066185,0.0004365505010355264,0.11056511104106903
1784885762590163219,1784885762590599037,254,205,0.006246220786124468,6.26406717300415,0.024715358391404152,0.00043654447654262185,0.11053116619586945
1784885762700251703,1784885762700766199,253,206,0.004108098801225424,6.261903285980225,0.024738123640418053,0.0004365463100839406,0.11042945086956024
1784885762810166618,1784885762810494375,253,211,0.0020020282827317715,6.235469818115234,0.024685004726052284,0.00043825001921504736,0.11066707968711853
1784885762920158082,1784885762920469111,253,208,0.0025720589328557253,6.260777950286865,0.024753300473093987,0.00043651764281094074,0.1103617399930954
1784885763030247185,1784885763030721478,254,200,0.022233298048377037,6.2799811363220215,0.02472294680774212,0.00043654959881678224,0.11049723625183105
1784885763140165507,1784885763140608306,252,205,0.03983938321471214,6.273155689239502,0.02476847730576992,0.0004382606712169945,0.11029411852359772
1784885763260176028,1784885763260689058,253,206,0.03689459711313248,6.269852638244629,0.024700181558728218,0.0004382858460303396,0.1105990782380104
1784885763367430459,1784885763367903770,254,199,0.03800918906927109,6.27139139175415,0.024601534008979797,0.0004382560437079519,0.1110425665974617
1784885763470218457,1784885763470822800,256,210,0.003847402986139059,6.262816429138184,0.024540826678276062,0.0004364644701126963,0.11131725460290909
1784885763590160711,1784885763590565848,255,201,0.002446163445711136,6.260687351226807,0.02454841509461403,0.0004365151980891824,0.1112828403711319
1784885763700156414,1784885763700562107,255,210,0.005478302016854286,6.263812065124512,0.024609122425317764,0.000436508737038821,0.11100832372903824
1784885763810162084,1784885763810587229,254,195,0.03186418116092682,6.2655439376831055,0.024578768759965897,0.00043823514715768397,0.11114541441202164
1784885763920153305,1784885763920487488,255,200,0.03620052710175514,6.269191265106201,0.02451806142926216,0.000438283575931564,0.11142061650753021
1784885764030155306,1784885764030561996,254,203,0.015614816918969154,6.272836685180664,0.02464706264436245,0.0004365862987469882,0.1108374372124672
1784885764150154174,1784885764150512013,254,209,0.014716346748173237,6.27299165725708,0.024685004726052284,0.00043651278247125447,0.11066707968711853
1784885764260185263,1784885764260770502,254,202,0.03067656233906746,6.264049053192139,0.024609122425317764,0.00043825674219988286,0.11100832372903824
1784885764370179023,1784885764370670004,255,203,0.02327621914446354,6.281692028045654,0.02459394559264183,0.00043650303268805146,0.11107683181762695
1784885764480150645,1784885764480511021,255,207,0.01635846495628357,6.274662017822266,0.024631887674331665,0.0004365108616184443,0.1109057292342186
1784885764590145998,1784885764590475604,255,201,0.0151454396545887,6.273412227630615,0.024624299257993698,0.0004365134227555245,0.11093990504741669
1784885764710166356,1784885764710750798,255,201,0.019764533266425133,6.278275966644287,0.02454841509461403,0.0004364963388070464,0.1112828403711319
1784885764810233982,1784885764811139935,255,209,0.0011669520754367113,6.259378433227539,0.02459394559264183,0.0004365172644611448,0.11107683181762695
1784885764930253691,1784885764930755325,255,204,0.0009724358096718788,6.260393142700195,0.02459394559264183,0.00043643295066431165,0.11107683181762695
1784885765040145641,1784885765040536731,255,204,0.01827489398419857,6.276808738708496,0.024609122425317764,0.0004364947963040322,0.11100832372903824
1784885765150171899,1784885765150576827,253,207,0.03168364241719246,6.264009952545166,0.02464706264436245,0.0004383302584756166,0.1108374372124672
1784885765260174592,1784885765260861810,254,208,0.014775064773857594,6.273088455200195,0.024654651060700417,0.00043651016312651336,0.11080332100391388
1784885765370153258,1784885765370532102,254,214,0.0005658210138790309,6.258724212646484,0.024700181558728218,0.0004365209606476128,0.1105990782380104
1784885765490162525,1784885765490625845,253,209,0.02933855913579464,6.262713432312012,0.02472294680774212,0.0004382565093692392,0.11049723625183105
1784885765590164924,1784885765590612368,253,205,0.02947242185473442,6.2628583908081055,0.024730535224080086,0.00043825575266964734,0.11046332865953445
1784885765700149925,1784885765700571341,253,211,0.030467284843325615,6.264226913452148,0.024685004726052284,0.00043822950101457536,0.11066707968711853
1784885765820166751,1784885765820446206,253,214,0.03426637500524521,6.267695426940918,0.02464706264436245,0.00043825272587127984,0.1108374372124672
1784885765930165127,1784885765930601160,253,212,0.03444265201687813,6.2666215896606445,0.02472294680774212,0.00043834061943925917,0.11049723625183105
1784885766040167209,1784885766040611687,253,209,0.033113349229097366,6.266254425048828,0.02472294680774212,0.0004382729821372777,0.11049723625183105
1784885766150150418,1784885766150496248,255,222,0.012622863054275513,6.270765781402588,0.024631887674331665,0.00043652206659317017,0.1109057292342186
1784885766260169398,1784885766260720526,255,220,0.022374551743268967,6.280766487121582,0.02461671084165573,0.0004365046916063875,0.11097410321235657
1784885766370273317,1784885766370880818,254,204,0.032866381108760834,6.266680717468262,0.024624299257993698,0.0004382256593089551,0.11093990504741669
1784885766480159564,1784885766480568529,254,222,0.018209656700491905,6.276598930358887,0.02464706264436245,0.0004365048371255398,0.1108374372124672
1784885766590149793,1784885766590539770,253,209,0.02367914468050003,6.281717777252197,0.024738123640418053,0.0004365293134469539,0.11042945086956024
1784885766710222574,1784885766710733965,254,217,0.018171608448028564,6.276555061340332,0.02472294680774212,0.00043650527368299663,0.11049723625183105
1784885766820150206,1784885766820588219,253,215,0.030856626108288765,6.26427698135376,0.024730535224080086,0.00043825333705171943,0.11046332865953445
1784885766930155404,1784885766930652531,254,217,0.016556929796934128,6.27490234375,0.024662239477038383,0.0004365079221315682,0.11076922714710236
1784885767040165060,1784885767040584675,253,224,0.03243827819824219,6.265960693359375,0.02469259314239025,0.00043824617750942707,0.11063306778669357
1784885767150149177,1784885767150455917,253,221,0.032891783863306046,6.2668046951293945,0.024662239477038383,0.00043821873259730637,0.11076922714710236
1784885767260191130,1784885767260784104,254,223,0.017591964453458786,6.2744975090026855,0.024700181558728218,0.00043660838855430484,0.1105990782380104
1784885767370182045,1784885767370623335,253,219,0.02544977143406868,6.258884429931641,0.024677416309714317,0.0004382523475214839,0.11070110648870468
1784885767490212394,1784885767490574711,253,215,0.03003893420100212,6.263577938079834,0.02466982789337635,0.00043824498425237834,0.11073515564203262
1784885767600175578,1784885767600604919,253,216,0.033444467931985855,6.267026901245117,0.02466982789337635,0.00043824195745401084,0.11073515564203262
1784885767700198791,1784885767700854324,255,223,0.016948048025369644,6.275550365447998,0.024609122425317764,0.00043649005237966776,0.11100832372903824
1784885767820155038,1784885767820509018,254,222,0.021756665781140327,6.280303478240967,0.024654651060700417,0.0004364938649814576,0.11080332100391388
1784885767930180763,1784885767930662326,253,226,0.020011764019727707,6.278458595275879,0.024776065722107887,0.0004365008499007672,0.11026033759117126
1784885768040158271,1784885768040606672,254,224,0.018440499901771545,6.276683807373047,0.02472294680774212,0.0004365150525700301,0.11049723625183105
1784885768150151221,1784885768150504514,252,219,0.03173042833805084,6.26492977142334,0.02476847730576992,0.0004382689076010138,0.11029411852359772
1784885768260179054,1784885768261128097,253,222,0.022613737732172012,6.280903339385986,0.024738123640418053,0.00043651179294101894,0.11042945086956024
1784885768370174524,1784885768370600509,254,219,0.01554914191365242,6.273940086364746,0.024715358391404152,0.0004365047498140484,0.11053116619586945
1784885768480183757,1784885768480598350,253,223,0.03162240982055664,6.26517391204834,0.024707769975066185,0.0004382441402412951,0.11056511104106903
1784885768590150068,1784885768590549230,254,219,0.02422715350985527,6.282557010650635,0.024700181558728218,0.0004365089989732951,0.1105990782380104
1784885768710175238,1784885768714093084,254,220,0.021489763632416725,6.279939651489258,0.02472294680774212,0.00043650061707012355,0.11049723625183105
1784885768820150385,1784885768820477206,254,219,0.024204613640904427,6.282381534576416,0.02469259314239025,0.0004365196800790727,0.11063306778669357
1784885768930179885,1784885768930713002,254,219,0.0030356182251125574,6.261327743530273,0.02466982789337635,0.0004365116183180362,0.11073515564203262
1784885769040155714,1784885769040548668,253,218,0.03094707801938057,6.264791011810303,0.024700181558728218,0.00043822359293699265,0.1105990782380104
1784885769150166568,1784885769150575898,253,227,0.028801552951335907,6.262302398681641,0.02469259314239025,0.00043824766180478036,0.11063306778669357
1784885769260179070,1784885769260991413,252,221,0.026904312893748283,6.258945465087891,0.024730535224080086,0.0004383503401186317,0.11046332865953445
1784885769370186904,1784885769370757235,253,217,0.01533293817192316,6.273586750030518,0.024760888889431953,0.0004365143249742687,0.11032792180776596
1784885769490153649,1784885769490508071,253,212,0.029346106573939323,6.262537479400635,0.024707769975066185,0.000438269431469962,0.11056511104106903
1784885769590155333,1784885769590495305,255,214,0.015270030125975609,6.273680210113525,0.024609122425317764,0.00043650344014167786,0.11100832372903824
1784885769700182563,1784885769700691280,254,223,0.003971062134951353,6.2620954513549805,0.024654651060700417,0.0004365233180578798,0.11080332100391388
1784885769820151698,1784885769820505749,253,216,0.003839623648673296,6.259413242340088,0.024753300473093987,0.0004367013170849532,0.1103617399930954
1784885769930149102,1784885769930593074,254,221,0.019153280183672905,6.276602745056152,0.024730535224080086,0.0004365704080555588,0.11046332865953445
1784885770040583201,1784885770041442150,254,217,0.006958686746656895,6.264887809753418,0.02472294680774212,0.000436536967754364,0.11049723625183105
1784885770150152734,1784885770150482886,252,214,0.013654574751853943,6.246464729309082,0.024753300473093987,0.0004382962652016431,0.1103617399930954
1784885770260160085,1784885770260703238,252,207,0.025078753009438515,6.258373260498047,0.02479124255478382,0.00043826221372000873,0.11019283533096313
1784885770370193187,1784885770370602719,253,218,0.010454041883349419,6.268831253051758,0.024776065722107887,0.00043650573934428394,0.11026033759117126
1784885770480153319,1784885770480477914,252,219,0.015257921069860458,6.273130416870117,0.024851949885487556,0.00043654089677147567,0.10992366075515747
1784885770590156114,1784885770590524891,253,214,0.006833575665950775,6.264536380767822,0.024814007803797722,0.000436552771134302,0.11009174585342407
1784885770700175970,1784885770700668716,252,217,0.021977752447128296,6.2798004150390625,0.02488989196717739,0.0004365443892311305,0.10975609719753265
1784885770810170706,1784885770810610619,252,219,0.009207863360643387,6.268251895904541,0.024905068799853325,0.0004364592023193836,0.10968921333551407
1784885770920163683,1784885770920493613,252,218,0.019050290808081627,6.2515788078308105,0.024806419387459755,0.0004383160558063537,0.11012542247772217
1784885771030158025,1784885771030601845,251,218,0.02700066938996315,6.282186508178711,0.024927834048867226,0.00043672844185493886,0.10958904027938843
1784885771140192783,1784885771140712037,252,220,0.006130203139036894,6.265225887298584,0.024874715134501457,0.00043645562254823744,0.1098230630159378
1784885771250159833,1784885771250555933,253,220,0.01644791290163994,6.274315357208252,0.02482159622013569,0.0004365412751212716,0.11005808413028717
1784885771360180337,1784885771360747254,253,219,0.003572247689589858,6.262916088104248,0.024776065722107887,0.0004364383057691157,0.11026033759117126
1784885771480169249,1784885771480527971,252,220,0.02287202514708042,6.254218101501465,0.02482159622013569,0.00043839923455379903,0.11005808413028717
1784885771590171616,1784885771590664399,251,217,0.02059783600270748,6.251768112182617,0.024829184636473656,0.00043841160368174314,0.11002445220947266
1784885771690164247,1784885771690616739,253,223,0.02193627320230007,6.2799201011657715,0.02479124255478382,0.0004365331551525742,0.11019283533096313
1784885771810153214,1784885771810583663,253,216,0.017768491059541702,6.276094913482666,0.024798830971121788,0.00043650923180393875,0.11015912145376205
1784885771920146449,1784885771920565765,252,220,0.012605919502675533,6.243156909942627,0.02482159622013569,0.00043845520121976733,0.11005808413028717
1784885772030169759,1784885772030633634,252,222,0.0031123184598982334,6.262271881103516,0.024851949885487556,0.00043645116966217756,0.10992366075515747
1784885772140166342,1784885772140610847,253,220,0.02495725266635418,6.279922008514404,0.024814007803797722,0.0004367438377812505,0.11009174585342407
1784885772250211367,1784885772250588763,252,219,0.019001251086592674,6.273654460906982,0.024851949885487556,0.00043676563655026257,0.10992366075515747
1784885772360182321,1784885772360818449,251,216,0.015596066601574421,6.245509624481201,0.02482159622013569,0.0004385000211186707,0.11005808413028717
1784885772470184181,1784885772470731942,252,218,0.0073949419893324375,6.238133430480957,0.024814007803797722,0.0004384419589769095,0.11009174585342407
1784885772580165838,1784885772580618065,252,219,0.025829918682575226,6.281279563903809,0.024829184636473656,0.0004367099900264293,0.11002445220947266
1784885772690165179,1784885772690621443,253,228,0.02192305028438568,6.2763872146606445,0.024798830971121788,0.000436778791481629,0.11015912145376205
1784885772800189853,1784885772800752855,253,217,0.019365476444363594,6.277352333068848,0.02479124255478382,0.00043653292232193053,0.11019283533096313
1784885772920233390,1784885772920516140,252,219,0.01650925725698471,6.274402141571045,0.024874715134501457,0.0004365394706837833,0.1098230630159378
1784885773020168151,1784885773020486552,253,226,0.010370505042374134,6.266953468322754,0.024814007803797722,0.00043663091491907835,0.11009174585342407
1784885773130168459,1784885773130622505,253,221,0.008007284253835678,6.264403820037842,0.024760888889431953,0.0004366438661236316,0.11032792180776596
1784885773250152441,1784885773250550007,253,219,0.006723369937390089,6.2646164894104,0.024814007803797722,0.0004365394706837833,0.11009174585342407
1784885773350158222,1784885773350530788,253,209,0.003151856828480959,6.25942325592041,0.02479124255478382,0.0004366526263765991,0.11019283533096313
1784885773460173381,1784885773460733536,253,217,0.020899303257465363,6.27582311630249,0.02479124255478382,0.00043674668995663524,0.11019283533096313
1784885773580210010,1784885773581514408,251,217,0.014227970503270626,6.24390172958374,0.024829184636473656,0.00043851693044416606,0.11002445220947266
1784885773690173004,1784885773690628476,252,215,0.024220017716288567,6.278812408447266,0.02488989196717739,0.0004367698566056788,0.10975609719753265
1784885773800170571,1784885773800622783,251,222,0.0035534442868083715,6.233821392059326,0.024829184636473656,0.0004384750791359693,0.11002445220947266
1784885773910155397,1784885773910561462,251,217,0.007277993950992823,6.237376689910889,0.024905068799853325,0.000438487040810287,0.10968921333551407
1784885774020149314,1784885774020502124,251,220,0.0068308040499687195,6.2366533279418945,0.02486712671816349,0.00043850645306520164,0.10985657572746277
1784885774130166186,1784885774130621458,252,222,0.013932610861957073,6.245221138000488,0.024798830971121788,0.000438403309090063,0.11015912145376205
1784885774240152817,1784885774240564219,252,223,0.022728271782398224,6.27691125869751,0.02486712671816349,0.0004367984365671873,0.10985657572746277
1784885774350147782,1784885774350485019,251,223,0.009995738975703716,6.240753650665283,0.02486712671816349,0.00043844064930453897,0.10985657572746277
1784885774460188672,1784885774460776387,253,219,0.017688151448965073,6.271683216094971,0.024798830971121788,0.0004368115623947233,0.11015912145376205
1784885774570205507,1784885774570657076,252,220,0.011496803723275661,6.2427873611450195,0.02479124255478382,0.0004384031635709107,0.11019283533096313
1784885774680166695,1784885774680695318,252,225,0.011387958191335201,6.242044448852539,0.024814007803797722,0.0004384477506391704,0.11009174585342407
1784885774790149530,1784885774790546729,252,225,0.01115400530397892,6.242146015167236,0.024814007803797722,0.00043842417653650045,0.11009174585342407
1784885774900166143,1784885774900590471,253,226,0.017462346702814102,6.2702531814575195,0.024783654138445854,0.0004368957015685737,0.1102265790104866
1784885775010196813,1784885775011401030,253,231,0.01905660890042782,6.272734642028809,0.024738123640418053,0.00043683373951353133,0.11042945086956024
1784885775120217850,1784885775120560534,252,219,0.02025984227657318,6.273309707641602,0.024814007803797722,0.0004368775989860296,0.11009174585342407
1784885775230160887,1784885775230569941,252,227,0.01775793731212616,6.270974159240723,0.024897480383515358,0.00043686595745384693,0.10972264409065247
1784885775340165405,1784885775340593218,253,225,0.009838927537202835,6.261162281036377,0.024776065722107887,0.00043699826346710324,0.11026033759117126
1784885775450167979,1784885775450602200,253,223,0.024486243724822998,6.283012390136719,0.02482159622013569,0.00043649532017298043,0.11005808413028717
1784885775570169324,1784885775570565359,251,221,0.015230529010295868,6.243135452270508,0.02484436146914959,0.0004386414948385209,0.1099572405219078
1784885775680178046,1784885775680557044,253,223,0.030090225860476494,6.280508518218994,0.024753300473093987,0.0004370615060906857,0.1103617399930954
1784885775780174719,1784885775780529551,253,221,0.03365662321448326,6.263591766357422,0.02464706264436245,0.00043849850771948695,0.1108374372124672
1784885775900251489,1784885775900797580,255,220,0.008332445286214352,6.26545524597168,0.024578768759965897,0.0004365931963548064,0.11114541441202164
1784885776010146953,1784885776010497862,256,223,0.0028155571781098843,6.263568878173828,0.024525649845600128,0.00043634005123749375,0.11138613522052765
1784885776120169903,1784885776120796850,256,231,0.012232831679284573,6.273085117340088,0.02447253093123436,0.0004363331536296755,0.11162790656089783
1784885776230245817,1784885776230710652,256,224,0.022140298038721085,6.281289100646973,0.02447253093123436,0.00043645192636176944,0.11162790656089783
1784885776340176044,1784885776340671898,257,226,0.016258548945188522,6.276884078979492,0.02444976568222046,0.0004363489570096135,0.11173184216022491
1784885776460179902,1784885776460762571,258,230,0.008568252436816692,6.266971111297607,0.024335939437150955,0.0004365039349067956,0.11225444078445435
1784885776570191075,1784885776570646836,258,226,0.012775290757417679,6.271191120147705,0.024313174188137054,0.000436503003584221,0.11235955357551575
1784885776690221563,1784885776690573490,257,225,0.016655685380101204,6.275052547454834,0.02437388151884079,0.00043650437146425247,0.11207970231771469
1784885776800167994,1784885776800601403,258,226,0.007625166326761246,6.265548229217529,0.02432835102081299,0.00043653734610415995,0.11228945851325989
1784885776910153370,1784885776910612631,258,226,0.02419084869325161,6.282616138458252,0.024290408939123154,0.00043650236329995096,0.11246485263109207
1784885777020160916,1784885777020477939,258,226,0.019530508667230606,6.277919769287109,0.024343527853488922,0.0004365048371255398,0.11221945285797119
1784885777130160159,1784885777130619165,259,224,0.0207426305860281,6.279146194458008,0.024237291887402534,0.00043650384759530425,0.1127113327383995
1784885777240154717,1784885777241073098,258,226,0.020370112732052803,6.277947425842285,0.02432076260447502,0.0004365614731796086,0.11232449114322662
1784885777360173984,1784885777360683175,257,226,0.043476760387420654,6.282116413116455,0.02432076260447502,0.0004378866869956255,0.11232449114322662
1784885777470170746,1784885777470581177,258,228,0.00313157238997519,6.261686325073242,0.02432076260447502,0.0004364933120086789,0.11232449114322662
1784885777590177402,1784885777590656592,258,228,0.005917876493185759,6.264297008514404,0.02432076260447502,0.0004365055647213012,0.11232449114322662
1784885777700189719,1784885777700784041,258,226,0.006255320739001036,6.264651298522949,0.024290408939123154,0.00043650437146425247,0.11246485263109207
1784885777810220388,1784885777810982008,258,222,0.005365539807826281,6.263744354248047,0.024305585771799088,0.0004365055647213012,0.11239463090896606
1784885777920171760,1784885777920439097,259,228,0.0050118896178901196,6.26357364654541,0.02425246685743332,0.00043649281724356115,0.11264079809188843
1784885778040151271,1784885778040541371,258,213,0.006196692585945129,6.264564514160156,0.02435111626982689,0.000436506379628554,0.11218447983264923
1784885778150154373,1784885778150571344,252,217,0.13390199840068817,6.281081199645996,0.024404235184192657,0.00044440178317017853,0.11194030195474625
1784885778260194179,1784885778260793949,258,227,0.009747340343892574,6.267989158630371,0.02435111626982689,0.0004365151689853519,0.11218447983264923
1784885778380161083,1784885778380793225,256,221,0.03598668426275253,6.2766265869140625,0.024381469935178757,0.0004377463774289936,0.1120448186993599
1784885778490147277,1784885778490499228,256,221,0.0022160590160638094,6.260438442230225,0.02447253093123436,0.00043651650776155293,0.11162790656089783
1784885778600175583,1784885778600683889,256,220,0.014543337747454643,6.280575275421143,0.024502884596586227,0.00043597249896265566,0.11148962378501892
1784885778710167628,1784885778711296409,256,219,0.028914473950862885,6.27011775970459,0.024457354098558426,0.00043770685442723334,0.11169717460870743
1784885778820147341,1784885778820433087,257,225,0.00034291899646632373,6.258552551269531,0.024404235184192657,0.0004365174099802971,0.11194030195474625
1784885778940241822,1784885778940860889,253,226,0.13728992640972137,6.27217960357666,0.02429799735546112,0.0004452920111361891,0.11242973059415817
1784885779050152175,1784885779050542852,251,220,0.1688884049654007,6.271095275878906,0.02435111626982689,0.0004476769536267966,0.11218447983264923
1784885779160186443,1784885779160772070,251,216,0.18424822390079498,6.277646541595459,0.02435111626982689,0.000448324135504663,0.11218447983264923
1784885779280156624,1784885779280575524,251,209,0.1639149785041809,6.267568111419678,0.024358704686164856,0.0004475708701647818,0.11214952915906906
1784885779390169076,1784885779390604014,251,213,0.1715589165687561,6.2730536460876465,0.024404235184192657,0.00044772919500246644,0.11194030195474625
1784885779500180695,1784885779500870288,257,217,0.011071204207837582,6.280464172363281,0.024411823600530624,0.0004357387078925967,0.11190550029277802
1784885779610148054,1784885779611156359,257,221,0.013109097257256508,6.258105754852295,0.02435111626982689,0.0004374409909360111,0.11218447983264923
1784885779720175284,1784885779720603500,257,214,0.02040875516831875,6.265925884246826,0.024335939437150955,0.00043740449473261833,0.11225444078445435
1784885779840152410,1784885779840537920,256,215,0.010499775409698486,6.257006645202637,0.024411823600530624,0.00043733519851230085,0.11190550029277802
1784885779950166066,1784885779950555336,258,219,0.017849812284111977,6.2647528648376465,0.024305585771799088,0.00043730749166570604,0.11239463090896606
1784885780060160573,1784885780060750260,258,219,0.007523242849856615,6.278354167938232,0.024381469935178757,0.00043563879444263875,0.1120448186993599
1784885780170177462,1784885780170581976,257,225,0.015957485884428024,6.263676643371582,0.024404235184192657,0.000437250331742689,0.11194030195474625
1784885780280183481,1784885780280632588,256,218,0.019098946824669838,6.2668352127075195,0.024434588849544525,0.0004372491384856403,0.11180124431848526
1784885780400225709,1784885780400643204,257,209,0.007963673211634159,6.2805280685424805,0.02444976568222046,0.0004355184209998697,0.11173184216022491
1784885780510173595,1784885780510790653,255,213,0.009307637810707092,6.256520748138428,0.024502884596586227,0.0004372857802081853,0.11148962378501892
1784885780630178544,1784885780630748897,256,218,0.012065011076629162,6.259836673736572,0.02447253093123436,0.00043724666466005147,0.11162790656089783
1784885780730238281,1784885780730661666,255,218,0.01030309684574604,6.2579169273376465,0.024502884596586227,0.000437257724115625,0.11148962378501892
1784885780840169816,1784885780840634035,247,212,0.2253275066614151,6.27484655380249,0.024510473012924194,0.00045157596468925476,0.11145510524511337
1784885780960187154,1784885780960773952,255,219,0.01030309684574604,6.257567882537842,0.024556003510951996,0.0004372821713332087,0.1112484559416771
1784885781070161691,1784885781070608098,255,221,0.01682993583381176,6.264217376708984,0.024578768759965897,0.00043727358570322394,0.11114541441202164
1784885781180163935,1784885781180567729,255,212,0.017702920362353325,6.264565944671631,0.02459394559264183,0.0004373102856334299,0.11107683181762695
1784885781290179828,1784885781290690942,254,216,0.020949339494109154,6.267533302307129,0.02464706264436245,0.0004373297851998359,0.1108374372124672
1784885781400193962,1784885781400785783,254,214,0.014159319922327995,6.261250019073486,0.024639476090669632,0.00043729436583817005,0.1108715757727623
1784885781520235227,1784885781520552536,254,217,0.02915240079164505,6.276068210601807,0.024631887674331665,0.0004373065894469619,0.1109057292342186
1784885781630160228,1784885781630616413,254,213,0.015433375723659992,6.262471675872803,0.024677416309714317,0.0004372979747131467,0.11070110648870468
1784885781740151398,1784885781741362429,254,213,0.02164708636701107,6.268579959869385,0.024685004726052284,0.0004373053670860827,0.11066707968711853
1784885781850150809,1784885781850501527,250,214,0.11333067715167999,6.2715301513671875,0.024654651060700417,0.0004436065210029483,0.11080332100391388
1784885781960188110,1784885781960839915,254,210,0.025260265916585922,6.272228717803955,0.024639476090669632,0.00043730292236432433,0.1108715757727623
1784885782070189638,1784885782070606547,255,219,0.010180621407926083,6.280752658843994,0.02461671084165573,0.0004356568097136915,0.11097410321235657
1784885782180163824,1784885782180560658,254,218,0.01840119995176792,6.265439033508301,0.024609122425317764,0.00043729806202463806,0.11100832372903824
1784885782290147437,1784885782290490120,255,216,0.015608611516654491,6.262629508972168,0.02459394559264183,0.0004372992552816868,0.11107683181762695
1784885782410154489,1784885782410603844,255,212,0.021997027099132538,6.268929958343506,0.024578768759965897,0.00043730539618991315,0.11114541441202164
1784885782520153195,1784885782520567030,256,213,0.00742112472653389,6.279244899749756,0.024586357176303864,0.0004355698765721172,0.1111111119389534
1784885782630244054,1784885782630725021,255,214,0.008312547579407692,6.280545234680176,0.024631887674331665,0.00043554147123359144,0.1109057292342186
1784885782740151701,1784885782740568702,250,215,0.12965305149555206,6.2739739418029785,0.024639476090669632,0.00044460853678174317,0.1108715757727623
1784885782850158555,1784885782850566778,255,212,0.013461039401590824,6.260900974273682,0.02459394559264183,0.0004372699186205864,0.11107683181762695
1784885782960248377,1784885782960819071,251,212,0.12898331880569458,6.276434898376465,0.02457118034362793,0.0004443821089807898,0.11117973923683167
1784885783070151292,1784885783070524645,257,219,0.006845445837825537,6.279087066650391,0.02447253093123436,0.00043554086005315185,0.11162790656089783
1784885783190172682,1784885783190687969,257,222,0.028628824278712273,6.276259899139404,0.024404235184192657,0.0004372565308585763,0.11194030195474625
1784885783300251405,1784885783300856345,257,213,0.010128393769264221,6.257742404937744,0.02439664676785469,0.000437257724115625,0.11197511851787567
1784885783410163268,1784885783410598273,258,210,0.0053053139708936214,6.2772216796875,0.02437388151884079,0.0004355634155217558,0.11207970231771469
1784885783530167416,1784885783530578938,252,209,0.12589450180530548,6.276608943939209,0.024434588849544525,0.00044414636795409024,0.11180124431848526
1784885783640169672,1784885783640592176,247,204,0.22654989361763,6.271705150604248,0.024480119347572327,0.00045190195669420063,0.11159330606460571
1784885783750225468,1784885783750604822,255,214,0.01135025080293417,6.258964538574219,0.024502884596586227,0.0004372576659079641,0.11148962378501892
1784885783860211446,1784885783860876889,256,215,0.021123509854078293,6.268754959106445,0.024434588849544525,0.0004372564726509154,0.11180124431848526
1784885783980156165,1784885783980532148,256,215,0.01135025080293417,6.258964538574219,0.02441941201686859,0.00043725769501179457,0.11187072843313217
1784885784090156988,1784885784090634609,252,218,0.12411893904209137,6.27187967300415,0.02444976568222046,0.000444359757238999,0.11173184216022491
1784885784200185606,1784885784200740455,256,215,0.01857537031173706,6.26596212387085,0.024457354098558426,0.0004372736148070544,0.11169717460870743
1784885784310249079,1784885784311055646,256,216,0.013461572118103504,6.260900974273682,0.024411823600530624,0.00043726994772441685,0.11190550029277802
1784885784420150579,1784885784420521768,257,211,0.010128393769264221,6.257393836975098,0.02439664676785469,0.00043728211312554777,0.11197511851787567
1784885784530163289,1784885784530578814,256,214,0.028802994638681412,6.276085376739502,0.02444976568222046,0.0004372808907646686,0.11173184216022491
1784885784650152545,1784885784650492899,256,222,0.02595854550600052,6.273293495178223,0.024487707763910294,0.0004372772527858615,0.11155872046947479
1784885784760173534,1784885784760746309,256,214,0.01700463891029358,6.264374256134033,0.024434588849544525,0.0004372748080641031,0.11180124431848526
1784885784870163021,1784885784870595880,256,214,0.024911392480134964,6.272228717803955,0.024464942514896393,0.0004372784751467407,0.11166252940893173
1784885784980155952,1784885784980532771,258,221,0.009482873603701591,6.282057285308838,0.024381469935178757,0.00043551772250793874,0.1120448186993599
1784885785090193380,1784885785090824978,256,221,0.021997027099132538,6.26910400390625,0.02441941201686859,0.0004372931725811213,0.11187072843313217
1784885785210182592,1784885785210564562,256,216,0.010826141573488712,6.257742404937744,0.024411823600530624,0.0004373065603431314,0.11190550029277802
1784885785320173825,1784885785320571074,252,203,0.12464282661676407,6.273991107940674,0.024404235184192657,0.00044424502993933856,0.11194030195474625
1784885785430165818,1784885785430641553,256,214,0.021124042570590973,6.2687554359436035,0.024442177265882492,0.00043725650175474584,0.11176653206348419
1784885785540162311,1784885785540570004,256,217,0.028052853420376778,6.27571964263916,0.024442177265882492,0.000437254027929157,0.11176653206348419
1784885785650165989,1784885785650603500,256,220,0.01117554772645235,6.2588067054748535,0.024427000433206558,0.0004372565308585763,0.11183597147464752
1784885785770154627,1784885785770633622,256,216,0.01955331116914749,6.267183780670166,0.02444976568222046,0.0004372565308585763,0.11173184216022491
1784885785880152824,1784885785880533627,257,218,0.008138376288115978,6.280702590942383,0.02441941201686859,0.0004355184209998697,0.11187072843313217
1784885786000236153,1784885786000734001,256,219,0.020600466057658195,6.2682318687438965,0.02444976568222046,0.00043725650175474584,0.11173184216022491
1784885786110187609,1784885786110626604,256,218,0.011995603330433369,6.25966215133667,0.024487707763910294,0.0004372540570329875,0.11155872046947479
1784885786220159011,1784885786220486923,256,213,0.019098946824669838,6.2668352127075195,0.02447253093123436,0.0004372491384856403,0.11162790656089783
1784885786330255922,1784885786330715399,252,212,0.1297292709350586,6.273641586303711,0.024457354098558426,0.00044463807716965675,0.11169717460870743
1784885786440188357,1784885786440640038,256,217,0.007071718107908964,6.279035568237305,0.024563591927289963,0.0004355601267889142,0.11121408641338348
1784885786560169779,1784885786560716967,251,215,0.12294747680425644,6.27257776260376,0.024586357176303864,0.0004442246863618493,0.1111111119389534
1784885786670173832,1784885786670608326,255,211,0.017353514209389687,6.264723777770996,0.02454841509461403,0.00043727477896027267,0.1112828403711319
1784885786770209588,1784885786770654917,247,213,0.2251533418893814,6.273642063140869,0.024556003510951996,0.00045165291521698236,0.1112484559416771
1784885786890166194,1784885786890738976,255,217,0.009953690692782402,6.257218837738037,0.024556003510951996,0.0004372821422293782,0.1112484559416771
1784885787000163023,1784885787000669412,255,217,0.01386317703872919,6.261250019073486,0.024533238261938095,0.00043727358570322394,0.11135168373584747
1784885787110325923,1784885787111040942,255,213,0.02147291600704193,6.2687554359436035,0.024540826678276062,0.00043728091986849904,0.11131725460290909
1784885787220169297,1784885787220476284,251,214,0.13118715584278107,6.2710065841674805,0.024540826678276062,0.00044493447057902813,0.11131725460290909
1784885787330168073,1784885787330609681,257,215,0.010180621407926083,6.280960559844971,0.024480119347572327,0.0004356423451099545,0.11159330606460571
1784885787450207725,1784885787450553307,256,221,0.024614911526441574,6.270674705505371,0.02447253093123436,0.0004373665142338723,0.11162790656089783
1784885787560182480,1784885787560779841,255,219,0.020949339494109154,6.2668352127075195,0.024556003510951996,0.00043737870873883367,0.1112484559416771
1784885787670158272,1784885787670576008,255,219,0.016132188960909843,6.262803554534912,0.024563591927289963,0.0004373237316031009,0.11121408641338348
1784885787780153769,1784885787780547040,255,213,0.026656825095415115,6.273642063140869,0.02459394559264183,0.0004373017291072756,0.11107683181762695
1784885787890162989,1784885787890627470,254,219,0.026708686724305153,6.2739739418029785,0.02461671084165573,0.0004372821422293782,0.11097410321235657
1784885788010184252,1784885788010589990,255,206,0.02566206455230713,6.27257776260376,0.024578768759965897,0.0004373065894469619,0.11114541441202164
1784885788120138969,1784885788120574950,256,212,0.008313080295920372,6.280561447143555,0.024510473012924194,0.00043554039439186454,0.11145510524511337
1784885788230175803,1784885788230622470,255,219,0.021997027099132538,6.2692790031433105,0.024533238261938095,0.0004372809489723295,0.11135168373584747
1784885788340152836,1784885788340545109,256,217,0.01665576547384262,6.264025688171387,0.02449529618024826,0.0004372748080641031,0.11152416467666626
1784885788450153741,1784885788450539773,255,213,0.014683429151773453,6.262123107910156,0.024502884596586227,0.00043726988951675594,0.11148962378501892
1784885788570177596,1784885788570596298,256,217,0.019099479541182518,6.266486167907715,0.02449529618024826,0.00043727364391088486,0.11152416467666626
1784885788680259378,1784885788681217199,252,211,0.11206723749637604,6.2715301513671875,0.02449529618024826,0.0004435155133251101,0.11152416467666626
1784885788790153201,1784885788790593552,251,211,0.12692026793956757,6.273991107940674,0.024525649845600128,0.0004444096121005714,0.11138613522052765
1784885788900163922,1784885788900617793,251,212,0.12577566504478455,6.27207088470459,0.024563591927289963,0.0004444656951818615,0.11121408641338348
1784885789010155270,1784885789010574382,251,216,0.12769758701324463,6.2692790031433105,0.024556003510951996,0.00044480685028247535,0.1112484559416771
