t_ns,t_bag_ns,filename
1789657494738930427,1789657495039805067,1789657494738930427.jpg
1789657494772252521,1789657495040974131,1789657494772252521.jpg
1789657494805584563,1789657495048697276,1789657494805584563.jpg
1789657494838901881,1789657495081749729,1789657494838901881.jpg
1789657494872227799,1789657495084699342,1789657494872227799.jpg
1789657494705601475,1789657495085743280,1789657494705601475.jpg
1789657494905553416,1789657495087230132,1789657494905553416.jpg
1789657494938879534,1789657495099755605,1789657494938879534.jpg
1789657495072190604,1789657495102494538,1789657495072190604.jpg
1789657495105511830,1789657495139028258,1789657495105511830.jpg
1789657495138842584,1789657495169788971,1789657495138842584.jpg
1789657495172166398,1789657495203520686,1789657495172166398.jpg
1789657495205488550,1789657495238300726,1789657495205488550.jpg
1789657495238835276,1789657495270363759,1789657495238835276.jpg
1789657495272140941,1789657495303118924,1789657495272140941.jpg
1789657495305468129,1789657495337746709,1789657495305468129.jpg
1789657495338792210,1789657495372518342,1789657495338792210.jpg
1789657495372120822,1789657495404403213,1789657495372120822.jpg
1789657495405444646,1789657495436044571,1789657495405444646.jpg
1789657495438770084,1789657495469532940,1789657495438770084.jpg
1789657495472100141,1789657495504975890,1789657495472100141.jpg
1789657495505422660,1789657495535947024,1789657495505422660.jpg
1789657495538752858,1789657495571113296,1789657495538752858.jpg
1789657495572080065,1789657495603643262,1789657495572080065.jpg
1789657495605400591,1789657495636413370,1789657495605400591.jpg
1789657495638732195,1789657495668963595,1789657495638732195.jpg
1789657495672052305,1789657495703421069,1789657495672052305.jpg
1789657495705379918,1789657495736992529,1789657495705379918.jpg
1789657495738704148,1789657495770179053,1789657495738704148.jpg
1789657495772029169,1789657495804178390,1789657495772029169.jpg
1789657495805355015,1789657495838792768,1789657495805355015.jpg
1789657495838680012,1789657495870687879,1789657495838680012.jpg
1789657495872007516,1789657495903381045,1789657495872007516.jpg
1789657495905335693,1789657495936713843,1789657495905335693.jpg
1789657495938659983,1789657495970471891,1789657495938659983.jpg
1789657495971984025,1789657496002949617,1789657495971984025.jpg
1789657496005311115,1789657496037273243,1789657496005311115.jpg
1789657496038637285,1789657496071028863,1789657496038637285.jpg
1789657496071968855,1789657496103644845,1789657496071968855.jpg
1789657496105289391,1789657496136614448,1789657496105289391.jpg
1789657496138615766,1789657496170153741,1789657496138615766.jpg
1789657496171938777,1789657496205498471,1789657496171938777.jpg
1789657496205266956,1789657496238279430,1789657496205266956.jpg
1789657496238592311,1789657496269981101,1789657496238592311.jpg
1789657496271917697,1789657496302953537,1789657496271917697.jpg
1789657496305243485,1789657496335758441,1789657496305243485.jpg
1789657496338569668,1789657496370724384,1789657496338569668.jpg
1789657496371896420,1789657496403229609,1789657496371896420.jpg
1789657496405222141,1789657496436853992,1789657496405222141.jpg
1789657496438546465,1789657496472414439,1789657496438546465.jpg
1789657496471874105,1789657496505056365,1789657496471874105.jpg
1789657496505198526,1789657496536159791,1789657496505198526.jpg
1789657496538526562,1789657496570384104,1789657496538526562.jpg
1789657496571854535,1789657496604160243,1789657496571854535.jpg
1789657496605175827,1789657496637916456,1789657496605175827.jpg
1789657496638504500,1789657496672241859,1789657496638504500.jpg
1789657496671827228,1789657496704650939,1789657496671827228.jpg
1789657496705154061,1789657496736924133,1789657496705154061.jpg
1789657496738482042,1789657496769259270,1789657496738482042.jpg
1789657496771806807,1789657496804879141,1789657496771806807.jpg
1789657496805131733,1789657496839413021,1789657496805131733.jpg
1789657496838458535,1789657496872477881,1789657496838458535.jpg
1789657496871783772,1789657496903409459,1789657496871783772.jpg
1789657496905108110,1789657496935583619,1789657496905108110.jpg
1789657496938436508,1789657496970833703,1789657496938436508.jpg
1789657496971762816,1789657497001748930,1789657496971762816.jpg
1789657497005087151,1789657497035037154,1789657497005087151.jpg
1789657497038413216,1789657497071732814,1789657497038413216.jpg
1789657497071738820,1789657497103197583,1789657497071738820.jpg
1789657497105065547,1789657497136497769,1789657497105065547.jpg
1789657497138390593,1789657497168754926,1789657497138390593.jpg
1789657497171715402,1789657497204196691,1789657497171715402.jpg
1789657497205042585,1789657497239239298,1789657497205042585.jpg
1789657497238368170,1789657497271053799,1789657497238368170.jpg
1789657497271695397,1789657497304222322,1789657497271695397.jpg
1789657497305019436,1789657497336359667,1789657497305019436.jpg
1789657497338346562,1789657497369573171,1789657497338346562.jpg
1789657497371676976,1789657497402713547,1789657497371676976.jpg
1789657497404997857,1789657497435704223,1789657497404997857.jpg
1789657497438324731,1789657497471245929,1789657497438324731.jpg
1789657497471649251,1789657497504508839,1789657497471649251.jpg
1789657497504974709,1789657497536371746,1789657497504974709.jpg
1789657497538303335,1789657497569238592,1789657497538303335.jpg
1789657497571626541,1789657497602718663,1789657497571626541.jpg
1789657497604953444,1789657497637565257,1789657497604953444.jpg
1789657497638279909,1789657497669707620,1789657497638279909.jpg
1789657497671604344,1789657497702309880,1789657497671604344.jpg
1789657497704933897,1789657497736422380,1789657497704933897.jpg
1789657497738255796,1789657497769829564,1789657497738255796.jpg
1789657497771581392,1789657497804735786,1789657497771581392.jpg
1789657497804911457,1789657497836494066,1789657497804911457.jpg
1789657497838233429,1789657497870224409,1789657497838233429.jpg
1789657497871560374,1789657497904554830,1789657497871560374.jpg
1789657497904885066,1789657497937512914,1789657497904885066.jpg
1789657497938210982,1789657497971732745,1789657497938210982.jpg
1789657497971536307,1789657498002469328,1789657497971536307.jpg
1789657498004862285,1789657498037859908,1789657498004862285.jpg
1789657498038197163,1789657498069651539,1789657498038197163.jpg
1789657498071515644,1789657498101188009,1789657498071515644.jpg
1789657498104840719,1789657498137310089,1789657498104840719.jpg
1789657498138166383,1789657498170222359,1789657498138166383.jpg
1789657498171493265,1789657498204240843,1789657498171493265.jpg
1789657498204818792,1789657498237600028,1789657498204818792.jpg
1789657498238144239,1789657498268744174,1789657498238144239.jpg
1789657498271470265,1789657498304507134,1789657498271470265.jpg
1789657498304795034,1789657498335647465,1789657498304795034.jpg
1789657498338125308,1789657498369755151,1789657498338125308.jpg
1789657498371448026,1789657498406839578,1789657498371448026.jpg
1789657498404773098,1789657498437479126,1789657498404773098.jpg
1789657498438102455,1789657498470316971,1789657498438102455.jpg
1789657498471424903,1789657498502736364,1789657498471424903.jpg
1789657498504754937,1789657498534920041,1789657498504754937.jpg
1789657498538077924,1789657498570502301,1789657498538077924.jpg
1789657498571402986,1789657498604677411,1789657498571402986.jpg
1789657498604731884,1789657498636977270,1789657498604731884.jpg
1789657498638053979,1789657498669692767,1789657498638053979.jpg
1789657498671382193,1789657498703912116,1789657498671382193.jpg
1789657498704708213,1789657498736548078,1789657498704708213.jpg
1789657498738042570,1789657498770927367,1789657498738042570.jpg
1789657498771359221,1789657498805269398,1789657498771359221.jpg
1789657498804683031,1789657498837652978,1789657498804683031.jpg
1789657498838015277,1789657498869500607,1789657498838015277.jpg
1789657498871339254,1789657498905645409,1789657498871339254.jpg
1789657498904663116,1789657498936840850,1789657498904663116.jpg
1789657498937991037,1789657498968336192,1789657498937991037.jpg
1789657498971312354,1789657499002443025,1789657498971312354.jpg
1789657499004640508,1789657499037279174,1789657499004640508.jpg
1789657499037967000,1789657499070510639,1789657499037967000.jpg
1789657499071311691,1789657499104780320,1789657499071311691.jpg
1789657499104616599,1789657499137830438,1789657499104616599.jpg
1789657499137943957,1789657499170089630,1789657499137943957.jpg
1789657499171269706,1789657499202035646,1789657499171269706.jpg
1789657499204593869,1789657499236140404,1789657499204593869.jpg
1789657499237920724,1789657499270960294,1789657499237920724.jpg
1789657499271247546,1789657499303454962,1789657499271247546.jpg
1789657499304571992,1789657499336087164,1789657499304571992.jpg
1789657499337895906,1789657499369730138,1789657499337895906.jpg
1789657499371223089,1789657499402672574,1789657499371223089.jpg
1789657499404549912,1789657499437852695,1789657499404549912.jpg
1789657499437883412,1789657499471718293,1789657499437883412.jpg
1789657499471201966,1789657499503151450,1789657499471201966.jpg
1789657499504526954,1789657499537421001,1789657499504526954.jpg
1789657499537852597,1789657499569615973,1789657499537852597.jpg
1789657499571181007,1789657499603525052,1789657499571181007.jpg
1789657499604503444,1789657499633855866,1789657499604503444.jpg
1789657499637830902,1789657499670205644,1789657499637830902.jpg
1789657499671156418,1789657499707015188,1789657499671156418.jpg
1789657499704481551,1789657499736939975,1789657499704481551.jpg
1789657499737812206,1789657499769963964,1789657499737812206.jpg
1789657499771134451,1789657499803488848,1789657499771134451.jpg
1789657499804459323,1789657499836991807,1789657499804459323.jpg
1789657499837786367,1789657499869600269,1789657499837786367.jpg
1789657499871113641,1789657499901668874,1789657499871113641.jpg
1789657499904440187,1789657499935076798,1789657499904440187.jpg
1789657499937764240,1789657499970375953,1789657499937764240.jpg
1789657499971089745,1789657500002462613,1789657499971089745.jpg
1789657500004415919,1789657500035182979,1789657500004415919.jpg
1789657500037740850,1789657500069389124,1789657500037740850.jpg
1789657500071068736,1789657500102362614,1789657500071068736.jpg
1789657500104395887,1789657500134614195,1789657500104395887.jpg
1789657500137720026,1789657500170060846,1789657500137720026.jpg
1789657500171045697,1789657500203345458,1789657500171045697.jpg
1789657500204371543,1789657500236312281,1789657500204371543.jpg
1789657500237696629,1789657500270788549,1789657500237696629.jpg
1789657500271022891,1789657500302561438,1789657500271022891.jpg
1789657500304350675,1789657500335032848,1789657500304350675.jpg
1789657500337675191,1789657500370241968,1789657500337675191.jpg
1789657500371000027,1789657500401153304,1789657500371000027.jpg
1789657500404327391,1789657500436333295,1789657500404327391.jpg
1789657500437651941,1789657500468897369,1789657500437651941.jpg
1789657500470975945,1789657500502692783,1789657500470975945.jpg
1789657500504305331,1789657500536987259,1789657500504305331.jpg
1789657500537630327,1789657500571611727,1789657500537630327.jpg
1789657500570966456,1789657500606711090,1789657500570966456.jpg
1789657500604280150,1789657500636097816,1789657500604280150.jpg
1789657500637608671,1789657500670259776,1789657500637608671.jpg
1789657500670939408,1789657500704350350,1789657500670939408.jpg
1789657500704260498,1789657500735118986,1789657500704260498.jpg
1789657500737586809,1789657500770339050,1789657500737586809.jpg
1789657500770909415,1789657500803190321,1789657500770909415.jpg
1789657500804237642,1789657500836082979,1789657500804237642.jpg
1789657500837562708,1789657500870213996,1789657500837562708.jpg
1789657500870888287,1789657500902428578,1789657500870888287.jpg
1789657500904215068,1789657500938468382,1789657500904215068.jpg
1789657500937539607,1789657500968410630,1789657500937539607.jpg
1789657500970867768,1789657501003084819,1789657500970867768.jpg
1789657501004192487,1789657501034339480,1789657501004192487.jpg
1789657501037516835,1789657501068229039,1789657501037516835.jpg
1789657501070844445,1789657501105630754,1789657501070844445.jpg
1789657501104172338,1789657501136713567,1789657501104172338.jpg
1789657501137494296,1789657501169243474,1789657501137494296.jpg
1789657501170824857,1789657501202784857,1789657501170824857.jpg
1789657501204147396,1789657501234588560,1789657501204147396.jpg
1789657501237473259,1789657501270236465,1789657501237473259.jpg
1789657501270799280,1789657501303508965,1789657501270799280.jpg
1789657501304124195,1789657501335786101,1789657501304124195.jpg
1789657501337453848,1789657501369278318,1789657501337453848.jpg
1789657501370778639,1789657501403628255,1789657501370778639.jpg
1789657501404101936,1789657501436355843,1789657501404101936.jpg
1789657501437428007,1789657501469114782,1789657501437428007.jpg
1789657501470758677,1789657501501706595,1789657501470758677.jpg
1789657501504082317,1789657501532703429,1789657501504082317.jpg
1789657501537405850,1789657501566805890,1789657501537405850.jpg
1789657501570733139,1789657501601503967,1789657501570733139.jpg
1789657501604057744,1789657501636226802,1789657501604057744.jpg
1789657501637385079,1789657501669246235,1789657501637385079.jpg
1789657501670711713,1789657501701882195,1789657501670711713.jpg
1789657501704035691,1789657501737395048,1789657501704035691.jpg
1789657501737367230,1789657501769986972,1789657501737367230.jpg
1789657501770687804,1789657501801480627,1789657501770687804.jpg
1789657501804013531,1789657501835374316,1789657501804013531.jpg
1789657501837339546,1789657501869708513,1789657501837339546.jpg
1789657501870663976,1789657501901930520,1789657501870663976.jpg
1789657501903990391,1789657501933232217,1789657501903990391.jpg
1789657501937315374,1789657501968721367,1789657501937315374.jpg
1789657501970641335,1789657502003202634,1789657501970641335.jpg
1789657502003968959,1789657502036264843,1789657502003968959.jpg
1789657502037294614,1789657502068907858,1789657502037294614.jpg
1789657502070621237,1789657502102252800,1789657502070621237.jpg
1789657502103948422,1789657502138039202,1789657502103948422.jpg
1789657502137271329,1789657502171053152,1789657502137271329.jpg
1789657502170596960,1789657502201335466,1789657502170596960.jpg
1789657502203922986,1789657502236212686,1789657502203922986.jpg
1789657502237249143,1789657502267987389,1789657502237249143.jpg
1789657502270575301,1789657502301443662,1789657502270575301.jpg
1789657502303902719,1789657502336267957,1789657502303902719.jpg
1789657502337225076,1789657502370681077,1789657502337225076.jpg
1789657502370553155,1789657502404160035,1789657502370553155.jpg
1789657502403883353,1789657502438335494,1789657502403883353.jpg
1789657502437204430,1789657502469284736,1789657502437204430.jpg
1789657502470534869,1789657502503151777,1789657502470534869.jpg
1789657502503856238,1789657502536196986,1789657502503856238.jpg
1789657502537182128,1789657502571575916,1789657502537182128.jpg
1789657502570507628,1789657502601753344,1789657502570507628.jpg
1789657502603834088,1789657502635786047,1789657502603834088.jpg
1789657502637164357,1789657502668885662,1789657502637164357.jpg
1789657502670484359,1789657502702479895,1789657502670484359.jpg
1789657502703813690,1789657502736297381,1789657502703813690.jpg
1789657502737138889,1789657502769455310,1789657502737138889.jpg
1789657502770463719,1789657502802931286,1789657502770463719.jpg
1789657502803789509,1789657502835564191,1789657502803789509.jpg
1789657502837115102,1789657502870241341,1789657502837115102.jpg
1789657502870440426,1789657502902230206,1789657502870440426.jpg
1789657502903768251,1789657502935878234,1789657502903768251.jpg
1789657502937092512,1789657502971354180,1789657502937092512.jpg
1789657502970418233,1789657503004203653,1789657502970418233.jpg
1789657503003744074,1789657503036052391,1789657503003744074.jpg
1789657503037069812,1789657503072139654,1789657503037069812.jpg
1789657503070398417,1789657503104445307,1789657503070398417.jpg
1789657503103728575,1789657503136115124,1789657503103728575.jpg
1789657503137047475,1789657503172223239,1789657503137047475.jpg
1789657503170373083,1789657503203518379,1789657503170373083.jpg
1789657503203701238,1789657503237101926,1789657503203701238.jpg
1789657503237025043,1789657503270018157,1789657503237025043.jpg
1789657503270350226,1789657503302553322,1789657503270350226.jpg
1789657503303678820,1789657503335863987,1789657503303678820.jpg
1789657503337001721,1789657503368420541,1789657503337001721.jpg
1789657503370331616,1789657503402735682,1789657503370331616.jpg
1789657503403655265,1789657503435065834,1789657503403655265.jpg
1789657503436983576,1789657503468883894,1789657503436983576.jpg
1789657503470306895,1789657503504340655,1789657503470306895.jpg
1789657503503632291,1789657503536669936,1789657503503632291.jpg
1789657503536959386,1789657503569885511,1789657503536959386.jpg
1789657503570283777,1789657503601437701,1789657503570283777.jpg
1789657503603615232,1789657503635681750,1789657503603615232.jpg
1789657503636935398,1789657503669238465,1789657503636935398.jpg
1789657503670261727,1789657503701018316,1789657503670261727.jpg
1789657503703587846,1789657503736560241,1789657503703587846.jpg
1789657503736913480,1789657503767935713,1789657503736913480.jpg
1789657503770242125,1789657503803271088,1789657503770242125.jpg
1789657503803565586,1789657503836097135,1789657503803565586.jpg
1789657503836892115,1789657503869002643,1789657503836892115.jpg
1789657503870217235,1789657503903974749,1789657503870217235.jpg
1789657503903543440,1789657503936158090,1789657503903543440.jpg
1789657503936869465,1789657503969889467,1789657503936869465.jpg
1789657503970197490,1789657504003368276,1789657503970197490.jpg
1789657504003519355,1789657504033978248,1789657504003519355.jpg
1789657504036851671,1789657504070193693,1789657504036851671.jpg
1789657504070172232,1789657504102671434,1789657504070172232.jpg
1789657504103497708,1789657504134781794,1789657504103497708.jpg
1789657504136824183,1789657504169477629,1789657504136824183.jpg
1789657504170149609,1789657504203342946,1789657504170149609.jpg
1789657504203477362,1789657504234958412,1789657504203477362.jpg
1789657504236800802,1789657504268110691,1789657504236800802.jpg
1789657504270125818,1789657504302902190,1789657504270125818.jpg
1789657504303454904,1789657504340325402,1789657504303454904.jpg
1789657504336781377,1789657504368228070,1789657504336781377.jpg
1789657504370104531,1789657504403392467,1789657504370104531.jpg
1789657504403430182,1789657504436338788,1789657504403430182.jpg
1789657504436757330,1789657504468014641,1789657504436757330.jpg
1789657504470081499,1789657504501014869,1789657504470081499.jpg
1789657504503412676,1789657504536406797,1789657504503412676.jpg
1789657504536733774,1789657504567544275,1789657504536733774.jpg
1789657504570059867,1789657504601386297,1789657504570059867.jpg
1789657504603385995,1789657504634682906,1789657504603385995.jpg
1789657504636711680,1789657504669705714,1789657504636711680.jpg
1789657504670038370,1789657504702469688,1789657504670038370.jpg
1789657504703363554,1789657504734706805,1789657504703363554.jpg
1789657504736689496,1789657504768571363,1789657504736689496.jpg
1789657504770014368,1789657504800183699,1789657504770014368.jpg
1789657504803340030,1789657504836591362,1789657504803340030.jpg
1789657504836667328,1789657504868831571,1789657504836667328.jpg
1789657504869992897,1789657504900790991,1789657504869992897.jpg
1789657504903319546,1789657504935345218,1789657504903319546.jpg
1789657504936644099,1789657504968194857,1789657504936644099.jpg
1789657504969969359,1789657505003142685,1789657504969969359.jpg
1789657505003297757,1789657505038130419,1789657505003297757.jpg
1789657505036625805,1789657505068057944,1789657505036625805.jpg
1789657505069948675,1789657505101421348,1789657505069948675.jpg
1789657505103276358,1789657505134910656,1789657505103276358.jpg
1789657505136599949,1789657505169506122,1789657505136599949.jpg
1789657505169926902,1789657505203309663,1789657505169926902.jpg
1789657505203250404,1789657505232769384,1789657505203250404.jpg
1789657505236576930,1789657505269056661,1789657505236576930.jpg
1789657505269903263,1789657505303939694,1789657505269903263.jpg
1789657505303228710,1789657505336183143,1789657505303228710.jpg
1789657505336558704,1789657505369172667,1789657505336558704.jpg
1789657505369882674,1789657505401263898,1789657505369882674.jpg
1789657505403205840,1789657505436977059,1789657505403205840.jpg
1789657505436533007,1789657505469299099,1789657505436533007.jpg
1789657505469857924,1789657505501661305,1789657505469857924.jpg
1789657505503187647,1789657505538015154,1789657505503187647.jpg
1789657505536511295,1789657505567466468,1789657505536511295.jpg
1789657505569835262,1789657505601631130,1789657505569835262.jpg
1789657505603164255,1789657505636983596,1789657505603164255.jpg
1789657505636488243,1789657505675131030,1789657505636488243.jpg
1789657505669817831,1789657505702001260,1789657505669817831.jpg
1789657505703138362,1789657505732622212,1789657505703138362.jpg
1789657505736463930,1789657505768951339,1789657505736463930.jpg
1789657505769792463,1789657505801089458,1789657505769792463.jpg
1789657505803118357,1789657505834371142,1789657505803118357.jpg
1789657505836445145,1789657505869612073,1789657505836445145.jpg
1789657505869768745,1789657505899914033,1789657505869768745.jpg
1789657505903096708,1789657505936324918,1789657505903096708.jpg
1789657505936419612,1789657505968444407,1789657505936419612.jpg
1789657505969747461,1789657506001759034,1789657505969747461.jpg
1789657506003073084,1789657506035133400,1789657506003073084.jpg
1789657506036399096,1789657506069522334,1789657506036399096.jpg
1789657506069725376,1789657506103237247,1789657506069725376.jpg
1789657506103052729,1789657506136112569,1789657506103052729.jpg
1789657506136375062,1789657506168058248,1789657506136375062.jpg
1789657506169701629,1789657506202212965,1789657506169701629.jpg
1789657506203027280,1789657506234493654,1789657506203027280.jpg
1789657506236354240,1789657506269623347,1789657506236354240.jpg
1789657506269682104,1789657506301100037,1789657506269682104.jpg
1789657506303004108,1789657506335970459,1789657506303004108.jpg
1789657506336338370,1789657506368910428,1789657506336338370.jpg
1789657506369656317,1789657506402073688,1789657506369656317.jpg
1789657506402983344,1789657506434399932,1789657506402983344.jpg
1789657506436309847,1789657506469991317,1789657506436309847.jpg
1789657506469632180,1789657506502767420,1789657506469632180.jpg
1789657506502959698,1789657506535913458,1789657506502959698.jpg
1789657506536287245,1789657506569443987,1789657506536287245.jpg
1789657506569612627,1789657506603273989,1789657506569612627.jpg
1789657506602940552,1789657506634417225,1789657506602940552.jpg
1789657506636262191,1789657506668919156,1789657506636262191.jpg
1789657506669589844,1789657506700342273,1789657506669589844.jpg
1789657506702916018,1789657506737656616,1789657506702916018.jpg
1789657506736243235,1789657506768412417,1789657506736243235.jpg
1789657506769567626,1789657506801985796,1789657506769567626.jpg
1789657506802892355,1789657506834111304,1789657506802892355.jpg
1789657506836225170,1789657506868278557,1789657506836225170.jpg
1789657506869544646,1789657506899529716,1789657506869544646.jpg
1789657506902873947,1789657506936834485,1789657506902873947.jpg
1789657506936202888,1789657506967916185,1789657506936202888.jpg
1789657506969522353,1789657507000847414,1789657506969522353.jpg
1789657507002847848,1789657507035551358,1789657507002847848.jpg
1789657507036173548,1789657507068789745,1789657507036173548.jpg
1789657507069499490,1789657507103665592,1789657507069499490.jpg
1789657507102825427,1789657507135591086,1789657507102825427.jpg
1789657507136153431,1789657507168731253,1789657507136153431.jpg
1789657507169477828,1789657507208279467,1789657507169477828.jpg
1789657507202804200,1789657507235160455,1789657507202804200.jpg
1789657507236130492,1789657507268723778,1789657507236130492.jpg
1789657507269455475,1789657507300239856,1789657507269455475.jpg
1789657507302799728,1789657507334473330,1789657507302799728.jpg
1789657507336107577,1789657507370685459,1789657507336107577.jpg
1789657507369433113,1789657507402727468,1789657507369433113.jpg
1789657507402760100,1789657507435461831,1789657507402760100.jpg
1789657507436084532,1789657507468246433,1789657507436084532.jpg
1789657507469410833,1789657507502204228,1789657507469410833.jpg
1789657507502740443,1789657507535721516,1789657507502740443.jpg
1789657507536062587,1789657507568500266,1789657507536062587.jpg
1789657507569392992,1789657507602586948,1789657507569392992.jpg
1789657507602713125,1789657507633319415,1789657507602713125.jpg
1789657507636041797,1789657507669764316,1789657507636041797.jpg
1789657507669368141,1789657507700839756,1789657507669368141.jpg
1789657507702692303,1789657507734237714,1789657507702692303.jpg
1789657507736017846,1789657507767197386,1789657507736017846.jpg
1789657507769343321,1789657507802163379,1789657507769343321.jpg
1789657507802673579,1789657507835353304,1789657507802673579.jpg
1789657507836003762,1789657507867141264,1789657507836003762.jpg
1789657507869321787,1789657507900400354,1789657507869321787.jpg
1789657507902647405,1789657507935002560,1789657507902647405.jpg
1789657507935973088,1789657507969691263,1789657507935973088.jpg
1789657507969300012,1789657508001230137,1789657507969300012.jpg
1789657508002624917,1789657508033839261,1789657508002624917.jpg
1789657508035950234,1789657508069466793,1789657508035950234.jpg
1789657508069274786,1789657508102921823,1789657508069274786.jpg
1789657508102601080,1789657508134511306,1789657508102601080.jpg
1789657508135929784,1789657508169689737,1789657508135929784.jpg
1789657508169252390,1789657508202108052,1789657508169252390.jpg
1789657508202578830,1789657508236575093,1789657508202578830.jpg
1789657508235906398,1789657508267413187,1789657508235906398.jpg
1789657508269230679,1789657508300749275,1789657508269230679.jpg
1789657508302558751,1789657508334364838,1789657508302558751.jpg
1789657508335882518,1789657508368491962,1789657508335882518.jpg
1789657508369209325,1789657508402270095,1789657508369209325.jpg
1789657508402539900,1789657508432206508,1789657508402539900.jpg
1789657508435859667,1789657508468327786,1789657508435859667.jpg
1789657508469187717,1789657508503396499,1789657508469187717.jpg
1789657508502512466,1789657508533657403,1789657508502512466.jpg
1789657508535839278,1789657508566777015,1789657508535839278.jpg
1789657508569164344,1789657508600791753,1789657508569164344.jpg
1789657508602488139,1789657508637111583,1789657508602488139.jpg
1789657508635816436,1789657508669150721,1789657508635816436.jpg
1789657508669141424,1789657508702352775,1789657508669141424.jpg
1789657508702468483,1789657508733808743,1789657508702468483.jpg
1789657508735797590,1789657508769259279,1789657508735797590.jpg
1789657508769119493,1789657508801792109,1789657508769119493.jpg
1789657508802445266,1789657508833834674,1789657508802445266.jpg
1789657508835769989,1789657508866560036,1789657508835769989.jpg
1789657508869099644,1789657508903571460,1789657508869099644.jpg
1789657508902426261,1789657508934998650,1789657508902426261.jpg
1789657508935747892,1789657508967496203,1789657508935747892.jpg
1789657508969074525,1789657509002057854,1789657508969074525.jpg
1789657509002398649,1789657509033813777,1789657509002398649.jpg
1789657509035729136,1789657509069597008,1789657509035729136.jpg
1789657509069052505,1789657509101153139,1789657509069052505.jpg
1789657509102377503,1789657509133872409,1789657509102377503.jpg
1789657509135704966,1789657509169178874,1789657509135704966.jpg
1789657509169029128,1789657509200497141,1789657509169029128.jpg
1789657509202358322,1789657509233780859,1789657509202358322.jpg
1789657509235681069,1789657509267878688,1789657509235681069.jpg
1789657509269007048,1789657509301857426,1789657509269007048.jpg
1789657509302388017,1789657509333796289,1789657509302388017.jpg
1789657509335659024,1789657509368204591,1789657509335659024.jpg
1789657509368984331,1789657509401292703,1789657509368984331.jpg
1789657509402310287,1789657509435334218,1789657509402310287.jpg
1789657509435638422,1789657509469212644,1789657509435638422.jpg
1789657509468961894,1789657509500605668,1789657509468961894.jpg
1789657509502287970,1789657509533085240,1789657509502287970.jpg
1789657509535613872,1789657509569680599,1789657509535613872.jpg
1789657509568939645,1789657509601907844,1789657509568939645.jpg
1789657509602270690,1789657509634046665,1789657509602270690.jpg
1789657509635592804,1789657509666428146,1789657509635592804.jpg
1789657509668917370,1789657509705676922,1789657509668917370.jpg
1789657509702247566,1789657509734488028,1789657509702247566.jpg
1789657509735568682,1789657509766894546,1789657509735568682.jpg
1789657509768895937,1789657509800154636,1789657509768895937.jpg
1789657509802223903,1789657509835259217,1789657509802223903.jpg
1789657509835545868,1789657509866453376,1789657509835545868.jpg
1789657509868872282,1789657509915700609,1789657509868872282.jpg
1789657509902200723,1789657509938638526,1789657509902200723.jpg
1789657509935522150,1789657509964589036,1789657509935522150.jpg
1789657509968852191,1789657509998311355,1789657509968852191.jpg
1789657510002174760,1789657510035437627,1789657510002174760.jpg
1789657510035502743,1789657510067354157,1789657510035502743.jpg
1789657510068827963,1789657510100448787,1789657510068827963.jpg
1789657510102155261,1789657510133784596,1789657510102155261.jpg
1789657510135479568,1789657510166177614,1789657510135479568.jpg
1789657510168806011,1789657510201570503,1789657510168806011.jpg
1789657510202131566,1789657510237097332,1789657510202131566.jpg
1789657510235458064,1789657510266568015,1789657510235458064.jpg
1789657510268781941,1789657510301869090,1789657510268781941.jpg
1789657510302108578,1789657510332866643,1789657510302108578.jpg
1789657510335434725,1789657510367703063,1789657510335434725.jpg
1789657510368760445,1789657510398387031,1789657510368760445.jpg
1789657510402085450,1789657510434987797,1789657510402085450.jpg
1789657510435428191,1789657510468476732,1789657510435428191.jpg
1789657510468737461,1789657510502093812,1789657510468737461.jpg
1789657510502064262,1789657510534711473,1789657510502064262.jpg
1789657510535400910,1789657510564817510,1789657510535400910.jpg
1789657510568713362,1789657510601783545,1789657510568713362.jpg
1789657510602040962,1789657510632639582,1789657510602040962.jpg
1789657510635367824,1789657510665660232,1789657510635367824.jpg
1789657510668693251,1789657510700683111,1789657510668693251.jpg
1789657510702017960,1789657510734314414,1789657510702017960.jpg
1789657510735345256,1789657510766996628,1789657510735345256.jpg
1789657510768671337,1789657510802127171,1789657510768671337.jpg
1789657510801995761,1789657510834706610,1789657510801995761.jpg
1789657510835326454,1789657510868974415,1789657510835326454.jpg
1789657510868648516,1789657510901691999,1789657510868648516.jpg
1789657510901973982,1789657510937387825,1789657510901973982.jpg
1789657510935304938,1789657510967381253,1789657510935304938.jpg
1789657510968626287,1789657511000368923,1789657510968626287.jpg
1789657511001955531,1789657511034984608,1789657511001955531.jpg
1789657511035283436,1789657511065641205,1789657511035283436.jpg
1789657511068602646,1789657511100172818,1789657511068602646.jpg
1789657511101930104,1789657511135659556,1789657511101930104.jpg
1789657511135258285,1789657511167791339,1789657511135258285.jpg
1789657511168581698,1789657511202416209,1789657511168581698.jpg
1789657511201907310,1789657511233801288,1789657511201907310.jpg
1789657511235234323,1789657511267038970,1789657511235234323.jpg
1789657511268562065,1789657511303665254,1789657511268562065.jpg
1789657511301884427,1789657511333845622,1789657511301884427.jpg
1789657511335209995,1789657511369581946,1789657511335209995.jpg
1789657511368542864,1789657511398790338,1789657511368542864.jpg
1789657511401864076,1789657511434464904,1789657511401864076.jpg
1789657511435188342,1789657511468971481,1789657511435188342.jpg
1789657511468512323,1789657511498719526,1789657511468512323.jpg
1789657511501845149,1789657511533402098,1789657511501845149.jpg
1789657511535165926,1789657511567767808,1789657511535165926.jpg
1789657511568491074,1789657511600798087,1789657511568491074.jpg
1789657511601818033,1789657511635371718,1789657511601818033.jpg
1789657511635142230,1789657511666425787,1789657511635142230.jpg
1789657511668468285,1789657511708284090,1789657511668468285.jpg
1789657511701795548,1789657511737920767,1789657511701795548.jpg
1789657511735122821,1789657511768340056,1789657511735122821.jpg
1789657511768447506,1789657511802382903,1789657511768447506.jpg
1789657511801771039,1789657511832005433,1789657511801771039.jpg
1789657511835101069,1789657511867338748,1789657511835101069.jpg
1789657511868424196,1789657511901124676,1789657511868424196.jpg
1789657511901749967,1789657511933699115,1789657511901749967.jpg
1789657511935075233,1789657511966448346,1789657511935075233.jpg
1789657511968401497,1789657512001492001,1789657511968401497.jpg
1789657512001730523,1789657512038053434,1789657512001730523.jpg
1789657512035053295,1789657512065474037,1789657512035053295.jpg
1789657512068379698,1789657512100928126,1789657512068379698.jpg
1789657512101705070,1789657512134733664,1789657512101705070.jpg
1789657512135031498,1789657512166725580,1789657512135031498.jpg
1789657512168358134,1789657512201418540,1789657512168358134.jpg
1789657512201682917,1789657512233840168,1789657512201682917.jpg
1789657512235009664,1789657512268461037,1789657512235009664.jpg
1789657512268335047,1789657512302168911,1789657512268335047.jpg
1789657512301659286,1789657512333601989,1789657512301659286.jpg
1789657512334986781,1789657512367933680,1789657512334986781.jpg
1789657512368311575,1789657512401439651,1789657512368311575.jpg
1789657512401639736,1789657512433692209,1789657512401639736.jpg
1789657512434964173,1789657512467428378,1789657512434964173.jpg
1789657512468288505,1789657512500015075,1789657512468288505.jpg
1789657512501616323,1789657512533322551,1789657512501616323.jpg
1789657512534948756,1789657512566228055,1789657512534948756.jpg
1789657512568268282,1789657512600429509,1789657512568268282.jpg
1789657512601592995,1789657512634828662,1789657512601592995.jpg
1789657512634918188,1789657512666924557,1789657512634918188.jpg
1789657512668248408,1789657512699476255,1789657512668248408.jpg
1789657512701570430,1789657512734182160,1789657512701570430.jpg
1789657512734899866,1789657512769147780,1789657512734899866.jpg
1789657512768224658,1789657512803643486,1789657512768224658.jpg
1789657512801546589,1789657512831082625,1789657512801546589.jpg
1789657512834875933,1789657512870300252,1789657512834875933.jpg
1789657512868200290,1789657512901196398,1789657512868200290.jpg
1789657512901525898,1789657512933108945,1789657512901525898.jpg
1789657512934852539,1789657512966443236,1789657512934852539.jpg
1789657512968177677,1789657512999337370,1789657512968177677.jpg
1789657513001506490,1789657513035298762,1789657513001506490.jpg
1789657513034831271,1789657513065612718,1789657513034831271.jpg
1789657513068159165,1789657513100047703,1789657513068159165.jpg
1789657513101485125,1789657513134544909,1789657513101485125.jpg
1789657513134805740,1789657513166218961,1789657513134805740.jpg
1789657513168135069,1789657513199906798,1789657513168135069.jpg
1789657513201460027,1789657513234470205,1789657513201460027.jpg
1789657513234785317,1789657513266315050,1789657513234785317.jpg
1789657513268109820,1789657513300202364,1789657513268109820.jpg
1789657513301439014,1789657513334809400,1789657513301439014.jpg
1789657513334761481,1789657513365645214,1789657513334761481.jpg
1789657513368089845,1789657513399918517,1789657513368089845.jpg
1789657513401416900,1789657513435148835,1789657513401416900.jpg
1789657513434739366,1789657513467896435,1789657513434739366.jpg
1789657513468065882,1789657513502053834,1789657513468065882.jpg
1789657513501392777,1789657513533420339,1789657513501392777.jpg
1789657513534716745,1789657513568028171,1789657513534716745.jpg
1789657513568045960,1789657513601116430,1789657513568045960.jpg
1789657513601369093,1789657513633283971,1789657513601369093.jpg
1789657513634701374,1789657513666527985,1789657513634701374.jpg
1789657513668021291,1789657513698829967,1789657513668021291.jpg
1789657513701347861,1789657513733794698,1789657513701347861.jpg
1789657513734673583,1789657513767337501,1789657513734673583.jpg
1789657513767997859,1789657513800897544,1789657513767997859.jpg
1789657513801325223,1789657513833702736,1789657513801325223.jpg
1789657513834649549,1789657513865467120,1789657513834649549.jpg
1789657513867974170,1789657513906882933,1789657513867974170.jpg
1789657513901304345,1789657513934587083,1789657513901304345.jpg
1789657513934627907,1789657513966886602,1789657513934627907.jpg
1789657513967961255,1789657514000140616,1789657513967961255.jpg
1789657514001283012,1789657514033251689,1789657514001283012.jpg
1789657514034604188,1789657514066312911,1789657514034604188.jpg
1789657514067931476,1789657514104218069,1789657514067931476.jpg
1789657514101256640,1789657514134222255,1789657514101256640.jpg
1789657514134584633,1789657514164186720,1789657514134584633.jpg
1789657514167908946,1789657514200373476,1789657514167908946.jpg
1789657514201235200,1789657514235408186,1789657514201235200.jpg
1789657514234560340,1789657514268580165,1789657514234560340.jpg
1789657514267886363,1789657514298787068,1789657514267886363.jpg
1789657514301212075,1789657514334070124,1789657514301212075.jpg
1789657514334539128,1789657514368433666,1789657514334539128.jpg
1789657514367861803,1789657514399021338,1789657514367861803.jpg
1789657514401191500,1789657514432334942,1789657514401191500.jpg
1789657514434514022,1789657514464769458,1789657514434514022.jpg
1789657514467844851,1789657514501638104,1789657514467844851.jpg
1789657514501167645,1789657514536948622,1789657514501167645.jpg
1789657514534493021,1789657514565240258,1789657514534493021.jpg
1789657514567819126,1789657514600419521,1789657514567819126.jpg
1789657514601143481,1789657514632954756,1789657514601143481.jpg
1789657514634470042,1789657514666700479,1789657514634470042.jpg
1789657514667796658,1789657514697690493,1789657514667796658.jpg
1789657514701123865,1789657514734670396,1789657514701123865.jpg
1789657514734447503,1789657514766106491,1789657514734447503.jpg
1789657514767775317,1789657514798600487,1789657514767775317.jpg
1789657514801099929,1789657514834469195,1789657514801099929.jpg
1789657514834427995,1789657514866943876,1789657514834427995.jpg
1789657514867751647,1789657514899752122,1789657514867751647.jpg
1789657514901078262,1789657514933244167,1789657514901078262.jpg
1789657514934402545,1789657514966110061,1789657514934402545.jpg
1789657514967729848,1789657515004517410,1789657514967729848.jpg
1789657515001055103,1789657515034792311,1789657515001055103.jpg
1789657515034381280,1789657515067266029,1789657515034381280.jpg
1789657515067709303,1789657515098862416,1789657515067709303.jpg
1789657515101031886,1789657515133244346,1789657515101031886.jpg
1789657515134357251,1789657515166688836,1789657515134357251.jpg
1789657515167684003,1789657515199294846,1789657515167684003.jpg
1789657515201009401,1789657515234059841,1789657515201009401.jpg
1789657515234336210,1789657515268375217,1789657515234336210.jpg
1789657515267662408,1789657515299678926,1789657515267662408.jpg
1789657515300987997,1789657515333610311,1789657515300987997.jpg
1789657515334314306,1789657515366685866,1789657515334314306.jpg
1789657515367642863,1789657515400860393,1789657515367642863.jpg
1789657515400967078,1789657515433194762,1789657515400967078.jpg
1789657515434289596,1789657515464881110,1789657515434289596.jpg
1789657515467619392,1789657515500285459,1789657515467619392.jpg
1789657515500943184,1789657515533092761,1789657515500943184.jpg
1789657515534273010,1789657515566367922,1789657515534273010.jpg
1789657515567595604,1789657515599656416,1789657515567595604.jpg
1789657515600920323,1789657515633821554,1789657515600920323.jpg
1789657515634246164,1789657515665748563,1789657515634246164.jpg
1789657515667571819,1789657515699641301,1789657515667571819.jpg
1789657515700899476,1789657515734023842,1789657515700899476.jpg
1789657515734225100,1789657515767601329,1789657515734225100.jpg
1789657515767549266,1789657515798802170,1789657515767549266.jpg
1789657515800881518,1789657515833568442,1789657515800881518.jpg
1789657515834201515,1789657515867129485,1789657515834201515.jpg
1789657515867526595,1789657515899915195,1789657515867526595.jpg
1789657515900856601,1789657515934034261,1789657515900856601.jpg
1789657515934178490,1789657515967062261,1789657515934178490.jpg
1789657515967505956,1789657516002048842,1789657515967505956.jpg
1789657516000828927,1789657516032560663,1789657516000828927.jpg
1789657516034160860,1789657516067114366,1789657516034160860.jpg
1789657516067483478,1789657516100635854,1789657516067483478.jpg
1789657516100807801,1789657516131739457,1789657516100807801.jpg
1789657516134133827,1789657516165805431,1789657516134133827.jpg
1789657516167459973,1789657516199789555,1789657516167459973.jpg
1789657516200785325,1789657516233333153,1789657516200785325.jpg
1789657516234110520,1789657516268111647,1789657516234110520.jpg
1789657516267439287,1789657516298572914,1789657516267439287.jpg
1789657516300765423,1789657516336954726,1789657516300765423.jpg
1789657516334089549,1789657516368545150,1789657516334089549.jpg
1789657516367416295,1789657516399609087,1789657516367416295.jpg
1789657516400740166,1789657516431780997,1789657516400740166.jpg
1789657516434066322,1789657516467028238,1789657516434066322.jpg
1789657516467393855,1789657516499953425,1789657516467393855.jpg
1789657516500718958,1789657516533968179,1789657516500718958.jpg
1789657516534045811,1789657516567822102,1789657516534045811.jpg
1789657516567370820,1789657516598909669,1789657516567370820.jpg
1789657516600696312,1789657516634073542,1789657516600696312.jpg
1789657516634025765,1789657516667080968,1789657516634025765.jpg
1789657516667347216,1789657516699521797,1789657516667347216.jpg
1789657516700673854,1789657516734504841,1789657516700673854.jpg
1789657516733999612,1789657516768917677,1789657516733999612.jpg
1789657516767330942,1789657516800217275,1789657516767330942.jpg
1789657516800651442,1789657516832066545,1789657516800651442.jpg
1789657516833977607,1789657516865209004,1789657516833977607.jpg
1789657516867303519,1789657516899131130,1789657516867303519.jpg
1789657516900628073,1789657516932258831,1789657516900628073.jpg
1789657516933960391,1789657516966801497,1789657516933960391.jpg
1789657516967285970,1789657516997923933,1789657516967285970.jpg
1789657517000607398,1789657517033583608,1789657517000607398.jpg
1789657517033931867,1789657517065510579,1789657517033931867.jpg
1789657517067257844,1789657517099881397,1789657517067257844.jpg
1789657517100584437,1789657517132665125,1789657517100584437.jpg
1789657517133911235,1789657517167064628,1789657517133911235.jpg
1789657517167236177,1789657517199300350,1789657517167236177.jpg
1789657517200562911,1789657517232827578,1789657517200562911.jpg
1789657517233894348,1789657517264723328,1789657517233894348.jpg
1789657517267212468,1789657517299230068,1789657517267212468.jpg
1789657517300540177,1789657517333861861,1789657517300540177.jpg
1789657517333863779,1789657517365945699,1789657517333863779.jpg
1789657517367191940,1789657517400141058,1789657517367191940.jpg
1789657517400518006,1789657517433576733,1789657517400518006.jpg
1789657517433842606,1789657517466918465,1789657517433842606.jpg
1789657517467170978,1789657517498278487,1789657517467170978.jpg
1789657517500494973,1789657517532331146,1789657517500494973.jpg
1789657517533820530,1789657517567369300,1789657517533820530.jpg
1789657517567145508,1789657517599698261,1789657517567145508.jpg
1789657517600472608,1789657517633266895,1789657517600472608.jpg
1789657517633797893,1789657517664549438,1789657517633797893.jpg
1789657517667123148,1789657517699941879,1789657517667123148.jpg
1789657517700451519,1789657517733710230,1789657517700451519.jpg
1789657517733774934,1789657517765540278,1789657517733774934.jpg
1789657517767100682,1789657517799733674,1789657517767100682.jpg
1789657517800427548,1789657517833229477,1789657517800427548.jpg
1789657517833778030,1789657517867100937,1789657517833778030.jpg
1789657517867081548,1789657517901555271,1789657517867081548.jpg
1789657517900404807,1789657517932667948,1789657517900404807.jpg
1789657517933731141,1789657517965644985,1789657517933731141.jpg
1789657517967055671,1789657517999152991,1789657517967055671.jpg
1789657518000383782,1789657518033240112,1789657518000383782.jpg
1789657518033707996,1789657518063692138,1789657518033707996.jpg
1789657518067042973,1789657518100221069,1789657518067042973.jpg
1789657518100362397,1789657518132405644,1789657518100362397.jpg
1789657518133684334,1789657518166395268,1789657518133684334.jpg
1789657518167013692,1789657518199801091,1789657518167013692.jpg
1789657518200337318,1789657518233730864,1789657518200337318.jpg
1789657518233735013,1789657518265607021,1789657518233735013.jpg
1789657518266990219,1789657518300989925,1789657518266990219.jpg
1789657518300376709,1789657518329260782,1789657518300376709.jpg
1789657518333644189,1789657518365226542,1789657518333644189.jpg
1789657518366967750,1789657518402375865,1789657518366967750.jpg
1789657518400292053,1789657518433227029,1789657518400292053.jpg
1789657518433621042,1789657518467595495,1789657518433621042.jpg
1789657518466943902,1789657518499253509,1789657518466943902.jpg
1789657518500269428,1789657518537370567,1789657518500269428.jpg
1789657518533599871,1789657518567459435,1789657518533599871.jpg
1789657518566922957,1789657518599713065,1789657518566922957.jpg
1789657518600247765,1789657518633040538,1789657518600247765.jpg
1789657518633572827,1789657518666706502,1789657518633572827.jpg
1789657518666899454,1789657518699744705,1789657518666899454.jpg
1789657518700225079,1789657518731016006,1789657518700225079.jpg
1789657518733549590,1789657518764908854,1789657518733549590.jpg
1789657518766878081,1789657518799168564,1789657518766878081.jpg
1789657518800202545,1789657518833980315,1789657518800202545.jpg
1789657518833529230,1789657518865120731,1789657518833529230.jpg
1789657518866856501,1789657518899631101,1789657518866856501.jpg
1789657518900180492,1789657518934698809,1789657518900180492.jpg
1789657518933506040,1789657518970952117,1789657518933506040.jpg
1789657518966832620,1789657518998536676,1789657518966832620.jpg
1789657519000158548,1789657519032615427,1789657519000158548.jpg
1789657519033483114,1789657519067327884,1789657519033483114.jpg
1789657519066811095,1789657519097935164,1789657519066811095.jpg
1789657519100136579,1789657519131276322,1789657519100136579.jpg
1789657519133461006,1789657519164216008,1789657519133461006.jpg
1789657519166786738,1789657519199543450,1789657519166786738.jpg
1789657519200112318,1789657519232152848,1789657519200112318.jpg
1789657519233438640,1789657519265876385,1789657519233438640.jpg
1789657519266764438,1789657519299095212,1789657519266764438.jpg
1789657519300088708,1789657519333818317,1789657519300088708.jpg
1789657519333417628,1789657519365013879,1789657519333417628.jpg
1789657519366742316,1789657519399730299,1789657519366742316.jpg
1789657519400069296,1789657519433787106,1789657519400069296.jpg
1789657519433394336,1789657519466169898,1789657519433394336.jpg
1789657519466721461,1789657519498188181,1789657519466721461.jpg
1789657519500045189,1789657519530257666,1789657519500045189.jpg
1789657519533370076,1789657519566438735,1789657519533370076.jpg
1789657519566699479,1789657519600619687,1789657519566699479.jpg
1789657519600023980,1789657519631543237,1789657519600023980.jpg
1789657519633349691,1789657519665009558,1789657519633349691.jpg
1789657519666678185,1789657519698263200,1789657519666678185.jpg
1789657519700000679,1789657519732885899,1789657519700000679.jpg
1789657519733326414,1789657519766560141,1789657519733326414.jpg
1789657519766650672,1789657519799254611,1789657519766650672.jpg
1789657519799978650,1789657519833738981,1789657519799978650.jpg
1789657519833306219,1789657519865117317,1789657519833306219.jpg
1789657519866630471,1789657519899821941,1789657519866630471.jpg
1789657519899956139,1789657519932264528,1789657519899956139.jpg
1789657519933282535,1789657519966065452,1789657519933282535.jpg
1789657519966608101,1789657520000554359,1789657519966608101.jpg
1789657519999938376,1789657520030579561,1789657519999938376.jpg
1789657520033259025,1789657520065288703,1789657520033259025.jpg
1789657520066594509,1789657520099448044,1789657520066594509.jpg
1789657520099910714,1789657520133412334,1789657520099910714.jpg
1789657520133238630,1789657520166806193,1789657520133238630.jpg
1789657520166564430,1789657520197944016,1789657520166564430.jpg
1789657520199889120,1789657520232404960,1789657520199889120.jpg
1789657520233214084,1789657520266656910,1789657520233214084.jpg
1789657520266538958,1789657520298476160,1789657520266538958.jpg
1789657520299866998,1789657520333267022,1789657520299866998.jpg
1789657520333195145,1789657520368264175,1789657520333195145.jpg
1789657520366519182,1789657520398094216,1789657520366519182.jpg
1789657520399844409,1789657520434737865,1789657520399844409.jpg
1789657520433169486,1789657520464889379,1789657520433169486.jpg
1789657520466495659,1789657520500637829,1789657520466495659.jpg
1789657520499820885,1789657520532710443,1789657520499820885.jpg
1789657520533148987,1789657520566066915,1789657520533148987.jpg
1789657520566476146,1789657520598895455,1789657520566476146.jpg
1789657520599798833,1789657520632147374,1789657520599798833.jpg
1789657520633124158,1789657520665805467,1789657520633124158.jpg
1789657520666471841,1789657520698343200,1789657520666471841.jpg
1789657520699777041,1789657520737537824,1789657520699777041.jpg
1789657520733105217,1789657520766894876,1789657520733105217.jpg
1789657520766428869,1789657520798581129,1789657520766428869.jpg
1789657520799753633,1789657520831403077,1789657520799753633.jpg
1789657520833080548,1789657520867125564,1789657520833080548.jpg
1789657520866405120,1789657520898793263,1789657520866405120.jpg
1789657520899731184,1789657520933768472,1789657520899731184.jpg
1789657520933056477,1789657520965339081,1789657520933056477.jpg
1789657520966386694,1789657521000428676,1789657520966386694.jpg
1789657520999709460,1789657521031569776,1789657520999709460.jpg
1789657521033033595,1789657521065768171,1789657521033033595.jpg
1789657521066365657,1789657521100497923,1789657521066365657.jpg
1789657521099686775,1789657521132662683,1789657521099686775.jpg
1789657521133011222,1789657521167066110,1789657521133011222.jpg
1789657521166345141,1789657521198760733,1789657521166345141.jpg
1789657521199663623,1789657521231550348,1789657521199663623.jpg
1789657521232993082,1789657521267117691,1789657521232993082.jpg
1789657521266315805,1789657521296216101,1789657521266315805.jpg
1789657521299640618,1789657521332306523,1789657521299640618.jpg
1789657521332967427,1789657521365603144,1789657521332967427.jpg
1789657521366292984,1789657521399228275,1789657521366292984.jpg
1789657521399620067,1789657521431642084,1789657521399620067.jpg
1789657521432951437,1789657521464717452,1789657521432951437.jpg
1789657521466284531,1789657521500035319,1789657521466284531.jpg
1789657521499597325,1789657521531446727,1789657521499597325.jpg
1789657521532922618,1789657521565144208,1789657521532922618.jpg
1789657521566248874,1789657521598977001,1789657521566248874.jpg
1789657521599576097,1789657521633864009,1789657521599576097.jpg
1789657521632901931,1789657521666473480,1789657521632901931.jpg
1789657521666225905,1789657521699113747,1789657521666225905.jpg
1789657521699551688,1789657521731852474,1789657521699551688.jpg
1789657521732882389,1789657521766382786,1789657521732882389.jpg
1789657521766204655,1789657521800641032,1789657521766204655.jpg
1789657521799529375,1789657521832476430,1789657521799529375.jpg
1789657521832855278,1789657521866342092,1789657521832855278.jpg
1789657521866182235,1789657521899024617,1789657521866182235.jpg
1789657521899509371,1789657521931662884,1789657521899509371.jpg
1789657521932834169,1789657521966698850,1789657521932834169.jpg
1789657521966160471,1789657521997833988,1789657521966160471.jpg
1789657521999485695,1789657522032494241,1789657521999485695.jpg
1789657522032809839,1789657522064737684,1789657522032809839.jpg
1789657522066139456,1789657522098947023,1789657522066139456.jpg
1789657522099462692,1789657522131970372,1789657522099462692.jpg
1789657522132790420,1789657522164555881,1789657522132790420.jpg
1789657522166114776,1789657522199128859,1789657522166114776.jpg
1789657522199441063,1789657522232338722,1789657522199441063.jpg
1789657522232766668,1789657522263954921,1789657522232766668.jpg
1789657522266091992,1789657522298197241,1789657522266091992.jpg
1789657522299419561,1789657522331938017,1789657522299419561.jpg
1789657522332742081,1789657522365385726,1789657522332742081.jpg
1789657522366070333,1789657522400287751,1789657522366070333.jpg
1789657522399399519,1789657522431189302,1789657522399399519.jpg
1789657522432723822,1789657522463452522,1789657522432723822.jpg
1789657522466052091,1789657522494941539,1789657522466052091.jpg
1789657522499371751,1789657522528852311,1789657522499371751.jpg
1789657522532702336,1789657522566542508,1789657522532702336.jpg
1789657522566029051,1789657522601957224,1789657522566029051.jpg
1789657522599351734,1789657522632918995,1789657522599351734.jpg
1789657522632675458,1789657522668260491,1789657522632675458.jpg
1789657522666002760,1789657522699461145,1789657522666002760.jpg
1789657522699329074,1789657522732820227,1789657522699329074.jpg
1789657522732659430,1789657522766524652,1789657522732659430.jpg
1789657522765980669,1789657522798311865,1789657522765980669.jpg
1789657522799308975,1789657522832849474,1789657522799308975.jpg
1789657522832630432,1789657522865233080,1789657522832630432.jpg
1789657522865961921,1789657522899025225,1789657522865961921.jpg
1789657522899282712,1789657522931052766,1789657522899282712.jpg
1789657522932613091,1789657522965730111,1789657522932613091.jpg
1789657522965944752,1789657522999061620,1789657522965944752.jpg
1789657522999260503,1789657523031656054,1789657522999260503.jpg
1789657523032586583,1789657523064838344,1789657523032586583.jpg
1789657523065914399,1789657523097396815,1789657523065914399.jpg
1789657523099237317,1789657523131790131,1789657523099237317.jpg
1789657523132566767,1789657523165038937,1789657523132566767.jpg
1789657523165889539,1789657523199207573,1789657523165889539.jpg
1789657523199217587,1789657523231636418,1789657523199217587.jpg
1789657523232542762,1789657523263796400,1789657523232542762.jpg
1789657523265866293,1789657523298285213,1789657523265866293.jpg
1789657523299194468,1789657523331970471,1789657523299194468.jpg
1789657523332519173,1789657523367343503,1789657523332519173.jpg
1789657523365845845,1789657523400165135,1789657523365845845.jpg
1789657523399169481,1789657523431627578,1789657523399169481.jpg
1789657523432497863,1789657523465960636,1789657523432497863.jpg
1789657523465826254,1789657523499572396,1789657523465826254.jpg
1789657523499147823,1789657523531970465,1789657523499147823.jpg
1789657523532484675,1789657523565204549,1789657523532484675.jpg
1789657523565800679,1789657523596983985,1789657523565800679.jpg
1789657523599124636,1789657523631184953,1789657523599124636.jpg
1789657523632451338,1789657523665917056,1789657523632451338.jpg
1789657523665781997,1789657523698506935,1789657523665781997.jpg
1789657523699103861,1789657523733436255,1789657523699103861.jpg
1789657523732428251,1789657523764057219,1789657523732428251.jpg
1789657523765754390,1789657523799404104,1789657523765754390.jpg
1789657523799080716,1789657523832049740,1789657523799080716.jpg
1789657523832404690,1789657523865471653,1789657523832404690.jpg
1789657523865732653,1789657523899490404,1789657523865732653.jpg
1789657523899057860,1789657523932231464,1789657523899057860.jpg
1789657523932384952,1789657523965076669,1789657523932384952.jpg
1789657523965711472,1789657523998908424,1789657523965711472.jpg
1789657523999035065,1789657524031392342,1789657523999035065.jpg
1789657524032362053,1789657524066363865,1789657524032362053.jpg
1789657524065688539,1789657524098507494,1789657524065688539.jpg
1789657524099014621,1789657524132531633,1789657524099014621.jpg
1789657524132343590,1789657524163896560,1789657524132343590.jpg
1789657524165666015,1789657524198111287,1789657524165666015.jpg
1789657524198990398,1789657524231150098,1789657524198990398.jpg
1789657524232316483,1789657524266351782,1789657524232316483.jpg
1789657524265643439,1789657524299264467,1789657524265643439.jpg
1789657524298967365,1789657524330208812,1789657524298967365.jpg
1789657524332294068,1789657524363120015,1789657524332294068.jpg
1789657524365621028,1789657524398361198,1789657524365621028.jpg
1789657524398946433,1789657524431098776,1789657524398946433.jpg
1789657524432273802,1789657524465860304,1789657524432273802.jpg
1789657524465600240,1789657524498906393,1789657524465600240.jpg
1789657524498923561,1789657524530782326,1789657524498923561.jpg
1789657524532251206,1789657524564958368,1789657524532251206.jpg
1789657524565575274,1789657524602703008,1789657524565575274.jpg
1789657524598902287,1789657524632478178,1789657524598902287.jpg
1789657524632227283,1789657524663198732,1789657524632227283.jpg
1789657524665553138,1789657524697865984,1789657524665553138.jpg
1789657524698878616,1789657524731212751,1789657524698878616.jpg
1789657524732204059,1789657524764834140,1789657524732204059.jpg
1789657524765531152,1789657524797393779,1789657524765531152.jpg
1789657524798855784,1789657524830744156,1789657524798855784.jpg
1789657524832182011,1789657524864376212,1789657524832182011.jpg
1789657524865511587,1789657524902707041,1789657524865511587.jpg
1789657524898834601,1789657524932603374,1789657524898834601.jpg
1789657524932159691,1789657524964611915,1789657524932159691.jpg
1789657524965485492,1789657524997731873,1789657524965485492.jpg
1789657524998811454,1789657525034981339,1789657524998811454.jpg
1789657525032146102,1789657525065288847,1789657525032146102.jpg
1789657525065568357,1789657525099307300,1789657525065568357.jpg
1789657525098790223,1789657525133421603,1789657525098790223.jpg
1789657525132115470,1789657525163439489,1789657525132115470.jpg
1789657525165440843,1789657525197941523,1789657525165440843.jpg
1789657525198770764,1789657525230087782,1789657525198770764.jpg
1789657525232092231,1789657525264198141,1789657525232092231.jpg
1789657525265420997,1789657525298799784,1789657525265420997.jpg
1789657525298744504,1789657525330830712,1789657525298744504.jpg
1789657525332069368,1789657525363559013,1789657525332069368.jpg
1789657525365398433,1789657525397174365,1789657525365398433.jpg
1789657525398722319,1789657525431283353,1789657525398722319.jpg
1789657525432048439,1789657525464378570,1789657525432048439.jpg
1789657525465373773,1789657525496670622,1789657525465373773.jpg
1789657525498700602,1789657525532105059,1789657525498700602.jpg
1789657525532027263,1789657525564299354,1789657525532027263.jpg
1789657525565352163,1789657525597396349,1789657525565352163.jpg
1789657525598677825,1789657525631027756,1789657525598677825.jpg
1789657525632002557,1789657525663349437,1789657525632002557.jpg
1789657525665329760,1789657525700625976,1789657525665329760.jpg
1789657525698655361,1789657525733212947,1789657525698655361.jpg
1789657525731979281,1789657525763486548,1789657525731979281.jpg
1789657525765308267,1789657525796805649,1789657525765308267.jpg
1789657525798631727,1789657525831216870,1789657525798631727.jpg
1789657525831963620,1789657525865080457,1789657525831963620.jpg
1789657525865288199,1789657525896474365,1789657525865288199.jpg
1789657525898610179,1789657525931280632,1789657525898610179.jpg
1789657525931936809,1789657525965699946,1789657525931936809.jpg
1789657525965261571,1789657525997471621,1789657525965261571.jpg
1789657525998587103,1789657526030364732,1789657525998587103.jpg
1789657526031916367,1789657526065756540,1789657526031916367.jpg
1789657526065240174,1789657526098516599,1789657526065240174.jpg
1789657526098564906,1789657526130392179,1789657526098564906.jpg
1789657526131889991,1789657526164897416,1789657526131889991.jpg
1789657526165220860,1789657526197143469,1789657526165220860.jpg
1789657526198543043,1789657526232093121,1789657526198543043.jpg
1789657526231867464,1789657526265050212,1789657526231867464.jpg
1789657526265194065,1789657526297990914,1789657526265194065.jpg
1789657526298520185,1789657526332041273,1789657526298520185.jpg
1789657526331852897,1789657526364306455,1789657526331852897.jpg
1789657526365177381,1789657526397489892,1789657526365177381.jpg
1789657526398497500,1789657526431235241,1789657526398497500.jpg
1789657526431825283,1789657526463659678,1789657526431825283.jpg
1789657526465150776,1789657526498198007,1789657526465150776.jpg
1789657526498475780,1789657526531497237,1789657526498475780.jpg
1789657526531800411,1789657526563938118,1789657526531800411.jpg
1789657526565127082,1789657526598570852,1789657526565127082.jpg
1789657526598452415,1789657526630188198,1789657526598452415.jpg
1789657526631776340,1789657526664401758,1789657526631776340.jpg
1789657526665105826,1789657526701868255,1789657526665105826.jpg
1789657526698430553,1789657526734580944,1789657526698430553.jpg
1789657526731756373,1789657526764164340,1789657526731756373.jpg
1789657526765083192,1789657526798273865,1789657526765083192.jpg
1789657526798406866,1789657526832458166,1789657526798406866.jpg
1789657526831735562,1789657526866323549,1789657526831735562.jpg
1789657526865057618,1789657526896522115,1789657526865057618.jpg
1789657526898386276,1789657526933145133,1789657526898386276.jpg
1789657526931712243,1789657526963776189,1789657526931712243.jpg
1789657526965037166,1789657526999125461,1789657526965037166.jpg
1789657526998362373,1789657527032065867,1789657526998362373.jpg
1789657527031691218,1789657527065271858,1789657527031691218.jpg
1789657527065013208,1789657527098644642,1789657527065013208.jpg
1789657527098339956,1789657527128755876,1789657527098339956.jpg
1789657527131666366,1789657527163004860,1789657527131666366.jpg
1789657527164992430,1789657527194960327,1789657527164992430.jpg
1789657527198322882,1789657527231400553,1789657527198322882.jpg
1789657527231647568,1789657527264043466,1789657527231647568.jpg
1789657527264978433,1789657527296916781,1789657527264978433.jpg
1789657527298297104,1789657527332024206,1789657527298297104.jpg
1789657527331624607,1789657527365972161,1789657527331624607.jpg
1789657527364948560,1789657527398453819,1789657527364948560.jpg
1789657527398274668,1789657527431695865,1789657527398274668.jpg
1789657527431603557,1789657527463359931,1789657527431603557.jpg
1789657527464924158,1789657527497277442,1789657527464924158.jpg
1789657527498252631,1789657527532172132,1789657527498252631.jpg
1789657527531577206,1789657527564076045,1789657527531577206.jpg
1789657527564901641,1789657527598686650,1789657527564901641.jpg
1789657527598229471,1789657527629821748,1789657527598229471.jpg
1789657527631553821,1789657527664493407,1789657527631553821.jpg
1789657527664891934,1789657527699252341,1789657527664891934.jpg
1789657527698205007,1789657527730749671,1789657527698205007.jpg
1789657527731532530,1789657527765727212,1789657527731532530.jpg
1789657527764867001,1789657527798266738,1789657527764867001.jpg
1789657527798182130,1789657527830396312,1789657527798182130.jpg
1789657527831515425,1789657527862441369,1789657527831515425.jpg
1789657527864834126,1789657527897191544,1789657527864834126.jpg
1789657527898161520,1789657527932443578,1789657527898161520.jpg
1789657527931492080,1789657527964769221,1789657527931492080.jpg
1789657527964812604,1789657527996676096,1789657527964812604.jpg
1789657527998139833,1789657528030048342,1789657527998139833.jpg
1789657528031463551,1789657528063376627,1789657528031463551.jpg
1789657528064792855,1789657528098762175,1789657528064792855.jpg
1789657528098116589,1789657528128986833,1789657528098116589.jpg
1789657528131443457,1789657528163170244,1789657528131443457.jpg
1789657528164768445,1789657528199416122,1789657528164768445.jpg
1789657528198093276,1789657528230431686,1789657528198093276.jpg
1789657528231418678,1789657528264054556,1789657528231418678.jpg
1789657528264745532,1789657528298117896,1789657528264745532.jpg
1789657528298072453,1789657528331899392,1789657528298072453.jpg
1789657528331397551,1789657528365141308,1789657528331397551.jpg
1789657528364722929,1789657528398055454,1789657528364722929.jpg
1789657528398047755,1789657528428937799,1789657528398047755.jpg
1789657528431384352,1789657528462815218,1789657528431384352.jpg
1789657528464699359,1789657528497174829,1789657528464699359.jpg
1789657528498026540,1789657528531304797,1789657528498026540.jpg
1789657528531349776,1789657528562494838,1789657528531349776.jpg
1789657528564678735,1789657528597466637,1789657528564678735.jpg
1789657528598002120,1789657528631471720,1789657528598002120.jpg
1789657528631332776,1789657528665166532,1789657528631332776.jpg
1789657528664656101,1789657528696511606,1789657528664656101.jpg
1789657528697981081,1789657528730118365,1789657528697981081.jpg
1789657528731306549,1789657528765378231,1789657528731306549.jpg
1789657528764634251,1789657528798996046,1789657528764634251.jpg
1789657528797960088,1789657528831510554,1789657528797960088.jpg
1789657528831284959,1789657528865066481,1789657528831284959.jpg
1789657528864610683,1789657528895935715,1789657528864610683.jpg
1789657528897936900,1789657528929753672,1789657528897936900.jpg
1789657528931262865,1789657528962956441,1789657528931262865.jpg
1789657528964589701,1789657528996488554,1789657528964589701.jpg
1789657528997916807,1789657529030259179,1789657528997916807.jpg
1789657529031237713,1789657529063963787,1789657529031237713.jpg
1789657529064567352,1789657529099763602,1789657529064567352.jpg
1789657529097891424,1789657529132844763,1789657529097891424.jpg
1789657529131218777,1789657529163215769,1789657529131218777.jpg
1789657529164544216,1789657529197414512,1789657529164544216.jpg
1789657529197869428,1789657529230507691,1789657529197869428.jpg
1789657529231200254,1789657529265021983,1789657529231200254.jpg
1789657529264519552,1789657529296299503,1789657529264519552.jpg
1789657529297846672,1789657529329909743,1789657529297846672.jpg
1789657529331172218,1789657529364969651,1789657529331172218.jpg
1789657529364498033,1789657529397566379,1789657529364498033.jpg
1789657529397824947,1789657529431647515,1789657529397824947.jpg
1789657529431150545,1789657529462750465,1789657529431150545.jpg
1789657529464479047,1789657529497980554,1789657529464479047.jpg
1789657529497802360,1789657529529437273,1789657529497802360.jpg
1789657529531127040,1789657529562881351,1789657529531127040.jpg
1789657529564453729,1789657529597317107,1789657529564453729.jpg
1789657529597778038,1789657529630937254,1789657529597778038.jpg
1789657529631106172,1789657529662919313,1789657529631106172.jpg
1789657529664434747,1789657529696260670,1789657529664434747.jpg
1789657529697757120,1789657529729748450,1789657529697757120.jpg
1789657529731083123,1789657529765887794,1789657529731083123.jpg
1789657529764407537,1789657529796440795,1789657529764407537.jpg
1789657529797735055,1789657529830413878,1789657529797735055.jpg
1789657529831060608,1789657529863375764,1789657529831060608.jpg
1789657529864384176,1789657529895964770,1789657529864384176.jpg
1789657529897711677,1789657529930445674,1789657529897711677.jpg
1789657529931037082,1789657529964206799,1789657529931037082.jpg
1789657529964363176,1789657529995788256,1789657529964363176.jpg
1789657529997687428,1789657530029390255,1789657529997687428.jpg
1789657530031015186,1789657530064010970,1789657530031015186.jpg
1789657530064341646,1789657530095524539,1789657530064341646.jpg
1789657530097667437,1789657530130433117,1789657530097667437.jpg
1789657530130992295,1789657530164699137,1789657530130992295.jpg
1789657530164318270,1789657530196768044,1789657530164318270.jpg
1789657530197647445,1789657530229548934,1789657530197647445.jpg
1789657530230973457,1789657530264164464,1789657530230973457.jpg
1789657530264295164,1789657530296118300,1789657530264295164.jpg
1789657530297622813,1789657530329830408,1789657530297622813.jpg
1789657530330947745,1789657530361837224,1789657530330947745.jpg
1789657530364274170,1789657530397355250,1789657530364274170.jpg
1789657530397599094,1789657530429544877,1789657530397599094.jpg
1789657530430924859,1789657530462709368,1789657530430924859.jpg
1789657530464250872,1789657530497858162,1789657530464250872.jpg
1789657530497579317,1789657530532404601,1789657530497579317.jpg
1789657530530901163,1789657530564307994,1789657530530901163.jpg
1789657530564229854,1789657530600084643,1789657530564229854.jpg
1789657530597554834,1789657530631116039,1789657530597554834.jpg
1789657530630885170,1789657530661955718,1789657530630885170.jpg
1789657530664206451,1789657530696017002,1789657530664206451.jpg
1789657530697532041,1789657530731152149,1789657530697532041.jpg
1789657530730856932,1789657530763429477,1789657530730856932.jpg
1789657530764246504,1789657530800915935,1789657530764246504.jpg
1789657530797508884,1789657530828366643,1789657530797508884.jpg
1789657530830833851,1789657530861574355,1789657530830833851.jpg
1789657530864163871,1789657530899407305,1789657530864163871.jpg
1789657530897495721,1789657530929873012,1789657530897495721.jpg
1789657530930812376,1789657530962135970,1789657530930812376.jpg
1789657530964140509,1789657530997639959,1789657530964140509.jpg
1789657530997462679,1789657531030276519,1789657530997462679.jpg
1789657531030791342,1789657531064143474,1789657531030791342.jpg
1789657531064117396,1789657531095627266,1789657531064117396.jpg
1789657531097442995,1789657531129052251,1789657531097442995.jpg
1789657531130767578,1789657531163552005,1789657531130767578.jpg
1789657531164095043,1789657531196046347,1789657531164095043.jpg
1789657531197419303,1789657531229202264,1789657531197419303.jpg
1789657531230750222,1789657531262333052,1789657531230750222.jpg
1789657531264070781,1789657531298073813,1789657531264070781.jpg
1789657531297398060,1789657531331305821,1789657531297398060.jpg
1789657531330723328,1789657531361825063,1789657531330723328.jpg
1789657531364049032,1789657531395959882,1789657531364049032.jpg
1789657531397375505,1789657531427534320,1789657531397375505.jpg
1789657531430700054,1789657531464468884,1789657531430700054.jpg
1789657531464027136,1789657531496909560,1789657531464027136.jpg
1789657531497351407,1789657531529508862,1789657531497351407.jpg
1789657531530685888,1789657531563889211,1789657531530685888.jpg
1789657531564011370,1789657531596154466,1789657531564011370.jpg
1789657531597330480,1789657531630389208,1789657531597330480.jpg
1789657531630662041,1789657531662863939,1789657531630662041.jpg
1789657531663979680,1789657531699087613,1789657531663979680.jpg
1789657531697308141,1789657531730106232,1789657531697308141.jpg
1789657531730632159,1789657531762473909,1789657531730632159.jpg
1789657531763960242,1789657531795604383,1789657531763960242.jpg
1789657531797287561,1789657531828358310,1789657531797287561.jpg
1789657531830609849,1789657531862691291,1789657531830609849.jpg
1789657531863935267,1789657531897753031,1789657531863935267.jpg
1789657531897263245,1789657531929238731,1789657531897263245.jpg
1789657531930589413,1789657531964120679,1789657531930589413.jpg
1789657531963915307,1789657531996126884,1789657531963915307.jpg
1789657531997239937,1789657532031220327,1789657531997239937.jpg
1789657532030568181,1789657532065885744,1789657532030568181.jpg
1789657532063892778,1789657532094319778,1789657532063892778.jpg
1789657532097216454,1789657532130578507,1789657532097216454.jpg
1789657532130542766,1789657532163484653,1789657532130542766.jpg
1789657532163870359,1789657532195489932,1789657532163870359.jpg
1789657532197195945,1789657532230585171,1789657532197195945.jpg
1789657532230521103,1789657532267321499,1789657532230521103.jpg
1789657532263849369,1789657532298114882,1789657532263849369.jpg
1789657532297175205,1789657532331392148,1789657532297175205.jpg
1789657532330498195,1789657532364516955,1789657532330498195.jpg
1789657532363825090,1789657532396574103,1789657532363825090.jpg
1789657532397150131,1789657532431319462,1789657532397150131.jpg
1789657532430475435,1789657532462885344,1789657532430475435.jpg
1789657532463803978,1789657532495808693,1789657532463803978.jpg
1789657532497127655,1789657532530328594,1789657532497127655.jpg
1789657532530458701,1789657532564348212,1789657532530458701.jpg
1789657532563779403,1789657532595800912,1789657532563779403.jpg
1789657532597106314,1789657532628388269,1789657532597106314.jpg
1789657532630430896,1789657532662535810,1789657532630430896.jpg
1789657532663755782,1789657532696601223,1789657532663755782.jpg
1789657532697087269,1789657532730568286,1789657532697087269.jpg
1789657532730408772,1789657532762331571,1789657532730408772.jpg
1789657532763734781,1789657532798179329,1789657532763734781.jpg
1789657532797059274,1789657532830522377,1789657532797059274.jpg
1789657532830386403,1789657532861584643,1789657532830386403.jpg
1789657532863712152,1789657532895463801,1789657532863712152.jpg
1789657532897038365,1789657532931171062,1789657532897038365.jpg
1789657532930362461,1789657532963568665,1789657532930362461.jpg
1789657532963690433,1789657532994843943,1789657532963690433.jpg
1789657532997015785,1789657533033599369,1789657532997015785.jpg
1789657533030343632,1789657533063602623,1789657533030343632.jpg
1789657533063670147,1789657533095214597,1789657533063670147.jpg
1789657533096992972,1789657533130175876,1789657533096992972.jpg
1789657533130319171,1789657533162811491,1789657533130319171.jpg
1789657533163644103,1789657533195716173,1789657533163644103.jpg
1789657533196971068,1789657533230025228,1789657533196971068.jpg
1789657533230296478,1789657533260949182,1789657533230296478.jpg
1789657533263627147,1789657533295368215,1789657533263627147.jpg
1789657533296948117,1789657533331950436,1789657533296948117.jpg
1789657533330274104,1789657533363748405,1789657533330274104.jpg
1789657533363601188,1789657533395238474,1789657533363601188.jpg
1789657533396926522,1789657533429883131,1789657533396926522.jpg
1789657533430252854,1789657533464203926,1789657533430252854.jpg
1789657533463578016,1789657533500480636,1789657533463578016.jpg
1789657533496907660,1789657533528797247,1789657533496907660.jpg
1789657533530237339,1789657533564352308,1789657533530237339.jpg
1789657533563554273,1789657533597440004,1789657533563554273.jpg
1789657533596880982,1789657533628927851,1789657533596880982.jpg
1789657533630206582,1789657533662940247,1789657533630206582.jpg
1789657533663541601,1789657533695465883,1789657533663541601.jpg
1789657533696858193,1789657533728603300,1789657533696858193.jpg
1789657533730183990,1789657533764041382,1789657533730183990.jpg
1789657533763513862,1789657533797975891,1789657533763513862.jpg
1789657533796839026,1789657533830442565,1789657533796839026.jpg
1789657533830161893,1789657533862808390,1789657533830161893.jpg
1789657533863488624,1789657533899294743,1789657533863488624.jpg
1789657533896814387,1789657533931763269,1789657533896814387.jpg
1789657533930143765,1789657533962623558,1789657533930143765.jpg
1789657533963465690,1789657533995530092,1789657533963465690.jpg
1789657533996791400,1789657534029036148,1789657533996791400.jpg
1789657534030132594,1789657534063064302,1789657534030132594.jpg
1789657534063441768,1789657534095858190,1789657534063441768.jpg
1789657534096768502,1789657534130239965,1789657534096768502.jpg
1789657534130094045,1789657534163671245,1789657534130094045.jpg
1789657534163421868,1789657534198428251,1789657534163421868.jpg
1789657534196746852,1789657534228071051,1789657534196746852.jpg
1789657534230070989,1789657534262611230,1789657534230070989.jpg
1789657534263397262,1789657534294684284,1789657534263397262.jpg
1789657534296722673,1789657534331013640,1789657534296722673.jpg
1789657534330053871,1789657534363347022,1789657534330053871.jpg
1789657534363375580,1789657534394999901,1789657534363375580.jpg
1789657534396701074,1789657534430721180,1789657534396701074.jpg
1789657534430029962,1789657534464186255,1789657534430029962.jpg
1789657534463352736,1789657534496354011,1789657534463352736.jpg
1789657534496680132,1789657534529900899,1789657534496680132.jpg
1789657534530005039,1789657534562986336,1789657534530005039.jpg
1789657534563329390,1789657534597239281,1789657534563329390.jpg
1789657534596657089,1789657534632376315,1789657534596657089.jpg
1789657534629983657,1789657534663065163,1789657534629983657.jpg
1789657534663308087,1789657534698588317,1789657534663308087.jpg
1789657534696633949,1789657534728234135,1789657534696633949.jpg
1789657534729960046,1789657534764019523,1789657534729960046.jpg
1789657534763286922,1789657534798129731,1789657534763286922.jpg
1789657534796612003,1789657534829698816,1789657534796612003.jpg
1789657534829936189,1789657534864547691,1789657534829936189.jpg
1789657534863262478,1789657534896830462,1789657534863262478.jpg
1789657534896591807,1789657534934266976,1789657534896591807.jpg
1789657534929918890,1789657534963223515,1789657534929918890.jpg
1789657534963240398,1789657534992729004,1789657534963240398.jpg
1789657534996565596,1789657535026587717,1789657534996565596.jpg
1789657535029892181,1789657535063558298,1789657535029892181.jpg
1789657535063218311,1789657535095609316,1789657535063218311.jpg
1789657535096546415,1789657535129476307,1789657535096546415.jpg
1789657535129869498,1789657535163146358,1789657535129869498.jpg
1789657535163200526,1789657535196962517,1789657535163200526.jpg
1789657535196520531,1789657535228559342,1789657535196520531.jpg
1789657535229846962,1789657535262924006,1789657535229846962.jpg
1789657535263173566,1789657535296121681,1789657535263173566.jpg
1789657535296498759,1789657535329588496,1789657535296498759.jpg
1789657535329831153,1789657535363182902,1789657535329831153.jpg
1789657535363148780,1789657535394310109,1789657535363148780.jpg
1789657535396477601,1789657535429290832,1789657535396477601.jpg
1789657535429802293,1789657535461458550,1789657535429802293.jpg
1789657535463128260,1789657535493812394,1789657535463128260.jpg
1789657535496453736,1789657535529952217,1789657535496453736.jpg
1789657535529781533,1789657535563576233,1789657535529781533.jpg
1789657535563107093,1789657535597023327,1789657535563107093.jpg
1789657535596430731,1789657535628022500,1789657535596430731.jpg
1789657535629757910,1789657535664329671,1789657535629757910.jpg
1789657535663087487,1789657535695238958,1789657535663087487.jpg
1789657535696409107,1789657535728517093,1789657535696409107.jpg
1789657535729737742,1789657535763167861,1789657535729737742.jpg
1789657535763061358,1789657535795305377,1789657535763061358.jpg
1789657535796386764,1789657535829379326,1789657535796386764.jpg
1789657535829713135,1789657535862407319,1789657535829713135.jpg
1789657535863037742,1789657535895459534,1789657535863037742.jpg
1789657535896365704,1789657535929589371,1789657535896365704.jpg
1789657535929689703,1789657535963464528,1789657535929689703.jpg
1789657535963016455,1789657535996661369,1789657535963016455.jpg
1789657535996344325,1789657536029798248,1789657535996344325.jpg
1789657536029667272,1789657536063423060,1789657536029667272.jpg
1789657536062996057,1789657536095708664,1789657536062996057.jpg
1789657536096318261,1789657536129241719,1789657536096318261.jpg
1789657536129645420,1789657536163520940,1789657536129645420.jpg
1789657536162974879,1789657536197174547,1789657536162974879.jpg
1789657536196296329,1789657536229433985,1789657536196296329.jpg
1789657536229622643,1789657536265102061,1789657536229622643.jpg
1789657536262948153,1789657536295123796,1789657536262948153.jpg
1789657536296275106,1789657536330408807,1789657536296275106.jpg
1789657536329601064,1789657536362438843,1789657536329601064.jpg
1789657536362926509,1789657536396559735,1789657536362926509.jpg
1789657536396252764,1789657536427720126,1789657536396252764.jpg
1789657536429576948,1789657536462236249,1789657536429576948.jpg
1789657536462901686,1789657536494509761,1789657536462901686.jpg
1789657536496230473,1789657536529482150,1789657536496230473.jpg
1789657536529555147,1789657536562566123,1789657536529555147.jpg
1789657536562887858,1789657536593936639,1789657536562887858.jpg
1789657536596206991,1789657536629279612,1789657536596206991.jpg
1789657536629531895,1789657536661820765,1789657536629531895.jpg
1789657536662866166,1789657536697074795,1789657536662866166.jpg
1789657536696186641,1789657536729814666,1789657536696186641.jpg
1789657536729511112,1789657536763934854,1789657536729511112.jpg
1789657536762836502,1789657536796110387,1789657536762836502.jpg
1789657536796160920,1789657536826910713,1789657536796160920.jpg
1789657536829492095,1789657536862721341,1789657536829492095.jpg
1789657536862813156,1789657536896275784,1789657536862813156.jpg
1789657536896139213,1789657536926922873,1789657536896139213.jpg
1789657536929464563,1789657536962553839,1789657536929464563.jpg
1789657536962793511,1789657536997238809,1789657536962793511.jpg
1789657536996116364,1789657537028140540,1789657536996116364.jpg
1789657537029441974,1789657537061716204,1789657537029441974.jpg
1789657537062768671,1789657537098330812,1789657537062768671.jpg
1789657537096095989,1789657537130457808,1789657537096095989.jpg
1789657537129424289,1789657537160694760,1789657537129424289.jpg
1789657537162747614,1789657537194711043,1789657537162747614.jpg
1789657537196072270,1789657537230201326,1789657537196072270.jpg
1789657537229401975,1789657537262591039,1789657537229401975.jpg
1789657537262723863,1789657537295493127,1789657537262723863.jpg
1789657537296050183,1789657537328983942,1789657537296050183.jpg
1789657537329374404,1789657537360964609,1789657537329374404.jpg
1789657537362702704,1789657537396714163,1789657537362702704.jpg
1789657537396028735,1789657537427470620,1789657537396028735.jpg
1789657537429353911,1789657537461527347,1789657537429353911.jpg
1789657537462680015,1789657537496248612,1789657537462680015.jpg
1789657537496004469,1789657537528856430,1789657537496004469.jpg
1789657537529329324,1789657537561403843,1789657537529329324.jpg
1789657537562659024,1789657537594156546,1789657537562659024.jpg
1789657537595982449,1789657537631037573,1789657537595982449.jpg
1789657537629308822,1789657537663718574,1789657537629308822.jpg
1789657537662634814,1789657537694465401,1789657537662634814.jpg
1789657537695960365,1789657537730295232,1789657537695960365.jpg
1789657537729288819,1789657537763355502,1789657537729288819.jpg
1789657537762612247,1789657537796581730,1789657537762612247.jpg
1789657537795940239,1789657537829636093,1789657537795940239.jpg
1789657537829274325,1789657537861436172,1789657537829274325.jpg
1789657537862591127,1789657537897302964,1789657537862591127.jpg
1789657537895916828,1789657537927342217,1789657537895916828.jpg
1789657537929241339,1789657537963114567,1789657537929241339.jpg
1789657537962566038,1789657537994862573,1789657537962566038.jpg
1789657537995890789,1789657538031233946,1789657537995890789.jpg
1789657538029222307,1789657538062109677,1789657538029222307.jpg
1789657538062544014,1789657538095009506,1789657538062544014.jpg
1789657538095869462,1789657538127352979,1789657538095869462.jpg
1789657538129200273,1789657538163035164,1789657538129200273.jpg
1789657538162521258,1789657538196429666,1789657538162521258.jpg
1789657538195851957,1789657538228365297,1789657538195851957.jpg
1789657538229173950,1789657538261745688,1789657538229173950.jpg
1789657538262500927,1789657538294240028,1789657538262500927.jpg
1789657538295827523,1789657538330317444,1789657538295827523.jpg
1789657538329152336,1789657538362032118,1789657538329152336.jpg
1789657538362475552,1789657538394310499,1789657538362475552.jpg
1789657538395805675,1789657538428533666,1789657538395805675.jpg
1789657538429126900,1789657538463004474,1789657538429126900.jpg
1789657538462454439,1789657538494625224,1789657538462454439.jpg
1789657538495780377,1789657538529098069,1789657538495780377.jpg
1789657538529109776,1789657538561969992,1789657538529109776.jpg
1789657538562431645,1789657538595455084,1789657538562431645.jpg
1789657538595757078,1789657538628613907,1789657538595757078.jpg
1789657538629083217,1789657538662075148,1789657538629083217.jpg
1789657538662408212,1789657538692331432,1789657538662408212.jpg
1789657538695735855,1789657538729611596,1789657538695735855.jpg
1789657538729059425,1789657538760234945,1789657538729059425.jpg
1789657538762385801,1789657538794265061,1789657538762385801.jpg
1789657538795714323,1789657538828473246,1789657538795714323.jpg
1789657538829036420,1789657538862486251,1789657538829036420.jpg
1789657538862365269,1789657538898612463,1789657538862365269.jpg
1789657538895691149,1789657538931018823,1789657538895691149.jpg
1789657538929014471,1789657538961303383,1789657538929014471.jpg
1789657538962344171,1789657538995058580,1789657538962344171.jpg
1789657538995666479,1789657539034585966,1789657538995666479.jpg
1789657539028995924,1789657539062499993,1789657539028995924.jpg
1789657539062318348,1789657539095471431,1789657539062318348.jpg
1789657539095653793,1789657539126962277,1789657539095653793.jpg
1789657539128971521,1789657539158683690,1789657539128971521.jpg
1789657539162295040,1789657539195102672,1789657539162295040.jpg
1789657539195622880,1789657539229229582,1789657539195622880.jpg
1789657539228948436,1789657539261660978,1789657539228948436.jpg
1789657539262272484,1789657539294992166,1789657539262272484.jpg
1789657539295602081,1789657539328249801,1789657539295602081.jpg
1789657539328925250,1789657539360253578,1789657539328925250.jpg
1789657539362251964,1789657539394882141,1789657539362251964.jpg
1789657539395576624,1789657539427717101,1789657539395576624.jpg
1789657539428903659,1789657539462065524,1789657539428903659.jpg
1789657539462231042,1789657539495140311,1789657539462231042.jpg
1789657539495555163,1789657539528397946,1789657539495555163.jpg
1789657539528883671,1789657539565015478,1789657539528883671.jpg
1789657539562208423,1789657539595368223,1789657539562208423.jpg
1789657539595535527,1789657539628766650,1789657539595535527.jpg
1789657539628860667,1789657539661279951,1789657539628860667.jpg
1789657539662183368,1789657539697009876,1789657539662183368.jpg
1789657539695511593,1789657539729543085,1789657539695511593.jpg
1789657539728836790,1789657539763253301,1789657539728836790.jpg
1789657539762162437,1789657539792764603,1789657539762162437.jpg
1789657539795491108,1789657539832895289,1789657539795491108.jpg
1789657539828814250,1789657539864957286,1789657539828814250.jpg
1789657539862140605,1789657539895753038,1789657539862140605.jpg
1789657539895466253,1789657539929732729,1789657539895466253.jpg
1789657539928791040,1789657539962358472,1789657539928791040.jpg
1789657539962117496,1789657539993155501,1789657539962117496.jpg
1789657539995441291,1789657540027623069,1789657539995441291.jpg
1789657540028769186,1789657540060748392,1789657540028769186.jpg
1789657540062092518,1789657540095468638,1789657540062092518.jpg
1789657540095420527,1789657540129507030,1789657540095420527.jpg
1789657540128757659,1789657540161901075,1789657540128757659.jpg
1789657540162072429,1789657540194898161,1789657540162072429.jpg
1789657540195394800,1789657540227340667,1789657540195394800.jpg
1789657540228723243,1789657540262751600,1789657540228723243.jpg
1789657540262051434,1789657540294381293,1789657540262051434.jpg
1789657540295377192,1789657540327370101,1789657540295377192.jpg
1789657540328699708,1789657540362629371,1789657540328699708.jpg
1789657540362026316,1789657540394277083,1789657540362026316.jpg
1789657540395351368,1789657540428578154,1789657540395351368.jpg
1789657540428679788,1789657540460272124,1789657540428679788.jpg
1789657540462004320,1789657540493955747,1789657540462004320.jpg
1789657540495331348,1789657540529456252,1789657540495331348.jpg
1789657540528660026,1789657540562170270,1789657540528660026.jpg
1789657540561983365,1789657540593767594,1789657540561983365.jpg
1789657540595308981,1789657540627709452,1789657540595308981.jpg
1789657540628633176,1789657540661997543,1789657540628633176.jpg
1789657540661961837,1789657540695874236,1789657540661961837.jpg
1789657540695285479,1789657540727956603,1789657540695285479.jpg
1789657540728610193,1789657540763046118,1789657540728610193.jpg
1789657540761937995,1789657540796438805,1789657540761937995.jpg
1789657540795262391,1789657540827067412,1789657540795262391.jpg
1789657540828589032,1789657540862002393,1789657540828589032.jpg
1789657540861914084,1789657540892806274,1789657540861914084.jpg
1789657540895238325,1789657540928801415,1789657540895238325.jpg
1789657540928573879,1789657540962326042,1789657540928573879.jpg
1789657540961892369,1789657540994627701,1789657540961892369.jpg
1789657540995217481,1789657541028520023,1789657540995217481.jpg
1789657541028543508,1789657541063507577,1789657541028543508.jpg
1789657541061868991,1789657541095068290,1789657541061868991.jpg
1789657541095199857,1789657541128519457,1789657541095199857.jpg
1789657541128521686,1789657541160741339,1789657541128521686.jpg
1789657541161850435,1789657541195777688,1789657541161850435.jpg
1789657541195174742,1789657541227418399,1789657541195174742.jpg
1789657541228499740,1789657541261656583,1789657541228499740.jpg
1789657541261825773,1789657541294025425,1789657541261825773.jpg
1789657541295149886,1789657541325669525,1789657541295149886.jpg
1789657541328477141,1789657541366014797,1789657541328477141.jpg
1789657541361803630,1789657541395901756,1789657541361803630.jpg
1789657541395127568,1789657541428308004,1789657541395127568.jpg
1789657541428454597,1789657541462549207,1789657541428454597.jpg
1789657541461778986,1789657541493905018,1789657541461778986.jpg
1789657541495106635,1789657541528380511,1789657541495106635.jpg
1789657541528432513,1789657541559164503,1789657541528432513.jpg
1789657541561755881,1789657541594594490,1789657541561755881.jpg
1789657541595083409,1789657541628105618,1789657541595083409.jpg
1789657541628408982,1789657541661356382,1789657541628408982.jpg
1789657541661746905,1789657541694203915,1789657541661746905.jpg
1789657541695062776,1789657541728855589,1789657541695062776.jpg
1789657541728386852,1789657541761070619,1789657541728386852.jpg
1789657541761721540,1789657541794754984,1789657541761721540.jpg
1789657541795038397,1789657541827063308,1789657541795038397.jpg
1789657541828362804,1789657541860112688,1789657541828362804.jpg
1789657541861688877,1789657541893296824,1789657541861688877.jpg
1789657541895015445,1789657541929309704,1789657541895015445.jpg
1789657541928340788,1789657541960151899,1789657541928340788.jpg
1789657541961666552,1789657541994653243,1789657541961666552.jpg
1789657541994993548,1789657542028233684,1789657541994993548.jpg
1789657542028319429,1789657542061245583,1789657542028319429.jpg
1789657542061645731,1789657542094331758,1789657542061645731.jpg
1789657542094972386,1789657542128668106,1789657542094972386.jpg
1789657542128296017,1789657542161828335,1789657542128296017.jpg
1789657542161622006,1789657542196297179,1789657542161622006.jpg
1789657542194947072,1789657542229336596,1789657542194947072.jpg
1789657542228273756,1789657542262245683,1789657542228273756.jpg
1789657542261600200,1789657542295517539,1789657542261600200.jpg
1789657542294924677,1789657542326664615,1789657542294924677.jpg
1789657542328251766,1789657542361702093,1789657542328251766.jpg
1789657542361577004,1789657542394123896,1789657542361577004.jpg
1789657542394904072,1789657542426644104,1789657542394904072.jpg
1789657542428230658,1789657542461434922,1789657542428230658.jpg
1789657542461555203,1789657542496345329,1789657542461555203.jpg
1789657542494885545,1789657542528974516,1789657542494885545.jpg
1789657542528206715,1789657542559625992,1789657542528206715.jpg
1789657542561536303,1789657542593834029,1789657542561536303.jpg
1789657542594858957,1789657542628491776,1789657542594858957.jpg
1789657542628184791,1789657542663108005,1789657542628184791.jpg
1789657542661509148,1789657542695636861,1789657542661509148.jpg
1789657542694836606,1789657542728281862,1789657542694836606.jpg
1789657542728164757,1789657542760899438,1789657542728164757.jpg
1789657542761487086,1789657542795269026,1789657542761487086.jpg
1789657542794813385,1789657542827950193,1789657542794813385.jpg
1789657542828141391,1789657542859320133,1789657542828141391.jpg
1789657542861464078,1789657542895219997,1789657542861464078.jpg
1789657542894791100,1789657542929944095,1789657542894791100.jpg
1789657542928116334,1789657542962531245,1789657542928116334.jpg
1789657542961442645,1789657542994327249,1789657542961442645.jpg
1789657542994769158,1789657543027163949,1789657542994769158.jpg
1789657543028093675,1789657543060225661,1789657543028093675.jpg
1789657543061420516,1789657543096041268,1789657543061420516.jpg
1789657543094747749,1789657543129038093,1789657543094747749.jpg
1789657543128071856,1789657543161151700,1789657543128071856.jpg
1789657543161398236,1789657543193756276,1789657543161398236.jpg
1789657543194722056,1789657543228863808,1789657543194722056.jpg
1789657543228050351,1789657543260583869,1789657543228050351.jpg
1789657543261375645,1789657543293312368,1789657543261375645.jpg
1789657543294698983,1789657543328006965,1789657543294698983.jpg
1789657543328038603,1789657543359872097,1789657543328038603.jpg
1789657543361352623,1789657543391683822,1789657543361352623.jpg
1789657543394678864,1789657543427484077,1789657543394678864.jpg
1789657543428003224,1789657543461046555,1789657543428003224.jpg
1789657543461329904,1789657543494430501,1789657543461329904.jpg
1789657543494655978,1789657543524971591,1789657543494655978.jpg
1789657543527983013,1789657543559608468,1789657543527983013.jpg
1789657543561310300,1789657543594036054,1789657543561310300.jpg
1789657543594632923,1789657543628170740,1789657543594632923.jpg
1789657543627959423,1789657543661645331,1789657543627959423.jpg
1789657543661287057,1789657543694004672,1789657543661287057.jpg
1789657543694611003,1789657543727611890,1789657543694611003.jpg
1789657543727936604,1789657543760717064,1789657543727936604.jpg
1789657543761262741,1789657543793192347,1789657543761262741.jpg
1789657543794588971,1789657543827010967,1789657543794588971.jpg
1789657543827915214,1789657543862893924,1789657543827915214.jpg
1789657543861239693,1789657543893534808,1789657543861239693.jpg
1789657543894566905,1789657543924637866,1789657543894566905.jpg
1789657543927891484,1789657543958302248,1789657543927891484.jpg
1789657543961217448,1789657543994644527,1789657543961217448.jpg
1789657543994544980,1789657544027242566,1789657543994544980.jpg
1789657544027869262,1789657544059774644,1789657544027869262.jpg
1789657544061199613,1789657544094493018,1789657544061199613.jpg
1789657544094520202,1789657544126794268,1789657544094520202.jpg
1789657544127851120,1789657544162896627,1789657544127851120.jpg
1789657544161175045,1789657544194143811,1789657544161175045.jpg
1789657544194499064,1789657544226855772,1789657544194499064.jpg
1789657544227828601,1789657544261838715,1789657544227828601.jpg
1789657544261148913,1789657544293004900,1789657544261148913.jpg
1789657544294481674,1789657544328451553,1789657544294481674.jpg
1789657544327814667,1789657544358680818,1789657544327814667.jpg
1789657544361127126,1789657544394455740,1789657544361127126.jpg
1789657544394454291,1789657544429372091,1789657544394454291.jpg
1789657544427779272,1789657544461386145,1789657544427779272.jpg
1789657544461106432,1789657544493060762,1789657544461106432.jpg
1789657544494433377,1789657544526332969,1789657544494433377.jpg
1789657544527755517,1789657544560506654,1789657544527755517.jpg
1789657544561085915,1789657544592964048,1789657544561085915.jpg
1789657544594409559,1789657544627318246,1789657544594409559.jpg
1789657544627734642,1789657544660229870,1789657544627734642.jpg
1789657544661066309,1789657544695127870,1789657544661066309.jpg
1789657544694386896,1789657544731124787,1789657544694386896.jpg
1789657544727712802,1789657544764233683,1789657544727712802.jpg
1789657544761036884,1789657544794160881,1789657544761036884.jpg
1789657544794364100,1789657544827516142,1789657544794364100.jpg
1789657544827692824,1789657544859037374,1789657544827692824.jpg
1789657544861018669,1789657544895114289,1789657544861018669.jpg
1789657544894341381,1789657544928804949,1789657544894341381.jpg
1789657544927666266,1789657544958032701,1789657544927666266.jpg
1789657544960994707,1789657544996117992,1789657544960994707.jpg
1789657544994319039,1789657545026206426,1789657544994319039.jpg
1789657545027644035,1789657545060378611,1789657545027644035.jpg
1789657545060970318,1789657545092535864,1789657545060970318.jpg
1789657545094297038,1789657545128602890,1789657545094297038.jpg
1789657545127622973,1789657545160983397,1789657545127622973.jpg
1789657545160948782,1789657545192365743,1789657545160948782.jpg
1789657545194273474,1789657545226170956,1789657545194273474.jpg
1789657545227601198,1789657545259420311,1789657545227601198.jpg
1789657545260924639,1789657545294059280,1789657545260924639.jpg
1789657545294254176,1789657545328073728,1789657545294254176.jpg
1789657545327577774,1789657545358798072,1789657545327577774.jpg
1789657545360907053,1789657545394816285,1789657545360907053.jpg
1789657545394228797,1789657545426832245,1789657545394228797.jpg
1789657545427554499,1789657545459889050,1789657545427554499.jpg
1789657545460879877,1789657545493841814,1789657545460879877.jpg
1789657545494205824,1789657545525621058,1789657545494205824.jpg
1789657545527532835,1789657545560721441,1789657545527532835.jpg
1789657545560858294,1789657545593754191,1789657545560858294.jpg
1789657545594183449,1789657545626213993,1789657545594183449.jpg
1789657545627512902,1789657545661153269,1789657545627512902.jpg
1789657545660835855,1789657545692454173,1789657545660835855.jpg
1789657545694163895,1789657545730848049,1789657545694163895.jpg
1789657545727490763,1789657545761911236,1789657545727490763.jpg
1789657545760812825,1789657545793901364,1789657545760812825.jpg
1789657545794138365,1789657545829236057,1789657545794138365.jpg
1789657545827464560,1789657545858383644,1789657545827464560.jpg
1789657545860791855,1789657545895630289,1789657545860791855.jpg
1789657545894116120,1789657545925700539,1789657545894116120.jpg
1789657545927441436,1789657545958402834,1789657545927441436.jpg
1789657545960770811,1789657545995967674,1789657545960770811.jpg
1789657545994093593,1789657546025544732,1789657545994093593.jpg
1789657546027421239,1789657546059952170,1789657546027421239.jpg
1789657546060747974,1789657546095052868,1789657546060747974.jpg
1789657546094073410,1789657546127646555,1789657546094073410.jpg
1789657546127397041,1789657546160271425,1789657546127397041.jpg
1789657546160723009,1789657546193242603,1789657546160723009.jpg
1789657546194048578,1789657546227534210,1789657546194048578.jpg
1789657546227376343,1789657546259687278,1789657546227376343.jpg
1789657546260700768,1789657546293103184,1789657546260700768.jpg
1789657546294028463,1789657546330962536,1789657546294028463.jpg
1789657546327352351,1789657546359223590,1789657546327352351.jpg
1789657546360681988,1789657546393549937,1789657546360681988.jpg
1789657546394004379,1789657546428126574,1789657546394004379.jpg
1789657546427330351,1789657546460971772,1789657546427330351.jpg
1789657546460657990,1789657546492600613,1789657546460657990.jpg
1789657546493981368,1789657546525258594,1789657546493981368.jpg
1789657546527308498,1789657546560503714,1789657546527308498.jpg
1789657546560633643,1789657546594078635,1789657546560633643.jpg
1789657546593960824,1789657546625663366,1789657546593960824.jpg
1789657546627284370,1789657546659591500,1789657546627284370.jpg
1789657546660608955,1789657546695266851,1789657546660608955.jpg
1789657546693938701,1789657546727373698,1789657546693938701.jpg
1789657546727262213,1789657546760852714,1789657546727262213.jpg
1789657546760588257,1789657546793217499,1789657546760588257.jpg
1789657546793924340,1789657546827540512,1789657546793924340.jpg
1789657546827242232,1789657546862782096,1789657546827242232.jpg
1789657546860565204,1789657546893400498,1789657546860565204.jpg
1789657546893892039,1789657546926910051,1789657546893892039.jpg
1789657546927218083,1789657546959887080,1789657546927218083.jpg
1789657546960544250,1789657546995702389,1789657546960544250.jpg
1789657546993869567,1789657547025966801,1789657546993869567.jpg
1789657547027195825,1789657547059200563,1789657547027195825.jpg
1789657547060519704,1789657547094067063,1789657547060519704.jpg
1789657547093848137,1789657547125763013,1789657547093848137.jpg
1789657547127172891,1789657547161571545,1789657547127172891.jpg
1789657547160497799,1789657547192174392,1789657547160497799.jpg
1789657547193825224,1789657547227501306,1789657547193825224.jpg
1789657547227150439,1789657547259754927,1789657547227150439.jpg
1789657547260478564,1789657547290906334,1789657547260478564.jpg
1789657547293808007,1789657547324477644,1789657547293808007.jpg
1789657547327134000,1789657547359468382,1789657547327134000.jpg
1789657547360453243,1789657547394459916,1789657547360453243.jpg
1789657547393779770,1789657547426728480,1789657547393779770.jpg
1789657547427107668,1789657547464332764,1789657547427107668.jpg
1789657547460436755,1789657547495540114,1789657547460436755.jpg
1789657547493758272,1789657547524915288,1789657547493758272.jpg
1789657547527082183,1789657547556584313,1789657547527082183.jpg
1789657547560408868,1789657547592264607,1789657547560408868.jpg
1789657547593736172,1789657547625536943,1789657547593736172.jpg
1789657547627064068,1789657547658730559,1789657547627064068.jpg
1789657547660385091,1789657547693950828,1789657547660385091.jpg
1789657547693711322,1789657547724290329,1789657547693711322.jpg
1789657547727037980,1789657547758078745,1789657547727037980.jpg
1789657547760367199,1789657547793778539,1789657547760367199.jpg
1789657547793688142,1789657547827172446,1789657547793688142.jpg
1789657547827015008,1789657547859543842,1789657547827015008.jpg
1789657547860345852,1789657547893505660,1789657547860345852.jpg
1789657547893667067,1789657547928679319,1789657547893667067.jpg
1789657547926991837,1789657547960760944,1789657547926991837.jpg
1789657547960318233,1789657547991912815,1789657547960318233.jpg
1789657547993644830,1789657548026755352,1789657547993644830.jpg
1789657548026970130,1789657548058855717,1789657548026970130.jpg
1789657548060296893,1789657548094061949,1789657548060296893.jpg
1789657548093622342,1789657548127636425,1789657548093622342.jpg
1789657548126948702,1789657548159671496,1789657548126948702.jpg
1789657548160274033,1789657548192574396,1789657548160274033.jpg
1789657548193601261,1789657548226678267,1789657548193601261.jpg
1789657548226923378,1789657548259754422,1789657548226923378.jpg
1789657548260251518,1789657548293112960,1789657548260251518.jpg
1789657548293576604,1789657548326148338,1789657548293576604.jpg
1789657548326905022,1789657548360997283,1789657548326905022.jpg
1789657548360231131,1789657548393313606,1789657548360231131.jpg
1789657548393553325,1789657548426772566,1789657548393553325.jpg
1789657548426881816,1789657548460372598,1789657548426881816.jpg
1789657548460205464,1789657548493159409,1789657548460205464.jpg
1789657548493533819,1789657548526973860,1789657548493533819.jpg
1789657548526861124,1789657548558557757,1789657548526861124.jpg
1789657548560183605,1789657548595074530,1789657548560183605.jpg
1789657548593511961,1789657548626337101,1789657548593511961.jpg
1789657548626835527,1789657548659401387,1789657548626835527.jpg
1789657548660162500,1789657548694937425,1789657548660162500.jpg
1789657548693487928,1789657548728131467,1789657548693487928.jpg
1789657548726813355,1789657548760512973,1789657548726813355.jpg
1789657548760140314,1789657548794667620,1789657548760140314.jpg
1789657548793464873,1789657548824920364,1789657548793464873.jpg
1789657548826793144,1789657548860287592,1789657548826793144.jpg
1789657548860128580,1789657548891416759,1789657548860128580.jpg
1789657548893442259,1789657548926395145,1789657548893442259.jpg
1789657548926773348,1789657548960880636,1789657548926773348.jpg
1789657548960094055,1789657548992843912,1789657548960094055.jpg
1789657548993420616,1789657549026922912,1789657548993420616.jpg
1789657549026749758,1789657549060305338,1789657549026749758.jpg
1789657549060073343,1789657549092154986,1789657549060073343.jpg
1789657549093400299,1789657549126905341,1789657549093400299.jpg
1789657549126723535,1789657549158334241,1789657549126723535.jpg
1789657549160051780,1789657549192200487,1789657549160051780.jpg
1789657549193378880,1789657549226527593,1789657549193378880.jpg
1789657549226700607,1789657549260905086,1789657549226700607.jpg
1789657549260028192,1789657549294202162,1789657549260028192.jpg
1789657549293352142,1789657549324691678,1789657549293352142.jpg
1789657549326677870,1789657549358971210,1789657549326677870.jpg
1789657549360005485,1789657549394336716,1789657549360005485.jpg
1789657549393340498,1789657549426611428,1789657549393340498.jpg
1789657549426654695,1789657549458718737,1789657549426654695.jpg
1789657549459982437,1789657549491911889,1789657549459982437.jpg
1789657549493309830,1789657549525091375,1789657549493309830.jpg
1789657549526634502,1789657549558475579,1789657549526634502.jpg
1789657549559958606,1789657549592913811,1789657549559958606.jpg
1789657549593284749,1789657549624779459,1789657549593284749.jpg
1789657549626640800,1789657549658930273,1789657549626640800.jpg
1789657549659940911,1789657549695386288,1789657549659940911.jpg
1789657549693261502,1789657549725403038,1789657549693261502.jpg
1789657549726588627,1789657549758729724,1789657549726588627.jpg
1789657549759915714,1789657549793676907,1789657549759915714.jpg
1789657549793239418,1789657549826831116,1789657549793239418.jpg
1789657549826567408,1789657549860559847,1789657549826567408.jpg
1789657549859890638,1789657549892119726,1789657549859890638.jpg
1789657549893225824,1789657549924882278,1789657549893225824.jpg
1789657549926544001,1789657549958936890,1789657549926544001.jpg
1789657549959870708,1789657549992937022,1789657549959870708.jpg
1789657549993195074,1789657550026125934,1789657549993195074.jpg
1789657550026520192,1789657550057803587,1789657550026520192.jpg
1789657550059851541,1789657550093466177,1789657550059851541.jpg
1789657550093174117,1789657550125232087,1789657550093174117.jpg
1789657550126497319,1789657550157134253,1789657550126497319.jpg
1789657550159828235,1789657550193150445,1789657550159828235.jpg
1789657550193149472,1789657550224991835,1789657550193149472.jpg
1789657550226475618,1789657550259984331,1789657550226475618.jpg
1789657550259801590,1789657550291476840,1789657550259801590.jpg
1789657550293127687,1789657550325217516,1789657550293127687.jpg
1789657550326467282,1789657550360275029,1789657550326467282.jpg
1789657550359779461,1789657550393622603,1789657550359779461.jpg
1789657550393111902,1789657550427316465,1789657550393111902.jpg
1789657550426430813,1789657550457758463,1789657550426430813.jpg
1789657550459755064,1789657550492039774,1789657550459755064.jpg
1789657550493084036,1789657550528535454,1789657550493084036.jpg
1789657550526407352,1789657550559941669,1789657550526407352.jpg
1789657550559734795,1789657550590889915,1789657550559734795.jpg
1789657550593062323,1789657550626360232,1789657550593062323.jpg
1789657550626385788,1789657550658749682,1789657550626385788.jpg
1789657550659711979,1789657550692900958,1789657550659711979.jpg
1789657550693037468,1789657550726221663,1789657550693037468.jpg
1789657550726364448,1789657550758527985,1789657550726364448.jpg
1789657550759689430,1789657550790584795,1789657550759689430.jpg
1789657550793015782,1789657550827155493,1789657550793015782.jpg
1789657550826340641,1789657550858991419,1789657550826340641.jpg
1789657550859668643,1789657550892784186,1789657550859668643.jpg
1789657550892994708,1789657550924810793,1789657550892994708.jpg
1789657550926318516,1789657550958449101,1789657550926318516.jpg
1789657550959643019,1789657550991863581,1789657550959643019.jpg
1789657550992969359,1789657551025343855,1789657550992969359.jpg
1789657551026295938,1789657551058525193,1789657551026295938.jpg
1789657551059632395,1789657551092600267,1789657551059632395.jpg
1789657551092955597,1789657551125025679,1789657551092955597.jpg
1789657551126273327,1789657551160230762,1789657551126273327.jpg
1789657551159599193,1789657551191279467,1789657551159599193.jpg
1789657551192924614,1789657551225025179,1789657551192924614.jpg
1789657551226253758,1789657551260333149,1789657551226253758.jpg
1789657551259576863,1789657551292601787,1789657551259576863.jpg
1789657551292905550,1789657551326429941,1789657551292905550.jpg
1789657551326229898,1789657551356914716,1789657551326229898.jpg
1789657551359556226,1789657551392716859,1789657551359556226.jpg
1789657551392880779,1789657551427559284,1789657551392880779.jpg
1789657551426205684,1789657551458672617,1789657551426205684.jpg
1789657551459533492,1789657551491866695,1789657551459533492.jpg
1789657551492875104,1789657551524591414,1789657551492875104.jpg
1789657551526182765,1789657551558661896,1789657551526182765.jpg
1789657551559514224,1789657551593978347,1789657551559514224.jpg
1789657551592834844,1789657551624633729,1789657551592834844.jpg
1789657551626162597,1789657551659021166,1789657551626162597.jpg
1789657551659502259,1789657551692902411,1789657551659502259.jpg
1789657551692815961,1789657551722654409,1789657551692815961.jpg
1789657551726150576,1789657551756700021,1789657551726150576.jpg
1789657551759464185,1789657551791675832,1789657551759464185.jpg
1789657551792794858,1789657551826443833,1789657551792794858.jpg
1789657551826118029,1789657551859627689,1789657551826118029.jpg
1789657551859442138,1789657551893154277,1789657551859442138.jpg
1789657551892770549,1789657551926880915,1789657551892770549.jpg
1789657551926092693,1789657551958645084,1789657551926092693.jpg
1789657551959418972,1789657551992600458,1789657551959418972.jpg
1789657551992751841,1789657552025921977,1789657551992751841.jpg
1789657552026070954,1789657552059239477,1789657552026070954.jpg
1789657552059402563,1789657552092283762,1789657552059402563.jpg
1789657552092722826,1789657552124949834,1789657552092722826.jpg
1789657552126051218,1789657552160448169,1789657552126051218.jpg
1789657552159373240,1789657552191446413,1789657552159373240.jpg
1789657552192700355,1789657552228335861,1789657552192700355.jpg
1789657552226025693,1789657552258712787,1789657552226025693.jpg
1789657552259351484,1789657552291070885,1789657552259351484.jpg
1789657552292689119,1789657552325720537,1789657552292689119.jpg
1789657552326005362,1789657552358039303,1789657552326005362.jpg
1789657552359331984,1789657552391182845,1789657552359331984.jpg
1789657552392653970,1789657552425407767,1789657552392653970.jpg
1789657552425979965,1789657552461103560,1789657552425979965.jpg
1789657552459308961,1789657552493005022,1789657552459308961.jpg
1789657552492633258,1789657552526191785,1789657552492633258.jpg
1789657552525957838,1789657552560759180,1789657552525957838.jpg
1789657552559284119,1789657552593156388,1789657552559284119.jpg
1789657552592609042,1789657552625151459,1789657552592609042.jpg
1789657552625936136,1789657552667035912,1789657552625936136.jpg
1789657552659261349,1789657552692152173,1789657552659261349.jpg
1789657552692588734,1789657552724523345,1789657552692588734.jpg
1789657552725916429,1789657552760634220,1789657552725916429.jpg
1789657552759241260,1789657552791785256,1789657552759241260.jpg
1789657552792565823,1789657552824399126,1789657552792565823.jpg
1789657552825891086,1789657552858029859,1789657552825891086.jpg
1789657552859216589,1789657552892012028,1789657552859216589.jpg
1789657552892548679,1789657552926220284,1789657552892548679.jpg
1789657552925867734,1789657552958273835,1789657552925867734.jpg
1789657552959195993,1789657552993084686,1789657552959195993.jpg
1789657552992519400,1789657553024785912,1789657552992519400.jpg
1789657553025846165,1789657553058403164,1789657553025846165.jpg
1789657553059175173,1789657553091809070,1789657553059175173.jpg
1789657553092498036,1789657553124148872,1789657553092498036.jpg
1789657553125822145,1789657553163110824,1789657553125822145.jpg
1789657553159149109,1789657553192100969,1789657553159149109.jpg
1789657553192475052,1789657553223765325,1789657553192475052.jpg
1789657553225804815,1789657553258603880,1789657553225804815.jpg
1789657553259127292,1789657553292308982,1789657553259127292.jpg
1789657553292456548,1789657553328679776,1789657553292456548.jpg
1789657553325777776,1789657553358142224,1789657553325777776.jpg
1789657553359108638,1789657553393056203,1789657553359108638.jpg
1789657553392431438,1789657553429253557,1789657553392431438.jpg
1789657553425756368,1789657553460358816,1789657553425756368.jpg
1789657553459086279,1789657553492780691,1789657553459086279.jpg
1789657553492408788,1789657553524854537,1789657553492408788.jpg
1789657553525739262,1789657553558153019,1789657553525739262.jpg
1789657553559058601,1789657553592521900,1789657553559058601.jpg
1789657553592386450,1789657553625200472,1789657553592386450.jpg
1789657553625712257,1789657553657648938,1789657553625712257.jpg
1789657553659036164,1789657553693962678,1789657553659036164.jpg
1789657553692364976,1789657553725961712,1789657553692364976.jpg
1789657553725687531,1789657553759362469,1789657553725687531.jpg
1789657553759016117,1789657553791144544,1789657553759016117.jpg
1789657553792341055,1789657553826280684,1789657553792341055.jpg
1789657553825666634,1789657553859151770,1789657553825666634.jpg
1789657553858992673,1789657553892814706,1789657553858992673.jpg
1789657553892319330,1789657553923897299,1789657553892319330.jpg
1789657553925645701,1789657553957862746,1789657553925645701.jpg
1789657553958969365,1789657553991390944,1789657553958969365.jpg
1789657553992304377,1789657554024317139,1789657553992304377.jpg
1789657554025639002,1789657554058475192,1789657554025639002.jpg
1789657554058947123,1789657554092790723,1789657554058947123.jpg
1789657554092274505,1789657554127026237,1789657554092274505.jpg
1789657554125604495,1789657554159725197,1789657554125604495.jpg
1789657554158923635,1789657554191059839,1789657554158923635.jpg
1789657554192249490,1789657554226247237,1789657554192249490.jpg
1789657554225575644,1789657554259439554,1789657554225575644.jpg
1789657554258905083,1789657554292530819,1789657554258905083.jpg
1789657554292231899,1789657554322784748,1789657554292231899.jpg
1789657554325553306,1789657554358838827,1789657554325553306.jpg
1789657554358882807,1789657554394701597,1789657554358882807.jpg
1789657554392207463,1789657554425194390,1789657554392207463.jpg
1789657554425534514,1789657554458524649,1789657554425534514.jpg
1789657554458861117,1789657554491500009,1789657554458861117.jpg
1789657554492182194,1789657554525298756,1789657554492182194.jpg
1789657554525510546,1789657554559148447,1789657554525510546.jpg
1789657554558833786,1789657554591346567,1789657554558833786.jpg
1789657554592160774,1789657554625764836,1789657554592160774.jpg
1789657554625486241,1789657554657232734,1789657554625486241.jpg
1789657554658811600,1789657554696450660,1789657554658811600.jpg
1789657554692138238,1789657554724363110,1789657554692138238.jpg
1789657554725463370,1789657554756802114,1789657554725463370.jpg
1789657554758791219,1789657554791223531,1789657554758791219.jpg
1789657554792116110,1789657554827203834,1789657554792116110.jpg
1789657554825444598,1789657554858622474,1789657554825444598.jpg
1789657554858769672,1789657554891495430,1789657554858769672.jpg
1789657554892093743,1789657554924668785,1789657554892093743.jpg
1789657554925422130,1789657554959019593,1789657554925422130.jpg
1789657554958746093,1789657554990020577,1789657554958746093.jpg
1789657554992070099,1789657555024629100,1789657554992070099.jpg
1789657555025399897,1789657555059383137,1789657555025399897.jpg
1789657555058720976,1789657555091683829,1789657555058720976.jpg
1789657555092048324,1789657555126477570,1789657555092048324.jpg
1789657555125377100,1789657555156318434,1789657555125377100.jpg
1789657555158699768,1789657555191405353,1789657555158699768.jpg
1789657555192026596,1789657555226317239,1789657555192026596.jpg
1789657555225351976,1789657555258032093,1789657555225351976.jpg
1789657555258677713,1789657555292795279,1789657555258677713.jpg
1789657555292004224,1789657555324522282,1789657555292004224.jpg
1789657555325329246,1789657555357667749,1789657555325329246.jpg
1789657555358656162,1789657555391382053,1789657555358656162.jpg
1789657555391980193,1789657555425026600,1789657555391980193.jpg
1789657555425308224,1789657555458585446,1789657555425308224.jpg
1789657555458632615,1789657555491817077,1789657555458632615.jpg
1789657555491957619,1789657555526226420,1789657555491957619.jpg
1789657555525284099,1789657555558578592,1789657555525284099.jpg
1789657555558609013,1789657555591233516,1789657555558609013.jpg
1789657555591936025,1789657555623923068,1789657555591936025.jpg
1789657555625262440,1789657555657302085,1789657555625262440.jpg
1789657555658587661,1789657555690559383,1789657555658587661.jpg
1789657555691913713,1789657555724524292,1789657555691913713.jpg
1789657555725238754,1789657555756454975,1789657555725238754.jpg
1789657555758565765,1789657555792476092,1789657555758565765.jpg
1789657555791929853,1789657555826213859,1789657555791929853.jpg
1789657555825215183,1789657555857127437,1789657555825215183.jpg
1789657555858545507,1789657555889862007,1789657555858545507.jpg
1789657555891867598,1789657555924000746,1789657555891867598.jpg
1789657555925193614,1789657555957688958,1789657555925193614.jpg
1789657555958520054,1789657555991715681,1789657555958520054.jpg
1789657555991844730,1789657556027624357,1789657555991844730.jpg
1789657556025171450,1789657556058384457,1789657556025171450.jpg
1789657556058498839,1789657556091117601,1789657556058498839.jpg
1789657556091826716,1789657556126835059,1789657556091826716.jpg
1789657556125149512,1789657556157753174,1789657556125149512.jpg
1789657556158474206,1789657556192042483,1789657556158474206.jpg
1789657556191801151,1789657556227017978,1789657556191801151.jpg
1789657556225128702,1789657556257200111,1789657556225128702.jpg
1789657556258454739,1789657556291426292,1789657556258454739.jpg
1789657556291778349,1789657556326895367,1789657556291778349.jpg
1789657556325107883,1789657556359395332,1789657556325107883.jpg
1789657556358431867,1789657556392135660,1789657556358431867.jpg
1789657556391754745,1789657556422399570,1789657556391754745.jpg
1789657556425081296,1789657556458782085,1789657556425081296.jpg
1789657556458407513,1789657556490353017,1789657556458407513.jpg
1789657556491733745,1789657556523616722,1789657556491733745.jpg
1789657556525061467,1789657556558337019,1789657556525061467.jpg
1789657556558385334,1789657556591569651,1789657556558385334.jpg
1789657556591710536,1789657556626697012,1789657556591710536.jpg
1789657556625036596,1789657556658030413,1789657556625036596.jpg
1789657556658365408,1789657556692107375,1789657556658365408.jpg
1789657556691692440,1789657556724957664,1789657556691692440.jpg
1789657556725014903,1789657556759566835,1789657556725014903.jpg
1789657556758339947,1789657556791347151,1789657556758339947.jpg
1789657556791666311,1789657556825547351,1789657556791666311.jpg
1789657556824992972,1789657556857521902,1789657556824992972.jpg
1789657556858319284,1789657556894162819,1789657556858319284.jpg
1789657556891644364,1789657556924141272,1789657556891644364.jpg
1789657556924971192,1789657556959191877,1789657556924971192.jpg
1789657556958294891,1789657556991447847,1789657556958294891.jpg
1789657556991621915,1789657557025209317,1789657556991621915.jpg
1789657557024947440,1789657557057233904,1789657557024947440.jpg
1789657557058271998,1789657557091300829,1789657557058271998.jpg
1789657557091601910,1789657557126573205,1789657557091601910.jpg
1789657557124925375,1789657557159074929,1789657557124925375.jpg
1789657557158252425,1789657557188963125,1789657557158252425.jpg
1789657557191575976,1789657557224239038,1789657557191575976.jpg
1789657557224904896,1789657557259202478,1789657557224904896.jpg
1789657557258227080,1789657557291656129,1789657557258227080.jpg
1789657557291552609,1789657557324646284,1789657557291552609.jpg
1789657557324881312,1789657557358597323,1789657557324881312.jpg
1789657557358204578,1789657557402115215,1789657557358204578.jpg
1789657557391533536,1789657557425613461,1789657557391533536.jpg
1789657557424862023,1789657557457663714,1789657557424862023.jpg
1789657557458180603,1789657557490756385,1789657557458180603.jpg
1789657557491510279,1789657557523346014,1789657557491510279.jpg
1789657557524833356,1789657557558967752,1789657557524833356.jpg
1789657557558166669,1789657557590297838,1789657557558166669.jpg
1789657557591486972,1789657557624667089,1789657557591486972.jpg
1789657557624811144,1789657557657972459,1789657557624811144.jpg
1789657557658140430,1789657557690995984,1789657557658140430.jpg
1789657557691463973,1789657557724347908,1789657557691463973.jpg
1789657557724792252,1789657557760529206,1789657557724792252.jpg
1789657557758116486,1789657557791156903,1789657557758116486.jpg
1789657557791440317,1789657557825519561,1789657557791440317.jpg
1789657557824774881,1789657557859539580,1789657557824774881.jpg
1789657557858091240,1789657557891378042,1789657557858091240.jpg
1789657557891419455,1789657557926097803,1789657557891419455.jpg
1789657557924747857,1789657557955671266,1789657557924747857.jpg
1789657557958070732,1789657557991017548,1789657557958070732.jpg
1789657557991400772,1789657558023485494,1789657557991400772.jpg
1789657558024723017,1789657558067602575,1789657558024723017.jpg
1789657558058050480,1789657558092844276,1789657558058050480.jpg
1789657558091375292,1789657558126490100,1789657558091375292.jpg
1789657558124701997,1789657558157549860,1789657558124701997.jpg
1789657558158026926,1789657558192414635,1789657558158026926.jpg
1789657558191350059,1789657558223196087,1789657558191350059.jpg
1789657558224676167,1789657558257749444,1789657558224676167.jpg
1789657558258001426,1789657558291872515,1789657558258001426.jpg
1789657558291327487,1789657558325562783,1789657558291327487.jpg
1789657558324657668,1789657558357634369,1789657558324657668.jpg
1789657558357980610,1789657558389979688,1789657558357980610.jpg
1789657558391308124,1789657558423782490,1789657558391308124.jpg
1789657558424631318,1789657558457547663,1789657558424631318.jpg
1789657558457963038,1789657558493567595,1789657558457963038.jpg
1789657558491285472,1789657558525659162,1789657558491285472.jpg
1789657558524610224,1789657558556660830,1789657558524610224.jpg
1789657558557936731,1789657558592531654,1789657558557936731.jpg
1789657558591259674,1789657558624244582,1789657558591259674.jpg
1789657558624586089,1789657558658395653,1789657558624586089.jpg
1789657558657913315,1789657558690670308,1789657558657913315.jpg
1789657558691240137,1789657558724024010,1789657558691240137.jpg
1789657558724568175,1789657558756870539,1789657558724568175.jpg
1789657558757890595,1789657558788994938,1789657558757890595.jpg
1789657558791218596,1789657558823944545,1789657558791218596.jpg
1789657558824542209,1789657558858001933,1789657558824542209.jpg
1789657558857868214,1789657558890512637,1789657558857868214.jpg
1789657558891194503,1789657558925041736,1789657558891194503.jpg
1789657558924521317,1789657558955643692,1789657558924521317.jpg
1789657558957848899,1789657558992049095,1789657558957848899.jpg
1789657558991210179,1789657559024185290,1789657558991210179.jpg
1789657559024573245,1789657559056973358,1789657559024573245.jpg
1789657559057939867,1789657559091299683,1789657559057939867.jpg
1789657559091298460,1789657559124190619,1789657559091298460.jpg
1789657559124665395,1789657559157097850,1789657559124665395.jpg
1789657559158026429,1789657559191464805,1789657559158026429.jpg
1789657559191391237,1789657559225639504,1789657559191391237.jpg
1789657559224755108,1789657559258756249,1789657559224755108.jpg
1789657559258118897,1789657559291968750,1789657559258118897.jpg
1789657559291481369,1789657559324892167,1789657559291481369.jpg
1789657559324844386,1789657559357364965,1789657559324844386.jpg
1789657559358209128,1789657559391229616,1789657559358209128.jpg
1789657559391572706,1789657559425478203,1789657559391572706.jpg
1789657559424936293,1789657559457455217,1789657559424936293.jpg
1789657559458299552,1789657559491455143,1789657559458299552.jpg
1789657559491668286,1789657559525133004,1789657559491668286.jpg
1789657559525031724,1789657559558812308,1789657559525031724.jpg
1789657559558390314,1789657559591422547,1789657559558390314.jpg
1789657559591754005,1789657559624890153,1789657559591754005.jpg
1789657559625118409,1789657559658206171,1789657559625118409.jpg
1789657559658480253,1789657559691282231,1789657559658480253.jpg
1789657559691845686,1789657559724260165,1789657559691845686.jpg
1789657559725212724,1789657559758684006,1789657559725212724.jpg
1789657559758534747,1789657559792587602,1789657559758534747.jpg
1789657559791862040,1789657559826172835,1789657559791862040.jpg
1789657559825188869,1789657559858498358,1789657559825188869.jpg
1789657559858512010,1789657559891582400,1789657559858512010.jpg
1789657559891839154,1789657559927097863,1789657559891839154.jpg
1789657559925164549,1789657559962758766,1789657559925164549.jpg
1789657559958490161,1789657559993712398,1789657559958490161.jpg
1789657559991814889,1789657560025887740,1789657559991814889.jpg
1789657560025145207,1789657560057184771,1789657560025145207.jpg
1789657560058472250,1789657560093783743,1789657560058472250.jpg
1789657560091802385,1789657560127469658,1789657560091802385.jpg
1789657560125120348,1789657560156032721,1789657560125120348.jpg
1789657560158444377,1789657560192161705,1789657560158444377.jpg
1789657560191770956,1789657560225947395,1789657560191770956.jpg
1789657560225097493,1789657560258238327,1789657560225097493.jpg
1789657560258421990,1789657560291943853,1789657560258421990.jpg
1789657560291748125,1789657560325037913,1789657560291748125.jpg
1789657560325072838,1789657560359525049,1789657560325072838.jpg
1789657560358400359,1789657560393116782,1789657560358400359.jpg
1789657560391724491,1789657560425245088,1789657560391724491.jpg
1789657560425055916,1789657560456871111,1789657560425055916.jpg
1789657560458380103,1789657560490359494,1789657560458380103.jpg
1789657560491703530,1789657560526967929,1789657560491703530.jpg
1789657560525030034,1789657560557231448,1789657560525030034.jpg
1789657560558354451,1789657560592668857,1789657560558354451.jpg
1789657560591681518,1789657560623381254,1789657560591681518.jpg
1789657560625007535,1789657560656791195,1789657560625007535.jpg
1789657560658332700,1789657560692336675,1789657560658332700.jpg
1789657560691659035,1789657560727035047,1789657560691659035.jpg
1789657560724983365,1789657560759760264,1789657560724983365.jpg
1789657560758312213,1789657560792936451,1789657560758312213.jpg
1789657560791635580,1789657560825496117,1789657560791635580.jpg
1789657560824962273,1789657560858056302,1789657560824962273.jpg
1789657560858289109,1789657560893153922,1789657560858289109.jpg
1789657560891613599,1789657560923906782,1789657560891613599.jpg
1789657560924941300,1789657560958749742,1789657560924941300.jpg
1789657560958267923,1789657560990210250,1789657560958267923.jpg
1789657560991590575,1789657561028921669,1789657560991590575.jpg
1789657561024917549,1789657561058334747,1789657561024917549.jpg
1789657561058240898,1789657561090151191,1789657561058240898.jpg
1789657561091568459,1789657561132279524,1789657561091568459.jpg
1789657561124894873,1789657561155999356,1789657561124894873.jpg
1789657561158220546,1789657561190824205,1789657561158220546.jpg
1789657561191546610,1789657561226580161,1789657561191546610.jpg
1789657561224871272,1789657561258673376,1789657561224871272.jpg
1789657561258200202,1789657561292571952,1789657561258200202.jpg
1789657561291526562,1789657561325455128,1789657561291526562.jpg
1789657561324848426,1789657561357296256,1789657561324848426.jpg
1789657561358174155,1789657561391982369,1789657561358174155.jpg
1789657561391498931,1789657561424486721,1789657561391498931.jpg
1789657561424828887,1789657561458817694,1789657561424828887.jpg
1789657561458152696,1789657561490946130,1789657561458152696.jpg
1789657561491478841,1789657561525571799,1789657561491478841.jpg
1789657561524804247,1789657561557454852,1789657561524804247.jpg
1789657561558129595,1789657561590038573,1789657561558129595.jpg
1789657561591459642,1789657561627024072,1789657561591459642.jpg
1789657561624783225,1789657561657767228,1789657561624783225.jpg
1789657561658107302,1789657561693959913,1789657561658107302.jpg
1789657561691432213,1789657561725045042,1789657561691432213.jpg
1789657561724758239,1789657561759525215,1789657561724758239.jpg
1789657561758088973,1789657561792796733,1789657561758088973.jpg
1789657561791410713,1789657561828769980,1789657561791410713.jpg
1789657561824737906,1789657561857260396,1789657561824737906.jpg
1789657561858067305,1789657561892720119,1789657561858067305.jpg
1789657561891388747,1789657561924448638,1789657561891388747.jpg
1789657561924720304,1789657561959018420,1789657561924720304.jpg
1789657561958039779,1789657561990363820,1789657561958039779.jpg
1789657561991366545,1789657562025453033,1789657561991366545.jpg
1789657562024692581,1789657562057056834,1789657562024692581.jpg
1789657562058018001,1789657562091689336,1789657562058018001.jpg
1789657562091344782,1789657562125944848,1789657562091344782.jpg
1789657562124673849,1789657562158361425,1789657562124673849.jpg
1789657562157994992,1789657562190660430,1789657562157994992.jpg
1789657562191320812,1789657562227360658,1789657562191320812.jpg
1789657562224648517,1789657562256681368,1789657562224648517.jpg
1789657562257975369,1789657562291106209,1789657562257975369.jpg
1789657562291299176,1789657562324214250,1789657562291299176.jpg
1789657562324624547,1789657562356618234,1789657562324624547.jpg
1789657562357949613,1789657562390809062,1789657562357949613.jpg
1789657562391276675,1789657562424619641,1789657562391276675.jpg
1789657562424602058,1789657562459549062,1789657562424602058.jpg
1789657562457926755,1789657562490941460,1789657562457926755.jpg
1789657562491253808,1789657562525802994,1789657562491253808.jpg
1789657562524580242,1789657562556786643,1789657562524580242.jpg
1789657562557904691,1789657562588411776,1789657562557904691.jpg
1789657562591235405,1789657562624639369,1789657562591235405.jpg
1789657562624555406,1789657562659204243,1789657562624555406.jpg
1789657562657905015,1789657562692077864,1789657562657905015.jpg
1789657562691209615,1789657562723626628,1789657562691209615.jpg
1789657562724534101,1789657562758078858,1789657562724534101.jpg
1789657562757858972,1789657562792030970,1789657562757858972.jpg
1789657562791188230,1789657562822759237,1789657562791188230.jpg
1789657562824513382,1789657562857620770,1789657562824513382.jpg
1789657562857840515,1789657562892855332,1789657562857840515.jpg
1789657562891162648,1789657562923261607,1789657562891162648.jpg
1789657562924488680,1789657562958327783,1789657562924488680.jpg
1789657562957815129,1789657562991466434,1789657562957815129.jpg
1789657562991140292,1789657563022959552,1789657562991140292.jpg
1789657563024469694,1789657563058854042,1789657563024469694.jpg
1789657563057792720,1789657563090677411,1789657563057792720.jpg
1789657563091118000,1789657563124956607,1789657563091118000.jpg
1789657563124443766,1789657563156940879,1789657563124443766.jpg
1789657563157769260,1789657563192058795,1789657563157769260.jpg
1789657563191100055,1789657563224526574,1789657563191100055.jpg
1789657563224422602,1789657563259229963,1789657563224422602.jpg
1789657563257746248,1789657563289621072,1789657563257746248.jpg
1789657563291072787,1789657563324858948,1789657563291072787.jpg
1789657563324401531,1789657563358784245,1789657563324401531.jpg
1789657563357724704,1789657563390735963,1789657563357724704.jpg
1789657563391052359,1789657563423389367,1789657563391052359.jpg
1789657563424379251,1789657563455226161,1789657563424379251.jpg
1789657563457701798,1789657563490768270,1789657563457701798.jpg
1789657563491027041,1789657563524096435,1789657563491027041.jpg
1789657563524355336,1789657563559907963,1789657563524355336.jpg
1789657563557679296,1789657563591143458,1789657563557679296.jpg
1789657563591007324,1789657563624307941,1789657563591007324.jpg
1789657563624331693,1789657563660332649,1789657563624331693.jpg
1789657563657658249,1789657563691603606,1789657563657658249.jpg
1789657563690983262,1789657563723665043,1789657563690983262.jpg
1789657563724308273,1789657563760247552,1789657563724308273.jpg
1789657563757635254,1789657563790052583,1789657563757635254.jpg
1789657563790960539,1789657563822857594,1789657563790960539.jpg
1789657563824287954,1789657563858649733,1789657563824287954.jpg
1789657563857612047,1789657563892284890,1789657563857612047.jpg
1789657563890941953,1789657563925439022,1789657563890941953.jpg
1789657563924264378,1789657563957263261,1789657563924264378.jpg
1789657563957590845,1789657563991915430,1789657563957590845.jpg
1789657563990917015,1789657564024933917,1789657563990917015.jpg
1789657564024241162,1789657564059889318,1789657564024241162.jpg
1789657564057570325,1789657564091136238,1789657564057570325.jpg
1789657564090893068,1789657564123338857,1789657564090893068.jpg
1789657564124218523,1789657564156855665,1789657564124218523.jpg
1789657564157545643,1789657564190929607,1789657564157545643.jpg
1789657564190872205,1789657564224057424,1789657564190872205.jpg
1789657564224198130,1789657564253985766,1789657564224198130.jpg
1789657564257526819,1789657564288683952,1789657564257526819.jpg
1789657564290849064,1789657564323665427,1789657564290849064.jpg
1789657564324176612,1789657564357458191,1789657564324176612.jpg
1789657564357499192,1789657564390237313,1789657564357499192.jpg
1789657564390829270,1789657564425290175,1789657564390829270.jpg
1789657564424155861,1789657564457352482,1789657564424155861.jpg
1789657564457477086,1789657564491705917,1789657564457477086.jpg
1789657564490807857,1789657564525518532,1789657564490807857.jpg
1789657564524129783,1789657564555615426,1789657564524129783.jpg
1789657564557455258,1789657564592247896,1789657564557455258.jpg
1789657564590782445,1789657564623043420,1789657564590782445.jpg
1789657564624105971,1789657564657251692,1789657564624105971.jpg
1789657564657433245,1789657564690811962,1789657564657433245.jpg
1789657564690757920,1789657564723916891,1789657564690757920.jpg
1789657564724085157,1789657564759961469,1789657564724085157.jpg
1789657564757409604,1789657564792234641,1789657564757409604.jpg
1789657564790737066,1789657564825229333,1789657564790737066.jpg
1789657564824063104,1789657564858688864,1789657564824063104.jpg
1789657564857386918,1789657564890395106,1789657564857386918.jpg
1789657564890713844,1789657564923393038,1789657564890713844.jpg
1789657564924040241,1789657564958665228,1789657564924040241.jpg
1789657564957364488,1789657564991155191,1789657564957364488.jpg
1789657564990691307,1789657565025201467,1789657564990691307.jpg
1789657565024015683,1789657565056437702,1789657565024015683.jpg
1789657565057360774,1789657565091258588,1789657565057360774.jpg
1789657565090667319,1789657565122903387,1789657565090667319.jpg
1789657565123993575,1789657565157836437,1789657565123993575.jpg
1789657565157320164,1789657565191768141,1789657565157320164.jpg
1789657565190648925,1789657565222536555,1789657565190648925.jpg
1789657565223972642,1789657565258841644,1789657565223972642.jpg
1789657565257297390,1789657565291047614,1789657565257297390.jpg
1789657565290623034,1789657565323536652,1789657565290623034.jpg
1789657565323949465,1789657565357837439,1789657565323949465.jpg
1789657565357275054,1789657565390193202,1789657565357275054.jpg
1789657565390602146,1789657565424777668,1789657565390602146.jpg
1789657565423936306,1789657565458563636,1789657565423936306.jpg
1789657565457252558,1789657565490817938,1789657565457252558.jpg
1789657565490579035,1789657565525419126,1789657565490579035.jpg
1789657565523904566,1789657565557869275,1789657565523904566.jpg
1789657565557230166,1789657565590530567,1789657565557230166.jpg
1789657565590555503,1789657565623131342,1789657565590555503.jpg
1789657565623881334,1789657565657122397,1789657565623881334.jpg
1789657565657207578,1789657565690457098,1789657565657207578.jpg
1789657565690532361,1789657565723342366,1789657565690532361.jpg
1789657565723859698,1789657565756980078,1789657565723859698.jpg
1789657565757185301,1789657565790154116,1789657565757185301.jpg
1789657565790510811,1789657565824663603,1789657565790510811.jpg
1789657565823837356,1789657565856263921,1789657565823837356.jpg
1789657565857163028,1789657565894368354,1789657565857163028.jpg
1789657565890488989,1789657565924680317,1789657565890488989.jpg
1789657565923814380,1789657565957016320,1789657565923814380.jpg
1789657565957138717,1789657565992956160,1789657565957138717.jpg
1789657565990468587,1789657566024669013,1789657565990468587.jpg
1789657566023790196,1789657566056040318,1789657566023790196.jpg
1789657566057116418,1789657566091135549,1789657566057116418.jpg
1789657566090441931,1789657566125671868,1789657566090441931.jpg
1789657566123767800,1789657566158130591,1789657566123767800.jpg
1789657566157098729,1789657566191408497,1789657566157098729.jpg
1789657566190421691,1789657566224642200,1789657566190421691.jpg
1789657566223749122,1789657566257925921,1789657566223749122.jpg
1789657566257071650,1789657566289376558,1789657566257071650.jpg
1789657566290400440,1789657566322134514,1789657566290400440.jpg
1789657566323725256,1789657566356677925,1789657566323725256.jpg
1789657566357047740,1789657566391056026,1789657566357047740.jpg
1789657566390375400,1789657566423581580,1789657566390375400.jpg
1789657566423702309,1789657566455548556,1789657566423702309.jpg
1789657566457027942,1789657566489489612,1789657566457027942.jpg
1789657566490356139,1789657566524466142,1789657566490356139.jpg
1789657566523679499,1789657566557649551,1789657566523679499.jpg
1789657566557005064,1789657566588694087,1789657566557005064.jpg
1789657566590332542,1789657566624574650,1789657566590332542.jpg
1789657566623659100,1789657566657292014,1789657566623659100.jpg
1789657566656983577,1789657566690264039,1789657566656983577.jpg
1789657566690307189,1789657566723542278,1789657566690307189.jpg
1789657566723642107,1789657566755347314,1789657566723642107.jpg
1789657566756959347,1789657566789802246,1789657566756959347.jpg
1789657566790290164,1789657566826304608,1789657566790290164.jpg
1789657566823612295,1789657566856306781,1789657566823612295.jpg
1789657566856936792,1789657566891404216,1789657566856936792.jpg
1789657566890262911,1789657566922753485,1789657566890262911.jpg
1789657566923589340,1789657566960297673,1789657566923589340.jpg
1789657566956916987,1789657566992640825,1789657566956916987.jpg
1789657566990241685,1789657567025295709,1789657566990241685.jpg
1789657567023568537,1789657567056234933,1789657567023568537.jpg
1789657567056893920,1789657567089169125,1789657567056893920.jpg
1789657567090217375,1789657567124172765,1789657567090217375.jpg
1789657567123545016,1789657567157829069,1789657567123545016.jpg
1789657567156869607,1789657567189136173,1789657567156869607.jpg
1789657567190198088,1789657567223529884,1789657567190198088.jpg
1789657567223521296,1789657567257490865,1789657567223521296.jpg
1789657567256847116,1789657567290244303,1789657567256847116.jpg
1789657567290175520,1789657567324748011,1789657567290175520.jpg
1789657567323499099,1789657567357128587,1789657567323499099.jpg
1789657567356825113,1789657567390695208,1789657567356825113.jpg
1789657567390155411,1789657567421931091,1789657567390155411.jpg
1789657567423477459,1789657567456257267,1789657567423477459.jpg
1789657567456802512,1789657567490298117,1789657567456802512.jpg
1789657567490128308,1789657567523657465,1789657567490128308.jpg
1789657567523454085,1789657567558258301,1789657567523454085.jpg
1789657567556782916,1789657567590168000,1789657567556782916.jpg
1789657567590105275,1789657567623820507,1789657567590105275.jpg
1789657567623431525,1789657567657253539,1789657567623431525.jpg
1789657567656756772,1789657567690372930,1789657567656756772.jpg
1789657567690119042,1789657567724575961,1789657567690119042.jpg
1789657567723410470,1789657567755567443,1789657567723410470.jpg
1789657567756736023,1789657567789437130,1789657567756736023.jpg
1789657567790064863,1789657567825543058,1789657567790064863.jpg
1789657567823385996,1789657567855726282,1789657567823385996.jpg
1789657567856715529,1789657567890975453,1789657567856715529.jpg
1789657567890044032,1789657567925225557,1789657567890044032.jpg
1789657567923366185,1789657567958649292,1789657567923366185.jpg
1789657567956693375,1789657567990397181,1789657567956693375.jpg
1789657567990015255,1789657568022176346,1789657567990015255.jpg
1789657568023344776,1789657568057264429,1789657568023344776.jpg
1789657568056669085,1789657568087881846,1789657568056669085.jpg
1789657568089993995,1789657568122458404,1789657568089993995.jpg
1789657568123319232,1789657568156162706,1789657568123319232.jpg
1789657568156644216,1789657568187348442,1789657568156644216.jpg
1789657568189972301,1789657568222548151,1789657568189972301.jpg
1789657568223296655,1789657568255937110,1789657568223296655.jpg
1789657568256622679,1789657568289706207,1789657568256622679.jpg
1789657568289961140,1789657568322540827,1789657568289961140.jpg
1789657568323271835,1789657568367215706,1789657568323271835.jpg
1789657568356604770,1789657568390839688,1789657568356604770.jpg
1789657568389925345,1789657568419661464,1789657568389925345.jpg
1789657568423253224,1789657568455151185,1789657568423253224.jpg
1789657568456579061,1789657568491099597,1789657568456579061.jpg
1789657568489904932,1789657568521282488,1789657568489904932.jpg
1789657568523232399,1789657568555593053,1789657568523232399.jpg
1789657568556555327,1789657568590039226,1789657568556555327.jpg
1789657568589881527,1789657568624407400,1789657568589881527.jpg
1789657568623207226,1789657568657139060,1789657568623207226.jpg
1789657568656532514,1789657568688849024,1789657568656532514.jpg
1789657568689859348,1789657568724269950,1789657568689859348.jpg
1789657568723184150,1789657568755022067,1789657568723184150.jpg
1789657568756510366,1789657568789327058,1789657568756510366.jpg
1789657568789836045,1789657568823584643,1789657568789836045.jpg
1789657568823160558,1789657568856040884,1789657568823160558.jpg
1789657568856487944,1789657568890294228,1789657568856487944.jpg
1789657568889813758,1789657568922536012,1789657568889813758.jpg
1789657568923138485,1789657568955157026,1789657568923138485.jpg
1789657568956470688,1789657568987183260,1789657568956470688.jpg
1789657568989788877,1789657569021880778,1789657568989788877.jpg
1789657569023116604,1789657569057269797,1789657569023116604.jpg
1789657569056443567,1789657569089304178,1789657569056443567.jpg
1789657569089769343,1789657569124024640,1789657569089769343.jpg
1789657569123098658,1789657569156139075,1789657569123098658.jpg
1789657569156421657,1789657569191142252,1789657569156421657.jpg
1789657569189747326,1789657569224339011,1789657569189747326.jpg
1789657569223071619,1789657569256332264,1789657569223071619.jpg
1789657569256397422,1789657569289129126,1789657569256397422.jpg
1789657569289725612,1789657569327181893,1789657569289725612.jpg
1789657569323048286,1789657569357161844,1789657569323048286.jpg
1789657569356381929,1789657569389199114,1789657569356381929.jpg
1789657569389698704,1789657569422356726,1789657569389698704.jpg
1789657569423030663,1789657569458547521,1789657569423030663.jpg
1789657569456354996,1789657569490463461,1789657569456354996.jpg
1789657569489678212,1789657569523021088,1789657569489678212.jpg
1789657569523003682,1789657569556209977,1789657569523003682.jpg
1789657569556329900,1789657569588626905,1789657569556329900.jpg
1789657569589656303,1789657569621903995,1789657569589656303.jpg
1789657569622982475,1789657569655721721,1789657569622982475.jpg
1789657569656306583,1789657569690189337,1789657569656306583.jpg
1789657569689634283,1789657569723263747,1789657569689634283.jpg
1789657569722958965,1789657569756708797,1789657569722958965.jpg
1789657569756283982,1789657569791061749,1789657569756283982.jpg
1789657569789611841,1789657569823947850,1789657569789611841.jpg
1789657569822936021,1789657569859369591,1789657569822936021.jpg
1789657569856262849,1789657569890650509,1789657569856262849.jpg
1789657569889587624,1789657569923817084,1789657569889587624.jpg
1789657569922916743,1789657569958547249,1789657569922916743.jpg
1789657569956239468,1789657569989581507,1789657569956239468.jpg
1789657569989564769,1789657570023181664,1789657569989564769.jpg
1789657570022897569,1789657570054274624,1789657570022897569.jpg
1789657570056216525,1789657570090237703,1789657570056216525.jpg
1789657570089543499,1789657570123348483,1789657570089543499.jpg
1789657570122869059,1789657570158302364,1789657570122869059.jpg
1789657570156195760,1789657570189782111,1789657570156195760.jpg
1789657570189524020,1789657570223930161,1789657570189524020.jpg
1789657570222847368,1789657570259797224,1789657570222847368.jpg
1789657570256176304,1789657570290238867,1789657570256176304.jpg
1789657570289498130,1789657570323328777,1789657570289498130.jpg
1789657570322823682,1789657570358305788,1789657570322823682.jpg
1789657570356150007,1789657570389897050,1789657570356150007.jpg
1789657570389475334,1789657570422285534,1789657570389475334.jpg
1789657570422804953,1789657570456971292,1789657570422804953.jpg
1789657570456126665,1789657570489863170,1789657570456126665.jpg
1789657570489453704,1789657570524997103,1789657570489453704.jpg
1789657570522779821,1789657570555056663,1789657570522779821.jpg
1789657570556106158,1789657570589483225,1789657570556106158.jpg
1789657570589432304,1789657570623982081,1789657570589432304.jpg
1789657570622755257,1789657570657272542,1789657570622755257.jpg
1789657570656084944,1789657570690589483,1789657570656084944.jpg
1789657570689410672,1789657570719795176,1789657570689410672.jpg
1789657570722734957,1789657570755385653,1789657570722734957.jpg
1789657570756062186,1789657570791252252,1789657570756062186.jpg
1789657570789387060,1789657570822911365,1789657570789387060.jpg
1789657570822713869,1789657570855567897,1789657570822713869.jpg
1789657570856037596,1789657570890356172,1789657570856037596.jpg
1789657570889364662,1789657570923587893,1789657570889364662.jpg
1789657570922692563,1789657570956723191,1789657570922692563.jpg
1789657570956016608,1789657570988418784,1789657570956016608.jpg
1789657570989350841,1789657571022743996,1789657570989350841.jpg
1789657571022667274,1789657571056068937,1789657571022667274.jpg
1789657571055991360,1789657571090039084,1789657571055991360.jpg
1789657571089318604,1789657571124271780,1789657571089318604.jpg
1789657571122643395,1789657571155146690,1789657571122643395.jpg
1789657571155972502,1789657571190004519,1789657571155972502.jpg
1789657571189298850,1789657571221938865,1789657571189298850.jpg
1789657571222622083,1789657571256397259,1789657571222622083.jpg
1789657571255947265,1789657571288809464,1789657571255947265.jpg
1789657571289273814,1789657571321644084,1789657571289273814.jpg
1789657571322597254,1789657571359271065,1789657571322597254.jpg
1789657571355935990,1789657571389559193,1789657571355935990.jpg
1789657571389251840,1789657571422640307,1789657571389251840.jpg
1789657571422577424,1789657571455489852,1789657571422577424.jpg
1789657571455901757,1789657571489679587,1789657571455901757.jpg
1789657571489230428,1789657571524360253,1789657571489230428.jpg
1789657571522553874,1789657571555645004,1789657571522553874.jpg
1789657571555880267,1789657571588006210,1789657571555880267.jpg
1789657571589206658,1789657571621738178,1789657571589206658.jpg
1789657571622532619,1789657571654829125,1789657571622532619.jpg
1789657571655858271,1789657571691483279,1789657571655858271.jpg
1789657571689184213,1789657571721896756,1789657571689184213.jpg
1789657571722509624,1789657571754475771,1789657571722509624.jpg
1789657571755836502,1789657571789533946,1789657571755836502.jpg
1789657571789161368,1789657571823041253,1789657571789161368.jpg
1789657571822486127,1789657571857274579,1789657571822486127.jpg
1789657571855813703,1789657571889350218,1789657571855813703.jpg
1789657571889140734,1789657571921234954,1789657571889140734.jpg
1789657571922474263,1789657571958154583,1789657571922474263.jpg
1789657571955790086,1789657571989474611,1789657571955790086.jpg
1789657571989115302,1789657572022634612,1789657571989115302.jpg
1789657572022442164,1789657572055749169,1789657572022442164.jpg
1789657572055771767,1789657572089192681,1789657572055771767.jpg
1789657572089094737,1789657572125403234,1789657572089094737.jpg
1789657572122419378,1789657572155625938,1789657572122419378.jpg
1789657572155744707,1789657572190274846,1789657572155744707.jpg
1789657572189070405,1789657572223108929,1789657572189070405.jpg
1789657572222401811,1789657572253673198,1789657572222401811.jpg
1789657572255723313,1789657572289120937,1789657572255723313.jpg
1789657572289049374,1789657572321778432,1789657572289049374.jpg
1789657572322375422,1789657572357030695,1789657572322375422.jpg
1789657572355699836,1789657572392349215,1789657572355699836.jpg
1789657572389028068,1789657572423472804,1789657572389028068.jpg
1789657572422352026,1789657572458349521,1789657572422352026.jpg
1789657572455679108,1789657572490976442,1789657572455679108.jpg
1789657572489005203,1789657572523543846,1789657572489005203.jpg
1789657572522329539,1789657572557293332,1789657572522329539.jpg
1789657572555665998,1789657572586664298,1789657572555665998.jpg
1789657572588983039,1789657572619818706,1789657572588983039.jpg
1789657572622306520,1789657572655210836,1789657572622306520.jpg
1789657572655635054,1789657572688422205,1789657572655635054.jpg
1789657572688958707,1789657572722870766,1789657572688958707.jpg
1789657572722287434,1789657572755381431,1789657572722287434.jpg
1789657572755610057,1789657572789050845,1789657572755610057.jpg
1789657572788936414,1789657572823984819,1789657572788936414.jpg
1789657572822262428,1789657572856703646,1789657572822262428.jpg
1789657572855586606,1789657572889132517,1789657572855586606.jpg
1789657572888915122,1789657572921714309,1789657572888915122.jpg
1789657572922241974,1789657572957835625,1789657572922241974.jpg
1789657572955565633,1789657572989212596,1789657572955565633.jpg
1789657572988891955,1789657573024189254,1789657572988891955.jpg
1789657573022215781,1789657573054301350,1789657573022215781.jpg
1789657573055541506,1789657573088941813,1789657573055541506.jpg
1789657573088868066,1789657573124321869,1789657573088868066.jpg
1789657573122195037,1789657573154266376,1789657573122195037.jpg
1789657573155520120,1789657573189321254,1789657573155520120.jpg
1789657573188845545,1789657573223185570,1789657573188845545.jpg
1789657573222172415,1789657573256868910,1789657573222172415.jpg
1789657573255496378,1789657573289063379,1789657573255496378.jpg
1789657573288823262,1789657573322017717,1789657573288823262.jpg
1789657573322149220,1789657573353753624,1789657573322149220.jpg
1789657573355473856,1789657573389782645,1789657573355473856.jpg
1789657573388802196,1789657573422948664,1789657573388802196.jpg
1789657573422130537,1789657573455462773,1789657573422130537.jpg
1789657573455451954,1789657573491243207,1789657573455451954.jpg
1789657573488778704,1789657573523762909,1789657573488778704.jpg
1789657573522106567,1789657573556424848,1789657573522106567.jpg
1789657573555433266,1789657573588974123,1789657573555433266.jpg
1789657573588754788,1789657573622805477,1789657573588754788.jpg
1789657573622080876,1789657573657594547,1789657573622080876.jpg
1789657573655408425,1789657573687772549,1789657573655408425.jpg
1789657573688771368,1789657573722183573,1789657573688771368.jpg
1789657573722138176,1789657573757133380,1789657573722138176.jpg
1789657573755497141,1789657573788335448,1789657573755497141.jpg
1789657573788862659,1789657573823072150,1789657573788862659.jpg
1789657573822229416,1789657573855689516,1789657573822229416.jpg
1789657573855589081,1789657573891198605,1789657573855589081.jpg
1789657573888954898,1789657573924172833,1789657573888954898.jpg
1789657573922316466,1789657573954705362,1789657573922316466.jpg
1789657573955682403,1789657573991136539,1789657573955682403.jpg
1789657573989045353,1789657574021504610,1789657573989045353.jpg
1789657574022407271,1789657574055650585,1789657574022407271.jpg
1789657574055847882,1789657574090207032,1789657574055847882.jpg
1789657574089134001,1789657574122232264,1789657574089134001.jpg
1789657574122497975,1789657574156699121,1789657574122497975.jpg
1789657574155864644,1789657574189717328,1789657574155864644.jpg
1789657574189225624,1789657574222725628,1789657574189225624.jpg
1789657574222589155,1789657574256054476,1789657574222589155.jpg
1789657574255951782,1789657574289516080,1789657574255951782.jpg
1789657574289318292,1789657574331196792,1789657574289318292.jpg
1789657574322679175,1789657574354154845,1789657574322679175.jpg
1789657574356046143,1789657574389064542,1789657574356046143.jpg
1789657574389407145,1789657574423752337,1789657574389407145.jpg
1789657574422772086,1789657574454784594,1789657574422772086.jpg
1789657574456134211,1789657574489259450,1789657574456134211.jpg
1789657574489505374,1789657574523681178,1789657574489505374.jpg
1789657574522862419,1789657574557203355,1789657574522862419.jpg
1789657574556224958,1789657574590288190,1789657574556224958.jpg
1789657574589589661,1789657574624453832,1789657574589589661.jpg
1789657574622956973,1789657574656668874,1789657574622956973.jpg
1789657574656316630,1789657574691146860,1789657574656316630.jpg
1789657574689680090,1789657574727071290,1789657574689680090.jpg
1789657574723045189,1789657574756163837,1789657574723045189.jpg
1789657574756407542,1789657574789109973,1789657574756407542.jpg
1789657574789775544,1789657574825823050,1789657574789775544.jpg
1789657574823133928,1789657574857143356,1789657574823133928.jpg
1789657574856499422,1789657574889114553,1789657574856499422.jpg
1789657574889862436,1789657574923141661,1789657574889862436.jpg
1789657574923224706,1789657574957052920,1789657574923224706.jpg
1789657574956591118,1789657574993406432,1789657574956591118.jpg
1789657574989952186,1789657575024470800,1789657574989952186.jpg
1789657575023317738,1789657575055328839,1789657575023317738.jpg
1789657575056679143,1789657575090749949,1789657575056679143.jpg
1789657575090044509,1789657575124205775,1789657575090044509.jpg
1789657575123409960,1789657575157654305,1789657575123409960.jpg
1789657575156770734,1789657575189322509,1789657575156770734.jpg
1789657575190133486,1789657575222696893,1789657575190133486.jpg
1789657575223498804,1789657575258321516,1789657575223498804.jpg
1789657575256862318,1789657575290137087,1789657575256862318.jpg
1789657575290225394,1789657575325535883,1789657575290225394.jpg
1789657575323554245,1789657575357424415,1789657575323554245.jpg
1789657575356877474,1789657575391686591,1789657575356877474.jpg
1789657575390205432,1789657575426325943,1789657575390205432.jpg
1789657575423527723,1789657575456649736,1789657575423527723.jpg
1789657575456854009,1789657575489636648,1789657575456854009.jpg
1789657575490180824,1789657575524439366,1789657575490180824.jpg
1789657575523505742,1789657575557860934,1789657575523505742.jpg
1789657575556840957,1789657575589360124,1789657575556840957.jpg
1789657575590158464,1789657575623629688,1789657575590158464.jpg
1789657575623487841,1789657575656553157,1789657575623487841.jpg
1789657575656809254,1789657575691030532,1789657575656809254.jpg
1789657575690136368,1789657575725454111,1789657575690136368.jpg
1789657575723463786,1789657575756677456,1789657575723463786.jpg
1789657575756788253,1789657575788885499,1789657575756788253.jpg
1789657575790113622,1789657575824444698,1789657575790113622.jpg
1789657575823439415,1789657575855669728,1789657575823439415.jpg
1789657575856764831,1789657575888858079,1789657575856764831.jpg
1789657575890092220,1789657575922904853,1789657575890092220.jpg
1789657575923413661,1789657575957238046,1789657575923413661.jpg
1789657575956743773,1789657575990431027,1789657575956743773.jpg
1789657575990068545,1789657576023233110,1789657575990068545.jpg
1789657576023399409,1789657576057003465,1789657576023399409.jpg
1789657576056724239,1789657576091436784,1789657576056724239.jpg
1789657576090045930,1789657576125469540,1789657576090045930.jpg
1789657576123374544,1789657576157651842,1789657576123374544.jpg
1789657576156697461,1789657576189880569,1789657576156697461.jpg
1789657576190027358,1789657576224137116,1789657576190027358.jpg
1789657576223351674,1789657576259670741,1789657576223351674.jpg
1789657576256675591,1789657576291547292,1789657576256675591.jpg
1789657576290003908,1789657576321393135,1789657576290003908.jpg
1789657576323325713,1789657576356382977,1789657576323325713.jpg
1789657576356653957,1789657576391230231,1789657576356653957.jpg
1789657576389976639,1789657576425087621,1789657576389976639.jpg
1789657576423303197,1789657576456232894,1789657576423303197.jpg
1789657576456630608,1789657576490703268,1789657576456630608.jpg
1789657576489955635,1789657576522935032,1789657576489955635.jpg
1789657576523281428,1789657576557498200,1789657576523281428.jpg
1789657576556607664,1789657576589284476,1789657576556607664.jpg
1789657576589932942,1789657576622936889,1789657576589932942.jpg
1789657576623259702,1789657576658036618,1789657576623259702.jpg
1789657576656584555,1789657576689590325,1789657576656584555.jpg
1789657576689931403,1789657576731772246,1789657576689931403.jpg
1789657576723265566,1789657576764476924,1789657576723265566.jpg
1789657576756561948,1789657576788063072,1789657576756561948.jpg
1789657576789893110,1789657576823067118,1789657576789893110.jpg
1789657576823214721,1789657576858960809,1789657576823214721.jpg
1789657576856539887,1789657576890117526,1789657576856539887.jpg
1789657576889868091,1789657576923121511,1789657576889868091.jpg
1789657576923191314,1789657576957460592,1789657576923191314.jpg
1789657576956521858,1789657576990636592,1789657576956521858.jpg
1789657576989844681,1789657577022005563,1789657576989844681.jpg
1789657577023168519,1789657577057947530,1789657577023168519.jpg
1789657577056494805,1789657577091079067,1789657577056494805.jpg
1789657577089820278,1789657577123998462,1789657577089820278.jpg
1789657577123152770,1789657577156695288,1789657577123152770.jpg
1789657577156471254,1789657577188918311,1789657577156471254.jpg
1789657577189801058,1789657577225529224,1789657577189801058.jpg
1789657577223130254,1789657577255788945,1789657577223130254.jpg
1789657577256449739,1789657577289626632,1789657577256449739.jpg
1789657577289779341,1789657577322504564,1789657577289779341.jpg
1789657577323100945,1789657577354051901,1789657577323100945.jpg
1789657577356426440,1789657577391001620,1789657577356426440.jpg
1789657577389752858,1789657577421514687,1789657577389752858.jpg
1789657577423078904,1789657577456720079,1789657577423078904.jpg
1789657577456405265,1789657577489247077,1789657577456405265.jpg
1789657577489730962,1789657577524227901,1789657577489730962.jpg
1789657577523056806,1789657577557408974,1789657577523056806.jpg
1789657577556381492,1789657577589105566,1789657577556381492.jpg
1789657577589711491,1789657577624705042,1789657577589711491.jpg
1789657577623036004,1789657577656619203,1789657577623036004.jpg
1789657577656358749,1789657577689839405,1789657577656358749.jpg
1789657577689685012,1789657577724784915,1789657577689685012.jpg
1789657577723010767,1789657577755177003,1789657577723010767.jpg
1789657577756342274,1789657577790996325,1789657577756342274.jpg
1789657577789664924,1789657577823293346,1789657577789664924.jpg
1789657577822988198,1789657577855688772,1789657577822988198.jpg
1789657577856313875,1789657577891106975,1789657577856313875.jpg
1789657577889639972,1789657577923817356,1789657577889639972.jpg
1789657577922967404,1789657577956592940,1789657577922967404.jpg
1789657577956293614,1789657577988543766,1789657577956293614.jpg
1789657577989617253,1789657578024613674,1789657577989617253.jpg
1789657578022942655,1789657578058254310,1789657578022942655.jpg
1789657578056269457,1789657578088866262,1789657578056269457.jpg
1789657578089597121,1789657578124161079,1789657578089597121.jpg
1789657578122926175,1789657578157826380,1789657578122926175.jpg
1789657578156248865,1789657578191334427,1789657578156248865.jpg
1789657578189572798,1789657578223990458,1789657578189572798.jpg
1789657578222898703,1789657578256234221,1789657578222898703.jpg
1789657578256226433,1789657578292265056,1789657578256226433.jpg
1789657578289551455,1789657578323363459,1789657578289551455.jpg
1789657578322877843,1789657578357254052,1789657578322877843.jpg
1789657578356201521,1789657578389390558,1789657578356201521.jpg
1789657578389529285,1789657578421844483,1789657578389529285.jpg
1789657578422855951,1789657578456575795,1789657578422855951.jpg
1789657578456189306,1789657578488360403,1789657578456189306.jpg
1789657578489505405,1789657578523874788,1789657578489505405.jpg
1789657578522834639,1789657578558105779,1789657578522834639.jpg
1789657578556157848,1789657578588644345,1789657578556157848.jpg
1789657578589484231,1789657578624261079,1789657578589484231.jpg
1789657578622807864,1789657578654970437,1789657578622807864.jpg
1789657578656134466,1789657578690706983,1789657578656134466.jpg
1789657578689462318,1789657578724306693,1789657578689462318.jpg
1789657578722786556,1789657578754646412,1789657578722786556.jpg
1789657578756111961,1789657578791273713,1789657578756111961.jpg
1789657578789438677,1789657578822171603,1789657578789438677.jpg
1789657578822763802,1789657578856519665,1789657578822763802.jpg
1789657578856090129,1789657578892335858,1789657578856090129.jpg
1789657578889414361,1789657578922243254,1789657578889414361.jpg
1789657578922742131,1789657578957050138,1789657578922742131.jpg
1789657578956068121,1789657578991880021,1789657578956068121.jpg
1789657578989405526,1789657579022032430,1789657578989405526.jpg
1789657579022720368,1789657579056138109,1789657579022720368.jpg
1789657579056042747,1789657579090362564,1789657579056042747.jpg
1789657579089373361,1789657579123484045,1789657579089373361.jpg
1789657579122695512,1789657579155942692,1789657579122695512.jpg
1789657579156024022,1789657579188839254,1789657579156024022.jpg
1789657579189349121,1789657579223001654,1789657579189349121.jpg
1789657579222672806,1789657579256682640,1789657579222672806.jpg
1789657579256001184,1789657579290399996,1789657579256001184.jpg
1789657579289325172,1789657579323520867,1789657579289325172.jpg
1789657579322658372,1789657579356027753,1789657579322658372.jpg
1789657579355977714,1789657579388972777,1789657579355977714.jpg
1789657579389302029,1789657579423040309,1789657579389302029.jpg
1789657579422630601,1789657579455104466,1789657579422630601.jpg
1789657579455954368,1789657579488477663,1789657579455954368.jpg
1789657579489291037,1789657579521866694,1789657579489291037.jpg
1789657579522610143,1789657579555639437,1789657579522610143.jpg
1789657579555933875,1789657579590547152,1789657579555933875.jpg
1789657579589259153,1789657579625817895,1789657579589259153.jpg
1789657579622582887,1789657579657230272,1789657579622582887.jpg
1789657579655909258,1789657579689304039,1789657579655909258.jpg
1789657579689235198,1789657579723111208,1789657579689235198.jpg
1789657579722561007,1789657579754434346,1789657579722561007.jpg
1789657579755887753,1789657579789692478,1789657579755887753.jpg
1789657579789211706,1789657579823808324,1789657579789211706.jpg
1789657579822538601,1789657579856077827,1789657579822538601.jpg
1789657579855864162,1789657579889157606,1789657579855864162.jpg
1789657579889191533,1789657579924024952,1789657579889191533.jpg
1789657579922517152,1789657579955483123,1789657579922517152.jpg
1789657579955842423,1789657579989167369,1789657579955842423.jpg
1789657579989168750,1789657580024891156,1789657579989168750.jpg
1789657580022493648,1789657580055623475,1789657580022493648.jpg
1789657580055820079,1789657580089320350,1789657580055820079.jpg
1789657580089149602,1789657580122060879,1789657580089149602.jpg
1789657580122471353,1789657580155608683,1789657580122471353.jpg
1789657580155797628,1789657580188292953,1789657580155797628.jpg
1789657580189123873,1789657580221731705,1789657580189123873.jpg
1789657580222450274,1789657580257848537,1789657580222450274.jpg
1789657580255775113,1789657580289813308,1789657580255775113.jpg
1789657580289100220,1789657580322096551,1789657580289100220.jpg
1789657580322425736,1789657580356688126,1789657580322425736.jpg
1789657580355751279,1789657580390481850,1789657580355751279.jpg
1789657580389079404,1789657580424295221,1789657580389079404.jpg
1789657580422405514,1789657580455721042,1789657580422405514.jpg
1789657580455729206,1789657580489145109,1789657580455729206.jpg
1789657580489100794,1789657580520474284,1789657580489100794.jpg
1789657580522379469,1789657580555104913,1789657580522379469.jpg
1789657580555707399,1789657580590307824,1789657580555707399.jpg
1789657580589034680,1789657580621156326,1789657580589034680.jpg
1789657580622358009,1789657580654823757,1789657580622358009.jpg
1789657580655685066,1789657580691065123,1789657580655685066.jpg
1789657580689010414,1789657580724367934,1789657580689010414.jpg
1789657580722335542,1789657580754852963,1789657580722335542.jpg
1789657580755664270,1789657580788409008,1789657580755664270.jpg
1789657580788999323,1789657580823457701,1789657580788999323.jpg
1789657580822318255,1789657580857689377,1789657580822318255.jpg
1789657580855639132,1789657580889811254,1789657580855639132.jpg
1789657580888965150,1789657580926240856,1789657580888965150.jpg
1789657580922304672,1789657580958889906,1789657580922304672.jpg
1789657580955617244,1789657580985832635,1789657580955617244.jpg
1789657580988963537,1789657581020908235,1789657580988963537.jpg
1789657581022269013,1789657581055753339,1789657581022269013.jpg
1789657581055594146,1789657581090080291,1789657581055594146.jpg
1789657581088921320,1789657581125052041,1789657581088921320.jpg
1789657581122247450,1789657581156710763,1789657581122247450.jpg
1789657581155574920,1789657581188236414,1789657581155574920.jpg
1789657581188897694,1789657581221691536,1789657581188897694.jpg
1789657581222226019,1789657581257969864,1789657581222226019.jpg
1789657581255550267,1789657581288970269,1789657581255550267.jpg
1789657581288878273,1789657581322782974,1789657581288878273.jpg
1789657581322205906,1789657581354222072,1789657581322205906.jpg
1789657581355532777,1789657581390676692,1789657581355532777.jpg
1789657581388854949,1789657581423819544,1789657581388854949.jpg
1789657581422178284,1789657581456724883,1789657581422178284.jpg
1789657581455508130,1789657581489913455,1789657581455508130.jpg
1789657581488831830,1789657581521861911,1789657581488831830.jpg
1789657581522155009,1789657581555774465,1789657581522155009.jpg
1789657581555482616,1789657581590252098,1789657581555482616.jpg
1789657581588819082,1789657581622775983,1789657581588819082.jpg
1789657581622134712,1789657581656175532,1789657581622134712.jpg
1789657581655459402,1789657581689699466,1789657581655459402.jpg
1789657581688786322,1789657581722496604,1789657581688786322.jpg
1789657581722111073,1789657581756937997,1789657581722111073.jpg
1789657581755436231,1789657581789273999,1789657581755436231.jpg
1789657581788766959,1789657581823208330,1789657581788766959.jpg
1789657581822088585,1789657581856204037,1789657581822088585.jpg
1789657581855413906,1789657581890622394,1789657581855413906.jpg
1789657581888742158,1789657581922572423,1789657581888742158.jpg
1789657581922066023,1789657581955771551,1789657581922066023.jpg
1789657581955391033,1789657581989246524,1789657581955391033.jpg
1789657581988718308,1789657582021731984,1789657581988718308.jpg
1789657582022042152,1789657582056333873,1789657582022042152.jpg
1789657582055368861,1789657582090150837,1789657582055368861.jpg
1789657582088694958,1789657582123217727,1789657582088694958.jpg
1789657582122021218,1789657582156901287,1789657582122021218.jpg
1789657582155347040,1789657582189824403,1789657582155347040.jpg
1789657582188671307,1789657582222144627,1789657582188671307.jpg
1789657582222003218,1789657582257233282,1789657582222003218.jpg
1789657582255322497,1789657582289940570,1789657582255322497.jpg
1789657582288653701,1789657582323775219,1789657582288653701.jpg
1789657582321979590,1789657582355656972,1789657582321979590.jpg
1789657582355301405,1789657582388932672,1789657582355301405.jpg
1789657582388629851,1789657582423453674,1789657582388629851.jpg
1789657582421953089,1789657582453960980,1789657582421953089.jpg
1789657582455280102,1789657582489824689,1789657582455280102.jpg
1789657582488605805,1789657582523299069,1789657582488605805.jpg
1789657582521929976,1789657582557100293,1789657582521929976.jpg
1789657582555256875,1789657582591633257,1789657582555256875.jpg
1789657582588582224,1789657582623020227,1789657582588582224.jpg
1789657582621908878,1789657582657880702,1789657582621908878.jpg
1789657582655234368,1789657582688526579,1789657582655234368.jpg
1789657582688560284,1789657582725502945,1789657582688560284.jpg
1789657582721884803,1789657582757330385,1789657582721884803.jpg
1789657582755211517,1789657582787347148,1789657582755211517.jpg
1789657582788536840,1789657582824267275,1789657582788536840.jpg
1789657582821862554,1789657582861164809,1789657582821862554.jpg
1789657582855188329,1789657582889242658,1789657582855188329.jpg
1789657582888517493,1789657582922441082,1789657582888517493.jpg
1789657582921838764,1789657582956201696,1789657582921838764.jpg
1789657582955167105,1789657582988750062,1789657582955167105.jpg
1789657582988492141,1789657583021671715,1789657582988492141.jpg
1789657583021818321,1789657583056413008,1789657583021818321.jpg
1789657583055145638,1789657583087793774,1789657583055145638.jpg
1789657583088469401,1789657583122915205,1789657583088469401.jpg
1789657583121794811,1789657583156489915,1789657583121794811.jpg
1789657583155121069,1789657583188696401,1789657583155121069.jpg
1789657583188447732,1789657583223770741,1789657583188447732.jpg
1789657583221774162,1789657583256575934,1789657583221774162.jpg
1789657583255097713,1789657583287312660,1789657583255097713.jpg
1789657583288425150,1789657583323216072,1789657583288425150.jpg
1789657583321748969,1789657583354897349,1789657583321748969.jpg
1789657583355077715,1789657583389428832,1789657583355077715.jpg
1789657583388403010,1789657583420196687,1789657583388403010.jpg
1789657583421728751,1789657583454607154,1789657583421728751.jpg
1789657583455053107,1789657583490316960,1789657583455053107.jpg
1789657583488379331,1789657583521967515,1789657583488379331.jpg
1789657583521705364,1789657583556613588,1789657583521705364.jpg
1789657583555030745,1789657583589645756,1789657583555030745.jpg
1789657583588357138,1789657583621092076,1789657583588357138.jpg
1789657583621681864,1789657583657319757,1789657583621681864.jpg
1789657583655009972,1789657583688963868,1789657583655009972.jpg
1789657583688335540,1789657583722015296,1789657583688335540.jpg
1789657583721664406,1789657583754995929,1789657583721664406.jpg
1789657583754986164,1789657583789590540,1789657583754986164.jpg
1789657583788313730,1789657583823198083,1789657583788313730.jpg
1789657583821637500,1789657583854004049,1789657583821637500.jpg
1789657583854964290,1789657583887872548,1789657583854964290.jpg
1789657583888290645,1789657583923118124,1789657583888290645.jpg
1789657583921614790,1789657583955595622,1789657583921614790.jpg
1789657583954940584,1789657583989055891,1789657583954940584.jpg
1789657583988266665,1789657584027317947,1789657583988266665.jpg
1789657584021595102,1789657584055226337,1789657584021595102.jpg
1789657584054918466,1789657584088760530,1789657584054918466.jpg
1789657584088244584,1789657584121428152,1789657584088244584.jpg
1789657584121570629,1789657584153927334,1789657584121570629.jpg
1789657584154894842,1789657584188939453,1789657584154894842.jpg
1789657584188225329,1789657584222462498,1789657584188225329.jpg
1789657584221548387,1789657584257015092,1789657584221548387.jpg
1789657584254875425,1789657584288788533,1789657584254875425.jpg
1789657584288200378,1789657584322391706,1789657584288200378.jpg
1789657584321525606,1789657584356546476,1789657584321525606.jpg
1789657584354852753,1789657584390506288,1789657584354852753.jpg
1789657584388178013,1789657584422026920,1789657584388178013.jpg
1789657584421503546,1789657584455331249,1789657584421503546.jpg
1789657584454845792,1789657584487019414,1789657584454845792.jpg
1789657584488154389,1789657584522767163,1789657584488154389.jpg
1789657584521484319,1789657584556478129,1789657584521484319.jpg
1789657584554815151,1789657584588981700,1789657584554815151.jpg
1789657584588132755,1789657584623137674,1789657584588132755.jpg
1789657584621457524,1789657584657128725,1789657584621457524.jpg
1789657584654784513,1789657584689513855,1789657584654784513.jpg
1789657584688111420,1789657584723127416,1789657584688111420.jpg
1789657584721436934,1789657584755940535,1789657584721436934.jpg
1789657584754764693,1789657584789524782,1789657584754764693.jpg
1789657584788086031,1789657584820479596,1789657584788086031.jpg
1789657584821413963,1789657584856141865,1789657584821413963.jpg
1789657584854746197,1789657584890396392,1789657584854746197.jpg
1789657584888065291,1789657584922012985,1789657584888065291.jpg
1789657584921404030,1789657584955697082,1789657584921404030.jpg
1789657584954716535,1789657584992048148,1789657584954716535.jpg
1789657584988041908,1789657585021740086,1789657584988041908.jpg
1789657585021370111,1789657585055659714,1789657585021370111.jpg
1789657585054694495,1789657585092060946,1789657585054694495.jpg
1789657585088020163,1789657585121848585,1789657585088020163.jpg
1789657585121347807,1789657585153061947,1789657585121347807.jpg
1789657585154674742,1789657585187945551,1789657585154674742.jpg
1789657585187996946,1789657585222388943,1789657585187996946.jpg
1789657585221321775,1789657585256545842,1789657585221321775.jpg
1789657585254650408,1789657585287875739,1789657585254650408.jpg
1789657585287976108,1789657585321196215,1789657585287976108.jpg
1789657585321300683,1789657585354764481,1789657585321300683.jpg
1789657585354625846,1789657585388987064,1789657585354625846.jpg
1789657585387952360,1789657585422482832,1789657585387952360.jpg
1789657585421286189,1789657585455078289,1789657585421286189.jpg
1789657585454606894,1789657585487498103,1789657585454606894.jpg
1789657585487930288,1789657585523611786,1789657585487930288.jpg
1789657585521255660,1789657585553465961,1789657585521255660.jpg
1789657585554582905,1789657585588097663,1789657585554582905.jpg
1789657585587908846,1789657585622073752,1789657585587908846.jpg
1789657585621233735,1789657585655212326,1789657585621233735.jpg
1789657585654558507,1789657585690172335,1789657585654558507.jpg
1789657585687887666,1789657585720152098,1789657585687887666.jpg
1789657585721211036,1789657585754431384,1789657585721211036.jpg
1789657585754535373,1789657585789845455,1789657585754535373.jpg
1789657585787861280,1789657585819921495,1789657585787861280.jpg
1789657585821187371,1789657585855267975,1789657585821187371.jpg
1789657585854512357,1789657585888560915,1789657585854512357.jpg
1789657585887844373,1789657585921468920,1789657585887844373.jpg
1789657585921166092,1789657585957109838,1789657585921166092.jpg
1789657585954490669,1789657585989314564,1789657585954490669.jpg
1789657585987818836,1789657586022864034,1789657585987818836.jpg
1789657586021143255,1789657586054620901,1789657586021143255.jpg
1789657586054468111,1789657586088675988,1789657586054468111.jpg
1789657586087799480,1789657586122749020,1789657586087799480.jpg
1789657586121119301,1789657586152168816,1789657586121119301.jpg
1789657586154450405,1789657586188665323,1789657586154450405.jpg
1789657586187772322,1789657586221295557,1789657586187772322.jpg
1789657586221097411,1789657586255000597,1789657586221097411.jpg
1789657586254427521,1789657586288225539,1789657586254427521.jpg
1789657586287750671,1789657586321541904,1789657586287750671.jpg
1789657586321072847,1789657586355768375,1789657586321072847.jpg
1789657586354400790,1789657586388849024,1789657586354400790.jpg
1789657586387727984,1789657586420663927,1789657586387727984.jpg
1789657586421053129,1789657586455622121,1789657586421053129.jpg
1789657586454379097,1789657586487256917,1789657586454379097.jpg
1789657586487708262,1789657586523293843,1789657586487708262.jpg
1789657586521040750,1789657586554042699,1789657586521040750.jpg
1789657586554353859,1789657586588223875,1789657586554353859.jpg
1789657586587683891,1789657586622803227,1789657586587683891.jpg
1789657586621007909,1789657586655125450,1789657586621007909.jpg
1789657586654335758,1789657586690288139,1789657586654335758.jpg
1789657586687661316,1789657586722746451,1789657586687661316.jpg
1789657586720985222,1789657586754573798,1789657586720985222.jpg
1789657586754312046,1789657586789324294,1789657586754312046.jpg
1789657586787637386,1789657586825105745,1789657586787637386.jpg
1789657586820964234,1789657586855215339,1789657586820964234.jpg
1789657586854290353,1789657586888169676,1789657586854290353.jpg
1789657586887614511,1789657586922203560,1789657586887614511.jpg
1789657586920940729,1789657586954088590,1789657586920940729.jpg
1789657586954264414,1789657586989551531,1789657586954264414.jpg
1789657586987595317,1789657587022595588,1789657586987595317.jpg
1789657587020917910,1789657587054518728,1789657587020917910.jpg
1789657587054245637,1789657587088448966,1789657587054245637.jpg
1789657587087572551,1789657587123349736,1789657587087572551.jpg
1789657587120897417,1789657587155554184,1789657587120897417.jpg
1789657587154222616,1789657587189122265,1789657587154222616.jpg
1789657587187547031,1789657587221502857,1789657587187547031.jpg
1789657587220872245,1789657587254084666,1789657587220872245.jpg
1789657587254198498,1789657587289168320,1789657587254198498.jpg
1789657587287523727,1789657587322326522,1789657587287523727.jpg
1789657587320849091,1789657587355101789,1789657587320849091.jpg
1789657587354174988,1789657587389182431,1789657587354174988.jpg
1789657587387502364,1789657587421404842,1789657587387502364.jpg
1789657587420829340,1789657587454105111,1789657587420829340.jpg
1789657587454154539,1789657587490151167,1789657587454154539.jpg
1789657587487481385,1789657587522610442,1789657587487481385.jpg
1789657587520805088,1789657587555365099,1789657587520805088.jpg
1789657587554133194,1789657587588235567,1789657587554133194.jpg
1789657587587456801,1789657587622015958,1789657587587456801.jpg
1789657587620784413,1789657587654481529,1789657587620784413.jpg
1789657587654108736,1789657587688954272,1789657587654108736.jpg
1789657587687433849,1789657587721215830,1789657587687433849.jpg
1789657587720761346,1789657587756316002,1789657587720761346.jpg
1789657587754087161,1789657587789794289,1789657587754087161.jpg
1789657587787411525,1789657587820670696,1789657587787411525.jpg
1789657587820738886,1789657587855407359,1789657587820738886.jpg
1789657587854063763,1789657587887886504,1789657587854063763.jpg
1789657587887392156,1789657587921332495,1789657587887392156.jpg
1789657587920717257,1789657587954165316,1789657587920717257.jpg
1789657587954040732,1789657587988765038,1789657587954040732.jpg
1789657587987365820,1789657588022934196,1789657587987365820.jpg
1789657588020691675,1789657588055123311,1789657588020691675.jpg
1789657588054020277,1789657588087874264,1789657588054020277.jpg
1789657588087343815,1789657588122692665,1789657588087343815.jpg
1789657588120670149,1789657588155798720,1789657588120670149.jpg
1789657588153999904,1789657588189781365,1789657588153999904.jpg
1789657588187322026,1789657588220397908,1789657588187322026.jpg
1789657588220648226,1789657588254965519,1789657588220648226.jpg
1789657588253976575,1789657588288776983,1789657588253976575.jpg
1789657588287298391,1789657588321884186,1789657588287298391.jpg
1789657588320627800,1789657588352731354,1789657588320627800.jpg
1789657588353950756,1789657588386727683,1789657588353950756.jpg
1789657588387276692,1789657588422213604,1789657588387276692.jpg
1789657588420605787,1789657588454055006,1789657588420605787.jpg
1789657588453927849,1789657588487015879,1789657588453927849.jpg
1789657588487253925,1789657588521451068,1789657588487253925.jpg
1789657588520579233,1789657588554265112,1789657588520579233.jpg
1789657588553910963,1789657588589755829,1789657588553910963.jpg
1789657588587233722,1789657588621789115,1789657588587233722.jpg
1789657588620557861,1789657588654876559,1789657588620557861.jpg
1789657588653886168,1789657588688895592,1789657588653886168.jpg
1789657588687211470,1789657588720751623,1789657588687211470.jpg
1789657588720535948,1789657588754729804,1789657588720535948.jpg
1789657588753859440,1789657588786401655,1789657588753859440.jpg
1789657588787186056,1789657588820315023,1789657588787186056.jpg
1789657588820513916,1789657588854939410,1789657588820513916.jpg
1789657588853838625,1789657588888323069,1789657588853838625.jpg
1789657588887165254,1789657588922455784,1789657588887165254.jpg
1789657588920489290,1789657588957239112,1789657588920489290.jpg
1789657588953816724,1789657588992705792,1789657588953816724.jpg
1789657588987142278,1789657589020827603,1789657588987142278.jpg
1789657589020466536,1789657589056304246,1789657589020466536.jpg
1789657589053793517,1789657589089926103,1789657589053793517.jpg
1789657589087118375,1789657589120407724,1789657589087118375.jpg
1789657589120446196,1789657589153802198,1789657589120446196.jpg
1789657589153771085,1789657589188457270,1789657589153771085.jpg
1789657589187095309,1789657589220980802,1789657589187095309.jpg
1789657589220430593,1789657589255262661,1789657589220430593.jpg
1789657589253747705,1789657589283790554,1789657589253747705.jpg
1789657589287076964,1789657589323730140,1789657589287076964.jpg
1789657589320402362,1789657589354535679,1789657589320402362.jpg
1789657589353725313,1789657589388986478,1789657589353725313.jpg
1789657589387050341,1789657589421623212,1789657589387050341.jpg
1789657589420377457,1789657589453237878,1789657589420377457.jpg
1789657589453701324,1789657589489240972,1789657589453701324.jpg
1789657589487028402,1789657589522489264,1789657589487028402.jpg
1789657589520354777,1789657589554196261,1789657589520354777.jpg
1789657589553683306,1789657589587269484,1789657589553683306.jpg
1789657589587006876,1789657589620913137,1789657589587006876.jpg
1789657589620334711,1789657589654964501,1789657589620334711.jpg
1789657589653657322,1789657589688341586,1789657589653657322.jpg
1789657589686985012,1789657589720492091,1789657589686985012.jpg
1789657589720308757,1789657589754550752,1789657589720308757.jpg
1789657589753635004,1789657589788203479,1789657589753635004.jpg
1789657589786960591,1789657589822519003,1789657589786960591.jpg
1789657589820290952,1789657589852621726,1789657589820290952.jpg
1789657589853612165,1789657589885654413,1789657589853612165.jpg
1789657589886940576,1789657589923086526,1789657589886940576.jpg
1789657589920263210,1789657589954522808,1789657589920263210.jpg
1789657589953591183,1789657589986662387,1789657589953591183.jpg
1789657589986917254,1789657590020315892,1789657589986917254.jpg
1789657590020245493,1789657590056097287,1789657590020245493.jpg
1789657590053570507,1789657590090000747,1789657590053570507.jpg
1789657590086894283,1789657590121452011,1789657590086894283.jpg
1789657590120220758,1789657590153792659,1789657590120220758.jpg
1789657590153545431,1789657590188880460,1789657590153545431.jpg
1789657590186869532,1789657590220721232,1789657590186869532.jpg
1789657590220200356,1789657590257322199,1789657590220200356.jpg
1789657590253521944,1789657590286846622,1789657590253521944.jpg
1789657590286851112,1789657590320392462,1789657590286851112.jpg
1789657590320174249,1789657590353346299,1789657590320174249.jpg
1789657590353500880,1789657590388551153,1789657590353500880.jpg
1789657590386830222,1789657590421349808,1789657590386830222.jpg
1789657590420152429,1789657590453557441,1789657590420152429.jpg
1789657590453478898,1789657590488729888,1789657590453478898.jpg
1789657590486804172,1789657590520893189,1789657590486804172.jpg
1789657590520130214,1789657590552388359,1789657590520130214.jpg
1789657590553458384,1789657590588556077,1789657590553458384.jpg
1789657590586782133,1789657590621175422,1789657590586782133.jpg
1789657590620108234,1789657590654191498,1789657590620108234.jpg
1789657590653432738,1789657590688829922,1789657590653432738.jpg
1789657590686759518,1789657590720107689,1789657590686759518.jpg
1789657590720083902,1789657590753738787,1789657590720083902.jpg
1789657590753409345,1789657590788247825,1789657590753409345.jpg
1789657590786737571,1789657590821893922,1789657590786737571.jpg
1789657590820063518,1789657590854116239,1789657590820063518.jpg
1789657590853392861,1789657590889465330,1789657590853392861.jpg
1789657590886712840,1789657590921339824,1789657590886712840.jpg
1789657590920040090,1789657590953097746,1789657590920040090.jpg
1789657590953367201,1789657590985610686,1789657590953367201.jpg
1789657590986691758,1789657591019598349,1789657590986691758.jpg
1789657591020015295,1789657591053862356,1789657591020015295.jpg
1789657591053343451,1789657591086840173,1789657591053343451.jpg
1789657591086668601,1789657591121089366,1789657591086668601.jpg
1789657591119995770,1789657591153953834,1789657591119995770.jpg
1789657591153320846,1789657591187367474,1789657591153320846.jpg
1789657591186647977,1789657591222368721,1789657591186647977.jpg
1789657591219973303,1789657591256137019,1789657591219973303.jpg
1789657591253298582,1789657591287183718,1789657591253298582.jpg
1789657591286623679,1789657591319646011,1789657591286623679.jpg
1789657591319950322,1789657591354354618,1789657591319950322.jpg
1789657591353274631,1789657591388665495,1789657591353274631.jpg
1789657591386603327,1789657591419185689,1789657591386603327.jpg
1789657591419926374,1789657591452873747,1789657591419926374.jpg
1789657591453254417,1789657591486837762,1789657591453254417.jpg
1789657591486578650,1789657591521951785,1789657591486578650.jpg
1789657591519908206,1789657591554689034,1789657591519908206.jpg
1789657591553234525,1789657591586564268,1789657591553234525.jpg
1789657591586555426,1789657591621496684,1789657591586555426.jpg
1789657591619882667,1789657591655266833,1789657591619882667.jpg
1789657591653206562,1789657591687311526,1789657591653206562.jpg
1789657591686534187,1789657591720237326,1789657591686534187.jpg
1789657591719860468,1789657591752472162,1789657591719860468.jpg
1789657591753185923,1789657591787871493,1789657591753185923.jpg
1789657591786511132,1789657591821155598,1789657591786511132.jpg
1789657591819836863,1789657591853980679,1789657591819836863.jpg
1789657591853163423,1789657591886325290,1789657591853163423.jpg
1789657591886494409,1789657591920005756,1789657591886494409.jpg
1789657591919814417,1789657591955271071,1789657591919814417.jpg
1789657591953143066,1789657591990498073,1789657591953143066.jpg
1789657591986464827,1789657592019694319,1789657591986464827.jpg
1789657592019793485,1789657592055661560,1789657592019793485.jpg
1789657592053117201,1789657592085709211,1789657592053117201.jpg
1789657592086444686,1789657592120540666,1789657592086444686.jpg
1789657592119774498,1789657592153405227,1789657592119774498.jpg
1789657592153094783,1789657592188039614,1789657592153094783.jpg
1789657592186420748,1789657592221328479,1789657592186420748.jpg
1789657592219747010,1789657592252903701,1789657592219747010.jpg
1789657592253070737,1789657592286074421,1789657592253070737.jpg
1789657592286400493,1789657592321916851,1789657592286400493.jpg
1789657592319724196,1789657592354205390,1789657592319724196.jpg
1789657592353050789,1789657592388594949,1789657592353050789.jpg
1789657592386375057,1789657592419538206,1789657592386375057.jpg
1789657592419701863,1789657592452982475,1789657592419701863.jpg
1789657592453029165,1789657592488436507,1789657592453029165.jpg
1789657592486353124,1789657592521602801,1789657592486353124.jpg
1789657592519679715,1789657592553118618,1789657592519679715.jpg
1789657592553005102,1789657592586738290,1789657592553005102.jpg
1789657592586331009,1789657592622330522,1789657592586331009.jpg
1789657592619661173,1789657592654269366,1789657592619661173.jpg
1789657592652981498,1789657592685693315,1789657592652981498.jpg
1789657592686307382,1789657592722675142,1789657592686307382.jpg
1789657592719633441,1789657592753277760,1789657592719633441.jpg
1789657592752961124,1789657592786403314,1789657592752961124.jpg
1789657592786287297,1789657592820056244,1789657592786287297.jpg
1789657592819612358,1789657592851752112,1789657592819612358.jpg
1789657592852937292,1789657592887962922,1789657592852937292.jpg
1789657592886263783,1789657592920656209,1789657592886263783.jpg
1789657592919588878,1789657592953163556,1789657592919588878.jpg
1789657592952917560,1789657592987686464,1789657592952917560.jpg
1789657592986239482,1789657593024160934,1789657592986239482.jpg
1789657593019566781,1789657593055186208,1789657593019566781.jpg
1789657593052892337,1789657593085621459,1789657593052892337.jpg
1789657593086218432,1789657593119655620,1789657593086218432.jpg
1789657593119544556,1789657593155709674,1789657593119544556.jpg
1789657593152869175,1789657593186862223,1789657593152869175.jpg
1789657593186199401,1789657593219088836,1789657593186199401.jpg
1789657593219520003,1789657593252952946,1789657593219520003.jpg
1789657593252846118,1789657593287922231,1789657593252846118.jpg
1789657593286179358,1789657593321521199,1789657593286179358.jpg
1789657593319500511,1789657593354376760,1789657593319500511.jpg
1789657593352826448,1789657593396192355,1789657593352826448.jpg
1789657593386151571,1789657593418200467,1789657593386151571.jpg
1789657593419480882,1789657593450423081,1789657593419480882.jpg
1789657593452802831,1789657593484347318,1789657593452802831.jpg
1789657593486126934,1789657593518232335,1789657593486126934.jpg
1789657593519457067,1789657593553483372,1789657593519457067.jpg
1789657593552779407,1789657593586689091,1789657593552779407.jpg
1789657593586108414,1789657593620312873,1789657593586108414.jpg
1789657593619434419,1789657593652749667,1789657593619434419.jpg
1789657593652756108,1789657593687902244,1789657593652756108.jpg
1789657593686082898,1789657593721438325,1789657593686082898.jpg
1789657593719408793,1789657593752146829,1789657593719408793.jpg
1789657593752735720,1789657593787319479,1789657593752735720.jpg
1789657593786062108,1789657593821903941,1789657593786062108.jpg
1789657593819386516,1789657593852402561,1789657593819386516.jpg
1789657593852711604,1789657593885342824,1789657593852711604.jpg
1789657593886038134,1789657593918791221,1789657593886038134.jpg
1789657593919363345,1789657593953713064,1789657593919363345.jpg
1789657593952689104,1789657593986925764,1789657593952689104.jpg
1789657593986016576,1789657594021453171,1789657593986016576.jpg
1789657594019341649,1789657594052571220,1789657594019341649.jpg
1789657594052665714,1789657594085959119,1789657594052665714.jpg
1789657594085993377,1789657594123056203,1789657594085993377.jpg
1789657594119318388,1789657594153691079,1789657594119318388.jpg
1789657594152644540,1789657594185129342,1789657594152644540.jpg
1789657594185976485,1789657594219991389,1789657594185976485.jpg
1789657594219295312,1789657594253608820,1789657594219295312.jpg
1789657594252623319,1789657594288291316,1789657594252623319.jpg
1789657594285948012,1789657594318488981,1789657594285948012.jpg
1789657594319273877,1789657594353236216,1789657594319273877.jpg
1789657594352603369,1789657594389907255,1789657594352603369.jpg
1789657594385925448,1789657594422733890,1789657594385925448.jpg
1789657594419252392,1789657594454502867,1789657594419252392.jpg
1789657594452577308,1789657594486670760,1789657594452577308.jpg
1789657594485902081,1789657594519857979,1789657594485902081.jpg
1789657594519228615,1789657594553837660,1789657594519228615.jpg
1789657594552554093,1789657594587333705,1789657594552554093.jpg
1789657594585879138,1789657594621166796,1789657594585879138.jpg
1789657594619205157,1789657594654004080,1789657594619205157.jpg
1789657594652531996,1789657594687929632,1789657594652531996.jpg
1789657594685857761,1789657594720946485,1789657594685857761.jpg
1789657594719182690,1789657594752050775,1789657594719182690.jpg
1789657594752536757,1789657594788520189,1789657594752536757.jpg
1789657594785834596,1789657594819578277,1789657594785834596.jpg
1789657594819160932,1789657594854951756,1789657594819160932.jpg
1789657594852486426,1789657594887506602,1789657594852486426.jpg
1789657594885811863,1789657594923764984,1789657594885811863.jpg
1789657594919137519,1789657594955500166,1789657594919137519.jpg
1789657594952462998,1789657594986517532,1789657594952462998.jpg
1789657594985788398,1789657595020820556,1789657594985788398.jpg
1789657595019116256,1789657595056425011,1789657595019116256.jpg
1789657595052442116,1789657595085182952,1789657595052442116.jpg
1789657595085767403,1789657595121539628,1789657595085767403.jpg
1789657595119093986,1789657595154399133,1789657595119093986.jpg
1789657595152419990,1789657595185435851,1789657595152419990.jpg
1789657595185745460,1789657595220198827,1789657595185745460.jpg
1789657595219069823,1789657595252399274,1789657595219069823.jpg
1789657595252397812,1789657595286169534,1789657595252397812.jpg
1789657595285722263,1789657595319352105,1789657595285722263.jpg
1789657595319051876,1789657595355396344,1789657595319051876.jpg
1789657595352375939,1789657595388585341,1789657595352375939.jpg
1789657595385701298,1789657595420162156,1789657595385701298.jpg
1789657595419030578,1789657595453996396,1789657595419030578.jpg
1789657595452350364,1789657595487928633,1789657595452350364.jpg
1789657595485676920,1789657595518735468,1789657595485676920.jpg
1789657595519006804,1789657595552597522,1789657595519006804.jpg
1789657595552329320,1789657595585610745,1789657595552329320.jpg
1789657595585655866,1789657595618470565,1789657595585655866.jpg
1789657595618979604,1789657595652243861,1789657595618979604.jpg
1789657595652308709,1789657595686721678,1789657595652308709.jpg
1789657595685634352,1789657595720455753,1789657595685634352.jpg
1789657595718956247,1789657595753785357,1789657595718956247.jpg
1789657595752286887,1789657595787639948,1789657595752286887.jpg
1789657595785610084,1789657595818974992,1789657595785610084.jpg
1789657595818934768,1789657595852796769,1789657595818934768.jpg
1789657595852261132,1789657595888309559,1789657595852261132.jpg
1789657595885587235,1789657595919512032,1789657595885587235.jpg
1789657595918914182,1789657595951377099,1789657595918914182.jpg
1789657595952237375,1789657595985519701,1789657595952237375.jpg
1789657595985564538,1789657596019466308,1789657595985564538.jpg
1789657596018890107,1789657596053806165,1789657596018890107.jpg
1789657596052216646,1789657596087440761,1789657596052216646.jpg
1789657596085542565,1789657596118514515,1789657596085542565.jpg
1789657596118868352,1789657596153184752,1789657596118868352.jpg
1789657596152196633,1789657596188370291,1789657596152196633.jpg
1789657596185519786,1789657596219486950,1789657596185519786.jpg
1789657596218847792,1789657596252364696,1789657596218847792.jpg
1789657596252173706,1789657596285360642,1789657596252173706.jpg
1789657596285498392,1789657596319956862,1789657596285498392.jpg
1789657596318823578,1789657596353658864,1789657596318823578.jpg
1789657596352149612,1789657596383780605,1789657596352149612.jpg
1789657596385475994,1789657596419281228,1789657596385475994.jpg
1789657596418801575,1789657596453409053,1789657596418801575.jpg
1789657596452125986,1789657596487390585,1789657596452125986.jpg
1789657596485452039,1789657596520739244,1789657596485452039.jpg
1789657596518776674,1789657596551580245,1789657596518776674.jpg
1789657596552115049,1789657596586949038,1789657596552115049.jpg
1789657596585433119,1789657596619645232,1789657596585433119.jpg
1789657596618753843,1789657596653488175,1789657596618753843.jpg
1789657596652082121,1789657596687768292,1789657596652082121.jpg
1789657596685406711,1789657596718175285,1789657596685406711.jpg
1789657596718736067,1789657596753346491,1789657596718736067.jpg
1789657596752058448,1789657596787673533,1789657596752058448.jpg
1789657596785384766,1789657596819532970,1789657596785384766.jpg
1789657596818714380,1789657596852697820,1789657596818714380.jpg
1789657596852035559,1789657596888214109,1789657596852035559.jpg
1789657596885366508,1789657596921465197,1789657596885366508.jpg
1789657596918690352,1789657596951767488,1789657596918690352.jpg
1789657596952012283,1789657596988064222,1789657596952012283.jpg
1789657596985344361,1789657597019870364,1789657596985344361.jpg
1789657597018664729,1789657597055273434,1789657597018664729.jpg
1789657597051993428,1789657597086518258,1789657597051993428.jpg
1789657597085320079,1789657597118582745,1789657597085320079.jpg
1789657597118641626,1789657597152554222,1789657597118641626.jpg
1789657597151973091,1789657597187741039,1789657597151973091.jpg
1789657597185294454,1789657597219277966,1789657597185294454.jpg
1789657597218625512,1789657597252648161,1789657597218625512.jpg
1789657597251947221,1789657597286773597,1789657597251947221.jpg
1789657597285273819,1789657597319214427,1789657597285273819.jpg
1789657597318599227,1789657597354024235,1789657597318599227.jpg
1789657597351923907,1789657597383708894,1789657597351923907.jpg
1789657597385249997,1789657597418897340,1789657597385249997.jpg
1789657597418581201,1789657597453032072,1789657597418581201.jpg
1789657597451902516,1789657597486934976,1789657597451902516.jpg
1789657597485229032,1789657597519763519,1789657597485229032.jpg
1789657597518553473,1789657597552428658,1789657597518553473.jpg
1789657597551883269,1789657597587398424,1789657597551883269.jpg
1789657597585205112,1789657597620231707,1789657597585205112.jpg
1789657597618529567,1789657597651035412,1789657597618529567.jpg
1789657597651867068,1789657597682726261,1789657597651867068.jpg
1789657597685190209,1789657597720398848,1789657597685190209.jpg
1789657597718509554,1789657597754761630,1789657597718509554.jpg
1789657597751835469,1789657597787717966,1789657597751835469.jpg
1789657597785159432,1789657597819053028,1789657597785159432.jpg
1789657597818485973,1789657597853001394,1789657597818485973.jpg
1789657597851810196,1789657597886220019,1789657597851810196.jpg
1789657597885137764,1789657597922219945,1789657597885137764.jpg
1789657597918499946,1789657597952969966,1789657597918499946.jpg
1789657597951868150,1789657597985833859,1789657597951868150.jpg
1789657597985227453,1789657598021210430,1789657597985227453.jpg
1789657598018594376,1789657598052771819,1789657598018594376.jpg
1789657598051955558,1789657598087165082,1789657598051955558.jpg
1789657598085318089,1789657598119127313,1789657598085318089.jpg
1789657598118694796,1789657598151767619,1789657598118694796.jpg
1789657598152048911,1789657598185871630,1789657598152048911.jpg
1789657598185410083,1789657598219918456,1789657598185410083.jpg
1789657598218771293,1789657598251593861,1789657598218771293.jpg
1789657598252135040,1789657598287475141,1789657598252135040.jpg
1789657598285501206,1789657598320077504,1789657598285501206.jpg
1789657598318866491,1789657598352047365,1789657598318866491.jpg
1789657598352227615,1789657598385475837,1789657598352227615.jpg
1789657598385593540,1789657598421281767,1789657598385593540.jpg
1789657598418955730,1789657598452439259,1789657598418955730.jpg
1789657598452319963,1789657598486805041,1789657598452319963.jpg
1789657598485684768,1789657598519305980,1789657598485684768.jpg
1789657598519045557,1789657598552910559,1789657598519045557.jpg
1789657598552410135,1789657598587124307,1789657598552410135.jpg
1789657598585773341,1789657598619090853,1789657598585773341.jpg
1789657598619137347,1789657598652845576,1789657598619137347.jpg
1789657598652503262,1789657598688670320,1789657598652503262.jpg
1789657598685863425,1789657598721659655,1789657598685863425.jpg
1789657598719228503,1789657598753889750,1789657598719228503.jpg
1789657598752591862,1789657598786819938,1789657598752591862.jpg
1789657598785955730,1789657598823443144,1789657598785955730.jpg
1789657598819319706,1789657598853686344,1789657598819319706.jpg
1789657598852682318,1789657598887703820,1789657598852682318.jpg
1789657598886046147,1789657598921417303,1789657598886046147.jpg
1789657598919409780,1789657598953128392,1789657598919409780.jpg
1789657598952773824,1789657598987864516,1789657598952773824.jpg
1789657598986137175,1789657599022520790,1789657598986137175.jpg
1789657599019499889,1789657599052541348,1789657599019499889.jpg
1789657599052863532,1789657599088029490,1789657599052863532.jpg
1789657599086227547,1789657599122338939,1789657599086227547.jpg
1789657599119592913,1789657599155357180,1789657599119592913.jpg
1789657599152960581,1789657599187584312,1789657599152960581.jpg
1789657599186319720,1789657599220567684,1789657599186319720.jpg
1789657599219683745,1789657599256714587,1789657599219683745.jpg
1789657599253045997,1789657599287035359,1789657599253045997.jpg
1789657599286409665,1789657599321494379,1789657599286409665.jpg
1789657599319774357,1789657599352343916,1789657599319774357.jpg
1789657599353135603,1789657599388002831,1789657599353135603.jpg
1789657599386499102,1789657599422101805,1789657599386499102.jpg
1789657599419863609,1789657599453771173,1789657599419863609.jpg
1789657599453232654,1789657599487348011,1789657599453232654.jpg
1789657599486593940,1789657599521276840,1789657599486593940.jpg
1789657599519955655,1789657599554512002,1789657599519955655.jpg
1789657599553323917,1789657599588149820,1789657599553323917.jpg
1789657599586682403,1789657599620695185,1789657599586682403.jpg
1789657599620046494,1789657599654046232,1789657599620046494.jpg
1789657599653412536,1789657599686274216,1789657599653412536.jpg
1789657599686772836,1789657599720908342,1789657599686772836.jpg
1789657599720138432,1789657599755569172,1789657599720138432.jpg
1789657599753499430,1789657599787516292,1789657599753499430.jpg
1789657599786865441,1789657599820788638,1789657599786865441.jpg
1789657599820235174,1789657599856920690,1789657599820235174.jpg
1789657599853591686,1789657599887802892,1789657599853591686.jpg
1789657599886959220,1789657599923000042,1789657599886959220.jpg
1789657599920317350,1789657599953102949,1789657599920317350.jpg
1789657599953683878,1789657599987603986,1789657599953683878.jpg
1789657599987049444,1789657600020106333,1789657599987049444.jpg
1789657600020409731,1789657600053905481,1789657600020409731.jpg
1789657600053773923,1789657600087665814,1789657600053773923.jpg
1789657600087136293,1789657600120425229,1789657600087136293.jpg
1789657600120500723,1789657600154828935,1789657600120500723.jpg
1789657600153868068,1789657600187737253,1789657600153868068.jpg
1789657600187227806,1789657600220684792,1789657600187227806.jpg
1789657600220592360,1789657600254268593,1789657600220592360.jpg
1789657600253953865,1789657600287274872,1789657600253953865.jpg
1789657600287321537,1789657600321783557,1789657600287321537.jpg
1789657600320684827,1789657600352566614,1789657600320684827.jpg
1789657600354043711,1789657600388074255,1789657600354043711.jpg
1789657600387409495,1789657600423386772,1789657600387409495.jpg
1789657600420773224,1789657600453825448,1789657600420773224.jpg
1789657600454136975,1789657600488171878,1789657600454136975.jpg
1789657600487499255,1789657600521240396,1789657600487499255.jpg
1789657600520863078,1789657600556182533,1789657600520863078.jpg
1789657600554228723,1789657600589899349,1789657600554228723.jpg
1789657600587592551,1789657600622484361,1789657600587592551.jpg
1789657600620958416,1789657600653846996,1789657600620958416.jpg
1789657600654318386,1789657600687772288,1789657600654318386.jpg
1789657600687680816,1789657600722427210,1789657600687680816.jpg
1789657600721048496,1789657600756693438,1789657600721048496.jpg
1789657600754409258,1789657600788098017,1789657600754409258.jpg
1789657600787773602,1789657600823049265,1789657600787773602.jpg
1789657600821136282,1789657600855989915,1789657600821136282.jpg
1789657600854501527,1789657600888608629,1789657600854501527.jpg
1789657600887867882,1789657600921933918,1789657600887867882.jpg
1789657600921227294,1789657600955153377,1789657600921227294.jpg
1789657600954591611,1789657600990408395,1789657600954591611.jpg
1789657600987954036,1789657601021783474,1789657600987954036.jpg
1789657601021317624,1789657601055993722,1789657601021317624.jpg
1789657601054682222,1789657601090219858,1789657601054682222.jpg
1789657601088047711,1789657601120519372,1789657601088047711.jpg
1789657601121414526,1789657601159226173,1789657601121414526.jpg
1789657601154774417,1789657601188764298,1789657601154774417.jpg
1789657601188135230,1789657601222652240,1789657601188135230.jpg
1789657601221500229,1789657601256526644,1789657601221500229.jpg
1789657601254866180,1789657601288977844,1789657601254866180.jpg
1789657601288231946,1789657601324382247,1789657601288231946.jpg
1789657601321590625,1789657601357921623,1789657601321590625.jpg
1789657601354956170,1789657601390866348,1789657601354956170.jpg
1789657601388317678,1789657601422801079,1789657601388317678.jpg
1789657601421682996,1789657601454709367,1789657601421682996.jpg
1789657601455048279,1789657601490246970,1789657601455048279.jpg
1789657601488408467,1789657601523276396,1789657601488408467.jpg
1789657601521776067,1789657601555901536,1789657601521776067.jpg
1789657601555137884,1789657601588294201,1789657601555137884.jpg
1789657601588500119,1789657601621984795,1789657601588500119.jpg
1789657601621862565,1789657601658304342,1789657601621862565.jpg
1789657601655227760,1789657601689814380,1789657601655227760.jpg
1789657601688592516,1789657601723918094,1789657601688592516.jpg
1789657601721954208,1789657601756834875,1789657601721954208.jpg
1789657601755320647,1789657601790456063,1789657601755320647.jpg
1789657601788683265,1789657601819229430,1789657601788683265.jpg
1789657601822045246,1789657601855694769,1789657601822045246.jpg
1789657601855410271,1789657601888519071,1789657601855410271.jpg
1789657601888773371,1789657601923029293,1789657601888773371.jpg
1789657601922135792,1789657601956345341,1789657601922135792.jpg
1789657601955500113,1789657601988198630,1789657601955500113.jpg
1789657601988863880,1789657602023004086,1789657601988863880.jpg
1789657602022230273,1789657602057636545,1789657602022230273.jpg
1789657602055590241,1789657602089404318,1789657602055590241.jpg
1789657602088955892,1789657602123034969,1789657602088955892.jpg
1789657602122318097,1789657602158364467,1789657602122318097.jpg
1789657602155682137,1789657602189587531,1789657602155682137.jpg
1789657602189044137,1789657602223616968,1789657602189044137.jpg
1789657602222409752,1789657602257329840,1789657602222409752.jpg
1789657602255774112,1789657602289719819,1789657602255774112.jpg
1789657602289135587,1789657602325303255,1789657602289135587.jpg
1789657602322500206,1789657602359181826,1789657602322500206.jpg
1789657602355870145,1789657602388661749,1789657602355870145.jpg
1789657602389231813,1789657602426370297,1789657602389231813.jpg
1789657602422590705,1789657602456313431,1789657602422590705.jpg
1789657602455956505,1789657602490881244,1789657602455956505.jpg
1789657602489318677,1789657602524473470,1789657602489318677.jpg
1789657602522684921,1789657602555759348,1789657602522684921.jpg
1789657602556046234,1789657602590771631,1789657602556046234.jpg
1789657602589407460,1789657602622995873,1789657602589407460.jpg
1789657602622776110,1789657602655988652,1789657602622776110.jpg
1789657602656136224,1789657602689493492,1789657602656136224.jpg
1789657602689501835,1789657602724196783,1789657602689501835.jpg
1789657602722864764,1789657602756564355,1789657602722864764.jpg
1789657602756229483,1789657602791548213,1789657602756229483.jpg
1789657602789591095,1789657602824546640,1789657602789591095.jpg
1789657602822956132,1789657602858312492,1789657602822956132.jpg
1789657602856320396,1789657602893187056,1789657602856320396.jpg
1789657602889685103,1789657602921660449,1789657602889685103.jpg
1789657602923045513,1789657602956258076,1789657602923045513.jpg
1789657602956412070,1789657602990188127,1789657602956412070.jpg
1789657602989772367,1789657603025421479,1789657602989772367.jpg
1789657603023139803,1789657603057998879,1789657603023139803.jpg
1789657603056502433,1789657603090123495,1789657603056502433.jpg
1789657603089862972,1789657603125343587,1789657603089862972.jpg
1789657603123230650,1789657603159099532,1789657603123230650.jpg
1789657603156591461,1789657603192398710,1789657603156591461.jpg
1789657603189956463,1789657603226031158,1789657603189956463.jpg
1789657603223320680,1789657603258975900,1789657603223320680.jpg
1789657603256682292,1789657603291742000,1789657603256682292.jpg
1789657603290052483,1789657603322974860,1789657603290052483.jpg
1789657603323407791,1789657603358314616,1789657603323407791.jpg
1789657603356773220,1789657603392033284,1789657603356773220.jpg
1789657603390139118,1789657603425455422,1789657603390139118.jpg
1789657603423500178,1789657603458540735,1789657603423500178.jpg
1789657603456863888,1789657603492376566,1789657603456863888.jpg
1789657603490227809,1789657603524187967,1789657603490227809.jpg
1789657603523593812,1789657603558079483,1789657603523593812.jpg
1789657603556959128,1789657603593142635,1789657603556959128.jpg
1789657603590320240,1789657603625803033,1789657603590320240.jpg
1789657603623681642,1789657603656951636,1789657603623681642.jpg
1789657603657045483,1789657603692429481,1789657603657045483.jpg
1789657603690409014,1789657603726181982,1789657603690409014.jpg
1789657603723772918,1789657603757735315,1789657603723772918.jpg
1789657603757140034,1789657603790492211,1789657603757140034.jpg
1789657603790500401,1789657603823976921,1789657603790500401.jpg
1789657603823863414,1789657603856853277,1789657603823863414.jpg
1789657603857230883,1789657603893036364,1789657603857230883.jpg
1789657603890590692,1789657603926156435,1789657603890590692.jpg
1789657603923953476,1789657603958342808,1789657603923953476.jpg
1789657603957322018,1789657603994735927,1789657603957322018.jpg
1789657603990682882,1789657604025833087,1789657603990682882.jpg
1789657604024049553,1789657604058740127,1789657604024049553.jpg
1789657604057408691,1789657604090565398,1789657604057408691.jpg
1789657604090771841,1789657604125667549,1789657604090771841.jpg
1789657604124136978,1789657604161539495,1789657604124136978.jpg
1789657604157499793,1789657604192615859,1789657604157499793.jpg
1789657604190868304,1789657604225999202,1789657604190868304.jpg
1789657604224226798,1789657604257588183,1789657604224226798.jpg
1789657604257591838,1789657604293077176,1789657604257591838.jpg
1789657604290954993,1789657604326418631,1789657604290954993.jpg
1789657604324280617,1789657604358137052,1789657604324280617.jpg
1789657604357606542,1789657604392645978,1789657604357606542.jpg
1789657604390931139,1789657604425077400,1789657604390931139.jpg
1789657604424259532,1789657604459104801,1789657604424259532.jpg
1789657604457585869,1789657604493275290,1789657604457585869.jpg
1789657604490906979,1789657604524584574,1789657604490906979.jpg
1789657604524236817,1789657604558840080,1789657604524236817.jpg
1789657604557560354,1789657604592137795,1789657604557560354.jpg
1789657604590886866,1789657604625150795,1789657604590886866.jpg
1789657604624214663,1789657604660315019,1789657604624214663.jpg
1789657604657538592,1789657604694412973,1789657604657538592.jpg
1789657604690866057,1789657604725897142,1789657604690866057.jpg
1789657604724189603,1789657604758401618,1789657604724189603.jpg
1789657604757521850,1789657604792942542,1789657604757521850.jpg
1789657604790841802,1789657604827320841,1789657604790841802.jpg
1789657604824166760,1789657604857259567,1789657604824166760.jpg
1789657604857494710,1789657604892183316,1789657604857494710.jpg
1789657604890819376,1789657604926180310,1789657604890819376.jpg
1789657604924145338,1789657604959736592,1789657604924145338.jpg
1789657604957473183,1789657604990668867,1789657604957473183.jpg
1789657604990796076,1789657605024575734,1789657604990796076.jpg
1789657605024126111,1789657605060067856,1789657605024126111.jpg
1789657605057447618,1789657605093553345,1789657605057447618.jpg
1789657605090774464,1789657605124530859,1789657605090774464.jpg
1789657605124100987,1789657605159075172,1789657605124100987.jpg
1789657605157426588,1789657605190698726,1789657605157426588.jpg
1789657605190758600,1789657605223988201,1789657605190758600.jpg
1789657605224078148,1789657605259084833,1789657605224078148.jpg
1789657605257403140,1789657605290360933,1789657605257403140.jpg
1789657605290739013,1789657605324554385,1789657605290739013.jpg
1789657605324054016,1789657605364121127,1789657605324054016.jpg
1789657605357384081,1789657605393203689,1789657605357384081.jpg
1789657605390706207,1789657605425818921,1789657605390706207.jpg
1789657605424032792,1789657605458096570,1789657605424032792.jpg
1789657605457358431,1789657605491737035,1789657605457358431.jpg
1789657605490683816,1789657605524184050,1789657605490683816.jpg
1789657605524010435,1789657605557418174,1789657605524010435.jpg
1789657605557335089,1789657605592426161,1789657605557335089.jpg
1789657605590662300,1789657605623534838,1789657605590662300.jpg
1789657605623988576,1789657605657642163,1789657605623988576.jpg
1789657605657312926,1789657605691756320,1789657605657312926.jpg
1789657605690639145,1789657605723627238,1789657605690639145.jpg
1789657605723963626,1789657605759389169,1789657605723963626.jpg
1789657605757295402,1789657605791953458,1789657605757295402.jpg
1789657605790616958,1789657605825512555,1789657605790616958.jpg
1789657605823956744,1789657605857311068,1789657605823956744.jpg
1789657605857272526,1789657605890692688,1789657605857272526.jpg
1789657605890593131,1789657605926084202,1789657605890593131.jpg
1789657605923921471,1789657605956232904,1789657605923921471.jpg
1789657605957258484,1789657605993232989,1789657605957258484.jpg
1789657605990570323,1789657606022290830,1789657605990570323.jpg
1789657606023899692,1789657606058327624,1789657606023899692.jpg
1789657606057223221,1789657606091903628,1789657606057223221.jpg
1789657606090549706,1789657606125046977,1789657606090549706.jpg
1789657606123874934,1789657606157309162,1789657606123874934.jpg
1789657606157201241,1789657606192381740,1789657606157201241.jpg
1789657606190528355,1789657606224953492,1789657606190528355.jpg
1789657606223851921,1789657606256957758,1789657606223851921.jpg
1789657606257179053,1789657606291571292,1789657606257179053.jpg
1789657606290502984,1789657606325456529,1789657606290502984.jpg
1789657606323830687,1789657606358492047,1789657606323830687.jpg
1789657606357155750,1789657606390028732,1789657606357155750.jpg
1789657606390481865,1789657606423387038,1789657606390481865.jpg
1789657606423807204,1789657606457838780,1789657606423807204.jpg
1789657606457132092,1789657606491691092,1789657606457132092.jpg
1789657606490459390,1789657606524227048,1789657606490459390.jpg
1789657606523788856,1789657606556246036,1789657606523788856.jpg
1789657606557109978,1789657606592027726,1789657606557109978.jpg
1789657606590436905,1789657606627138988,1789657606590436905.jpg
1789657606623760557,1789657606658175278,1789657606623760557.jpg
1789657606657087527,1789657606691157631,1789657606657087527.jpg
1789657606690414119,1789657606725008351,1789657606690414119.jpg
1789657606723738434,1789657606757719062,1789657606723738434.jpg
1789657606757067546,1789657606792022900,1789657606757067546.jpg
1789657606790391057,1789657606823360998,1789657606790391057.jpg
1789657606823715766,1789657606858818677,1789657606823715766.jpg
1789657606857045081,1789657606890862775,1789657606857045081.jpg
1789657606890367590,1789657606924048567,1789657606890367590.jpg
1789657606923693848,1789657606956844795,1789657606923693848.jpg
1789657606957019414,1789657606990933971,1789657606957019414.jpg
1789657606990345511,1789657607023511853,1789657606990345511.jpg
1789657607023672510,1789657607057775691,1789657607023672510.jpg
1789657607056998456,1789657607091362732,1789657607056998456.jpg
1789657607090325036,1789657607124483415,1789657607090325036.jpg
1789657607123648498,1789657607158124232,1789657607123648498.jpg
1789657607156975457,1789657607191982822,1789657607156975457.jpg
1789657607190301369,1789657607224399152,1789657607190301369.jpg
1789657607223626505,1789657607257318098,1789657607223626505.jpg
1789657607256957851,1789657607292480285,1789657607256957851.jpg
1789657607290278801,1789657607324914540,1789657607290278801.jpg
1789657607323604017,1789657607357463848,1789657607323604017.jpg
1789657607356927923,1789657607389520483,1789657607356927923.jpg
1789657607390256910,1789657607424129109,1789657607390256910.jpg
1789657607423581039,1789657607458629183,1789657607423581039.jpg
1789657607456907290,1789657607489241132,1789657607456907290.jpg
1789657607490233675,1789657607524186157,1789657607490233675.jpg
1789657607523558626,1789657607556056131,1789657607523558626.jpg
1789657607556885652,1789657607591569141,1789657607556885652.jpg
1789657607590209378,1789657607624497347,1789657607590209378.jpg
1789657607623537059,1789657607656956194,1789657607623537059.jpg
1789657607656865751,1789657607691636652,1789657607656865751.jpg
1789657607690189233,1789657607726934317,1789657607690189233.jpg
1789657607723515191,1789657607758876455,1789657607723515191.jpg
1789657607756840351,1789657607788856105,1789657607756840351.jpg
1789657607790167376,1789657607823069982,1789657607790167376.jpg
1789657607823493448,1789657607857971046,1789657607823493448.jpg
1789657607856816679,1789657607892348900,1789657607856816679.jpg
1789657607890145812,1789657607925068593,1789657607890145812.jpg
1789657607923470291,1789657607958091111,1789657607923470291.jpg
1789657607956796180,1789657607990475201,1789657607956796180.jpg
1789657607990121182,1789657608025227934,1789657607990121182.jpg
1789657608023447267,1789657608060235588,1789657608023447267.jpg
1789657608056772758,1789657608091023958,1789657608056772758.jpg
1789657608090103835,1789657608123751280,1789657608090103835.jpg
1789657608123424000,1789657608155944745,1789657608123424000.jpg
1789657608156750703,1789657608192702873,1789657608156750703.jpg
1789657608190078251,1789657608226299765,1789657608190078251.jpg
1789657608223402728,1789657608258680948,1789657608223402728.jpg
1789657608256731340,1789657608290270372,1789657608256731340.jpg
1789657608290053283,1789657608325322728,1789657608290053283.jpg
1789657608323379060,1789657608357289902,1789657608323379060.jpg
1789657608356704545,1789657608392990186,1789657608356704545.jpg
1789657608390032218,1789657608425018396,1789657608390032218.jpg
1789657608423356066,1789657608457026310,1789657608423356066.jpg
1789657608456681027,1789657608490072587,1789657608456681027.jpg
1789657608490010271,1789657608523463077,1789657608490010271.jpg
1789657608523334271,1789657608557519754,1789657608523334271.jpg
1789657608556661165,1789657608589082365,1789657608556661165.jpg
1789657608589990343,1789657608623732842,1789657608589990343.jpg
1789657608623312310,1789657608658553944,1789657608623312310.jpg
1789657608656638066,1789657608689385592,1789657608656638066.jpg
1789657608689963214,1789657608724117178,1789657608689963214.jpg
1789657608723291429,1789657608757957675,1789657608723291429.jpg
1789657608756616430,1789657608789565414,1789657608756616430.jpg
1789657608789941115,1789657608822496046,1789657608789941115.jpg
1789657608823267843,1789657608858879905,1789657608823267843.jpg
1789657608856591958,1789657608891015556,1789657608856591958.jpg
1789657608889919193,1789657608924130017,1789657608889919193.jpg
1789657608923244735,1789657608956324907,1789657608923244735.jpg
1789657608956570760,1789657608991106066,1789657608956570760.jpg
1789657608989895639,1789657609024570721,1789657608989895639.jpg
1789657609023221722,1789657609058184299,1789657609023221722.jpg
1789657609056547668,1789657609090873769,1789657609056547668.jpg
1789657609089872927,1789657609123766791,1789657609089872927.jpg
1789657609123199381,1789657609158227161,1789657609123199381.jpg
1789657609156525155,1789657609192324930,1789657609156525155.jpg
1789657609189852355,1789657609223540364,1789657609189852355.jpg
1789657609223181621,1789657609254984033,1789657609223181621.jpg
1789657609256502429,1789657609289529624,1789657609256502429.jpg
1789657609289828717,1789657609325081022,1789657609289828717.jpg
1789657609323154522,1789657609357676958,1789657609323154522.jpg
1789657609356479065,1789657609389323104,1789657609356479065.jpg
1789657609389806258,1789657609425294751,1789657609389806258.jpg
1789657609423131727,1789657609459992801,1789657609423131727.jpg
1789657609456456770,1789657609489529481,1789657609456456770.jpg
1789657609489784966,1789657609522439946,1789657609489784966.jpg
1789657609523108378,1789657609557167162,1789657609523108378.jpg
1789657609556433094,1789657609589957797,1789657609556433094.jpg
1789657609589760601,1789657609623085664,1789657609589760601.jpg
1789657609623095521,1789657609657276041,1789657609623095521.jpg
1789657609656411607,1789657609690035103,1789657609656411607.jpg
1789657609689737816,1789657609723294245,1789657609689737816.jpg
1789657609723062611,1789657609757710654,1789657609723062611.jpg
1789657609756389147,1789657609789861842,1789657609756389147.jpg
1789657609789741184,1789657609823086225,1789657609789741184.jpg
1789657609823040406,1789657609858232763,1789657609823040406.jpg
1789657609856366189,1789657609890310287,1789657609856366189.jpg
1789657609889692780,1789657609923159587,1789657609889692780.jpg
1789657609923019425,1789657609957108100,1789657609923019425.jpg
1789657609956344744,1789657609991359031,1789657609956344744.jpg
1789657609989670415,1789657610026974836,1789657609989670415.jpg
1789657610022995185,1789657610055601817,1789657610022995185.jpg
1789657610056321767,1789657610093113851,1789657610056321767.jpg
1789657610089648186,1789657610128705526,1789657610089648186.jpg
1789657610122975842,1789657610155117600,1789657610122975842.jpg
1789657610156299440,1789657610188764732,1789657610156299440.jpg
1789657610189624546,1789657610222511657,1789657610189624546.jpg
1789657610222954803,1789657610256553353,1789657610222954803.jpg
1789657610256276705,1789657610290969373,1789657610256276705.jpg
1789657610289603543,1789657610324092018,1789657610289603543.jpg
1789657610322927079,1789657610356266557,1789657610322927079.jpg
1789657610356255466,1789657610391088807,1789657610356255466.jpg
1789657610389580723,1789657610424769364,1789657610389580723.jpg
1789657610422905484,1789657610457403281,1789657610422905484.jpg
1789657610456230882,1789657610490801752,1789657610456230882.jpg
1789657610489560015,1789657610521862801,1789657610489560015.jpg
1789657610522883382,1789657610557133114,1789657610522883382.jpg
1789657610556211282,1789657610589032216,1789657610556211282.jpg
1789657610589533570,1789657610623549141,1789657610589533570.jpg
1789657610622862109,1789657610656518456,1789657610622862109.jpg
1789657610656186251,1789657610689220149,1789657610656186251.jpg
1789657610689513010,1789657610723873774,1789657610689513010.jpg
1789657610722842761,1789657610757825176,1789657610722842761.jpg
1789657610756164642,1789657610790053491,1789657610756164642.jpg
1789657610789490983,1789657610823619218,1789657610789490983.jpg
1789657610822824535,1789657610857117261,1789657610822824535.jpg
1789657610856142953,1789657610890981498,1789657610856142953.jpg
1789657610889470298,1789657610926579007,1789657610889470298.jpg
1789657610922794947,1789657610955759659,1789657610922794947.jpg
1789657610956120110,1789657610989962739,1789657610956120110.jpg
1789657610989444347,1789657611024208504,1789657610989444347.jpg
1789657611022770070,1789657611056413894,1789657611022770070.jpg
1789657611056098539,1789657611090379277,1789657611056098539.jpg
1789657611089422537,1789657611122890530,1789657611089422537.jpg
1789657611122749457,1789657611157861184,1789657611122749457.jpg
1789657611156073800,1789657611189791229,1789657611156073800.jpg
1789657611189400730,1789657611228271165,1789657611189400730.jpg
1789657611222727073,1789657611256914479,1789657611222727073.jpg
1789657611256051425,1789657611290672608,1789657611256051425.jpg
1789657611289378733,1789657611324336942,1789657611289378733.jpg
1789657611322702992,1789657611355963533,1789657611322702992.jpg
1789657611356029671,1789657611389790438,1789657611356029671.jpg
1789657611389355695,1789657611424250678,1789657611389355695.jpg
1789657611422679065,1789657611460175049,1789657611422679065.jpg
1789657611456005907,1789657611490924902,1789657611456005907.jpg
1789657611489332228,1789657611522378830,1789657611489332228.jpg
1789657611522658113,1789657611559306990,1789657611522658113.jpg
1789657611555984868,1789657611591028466,1789657611555984868.jpg
1789657611589310228,1789657611623766102,1789657611589310228.jpg
1789657611622643385,1789657611657749966,1789657611622643385.jpg
1789657611655960415,1789657611688470487,1789657611655960415.jpg
1789657611689289570,1789657611723434567,1789657611689289570.jpg
1789657611722613514,1789657611755724195,1789657611722613514.jpg
1789657611755939680,1789657611790053625,1789657611755939680.jpg
1789657611789265744,1789657611822626135,1789657611789265744.jpg
1789657611822590918,1789657611855199868,1789657611822590918.jpg
1789657611855917057,1789657611890391276,1789657611855917057.jpg
1789657611889246706,1789657611923591271,1789657611889246706.jpg
1789657611922568063,1789657611956122486,1789657611922568063.jpg
1789657611955893785,1789657611989746785,1789657611955893785.jpg
1789657611989219247,1789657612022567808,1789657611989219247.jpg
1789657612022548458,1789657612058145261,1789657612022548458.jpg
1789657612055871723,1789657612089337603,1789657612055871723.jpg
1789657612089198424,1789657612121653712,1789657612089198424.jpg
1789657612122526918,1789657612156302782,1789657612122526918.jpg
1789657612155848500,1789657612189443111,1789657612155848500.jpg
1789657612189175260,1789657612224460153,1789657612189175260.jpg
1789657612222501588,1789657612258082470,1789657612222501588.jpg
1789657612255826415,1789657612289799873,1789657612255826415.jpg
1789657612289152129,1789657612325736132,1789657612289152129.jpg
1789657612322476795,1789657612355605155,1789657612322476795.jpg
1789657612355819659,1789657612389561612,1789657612355819659.jpg
1789657612389131198,1789657612423465052,1789657612389131198.jpg
1789657612422466735,1789657612456495681,1789657612422466735.jpg
1789657612455783562,1789657612490946570,1789657612455783562.jpg
1789657612489106230,1789657612522620436,1789657612489106230.jpg
1789657612522436920,1789657612557664440,1789657612522436920.jpg
1789657612555760741,1789657612588605899,1789657612555760741.jpg
1789657612589084541,1789657612624397532,1789657612589084541.jpg
1789657612622410857,1789657612656293727,1789657612622410857.jpg
1789657612655735215,1789657612689366188,1789657612655735215.jpg
1789657612689062208,1789657612722968209,1789657612689062208.jpg
1789657612722387296,1789657612757190289,1789657612722387296.jpg
1789657612755713876,1789657612789236239,1789657612755713876.jpg
1789657612789039740,1789657612824316316,1789657612789039740.jpg
1789657612822364127,1789657612856286860,1789657612822364127.jpg
1789657612855691378,1789657612891501934,1789657612855691378.jpg
1789657612889016428,1789657612922355025,1789657612889016428.jpg
1789657612922342679,1789657612956171615,1789657612922342679.jpg
1789657612955673840,1789657612991637386,1789657612955673840.jpg
1789657612988993675,1789657613024358282,1789657612988993675.jpg
1789657613022328379,1789657613056858090,1789657613022328379.jpg
1789657613055646565,1789657613091015413,1789657613055646565.jpg
1789657613088970795,1789657613122107312,1789657613088970795.jpg
1789657613122301102,1789657613156043122,1789657613122301102.jpg
1789657613155623752,1789657613188907680,1789657613155623752.jpg
1789657613188949085,1789657613221096830,1789657613188949085.jpg
1789657613222274981,1789657613256382643,1789657613222274981.jpg
1789657613255604179,1789657613289909425,1789657613255604179.jpg
1789657613288928681,1789657613322828131,1789657613288928681.jpg
1789657613322251194,1789657613357362666,1789657613322251194.jpg
1789657613355580081,1789657613391342456,1789657613355580081.jpg
1789657613388907837,1789657613423679065,1789657613388907837.jpg
1789657613422230440,1789657613455794124,1789657613422230440.jpg
1789657613455557347,1789657613489291018,1789657613455557347.jpg
1789657613488881169,1789657613522983408,1789657613488881169.jpg
1789657613522208258,1789657613554493723,1789657613522208258.jpg
1789657613555533160,1789657613588153576,1789657613555533160.jpg
1789657613588858793,1789657613623277560,1789657613588858793.jpg
1789657613622184566,1789657613655943512,1789657613622184566.jpg
1789657613655510617,1789657613689889414,1789657613655510617.jpg
1789657613688837542,1789657613724235435,1789657613688837542.jpg
1789657613722162256,1789657613755674585,1789657613722162256.jpg
1789657613755487768,1789657613789058038,1789657613755487768.jpg
1789657613788815696,1789657613824111708,1789657613788815696.jpg
1789657613822140745,1789657613857156392,1789657613822140745.jpg
1789657613855468668,1789657613887295946,1789657613855468668.jpg
1789657613888791889,1789657613922138547,1789657613888791889.jpg
1789657613922119050,1789657613958160304,1789657613922119050.jpg
1789657613955447435,1789657613987912034,1789657613955447435.jpg
1789657613988780876,1789657614022085411,1789657613988780876.jpg
1789657614022095130,1789657614054735160,1789657614022095130.jpg
1789657614055419913,1789657614090463795,1789657614055419913.jpg
1789657614088749017,1789657614124130611,1789657614088749017.jpg
1789657614122075253,1789657614156728750,1789657614122075253.jpg
1789657614155398721,1789657614189319871,1789657614155398721.jpg
1789657614188722998,1789657614221460374,1789657614188722998.jpg
1789657614222050088,1789657614257848270,1789657614222050088.jpg
1789657614255378039,1789657614290024049,1789657614255378039.jpg
1789657614288702069,1789657614320950638,1789657614288702069.jpg
1789657614322035964,1789657614357187649,1789657614322035964.jpg
1789657614355357769,1789657614386986489,1789657614355357769.jpg
1789657614388680359,1789657614425679493,1789657614388680359.jpg
1789657614422006107,1789657614456551453,1789657614422006107.jpg
1789657614455333311,1789657614490396061,1789657614455333311.jpg
1789657614488657612,1789657614523769533,1789657614488657612.jpg
1789657614521982287,1789657614554932949,1789657614521982287.jpg
1789657614555307483,1789657614588503379,1789657614555307483.jpg
1789657614588634634,1789657614624249346,1789657614588634634.jpg
1789657614621960284,1789657614656324591,1789657614621960284.jpg
1789657614655284473,1789657614689772061,1789657614655284473.jpg
1789657614688614566,1789657614722248500,1789657614688614566.jpg
1789657614721936466,1789657614757080842,1789657614721936466.jpg
1789657614755265389,1789657614791418586,1789657614755265389.jpg
1789657614788587559,1789657614821736987,1789657614788587559.jpg
1789657614821918857,1789657614855771016,1789657614821918857.jpg
1789657614855241544,1789657614891502094,1789657614855241544.jpg
1789657614888564197,1789657614922375500,1789657614888564197.jpg
1789657614921893314,1789657614956790667,1789657614921893314.jpg
1789657614955216433,1789657614987484762,1789657614955216433.jpg
1789657614988552380,1789657615021581382,1789657614988552380.jpg
1789657615021872651,1789657615057551418,1789657615021872651.jpg
1789657615055194764,1789657615090444698,1789657615055194764.jpg
1789657615088522130,1789657615121465655,1789657615088522130.jpg
1789657615121846861,1789657615157222992,1789657615121846861.jpg
1789657615155174120,1789657615189935962,1789657615155174120.jpg
1789657615188498796,1789657615224199966,1789657615188498796.jpg
1789657615221824996,1789657615256854382,1789657615221824996.jpg
1789657615255150544,1789657615289170732,1789657615255150544.jpg
1789657615288477555,1789657615321519008,1789657615288477555.jpg
1789657615321801827,1789657615356890595,1789657615321801827.jpg
1789657615355130539,1789657615389644046,1789657615355130539.jpg
1789657615388453947,1789657615422777171,1789657615388453947.jpg
1789657615421781731,1789657615456853959,1789657615421781731.jpg
1789657615455103685,1789657615489962381,1789657615455103685.jpg
1789657615488431736,1789657615524417455,1789657615488431736.jpg
1789657615521760431,1789657615555358007,1789657615521760431.jpg
1789657615555082616,1789657615589328871,1789657615555082616.jpg
1789657615588409647,1789657615623985754,1789657615588409647.jpg
1789657615621733601,1789657615657132565,1789657615621733601.jpg
1789657615655060341,1789657615689673724,1789657615655060341.jpg
1789657615688385759,1789657615722023999,1789657615688385759.jpg
1789657615721714294,1789657615754451791,1789657615721714294.jpg
1789657615755039300,1789657615791126087,1789657615755039300.jpg
1789657615788363373,1789657615822034176,1789657615788363373.jpg
1789657615821693027,1789657615856153703,1789657615821693027.jpg
1789657615855014285,1789657615887905216,1789657615855014285.jpg
1789657615888340238,1789657615921714602,1789657615888340238.jpg
1789657615921666222,1789657615956242248,1789657615921666222.jpg
1789657615954993248,1789657615988593264,1789657615954993248.jpg
1789657615988318864,1789657616021664429,1789657615988318864.jpg
1789657616021646559,1789657616055026160,1789657616021646559.jpg
1789657616054978388,1789657616087905477,1789657616054978388.jpg
1789657616088295377,1789657616123657703,1789657616088295377.jpg
1789657616121621796,1789657616155722078,1789657616121621796.jpg
1789657616154948530,1789657616189970676,1789657616154948530.jpg
1789657616188273165,1789657616222488298,1789657616188273165.jpg
1789657616221600627,1789657616255728051,1789657616221600627.jpg
1789657616254925522,1789657616290558208,1789657616254925522.jpg
1789657616288250629,1789657616321853880,1789657616288250629.jpg
1789657616321577683,1789657616355985944,1789657616321577683.jpg
1789657616354901773,1789657616391637321,1789657616354901773.jpg
1789657616388228845,1789657616421956721,1789657616388228845.jpg
1789657616421555762,1789657616456312557,1789657616421555762.jpg
1789657616454879332,1789657616492010951,1789657616454879332.jpg
1789657616488207872,1789657616523674392,1789657616488207872.jpg
1789657616521531641,1789657616555682805,1789657616521531641.jpg
1789657616554857203,1789657616589070147,1789657616554857203.jpg
1789657616588183693,1789657616622884718,1789657616588183693.jpg
1789657616621508683,1789657616656307373,1789657616621508683.jpg
1789657616654834888,1789657616688418877,1789657616654834888.jpg
1789657616688160221,1789657616721656648,1789657616688160221.jpg
1789657616721489870,1789657616758219780,1789657616721489870.jpg
1789657616754820150,1789657616789770353,1789657616754820150.jpg
1789657616788138667,1789657616821396202,1789657616788138667.jpg
1789657616821465381,1789657616854138004,1789657616821465381.jpg
1789657616854790120,1789657616890846188,1789657616854790120.jpg
1789657616888115459,1789657616923322811,1789657616888115459.jpg
1789657616921445227,1789657616953316757,1789657616921445227.jpg
1789657616954767031,1789657616988428092,1789657616954767031.jpg
1789657616988094290,1789657617022985108,1789657616988094290.jpg
1789657617021418143,1789657617057076524,1789657617021418143.jpg
1789657617054748458,1789657617088840944,1789657617054748458.jpg
1789657617088071275,1789657617123266722,1789657617088071275.jpg
1789657617121395921,1789657617155453631,1789657617121395921.jpg
1789657617154721857,1789657617188316134,1789657617154721857.jpg
1789657617188047955,1789657617220940939,1789657617188047955.jpg
1789657617221375905,1789657617254776547,1789657617221375905.jpg
1789657617254700192,1789657617289216491,1789657617254700192.jpg
1789657617288033331,1789657617322459188,1789657617288033331.jpg
1789657617321354847,1789657617355896732,1789657617321354847.jpg
1789657617354684982,1789657617387962051,1789657617354684982.jpg
1789657617388004376,1789657617422852410,1789657617388004376.jpg
1789657617421335883,1789657617456052608,1789657617421335883.jpg
1789657617454655464,1789657617490285206,1789657617454655464.jpg
1789657617487981631,1789657617521454733,1789657617487981631.jpg
1789657617521306954,1789657617555727163,1789657617521306954.jpg
1789657617554634841,1789657617590965680,1789657617554634841.jpg
1789657617587956593,1789657617621070475,1789657617587956593.jpg
1789657617621286035,1789657617655519123,1789657617621286035.jpg
1789657617654610144,1789657617687983747,1789657617654610144.jpg
1789657617687934595,1789657617724239349,1789657617687934595.jpg
1789657617721262292,1789657617757249293,1789657617721262292.jpg
1789657617754587670,1789657617788696887,1789657617754587670.jpg
1789657617787912228,1789657617822557365,1789657617787912228.jpg
1789657617821240802,1789657617854809809,1789657617821240802.jpg
1789657617854566878,1789657617891170520,1789657617854566878.jpg
1789657617887892373,1789657617921428866,1789657617887892373.jpg
1789657617921220379,1789657617954866206,1789657617921220379.jpg
1789657617954542355,1789657617989100989,1789657617954542355.jpg
1789657617987868911,1789657618021887568,1789657617987868911.jpg
1789657618021193383,1789657618054998583,1789657618021193383.jpg
1789657618054520211,1789657618087889752,1789657618054520211.jpg
1789657618087845592,1789657618122101295,1789657618087845592.jpg
1789657618121175740,1789657618155805072,1789657618121175740.jpg
1789657618154497283,1789657618191762664,1789657618154497283.jpg
1789657618187822905,1789657618222743381,1789657618187822905.jpg
1789657618221148755,1789657618256722318,1789657618221148755.jpg
1789657618254473271,1789657618287509040,1789657618254473271.jpg
1789657618287804105,1789657618324295444,1789657618287804105.jpg
1789657618321130360,1789657618356184527,1789657618321130360.jpg
1789657618354451623,1789657618389742642,1789657618354451623.jpg
1789657618387778785,1789657618422549868,1789657618387778785.jpg
1789657618421103660,1789657618453504474,1789657618421103660.jpg
1789657618454428554,1789657618492469582,1789657618454428554.jpg
1789657618487756739,1789657618523156492,1789657618487756739.jpg
1789657618521084351,1789657618552683764,1789657618521084351.jpg
1789657618554407355,1789657618585721392,1789657618554407355.jpg
1789657618587731567,1789657618623764246,1789657618587731567.jpg
1789657618621059897,1789657618655626848,1789657618621059897.jpg
1789657618654386473,1789657618688133600,1789657618654386473.jpg
1789657618687711148,1789657618720774294,1789657618687711148.jpg
1789657618721038091,1789657618755774020,1789657618721038091.jpg
1789657618754361532,1789657618789372097,1789657618754361532.jpg
1789657618787687509,1789657618825129175,1789657618787687509.jpg
1789657618821013138,1789657618855984451,1789657618821013138.jpg
1789657618854415853,1789657618888589497,1789657618854415853.jpg
1789657618887667902,1789657618923035349,1789657618887667902.jpg
1789657618920991290,1789657618955015355,1789657618920991290.jpg
1789657618954319879,1789657618988432733,1789657618954319879.jpg
1789657618987642950,1789657619022140677,1789657618987642950.jpg
1789657619020968327,1789657619055124232,1789657619020968327.jpg
1789657619054294544,1789657619089416458,1789657619054294544.jpg
1789657619087619538,1789657619119381441,1789657619087619538.jpg
1789657619120947850,1789657619156559243,1789657619120947850.jpg
1789657619154270834,1789657619189319137,1789657619154270834.jpg
1789657619187597910,1789657619222639350,1789657619187597910.jpg
1789657619220924412,1789657619256188909,1789657619220924412.jpg
1789657619254248696,1789657619288246433,1789657619254248696.jpg
1789657619287577521,1789657619323006647,1789657619287577521.jpg
1789657619320900953,1789657619356473023,1789657619320900953.jpg
1789657619354227308,1789657619386976956,1789657619354227308.jpg
1789657619387552929,1789657619422710386,1789657619387552929.jpg
1789657619420879593,1789657619457143182,1789657619420879593.jpg
1789657619454204570,1789657619487027741,1789657619454204570.jpg
1789657619487535045,1789657619520145312,1789657619487535045.jpg
1789657619520859243,1789657619554500110,1789657619520859243.jpg
1789657619554186096,1789657619588599359,1789657619554186096.jpg
1789657619587507935,1789657619622300193,1789657619587507935.jpg
1789657619620837217,1789657619655177658,1789657619620837217.jpg
1789657619654159461,1789657619688825326,1789657619654159461.jpg
1789657619687486894,1789657619721065919,1789657619687486894.jpg
1789657619720814212,1789657619756796052,1789657619720814212.jpg
1789657619754143364,1789657619788114279,1789657619754143364.jpg
1789657619787465226,1789657619822885419,1789657619787465226.jpg
1789657619820791160,1789657619854892943,1789657619820791160.jpg
1789657619854115745,1789657619888220194,1789657619854115745.jpg
1789657619887442138,1789657619922909798,1789657619887442138.jpg
1789657619920806471,1789657619957020584,1789657619920806471.jpg
1789657619954168494,1789657619989174697,1789657619954168494.jpg
1789657619987531005,1789657620021204073,1789657619987531005.jpg
1789657620020899805,1789657620056594104,1789657620020899805.jpg
1789657620054257883,1789657620088682978,1789657620054257883.jpg
1789657620087622842,1789657620122469087,1789657620087622842.jpg
1789657620120987424,1789657620153180441,1789657620120987424.jpg
1789657620154348330,1789657620187718530,1789657620154348330.jpg
1789657620187712355,1789657620224588950,1789657620187712355.jpg
1789657620221076795,1789657620257523359,1789657620221076795.jpg
1789657620254440054,1789657620288974989,1789657620254440054.jpg
1789657620287808762,1789657620322765950,1789657620287808762.jpg
1789657620321167546,1789657620360297612,1789657620321167546.jpg
1789657620354530334,1789657620387951562,1789657620354530334.jpg
1789657620387896713,1789657620423216966,1789657620387896713.jpg
1789657620421257526,1789657620456617992,1789657620421257526.jpg
1789657620454624567,1789657620490379324,1789657620454624567.jpg
1789657620487987333,1789657620521787827,1789657620487987333.jpg
1789657620521349400,1789657620556946123,1789657620521349400.jpg
1789657620554712846,1789657620589441487,1789657620554712846.jpg
1789657620588077104,1789657620622925751,1789657620588077104.jpg
1789657620621440041,1789657620655505946,1789657620621440041.jpg
1789657620654803468,1789657620689317277,1789657620654803468.jpg
1789657620688167484,1789657620723979067,1789657620688167484.jpg
1789657620721530395,1789657620755508215,1789657620721530395.jpg
1789657620754895554,1789657620789087051,1789657620754895554.jpg
1789657620788258980,1789657620823753879,1789657620788258980.jpg
1789657620821622064,1789657620855571945,1789657620821622064.jpg
1789657620854987647,1789657620890370102,1789657620854987647.jpg
1789657620888348001,1789657620921192879,1789657620888348001.jpg
1789657620921715598,1789657620957272911,1789657620921715598.jpg
1789657620955088461,1789657620991721799,1789657620955088461.jpg
1789657620988440145,1789657621024729909,1789657620988440145.jpg
1789657621021803653,1789657621057772519,1789657621021803653.jpg
1789657621055166553,1789657621089614380,1789657621055166553.jpg
1789657621088492783,1789657621124703530,1789657621088492783.jpg
1789657621121819955,1789657621156266936,1789657621121819955.jpg
1789657621155145209,1789657621189034441,1789657621155145209.jpg
1789657621188470895,1789657621223340259,1789657621188470895.jpg
1789657621221803932,1789657621257453470,1789657621221803932.jpg
1789657621255123253,1789657621291219950,1789657621255123253.jpg
1789657621288449134,1789657621321472185,1789657621288449134.jpg
1789657621321773357,1789657621361010260,1789657621321773357.jpg
1789657621355105031,1789657621390957855,1789657621355105031.jpg
1789657621388425655,1789657621422432615,1789657621388425655.jpg
1789657621421751748,1789657621458267653,1789657621421751748.jpg
1789657621455079109,1789657621488073548,1789657621455079109.jpg
1789657621488404252,1789657621521825472,1789657621488404252.jpg
1789657621521732524,1789657621556459097,1789657621521732524.jpg
1789657621555053609,1789657621587215097,1789657621555053609.jpg
1789657621588379878,1789657621624750352,1789657621588379878.jpg
1789657621621709006,1789657621656188001,1789657621621709006.jpg
1789657621655032730,1789657621690963456,1789657621655032730.jpg
1789657621688358424,1789657621723552576,1789657621688358424.jpg
1789657621721683682,1789657621754669827,1789657621721683682.jpg
1789657621755009458,1789657621791335789,1789657621755009458.jpg
1789657621788338329,1789657621822720106,1789657621788338329.jpg
1789657621821660685,1789657621856410792,1789657621821660685.jpg
1789657621854987613,1789657621888488499,1789657621854987613.jpg
1789657621888312157,1789657621921044417,1789657621888312157.jpg
1789657621921641782,1789657621956366728,1789657621921641782.jpg
1789657621954968518,1789657621989971971,1789657621954968518.jpg
1789657621988289967,1789657622024118274,1789657621988289967.jpg
1789657622021615904,1789657622056977684,1789657622021615904.jpg
1789657622054941761,1789657622087953419,1789657622054941761.jpg
1789657622088268754,1789657622125104999,1789657622088268754.jpg
1789657622121593549,1789657622158777536,1789657622121593549.jpg
1789657622154920406,1789657622189158120,1789657622154920406.jpg
1789657622188246717,1789657622223941037,1789657622188246717.jpg
1789657622221570576,1789657622256729597,1789657622221570576.jpg
1789657622254903305,1789657622290429485,1789657622254903305.jpg
1789657622288222665,1789657622321988650,1789657622288222665.jpg
1789657622321549045,1789657622357982129,1789657622321549045.jpg
1789657622354876117,1789657622389921303,1789657622354876117.jpg
1789657622388199970,1789657622422193321,1789657622388199970.jpg
1789657622421529022,1789657622458981928,1789657622421529022.jpg
1789657622454850778,1789657622489227552,1789657622454850778.jpg
1789657622488179992,1789657622523986451,1789657622488179992.jpg
1789657622521504715,1789657622556554535,1789657622521504715.jpg
1789657622554828194,1789657622590248887,1789657622554828194.jpg
1789657622588159025,1789657622623670634,1789657622588159025.jpg
1789657622621480688,1789657622655585716,1789657622621480688.jpg
1789657622654807507,1789657622695502503,1789657622654807507.jpg
1789657622688135505,1789657622722500413,1789657622688135505.jpg
1789657622721458510,1789657622754185186,1789657622721458510.jpg
1789657622754783644,1789657622789729103,1789657622754783644.jpg
1789657622788108566,1789657622821607185,1789657622788108566.jpg
1789657622821436193,1789657622856969125,1789657622821436193.jpg
1789657622854761661,1789657622889797295,1789657622854761661.jpg
1789657622888086234,1789657622921318498,1789657622888086234.jpg
1789657622921415098,1789657622958914547,1789657622921415098.jpg
1789657622954739216,1789657622990080278,1789657622954739216.jpg
1789657622988065231,1789657623022569197,1789657622988065231.jpg
1789657623021391145,1789657623054772068,1789657623021391145.jpg
1789657623054717640,1789657623089526097,1789657623054717640.jpg
1789657623088044404,1789657623124916239,1789657623088044404.jpg
1789657623121368365,1789657623154620488,1789657623121368365.jpg
1789657623154695947,1789657623189381924,1789657623154695947.jpg
1789657623188022267,1789657623221360745,1789657623188022267.jpg
1789657623221347172,1789657623255917890,1789657623221347172.jpg
1789657623254671307,1789657623288432438,1789657623254671307.jpg
1789657623287997268,1789657623322300118,1789657623287997268.jpg
1789657623321322800,1789657623358971728,1789657623321322800.jpg
1789657623354651950,1789657623390301269,1789657623354651950.jpg
1789657623387974503,1789657623421441297,1789657623387974503.jpg
1789657623421301171,1789657623455596915,1789657623421301171.jpg
1789657623454626554,1789657623488698856,1789657623454626554.jpg
1789657623487952672,1789657623524044277,1789657623487952672.jpg
1789657623521278969,1789657623556896576,1789657623521278969.jpg
1789657623554603859,1789657623589776300,1789657623554603859.jpg
1789657623587930371,1789657623622878555,1789657623587930371.jpg
1789657623621254561,1789657623657579215,1789657623621254561.jpg
1789657623654583554,1789657623690956260,1789657623654583554.jpg
1789657623687907273,1789657623722310541,1789657623687907273.jpg
1789657623721232691,1789657623755376798,1789657623721232691.jpg
1789657623754560339,1789657623787267306,1789657623754560339.jpg
1789657623787884204,1789657623823730107,1789657623787884204.jpg
1789657623821211722,1789657623857336646,1789657623821211722.jpg
1789657623854536747,1789657623889692161,1789657623854536747.jpg
1789657623887881085,1789657623923227591,1789657623887881085.jpg
1789657623921188669,1789657623955174061,1789657623921188669.jpg
1789657623954512185,1789657623990206694,1789657623954512185.jpg
1789657623987845007,1789657624023473204,1789657623987845007.jpg
1789657624021164725,1789657624055033684,1789657624021164725.jpg
1789657624054493558,1789657624088707351,1789657624054493558.jpg
1789657624087817350,1789657624121801403,1789657624087817350.jpg
1789657624121142065,1789657624154742866,1789657624121142065.jpg
1789657624154470196,1789657624189943402,1789657624154470196.jpg
1789657624187795101,1789657624221991981,1789657624187795101.jpg
1789657624221121270,1789657624256486034,1789657624221121270.jpg
1789657624254446600,1789657624288888882,1789657624254446600.jpg
1789657624287772816,1789657624324394965,1789657624287772816.jpg
1789657624321096043,1789657624354797400,1789657624321096043.jpg
1789657624354423228,1789657624391045169,1789657624354423228.jpg
1789657624387749690,1789657624424050686,1789657624387749690.jpg
1789657624421076365,1789657624455054532,1789657624421076365.jpg
1789657624454400117,1789657624488428225,1789657624454400117.jpg
1789657624487726291,1789657624523399470,1789657624487726291.jpg
1789657624521052520,1789657624556372136,1789657624521052520.jpg
1789657624554380448,1789657624591222440,1789657624554380448.jpg
1789657624587706062,1789657624623599418,1789657624587706062.jpg
1789657624621029314,1789657624655744605,1789657624621029314.jpg
1789657624654355658,1789657624690801700,1789657624654355658.jpg
1789657624687681639,1789657624724604012,1789657624687681639.jpg
1789657624721007125,1789657624756549185,1789657624721007125.jpg
1789657624754339254,1789657624789254581,1789657624754339254.jpg
1789657624787658703,1789657624824172235,1789657624787658703.jpg
1789657624820986454,1789657624854497320,1789657624820986454.jpg
1789657624854309880,1789657624887342008,1789657624854309880.jpg
1789657624887637347,1789657624925947865,1789657624887637347.jpg
1789657624920964222,1789657624955229976,1789657624920964222.jpg
1789657624954288757,1789657624988066146,1789657624954288757.jpg
1789657624987614572,1789657625022877821,1789657624987614572.jpg
1789657625020939203,1789657625057209731,1789657625020939203.jpg
1789657625054265045,1789657625093370983,1789657625054265045.jpg
1789657625087595778,1789657625122572744,1789657625087595778.jpg
1789657625120917784,1789657625156209746,1789657625120917784.jpg
1789657625154243387,1789657625188388302,1789657625154243387.jpg
1789657625187568200,1789657625222150893,1789657625187568200.jpg
1789657625220895934,1789657625254661774,1789657625220895934.jpg
1789657625254221052,1789657625289574373,1789657625254221052.jpg
1789657625287546205,1789657625324011558,1789657625287546205.jpg
1789657625320872268,1789657625354789020,1789657625320872268.jpg
1789657625354198210,1789657625387301550,1789657625354198210.jpg
1789657625387524099,1789657625424211616,1789657625387524099.jpg
1789657625420849126,1789657625455757522,1789657625420849126.jpg
1789657625454177209,1789657625488756725,1789657625454177209.jpg
1789657625487503851,1789657625522536741,1789657625487503851.jpg
1789657625520827301,1789657625554609930,1789657625520827301.jpg
1789657625554155855,1789657625590677869,1789657625554155855.jpg
1789657625587480105,1789657625622350068,1789657625587480105.jpg
1789657625620809604,1789657625654599864,1789657625620809604.jpg
1789657625654131057,1789657625690645749,1789657625654131057.jpg
1789657625687458827,1789657625722903118,1789657625687458827.jpg
1789657625720781177,1789657625757834883,1789657625720781177.jpg
1789657625754108193,1789657625789433491,1789657625754108193.jpg
1789657625787435970,1789657625824217204,1789657625787435970.jpg
1789657625820759541,1789657625855027295,1789657625820759541.jpg
1789657625854086407,1789657625887376885,1789657625854086407.jpg
1789657625887410663,1789657625922336297,1789657625887410663.jpg
1789657625920737702,1789657625955993872,1789657625920737702.jpg
1789657625954064956,1789657625987450354,1789657625954064956.jpg
1789657625987389318,1789657626021438828,1789657625987389318.jpg
1789657626020715666,1789657626055130550,1789657626020715666.jpg
1789657626054041008,1789657626090597727,1789657626054041008.jpg
1789657626087366656,1789657626121117510,1789657626087366656.jpg
1789657626120696185,1789657626155313016,1789657626120696185.jpg
1789657626154019755,1789657626188145204,1789657626154019755.jpg
1789657626187345206,1789657626222654627,1789657626187345206.jpg
1789657626220669231,1789657626256959945,1789657626220669231.jpg
1789657626253994720,1789657626289891927,1789657626253994720.jpg
1789657626287328465,1789657626320260770,1789657626287328465.jpg
1789657626320647164,1789657626356089401,1789657626320647164.jpg
1789657626353972249,1789657626388562524,1789657626353972249.jpg
1789657626387300386,1789657626421504395,1789657626387300386.jpg
1789657626420624089,1789657626454624409,1789657626420624089.jpg
1789657626453951081,1789657626491115079,1789657626453951081.jpg
1789657626487279265,1789657626523379040,1789657626487279265.jpg
1789657626520601039,1789657626555204532,1789657626520601039.jpg
1789657626553928276,1789657626590134389,1789657626553928276.jpg
1789657626587254129,1789657626622410499,1789657626587254129.jpg
1789657626620583203,1789657626656383158,1789657626620583203.jpg
1789657626653907867,1789657626688235926,1789657626653907867.jpg
1789657626687233417,1789657626722328675,1789657626687233417.jpg
1789657626720555640,1789657626755603723,1789657626720555640.jpg
1789657626753883605,1789657626788215416,1789657626753883605.jpg
1789657626787211905,1789657626822547659,1789657626787211905.jpg
1789657626820534018,1789657626858561322,1789657626820534018.jpg
1789657626853860448,1789657626886726480,1789657626853860448.jpg
1789657626887190376,1789657626922341228,1789657626887190376.jpg
1789657626920511854,1789657626957304510,1789657626920511854.jpg
1789657626953840685,1789657626989039374,1789657626953840685.jpg
1789657626987162694,1789657627021791935,1789657626987162694.jpg
1789657627020491088,1789657627056838678,1789657627020491088.jpg
1789657627053816322,1789657627087538105,1789657627053816322.jpg
1789657627087140534,1789657627120575455,1789657627087140534.jpg
1789657627120467921,1789657627156702467,1789657627120467921.jpg
1789657627153793064,1789657627188860542,1789657627153793064.jpg
1789657627187120830,1789657627224682747,1789657627187120830.jpg
1789657627220445098,1789657627256195895,1789657627220445098.jpg
1789657627253770147,1789657627287930444,1789657627253770147.jpg
1789657627287096391,1789657627322494940,1789657627287096391.jpg
1789657627320420758,1789657627355588844,1789657627320420758.jpg
1789657627353747700,1789657627388756431,1789657627353747700.jpg
1789657627387076225,1789657627421265535,1789657627387076225.jpg
1789657627420398138,1789657627456812284,1789657627420398138.jpg
1789657627453729991,1789657627488596350,1789657627453729991.jpg
1789657627487050184,1789657627521519054,1789657627487050184.jpg
1789657627520378723,1789657627555046521,1789657627520378723.jpg
1789657627553703681,1789657627590149596,1789657627553703681.jpg
1789657627587029134,1789657627621405843,1789657627587029134.jpg
1789657627620357306,1789657627658455869,1789657627620357306.jpg
1789657627653678957,1789657627686886261,1789657627653678957.jpg
1789657627687005241,1789657627722829351,1789657627687005241.jpg
1789657627720331444,1789657627754390849,1789657627720331444.jpg
1789657627753657834,1789657627788356731,1789657627753657834.jpg
1789657627786983434,1789657627823082631,1789657627786983434.jpg
1789657627820308060,1789657627854749385,1789657627820308060.jpg
1789657627853635585,1789657627888374831,1789657627853635585.jpg
1789657627886963390,1789657627923111360,1789657627886963390.jpg
1789657627920285850,1789657627955379710,1789657627920285850.jpg
1789657627953631103,1789657627990402991,1789657627953631103.jpg
1789657627986938905,1789657628021074641,1789657627986938905.jpg
1789657628020263877,1789657628055489696,1789657628020263877.jpg
1789657628053591316,1789657628091230089,1789657628053591316.jpg
1789657628086916120,1789657628123151485,1789657628086916120.jpg
1789657628120249055,1789657628155912471,1789657628120249055.jpg
1789657628153567507,1789657628187158033,1789657628153567507.jpg
1789657628186892852,1789657628222378864,1789657628186892852.jpg
1789657628220222405,1789657628254736101,1789657628220222405.jpg
1789657628253544121,1789657628288903089,1789657628253544121.jpg
1789657628286873462,1789657628322818175,1789657628286873462.jpg
1789657628320194474,1789657628355526125,1789657628320194474.jpg
1789657628353520986,1789657628390541388,1789657628353520986.jpg
1789657628386852546,1789657628423243820,1789657628386852546.jpg
1789657628420174517,1789657628454375384,1789657628420174517.jpg
1789657628453499842,1789657628491580962,1789657628453499842.jpg
1789657628486825611,1789657628520311624,1789657628486825611.jpg
1789657628520154951,1789657628555247296,1789657628520154951.jpg
1789657628553477399,1789657628587279023,1789657628553477399.jpg
1789657628586802822,1789657628623133134,1789657628586802822.jpg
1789657628620133664,1789657628657462006,1789657628620133664.jpg
1789657628653455776,1789657628689666136,1789657628653455776.jpg
1789657628686782257,1789657628728380638,1789657628686782257.jpg
1789657628720107960,1789657628753664629,1789657628720107960.jpg
1789657628753430571,1789657628790420847,1789657628753430571.jpg
1789657628786760022,1789657628821853367,1789657628786760022.jpg
1789657628820083283,1789657628854093347,1789657628820083283.jpg
1789657628853410311,1789657628889179238,1789657628853410311.jpg
1789657628886735213,1789657628921458292,1789657628886735213.jpg
1789657628920060601,1789657628956174173,1789657628920060601.jpg
1789657628953393836,1789657628989387295,1789657628953393836.jpg
1789657628986711971,1789657629021437540,1789657628986711971.jpg
1789657629020038675,1789657629056247178,1789657629020038675.jpg
1789657629053363662,1789657629088610897,1789657629053363662.jpg
1789657629086695934,1789657629121535082,1789657629086695934.jpg
1789657629120014871,1789657629154688466,1789657629120014871.jpg
1789657629153341734,1789657629187543690,1789657629153341734.jpg
1789657629186669061,1789657629221063250,1789657629186669061.jpg
1789657629220003724,1789657629254499663,1789657629220003724.jpg
1789657629253321475,1789657629288041333,1789657629253321475.jpg
1789657629286644571,1789657629323140667,1789657629286644571.jpg
1789657629319979096,1789657629353531843,1789657629319979096.jpg
1789657629353298140,1789657629387912918,1789657629353298140.jpg
1789657629386622936,1789657629424341885,1789657629386622936.jpg
1789657629419951521,1789657629455443672,1789657629419951521.jpg
1789657629453276021,1789657629490638986,1789657629453276021.jpg
1789657629486599029,1789657629522243556,1789657629486599029.jpg
1789657629519927051,1789657629557285096,1789657629519927051.jpg
1789657629553251050,1789657629588873408,1789657629553251050.jpg
1789657629586578526,1789657629619793144,1789657629586578526.jpg
1789657629619903236,1789657629654419028,1789657629619903236.jpg
1789657629653227919,1789657629688324670,1789657629653227919.jpg
1789657629686555463,1789657629722599044,1789657629686555463.jpg
1789657629719880767,1789657629755583042,1789657629719880767.jpg
1789657629753206390,1789657629789065325,1789657629753206390.jpg
1789657629786533835,1789657629823310625,1789657629786533835.jpg
1789657629819857955,1789657629855886875,1789657629819857955.jpg
1789657629853184298,1789657629888588937,1789657629853184298.jpg
1789657629886508326,1789657629921257333,1789657629886508326.jpg
1789657629919835272,1789657629954313219,1789657629919835272.jpg
1789657629953160422,1789657629987739410,1789657629953160422.jpg
1789657629986487549,1789657630022896910,1789657629986487549.jpg
1789657630019813381,1789657630054394002,1789657630019813381.jpg
1789657630053138284,1789657630088466195,1789657630053138284.jpg
1789657630086468104,1789657630124729611,1789657630086468104.jpg
1789657630119789793,1789657630155333504,1789657630119789793.jpg
1789657630153115886,1789657630187946123,1789657630153115886.jpg
1789657630186441616,1789657630222754316,1789657630186441616.jpg
1789657630219766662,1789657630256372966,1789657630219766662.jpg
1789657630253094100,1789657630286407706,1789657630253094100.jpg
1789657630286418656,1789657630321115735,1789657630286418656.jpg
1789657630319746090,1789657630354836049,1789657630319746090.jpg
1789657630353070264,1789657630387335467,1789657630353070264.jpg
1789657630386396401,1789657630422490208,1789657630386396401.jpg
1789657630419725912,1789657630454899295,1789657630419725912.jpg
1789657630453047973,1789657630489357368,1789657630453047973.jpg
1789657630486375807,1789657630522856280,1789657630486375807.jpg
1789657630519708841,1789657630554886840,1789657630519708841.jpg
1789657630553026109,1789657630587606512,1789657630553026109.jpg
1789657630586351428,1789657630622320393,1789657630586351428.jpg
1789657630619676871,1789657630654906402,1789657630619676871.jpg
1789657630653003326,1789657630689415566,1789657630653003326.jpg
1789657630686328653,1789657630719288477,1789657630686328653.jpg
1789657630719654229,1789657630754894335,1789657630719654229.jpg
1789657630752981317,1789657630789057304,1789657630752981317.jpg
1789657630786306251,1789657630821356246,1789657630786306251.jpg
1789657630819634487,1789657630854400873,1789657630819634487.jpg
1789657630852958832,1789657630886565115,1789657630852958832.jpg
1789657630886283873,1789657630920921505,1789657630886283873.jpg
1789657630919610352,1789657630954926719,1789657630919610352.jpg
1789657630952933955,1789657630988036141,1789657630952933955.jpg
1789657630986263579,1789657631028426433,1789657630986263579.jpg
1789657631019587975,1789657631051514257,1789657631019587975.jpg
1789657631052913014,1789657631084678455,1789657631052913014.jpg
1789657631086239740,1789657631121750906,1789657631086239740.jpg
1789657631119564714,1789657631154384024,1789657631119564714.jpg
1789657631152890445,1789657631187990767,1789657631152890445.jpg
1789657631186219363,1789657631221832762,1789657631186219363.jpg
1789657631219542871,1789657631255285101,1789657631219542871.jpg
1789657631252873812,1789657631290656317,1789657631252873812.jpg
1789657631286193309,1789657631321043271,1789657631286193309.jpg
1789657631319518756,1789657631353461913,1789657631319518756.jpg
1789657631352848833,1789657631385916481,1789657631352848833.jpg
1789657631386171367,1789657631420554290,1789657631386171367.jpg
1789657631419507342,1789657631453522789,1789657631419507342.jpg
1789657631452875748,1789657631486811614,1789657631452875748.jpg
1789657631486151584,1789657631521426516,1789657631486151584.jpg
1789657631519475266,1789657631553979062,1789657631519475266.jpg
1789657631552801800,1789657631588991380,1789657631552801800.jpg
1789657631586127776,1789657631619520645,1789657631586127776.jpg
1789657631619451371,1789657631652936188,1789657631619451371.jpg
1789657631652779103,1789657631688373588,1789657631652779103.jpg
1789657631686104738,1789657631721028891,1789657631686104738.jpg
1789657631719430487,1789657631755515593,1789657631719430487.jpg
1789657631752756339,1789657631787091201,1789657631752756339.jpg
1789657631786081509,1789657631819800763,1789657631786081509.jpg
1789657631819407153,1789657631857285666,1789657631819407153.jpg
1789657631852735047,1789657631890728950,1789657631852735047.jpg
1789657631886062782,1789657631922763620,1789657631886062782.jpg
1789657631919387677,1789657631953065761,1789657631919387677.jpg
1789657631952710256,1789657631987600943,1789657631952710256.jpg
1789657631986036683,1789657632024309144,1789657631986036683.jpg
1789657632019362780,1789657632054836631,1789657632019362780.jpg
1789657632052690959,1789657632088525889,1789657632052690959.jpg
1789657632086013637,1789657632121695383,1789657632086013637.jpg
1789657632119338726,1789657632156496818,1789657632119338726.jpg
1789657632152667325,1789657632187996798,1789657632152667325.jpg
1789657632185990742,1789657632220968205,1789657632185990742.jpg
1789657632219321063,1789657632256005003,1789657632219321063.jpg
1789657632252645284,1789657632288861061,1789657632252645284.jpg
1789657632285969145,1789657632321619602,1789657632285969145.jpg
1789657632319295025,1789657632353962914,1789657632319295025.jpg
1789657632352620421,1789657632386999207,1789657632352620421.jpg
1789657632385946905,1789657632423070184,1789657632385946905.jpg
1789657632419276078,1789657632453961124,1789657632419276078.jpg
1789657632452599596,1789657632487084416,1789657632452599596.jpg
1789657632485924841,1789657632521723021,1789657632485924841.jpg
1789657632519249678,1789657632553927261,1789657632519249678.jpg
1789657632552574878,1789657632589254386,1789657632552574878.jpg
1789657632585903154,1789657632620234213,1789657632585903154.jpg
1789657632619228170,1789657632653635053,1789657632619228170.jpg
1789657632652552588,1789657632689511220,1789657632652552588.jpg
1789657632685877654,1789657632720304866,1789657632685877654.jpg
1789657632719205186,1789657632755115560,1789657632719205186.jpg
1789657632752535724,1789657632787720938,1789657632752535724.jpg
1789657632785862865,1789657632820418203,1789657632785862865.jpg
1789657632819182052,1789657632855413688,1789657632819182052.jpg
1789657632852510796,1789657632885872566,1789657632852510796.jpg
1789657632885835286,1789657632919944667,1789657632885835286.jpg
1789657632919163896,1789657632953823624,1789657632919163896.jpg
1789657632952485690,1789657632987508939,1789657632952485690.jpg
1789657632985813188,1789657633020632452,1789657632985813188.jpg
1789657633019137447,1789657633054031014,1789657633019137447.jpg
1789657633052465557,1789657633087285210,1789657633052465557.jpg
1789657633085788510,1789657633122283121,1789657633085788510.jpg
1789657633119116505,1789657633155884493,1789657633119116505.jpg
1789657633152442479,1789657633186297927,1789657633152442479.jpg
1789657633185766288,1789657633219787505,1789657633185766288.jpg
1789657633219091655,1789657633253478986,1789657633219091655.jpg
1789657633252418217,1789657633287082913,1789657633252418217.jpg
1789657633285746084,1789657633320619398,1789657633285746084.jpg
1789657633319070011,1789657633353162519,1789657633319070011.jpg
1789657633352396390,1789657633389081203,1789657633352396390.jpg
1789657633385723006,1789657633421965019,1789657633385723006.jpg
1789657633419047056,1789657633453508054,1789657633419047056.jpg
1789657633452372858,1789657633487392826,1789657633452372858.jpg
1789657633485698827,1789657633523608558,1789657633485698827.jpg
1789657633519026027,1789657633552898742,1789657633519026027.jpg
1789657633552352642,1789657633587430480,1789657633552352642.jpg
1789657633585675947,1789657633621457915,1789657633585675947.jpg
1789657633619001993,1789657633653926260,1789657633619001993.jpg
1789657633652327636,1789657633686585582,1789657633652327636.jpg
1789657633685654035,1789657633720481594,1789657633685654035.jpg
1789657633718978626,1789657633755882254,1789657633718978626.jpg
1789657633752304904,1789657633787590193,1789657633752304904.jpg
1789657633785630052,1789657633820704836,1789657633785630052.jpg
1789657633818957972,1789657633856156717,1789657633818957972.jpg
1789657633852283479,1789657633887181098,1789657633852283479.jpg
1789657633885608563,1789657633922020143,1789657633885608563.jpg
1789657633918933642,1789657633954138385,1789657633918933642.jpg
1789657633952259234,1789657633988963967,1789657633952259234.jpg
1789657633985585254,1789657634019474751,1789657633985585254.jpg
1789657634018912221,1789657634053909972,1789657634018912221.jpg
1789657634052238036,1789657634088699351,1789657634052238036.jpg
1789657634085563966,1789657634122662065,1789657634085563966.jpg
1789657634118890958,1789657634156158792,1789657634118890958.jpg
1789657634152216072,1789657634187032307,1789657634152216072.jpg
1789657634185542725,1789657634221321902,1789657634185542725.jpg
1789657634218874798,1789657634255641218,1789657634218874798.jpg
1789657634252192945,1789657634289928277,1789657634252192945.jpg
1789657634285520779,1789657634320438634,1789657634285520779.jpg
1789657634318849720,1789657634352676152,1789657634318849720.jpg
1789657634352169208,1789657634388392914,1789657634352169208.jpg
1789657634385496885,1789657634421292600,1789657634385496885.jpg
1789657634418822290,1789657634452266391,1789657634418822290.jpg
1789657634452149462,1789657634487242987,1789657634452149462.jpg
1789657634485472623,1789657634520966226,1789657634485472623.jpg
1789657634518799274,1789657634555393077,1789657634518799274.jpg
1789657634552126084,1789657634588753399,1789657634552126084.jpg
1789657634585448830,1789657634619562286,1789657634585448830.jpg
1789657634618776975,1789657634654689638,1789657634618776975.jpg
1789657634652105051,1789657634687363589,1789657634652105051.jpg
1789657634685429672,1789657634721312174,1789657634685429672.jpg
1789657634718754455,1789657634752491219,1789657634718754455.jpg
1789657634752081836,1789657634785106079,1789657634752081836.jpg
1789657634785421361,1789657634821486139,1789657634785421361.jpg
1789657634818731504,1789657634853151394,1789657634818731504.jpg
1789657634852062390,1789657634887355009,1789657634852062390.jpg
1789657634885386413,1789657634921233615,1789657634885386413.jpg
1789657634918709324,1789657634955064000,1789657634918709324.jpg
1789657634952035002,1789657634988027777,1789657634952035002.jpg
1789657634985360782,1789657635022211911,1789657634985360782.jpg
1789657635018686721,1789657635054403986,1789657635018686721.jpg
1789657635052015161,1789657635087240284,1789657635052015161.jpg
1789657635085336294,1789657635121051003,1789657635085336294.jpg
1789657635118664828,1789657635154087870,1789657635118664828.jpg
1789657635151990338,1789657635187507228,1789657635151990338.jpg
1789657635185315035,1789657635222734855,1789657635185315035.jpg
1789657635218641315,1789657635249818318,1789657635218641315.jpg
1789657635251967691,1789657635287062764,1789657635251967691.jpg
1789657635285297951,1789657635321261658,1789657635285297951.jpg
1789657635318618506,1789657635353515638,1789657635318618506.jpg
1789657635351948809,1789657635389270048,1789657635351948809.jpg
1789657635385271454,1789657635421429086,1789657635385271454.jpg
1789657635418595936,1789657635451720097,1789657635418595936.jpg
1789657635451926679,1789657635487577189,1789657635451926679.jpg
1789657635485248006,1789657635519583101,1789657635485248006.jpg
1789657635518574782,1789657635554563938,1789657635518574782.jpg
1789657635551900762,1789657635588280696,1789657635551900762.jpg
1789657635585223735,1789657635620779948,1789657635585223735.jpg
1789657635618552850,1789657635654682201,1789657635618552850.jpg
1789657635651877103,1789657635687704569,1789657635651877103.jpg
1789657635685203538,1789657635719101311,1789657635685203538.jpg
1789657635718529714,1789657635755803716,1789657635718529714.jpg
1789657635751855427,1789657635785436355,1789657635751855427.jpg
1789657635785181028,1789657635821967134,1789657635785181028.jpg
1789657635818505916,1789657635854518291,1789657635818505916.jpg
1789657635851833842,1789657635885278420,1789657635851833842.jpg
1789657635885158437,1789657635920218647,1789657635885158437.jpg
1789657635918485652,1789657635952724324,1789657635918485652.jpg
1789657635951811746,1789657635988441495,1789657635951811746.jpg
1789657635985136408,1789657636021248609,1789657635985136408.jpg
1789657636018461886,1789657636053961336,1789657636018461886.jpg
1789657636051785995,1789657636085456983,1789657636051785995.jpg
1789657636085114195,1789657636120891846,1789657636085114195.jpg
1789657636118441411,1789657636153872715,1789657636118441411.jpg
1789657636151764222,1789657636188226919,1789657636151764222.jpg
1789657636185094938,1789657636218848292,1789657636185094938.jpg
1789657636218417666,1789657636253629375,1789657636218417666.jpg
1789657636251744082,1789657636287561368,1789657636251744082.jpg
1789657636285069618,1789657636320899450,1789657636285069618.jpg
1789657636318394143,1789657636354513544,1789657636318394143.jpg
1789657636351719978,1789657636387142348,1789657636351719978.jpg
1789657636385045367,1789657636420556946,1789657636385045367.jpg
1789657636418371320,1789657636454592733,1789657636418371320.jpg
1789657636451697707,1789657636487226685,1789657636451697707.jpg
1789657636485023996,1789657636521931436,1789657636485023996.jpg
1789657636518350210,1789657636551821791,1789657636518350210.jpg
1789657636551675205,1789657636587799769,1789657636551675205.jpg
1789657636585002179,1789657636621480602,1789657636585002179.jpg
1789657636618328454,1789657636653612900,1789657636618328454.jpg
1789657636651651971,1789657636686732561,1789657636651651971.jpg
1789657636684977947,1789657636722030464,1789657636684977947.jpg
1789657636718303349,1789657636754186613,1789657636718303349.jpg
1789657636751630384,1789657636788550355,1789657636751630384.jpg
1789657636784957577,1789657636819356630,1789657636784957577.jpg
1789657636818281763,1789657636853173145,1789657636818281763.jpg
1789657636851608796,1789657636887488258,1789657636851608796.jpg
1789657636884932935,1789657636921488416,1789657636884932935.jpg
1789657636918261831,1789657636952921602,1789657636918261831.jpg
1789657636951585017,1789657636984924847,1789657636951585017.jpg
1789657636984910032,1789657637025175699,1789657636984910032.jpg
1789657637018236106,1789657637055184513,1789657637018236106.jpg
1789657637051561545,1789657637085989585,1789657637051561545.jpg
1789657637084886700,1789657637122294703,1789657637084886700.jpg
1789657637118222093,1789657637152401571,1789657637118222093.jpg
1789657637151540072,1789657637188367142,1789657637151540072.jpg
1789657637184867592,1789657637220146727,1789657637184867592.jpg
1789657637218191193,1789657637251670281,1789657637218191193.jpg
1789657637251515908,1789657637286372235,1789657637251515908.jpg
1789657637284845044,1789657637319348364,1789657637284845044.jpg
1789657637318167554,1789657637353265598,1789657637318167554.jpg
1789657637351498324,1789657637388484966,1789657637351498324.jpg
1789657637384819292,1789657637420374103,1789657637384819292.jpg
1789657637418146465,1789657637452776431,1789657637418146465.jpg
1789657637451472157,1789657637488488101,1789657637451472157.jpg
1789657637484797401,1789657637520429552,1789657637484797401.jpg
1789657637518123086,1789657637555151395,1789657637518123086.jpg
1789657637551448779,1789657637586647764,1789657637551448779.jpg
1789657637584777098,1789657637621091726,1789657637584777098.jpg
1789657637618100366,1789657637651321442,1789657637618100366.jpg
1789657637651427277,1789657637688032272,1789657637651427277.jpg
1789657637684755138,1789657637720652058,1789657637684755138.jpg
1789657637718078828,1789657637752441938,1789657637718078828.jpg
1789657637751406720,1789657637787357425,1789657637751406720.jpg
1789657637784729625,1789657637819471816,1789657637784729625.jpg
1789657637818055748,1789657637852320262,1789657637818055748.jpg
1789657637851383188,1789657637886247255,1789657637851383188.jpg
1789657637884706192,1789657637919434859,1789657637884706192.jpg
1789657637918035646,1789657637954423270,1789657637918035646.jpg
1789657637951359298,1789657637985015811,1789657637951359298.jpg
1789657637984688134,1789657638018427724,1789657637984688134.jpg
1789657638018010808,1789657638053746367,1789657638018010808.jpg
1789657638051335681,1789657638087215020,1789657638051335681.jpg
1789657638084664738,1789657638120694357,1789657638084664738.jpg
1789657638117988869,1789657638153550655,1789657638117988869.jpg
1789657638151314194,1789657638191406604,1789657638151314194.jpg
1789657638184642630,1789657638222089957,1789657638184642630.jpg
1789657638217966304,1789657638253545624,1789657638217966304.jpg
1789657638251293935,1789657638286639397,1789657638251293935.jpg
1789657638284617057,1789657638320978621,1789657638284617057.jpg
1789657638317944914,1789657638354974427,1789657638317944914.jpg
1789657638351271534,1789657638386153989,1789657638351271534.jpg
1789657638384594810,1789657638418405321,1789657638384594810.jpg
1789657638417922067,1789657638453670429,1789657638417922067.jpg
1789657638451246601,1789657638486552355,1789657638451246601.jpg
1789657638484572518,1789657638520614715,1789657638484572518.jpg
1789657638517900029,1789657638551708021,1789657638517900029.jpg
1789657638551224321,1789657638587430617,1789657638551224321.jpg
1789657638584549326,1789657638620382301,1789657638584549326.jpg
1789657638617874692,1789657638653099065,1789657638617874692.jpg
1789657638651205312,1789657638686656642,1789657638651205312.jpg
1789657638684527464,1789657638720574172,1789657638684527464.jpg
1789657638717852482,1789657638754284004,1789657638717852482.jpg
1789657638751181565,1789657638787285502,1789657638751181565.jpg
1789657638784504097,1789657638819216434,1789657638784504097.jpg
1789657638817829541,1789657638859211922,1789657638817829541.jpg
1789657638851157370,1789657638886680245,1789657638851157370.jpg
1789657638884482096,1789657638920549462,1789657638884482096.jpg
1789657638917806690,1789657638951351478,1789657638917806690.jpg
1789657638951132781,1789657638984575730,1789657638951132781.jpg
1789657638984460663,1789657639021522054,1789657638984460663.jpg
1789657639017783999,1789657639053880050,1789657639017783999.jpg
1789657639051109730,1789657639085855036,1789657639051109730.jpg
1789657639084438175,1789657639121052553,1789657639084438175.jpg
1789657639117762689,1789657639152079175,1789657639117762689.jpg
1789657639151092311,1789657639185192170,1789657639151092311.jpg
1789657639184417217,1789657639219594928,1789657639184417217.jpg
1789657639217742085,1789657639254483397,1789657639217742085.jpg
1789657639251066151,1789657639286372812,1789657639251066151.jpg
1789657639284391651,1789657639321099618,1789657639284391651.jpg
1789657639317717027,1789657639355435786,1789657639317717027.jpg
1789657639351043750,1789657639383367782,1789657639351043750.jpg
1789657639384377046,1789657639418734258,1789657639384377046.jpg
1789657639417695064,1789657639453923885,1789657639417695064.jpg
1789657639451021004,1789657639485844151,1789657639451021004.jpg
1789657639484348138,1789657639517530016,1789657639484348138.jpg
1789657639517672171,1789657639554739592,1789657639517672171.jpg
1789657639550998439,1789657639586272627,1789657639550998439.jpg
1789657639584325283,1789657639620089327,1789657639584325283.jpg
1789657639617649225,1789657639652834368,1789657639617649225.jpg
1789657639650983811,1789657639687908165,1789657639650983811.jpg
1789657639684302160,1789657639720566413,1789657639684302160.jpg
1789657639717630525,1789657639754665735,1789657639717630525.jpg
1789657639750956351,1789657639785126112,1789657639750956351.jpg
1789657639784279097,1789657639819468483,1789657639784279097.jpg
1789657639817604607,1789657639851428174,1789657639817604607.jpg
1789657639850931335,1789657639884593927,1789657639850931335.jpg
1789657639884256133,1789657639919192477,1789657639884256133.jpg
1789657639917589657,1789657639951877038,1789657639917589657.jpg
1789657639950907191,1789657639986687824,1789657639950907191.jpg
1789657639984233944,1789657640022486955,1789657639984233944.jpg
1789657640017559858,1789657640053024348,1789657640017559858.jpg
1789657640050885284,1789657640086036549,1789657640050885284.jpg
1789657640084212271,1789657640121123161,1789657640084212271.jpg
1789657640117537887,1789657640153071315,1789657640117537887.jpg
1789657640150862635,1789657640184591480,1789657640150862635.jpg
1789657640184189087,1789657640220098803,1789657640184189087.jpg
1789657640217515665,1789657640253633454,1789657640217515665.jpg
1789657640250839890,1789657640284020185,1789657640250839890.jpg
1789657640284166781,1789657640319749799,1789657640284166781.jpg
1789657640317491270,1789657640352104869,1789657640317491270.jpg
1789657640350817373,1789657640386364520,1789657640350817373.jpg
1789657640384144086,1789657640420856869,1789657640384144086.jpg
1789657640417468735,1789657640453100886,1789657640417468735.jpg
1789657640450796025,1789657640488263459,1789657640450796025.jpg
1789657640484121518,1789657640519227990,1789657640484121518.jpg
1789657640517446776,1789657640551750111,1789657640517446776.jpg
1789657640550774826,1789657640587110901,1789657640550774826.jpg
1789657640584098696,1789657640619202051,1789657640584098696.jpg
1789657640617425449,1789657640653554774,1789657640617425449.jpg
1789657640650750463,1789657640685347876,1789657640650750463.jpg
1789657640684076197,1789657640718743401,1789657640684076197.jpg
1789657640717401660,1789657640753614148,1789657640717401660.jpg
1789657640750727165,1789657640785721409,1789657640750727165.jpg
1789657640784055571,1789657640820065151,1789657640784055571.jpg
1789657640817380151,1789657640853524730,1789657640817380151.jpg
1789657640850705061,1789657640886685242,1789657640850705061.jpg
1789657640884032792,1789657640920377815,1789657640884032792.jpg
1789657640917358802,1789657640952530649,1789657640917358802.jpg
1789657640950684772,1789657640985524166,1789657640950684772.jpg
1789657640984009669,1789657641019705522,1789657640984009669.jpg
1789657641017333182,1789657641052711020,1789657641017333182.jpg
1789657641050660748,1789657641087419808,1789657641050660748.jpg
1789657641083987261,1789657641119965021,1789657641083987261.jpg
1789657641117311184,1789657641153753092,1789657641117311184.jpg
1789657641150638749,1789657641187187245,1789657641150638749.jpg
1789657641183962548,1789657641218558488,1789657641183962548.jpg
1789657641217295970,1789657641251617391,1789657641217295970.jpg
1789657641250616986,1789657641285090933,1789657641250616986.jpg
1789657641283940674,1789657641320207433,1789657641283940674.jpg
1789657641317272317,1789657641351236666,1789657641317272317.jpg
1789657641350592767,1789657641384612135,1789657641350592767.jpg
1789657641383919754,1789657641420364471,1789657641383919754.jpg
1789657641417243310,1789657641453002959,1789657641417243310.jpg
1789657641450572747,1789657641487396274,1789657641450572747.jpg
1789657641483898144,1789657641518398304,1789657641483898144.jpg
1789657641517221922,1789657641552203281,1789657641517221922.jpg
1789657641550550426,1789657641586167477,1789657641550550426.jpg
1789657641583874042,1789657641619442190,1789657641583874042.jpg
1789657641617202763,1789657641653780654,1789657641617202763.jpg
1789657641650524403,1789657641685350095,1789657641650524403.jpg
1789657641683851529,1789657641719232885,1789657641683851529.jpg
1789657641717176090,1789657641752066165,1789657641717176090.jpg
1789657641750502884,1789657641785533244,1789657641750502884.jpg
1789657641783829429,1789657641820121479,1789657641783829429.jpg
1789657641817153462,1789657641853508578,1789657641817153462.jpg
1789657641850479920,1789657641886222157,1789657641850479920.jpg
1789657641883805190,1789657641918793758,1789657641883805190.jpg
1789657641917131778,1789657641952078212,1789657641917131778.jpg
1789657641950456785,1789657641986529210,1789657641950456785.jpg
1789657641983783798,1789657642019512690,1789657641983783798.jpg
1789657642017109781,1789657642051022466,1789657642017109781.jpg
1789657642050438865,1789657642085237322,1789657642050438865.jpg
1789657642083761009,1789657642119914388,1789657642083761009.jpg
1789657642117088067,1789657642151312334,1789657642117088067.jpg
1789657642150412372,1789657642185774591,1789657642150412372.jpg
1789657642183738326,1789657642220356567,1789657642183738326.jpg
1789657642217066073,1789657642253143848,1789657642217066073.jpg
1789657642250389739,1789657642287176857,1789657642250389739.jpg
1789657642283715625,1789657642320127171,1789657642283715625.jpg
1789657642317041820,1789657642351897848,1789657642317041820.jpg
1789657642350368125,1789657642388055543,1789657642350368125.jpg
1789657642383696770,1789657642421065726,1789657642383696770.jpg
1789657642417019117,1789657642452620983,1789657642417019117.jpg
1789657642450344613,1789657642485098864,1789657642450344613.jpg
1789657642483668567,1789657642521644513,1789657642483668567.jpg
1789657642516997951,1789657642553404690,1789657642516997951.jpg
1789657642550321980,1789657642584460737,1789657642550321980.jpg
1789657642583647539,1789657642618378156,1789657642583647539.jpg
1789657642616974166,1789657642653677503,1789657642616974166.jpg
1789657642650299031,1789657642684767549,1789657642650299031.jpg
1789657642683627590,1789657642721256903,1789657642683627590.jpg
1789657642716951860,1789657642751465693,1789657642716951860.jpg
1789657642750275484,1789657642785484758,1789657642750275484.jpg
1789657642783603852,1789657642819404232,1789657642783603852.jpg
1789657642816928128,1789657642852555226,1789657642816928128.jpg
1789657642850257585,1789657642886353537,1789657642850257585.jpg
1789657642883581647,1789657642917619375,1789657642883581647.jpg
1789657642916905955,1789657642952721838,1789657642916905955.jpg
1789657642950235093,1789657642984667640,1789657642950235093.jpg
1789657642983557134,1789657643019737419,1789657642983557134.jpg
1789657643016885016,1789657643052203041,1789657643016885016.jpg
1789657643050213277,1789657643085607770,1789657643050213277.jpg
1789657643083535182,1789657643119408210,1789657643083535182.jpg
1789657643116863891,1789657643153238076,1789657643116863891.jpg
1789657643150189580,1789657643185535147,1789657643150189580.jpg
1789657643183512798,1789657643218924801,1789657643183512798.jpg
1789657643216837791,1789657643251898522,1789657643216837791.jpg
1789657643250164117,1789657643285701832,1789657643250164117.jpg
1789657643283490822,1789657643318163696,1789657643283490822.jpg
1789657643316815927,1789657643351057640,1789657643316815927.jpg
1789657643350142813,1789657643386196065,1789657643350142813.jpg
1789657643383466847,1789657643417630547,1789657643383466847.jpg
1789657643416793793,1789657643453421363,1789657643416793793.jpg
1789657643450119740,1789657643485436164,1789657643450119740.jpg
1789657643483450426,1789657643518413069,1789657643483450426.jpg
1789657643516772949,1789657643554075926,1789657643516772949.jpg
1789657643550094198,1789657643582962768,1789657643550094198.jpg
1789657643583424111,1789657643617663501,1789657643583424111.jpg
1789657643616748005,1789657643653146232,1789657643616748005.jpg
1789657643650074473,1789657643685481580,1789657643650074473.jpg
1789657643683399778,1789657643718165882,1789657643683399778.jpg
1789657643716727500,1789657643750432972,1789657643716727500.jpg
1789657643750051618,1789657643785528842,1789657643750051618.jpg
1789657643783385086,1789657643819572388,1789657643783385086.jpg
1789657643816701559,1789657643852494869,1789657643816701559.jpg
1789657643850030380,1789657643887475224,1789657643850030380.jpg
1789657643883368749,1789657643919342232,1789657643883368749.jpg
1789657643916682075,1789657643953186690,1789657643916682075.jpg
1789657643950006411,1789657643984612172,1789657643950006411.jpg
1789657643983331740,1789657644016613380,1789657643983331740.jpg
1789657644016659444,1789657644052879146,1789657644016659444.jpg
1789657644049983826,1789657644084904484,1789657644049983826.jpg
1789657644083309654,1789657644118196344,1789657644083309654.jpg
1789657644116639973,1789657644151263674,1789657644116639973.jpg
1789657644149964408,1789657644185562083,1789657644149964408.jpg
1789657644183290013,1789657644220038543,1789657644183290013.jpg
1789657644216612602,1789657644250670952,1789657644216612602.jpg
1789657644249938047,1789657644287328913,1789657644249938047.jpg
1789657644283265597,1789657644318114263,1789657644283265597.jpg
1789657644316662657,1789657644351667765,1789657644316662657.jpg
1789657644349919579,1789657644386916076,1789657644349919579.jpg
1789657644383241725,1789657644417201439,1789657644383241725.jpg
1789657644416567549,1789657644454317906,1789657644416567549.jpg
1789657644449894678,1789657644486531720,1789657644449894678.jpg
1789657644483220937,1789657644518379247,1789657644483220937.jpg
1789657644516547356,1789657644552018229,1789657644516547356.jpg
1789657644549871728,1789657644585743375,1789657644549871728.jpg
1789657644583197352,1789657644620177003,1789657644583197352.jpg
1789657644616526639,1789657644650946020,1789657644616526639.jpg
1789657644649848808,1789657644684326323,1789657644649848808.jpg
1789657644683174451,1789657644719754740,1789657644683174451.jpg
1789657644716509796,1789657644753093914,1789657644716509796.jpg
1789657644749826056,1789657644785138251,1789657644749826056.jpg
1789657644783151869,1789657644819110317,1789657644783151869.jpg
1789657644816477638,1789657644852761390,1789657644816477638.jpg
1789657644849806444,1789657644886405057,1789657644849806444.jpg
1789657644883130586,1789657644918695850,1789657644883130586.jpg
1789657644916460156,1789657644951292080,1789657644916460156.jpg
1789657644949781222,1789657644985815688,1789657644949781222.jpg
1789657644983107369,1789657645018655986,1789657644983107369.jpg
1789657645016432837,1789657645052976524,1789657645016432837.jpg
1789657645049758883,1789657645084706609,1789657645049758883.jpg
1789657645083086943,1789657645120446445,1789657645083086943.jpg
1789657645116409765,1789657645154313328,1789657645116409765.jpg
1789657645149735457,1789657645184980310,1789657645149735457.jpg
1789657645183062553,1789657645220050441,1789657645183062553.jpg
1789657645216388618,1789657645253028032,1789657645216388618.jpg
1789657645249713341,1789657645285734148,1789657645249713341.jpg
1789657645283039737,1789657645317567730,1789657645283039737.jpg
1789657645316374511,1789657645355185944,1789657645316374511.jpg
1789657645349693295,1789657645385793299,1789657645349693295.jpg
1789657645383016317,1789657645418816296,1789657645383016317.jpg
1789657645416349554,1789657645450006450,1789657645416349554.jpg
1789657645449668200,1789657645485388166,1789657645449668200.jpg
1789657645482996522,1789657645519190884,1789657645482996522.jpg
1789657645516320498,1789657645553364722,1789657645516320498.jpg
1789657645549646964,1789657645584654503,1789657645549646964.jpg
1789657645582971952,1789657645619162148,1789657645582971952.jpg
1789657645616297268,1789657645652550136,1789657645616297268.jpg
1789657645649623381,1789657645687297589,1789657645649623381.jpg
1789657645682951819,1789657645717096983,1789657645682951819.jpg
1789657645716276944,1789657645751095214,1789657645716276944.jpg
1789657645749601239,1789657645784180154,1789657645749601239.jpg
1789657645782925583,1789657645818483304,1789657645782925583.jpg
1789657645816254218,1789657645853202295,1789657645816254218.jpg
1789657645849588474,1789657645882679197,1789657645849588474.jpg
1789657645882905207,1789657645918163261,1789657645882905207.jpg
1789657645916232681,1789657645953418905,1789657645916232681.jpg
1789657645949557060,1789657645985273784,1789657645949557060.jpg
1789657645982880818,1789657646017486949,1789657645982880818.jpg
1789657646016211327,1789657646051374406,1789657646016211327.jpg
1789657646049532901,1789657646085931864,1789657646049532901.jpg
1789657646082861221,1789657646118192232,1789657646082861221.jpg
1789657646116184686,1789657646150441878,1789657646116184686.jpg
1789657646149510081,1789657646184473257,1789657646149510081.jpg
1789657646182837570,1789657646217344906,1789657646182837570.jpg
1789657646216163602,1789657646250902352,1789657646216163602.jpg
1789657646249488492,1789657646283655745,1789657646249488492.jpg
1789657646282818554,1789657646317945025,1789657646282818554.jpg
1789657646316143772,1789657646353162818,1789657646316143772.jpg
1789657646349465989,1789657646384952550,1789657646349465989.jpg
1789657646382790682,1789657646417841902,1789657646382790682.jpg
1789657646416118130,1789657646453807380,1789657646416118130.jpg
1789657646449443757,1789657646484731023,1789657646449443757.jpg
1789657646482769644,1789657646517628819,1789657646482769644.jpg
1789657646516095941,1789657646550293325,1789657646516095941.jpg
1789657646549420283,1789657646585456509,1789657646549420283.jpg
1789657646582745986,1789657646618953586,1789657646582745986.jpg
1789657646616072722,1789657646651444782,1789657646616072722.jpg
1789657646649398911,1789657646685523067,1789657646649398911.jpg
1789657646682723449,1789657646717759251,1789657646682723449.jpg
1789657646716051008,1789657646752461501,1789657646716051008.jpg
1789657646749377831,1789657646787105309,1789657646749377831.jpg
1789657646782702946,1789657646819021371,1789657646782702946.jpg
1789657646816032464,1789657646851240666,1789657646816032464.jpg
1789657646849353129,1789657646883724047,1789657646849353129.jpg
1789657646882678313,1789657646918864435,1789657646882678313.jpg
1789657646916003303,1789657646953141493,1789657646916003303.jpg
1789657646949332753,1789657646984201502,1789657646949332753.jpg
1789657646982656157,1789657647019531608,1789657646982656157.jpg
1789657647015982478,1789657647051634146,1789657647015982478.jpg
1789657647049308460,1789657647091423287,1789657647049308460.jpg
1789657647082636924,1789657647117469664,1789657647082636924.jpg
1789657647115960525,1789657647151586578,1789657647115960525.jpg
1789657647149287243,1789657647186646616,1789657647149287243.jpg
1789657647182611244,1789657647217454335,1789657647182611244.jpg
1789657647215940075,1789657647251238165,1789657647215940075.jpg
1789657647249265225,1789657647286805727,1789657647249265225.jpg
1789657647282588542,1789657647317512616,1789657647282588542.jpg
1789657647315916665,1789657647352132924,1789657647315916665.jpg
1789657647349240641,1789657647386368816,1789657647349240641.jpg
1789657647382572599,1789657647420744760,1789657647382572599.jpg
1789657647415898485,1789657647453631409,1789657647415898485.jpg
1789657647449221162,1789657647485262959,1789657647449221162.jpg
1789657647482544003,1789657647519621663,1789657647482544003.jpg
1789657647515869001,1789657647551970474,1789657647515869001.jpg
1789657647549197509,1789657647586092332,1789657647549197509.jpg
1789657647582523076,1789657647616601651,1789657647582523076.jpg
1789657647615846829,1789657647650545069,1789657647615846829.jpg
1789657647649172348,1789657647685015715,1789657647649172348.jpg
1789657647682498155,1789657647717852642,1789657647682498155.jpg
1789657647715825251,1789657647750872102,1789657647715825251.jpg
1789657647749151396,1789657647780991321,1789657647749151396.jpg
1789657647782476385,1789657647817176349,1789657647782476385.jpg
1789657647815802792,1789657647852095094,1789657647815802792.jpg
1789657647849126923,1789657647883693460,1789657647849126923.jpg
1789657647882466622,1789657647917650397,1789657647882466622.jpg
1789657647915778971,1789657647951783458,1789657647915778971.jpg
1789657647949105679,1789657647985381570,1789657647949105679.jpg
1789657647982430441,1789657648020073821,1789657647982430441.jpg
1789657648015757899,1789657648050943780,1789657648015757899.jpg
1789657648049087342,1789657648087229490,1789657648049087342.jpg
1789657648082407877,1789657648118723674,1789657648082407877.jpg
1789657648115734701,1789657648152002072,1789657648115734701.jpg
1789657648149060078,1789657648184500878,1789657648149060078.jpg
1789657648182385622,1789657648215634905,1789657648182385622.jpg
1789657648215712972,1789657648252415436,1789657648215712972.jpg
1789657648249037100,1789657648284856133,1789657648249037100.jpg
1789657648282363160,1789657648316533312,1789657648282363160.jpg
1789657648315689704,1789657648351162786,1789657648315689704.jpg
1789657648349016146,1789657648385827834,1789657648349016146.jpg
1789657648382341197,1789657648418891682,1789657648382341197.jpg
1789657648415665857,1789657648451863828,1789657648415665857.jpg
1789657648448993660,1789657648485215965,1789657648448993660.jpg
1789657648482321969,1789657648519477523,1789657648482321969.jpg
1789657648515642694,1789657648550440665,1789657648515642694.jpg
1789657648548972411,1789657648583687823,1789657648548972411.jpg
1789657648582295187,1789657648616328829,1789657648582295187.jpg
1789657648615622806,1789657648652244530,1789657648615622806.jpg
1789657648648947460,1789657648684996886,1789657648648947460.jpg
1789657648682274058,1789657648716932522,1789657648682274058.jpg
1789657648715598954,1789657648752082613,1789657648715598954.jpg
1789657648748925504,1789657648784519587,1789657648748925504.jpg
1789657648782256440,1789657648818531578,1789657648782256440.jpg
1789657648815578541,1789657648851199435,1789657648815578541.jpg
1789657648848903146,1789657648882913725,1789657648848903146.jpg
1789657648882227736,1789657648919376671,1789657648882227736.jpg
1789657648915554787,1789657648950442218,1789657648915554787.jpg
1789657648948884375,1789657648984107958,1789657648948884375.jpg
1789657648982220085,1789657649017601295,1789657648982220085.jpg
1789657649015532409,1789657649050296948,1789657649015532409.jpg
1789657649048864977,1789657649087503820,1789657649048864977.jpg
1789657649082184487,1789657649118747288,1789657649082184487.jpg
1789657649115509646,1789657649152029871,1789657649115509646.jpg
1789657649148840053,1789657649183202174,1789657649148840053.jpg
1789657649182160525,1789657649218227768,1789657649182160525.jpg
1789657649215486998,1789657649251600997,1789657649215486998.jpg
1789657649248813493,1789657649284434720,1789657649248813493.jpg
1789657649282139830,1789657649315375437,1789657649282139830.jpg
1789657649315465605,1789657649352283483,1789657649315465605.jpg
1789657649348789513,1789657649383774334,1789657649348789513.jpg
1789657649382115430,1789657649418297200,1789657649382115430.jpg
1789657649415442472,1789657649450326352,1789657649415442472.jpg
1789657649448765568,1789657649485239356,1789657649448765568.jpg
1789657649482093162,1789657649523143600,1789657649482093162.jpg
1789657649515423211,1789657649552799719,1789657649515423211.jpg
1789657649548744442,1789657649583056045,1789657649548744442.jpg
1789657649582070599,1789657649616286759,1789657649582070599.jpg
1789657649615395197,1789657649650244528,1789657649615395197.jpg
1789657649648723719,1789657649684296073,1789657649648723719.jpg
1789657649682048285,1789657649718821569,1789657649682048285.jpg
1789657649715375783,1789657649753325769,1789657649715375783.jpg
1789657649748702595,1789657649785410530,1789657649748702595.jpg
1789657649782026771,1789657649819083214,1789657649782026771.jpg
1789657649815350753,1789657649851363804,1789657649815350753.jpg
1789657649848677645,1789657649886322178,1789657649848677645.jpg
1789657649882012162,1789657649918765393,1789657649882012162.jpg
1789657649915329510,1789657649950085285,1789657649915329510.jpg
1789657649948655786,1789657649983584362,1789657649948655786.jpg
1789657649981980226,1789657650017938084,1789657649981980226.jpg
1789657650015307694,1789657650052950438,1789657650015307694.jpg
1789657650048631760,1789657650083757010,1789657650048631760.jpg
1789657650081955798,1789657650116947595,1789657650081955798.jpg
1789657650115284505,1789657650152050354,1789657650115284505.jpg
1789657650148609521,1789657650186777603,1789657650148609521.jpg
1789657650181937358,1789657650218367359,1789657650181937358.jpg
1789657650215262170,1789657650249064914,1789657650215262170.jpg
1789657650248586537,1789657650282592898,1789657650248586537.jpg
1789657650281911032,1789657650316409782,1789657650281911032.jpg
1789657650315240065,1789657650350968592,1789657650315240065.jpg
1789657650348570196,1789657650384546593,1789657650348570196.jpg
1789657650381889859,1789657650415800913,1789657650381889859.jpg
1789657650415214750,1789657650450667141,1789657650415214750.jpg
1789657650448540739,1789657650486033319,1789657650448540739.jpg
1789657650481867569,1789657650517285527,1789657650481867569.jpg
1789657650515208078,1789657650550511278,1789657650515208078.jpg
1789657650548523416,1789657650583049713,1789657650548523416.jpg
1789657650581846340,1789657650618332282,1789657650581846340.jpg
1789657650615174532,1789657650649375181,1789657650615174532.jpg
1789657650648497297,1789657650684014951,1789657650648497297.jpg
1789657650681823163,1789657650718409969,1789657650681823163.jpg
1789657650715149602,1789657650749764008,1789657650715149602.jpg
1789657650748474825,1789657650783584485,1789657650748474825.jpg
1789657650781799358,1789657650817155875,1789657650781799358.jpg
1789657650815124499,1789657650851819219,1789657650815124499.jpg
1789657650848451808,1789657650885284982,1789657650848451808.jpg
1789657650881779754,1789657650916945162,1789657650881779754.jpg
1789657650915103582,1789657650950142562,1789657650915103582.jpg
1789657650948431018,1789657650984247438,1789657650948431018.jpg
1789657650981754521,1789657651018446479,1789657650981754521.jpg
1789657651015080887,1789657651050839622,1789657651015080887.jpg
1789657651048406211,1789657651081993592,1789657651048406211.jpg
1789657651081733483,1789657651116839635,1789657651081733483.jpg
1789657651115060838,1789657651150809034,1789657651115060838.jpg
1789657651148383455,1789657651182699707,1789657651148383455.jpg
1789657651181712354,1789657651216689402,1789657651181712354.jpg
1789657651215035869,1789657651250564840,1789657651215035869.jpg
1789657651248360863,1789657651284616051,1789657651248360863.jpg
1789657651281688875,1789657651317791359,1789657651281688875.jpg
1789657651315012619,1789657651350078485,1789657651315012619.jpg
1789657651348344223,1789657651385981242,1789657651348344223.jpg
1789657651381664983,1789657651418494067,1789657651381664983.jpg
1789657651414991811,1789657651450559903,1789657651414991811.jpg
1789657651448316891,1789657651484175069,1789657651448316891.jpg
1789657651481640973,1789657651516238572,1789657651481640973.jpg
1789657651514968960,1789657651551038468,1789657651514968960.jpg
1789657651548294311,1789657651585556594,1789657651548294311.jpg
1789657651581620059,1789657651617018167,1789657651581620059.jpg
1789657651614946016,1789657651650525300,1789657651614946016.jpg
1789657651648269561,1789657651687219296,1789657651648269561.jpg
1789657651681597256,1789657651717041096,1789657651681597256.jpg
1789657651714928834,1789657651751413262,1789657651714928834.jpg
1789657651748248786,1789657651783496449,1789657651748248786.jpg
1789657651781573721,1789657651817505736,1789657651781573721.jpg
1789657651814900072,1789657651853278848,1789657651814900072.jpg
1789657651848249585,1789657651885661139,1789657651848249585.jpg
1789657651881553747,1789657651918558046,1789657651881553747.jpg
1789657651914877014,1789657651949441782,1789657651914877014.jpg
1789657651948204630,1789657651984409989,1789657651948204630.jpg
1789657651981528624,1789657652018027285,1789657651981528624.jpg
1789657652014856919,1789657652052383563,1789657652014856919.jpg
1789657652048180870,1789657652084377808,1789657652048180870.jpg
1789657652081504962,1789657652117407453,1789657652081504962.jpg
1789657652114832604,1789657652153472595,1789657652114832604.jpg
1789657652148159595,1789657652183083863,1789657652148159595.jpg
1789657652181484587,1789657652217331662,1789657652181484587.jpg
1789657652214809742,1789657652250153553,1789657652214809742.jpg
1789657652248135479,1789657652283743850,1789657652248135479.jpg
1789657652281462966,1789657652316749273,1789657652281462966.jpg
1789657652314786735,1789657652350737078,1789657652314786735.jpg
1789657652348113705,1789657652384814085,1789657652348113705.jpg
1789657652381438145,1789657652418845686,1789657652381438145.jpg
1789657652414768247,1789657652451619374,1789657652414768247.jpg
1789657652448093593,1789657652484620890,1789657652448093593.jpg
1789657652481416096,1789657652514596205,1789657652481416096.jpg
1789657652514746216,1789657652551369977,1789657652514746216.jpg
1789657652548070226,1789657652583307093,1789657652548070226.jpg
1789657652581394357,1789657652624416219,1789657652581394357.jpg
1789657652614723662,1789657652649736670,1789657652614723662.jpg
1789657652648046265,1789657652683633978,1789657652648046265.jpg
1789657652681371022,1789657652718995174,1789657652681371022.jpg
1789657652714696019,1789657652750821757,1789657652714696019.jpg
1789657652748024975,1789657652784194022,1789657652748024975.jpg
1789657652781348972,1789657652815270198,1789657652781348972.jpg
1789657652814675273,1789657652848256288,1789657652814675273.jpg
1789657652848002251,1789657652882257612,1789657652848002251.jpg
1789657652881325644,1789657652916632056,1789657652881325644.jpg
1789657652914652729,1789657652951300715,1789657652914652729.jpg
1789657652947977885,1789657652983184888,1789657652947977885.jpg
1789657652981303371,1789657653017136639,1789657652981303371.jpg
1789657653014632762,1789657653052471114,1789657653014632762.jpg
1789657653047955996,1789657653084876756,1789657653047955996.jpg
1789657653081282917,1789657653117742609,1789657653081282917.jpg
1789657653114609570,1789657653152546394,1789657653114609570.jpg
1789657653147934573,1789657653184324996,1789657653147934573.jpg
1789657653181259221,1789657653217946662,1789657653181259221.jpg
1789657653214584453,1789657653249107743,1789657653214584453.jpg
1789657653247910602,1789657653284993371,1789657653247910602.jpg
1789657653281236544,1789657653317780151,1789657653281236544.jpg
1789657653314562633,1789657653350476304,1789657653314562633.jpg
1789657653347887578,1789657653385342366,1789657653347887578.jpg
1789657653381216578,1789657653416678349,1789657653381216578.jpg
1789657653414540359,1789657653451190753,1789657653414540359.jpg
1789657653447865084,1789657653484535000,1789657653447865084.jpg
1789657653481197742,1789657653514390429,1789657653481197742.jpg
1789657653514517004,1789657653551310883,1789657653514517004.jpg
1789657653547842593,1789657653582776993,1789657653547842593.jpg
1789657653581169043,1789657653616030021,1789657653581169043.jpg
1789657653614493431,1789657653650028493,1789657653614493431.jpg
1789657653647820724,1789657653682757552,1789657653647820724.jpg
1789657653681147336,1789657653719149500,1789657653681147336.jpg
1789657653714471746,1789657653750443911,1789657653714471746.jpg
1789657653747799148,1789657653784664933,1789657653747799148.jpg
1789657653781124468,1789657653815886549,1789657653781124468.jpg
1789657653814448748,1789657653850062943,1789657653814448748.jpg
1789657653847774766,1789657653884585198,1789657653847774766.jpg
1789657653881102279,1789657653917603306,1789657653881102279.jpg
1789657653914440010,1789657653947983573,1789657653914440010.jpg
1789657653947752079,1789657653985358126,1789657653947752079.jpg
1789657653981080064,1789657654020280667,1789657653981080064.jpg
1789657654014404374,1789657654050790301,1789657654014404374.jpg
1789657654047729443,1789657654084899659,1789657654047729443.jpg
1789657654081058227,1789657654117393688,1789657654081058227.jpg
1789657654114381164,1789657654150953263,1789657654114381164.jpg
1789657654147707584,1789657654184372824,1789657654147707584.jpg
1789657654181035804,1789657654216976257,1789657654181035804.jpg
1789657654214357461,1789657654249848332,1789657654214357461.jpg
1789657654247683981,1789657654284396697,1789657654247683981.jpg
1789657654281011973,1789657654317113257,1789657654281011973.jpg
1789657654314341581,1789657654351661419,1789657654314341581.jpg
1789657654347663582,1789657654382553728,1789657654347663582.jpg
1789657654380989034,1789657654416174414,1789657654380989034.jpg
1789657654414318471,1789657654451385244,1789657654414318471.jpg
1789657654447640752,1789657654484993577,1789657654447640752.jpg
1789657654480966661,1789657654517462217,1789657654480966661.jpg
1789657654514293899,1789657654551342155,1789657654514293899.jpg
1789657654547618312,1789657654583660707,1789657654547618312.jpg
1789657654580950408,1789657654616152828,1789657654580950408.jpg
1789657654614269457,1789657654649235416,1789657654614269457.jpg
1789657654647594951,1789657654683070355,1789657654647594951.jpg
1789657654680928749,1789657654715174208,1789657654680928749.jpg
1789657654714248960,1789657654751729448,1789657654714248960.jpg
1789657654747575564,1789657654781909924,1789657654747575564.jpg
1789657654780898454,1789657654816053726,1789657654780898454.jpg
1789657654814224217,1789657654850409800,1789657654814224217.jpg
1789657654847549542,1789657654883413741,1789657654847549542.jpg
1789657654880877315,1789657654917169960,1789657654880877315.jpg
1789657654914203922,1789657654949806226,1789657654914203922.jpg
1789657654947527028,1789657654983916546,1789657654947527028.jpg
1789657654980852717,1789657655016021640,1789657654980852717.jpg
1789657655014179888,1789657655049662862,1789657655014179888.jpg
1789657655047504078,1789657655083152384,1789657655047504078.jpg
1789657655080832093,1789657655115757965,1789657655080832093.jpg
1789657655114156205,1789657655150746227,1789657655114156205.jpg
1789657655147482237,1789657655184062808,1789657655147482237.jpg
1789657655180808751,1789657655215896594,1789657655180808751.jpg
1789657655214134957,1789657655249686497,1789657655214134957.jpg
1789657655247460497,1789657655282934081,1789657655247460497.jpg
1789657655280788434,1789657655317347412,1789657655280788434.jpg
1789657655314113072,1789657655349324935,1789657655314113072.jpg
1789657655347436641,1789657655382059902,1789657655347436641.jpg
1789657655380768725,1789657655418993114,1789657655380768725.jpg
1789657655414099399,1789657655447384747,1789657655414099399.jpg
1789657655447414808,1789657655482203105,1789657655447414808.jpg
1789657655480742497,1789657655516972984,1789657655480742497.jpg
1789657655514065481,1789657655549811633,1789657655514065481.jpg
1789657655547394927,1789657655583622406,1789657655547394927.jpg
1789657655580722805,1789657655615238086,1789657655580722805.jpg
1789657655614042806,1789657655648851605,1789657655614042806.jpg
1789657655647369424,1789657655684077490,1789657655647369424.jpg
1789657655680695599,1789657655717907855,1789657655680695599.jpg
1789657655714022451,1789657655748950142,1789657655714022451.jpg
1789657655747348729,1789657655783675688,1789657655747348729.jpg
1789657655780672829,1789657655816884014,1789657655780672829.jpg
1789657655813998624,1789657655849019884,1789657655813998624.jpg
1789657655847323838,1789657655882764085,1789657655847323838.jpg
1789657655880650799,1789657655915400758,1789657655880650799.jpg
1789657655913976393,1789657655950738862,1789657655913976393.jpg
1789657655947302413,1789657655982387764,1789657655947302413.jpg
1789657655980630965,1789657656018565514,1789657655980630965.jpg
1789657656013953609,1789657656048026971,1789657656013953609.jpg
1789657656047279662,1789657656086130876,1789657656047279662.jpg
1789657656080605630,1789657656117742334,1789657656080605630.jpg
1789657656113930803,1789657656148111898,1789657656113930803.jpg
1789657656147258831,1789657656182292532,1789657656147258831.jpg
1789657656180581481,1789657656215189865,1789657656180581481.jpg
1789657656213916649,1789657656253018610,1789657656213916649.jpg
1789657656247234086,1789657656283223548,1789657656247234086.jpg
1789657656280561838,1789657656316572166,1789657656280561838.jpg
1789657656313886876,1789657656348949642,1789657656313886876.jpg
1789657656347211671,1789657656383099332,1789657656347211671.jpg
1789657656380537746,1789657656416271825,1789657656380537746.jpg
1789657656413863772,1789657656450462681,1789657656413863772.jpg
1789657656447188950,1789657656484407635,1789657656447188950.jpg
1789657656480515211,1789657656518066097,1789657656480515211.jpg
1789657656513841790,1789657656548129187,1789657656513841790.jpg
1789657656547167278,1789657656581492860,1789657656547167278.jpg
1789657656580493172,1789657656617894808,1789657656580493172.jpg
1789657656613826711,1789657656650124973,1789657656613826711.jpg
1789657656647145334,1789657656683049268,1789657656647145334.jpg
1789657656680473630,1789657656713548829,1789657656680473630.jpg
1789657656713796304,1789657656751450516,1789657656713796304.jpg
1789657656747120747,1789657656782850424,1789657656747120747.jpg
1789657656780452468,1789657656816435444,1789657656780452468.jpg
1789657656813774235,1789657656851247635,1789657656813774235.jpg
1789657656847099351,1789657656882869223,1789657656847099351.jpg
1789657656880426868,1789657656914785229,1789657656880426868.jpg
1789657656913749593,1789657656948120995,1789657656913749593.jpg
1789657656947077456,1789657656983977753,1789657656947077456.jpg
1789657656980403207,1789657657014695956,1789657656980403207.jpg
1789657657013727968,1789657657050924557,1789657657013727968.jpg
1789657657047056610,1789657657086150423,1789657657047056610.jpg
1789657657080379642,1789657657118282461,1789657657080379642.jpg
1789657657113708671,1789657657150369000,1789657657113708671.jpg
1789657657147031354,1789657657183875780,1789657657147031354.jpg
1789657657180357344,1789657657214910660,1789657657180357344.jpg
1789657657213686339,1789657657250205784,1789657657213686339.jpg
1789657657247008220,1789657657282865420,1789657657247008220.jpg
1789657657280337281,1789657657316438217,1789657657280337281.jpg
1789657657313664557,1789657657351084784,1789657657313664557.jpg
1789657657346986230,1789657657382474507,1789657657346986230.jpg
1789657657380316803,1789657657417424843,1789657657380316803.jpg
1789657657413637264,1789657657450063071,1789657657413637264.jpg
1789657657446963562,1789657657482797149,1789657657446963562.jpg
1789657657480288937,1789657657515353343,1789657657480288937.jpg
1789657657513618004,1789657657550037093,1789657657513618004.jpg
1789657657546941137,1789657657584131729,1789657657546941137.jpg
1789657657580265924,1789657657616467503,1789657657580265924.jpg
1789657657613593617,1789657657650397124,1789657657613593617.jpg
1789657657646920785,1789657657682065007,1789657657646920785.jpg
1789657657680247287,1789657657716751961,1789657657680247287.jpg
1789657657713570729,1789657657749422800,1789657657713570729.jpg
1789657657746896372,1789657657784339934,1789657657746896372.jpg
1789657657780223525,1789657657816443657,1789657657780223525.jpg
1789657657813553301,1789657657852252194,1789657657813553301.jpg
1789657657846874154,1789657657882091567,1789657657846874154.jpg
1789657657880203273,1789657657916541435,1789657657880203273.jpg
1789657657913526049,1789657657951611287,1789657657913526049.jpg
1789657657946852053,1789657657984356013,1789657657946852053.jpg
1789657657980176613,1789657658015465373,1789657657980176613.jpg
1789657658013503498,1789657658050552261,1789657658013503498.jpg
1789657658046833002,1789657658081946077,1789657658046833002.jpg
1789657658080156066,1789657658118754107,1789657658080156066.jpg
1789657658113485136,1789657658152289979,1789657658113485136.jpg
1789657658146806411,1789657658182283737,1789657658146806411.jpg
1789657658180131694,1789657658216221266,1789657658180131694.jpg
1789657658213464032,1789657658249473386,1789657658213464032.jpg
1789657658246782453,1789657658282494513,1789657658246782453.jpg
1789657658280110104,1789657658316290397,1789657658280110104.jpg
1789657658313435221,1789657658348867479,1789657658313435221.jpg
1789657658346762423,1789657658381334434,1789657658346762423.jpg
1789657658380088723,1789657658416558356,1789657658380088723.jpg
1789657658413411841,1789657658448778039,1789657658413411841.jpg
1789657658446738392,1789657658486846260,1789657658446738392.jpg
1789657658480064969,1789657658516701892,1789657658480064969.jpg
1789657658513390504,1789657658550856508,1789657658513390504.jpg
1789657658546719095,1789657658584942847,1789657658546719095.jpg
1789657658580041643,1789657658616322719,1789657658580041643.jpg
1789657658613371946,1789657658649912831,1789657658613371946.jpg
1789657658646692291,1789657658681028375,1789657658646692291.jpg
1789657658680020648,1789657658717453248,1789657658680020648.jpg
1789657658713346709,1789657658749277868,1789657658713346709.jpg
1789657658746670949,1789657658782429176,1789657658746670949.jpg
1789657658780002439,1789657658816325335,1789657658780002439.jpg
1789657658813322008,1789657658849518939,1789657658813322008.jpg
1789657658846648578,1789657658884345482,1789657658846648578.jpg
1789657658879974430,1789657658915677947,1789657658879974430.jpg
1789657658913308166,1789657658949841489,1789657658913308166.jpg
1789657658946627978,1789657658984800029,1789657658946627978.jpg
1789657658979953450,1789657659015032336,1789657658979953450.jpg
1789657659013276952,1789657659049213581,1789657659013276952.jpg
1789657659046608692,1789657659083363290,1789657659046608692.jpg
1789657659079929851,1789657659114430614,1789657659079929851.jpg
1789657659113256410,1789657659147756380,1789657659113256410.jpg
1789657659146581523,1789657659181700131,1789657659146581523.jpg
1789657659179908843,1789657659216837425,1789657659179908843.jpg
1789657659213235769,1789657659248752468,1789657659213235769.jpg
1789657659246558219,1789657659283246002,1789657659246558219.jpg
1789657659279887187,1789657659316685450,1789657659279887187.jpg
1789657659313208875,1789657659349578172,1789657659313208875.jpg
1789657659346538021,1789657659383600088,1789657659346538021.jpg
1789657659379861545,1789657659416162688,1789657659379861545.jpg
1789657659413186652,1789657659447600225,1789657659413186652.jpg
1789657659446513148,1789657659484423088,1789657659446513148.jpg
1789657659479839815,1789657659516757843,1789657659479839815.jpg
1789657659513170308,1789657659550143219,1789657659513170308.jpg
1789657659546490621,1789657659582287293,1789657659546490621.jpg
1789657659579815761,1789657659614992668,1789657659579815761.jpg
1789657659613143940,1789657659650830259,1789657659613143940.jpg
1789657659646476869,1789657659682102596,1789657659646476869.jpg
1789657659679793972,1789657659716574630,1789657659679793972.jpg
1789657659713121029,1789657659747994556,1789657659713121029.jpg
1789657659746445135,1789657659781675147,1789657659746445135.jpg
1789657659779770366,1789657659815383311,1789657659779770366.jpg
1789657659813096467,1789657659849192121,1789657659813096467.jpg
1789657659846423238,1789657659882573182,1789657659846423238.jpg
1789657659879748813,1789657659917406725,1789657659879748813.jpg
1789657659913076325,1789657659948637656,1789657659913076325.jpg
1789657659946403211,1789657659981578562,1789657659946403211.jpg
1789657659979726682,1789657660015040492,1789657659979726682.jpg
1789657660013052024,1789657660050376818,1789657660013052024.jpg
1789657660046377858,1789657660092092557,1789657660046377858.jpg
1789657660079704422,1789657660117552578,1789657660079704422.jpg
1789657660113030192,1789657660149775669,1789657660113030192.jpg
1789657660146355174,1789657660181572845,1789657660146355174.jpg
1789657660179690276,1789657660215184937,1789657660179690276.jpg
1789657660213006577,1789657660249805523,1789657660213006577.jpg
1789657660246333046,1789657660282786113,1789657660246333046.jpg
1789657660279662402,1789657660313061716,1789657660279662402.jpg
1789657660312983616,1789657660350068000,1789657660312983616.jpg
1789657660346311616,1789657660383447802,1789657660346311616.jpg
1789657660379635902,1789657660415117296,1789657660379635902.jpg
1789657660412963771,1789657660448011721,1789657660412963771.jpg
1789657660446290532,1789657660483229458,1789657660446290532.jpg
1789657660479613451,1789657660515478733,1789657660479613451.jpg
1789657660512944023,1789657660548031353,1789657660512944023.jpg
1789657660546266566,1789657660581455765,1789657660546266566.jpg
1789657660579592473,1789657660616160052,1789657660579592473.jpg
1789657660612925628,1789657660648191481,1789657660612925628.jpg
1789657660646242107,1789657660681892553,1789657660646242107.jpg
1789657660679569265,1789657660716832982,1789657660679569265.jpg
1789657660712901433,1789657660753593883,1789657660712901433.jpg
1789657660746219906,1789657660782302582,1789657660746219906.jpg
1789657660779548101,1789657660813760099,1789657660779548101.jpg
1789657660812871943,1789657660846469196,1789657660812871943.jpg
1789657660846199137,1789657660879596616,1789657660846199137.jpg
1789657660879522808,1789657660916401831,1789657660879522808.jpg
1789657660912852490,1789657660949084725,1789657660912852490.jpg
1789657660946175586,1789657660981105765,1789657660946175586.jpg
1789657660979503314,1789657661015180846,1789657660979503314.jpg
1789657661012826557,1789657661049160725,1789657661012826557.jpg
1789657661046153017,1789657661083277935,1789657661046153017.jpg
1789657661079484177,1789657661116072511,1789657661079484177.jpg
1789657661112803765,1789657661148815921,1789657661112803765.jpg
1789657661146130057,1789657661181183212,1789657661146130057.jpg
1789657661179461104,1789657661215025317,1789657661179461104.jpg
1789657661212781081,1789657661249687309,1789657661212781081.jpg
1789657661246108008,1789657661282875561,1789657661246108008.jpg
1789657661279435341,1789657661315463864,1789657661279435341.jpg
1789657661312758756,1789657661348408603,1789657661312758756.jpg
1789657661346086361,1789657661383309607,1789657661346086361.jpg
1789657661379411790,1789657661416915793,1789657661379411790.jpg
1789657661412740662,1789657661448924389,1789657661412740662.jpg
1789657661446062851,1789657661482485705,1789657661446062851.jpg
1789657661479389487,1789657661517543390,1789657661479389487.jpg
1789657661512717177,1789657661549052110,1789657661512717177.jpg
1789657661546040141,1789657661581591878,1789657661546040141.jpg
1789657661579365755,1789657661616784541,1789657661579365755.jpg
1789657661612690386,1789657661649057760,1789657661612690386.jpg
1789657661646018301,1789657661682914717,1789657661646018301.jpg
1789657661679356077,1789657661714573970,1789657661679356077.jpg
1789657661712669547,1789657661748375761,1789657661712669547.jpg
1789657661745994632,1789657661782473749,1789657661745994632.jpg
1789657661779319583,1789657661815227789,1789657661779319583.jpg
1789657661812649807,1789657661849125523,1789657661812649807.jpg
1789657661845972839,1789657661883418116,1789657661845972839.jpg
1789657661879299707,1789657661914881560,1789657661879299707.jpg
1789657661912624417,1789657661947220962,1789657661912624417.jpg
1789657661945949053,1789657661982051653,1789657661945949053.jpg
1789657661979278683,1789657662014442147,1789657661979278683.jpg
1789657662012603991,1789657662049505184,1789657662012603991.jpg
1789657662045926654,1789657662081512762,1789657662045926654.jpg
1789657662079254247,1789657662116387341,1789657662079254247.jpg
1789657662112578603,1789657662148485212,1789657662112578603.jpg
1789657662145908016,1789657662183131075,1789657662145908016.jpg
1789657662179232694,1789657662217797529,1789657662179232694.jpg
1789657662212557485,1789657662247995153,1789657662212557485.jpg
1789657662245882810,1789657662283947908,1789657662245882810.jpg
1789657662279207151,1789657662314680277,1789657662279207151.jpg
1789657662312535348,1789657662349848034,1789657662312535348.jpg
1789657662345860046,1789657662381039058,1789657662345860046.jpg
1789657662379185099,1789657662414130867,1789657662379185099.jpg
1789657662412510658,1789657662447517077,1789657662412510658.jpg
1789657662445837803,1789657662483056213,1789657662445837803.jpg
1789657662479165207,1789657662514669819,1789657662479165207.jpg
1789657662512489147,1789657662547934457,1789657662512489147.jpg
1789657662545815292,1789657662582511581,1789657662545815292.jpg
1789657662579143035,1789657662616772472,1789657662579143035.jpg
1789657662612464679,1789657662646611363,1789657662612464679.jpg
1789657662645792913,1789657662682727800,1789657662645792913.jpg
1789657662679117774,1789657662715416841,1789657662679117774.jpg
1789657662712444296,1789657662748200548,1789657662712444296.jpg
1789657662745773179,1789657662781362096,1789657662745773179.jpg
1789657662779094397,1789657662814145024,1789657662779094397.jpg
1789657662812420985,1789657662849778565,1789657662812420985.jpg
1789657662845748192,1789657662881685942,1789657662845748192.jpg
1789657662879073238,1789657662914069084,1789657662879073238.jpg
1789657662912399585,1789657662948835943,1789657662912399585.jpg
1789657662945725373,1789657662981079144,1789657662945725373.jpg
1789657662979051651,1789657663014664441,1789657662979051651.jpg
1789657663012376085,1789657663047608625,1789657663012376085.jpg
1789657663045704941,1789657663080373609,1789657663045704941.jpg
1789657663079034005,1789657663115585494,1789657663079034005.jpg
1789657663112356028,1789657663148214223,1789657663112356028.jpg
1789657663145679055,1789657663181047835,1789657663145679055.jpg
1789657663179005492,1789657663213873262,1789657663179005492.jpg
1789657663212330487,1789657663247969712,1789657663212330487.jpg
1789657663245658519,1789657663283417740,1789657663245658519.jpg
1789657663278984085,1789657663315697107,1789657663278984085.jpg
1789657663312307980,1789657663347204104,1789657663312307980.jpg
1789657663345635639,1789657663380608331,1789657663345635639.jpg
1789657663378961839,1789657663417451435,1789657663378961839.jpg
1789657663412285323,1789657663448994690,1789657663412285323.jpg
1789657663445611245,1789657663480980824,1789657663445611245.jpg
1789657663478938490,1789657663512865868,1789657663478938490.jpg
1789657663512262654,1789657663548070420,1789657663512262654.jpg
1789657663545588321,1789657663581241931,1789657663545588321.jpg
1789657663578916568,1789657663615270679,1789657663578916568.jpg
1789657663612239602,1789657663648198048,1789657663612239602.jpg
1789657663645569592,1789657663681540870,1789657663645569592.jpg
1789657663678891383,1789657663715059501,1789657663678891383.jpg
1789657663712219271,1789657663748455155,1789657663712219271.jpg
1789657663745543742,1789657663780209054,1789657663745543742.jpg
1789657663778873202,1789657663813605355,1789657663778873202.jpg
1789657663812193973,1789657663849872103,1789657663812193973.jpg
1789657663845522110,1789657663881878087,1789657663845522110.jpg
1789657663878863486,1789657663914393467,1789657663878863486.jpg
1789657663912172487,1789657663949802069,1789657663912172487.jpg
1789657663945499358,1789657663981170145,1789657663945499358.jpg
1789657663978825424,1789657664015332871,1789657663978825424.jpg
1789657664012150810,1789657664048303258,1789657664012150810.jpg
1789657664045475889,1789657664081672875,1789657664045475889.jpg
1789657664078802722,1789657664116143353,1789657664078802722.jpg
1789657664112128093,1789657664150625275,1789657664112128093.jpg
1789657664145455344,1789657664179084350,1789657664145455344.jpg
1789657664178778994,1789657664214114091,1789657664178778994.jpg
1789657664212109096,1789657664249126055,1789657664212109096.jpg
1789657664245431292,1789657664280530852,1789657664245431292.jpg
1789657664278757881,1789657664314151111,1789657664278757881.jpg
1789657664312083983,1789657664348098528,1789657664312083983.jpg
1789657664345406954,1789657664380014663,1789657664345406954.jpg
1789657664378736954,1789657664416197098,1789657664378736954.jpg
1789657664412063544,1789657664448314543,1789657664412063544.jpg
1789657664445385102,1789657664478988488,1789657664445385102.jpg
1789657664478714020,1789657664514962816,1789657664478714020.jpg
1789657664512037557,1789657664545676593,1789657664512037557.jpg
1789657664545364873,1789657664581466408,1789657664545364873.jpg
1789657664578690060,1789657664612582971,1789657664578690060.jpg
1789657664612017558,1789657664649637624,1789657664612017558.jpg
1789657664645342606,1789657664682763729,1789657664645342606.jpg
1789657664678665846,1789657664713692501,1789657664678665846.jpg
1789657664712003760,1789657664749413965,1789657664712003760.jpg
1789657664745317502,1789657664781696832,1789657664745317502.jpg
1789657664778645253,1789657664815291221,1789657664778645253.jpg
1789657664811974674,1789657664846914031,1789657664811974674.jpg
1789657664845296906,1789657664881525320,1789657664845296906.jpg
1789657664878624795,1789657664916306586,1789657664878624795.jpg
1789657664911946867,1789657664947326078,1789657664911946867.jpg
1789657664945273976,1789657664981055889,1789657664945273976.jpg
1789657664978600937,1789657665017440208,1789657664978600937.jpg
1789657665011923947,1789657665051703117,1789657665011923947.jpg
1789657665045254131,1789657665081417993,1789657665045254131.jpg
1789657665078577539,1789657665113276297,1789657665078577539.jpg
1789657665111902872,1789657665152864201,1789657665111902872.jpg
1789657665145230273,1789657665184405253,1789657665145230273.jpg
1789657665178556413,1789657665216204095,1789657665178556413.jpg
1789657665211881265,1789657665248622458,1789657665211881265.jpg
1789657665245204820,1789657665281836227,1789657665245204820.jpg
1789657665278534741,1789657665315167438,1789657665278534741.jpg
1789657665311860498,1789657665346505477,1789657665311860498.jpg
1789657665345183202,1789657665380219140,1789657665345183202.jpg
1789657665378509271,1789657665415115163,1789657665378509271.jpg
1789657665411834079,1789657665447649005,1789657665411834079.jpg
1789657665445167727,1789657665481971913,1789657665445167727.jpg
1789657665478490106,1789657665514069747,1789657665478490106.jpg
1789657665511811714,1789657665547978554,1789657665511811714.jpg
1789657665545141796,1789657665581133047,1789657665545141796.jpg
1789657665578463961,1789657665613126458,1789657665578463961.jpg
1789657665611790291,1789657665648107442,1789657665611790291.jpg
1789657665645118681,1789657665680580840,1789657665645118681.jpg
1789657665678441995,1789657665716400192,1789657665678441995.jpg
1789657665711767332,1789657665748738501,1789657665711767332.jpg
1789657665745091989,1789657665780150316,1789657665745091989.jpg
1789657665778418169,1789657665814521667,1789657665778418169.jpg
1789657665811747978,1789657665849197362,1789657665811747978.jpg
1789657665845070487,1789657665882475889,1789657665845070487.jpg
1789657665878397539,1789657665914826680,1789657665878397539.jpg
1789657665911725281,1789657665945534735,1789657665911725281.jpg
1789657665945049208,1789657665982481057,1789657665945049208.jpg
1789657665978377453,1789657666012573813,1789657665978377453.jpg
1789657666011701082,1789657666045113284,1789657666011701082.jpg
1789657666045024614,1789657666083269372,1789657666045024614.jpg
1789657666078350696,1789657666114853238,1789657666078350696.jpg
1789657666111676797,1789657666146728875,1789657666111676797.jpg
1789657666145004624,1789657666179649707,1789657666145004624.jpg
1789657666178328165,1789657666213765527,1789657666178328165.jpg
1789657666211656205,1789657666248326947,1789657666211656205.jpg
1789657666244979247,1789657666278732009,1789657666244979247.jpg
1789657666278307446,1789657666314139056,1789657666278307446.jpg
1789657666311631798,1789657666347723353,1789657666311631798.jpg
1789657666344962415,1789657666379452845,1789657666344962415.jpg
1789657666378283791,1789657666414016765,1789657666378283791.jpg
1789657666411607487,1789657666447680374,1789657666411607487.jpg
1789657666444939689,1789657666484110691,1789657666444939689.jpg
1789657666478261133,1789657666514745804,1789657666478261133.jpg
1789657666511586619,1789657666547040170,1789657666511586619.jpg
1789657666544913673,1789657666580137072,1789657666544913673.jpg
1789657666578238862,1789657666612992535,1789657666578238862.jpg
1789657666611563917,1789657666648316547,1789657666611563917.jpg
1789657666644889185,1789657666681059791,1789657666644889185.jpg
1789657666678221443,1789657666712357608,1789657666678221443.jpg
1789657666711541580,1789657666749002253,1789657666711541580.jpg
1789657666744867250,1789657666780409716,1789657666744867250.jpg
1789657666778196174,1789657666815007987,1789657666778196174.jpg
1789657666811518203,1789657666846003572,1789657666811518203.jpg
1789657666844846010,1789657666880619842,1789657666844846010.jpg
1789657666878171198,1789657666916316511,1789657666878171198.jpg
1789657666911496228,1789657666948140390,1789657666911496228.jpg
1789657666944825183,1789657666981095277,1789657666944825183.jpg
1789657666978147775,1789657667013637174,1789657666978147775.jpg
1789657667011472257,1789657667047456835,1789657667011472257.jpg
1789657667044800187,1789657667079708776,1789657667044800187.jpg
1789657667078127597,1789657667113636231,1789657667078127597.jpg
1789657667111455086,1789657667145759194,1789657667111455086.jpg
1789657667144776690,1789657667181288516,1789657667144776690.jpg
1789657667178107017,1789657667213436627,1789657667178107017.jpg
1789657667211435173,1789657667248167505,1789657667211435173.jpg
1789657667244753357,1789657667279726501,1789657667244753357.jpg
1789657667278081006,1789657667314803890,1789657667278081006.jpg
1789657667311407953,1789657667347040517,1789657667311407953.jpg
1789657667344736077,1789657667379669949,1789657667344736077.jpg
1789657667378060833,1789657667414092761,1789657667378060833.jpg
1789657667411385386,1789657667447870386,1789657667411385386.jpg
1789657667444711581,1789657667479202611,1789657667444711581.jpg
1789657667478035295,1789657667513871991,1789657667478035295.jpg
1789657667511361734,1789657667547279107,1789657667511361734.jpg
1789657667544687524,1789657667581562238,1789657667544687524.jpg
1789657667578012455,1789657667614056543,1789657667578012455.jpg
1789657667611338340,1789657667647674469,1789657667611338340.jpg
1789657667644665959,1789657667680660336,1789657667644665959.jpg
1789657667677990865,1789657667714425258,1789657667677990865.jpg
1789657667711322565,1789657667748183013,1789657667711322565.jpg
1789657667744641184,1789657667781072550,1789657667744641184.jpg
1789657667777968592,1789657667814432574,1789657667777968592.jpg
1789657667811293276,1789657667847699990,1789657667811293276.jpg
1789657667844623352,1789657667881958288,1789657667844623352.jpg
1789657667877945463,1789657667914452297,1789657667877945463.jpg
1789657667911271413,1789657667948132758,1789657667911271413.jpg
1789657667944600892,1789657667981432044,1789657667944600892.jpg
1789657667977923025,1789657668015278926,1789657667977923025.jpg
1789657668011248098,1789657668048657284,1789657668011248098.jpg
1789657668044573522,1789657668079257341,1789657668044573522.jpg
1789657668077900129,1789657668113532879,1789657668077900129.jpg
1789657668111227020,1789657668145821357,1789657668111227020.jpg
1789657668144551026,1789657668180780860,1789657668144551026.jpg
1789657668177877168,1789657668215223968,1789657668177877168.jpg
1789657668211204550,1789657668246274292,1789657668211204550.jpg
1789657668244532777,1789657668279550929,1789657668244532777.jpg
1789657668277858878,1789657668314094665,1789657668277858878.jpg
1789657668311179469,1789657668346870000,1789657668311179469.jpg
1789657668344507492,1789657668381606953,1789657668344507492.jpg
1789657668377832564,1789657668412218177,1789657668377832564.jpg
1789657668411159571,1789657668446690562,1789657668411159571.jpg
1789657668444484486,1789657668479404955,1789657668444484486.jpg
1789657668477809911,1789657668514380457,1789657668477809911.jpg
1789657668511135044,1789657668548086269,1789657668511135044.jpg
1789657668544460948,1789657668580009385,1789657668544460948.jpg
1789657668577792117,1789657668618057791,1789657668577792117.jpg
1789657668611114799,1789657668643867099,1789657668611114799.jpg
1789657668644438393,1789657668679370718,1789657668644438393.jpg
1789657668677767200,1789657668715933198,1789657668677767200.jpg
1789657668711089700,1789657668746468942,1789657668711089700.jpg
1789657668744421442,1789657668779991518,1789657668744421442.jpg
1789657668777746935,1789657668815059426,1789657668777746935.jpg
1789657668811068541,1789657668848370359,1789657668811068541.jpg
1789657668844394349,1789657668880854054,1789657668844394349.jpg
1789657668877718022,1789657668914440813,1789657668877718022.jpg
1789657668911048590,1789657668947574362,1789657668911048590.jpg
1789657668944372656,1789657668980643246,1789657668944372656.jpg
1789657668977697409,1789657669012947353,1789657668977697409.jpg
1789657669011024722,1789657669046919065,1789657669011024722.jpg
1789657669044347622,1789657669080385272,1789657669044347622.jpg
1789657669077675317,1789657669114457223,1789657669077675317.jpg
1789657669111002513,1789657669144597940,1789657669111002513.jpg
1789657669144329096,1789657669181680352,1789657669144329096.jpg
1789657669177651820,1789657669214427077,1789657669177651820.jpg
1789657669210978630,1789657669244918045,1789657669210978630.jpg
1789657669244307083,1789657669279269174,1789657669244307083.jpg
1789657669277631019,1789657669315392795,1789657669277631019.jpg
1789657669310955607,1789657669350051398,1789657669310955607.jpg
1789657669344284137,1789657669381169405,1789657669344284137.jpg
1789657669377610885,1789657669412904600,1789657669377610885.jpg
1789657669410937266,1789657669446982792,1789657669410937266.jpg
1789657669444257141,1789657669480570070,1789657669444257141.jpg
1789657669477585110,1789657669514461247,1789657669477585110.jpg
1789657669510910171,1789657669546011373,1789657669510910171.jpg
1789657669544235353,1789657669580667494,1789657669544235353.jpg
1789657669577561800,1789657669614916922,1789657669577561800.jpg
1789657669610887961,1789657669646530954,1789657669610887961.jpg
1789657669644213365,1789657669679223107,1789657669644213365.jpg
1789657669677541684,1789657669713664715,1789657669677541684.jpg
1789657669710864102,1789657669745552517,1789657669710864102.jpg
1789657669744195139,1789657669780806123,1789657669744195139.jpg
1789657669777517088,1789657669813295374,1789657669777517088.jpg
1789657669810841605,1789657669847510265,1789657669810841605.jpg
1789657669844169078,1789657669884313851,1789657669844169078.jpg
1789657669877493560,1789657669915391544,1789657669877493560.jpg
1789657669910820133,1789657669948797068,1789657669910820133.jpg
1789657669944144609,1789657669979993906,1789657669944144609.jpg
1789657669977475755,1789657670011181634,1789657669977475755.jpg
1789657670010797745,1789657670047238164,1789657670010797745.jpg
1789657670044122880,1789657670079751691,1789657670044122880.jpg
1789657670077448826,1789657670112085909,1789657670077448826.jpg
1789657670110774227,1789657670146958469,1789657670110774227.jpg
1789657670144102715,1789657670180730372,1789657670144102715.jpg
1789657670177429207,1789657670212425660,1789657670177429207.jpg
1789657670210752865,1789657670246719680,1789657670210752865.jpg
1789657670244100523,1789657670280091259,1789657670244100523.jpg
1789657670277406025,1789657670314113860,1789657670277406025.jpg
1789657670310729319,1789657670345966404,1789657670310729319.jpg
1789657670344063450,1789657670379779102,1789657670344063450.jpg
1789657670377382719,1789657670414622219,1789657670377382719.jpg
1789657670410707542,1789657670445758262,1789657670410707542.jpg
1789657670444033289,1789657670479133249,1789657670444033289.jpg
1789657670477358298,1789657670512498292,1789657670477358298.jpg
1789657670510694261,1789657670546296139,1789657670510694261.jpg
1789657670544010438,1789657670580502346,1789657670544010438.jpg
1789657670577340127,1789657670612450332,1789657670577340127.jpg
1789657670610663255,1789657670646660668,1789657670610663255.jpg
1789657670643992537,1789657670679302433,1789657670643992537.jpg
1789657670677314913,1789657670713392328,1789657670677314913.jpg
1789657670710640247,1789657670746353307,1789657670710640247.jpg
1789657670743967707,1789657670779380543,1789657670743967707.jpg
1789657670777290894,1789657670812244117,1789657670777290894.jpg
1789657670810617536,1789657670846607746,1789657670810617536.jpg
1789657670843943706,1789657670878614805,1789657670843943706.jpg
1789657670877267888,1789657670913476791,1789657670877267888.jpg
1789657670910594231,1789657670946270423,1789657670910594231.jpg
1789657670943920662,1789657670979227309,1789657670943920662.jpg
1789657670977247145,1789657671016405589,1789657670977247145.jpg
1789657671010573585,1789657671045074380,1789657671010573585.jpg
1789657671043899216,1789657671079340789,1789657671043899216.jpg
1789657671077229497,1789657671113357500,1789657671077229497.jpg
1789657671110552587,1789657671145992377,1789657671110552587.jpg
1789657671143876769,1789657671180292396,1789657671143876769.jpg
1789657671177207465,1789657671212507875,1789657671177207465.jpg
1789657671210528667,1789657671247029203,1789657671210528667.jpg
1789657671243857014,1789657671280979454,1789657671243857014.jpg
1789657671277181179,1789657671312655243,1789657671277181179.jpg
1789657671310506094,1789657671348406207,1789657671310506094.jpg
1789657671343838689,1789657671380151717,1789657671343838689.jpg
1789657671377156912,1789657671413223211,1789657671377156912.jpg
1789657671410483580,1789657671444446049,1789657671410483580.jpg
1789657671443805527,1789657671479233760,1789657671443805527.jpg
1789657671477134027,1789657671513789217,1789657671477134027.jpg
1789657671510457812,1789657671544906150,1789657671510457812.jpg
1789657671543786970,1789657671579506680,1789657671543786970.jpg
1789657671577110911,1789657671613187770,1789657671577110911.jpg
1789657671610436021,1789657671645966846,1789657671610436021.jpg
1789657671643765263,1789657671681543315,1789657671643765263.jpg
1789657671677087765,1789657671711667532,1789657671677087765.jpg
1789657671710414104,1789657671748155514,1789657671710414104.jpg
1789657671743740797,1789657671782934614,1789657671743740797.jpg
1789657671777067423,1789657671813581263,1789657671777067423.jpg
1789657671810396140,1789657671847226113,1789657671810396140.jpg
1789657671843716622,1789657671880768744,1789657671843716622.jpg
1789657671877047280,1789657671914038049,1789657671877047280.jpg
1789657671910370783,1789657671948692781,1789657671910370783.jpg
1789657671943694367,1789657671980448327,1789657671943694367.jpg
1789657671977020805,1789657672014258785,1789657671977020805.jpg
1789657672010346741,1789657672046212863,1789657672010346741.jpg
1789657672043675146,1789657672083934018,1789657672043675146.jpg
1789657672076999062,1789657672113327199,1789657672076999062.jpg
1789657672110323864,1789657672144912527,1789657672110323864.jpg
1789657672143652691,1789657672180625473,1789657672143652691.jpg
1789657672176983331,1789657672212535868,1789657672176983331.jpg
1789657672210305165,1789657672246885423,1789657672210305165.jpg
1789657672243629302,1789657672278932240,1789657672243629302.jpg
1789657672276953356,1789657672312247358,1789657672276953356.jpg
1789657672310279592,1789657672346011557,1789657672310279592.jpg
1789657672343604405,1789657672380767379,1789657672343604405.jpg
1789657672376931524,1789657672416306497,1789657672376931524.jpg
1789657672410255746,1789657672448261779,1789657672410255746.jpg
1789657672443581462,1789657672480260356,1789657672443581462.jpg
1789657672476912537,1789657672515656459,1789657672476912537.jpg
1789657672510232902,1789657672542894675,1789657672510232902.jpg
1789657672543559460,1789657672580382095,1789657672543559460.jpg
1789657672576885071,1789657672611198666,1789657672576885071.jpg
1789657672610221792,1789657672646404958,1789657672610221792.jpg
1789657672643541625,1789657672679203422,1789657672643541625.jpg
1789657672676862445,1789657672713722677,1789657672676862445.jpg
1789657672710193422,1789657672747056887,1789657672710193422.jpg
1789657672743515095,1789657672779128518,1789657672743515095.jpg
1789657672776839734,1789657672820876682,1789657672776839734.jpg
1789657672810170639,1789657672842639315,1789657672810170639.jpg
1789657672843492087,1789657672877080330,1789657672843492087.jpg
1789657672876822459,1789657672913756789,1789657672876822459.jpg
1789657672910141950,1789657672944689079,1789657672910141950.jpg
1789657672943469005,1789657672978642088,1789657672943469005.jpg
1789657672976796212,1789657673012904349,1789657672976796212.jpg
1789657673010120914,1789657673046157376,1789657673010120914.jpg
1789657673043446360,1789657673080526227,1789657673043446360.jpg
1789657673076772401,1789657673111470257,1789657673076772401.jpg
1789657673110098629,1789657673147503528,1789657673110098629.jpg
1789657673143425150,1789657673180833775,1789657673143425150.jpg
1789657673176750580,1789657673213289026,1789657673176750580.jpg
1789657673210076340,1789657673245805183,1789657673210076340.jpg
1789657673243401596,1789657673279148301,1789657673243401596.jpg
1789657673276732803,1789657673312701765,1789657673276732803.jpg
1789657673310055145,1789657673346617127,1789657673310055145.jpg
1789657673343382092,1789657673378825588,1789657673343382092.jpg
1789657673376706769,1789657673410518358,1789657673376706769.jpg
1789657673410033140,1789657673446981711,1789657673410033140.jpg
1789657673443359567,1789657673480004337,1789657673443359567.jpg
1789657673476683728,1789657673513964660,1789657673476683728.jpg
1789657673510009193,1789657673545139000,1789657673510009193.jpg
1789657673543333834,1789657673579653013,1789657673543333834.jpg
1789657673576660414,1789657673612555716,1789657673576660414.jpg
1789657673609986605,1789657673644778473,1789657673609986605.jpg
1789657673643317992,1789657673679509388,1789657673643317992.jpg
1789657673676636771,1789657673713289828,1789657673676636771.jpg
1789657673709963084,1789657673744140657,1789657673709963084.jpg
1789657673743289305,1789657673778808351,1789657673743289305.jpg
1789657673776615603,1789657673812593902,1789657673776615603.jpg
1789657673809943164,1789657673845442513,1789657673809943164.jpg
1789657673843265170,1789657673879122437,1789657673843265170.jpg
1789657673876591175,1789657673914526039,1789657673876591175.jpg
1789657673909921797,1789657673944632424,1789657673909921797.jpg
1789657673943243291,1789657673979170418,1789657673943243291.jpg
1789657673976570087,1789657674012583145,1789657673976570087.jpg
1789657674009903537,1789657674045988353,1789657674009903537.jpg
1789657674043223847,1789657674078563453,1789657674043223847.jpg
1789657674076547804,1789657674111564135,1789657674076547804.jpg
1789657674109871969,1789657674146113407,1789657674109871969.jpg
1789657674143198760,1789657674179178809,1789657674143198760.jpg
1789657674176523904,1789657674211944959,1789657674176523904.jpg
1789657674209870469,1789657674247299378,1789657674209870469.jpg
1789657674243175499,1789657674282356525,1789657674243175499.jpg
1789657674276502579,1789657674314411972,1789657674276502579.jpg
1789657674309827121,1789657674344461654,1789657674309827121.jpg
1789657674343154484,1789657674379486618,1789657674343154484.jpg
1789657674376487593,1789657674412651036,1789657674376487593.jpg
1789657674409805579,1789657674446203574,1789657674409805579.jpg
1789657674443131067,1789657674478785173,1789657674443131067.jpg
1789657674476459571,1789657674510663161,1789657674476459571.jpg
1789657674509782380,1789657674545680644,1789657674509782380.jpg
1789657674543108256,1789657674581549826,1789657674543108256.jpg
1789657674576435136,1789657674611906945,1789657674576435136.jpg
1789657674609758803,1789657674646946649,1789657674609758803.jpg
1789657674643085994,1789657674681011767,1789657674643085994.jpg
1789657674676413299,1789657674713823731,1789657674676413299.jpg
1789657674709739125,1789657674744794298,1789657674709739125.jpg
1789657674743073654,1789657674778954431,1789657674743073654.jpg
1789657674776391488,1789657674813273246,1789657674776391488.jpg
1789657674809715173,1789657674845206844,1789657674809715173.jpg
1789657674843042560,1789657674879143316,1789657674843042560.jpg
1789657674876369017,1789657674911368721,1789657674876369017.jpg
1789657674909691099,1789657674946253651,1789657674909691099.jpg
1789657674943022542,1789657674980393508,1789657674943022542.jpg
1789657674976344934,1789657675011657752,1789657674976344934.jpg
1789657675009670589,1789657675045271955,1789657675009670589.jpg
1789657675042996162,1789657675080019703,1789657675042996162.jpg
1789657675076321293,1789657675113572093,1789657675076321293.jpg
1789657675109652800,1789657675147348625,1789657675109652800.jpg
1789657675142972260,1789657675178722644,1789657675142972260.jpg
1789657675176299164,1789657675211964486,1789657675176299164.jpg
1789657675209625746,1789657675245959828,1789657675209625746.jpg
1789657675242950182,1789657675279030489,1789657675242950182.jpg
1789657675276277909,1789657675311918192,1789657675276277909.jpg
1789657675309601891,1789657675344304389,1789657675309601891.jpg
1789657675342929876,1789657675381114937,1789657675342929876.jpg
1789657675376256139,1789657675414720177,1789657675376256139.jpg
1789657675409579946,1789657675444520496,1789657675409579946.jpg
1789657675442905835,1789657675479492683,1789657675442905835.jpg
1789657675476230794,1789657675511059271,1789657675476230794.jpg
1789657675509556857,1789657675546313636,1789657675509556857.jpg
1789657675542882506,1789657675578929050,1789657675542882506.jpg
1789657675576209326,1789657675611393578,1789657675576209326.jpg
1789657675609540148,1789657675646929381,1789657675609540148.jpg
1789657675642860669,1789657675683484083,1789657675642860669.jpg
1789657675676189134,1789657675712497347,1789657675676189134.jpg
1789657675709512063,1789657675746216603,1789657675709512063.jpg
1789657675742838630,1789657675779518870,1789657675742838630.jpg
1789657675776164817,1789657675811444949,1789657675776164817.jpg
1789657675809489563,1789657675846203327,1789657675809489563.jpg
1789657675842816712,1789657675878295550,1789657675842816712.jpg
1789657675876140670,1789657675911480597,1789657675876140670.jpg
1789657675909469539,1789657675946246252,1789657675909469539.jpg
1789657675942793796,1789657675977830451,1789657675942793796.jpg
1789657675976125468,1789657676014494855,1789657675976125468.jpg
1789657676009447510,1789657676048178334,1789657676009447510.jpg
1789657676042771052,1789657676078509564,1789657676042771052.jpg
1789657676076094819,1789657676111650816,1789657676076094819.jpg
1789657676109423745,1789657676146999216,1789657676109423745.jpg
1789657676142747209,1789657676180235892,1789657676142747209.jpg
1789657676176077286,1789657676211155959,1789657676176077286.jpg
1789657676209399728,1789657676245889615,1789657676209399728.jpg
1789657676242726213,1789657676277067195,1789657676242726213.jpg
1789657676276052427,1789657676312406743,1789657676276052427.jpg
1789657676309379501,1789657676344903641,1789657676309379501.jpg
1789657676342704808,1789657676377629496,1789657676342704808.jpg
1789657676376028703,1789657676411930941,1789657676376028703.jpg
1789657676409355226,1789657676445838877,1789657676409355226.jpg
1789657676442682829,1789657676477171138,1789657676442682829.jpg
1789657676476005054,1789657676513661213,1789657676476005054.jpg
1789657676509340505,1789657676546064854,1789657676509340505.jpg
1789657676542657817,1789657676578447718,1789657676542657817.jpg
1789657676575986140,1789657676612320414,1789657676575986140.jpg
1789657676609312478,1789657676644373009,1789657676609312478.jpg
1789657676642634121,1789657676679349510,1789657676642634121.jpg
1789657676675962934,1789657676711263645,1789657676675962934.jpg
1789657676709285951,1789657676744296678,1789657676709285951.jpg
1789657676742616849,1789657676778956151,1789657676742616849.jpg
1789657676775938661,1789657676811899667,1789657676775938661.jpg
1789657676809265899,1789657676846238574,1789657676809265899.jpg
1789657676842590912,1789657676880383578,1789657676842590912.jpg
1789657676875916204,1789657676913283873,1789657676875916204.jpg
1789657676909244180,1789657676947482358,1789657676909244180.jpg
1789657676942569267,1789657676978862469,1789657676942569267.jpg
1789657676975892862,1789657677010302505,1789657676975892862.jpg
1789657677009227939,1789657677044157165,1789657677009227939.jpg
1789657677042544504,1789657677080171733,1789657677042544504.jpg
1789657677075874248,1789657677112933699,1789657677075874248.jpg
1789657677109196120,1789657677143378834,1789657677109196120.jpg
1789657677142530765,1789657677178935413,1789657677142530765.jpg
1789657677175848511,1789657677212642262,1789657677175848511.jpg
1789657677209174992,1789657677246302131,1789657677209174992.jpg
1789657677242500799,1789657677278998505,1789657677242500799.jpg
1789657677275826415,1789657677311457182,1789657677275826415.jpg
1789657677309152789,1789657677346247466,1789657677309152789.jpg
1789657677342477255,1789657677376641473,1789657677342477255.jpg
1789657677375802856,1789657677411272946,1789657677375802856.jpg
1789657677409131529,1789657677446420981,1789657677409131529.jpg
1789657677442454996,1789657677479960982,1789657677442454996.jpg
1789657677475786375,1789657677513013681,1789657677475786375.jpg
1789657677509108925,1789657677543399058,1789657677509108925.jpg
1789657677542433478,1789657677578164102,1789657677542433478.jpg
1789657677575762289,1789657677613994249,1789657677575762289.jpg
1789657677609083704,1789657677644567918,1789657677609083704.jpg
1789657677642411626,1789657677678964675,1789657677642411626.jpg
1789657677675739559,1789657677711798972,1789657677675739559.jpg
1789657677709061309,1789657677745360361,1789657677709061309.jpg
1789657677742390690,1789657677781133639,1789657677742390690.jpg
1789657677775712794,1789657677810312973,1789657677775712794.jpg
1789657677809041734,1789657677845750056,1789657677809041734.jpg
1789657677842366213,1789657677878196640,1789657677842366213.jpg
1789657677875691571,1789657677912375625,1789657677875691571.jpg
1789657677909016326,1789657677944928855,1789657677909016326.jpg
1789657677942342134,1789657677979910746,1789657677942342134.jpg
1789657677975668670,1789657678016268397,1789657677975668670.jpg
1789657678008997343,1789657678046294006,1789657678008997343.jpg
1789657678042320008,1789657678077551436,1789657678042320008.jpg
1789657678075645645,1789657678112018080,1789657678075645645.jpg
1789657678108970788,1789657678144650289,1789657678108970788.jpg
1789657678142297525,1789657678179848193,1789657678142297525.jpg
1789657678175623452,1789657678210478564,1789657678175623452.jpg
1789657678208950006,1789657678246652702,1789657678208950006.jpg
1789657678242275563,1789657678278944475,1789657678242275563.jpg
1789657678275601160,1789657678312265389,1789657678275601160.jpg
1789657678308928570,1789657678346192862,1789657678308928570.jpg
1789657678342251496,1789657678378059684,1789657678342251496.jpg
1789657678375581754,1789657678412025415,1789657678375581754.jpg
1789657678408909240,1789657678446222140,1789657678408909240.jpg
1789657678442229980,1789657678478040018,1789657678442229980.jpg
1789657678475575428,1789657678511962195,1789657678475575428.jpg
1789657678508881246,1789657678546186178,1789657678508881246.jpg
1789657678542208366,1789657678579646200,1789657678542208366.jpg
1789657678575535659,1789657678610388624,1789657678575535659.jpg
1789657678608858290,1789657678644263654,1789657678608858290.jpg
1789657678642184234,1789657678679703625,1789657678642184234.jpg
1789657678675508959,1789657678709726160,1789657678675508959.jpg
1789657678708836267,1789657678746315991,1789657678708836267.jpg
1789657678742164985,1789657678776710146,1789657678742164985.jpg
1789657678775488229,1789657678810547195,1789657678775488229.jpg
1789657678808816073,1789657678846547745,1789657678808816073.jpg
1789657678842139285,1789657678878766594,1789657678842139285.jpg
1789657678875464750,1789657678912116063,1789657678875464750.jpg
1789657678908793473,1789657678943939330,1789657678908793473.jpg
1789657678942116782,1789657678977825971,1789657678942116782.jpg
1789657678975442804,1789657679018012636,1789657678975442804.jpg
1789657679008771571,1789657679044382486,1789657679008771571.jpg
1789657679042094108,1789657679077994041,1789657679042094108.jpg
1789657679075419888,1789657679112127805,1789657679075419888.jpg
1789657679108747093,1789657679145218595,1789657679108747093.jpg
1789657679142073431,1789657679177255597,1789657679142073431.jpg
1789657679175397454,1789657679209768402,1789657679175397454.jpg
1789657679208726808,1789657679243121149,1789657679208726808.jpg
1789657679242049562,1789657679280165413,1789657679242049562.jpg
1789657679275377032,1789657679313205556,1789657679275377032.jpg
1789657679308704409,1789657679345940189,1789657679308704409.jpg
1789657679342027094,1789657679378264220,1789657679342027094.jpg
1789657679375353955,1789657679411663558,1789657679375353955.jpg
1789657679408684574,1789657679444930511,1789657679408684574.jpg
1789657679442003624,1789657679476086110,1789657679442003624.jpg
1789657679475332033,1789657679512093159,1789657679475332033.jpg
1789657679508655236,1789657679545184060,1789657679508655236.jpg
1789657679541982581,1789657679577285339,1789657679541982581.jpg
1789657679575307794,1789657679610752823,1789657679575307794.jpg
1789657679608636828,1789657679643775800,1789657679608636828.jpg
1789657679641959376,1789657679678390367,1789657679641959376.jpg
1789657679675284572,1789657679712984323,1789657679675284572.jpg
1789657679708614236,1789657679746525898,1789657679708614236.jpg
1789657679741936857,1789657679784405178,1789657679741936857.jpg
1789657679775264338,1789657679813574493,1789657679775264338.jpg
1789657679808588234,1789657679845387834,1789657679808588234.jpg
1789657679841914593,1789657679878859911,1789657679841914593.jpg
1789657679875238462,1789657679909668074,1789657679875238462.jpg
1789657679908565713,1789657679944114071,1789657679908565713.jpg
1789657679941892311,1789657679978498884,1789657679941892311.jpg
1789657679975217065,1789657680011434400,1789657679975217065.jpg
1789657680008544814,1789657680044365380,1789657680008544814.jpg
1789657680041869208,1789657680078264927,1789657680041869208.jpg
1789657680075193895,1789657680113872431,1789657680075193895.jpg
1789657680108521828,1789657680145688254,1789657680108521828.jpg
1789657680141846301,1789657680179625893,1789657680141846301.jpg
1789657680175170031,1789657680210417945,1789657680175170031.jpg
1789657680208507383,1789657680245203248,1789657680208507383.jpg
1789657680241822598,1789657680278997280,1789657680241822598.jpg
1789657680275156771,1789657680312511652,1789657680275156771.jpg
1789657680308475954,1789657680343167671,1789657680308475954.jpg
1789657680341802027,1789657680376758559,1789657680341802027.jpg
1789657680375130637,1789657680412620242,1789657680375130637.jpg
1789657680408451784,1789657680445010902,1789657680408451784.jpg
1789657680441786449,1789657680478057397,1789657680441786449.jpg
1789657680475105032,1789657680510405428,1789657680475105032.jpg
1789657680508430126,1789657680546118374,1789657680508430126.jpg
1789657680541756070,1789657680578826582,1789657680541756070.jpg
1789657680575088818,1789657680611050394,1789657680575088818.jpg
1789657680608408679,1789657680644403362,1789657680608408679.jpg
1789657680641735870,1789657680677235807,1789657680641735870.jpg
1789657680675058859,1789657680710321894,1789657680675058859.jpg
1789657680708386908,1789657680746283297,1789657680708386908.jpg
1789657680741710453,1789657680776209612,1789657680741710453.jpg
1789657680775037107,1789657680811690156,1789657680775037107.jpg
1789657680808363595,1789657680845752070,1789657680808363595.jpg
1789657680841689405,1789657680879154908,1789657680841689405.jpg
1789657680875017107,1789657680911719082,1789657680875017107.jpg
1789657680908338686,1789657680944555823,1789657680908338686.jpg
1789657680941667011,1789657680978976468,1789657680941667011.jpg
1789657680974990314,1789657681010257693,1789657680974990314.jpg
1789657681008316609,1789657681043720437,1789657681008316609.jpg
1789657681041643396,1789657681078715456,1789657681041643396.jpg
1789657681074967804,1789657681110176677,1789657681074967804.jpg
1789657681108295200,1789657681144996719,1789657681108295200.jpg
1789657681141625760,1789657681174336697,1789657681141625760.jpg
1789657681174972436,1789657681210503817,1789657681174972436.jpg
1789657681208279596,1789657681245002812,1789657681208279596.jpg
1789657681241598555,1789657681277233476,1789657681241598555.jpg
1789657681274924385,1789657681309816501,1789657681274924385.jpg
1789657681308248718,1789657681341819023,1789657681308248718.jpg
1789657681341575578,1789657681377654280,1789657681341575578.jpg
1789657681374900468,1789657681410916252,1789657681374900468.jpg
1789657681408226081,1789657681444383014,1789657681408226081.jpg
1789657681441552028,1789657681477356918,1789657681441552028.jpg
1789657681474878235,1789657681510773311,1789657681474878235.jpg
1789657681508207811,1789657681546302558,1789657681508207811.jpg
1789657681541530846,1789657681577111573,1789657681541530846.jpg
1789657681574855563,1789657681612693003,1789657681574855563.jpg
1789657681608181034,1789657681646946097,1789657681608181034.jpg
1789657681641506952,1789657681677410806,1789657681641506952.jpg
1789657681674835999,1789657681711000602,1789657681674835999.jpg
1789657681708160941,1789657681746192246,1789657681708160941.jpg
1789657681741485079,1789657681777473119,1789657681741485079.jpg
1789657681774811481,1789657681811394296,1789657681774811481.jpg
1789657681808136909,1789657681846244523,1789657681808136909.jpg
1789657681841464601,1789657681877436380,1789657681841464601.jpg
1789657681874790664,1789657681910229826,1789657681874790664.jpg
1789657681908115441,1789657681943319986,1789657681908115441.jpg
1789657681941445023,1789657681980028666,1789657681941445023.jpg
1789657681974768259,1789657682012121000,1789657681974768259.jpg
1789657682008091190,1789657682043124362,1789657682008091190.jpg
1789657682041420059,1789657682076577773,1789657682041420059.jpg
1789657682074744836,1789657682110205197,1789657682074744836.jpg
1789657682108072322,1789657682145081850,1789657682108072322.jpg
1789657682141395258,1789657682178697367,1789657682141395258.jpg
1789657682174722010,1789657682210642186,1789657682174722010.jpg
1789657682208048942,1789657682245844016,1789657682208048942.jpg
1789657682241372815,1789657682277055187,1789657682241372815.jpg
1789657682274699683,1789657682312068336,1789657682274699683.jpg
1789657682308024869,1789657682346190637,1789657682308024869.jpg
1789657682341351043,1789657682377329402,1789657682341351043.jpg
1789657682374675674,1789657682409427903,1789657682374675674.jpg
1789657682408005239,1789657682443170954,1789657682408005239.jpg
1789657682441327444,1789657682476688308,1789657682441327444.jpg
1789657682474652730,1789657682512307811,1789657682474652730.jpg
1789657682507980666,1789657682544088024,1789657682507980666.jpg
1789657682541304018,1789657682577335310,1789657682541304018.jpg
1789657682574629906,1789657682611633218,1789657682574629906.jpg
1789657682607956033,1789657682644327888,1789657682607956033.jpg
1789657682641288691,1789657682678381913,1789657682641288691.jpg
1789657682674610053,1789657682711362447,1789657682674610053.jpg
1789657682707932836,1789657682744050581,1789657682707932836.jpg
1789657682741260114,1789657682777021152,1789657682741260114.jpg
1789657682774587030,1789657682810384064,1789657682774587030.jpg
1789657682807911522,1789657682844397090,1789657682807911522.jpg
1789657682841236343,1789657682877281386,1789657682841236343.jpg
1789657682874563969,1789657682910335862,1789657682874563969.jpg
1789657682907891843,1789657682944821654,1789657682907891843.jpg
1789657682941217557,1789657682977821650,1789657682941217557.jpg
1789657682974540361,1789657683010331603,1789657682974540361.jpg
1789657683007868073,1789657683044760748,1789657683007868073.jpg
1789657683041192666,1789657683080365752,1789657683041192666.jpg
1789657683074520938,1789657683112630471,1789657683074520938.jpg
1789657683107847113,1789657683143924695,1789657683107847113.jpg
1789657683141169337,1789657683176710179,1789657683141169337.jpg
1789657683174499891,1789657683211174175,1789657683174499891.jpg
1789657683207820799,1789657683244354407,1789657683207820799.jpg
1789657683241148356,1789657683277141371,1789657683241148356.jpg
1789657683274475325,1789657683308641924,1789657683274475325.jpg
1789657683307799685,1789657683344648363,1789657683307799685.jpg
1789657683341125164,1789657683377837261,1789657683341125164.jpg
1789657683374449914,1789657683411257358,1789657683374449914.jpg
1789657683407778038,1789657683443871827,1789657683407778038.jpg
1789657683441102954,1789657683477882094,1789657683441102954.jpg
1789657683474427807,1789657683509781692,1789657683474427807.jpg
1789657683507753165,1789657683545814018,1789657683507753165.jpg
1789657683541078665,1789657683576331392,1789657683541078665.jpg
1789657683574418640,1789657683611042956,1789657683574418640.jpg
1789657683607731666,1789657683643919104,1789657683607731666.jpg
1789657683641058186,1789657683677167445,1789657683641058186.jpg
1789657683674383154,1789657683713192365,1789657683674383154.jpg
1789657683707708211,1789657683743343729,1789657683707708211.jpg
1789657683741034805,1789657683778340545,1789657683741034805.jpg
1789657683774368193,1789657683810014834,1789657683774368193.jpg
1789657683807685829,1789657683848546653,1789657683807685829.jpg
1789657683841014046,1789657683879952986,1789657683841014046.jpg
1789657683874338726,1789657683911948711,1789657683874338726.jpg
1789657683907668120,1789657683947694249,1789657683907668120.jpg
1789657683940990454,1789657683975424749,1789657683940990454.jpg
1789657683974313435,1789657684012211279,1789657683974313435.jpg
1789657684007644748,1789657684044060656,1789657684007644748.jpg
1789657684040967775,1789657684077145965,1789657684040967775.jpg
1789657684074291176,1789657684110745297,1789657684074291176.jpg
1789657684107625607,1789657684145110352,1789657684107625607.jpg
1789657684140945539,1789657684179773602,1789657684140945539.jpg
1789657684174272463,1789657684210587301,1789657684174272463.jpg
1789657684207596514,1789657684243332304,1789657684207596514.jpg
1789657684240923070,1789657684279806471,1789657684240923070.jpg
1789657684274246777,1789657684310461712,1789657684274246777.jpg
1789657684307573299,1789657684343511762,1789657684307573299.jpg
1789657684340903002,1789657684377004302,1789657684340903002.jpg
1789657684374223663,1789657684411142732,1789657684374223663.jpg
1789657684407552533,1789657684445527934,1789657684407552533.jpg
1789657684440877294,1789657684477253203,1789657684440877294.jpg
1789657684474207601,1789657684510433102,1789657684474207601.jpg
1789657684507528478,1789657684543745423,1789657684507528478.jpg
1789657684540853671,1789657684577724524,1789657684540853671.jpg
1789657684574181870,1789657684611951915,1789657684574181870.jpg
1789657684607507406,1789657684644426221,1789657684607507406.jpg
1789657684640831538,1789657684677163557,1789657684640831538.jpg
1789657684674159592,1789657684708484651,1789657684674159592.jpg
1789657684707481946,1789657684744890894,1789657684707481946.jpg
1789657684740809870,1789657684779071879,1789657684740809870.jpg
1789657684774134768,1789657684810548914,1789657684774134768.jpg
1789657684807462127,1789657684844181134,1789657684807462127.jpg
1789657684840786430,1789657684876987543,1789657684840786430.jpg
1789657684874113189,1789657684910425972,1789657684874113189.jpg
1789657684907439775,1789657684944480219,1789657684907439775.jpg
1789657684940762405,1789657684974898207,1789657684940762405.jpg
1789657684974090737,1789657685009459330,1789657684974090737.jpg
1789657685007415806,1789657685044707566,1789657685007415806.jpg
1789657685040740244,1789657685075224810,1789657685040740244.jpg
1789657685074069421,1789657685109430053,1789657685074069421.jpg
1789657685107392571,1789657685143672499,1789657685107392571.jpg
1789657685140719540,1789657685178476561,1789657685140719540.jpg
1789657685174052168,1789657685209631178,1789657685174052168.jpg
1789657685207371103,1789657685243097958,1789657685207371103.jpg
1789657685240697346,1789657685277849910,1789657685240697346.jpg
1789657685274022416,1789657685311061530,1789657685274022416.jpg
1789657685307349277,1789657685343689628,1789657685307349277.jpg
1789657685340673321,1789657685373820901,1789657685340673321.jpg
1789657685373998873,1789657685408307730,1789657685373998873.jpg
1789657685407326044,1789657685444604068,1789657685407326044.jpg
1789657685440651256,1789657685477668396,1789657685440651256.jpg
1789657685473977602,1789657685509165911,1789657685473977602.jpg
1789657685507304913,1789657685543634370,1789657685507304913.jpg
1789657685540628525,1789657685577895816,1789657685540628525.jpg
1789657685573959937,1789657685612679174,1789657685573959937.jpg
1789657685607281318,1789657685644592272,1789657685607281318.jpg
1789657685640605823,1789657685677120391,1789657685640605823.jpg
1789657685673932610,1789657685711125195,1789657685673932610.jpg
1789657685707256735,1789657685742201277,1789657685707256735.jpg
1789657685740588268,1789657685776479648,1789657685740588268.jpg
1789657685773908011,1789657685809392498,1789657685773908011.jpg
1789657685807239901,1789657685841526923,1789657685807239901.jpg
1789657685840560353,1789657685876198988,1789657685840560353.jpg
1789657685873886671,1789657685913267326,1789657685873886671.jpg
1789657685907213374,1789657685948147922,1789657685907213374.jpg
1789657685940539185,1789657685975726315,1789657685940539185.jpg
1789657685973865766,1789657686012429958,1789657685973865766.jpg
1789657686007190882,1789657686043894845,1789657686007190882.jpg
1789657686040516507,1789657686076736493,1789657686040516507.jpg
1789657686073841896,1789657686109384905,1789657686073841896.jpg
1789657686107167722,1789657686143149030,1789657686107167722.jpg
1789657686140493254,1789657686176440871,1789657686140493254.jpg
1789657686173820109,1789657686210491933,1789657686173820109.jpg
1789657686207146250,1789657686243314637,1789657686207146250.jpg
1789657686240471888,1789657686276262986,1789657686240471888.jpg
1789657686273798929,1789657686312700728,1789657686273798929.jpg
1789657686307125305,1789657686344565253,1789657686307125305.jpg
1789657686340447607,1789657686377863057,1789657686340447607.jpg
1789657686373776272,1789657686413126773,1789657686373776272.jpg
1789657686407112767,1789657686443528779,1789657686407112767.jpg
1789657686440425724,1789657686476314133,1789657686440425724.jpg
1789657686473751356,1789657686510784703,1789657686473751356.jpg
1789657686507078055,1789657686543639091,1789657686507078055.jpg
1789657686540406491,1789657686578570964,1789657686540406491.jpg
1789657686573729806,1789657686609427274,1789657686573729806.jpg
1789657686607055169,1789657686643563852,1789657686607055169.jpg
1789657686640382077,1789657686678465189,1789657686640382077.jpg
1789657686673708109,1789657686710465618,1789657686673708109.jpg
1789657686707031931,1789657686745171459,1789657686707031931.jpg
1789657686740361720,1789657686776754954,1789657686740361720.jpg
1789657686773684625,1789657686810646909,1789657686773684625.jpg
1789657686807010211,1789657686844952002,1789657686807010211.jpg
1789657686840343436,1789657686876795287,1789657686840343436.jpg
1789657686873661213,1789657686909747747,1789657686873661213.jpg
1789657686906988939,1789657686940985251,1789657686906988939.jpg
1789657686940313644,1789657686978191455,1789657686940313644.jpg
1789657686973642758,1789657687011261079,1789657686973642758.jpg
1789657687006964905,1789657687042723799,1789657687006964905.jpg
1789657687040291098,1789657687077287218,1789657687040291098.jpg
1789657687073615593,1789657687109467309,1789657687073615593.jpg
1789657687106942292,1789657687144596455,1789657687106942292.jpg
1789657687140268907,1789657687176291965,1789657687140268907.jpg
1789657687173593074,1789657687210872421,1789657687173593074.jpg
1789657687206932348,1789657687245626799,1789657687206932348.jpg
1789657687240244976,1789657687276886858,1789657687240244976.jpg
1789657687273574335,1789657687310357712,1789657687273574335.jpg
1789657687306897649,1789657687342786148,1789657687306897649.jpg
1789657687340223618,1789657687382172557,1789657687340223618.jpg
1789657687373551742,1789657687411438055,1789657687373551742.jpg
1789657687406874531,1789657687442171905,1789657687406874531.jpg
1789657687440201782,1789657687476464794,1789657687440201782.jpg
1789657687473526538,1789657687511136840,1789657687473526538.jpg
1789657687506852315,1789657687544809967,1789657687506852315.jpg
1789657687540178444,1789657687576789859,1789657687540178444.jpg
1789657687573503052,1789657687608272301,1789657687573503052.jpg
1789657687606832895,1789657687645440155,1789657687606832895.jpg
1789657687640156250,1789657687675908826,1789657687640156250.jpg
1789657687673480224,1789657687708895896,1789657687673480224.jpg
1789657687706807421,1789657687744207593,1789657687706807421.jpg
1789657687740133016,1789657687777401936,1789657687740133016.jpg
1789657687773459419,1789657687811999503,1789657687773459419.jpg
1789657687806784169,1789657687845500616,1789657687806784169.jpg
1789657687840111712,1789657687876876708,1789657687840111712.jpg
1789657687873463890,1789657687910759756,1789657687873463890.jpg
1789657687906760876,1789657687942585782,1789657687906760876.jpg
1789657687940086662,1789657687976300797,1789657687940086662.jpg
1789657687973414176,1789657688009164222,1789657687973414176.jpg
1789657688006739801,1789657688041982575,1789657688006739801.jpg
1789657688040069561,1789657688077197552,1789657688040069561.jpg
1789657688073390335,1789657688109331847,1789657688073390335.jpg
1789657688106717344,1789657688143045288,1789657688106717344.jpg
1789657688140043859,1789657688176471736,1789657688140043859.jpg
1789657688173373919,1789657688210998471,1789657688173373919.jpg
1789657688206693689,1789657688246668585,1789657688206693689.jpg
1789657688240020361,1789657688274170350,1789657688240020361.jpg
1789657688273348053,1789657688310382542,1789657688273348053.jpg
1789657688306675728,1789657688345611759,1789657688306675728.jpg
1789657688339995748,1789657688376723026,1789657688339995748.jpg
1789657688373325893,1789657688410430244,1789657688373325893.jpg
1789657688406650705,1789657688445479355,1789657688406650705.jpg
1789657688439976837,1789657688476434440,1789657688439976837.jpg
1789657688473303354,1789657688509537878,1789657688473303354.jpg
1789657688506625431,1789657688545423949,1789657688506625431.jpg
1789657688539952799,1789657688577134496,1789657688539952799.jpg
1789657688573286844,1789657688610871029,1789657688573286844.jpg
1789657688606605236,1789657688642681055,1789657688606605236.jpg
1789657688639931030,1789657688676568029,1789657688639931030.jpg
1789657688673257394,1789657688711380275,1789657688673257394.jpg
1789657688706582828,1789657688741792133,1789657688706582828.jpg
1789657688739908096,1789657688776046412,1789657688739908096.jpg
1789657688773235695,1789657688808569772,1789657688773235695.jpg
1789657688806558796,1789657688843246688,1789657688806558796.jpg
1789657688839883700,1789657688876114632,1789657688839883700.jpg
1789657688873212339,1789657688910924379,1789657688873212339.jpg
1789657688906535542,1789657688941915185,1789657688906535542.jpg
1789657688939861919,1789657688975791436,1789657688939861919.jpg
1789657688973187140,1789657689010808140,1789657688973187140.jpg
1789657689006515931,1789657689043439220,1789657689006515931.jpg
1789657689039839802,1789657689076104687,1789657689039839802.jpg
1789657689073165034,1789657689108877763,1789657689073165034.jpg
1789657689106491258,1789657689142777903,1789657689106491258.jpg
1789657689139816179,1789657689176375365,1789657689139816179.jpg
1789657689173150573,1789657689209743444,1789657689173150573.jpg
1789657689206470150,1789657689242434393,1789657689206470150.jpg
1789657689239797664,1789657689275739566,1789657689239797664.jpg
1789657689273120430,1789657689311060022,1789657689273120430.jpg
1789657689306445195,1789657689340898765,1789657689306445195.jpg
1789657689339777284,1789657689375609588,1789657689339777284.jpg
1789657689373100856,1789657689410088676,1789657689373100856.jpg
1789657689406423492,1789657689444469470,1789657689406423492.jpg
1789657689439751604,1789657689478699953,1789657689439751604.jpg
1789657689473077309,1789657689505893597,1789657689473077309.jpg
1789657689506403898,1789657689540533421,1789657689506403898.jpg
1789657689539728929,1789657689574821144,1789657689539728929.jpg
1789657689573052130,1789657689610839322,1789657689573052130.jpg
1789657689606379842,1789657689644748962,1789657689606379842.jpg
1789657689639705370,1789657689675246151,1789657689639705370.jpg
1789657689673030923,1789657689710561125,1789657689673030923.jpg
1789657689706355721,1789657689744092738,1789657689706355721.jpg
1789657689739683383,1789657689777169213,1789657689739683383.jpg
1789657689773009845,1789657689810065749,1789657689773009845.jpg
1789657689806334313,1789657689841532450,1789657689806334313.jpg
1789657689839660682,1789657689876947274,1789657689839660682.jpg
1789657689872985738,1789657689908286849,1789657689872985738.jpg
1789657689906311375,1789657689942406317,1789657689906311375.jpg
1789657689939637394,1789657689976673484,1789657689939637394.jpg
1789657689972962462,1789657690007753918,1789657689972962462.jpg
1789657690006288380,1789657690043712635,1789657690006288380.jpg
1789657690039615004,1789657690074658998,1789657690039615004.jpg
1789657690072941631,1789657690111963903,1789657690072941631.jpg
1789657690106272865,1789657690145338390,1789657690106272865.jpg
1789657690139593197,1789657690176276123,1789657690139593197.jpg
1789657690172923938,1789657690209019940,1789657690172923938.jpg
1789657690206242718,1789657690241951327,1789657690206242718.jpg
1789657690239568594,1789657690276224994,1789657690239568594.jpg
1789657690272897511,1789657690311299752,1789657690272897511.jpg
1789657690306218782,1789657690346272143,1789657690306218782.jpg
1789657690339547668,1789657690376582188,1789657690339547668.jpg
1789657690372872192,1789657690410422107,1789657690372872192.jpg
1789657690406200434,1789657690442281781,1789657690406200434.jpg
1789657690439527079,1789657690477503628,1789657690439527079.jpg
1789657690472848927,1789657690508753501,1789657690472848927.jpg
1789657690506191435,1789657690542430461,1789657690506191435.jpg
1789657690539500791,1789657690578719948,1789657690539500791.jpg
1789657690572830827,1789657690610437699,1789657690572830827.jpg
1789657690606152788,1789657690641614185,1789657690606152788.jpg
1789657690639477840,1789657690676594464,1789657690639477840.jpg
1789657690672805284,1789657690710577232,1789657690672805284.jpg
1789657690706130471,1789657690742289983,1789657690706130471.jpg
1789657690739460730,1789657690776671666,1789657690739460730.jpg
1789657690772803966,1789657690810468623,1789657690772803966.jpg
1789657690806107680,1789657690842408238,1789657690806107680.jpg
1789657690839435517,1789657690874553793,1789657690839435517.jpg
1789657690872759985,1789657690908351232,1789657690872759985.jpg
1789657690906087911,1789657690942357999,1789657690906087911.jpg
1789657690939411936,1789657690976743274,1789657690939411936.jpg
1789657690972736301,1789657691007719858,1789657690972736301.jpg
1789657691006068487,1789657691043802184,1789657691006068487.jpg
1789657691039388519,1789657691075800112,1789657691039388519.jpg
1789657691072716223,1789657691110323181,1789657691072716223.jpg
1789657691106040687,1789657691141341968,1789657691106040687.jpg
1789657691139366851,1789657691175734502,1789657691139366851.jpg
1789657691172694386,1789657691216488709,1789657691172694386.jpg
1789657691206016701,1789657691242830263,1789657691206016701.jpg
1789657691239343344,1789657691275075315,1789657691239343344.jpg
1789657691272687192,1789657691308149920,1789657691272687192.jpg
1789657691305994022,1789657691341018567,1789657691305994022.jpg
1789657691339322097,1789657691374553142,1789657691339322097.jpg
1789657691372647990,1789657691407713579,1789657691372647990.jpg
1789657691405980141,1789657691442414309,1789657691405980141.jpg
1789657691439300328,1789657691475435601,1789657691439300328.jpg
1789657691472623820,1789657691510336882,1789657691472623820.jpg
1789657691505949120,1789657691541611903,1789657691505949120.jpg
1789657691539299490,1789657691574037191,1789657691539299490.jpg
1789657691572604264,1789657691609866097,1789657691572604264.jpg
1789657691605932820,1789657691642650599,1789657691605932820.jpg
1789657691639253332,1789657691673865584,1789657691639253332.jpg
1789657691672583361,1789657691709567382,1789657691672583361.jpg
1789657691705904791,1789657691742429641,1789657691705904791.jpg
1789657691739235637,1789657691776304207,1789657691739235637.jpg
1789657691772559184,1789657691808417818,1789657691772559184.jpg
1789657691805883635,1789657691842786390,1789657691805883635.jpg
1789657691839212902,1789657691876978282,1789657691839212902.jpg
1789657691872534616,1789657691909552178,1789657691872534616.jpg
1789657691905866895,1789657691942480286,1789657691905866895.jpg
1789657691939187595,1789657691974634767,1789657691939187595.jpg
1789657691972512385,1789657692009788875,1789657691972512385.jpg
1789657692005839726,1789657692041564976,1789657692005839726.jpg
1789657692039163005,1789657692074311348,1789657692039163005.jpg
1789657692072491566,1789657692107419768,1789657692072491566.jpg
1789657692105816567,1789657692142714205,1789657692105816567.jpg
1789657692139140021,1789657692175873734,1789657692139140021.jpg
1789657692172466915,1789657692210068403,1789657692172466915.jpg
1789657692205792851,1789657692241269889,1789657692205792851.jpg
1789657692239126363,1789657692277142312,1789657692239126363.jpg
1789657692272444506,1789657692310487781,1789657692272444506.jpg
1789657692305772191,1789657692341234260,1789657692305772191.jpg
1789657692339094798,1789657692374757169,1789657692339094798.jpg
1789657692372420048,1789657692409769317,1789657692372420048.jpg
1789657692405746585,1789657692442284492,1789657692405746585.jpg
1789657692439073918,1789657692475680571,1789657692439073918.jpg
1789657692472405475,1789657692509116129,1789657692472405475.jpg
1789657692505724021,1789657692541996369,1789657692505724021.jpg
1789657692539050314,1789657692575077345,1789657692539050314.jpg
1789657692572381235,1789657692609656726,1789657692572381235.jpg
1789657692605701654,1789657692641866335,1789657692605701654.jpg
1789657692639031383,1789657692675606960,1789657692639031383.jpg
1789657692672354312,1789657692710037679,1789657692672354312.jpg
1789657692705679246,1789657692741814836,1789657692705679246.jpg
1789657692739006024,1789657692772854400,1789657692739006024.jpg
1789657692772330433,1789657692808908670,1789657692772330433.jpg
1789657692805660483,1789657692844343734,1789657692805660483.jpg
1789657692838983662,1789657692875228746,1789657692838983662.jpg
1789657692872308779,1789657692909626725,1789657692872308779.jpg
1789657692905635717,1789657692941611191,1789657692905635717.jpg
1789657692938961133,1789657692976847964,1789657692938961133.jpg
1789657692972290558,1789657693010224728,1789657692972290558.jpg
1789657693005614694,1789657693040810100,1789657693005614694.jpg
1789657693038987296,1789657693074253603,1789657693038987296.jpg
1789657693072265366,1789657693109506208,1789657693072265366.jpg
1789657693105595105,1789657693141949737,1789657693105595105.jpg
1789657693138916621,1789657693176792168,1789657693138916621.jpg
1789657693172239570,1789657693210915116,1789657693172239570.jpg
1789657693205567247,1789657693243006265,1789657693205567247.jpg
1789657693238894019,1789657693276362493,1789657693238894019.jpg
1789657693272219217,1789657693307577849,1789657693272219217.jpg
1789657693305548576,1789657693341199551,1789657693305548576.jpg
1789657693338870062,1789657693375043025,1789657693338870062.jpg
1789657693372196074,1789657693410020971,1789657693372196074.jpg
1789657693405523273,1789657693441084312,1789657693405523273.jpg
1789657693438847023,1789657693474773180,1789657693438847023.jpg
1789657693472179958,1789657693511360103,1789657693472179958.jpg
1789657693505498794,1789657693541377415,1789657693505498794.jpg
1789657693538827186,1789657693574733884,1789657693538827186.jpg
1789657693572151440,1789657693607191282,1789657693572151440.jpg
1789657693605476434,1789657693648023005,1789657693605476434.jpg
1789657693638807232,1789657693674403762,1789657693638807232.jpg
1789657693672127711,1789657693705338551,1789657693672127711.jpg
1789657693705454178,1789657693740647877,1789657693705454178.jpg
1789657693738780251,1789657693774592886,1789657693738780251.jpg
1789657693772106399,1789657693809640885,1789657693772106399.jpg
1789657693805431207,1789657693843935237,1789657693805431207.jpg
1789657693838756958,1789657693874980061,1789657693838756958.jpg
1789657693872085166,1789657693907866522,1789657693872085166.jpg
1789657693905408845,1789657693943170201,1789657693905408845.jpg
1789657693938733476,1789657693975410438,1789657693938733476.jpg
1789657693972060447,1789657694009994801,1789657693972060447.jpg
1789657694005386360,1789657694039970355,1789657694005386360.jpg
1789657694038713143,1789657694074351501,1789657694038713143.jpg
1789657694072037359,1789657694109714604,1789657694072037359.jpg
1789657694105364135,1789657694140848925,1789657694105364135.jpg
1789657694138690635,1789657694173750645,1789657694138690635.jpg
1789657694172014541,1789657694206182952,1789657694172014541.jpg
1789657694205343721,1789657694242015431,1789657694205343721.jpg
1789657694238668067,1789657694276928379,1789657694238668067.jpg
1789657694271991915,1789657694307001078,1789657694271991915.jpg
1789657694305318046,1789657694342657544,1789657694305318046.jpg
1789657694338643254,1789657694375188867,1789657694338643254.jpg
1789657694371974731,1789657694409930818,1789657694371974731.jpg
1789657694405297070,1789657694444947170,1789657694405297070.jpg
1789657694438621550,1789657694474949594,1789657694438621550.jpg
1789657694471952287,1789657694509489051,1789657694471952287.jpg
1789657694505273902,1789657694544616289,1789657694505273902.jpg
1789657694538601249,1789657694574508197,1789657694538601249.jpg
1789657694571925518,1789657694608399911,1789657694571925518.jpg
1789657694605250198,1789657694641868636,1789657694605250198.jpg
1789657694638577996,1789657694675416747,1789657694638577996.jpg
1789657694671901786,1789657694708493760,1789657694671901786.jpg
1789657694705230852,1789657694741121173,1789657694705230852.jpg
1789657694738558285,1789657694774670562,1789657694738558285.jpg
1789657694771880581,1789657694808386799,1789657694771880581.jpg
1789657694805206177,1789657694842067407,1789657694805206177.jpg
1789657694838533929,1789657694873740029,1789657694838533929.jpg
1789657694871863657,1789657694908601070,1789657694871863657.jpg
1789657694905186554,1789657694943292875,1789657694905186554.jpg
1789657694938510582,1789657694974035391,1789657694938510582.jpg
1789657694971843101,1789657695009002096,1789657694971843101.jpg
1789657695005160634,1789657695043163563,1789657695005160634.jpg
1789657695038492201,1789657695074379808,1789657695038492201.jpg
1789657695071815028,1789657695107344082,1789657695071815028.jpg
1789657695105139189,1789657695141959574,1789657695105139189.jpg
1789657695138464334,1789657695175926008,1789657695138464334.jpg
1789657695171788644,1789657695208445924,1789657695171788644.jpg
1789657695205116599,1789657695242294194,1789657695205116599.jpg
1789657695238441305,1789657695275561591,1789657695238441305.jpg
1789657695271767201,1789657695306678857,1789657695271767201.jpg
1789657695305093791,1789657695341163667,1789657695305093791.jpg
1789657695338418173,1789657695374660280,1789657695338418173.jpg
1789657695371746690,1789657695409771148,1789657695371746690.jpg
1789657695405069008,1789657695439504467,1789657695405069008.jpg
1789657695438399043,1789657695475993689,1789657695438399043.jpg
1789657695471725960,1789657695510319503,1789657695471725960.jpg
1789657695505048142,1789657695543192539,1789657695505048142.jpg
1789657695538373917,1789657695575366575,1789657695538373917.jpg
1789657695571699519,1789657695608459642,1789657695571699519.jpg
1789657695605027575,1789657695644528912,1789657695605027575.jpg
1789657695638352997,1789657695676103037,1789657695638352997.jpg
1789657695671676101,1789657695708959073,1789657695671676101.jpg
1789657695705003702,1789657695738949312,1789657695705003702.jpg
1789657695738328431,1789657695774951565,1789657695738328431.jpg
1789657695771656594,1789657695809694961,1789657695771656594.jpg
1789657695804980164,1789657695840176428,1789657695804980164.jpg
1789657695838306741,1789657695873179480,1789657695838306741.jpg
1789657695871633481,1789657695910369962,1789657695871633481.jpg
1789657695904957136,1789657695941506005,1789657695904957136.jpg
1789657695938286472,1789657695975751839,1789657695938286472.jpg
1789657695971609431,1789657696006526966,1789657695971609431.jpg
1789657696004935362,1789657696041555855,1789657696004935362.jpg
1789657696038261355,1789657696077003548,1789657696038261355.jpg
1789657696071586481,1789657696108082463,1789657696071586481.jpg
1789657696104919225,1789657696141771904,1789657696104919225.jpg
1789657696138237137,1789657696176891698,1789657696138237137.jpg
1789657696171564608,1789657696207231057,1789657696171564608.jpg
1789657696204890458,1789657696242739545,1789657696204890458.jpg
1789657696238216137,1789657696277619919,1789657696238216137.jpg
1789657696271545000,1789657696308324918,1789657696271545000.jpg
1789657696304867947,1789657696341173473,1789657696304867947.jpg
1789657696338192974,1789657696375187980,1789657696338192974.jpg
1789657696371520586,1789657696409898506,1789657696371520586.jpg
1789657696404844677,1789657696439878857,1789657696404844677.jpg
1789657696438173344,1789657696474678862,1789657696438173344.jpg
1789657696471498268,1789657696508141161,1789657696471498268.jpg
1789657696504824168,1789657696541989580,1789657696504824168.jpg
1789657696538149969,1789657696574158412,1789657696538149969.jpg
1789657696571473838,1789657696607907944,1789657696571473838.jpg
1789657696604799125,1789657696642205925,1789657696604799125.jpg
1789657696638127058,1789657696674569456,1789657696638127058.jpg
1789657696671454945,1789657696707545008,1789657696671454945.jpg
1789657696704777740,1789657696743468781,1789657696704777740.jpg
1789657696738102419,1789657696775303103,1789657696738102419.jpg
1789657696771434114,1789657696809063117,1789657696771434114.jpg
1789657696804753239,1789657696839351070,1789657696804753239.jpg
1789657696838082915,1789657696875460691,1789657696838082915.jpg
1789657696871406010,1789657696907705243,1789657696871406010.jpg
1789657696904732898,1789657696942961941,1789657696904732898.jpg
1789657696938058873,1789657696974675580,1789657696938058873.jpg
1789657696971383758,1789657697007652595,1789657696971383758.jpg
1789657697004709158,1789657697041505236,1789657697004709158.jpg
1789657697038035462,1789657697076771933,1789657697038035462.jpg
1789657697071361623,1789657697106955890,1789657697071361623.jpg
1789657697104686814,1789657697142511635,1789657697104686814.jpg
1789657697138012461,1789657697174766428,1789657697138012461.jpg
1789657697171340180,1789657697208285725,1789657697171340180.jpg
1789657697204670875,1789657697240976136,1789657697204670875.jpg
1789657697237988566,1789657697282508953,1789657697237988566.jpg
1789657697271321843,1789657697310070864,1789657697271321843.jpg
1789657697304641712,1789657697340008123,1789657697304641712.jpg
1789657697337969312,1789657697374601263,1789657697337969312.jpg
1789657697371301254,1789657697407943750,1789657697371301254.jpg
1789657697404620285,1789657697440570867,1789657697404620285.jpg
1789657697437948591,1789657697475624996,1789657697437948591.jpg
1789657697471272207,1789657697506076445,1789657697471272207.jpg
1789657697504596609,1789657697542886677,1789657697504596609.jpg
1789657697537922164,1789657697573665711,1789657697537922164.jpg
1789657697571248569,1789657697607026161,1789657697571248569.jpg
1789657697604574575,1789657697642266970,1789657697604574575.jpg
1789657697637899805,1789657697674603779,1789657697637899805.jpg
1789657697671229400,1789657697709332546,1789657697671229400.jpg
1789657697704551678,1789657697741633726,1789657697704551678.jpg
1789657697737879675,1789657697774077291,1789657697737879675.jpg
1789657697771208311,1789657697808748745,1789657697771208311.jpg
1789657697804530246,1789657697844284880,1789657697804530246.jpg
1789657697837897442,1789657697873534582,1789657697837897442.jpg
1789657697871185451,1789657697905827855,1789657697871185451.jpg
1789657697904506352,1789657697938731612,1789657697904506352.jpg
1789657697937830871,1789657697975121207,1789657697937830871.jpg
1789657697971157781,1789657698007736380,1789657697971157781.jpg
1789657698004484827,1789657698040017301,1789657698004484827.jpg
1789657698037811444,1789657698073740945,1789657698037811444.jpg
1789657698071135146,1789657698109209860,1789657698071135146.jpg
1789657698104466918,1789657698142345167,1789657698104466918.jpg
1789657698137785751,1789657698173277289,1789657698137785751.jpg
1789657698171113986,1789657698209524425,1789657698171113986.jpg
1789657698204440984,1789657698241990656,1789657698204440984.jpg
1789657698237764907,1789657698273578503,1789657698237764907.jpg
1789657698271091318,1789657698309322244,1789657698271091318.jpg
1789657698304414839,1789657698340641652,1789657698304414839.jpg
1789657698337744427,1789657698373971881,1789657698337744427.jpg
1789657698371070596,1789657698409819693,1789657698371070596.jpg
1789657698404400552,1789657698440976624,1789657698404400552.jpg
1789657698437730225,1789657698473713942,1789657698437730225.jpg
1789657698471044238,1789657698506814509,1789657698471044238.jpg
1789657698504370425,1789657698541269375,1789657698504370425.jpg
1789657698537698029,1789657698573637757,1789657698537698029.jpg
1789657698571025308,1789657698607574211,1789657698571025308.jpg
1789657698604358529,1789657698641875063,1789657698604358529.jpg
1789657698637673636,1789657698672879905,1789657698637673636.jpg
1789657698671010079,1789657698708812660,1789657698671010079.jpg
1789657698704325198,1789657698740202030,1789657698704325198.jpg
1789657698737651972,1789657698774689969,1789657698737651972.jpg
1789657698770979091,1789657698809562195,1789657698770979091.jpg
1789657698804303458,1789657698842702465,1789657698804303458.jpg
1789657698837632847,1789657698875186845,1789657698837632847.jpg
1789657698870954054,1789657698907328158,1789657698870954054.jpg
1789657698904280539,1789657698940115141,1789657698904280539.jpg
1789657698937607929,1789657698975773921,1789657698937607929.jpg
1789657698970934549,1789657699006815670,1789657698970934549.jpg
1789657699004259654,1789657699038814321,1789657699004259654.jpg
1789657699037584214,1789657699073922189,1789657699037584214.jpg
1789657699070911494,1789657699109377271,1789657699070911494.jpg
1789657699104236110,1789657699140881064,1789657699104236110.jpg
1789657699137561140,1789657699174507414,1789657699137561140.jpg
1789657699170886771,1789657699208862339,1789657699170886771.jpg
1789657699204212755,1789657699240842619,1789657699204212755.jpg
1789657699237538568,1789657699273490106,1789657699237538568.jpg
1789657699270866088,1789657699307207454,1789657699270866088.jpg
1789657699304188938,1789657699340513367,1789657699304188938.jpg
1789657699337515771,1789657699373491790,1789657699337515771.jpg
1789657699370842165,1789657699407333042,1789657699370842165.jpg
1789657699404171532,1789657699441486379,1789657699404171532.jpg
1789657699437494833,1789657699473333607,1789657699437494833.jpg
1789657699470819394,1789657699506468637,1789657699470819394.jpg
1789657699504145652,1789657699541589727,1789657699504145652.jpg
1789657699537470371,1789657699576326753,1789657699537470371.jpg
1789657699570798321,1789657699610112969,1789657699570798321.jpg
1789657699604124026,1789657699641070554,1789657699604124026.jpg
1789657699637448900,1789657699674844511,1789657699637448900.jpg
1789657699670778894,1789657699707245170,1789657699670778894.jpg
1789657699704099680,1789657699741013128,1789657699704099680.jpg
1789657699737431493,1789657699776007147,1789657699737431493.jpg
1789657699770758070,1789657699805985553,1789657699770758070.jpg
1789657699804079971,1789657699837904854,1789657699804079971.jpg
1789657699837410458,1789657699873173181,1789657699837410458.jpg
1789657699870730897,1789657699906809698,1789657699870730897.jpg
1789657699904056025,1789657699941393746,1789657699904056025.jpg
1789657699937380842,1789657699974550571,1789657699937380842.jpg
1789657699970706925,1789657700008003481,1789657699970706925.jpg
1789657700004033492,1789657700039692269,1789657700004033492.jpg
1789657700037357487,1789657700074369315,1789657700037357487.jpg
1789657700070685592,1789657700108353656,1789657700070685592.jpg
1789657700104013669,1789657700140529951,1789657700104013669.jpg
1789657700137337132,1789657700173947436,1789657700137337132.jpg
1789657700170662894,1789657700208613167,1789657700170662894.jpg
1789657700203988010,1789657700240311437,1789657700203988010.jpg
1789657700237313919,1789657700273703941,1789657700237313919.jpg
1789657700270642509,1789657700306570088,1789657700270642509.jpg
1789657700303964740,1789657700342045688,1789657700303964740.jpg
1789657700337292027,1789657700373546740,1789657700337292027.jpg
1789657700370616447,1789657700407434398,1789657700370616447.jpg
1789657700403942963,1789657700440467782,1789657700403942963.jpg
1789657700437267482,1789657700475013054,1789657700437267482.jpg
1789657700470596060,1789657700509113910,1789657700470596060.jpg
1789657700503921163,1789657700540656591,1789657700503921163.jpg
1789657700537246701,1789657700573116786,1789657700537246701.jpg
1789657700570570832,1789657700608362298,1789657700570570832.jpg
1789657700603897947,1789657700640180380,1789657700603897947.jpg
1789657700637224886,1789657700674032650,1789657700637224886.jpg
1789657700670549504,1789657700704708649,1789657700670549504.jpg
1789657700703874612,1789657700740080103,1789657700703874612.jpg
1789657700737203502,1789657700773738434,1789657700737203502.jpg
1789657700770528568,1789657700807423746,1789657700770528568.jpg
1789657700803856602,1789657700839554430,1789657700803856602.jpg
1789657700837179710,1789657700876683044,1789657700837179710.jpg
1789657700870502654,1789657700908277279,1789657700870502654.jpg
1789657700903830833,1789657700940009047,1789657700903830833.jpg
1789657700937156905,1789657700973337775,1789657700937156905.jpg
1789657700970483577,1789657701007337931,1789657700970483577.jpg
1789657701003807145,1789657701042495816,1789657701003807145.jpg
1789657701037134115,1789657701073318460,1789657701037134115.jpg
1789657701070460351,1789657701105779580,1789657701070460351.jpg
1789657701103787209,1789657701139728645,1789657701103787209.jpg
1789657701137112004,1789657701175068192,1789657701137112004.jpg
1789657701170436741,1789657701207397038,1789657701170436741.jpg
1789657701203765039,1789657701239861603,1789657701203765039.jpg
1789657701237092256,1789657701275271389,1789657701237092256.jpg
1789657701270412837,1789657701306745572,1789657701270412837.jpg
1789657701303739087,1789657701343967164,1789657701303739087.jpg
1789657701337066715,1789657701373019742,1789657701337066715.jpg
1789657701370391969,1789657701406725627,1789657701370391969.jpg
1789657701403721072,1789657701441634741,1789657701403721072.jpg
1789657701437044660,1789657701472007007,1789657701437044660.jpg
1789657701470368245,1789657701507251723,1789657701470368245.jpg
1789657701503699470,1789657701538396933,1789657701503699470.jpg
1789657701537021995,1789657701573183402,1789657701537021995.jpg
1789657701570352559,1789657701607435032,1789657701570352559.jpg
1789657701603672059,1789657701639096284,1789657701603672059.jpg
1789657701636999693,1789657701674583624,1789657701636999693.jpg
1789657701670324105,1789657701705261531,1789657701670324105.jpg
1789657701703650490,1789657701740945347,1789657701703650490.jpg
1789657701736975381,1789657701773984694,1789657701736975381.jpg
1789657701770301404,1789657701804325886,1789657701770301404.jpg
1789657701803642772,1789657701839456439,1789657701803642772.jpg
1789657701836958692,1789657701873126992,1789657701836958692.jpg
1789657701870279307,1789657701906775045,1789657701870279307.jpg
1789657701903606891,1789657701938951247,1789657701903606891.jpg
1789657701936931188,1789657701972310530,1789657701936931188.jpg
1789657701970257412,1789657702010179032,1789657701970257412.jpg
1789657702003589699,1789657702039762355,1789657702003589699.jpg
1789657702036906093,1789657702070267673,1789657702036906093.jpg
1789657702070235814,1789657702107326825,1789657702070235814.jpg
1789657702103559909,1789657702139124444,1789657702103559909.jpg
1789657702136885958,1789657702174724077,1789657702136885958.jpg
1789657702170211172,1789657702206914908,1789657702170211172.jpg
1789657702203538649,1789657702240183527,1789657702203538649.jpg
1789657702236862819,1789657702272663443,1789657702236862819.jpg
1789657702270188630,1789657702307939325,1789657702270188630.jpg
1789657702303515747,1789657702344617080,1789657702303515747.jpg
1789657702336841332,1789657702377190994,1789657702336841332.jpg
1789657702370167088,1789657702406582636,1789657702370167088.jpg
1789657702403492070,1789657702440192617,1789657702403492070.jpg
1789657702436818484,1789657702474853700,1789657702436818484.jpg
1789657702470144847,1789657702508755876,1789657702470144847.jpg
1789657702503470567,1789657702540802378,1789657702503470567.jpg
1789657702536794614,1789657702574037997,1789657702536794614.jpg
1789657702570123045,1789657702606807202,1789657702570123045.jpg
1789657702603449144,1789657702640363869,1789657702603449144.jpg
1789657702636773768,1789657702674415986,1789657702636773768.jpg
1789657702670098455,1789657702707407130,1789657702670098455.jpg
1789657702703428052,1789657702739465687,1789657702703428052.jpg
1789657702736749972,1789657702780261225,1789657702736749972.jpg
1789657702770078831,1789657702806438172,1789657702770078831.jpg
1789657702803404137,1789657702839571738,1789657702803404137.jpg
1789657702836728848,1789657702874345263,1789657702836728848.jpg
1789657702870054239,1789657702905844612,1789657702870054239.jpg
1789657702903379451,1789657702939237227,1789657702903379451.jpg
1789657702936706573,1789657702974469166,1789657702936706573.jpg
1789657702970030258,1789657703005914423,1789657702970030258.jpg
1789657703003356416,1789657703039787119,1789657703003356416.jpg
1789657703036685285,1789657703074520330,1789657703036685285.jpg
1789657703070009930,1789657703108406748,1789657703070009930.jpg
1789657703103334462,1789657703140394732,1789657703103334462.jpg
1789657703136660479,1789657703174838524,1789657703136660479.jpg
1789657703169985715,1789657703205667631,1789657703169985715.jpg
1789657703203312530,1789657703239395034,1789657703203312530.jpg
1789657703236638661,1789657703273299118,1789657703236638661.jpg
1789657703269964570,1789657703305976733,1789657703269964570.jpg
1789657703303290523,1789657703340017183,1789657703303290523.jpg
1789657703336615407,1789657703373155435,1789657703336615407.jpg
1789657703369942972,1789657703406491107,1789657703369942972.jpg
1789657703403267619,1789657703441015379,1789657703403267619.jpg
1789657703436592329,1789657703472782684,1789657703436592329.jpg
1789657703469918315,1789657703505652257,1789657703469918315.jpg
1789657703503244041,1789657703539241404,1789657703503244041.jpg
1789657703536570836,1789657703572362267,1789657703536570836.jpg
1789657703569896087,1789657703606817374,1789657703569896087.jpg
1789657703603224715,1789657703640539555,1789657703603224715.jpg
1789657703636548482,1789657703675359041,1789657703636548482.jpg
1789657703669874346,1789657703705638365,1789657703669874346.jpg
1789657703703200499,1789657703740172655,1789657703703200499.jpg
1789657703736524774,1789657703774609096,1789657703736524774.jpg
1789657703769853548,1789657703806831241,1789657703769853548.jpg
1789657703803179683,1789657703841465973,1789657703803179683.jpg
1789657703836502004,1789657703872986784,1789657703836502004.jpg
1789657703869829729,1789657703907000236,1789657703869829729.jpg
1789657703903153536,1789657703937948524,1789657703903153536.jpg
1789657703936478904,1789657703974005035,1789657703936478904.jpg
1789657703969806088,1789657704003812704,1789657703969806088.jpg
1789657704003130079,1789657704039917250,1789657704003130079.jpg
1789657704036457794,1789657704073902962,1789657704036457794.jpg
1789657704069784069,1789657704106029924,1789657704069784069.jpg
1789657704103111328,1789657704140404663,1789657704103111328.jpg
1789657704136437946,1789657704173053630,1789657704136437946.jpg
1789657704169762544,1789657704208378863,1789657704169762544.jpg
1789657704203087368,1789657704241185012,1789657704203087368.jpg
1789657704236412364,1789657704272111727,1789657704236412364.jpg
1789657704269744198,1789657704306793550,1789657704269744198.jpg
1789657704303063789,1789657704339924228,1789657704303063789.jpg
1789657704336390035,1789657704372453643,1789657704336390035.jpg
1789657704369715330,1789657704407533345,1789657704369715330.jpg
1789657704403049795,1789657704439297705,1789657704403049795.jpg
1789657704436367272,1789657704475363123,1789657704436367272.jpg
1789657704469693219,1789657704508406488,1789657704469693219.jpg
1789657704503019858,1789657704538610221,1789657704503019858.jpg
1789657704536346149,1789657704573367154,1789657704536346149.jpg
1789657704569671160,1789657704610184071,1789657704569671160.jpg
1789657704602997951,1789657704639964426,1789657704602997951.jpg
1789657704636326619,1789657704673601443,1789657704636326619.jpg
1789657704669649037,1789657704706531458,1789657704669649037.jpg
1789657704702974488,1789657704740919049,1789657704702974488.jpg
1789657704736299033,1789657704772256327,1789657704736299033.jpg
1789657704769627602,1789657704808704846,1789657704769627602.jpg
1789657704802952083,1789657704840368968,1789657704802952083.jpg
1789657704836276153,1789657704874825964,1789657704836276153.jpg
1789657704869602944,1789657704908692549,1789657704869602944.jpg
1789657704902926961,1789657704939555821,1789657704902926961.jpg
1789657704936255669,1789657704974717558,1789657704936255669.jpg
1789657704969581449,1789657705006565102,1789657704969581449.jpg
1789657705002906120,1789657705038452866,1789657705002906120.jpg
1789657705036231715,1789657705072674960,1789657705036231715.jpg
1789657705069557225,1789657705106004633,1789657705069557225.jpg
1789657705102887270,1789657705140965634,1789657705102887270.jpg
1789657705136209046,1789657705171988476,1789657705136209046.jpg
1789657705169536280,1789657705205853357,1789657705169536280.jpg
1789657705202862750,1789657705239424024,1789657705202862750.jpg
1789657705236185682,1789657705274065718,1789657705236185682.jpg
1789657705269517705,1789657705306323177,1789657705269517705.jpg
1789657705302838702,1789657705336970844,1789657705302838702.jpg
1789657705336164915,1789657705373571489,1789657705336164915.jpg
1789657705369488928,1789657705405626786,1789657705369488928.jpg
1789657705402815095,1789657705438263458,1789657705402815095.jpg
1789657705436142447,1789657705473009520,1789657705436142447.jpg
1789657705469466889,1789657705505663080,1789657705469466889.jpg
1789657705502795488,1789657705540993554,1789657705502795488.jpg
1789657705536118404,1789657705573238957,1789657705536118404.jpg
1789657705569445760,1789657705604638623,1789657705569445760.jpg
1789657705602773046,1789657705642306815,1789657705602773046.jpg
1789657705636096858,1789657705672044597,1789657705636096858.jpg
1789657705669423674,1789657705705649096,1789657705669423674.jpg
1789657705702747636,1789657705740122628,1789657705702747636.jpg
1789657705736074030,1789657705771133415,1789657705736074030.jpg
1789657705769402229,1789657705808182104,1789657705769402229.jpg
1789657705802725959,1789657705839114375,1789657705802725959.jpg
1789657705836053066,1789657705871301817,1789657705836053066.jpg
1789657705869379193,1789657705905341749,1789657705869379193.jpg
1789657705902702348,1789657705938902971,1789657705902702348.jpg
1789657705936029917,1789657705973118325,1789657705936029917.jpg
1789657705969355431,1789657706005388561,1789657705969355431.jpg
1789657706002683778,1789657706040539298,1789657706002683778.jpg
1789657706036012203,1789657706072750388,1789657706036012203.jpg
1789657706069332181,1789657706107941569,1789657706069332181.jpg
1789657706102658652,1789657706139923368,1789657706102658652.jpg
1789657706135984322,1789657706171536695,1789657706135984322.jpg
1789657706169308594,1789657706205660829,1789657706169308594.jpg
1789657706202639048,1789657706240639108,1789657706202639048.jpg
1789657706235958117,1789657706269952364,1789657706235958117.jpg
1789657706269284976,1789657706305698956,1789657706269284976.jpg
1789657706302612380,1789657706338960038,1789657706302612380.jpg
1789657706335942025,1789657706373304332,1789657706335942025.jpg
1789657706369265605,1789657706405492293,1789657706369265605.jpg
1789657706402598730,1789657706439253677,1789657706402598730.jpg
1789657706435916193,1789657706472386484,1789657706435916193.jpg
1789657706469241459,1789657706506479600,1789657706469241459.jpg
1789657706502568033,1789657706539298415,1789657706502568033.jpg
1789657706535905746,1789657706573110908,1789657706535905746.jpg
1789657706569218144,1789657706605612917,1789657706569218144.jpg
1789657706602547599,1789657706641411878,1789657706602547599.jpg
1789657706635871452,1789657706675032265,1789657706635871452.jpg
1789657706669195583,1789657706705929629,1789657706669195583.jpg
1789657706702521952,1789657706740430439,1789657706702521952.jpg
1789657706735849486,1789657706773659151,1789657706735849486.jpg
1789657706769176229,1789657706807966224,1789657706769176229.jpg
1789657706802499939,1789657706838154069,1789657706802499939.jpg
1789657706835826112,1789657706872180150,1789657706835826112.jpg
1789657706869157957,1789657706905182312,1789657706869157957.jpg
1789657706902478008,1789657706940126240,1789657706902478008.jpg
1789657706935803140,1789657706971136212,1789657706935803140.jpg
1789657706969128504,1789657707005377342,1789657706969128504.jpg
1789657707002457848,1789657707041655644,1789657707002457848.jpg
1789657707035779922,1789657707073053180,1789657707035779922.jpg
1789657707069107339,1789657707106231949,1789657707069107339.jpg
1789657707102433341,1789657707140454228,1789657707102433341.jpg
1789657707135758277,1789657707174311109,1789657707135758277.jpg
1789657707169084900,1789657707207355252,1789657707169084900.jpg
1789657707202409407,1789657707238331651,1789657707202409407.jpg
1789657707235736163,1789657707272883088,1789657707235736163.jpg
1789657707269063179,1789657707304023872,1789657707269063179.jpg
1789657707302386584,1789657707339329013,1789657707302386584.jpg
1789657707335713378,1789657707372665611,1789657707335713378.jpg
1789657707369038715,1789657707404654780,1789657707369038715.jpg
1789657707402363448,1789657707440135750,1789657707402363448.jpg
1789657707435691055,1789657707474506785,1789657707435691055.jpg
1789657707469015017,1789657707506857630,1789657707469015017.jpg
1789657707502344882,1789657707539084275,1789657707502344882.jpg
1789657707535667354,1789657707573827060,1789657707535667354.jpg
1789657707568993634,1789657707606044168,1789657707568993634.jpg
1789657707602320430,1789657707638845946,1789657707602320430.jpg
1789657707635647032,1789657707672713031,1789657707635647032.jpg
1789657707668971645,1789657707709353101,1789657707668971645.jpg
1789657707702296261,1789657707739649887,1789657707702296261.jpg
1789657707735623091,1789657707772611939,1789657707735623091.jpg
1789657707768950279,1789657707805452994,1789657707768950279.jpg
1789657707802275265,1789657707838693614,1789657707802275265.jpg
1789657707835600072,1789657707872155912,1789657707835600072.jpg
1789657707868925591,1789657707905535454,1789657707868925591.jpg
1789657707902253438,1789657707941400747,1789657707902253438.jpg
1789657707935576480,1789657707971316487,1789657707935576480.jpg
1789657707968904291,1789657708004595032,1789657707968904291.jpg
1789657708002230711,1789657708039493072,1789657708002230711.jpg
1789657708035554010,1789657708071004568,1789657708035554010.jpg
1789657708068880233,1789657708106294931,1789657708068880233.jpg
1789657708102205823,1789657708136280448,1789657708102205823.jpg
1789657708135532704,1789657708172618433,1789657708135532704.jpg
1789657708168859309,1789657708204863818,1789657708168859309.jpg
1789657708202183359,1789657708237703651,1789657708202183359.jpg
1789657708235510321,1789657708272160757,1789657708235510321.jpg
1789657708268833987,1789657708303016678,1789657708268833987.jpg
1789657708302162748,1789657708340972973,1789657708302162748.jpg
1789657708335487256,1789657708374384051,1789657708335487256.jpg
1789657708368813605,1789657708403821545,1789657708368813605.jpg
1789657708402140637,1789657708439055058,1789657708402140637.jpg
1789657708435464048,1789657708475104124,1789657708435464048.jpg
1789657708468792986,1789657708507271215,1789657708468792986.jpg
1789657708502116892,1789657708537230250,1789657708502116892.jpg
1789657708535443280,1789657708571340625,1789657708535443280.jpg
1789657708568768172,1789657708606993590,1789657708568768172.jpg
1789657708602094730,1789657708639527524,1789657708602094730.jpg
1789657708635424802,1789657708672475891,1789657708635424802.jpg
1789657708668746650,1789657708707238694,1789657708668746650.jpg
1789657708702069918,1789657708738381422,1789657708702069918.jpg
1789657708735399643,1789657708771581468,1789657708735399643.jpg
1789657708768729821,1789657708805107413,1789657708768729821.jpg
1789657708802049990,1789657708836521078,1789657708802049990.jpg
1789657708835380017,1789657708874046570,1789657708835380017.jpg
1789657708868701761,1789657708902204392,1789657708868701761.jpg
1789657708902028015,1789657708938142850,1789657708902028015.jpg
1789657708935352175,1789657708971432283,1789657708935352175.jpg
1789657708968683335,1789657709008024817,1789657708968683335.jpg
1789657709002007009,1789657709037561678,1789657709002007009.jpg
1789657709035330777,1789657709069408944,1789657709035330777.jpg
1789657709068658176,1789657709107329074,1789657709068658176.jpg
1789657709101981198,1789657709137846262,1789657709101981198.jpg
1789657709135308722,1789657709172943149,1789657709135308722.jpg
1789657709168636728,1789657709204865708,1789657709168636728.jpg
1789657709201959560,1789657709237716449,1789657709201959560.jpg
1789657709235286765,1789657709276242045,1789657709235286765.jpg
1789657709268612581,1789657709306293893,1789657709268612581.jpg
1789657709301941062,1789657709338423170,1789657709301941062.jpg
1789657709335264534,1789657709370373729,1789657709335264534.jpg
1789657709368586734,1789657709404997387,1789657709368586734.jpg
1789657709401916909,1789657709438309597,1789657709401916909.jpg
1789657709435242543,1789657709472926033,1789657709435242543.jpg
1789657709468564847,1789657709504263348,1789657709468564847.jpg
1789657709501892640,1789657709540102494,1789657709501892640.jpg
1789657709535216139,1789657709572922216,1789657709535216139.jpg
1789657709568545817,1789657709606309443,1789657709568545817.jpg
1789657709601868633,1789657709638382536,1789657709601868633.jpg
1789657709635193892,1789657709672346192,1789657709635193892.jpg
1789657709668521018,1789657709706300330,1789657709668521018.jpg
1789657709701846747,1789657709737928638,1789657709701846747.jpg
1789657709735172256,1789657709773629417,1789657709735172256.jpg
1789657709768498496,1789657709805108303,1789657709768498496.jpg
1789657709801822879,1789657709838385532,1789657709801822879.jpg
1789657709835147982,1789657709871675410,1789657709835147982.jpg
1789657709868477540,1789657709905236743,1789657709868477540.jpg
1789657709901801220,1789657709938439881,1789657709901801220.jpg
1789657709935128338,1789657709973226961,1789657709935128338.jpg
1789657709968452202,1789657710007483721,1789657709968452202.jpg
1789657710001778449,1789657710039735328,1789657710001778449.jpg
1789657710035105086,1789657710071765200,1789657710035105086.jpg
1789657710068431230,1789657710105350033,1789657710068431230.jpg
1789657710101757556,1789657710139792010,1789657710101757556.jpg
1789657710135082343,1789657710172681027,1789657710135082343.jpg
1789657710168408372,1789657710204593809,1789657710168408372.jpg
1789657710201734196,1789657710238619779,1789657710201734196.jpg
1789657710235059856,1789657710270746222,1789657710235059856.jpg
1789657710268386225,1789657710304929614,1789657710268386225.jpg
1789657710301721198,1789657710338471188,1789657710301721198.jpg
1789657710335037204,1789657710375397751,1789657710335037204.jpg
1789657710368362693,1789657710406283356,1789657710368362693.jpg
1789657710401689744,1789657710437208978,1789657710401689744.jpg
1789657710435014215,1789657710469712412,1789657710435014215.jpg
1789657710468342786,1789657710506987540,1789657710468342786.jpg
1789657710501672422,1789657710539675506,1789657710501672422.jpg
1789657710534992686,1789657710571329165,1789657710534992686.jpg
1789657710568317290,1789657710604828352,1789657710568317290.jpg
1789657710601645477,1789657710637995547,1789657710601645477.jpg
1789657710634970155,1789657710672022109,1789657710634970155.jpg
1789657710668295335,1789657710706076244,1789657710668295335.jpg
1789657710701621734,1789657710737353210,1789657710701621734.jpg
1789657710734945517,1789657710772629518,1789657710734945517.jpg
1789657710768272917,1789657710807343414,1789657710768272917.jpg
1789657710801600031,1789657710839018740,1789657710801600031.jpg
1789657710834924236,1789657710871330030,1789657710834924236.jpg
1789657710868254850,1789657710908512031,1789657710868254850.jpg
1789657710901576850,1789657710937527165,1789657710901576850.jpg
1789657710934902631,1789657710971883848,1789657710934902631.jpg
1789657710968228415,1789657711008228851,1789657710968228415.jpg
1789657711001552075,1789657711040798080,1789657711001552075.jpg
1789657711034884471,1789657711073848074,1789657711034884471.jpg
1789657711068203616,1789657711105265017,1789657711068203616.jpg
1789657711101533466,1789657711138567875,1789657711101533466.jpg
1789657711134859267,1789657711170004633,1789657711134859267.jpg
1789657711168182012,1789657711206190159,1789657711168182012.jpg
1789657711201508232,1789657711240023725,1789657711201508232.jpg
1789657711234833146,1789657711270265550,1789657711234833146.jpg
1789657711268160782,1789657711305713298,1789657711268160782.jpg
1789657711301485826,1789657711340155757,1789657711301485826.jpg
1789657711334811129,1789657711371517350,1789657711334811129.jpg
1789657711368140412,1789657711406376946,1789657711368140412.jpg
1789657711401463540,1789657711439677731,1789657711401463540.jpg
1789657711434788403,1789657711471438961,1789657711434788403.jpg
1789657711468116695,1789657711504509548,1789657711468116695.jpg
1789657711501442550,1789657711538786900,1789657711501442550.jpg
1789657711534767355,1789657711570901177,1789657711534767355.jpg
1789657711568093565,1789657711603595162,1789657711568093565.jpg
1789657711601422716,1789657711640462337,1789657711601422716.jpg
1789657711634743387,1789657711674326458,1789657711634743387.jpg
1789657711668071248,1789657711704278587,1789657711668071248.jpg
1789657711701399703,1789657711739311197,1789657711701399703.jpg
1789657711734719666,1789657711770419834,1789657711734719666.jpg
1789657711768050866,1789657711804965771,1789657711768050866.jpg
1789657711801373765,1789657711835200985,1789657711801373765.jpg
1789657711834706071,1789657711871683448,1789657711834706071.jpg
1789657711868026170,1789657711907099086,1789657711868026170.jpg
1789657711901350059,1789657711938941796,1789657711901350059.jpg
1789657711934680616,1789657711971298752,1789657711934680616.jpg
1789657711968005841,1789657712005917021,1789657711968005841.jpg
1789657712001327982,1789657712038724781,1789657712001327982.jpg
1789657712034657242,1789657712073651691,1789657712034657242.jpg
1789657712067980191,1789657712104813214,1789657712067980191.jpg
1789657712101304503,1789657712139784437,1789657712101304503.jpg
1789657712134631685,1789657712173123591,1789657712134631685.jpg
1789657712167957394,1789657712206474003,1789657712167957394.jpg
1789657712201283131,1789657712239222635,1789657712201283131.jpg
1789657712234609096,1789657712269570772,1789657712234609096.jpg
1789657712267936123,1789657712306268692,1789657712267936123.jpg
1789657712301260288,1789657712338438931,1789657712301260288.jpg
1789657712334585587,1789657712372505899,1789657712334585587.jpg
1789657712367912078,1789657712406434538,1789657712367912078.jpg
1789657712401236705,1789657712437895313,1789657712401236705.jpg
1789657712434565588,1789657712471189931,1789657712434565588.jpg
1789657712467889652,1789657712503375558,1789657712467889652.jpg
1789657712501216186,1789657712539221481,1789657712501216186.jpg
1789657712534541281,1789657712573268635,1789657712534541281.jpg
1789657712567866835,1789657712604689375,1789657712567866835.jpg
1789657712601191886,1789657712640161233,1789657712601191886.jpg
1789657712634517259,1789657712669866201,1789657712634517259.jpg
1789657712667843966,1789657712706952908,1789657712667843966.jpg
1789657712701173552,1789657712740260359,1789657712701173552.jpg
1789657712734496026,1789657712771623192,1789657712734496026.jpg
1789657712767823311,1789657712807988750,1789657712767823311.jpg
1789657712801147141,1789657712839797461,1789657712801147141.jpg
1789657712834474315,1789657712872763828,1789657712834474315.jpg
1789657712867800990,1789657712904212048,1789657712867800990.jpg
1789657712901123583,1789657712936541857,1789657712901123583.jpg
1789657712934451389,1789657712972562127,1789657712934451389.jpg
1789657712967776442,1789657713005760044,1789657712967776442.jpg
1789657713001108227,1789657713037588087,1789657713001108227.jpg
1789657713034427988,1789657713069405483,1789657713034427988.jpg
1789657713067754240,1789657713105550121,1789657713067754240.jpg
1789657713101083198,1789657713139480889,1789657713101083198.jpg
1789657713134405627,1789657713172518828,1789657713134405627.jpg
1789657713167733183,1789657713203987270,1789657713167733183.jpg
1789657713201062625,1789657713238090719,1789657713201062625.jpg
1789657713234383374,1789657713270279531,1789657713234383374.jpg
1789657713267710188,1789657713303932121,1789657713267710188.jpg
1789657713301036097,1789657713338189696,1789657713301036097.jpg
1789657713334365054,1789657713369556511,1789657713334365054.jpg
1789657713367697150,1789657713404718896,1789657713367697150.jpg
1789657713401013082,1789657713438333339,1789657713401013082.jpg
1789657713434343512,1789657713472331475,1789657713434343512.jpg
1789657713467662949,1789657713505887420,1789657713467662949.jpg
1789657713500992831,1789657713536759488,1789657713500992831.jpg
1789657713534320300,1789657713571627454,1789657713534320300.jpg
1789657713567642254,1789657713606322203,1789657713567642254.jpg
1789657713600972366,1789657713637679851,1789657713600972366.jpg
1789657713634293080,1789657713671104188,1789657713634293080.jpg
1789657713667621506,1789657713703934058,1789657713667621506.jpg
1789657713700951487,1789657713737891066,1789657713700951487.jpg
1789657713734270995,1789657713770962208,1789657713734270995.jpg
1789657713767598982,1789657713803339442,1789657713767598982.jpg
1789657713800921836,1789657713838610046,1789657713800921836.jpg
1789657713834249549,1789657713872936304,1789657713834249549.jpg
1789657713867575633,1789657713905209040,1789657713867575633.jpg
1789657713900899476,1789657713938113520,1789657713900899476.jpg
1789657713934226446,1789657713971550652,1789657713934226446.jpg
1789657713967551526,1789657714003096870,1789657713967551526.jpg
1789657714000876838,1789657714037138339,1789657714000876838.jpg
1789657714034201786,1789657714070613859,1789657714034201786.jpg
1789657714067538952,1789657714105994017,1789657714067538952.jpg
1789657714100858567,1789657714138765555,1789657714100858567.jpg
1789657714134181196,1789657714171820197,1789657714134181196.jpg
1789657714167505645,1789657714204566180,1789657714167505645.jpg
1789657714200831885,1789657714237130613,1789657714200831885.jpg
1789657714234157125,1789657714271321430,1789657714234157125.jpg
1789657714267484349,1789657714306248710,1789657714267484349.jpg
1789657714300808481,1789657714338860048,1789657714300808481.jpg
1789657714334135549,1789657714370100644,1789657714334135549.jpg
1789657714367461233,1789657714404849614,1789657714367461233.jpg
1789657714400788489,1789657714439015450,1789657714400788489.jpg
1789657714434112877,1789657714472099203,1789657714434112877.jpg
1789657714467439631,1789657714504354902,1789657714467439631.jpg
1789657714500763896,1789657714539251294,1789657714500763896.jpg
1789657714534090269,1789657714572188087,1789657714534090269.jpg
1789657714567416013,1789657714601153963,1789657714567416013.jpg
1789657714600743982,1789657714637169160,1789657714600743982.jpg
1789657714634066930,1789657714673934022,1789657714634066930.jpg
1789657714667398355,1789657714706171241,1789657714667398355.jpg
1789657714700718823,1789657714737528797,1789657714700718823.jpg
1789657714734047753,1789657714770667622,1789657714734047753.jpg
1789657714767370930,1789657714802994931,1789657714767370930.jpg
1789657714800696452,1789657714838041504,1789657714800696452.jpg
1789657714834022810,1789657714872203359,1789657714834022810.jpg
1789657714867347647,1789657714903748428,1789657714867347647.jpg
1789657714900674666,1789657714937276058,1789657714900674666.jpg
1789657714934001120,1789657714972058657,1789657714934001120.jpg
1789657714967326102,1789657715004608164,1789657714967326102.jpg
1789657715000653897,1789657715037962187,1789657715000653897.jpg
1789657715033977566,1789657715071085402,1789657715033977566.jpg
1789657715067305985,1789657715106024385,1789657715067305985.jpg
1789657715100629634,1789657715138538430,1789657715100629634.jpg
1789657715133956709,1789657715168439393,1789657715133956709.jpg
1789657715167282415,1789657715204074488,1789657715167282415.jpg
1789657715200605600,1789657715236910117,1789657715200605600.jpg
1789657715233934000,1789657715271392408,1789657715233934000.jpg
1789657715267262275,1789657715304802727,1789657715267262275.jpg
1789657715300584352,1789657715336604586,1789657715300584352.jpg
1789657715333909190,1789657715371387777,1789657715333909190.jpg
1789657715367235619,1789657715403604422,1789657715367235619.jpg
1789657715400562712,1789657715437265678,1789657715400562712.jpg
1789657715433887711,1789657715469364696,1789657715433887711.jpg
1789657715467214275,1789657715505678719,1789657715467214275.jpg
1789657715500539052,1789657715537886068,1789657715500539052.jpg
1789657715533864475,1789657715569684094,1789657715533864475.jpg
1789657715567191403,1789657715603954353,1789657715567191403.jpg
1789657715600515836,1789657715637953990,1789657715600515836.jpg
1789657715633844645,1789657715672140455,1789657715633844645.jpg
1789657715667168719,1789657715704325712,1789657715667168719.jpg
1789657715700494585,1789657715737636755,1789657715700494585.jpg
1789657715733819024,1789657715773350960,1789657715733819024.jpg
1789657715767145201,1789657715802947912,1789657715767145201.jpg
1789657715800470614,1789657715837342872,1789657715800470614.jpg
1789657715833800114,1789657715870063708,1789657715833800114.jpg
1789657715867123572,1789657715906721851,1789657715867123572.jpg
1789657715900449805,1789657715938497896,1789657715900449805.jpg
1789657715933775982,1789657715970763799,1789657715933775982.jpg
1789657715967104545,1789657716006234843,1789657715967104545.jpg
1789657716000429436,1789657716039378020,1789657716000429436.jpg
1789657716033752025,1789657716070939700,1789657716033752025.jpg
1789657716067077980,1789657716103446874,1789657716067077980.jpg
1789657716100403524,1789657716135257437,1789657716100403524.jpg
1789657716133729423,1789657716171046880,1789657716133729423.jpg
1789657716167058175,1789657716203143621,1789657716167058175.jpg
1789657716200381780,1789657716241742993,1789657716200381780.jpg
1789657716233705489,1789657716271456497,1789657716233705489.jpg
1789657716267031681,1789657716304795632,1789657716267031681.jpg
1789657716300362741,1789657716338146841,1789657716300362741.jpg
1789657716333684967,1789657716369839962,1789657716333684967.jpg
1789657716367011207,1789657716404062130,1789657716367011207.jpg
1789657716400341037,1789657716437741053,1789657716400341037.jpg
1789657716433661889,1789657716470510925,1789657716433661889.jpg
1789657716466989544,1789657716505482240,1789657716466989544.jpg
1789657716500314012,1789657716539648706,1789657716500314012.jpg
1789657716533640051,1789657716571985941,1789657716533640051.jpg
1789657716566968869,1789657716606185517,1789657716566968869.jpg
1789657716600291213,1789657716637922415,1789657716600291213.jpg
1789657716633619234,1789657716671175052,1789657716633619234.jpg
1789657716666948729,1789657716705437571,1789657716666948729.jpg
1789657716700268638,1789657716738385753,1789657716700268638.jpg
1789657716733594848,1789657716771885958,1789657716733594848.jpg
1789657716766918926,1789657716804079492,1789657716766918926.jpg
1789657716800245678,1789657716838313586,1789657716800245678.jpg
1789657716833572066,1789657716869321021,1789657716833572066.jpg
1789657716866899669,1789657716904466128,1789657716866899669.jpg
1789657716900223084,1789657716939141452,1789657716900223084.jpg
1789657716933548223,1789657716970092647,1789657716933548223.jpg
1789657716966880282,1789657717006118288,1789657716966880282.jpg
1789657717000200174,1789657717036220875,1789657717000200174.jpg
1789657717033527872,1789657717070996289,1789657717033527872.jpg
1789657717066855776,1789657717104426273,1789657717066855776.jpg
1789657717100179317,1789657717137232848,1789657717100179317.jpg
1789657717133505323,1789657717169731097,1789657717133505323.jpg
1789657717166829776,1789657717205445467,1789657717166829776.jpg
1789657717200155564,1789657717238264949,1789657717200155564.jpg
1789657717233493074,1789657717271238926,1789657717233493074.jpg
1789657717266808632,1789657717303716028,1789657717266808632.jpg
1789657717300133245,1789657717339326772,1789657717300133245.jpg
1789657717333459425,1789657717370305967,1789657717333459425.jpg
1789657717366784935,1789657717404989882,1789657717366784935.jpg
1789657717400111674,1789657717436338197,1789657717400111674.jpg
1789657717433437191,1789657717468347829,1789657717433437191.jpg
1789657717466764018,1789657717505036879,1789657717466764018.jpg
1789657717500087841,1789657717538468789,1789657717500087841.jpg
1789657717533414591,1789657717570991889,1789657717533414591.jpg
1789657717566740055,1789657717602873802,1789657717566740055.jpg
1789657717600064611,1789657717636882364,1789657717600064611.jpg
1789657717633391671,1789657717671772553,1789657717633391671.jpg
1789657717666716831,1789657717703553838,1789657717666716831.jpg
1789657717700047435,1789657717736325376,1789657717700047435.jpg
1789657717733371170,1789657717771430226,1789657717733371170.jpg
1789657717766694597,1789657717804284503,1789657717766694597.jpg
1789657717800025004,1789657717838875513,1789657717800025004.jpg
1789657717833346206,1789657717869473736,1789657717833346206.jpg
1789657717866674950,1789657717903069680,1789657717866674950.jpg
1789657717900000654,1789657717939106727,1789657717900000654.jpg
1789657717933323880,1789657717970087404,1789657717933323880.jpg
1789657717966652772,1789657718003177823,1789657717966652772.jpg
1789657717999974231,1789657718037375380,1789657717999974231.jpg
1789657718033301997,1789657718071527884,1789657718033301997.jpg
1789657718066630967,1789657718108375670,1789657718066630967.jpg
1789657718099952761,1789657718137397804,1789657718099952761.jpg
1789657718133281926,1789657718171172465,1789657718133281926.jpg
1789657718166604655,1789657718204541858,1789657718166604655.jpg
1789657718199930310,1789657718236022299,1789657718199930310.jpg
1789657718233257743,1789657718269280881,1789657718233257743.jpg
1789657718266580634,1789657718304570225,1789657718266580634.jpg
1789657718299909198,1789657718337083159,1789657718299909198.jpg
1789657718333232569,1789657718370655344,1789657718333232569.jpg
1789657718366562018,1789657718403574878,1789657718366562018.jpg
1789657718399883460,1789657718438622729,1789657718399883460.jpg
1789657718433211434,1789657718470504327,1789657718433211434.jpg
1789657718466539324,1789657718503995587,1789657718466539324.jpg
1789657718499861111,1789657718537325686,1789657718499861111.jpg
1789657718533188437,1789657718568154273,1789657718533188437.jpg
1789657718566513399,1789657718604453055,1789657718566513399.jpg
1789657718599839617,1789657718635927256,1789657718599839617.jpg
1789657718633165827,1789657718669534477,1789657718633165827.jpg
1789657718666492382,1789657718703081458,1789657718666492382.jpg
1789657718699816509,1789657718739527774,1789657718699816509.jpg
1789657718733143239,1789657718767076870,1789657718733143239.jpg
1789657718766468727,1789657718799852297,1789657718766468727.jpg
1789657718799795919,1789657718838448854,1789657718799795919.jpg
1789657718833119586,1789657718870646833,1789657718833119586.jpg
1789657718866457919,1789657718906036101,1789657718866457919.jpg
1789657718899770779,1789657718937467303,1789657718899770779.jpg
1789657718933099104,1789657718969984459,1789657718933099104.jpg
1789657718966427024,1789657719002914511,1789657718966427024.jpg
1789657718999748677,1789657719038970837,1789657718999748677.jpg
1789657719033078305,1789657719068809172,1789657719033078305.jpg
1789657719066402017,1789657719103264223,1789657719066402017.jpg
1789657719099727600,1789657719139369935,1789657719099727600.jpg
1789657719133054052,1789657719170878469,1789657719133054052.jpg
1789657719166378518,1789657719202597237,1789657719166378518.jpg
1789657719199705198,1789657719237186748,1789657719199705198.jpg
1789657719233030148,1789657719269765976,1789657719233030148.jpg
1789657719266356440,1789657719304636850,1789657719266356440.jpg
1789657719299687911,1789657719336958881,1789657719299687911.jpg
1789657719333006655,1789657719367780876,1789657719333006655.jpg
1789657719366334482,1789657719403541505,1789657719366334482.jpg
1789657719399659095,1789657719437187484,1789657719399659095.jpg
1789657719432984582,1789657719470134296,1789657719432984582.jpg
1789657719466312535,1789657719503735720,1789657719466312535.jpg
1789657719499636849,1789657719538179068,1789657719499636849.jpg
1789657719532965247,1789657719572816670,1789657719532965247.jpg
1789657719566287493,1789657719603661257,1789657719566287493.jpg
1789657719599613056,1789657719636981355,1789657719599613056.jpg
1789657719632941847,1789657719671229986,1789657719632941847.jpg
1789657719666266250,1789657719704331330,1789657719666266250.jpg
1789657719699594392,1789657719738614015,1789657719699594392.jpg
1789657719732917537,1789657719767166142,1789657719732917537.jpg
1789657719766244779,1789657719804386327,1789657719766244779.jpg
1789657719799570562,1789657719835927359,1789657719799570562.jpg
1789657719832895803,1789657719871893261,1789657719832895803.jpg
1789657719866221426,1789657719904865349,1789657719866221426.jpg
1789657719899545471,1789657719936833612,1789657719899545471.jpg
1789657719932872630,1789657719975333745,1789657719932872630.jpg
1789657719966199936,1789657720002503463,1789657719966199936.jpg
1789657719999523608,1789657720036778944,1789657719999523608.jpg
1789657720032851356,1789657720069344228,1789657720032851356.jpg
1789657720066174958,1789657720103342495,1789657720066174958.jpg
1789657720099503196,1789657720136364601,1789657720099503196.jpg
1789657720132827392,1789657720169857824,1789657720132827392.jpg
1789657720166153994,1789657720203767463,1789657720166153994.jpg
1789657720199479582,1789657720238564654,1789657720199479582.jpg
1789657720232803919,1789657720269039102,1789657720232803919.jpg
1789657720266132359,1789657720306368043,1789657720266132359.jpg
1789657720299456012,1789657720338638112,1789657720299456012.jpg
1789657720332782036,1789657720370529432,1789657720332782036.jpg
1789657720366112308,1789657720402993904,1789657720366112308.jpg
1789657720399433882,1789657720437011651,1789657720399433882.jpg
1789657720432761004,1789657720469713136,1789657720432761004.jpg
1789657720466084900,1789657720500750755,1789657720466084900.jpg
1789657720499415979,1789657720534944942,1789657720499415979.jpg
1789657720532737178,1789657720570751422,1789657720532737178.jpg
1789657720566065133,1789657720602547355,1789657720566065133.jpg
1789657720599390627,1789657720636984018,1789657720599390627.jpg
1789657720632713952,1789657720669366510,1789657720632713952.jpg
1789657720666042470,1789657720703695972,1789657720666042470.jpg
1789657720699368001,1789657720734250215,1789657720699368001.jpg
1789657720732691977,1789657720768196001,1789657720732691977.jpg
1789657720766020005,1789657720804271492,1789657720766020005.jpg
1789657720799342811,1789657720836092036,1789657720799342811.jpg
1789657720832671955,1789657720868765540,1789657720832671955.jpg
1789657720865997140,1789657720903272386,1789657720865997140.jpg
1789657720899322149,1789657720937637439,1789657720899322149.jpg
1789657720932648663,1789657720972293059,1789657720932648663.jpg
1789657720965974347,1789657721004097788,1789657720965974347.jpg
1789657720999302218,1789657721036244435,1789657720999302218.jpg
1789657721032624787,1789657721069876322,1789657721032624787.jpg
1789657721065949340,1789657721102262759,1789657721065949340.jpg
1789657721099277883,1789657721137146039,1789657721099277883.jpg
1789657721132601187,1789657721169048007,1789657721132601187.jpg
1789657721165931131,1789657721201711974,1789657721165931131.jpg
1789657721199253343,1789657721236794861,1789657721199253343.jpg
1789657721232579787,1789657721269788616,1789657721232579787.jpg
1789657721265905446,1789657721302989550,1789657721265905446.jpg
1789657721299231037,1789657721335608759,1789657721299231037.jpg
1789657721332560437,1789657721371518069,1789657721332560437.jpg
1789657721365887578,1789657721402746295,1789657721365887578.jpg
1789657721399208478,1789657721434516192,1789657721399208478.jpg
1789657721432540560,1789657721470279580,1789657721432540560.jpg
1789657721465858980,1789657721504221625,1789657721465858980.jpg
1789657721499186260,1789657721535881914,1789657721499186260.jpg
1789657721532511258,1789657721569673982,1789657721532511258.jpg
1789657721565839338,1789657721602511907,1789657721565839338.jpg
1789657721599164324,1789657721637231007,1789657721599164324.jpg
1789657721632488983,1789657721669508558,1789657721632488983.jpg
1789657721665817491,1789657721704253564,1789657721665817491.jpg
1789657721699140751,1789657721736105163,1789657721699140751.jpg
1789657721732468653,1789657721768594505,1789657721732468653.jpg
1789657721765794421,1789657721802606197,1789657721765794421.jpg
1789657721799117676,1789657721836382598,1789657721799117676.jpg
1789657721832457047,1789657721868930494,1789657721832457047.jpg
1789657721865768589,1789657721903625131,1789657721865768589.jpg
1789657721899096919,1789657721936004031,1789657721899096919.jpg
1789657721932423711,1789657721969182707,1789657721932423711.jpg
1789657721965747042,1789657722002170907,1789657721965747042.jpg
1789657721999074447,1789657722037997589,1789657721999074447.jpg
1789657722032399477,1789657722068714495,1789657722032399477.jpg
1789657722065729645,1789657722103013309,1789657722065729645.jpg
1789657722099052999,1789657722138085103,1789657722099052999.jpg
1789657722132377798,1789657722168624439,1789657722132377798.jpg
1789657722165702170,1789657722203563626,1789657722165702170.jpg
1789657722199029632,1789657722235360467,1789657722199029632.jpg
1789657722232357855,1789657722269056407,1789657722232357855.jpg
1789657722265681518,1789657722305220100,1789657722265681518.jpg
1789657722299007694,1789657722336304996,1789657722299007694.jpg
1789657722332332178,1789657722370407185,1789657722332332178.jpg
1789657722365656877,1789657722402212026,1789657722365656877.jpg
1789657722398988176,1789657722438273425,1789657722398988176.jpg
1789657722432320523,1789657722469264879,1789657722432320523.jpg
1789657722465636101,1789657722503351754,1789657722465636101.jpg
1789657722498962810,1789657722535978833,1789657722498962810.jpg
1789657722532286072,1789657722569936674,1789657722532286072.jpg
1789657722565614475,1789657722602540883,1789657722565614475.jpg
1789657722598960405,1789657722634969560,1789657722598960405.jpg
1789657722632264612,1789657722668762090,1789657722632264612.jpg
1789657722665590248,1789657722702449865,1789657722665590248.jpg
1789657722698915250,1789657722736155286,1789657722698915250.jpg
1789657722732248354,1789657722771247155,1789657722732248354.jpg
1789657722765567144,1789657722802562415,1789657722765567144.jpg
1789657722798892516,1789657722839082710,1789657722798892516.jpg
1789657722832221215,1789657722869609416,1789657722832221215.jpg
1789657722865543855,1789657722907587618,1789657722865543855.jpg
1789657722898871863,1789657722933233671,1789657722898871863.jpg
1789657722932195679,1789657722967135643,1789657722932195679.jpg
1789657722965521767,1789657723002292676,1789657722965521767.jpg
1789657722998850582,1789657723034688594,1789657722998850582.jpg
1789657723032174738,1789657723070762234,1789657723032174738.jpg
1789657723065499912,1789657723103928521,1789657723065499912.jpg
1789657723098824652,1789657723135818915,1789657723098824652.jpg
1789657723132152114,1789657723170324576,1789657723132152114.jpg
1789657723165478491,1789657723202688661,1789657723165478491.jpg
1789657723198802323,1789657723235568123,1789657723198802323.jpg
1789657723232130268,1789657723270654139,1789657723232130268.jpg
1789657723265453892,1789657723302499330,1789657723265453892.jpg
1789657723298782173,1789657723335712302,1789657723298782173.jpg
1789657723332107034,1789657723370354867,1789657723332107034.jpg
1789657723365431004,1789657723403968217,1789657723365431004.jpg
1789657723398758520,1789657723437152855,1789657723398758520.jpg
1789657723432084928,1789657723469481034,1789657723432084928.jpg
1789657723465409533,1789657723506355709,1789657723465409533.jpg
1789657723498736278,1789657723536191155,1789657723498736278.jpg
1789657723532060954,1789657723569674620,1789657723532060954.jpg
1789657723565386071,1789657723602410974,1789657723565386071.jpg
1789657723598712572,1789657723633895452,1789657723598712572.jpg
1789657723632043419,1789657723670414728,1789657723632043419.jpg
1789657723665364053,1789657723701601603,1789657723665364053.jpg
1789657723698689581,1789657723735449910,1789657723698689581.jpg
1789657723732017104,1789657723769166776,1789657723732017104.jpg
1789657723765341418,1789657723802853995,1789657723765341418.jpg
1789657723798671647,1789657723837144124,1789657723798671647.jpg
1789657723831999552,1789657723870012974,1789657723831999552.jpg
1789657723865318734,1789657723902171324,1789657723865318734.jpg
1789657723898648545,1789657723936047316,1789657723898648545.jpg
1789657723931971029,1789657723970570754,1789657723931971029.jpg
1789657723965298692,1789657724004053182,1789657723965298692.jpg
1789657723998623981,1789657724035783913,1789657723998623981.jpg
1789657724031949361,1789657724067927652,1789657724031949361.jpg
1789657724065275517,1789657724104850714,1789657724065275517.jpg
1789657724098599267,1789657724134200562,1789657724098599267.jpg
1789657724131930556,1789657724169459037,1789657724131930556.jpg
1789657724165252308,1789657724202659638,1789657724165252308.jpg
1789657724198578531,1789657724236868751,1789657724198578531.jpg
1789657724231906997,1789657724271990303,1789657724231906997.jpg
1789657724265230528,1789657724304615771,1789657724265230528.jpg
1789657724298553801,1789657724335818071,1789657724298553801.jpg
1789657724331880713,1789657724368109770,1789657724331880713.jpg
1789657724365206868,1789657724402502859,1789657724365206868.jpg
1789657724398532651,1789657724438392540,1789657724398532651.jpg
1789657724431857318,1789657724468721992,1789657724431857318.jpg
1789657724465189550,1789657724499746538,1789657724465189550.jpg
1789657724498509324,1789657724539499417,1789657724498509324.jpg
1789657724531838554,1789657724570069752,1789657724531838554.jpg
1789657724565172959,1789657724602460281,1789657724565172959.jpg
1789657724598486065,1789657724637918066,1789657724598486065.jpg
1789657724631812612,1789657724670252541,1789657724631812612.jpg
1789657724665138507,1789657724702991154,1789657724665138507.jpg
1789657724698469291,1789657724735318241,1789657724698469291.jpg
1789657724731791326,1789657724768671079,1789657724731791326.jpg
1789657724765117944,1789657724801883717,1789657724765117944.jpg
1789657724798446128,1789657724834150101,1789657724798446128.jpg
1789657724831769107,1789657724868375158,1789657724831769107.jpg
1789657724865097263,1789657724904290265,1789657724865097263.jpg
1789657724898423334,1789657724935915980,1789657724898423334.jpg
1789657724931744861,1789657724968038516,1789657724931744861.jpg
1789657724965071871,1789657725003548670,1789657724965071871.jpg
1789657724998396622,1789657725036342874,1789657724998396622.jpg
1789657725031725028,1789657725070179904,1789657725031725028.jpg
1789657725065050256,1789657725103167770,1789657725065050256.jpg
1789657725098374714,1789657725135332175,1789657725098374714.jpg
1789657725131701069,1789657725167249031,1789657725131701069.jpg
1789657725165024964,1789657725203568590,1789657725165024964.jpg
1789657725198352395,1789657725235476910,1789657725198352395.jpg
1789657725231681260,1789657725267879383,1789657725231681260.jpg
1789657725265004631,1789657725302979788,1789657725265004631.jpg
1789657725298330611,1789657725334841831,1789657725298330611.jpg
1789657725331655699,1789657725371079984,1789657725331655699.jpg
1789657725364981398,1789657725402872196,1789657725364981398.jpg
1789657725398309818,1789657725435716824,1789657725398309818.jpg
1789657725431632967,1789657725469657222,1789657725431632967.jpg
1789657725464958657,1789657725499587795,1789657725464958657.jpg
1789657725498285330,1789657725535479883,1789657725498285330.jpg
1789657725531613119,1789657725570503957,1789657725531613119.jpg
1789657725564936080,1789657725601542595,1789657725564936080.jpg
1789657725598261756,1789657725634419075,1789657725598261756.jpg
1789657725631588960,1789657725669779954,1789657725631588960.jpg
1789657725664912509,1789657725702369830,1789657725664912509.jpg
1789657725698239231,1789657725736232007,1789657725698239231.jpg
1789657725731565390,1789657725770028834,1789657725731565390.jpg
1789657725764894016,1789657725802948647,1789657725764894016.jpg
1789657725798216207,1789657725836506572,1789657725798216207.jpg
1789657725831543440,1789657725867368399,1789657725831543440.jpg
1789657725864869401,1789657725903297098,1789657725864869401.jpg
1789657725898193812,1789657725934566267,1789657725898193812.jpg
1789657725931523776,1789657725970134012,1789657725931523776.jpg
1789657725964846527,1789657726003119804,1789657725964846527.jpg
1789657725998172433,1789657726038460092,1789657725998172433.jpg
1789657726031497904,1789657726069570153,1789657726031497904.jpg
1789657726064822895,1789657726103367517,1789657726064822895.jpg
1789657726098149557,1789657726136882944,1789657726098149557.jpg
1789657726131474956,1789657726170474517,1789657726131474956.jpg
1789657726164802279,1789657726202027623,1789657726164802279.jpg
1789657726198127755,1789657726236299567,1789657726198127755.jpg
1789657726231450651,1789657726267727528,1789657726231450651.jpg
1789657726264781566,1789657726302849118,1789657726264781566.jpg
1789657726298103844,1789657726335576028,1789657726298103844.jpg
1789657726331429562,1789657726367950502,1789657726331429562.jpg
1789657726364757599,1789657726403290530,1789657726364757599.jpg
1789657726398080951,1789657726436410208,1789657726398080951.jpg
1789657726431409746,1789657726468462875,1789657726431409746.jpg
1789657726464734992,1789657726502394828,1789657726464734992.jpg
1789657726498058848,1789657726534691675,1789657726498058848.jpg
1789657726531385650,1789657726569766247,1789657726531385650.jpg
1789657726564710063,1789657726601873209,1789657726564710063.jpg
1789657726598040027,1789657726634373569,1789657726598040027.jpg
1789657726631362213,1789657726669133279,1789657726631362213.jpg
1789657726664687317,1789657726703343836,1789657726664687317.jpg
1789657726698014714,1789657726733858302,1789657726698014714.jpg
1789657726731339799,1789657726769860776,1789657726731339799.jpg
1789657726764666444,1789657726801651413,1789657726764666444.jpg
1789657726797992468,1789657726836172685,1789657726797992468.jpg
1789657726831318882,1789657726871573786,1789657726831318882.jpg
1789657726864643506,1789657726901289957,1789657726864643506.jpg
1789657726897967544,1789657726933088724,1789657726897967544.jpg
1789657726931299079,1789657726970391369,1789657726931299079.jpg
1789657726964620899,1789657727000309202,1789657726964620899.jpg
1789657726997948439,1789657727034115362,1789657726997948439.jpg
1789657727031273739,1789657727069884638,1789657727031273739.jpg
1789657727064597797,1789657727101435874,1789657727064597797.jpg
1789657727097925234,1789657727133111477,1789657727097925234.jpg
1789657727131248031,1789657727169151877,1789657727131248031.jpg
1789657727164575176,1789657727202136520,1789657727164575176.jpg
1789657727197901469,1789657727237084429,1789657727197901469.jpg
1789657727231246301,1789657727267902813,1789657727231246301.jpg
1789657727264553842,1789657727303196898,1789657727264553842.jpg
1789657727297879211,1789657727333469093,1789657727297879211.jpg
1789657727331205447,1789657727368436686,1789657727331205447.jpg
1789657727364531781,1789657727401402312,1789657727364531781.jpg
1789657727397856869,1789657727435613628,1789657727397856869.jpg
1789657727431181915,1789657727467157901,1789657727431181915.jpg
1789657727464508049,1789657727502437857,1789657727464508049.jpg
1789657727497837026,1789657727536860223,1789657727497837026.jpg
1789657727531160070,1789657727571496159,1789657727531160070.jpg
1789657727564485645,1789657727600654529,1789657727564485645.jpg
1789657727597812884,1789657727635941874,1789657727597812884.jpg
1789657727631137862,1789657727673523012,1789657727631137862.jpg
1789657727664462948,1789657727700969593,1789657727664462948.jpg
1789657727697788803,1789657727733893775,1789657727697788803.jpg
1789657727731115509,1789657727767316463,1789657727731115509.jpg
1789657727764440518,1789657727803956440,1789657727764440518.jpg
1789657727797765288,1789657727834975523,1789657727797765288.jpg
1789657727831094060,1789657727869333576,1789657727831094060.jpg
1789657727864419257,1789657727901160527,1789657727864419257.jpg
1789657727897743274,1789657727935349548,1789657727897743274.jpg
1789657727931069531,1789657727969342129,1789657727931069531.jpg
1789657727964394341,1789657728001371038,1789657727964394341.jpg
1789657727997721766,1789657728036981633,1789657727997721766.jpg
1789657728031048101,1789657728067729001,1789657728031048101.jpg
1789657728064372483,1789657728101092301,1789657728064372483.jpg
1789657728097698881,1789657728134194127,1789657728097698881.jpg
1789657728131023803,1789657728168817656,1789657728131023803.jpg
1789657728164350797,1789657728201693265,1789657728164350797.jpg
1789657728197676864,1789657728234577134,1789657728197676864.jpg
1789657728231003238,1789657728268076487,1789657728231003238.jpg
1789657728264328037,1789657728301975607,1789657728264328037.jpg
1789657728297653262,1789657728335248503,1789657728297653262.jpg
1789657728330978933,1789657728368247739,1789657728330978933.jpg
1789657728364304409,1789657728404637704,1789657728364304409.jpg
1789657728397631229,1789657728436135126,1789657728397631229.jpg
1789657728430959446,1789657728467374370,1789657728430959446.jpg
1789657728464283169,1789657728501300138,1789657728464283169.jpg
1789657728497607827,1789657728535159537,1789657728497607827.jpg
1789657728530933201,1789657728568052942,1789657728530933201.jpg
1789657728564260026,1789657728602404459,1789657728564260026.jpg
1789657728597585915,1789657728634218929,1789657728597585915.jpg
1789657728630910941,1789657728670473841,1789657728630910941.jpg
1789657728664237751,1789657728702825519,1789657728664237751.jpg
1789657728697570087,1789657728732722131,1789657728697570087.jpg
1789657728730891621,1789657728768429168,1789657728730891621.jpg
1789657728764216633,1789657728801233372,1789657728764216633.jpg
1789657728797539571,1789657728834968812,1789657728797539571.jpg
1789657728830871711,1789657728868883154,1789657728830871711.jpg
1789657728864190655,1789657728907636818,1789657728864190655.jpg
1789657728897523591,1789657728935777455,1789657728897523591.jpg
1789657728930845098,1789657728967432355,1789657728930845098.jpg
1789657728964169884,1789657729003029969,1789657728964169884.jpg
1789657728997498846,1789657729035139913,1789657728997498846.jpg
1789657729030820705,1789657729067225265,1789657729030820705.jpg
1789657729064149518,1789657729103037874,1789657729064149518.jpg
1789657729097475205,1789657729137647347,1789657729097475205.jpg
1789657729130798874,1789657729168282550,1789657729130798874.jpg
1789657729164125468,1789657729201533909,1789657729164125468.jpg
1789657729197450067,1789657729232892502,1789657729197450067.jpg
1789657729230776356,1789657729267152113,1789657729230776356.jpg
1789657729264106368,1789657729301554406,1789657729264106368.jpg
1789657729297429313,1789657729334789618,1789657729297429313.jpg
1789657729330753864,1789657729369384961,1789657729330753864.jpg
1789657729364079435,1789657729402372549,1789657729364079435.jpg
1789657729397407269,1789657729435804700,1789657729397407269.jpg
1789657729430736973,1789657729466149559,1789657729430736973.jpg
1789657729464059108,1789657729501024914,1789657729464059108.jpg
1789657729497385576,1789657729534655857,1789657729497385576.jpg
1789657729530708312,1789657729565784510,1789657729530708312.jpg
1789657729564035380,1789657729601289757,1789657729564035380.jpg
1789657729597361135,1789657729634740741,1789657729597361135.jpg
1789657729630685992,1789657729668045598,1789657729630685992.jpg
1789657729664014277,1789657729700153135,1789657729664014277.jpg
1789657729697337709,1789657729734453486,1789657729697337709.jpg
1789657729730663051,1789657729768085521,1789657729730663051.jpg
1789657729763990641,1789657729801398101,1789657729763990641.jpg
1789657729797317712,1789657729835419403,1789657729797317712.jpg
1789657729830646027,1789657729868454972,1789657729830646027.jpg
1789657729863967881,1789657729899519868,1789657729863967881.jpg
1789657729897292930,1789657729936842920,1789657729897292930.jpg
1789657729930617613,1789657729967862262,1789657729930617613.jpg
1789657729963946878,1789657730001177768,1789657729963946878.jpg
1789657729997272454,1789657730033828809,1789657729997272454.jpg
1789657730030595434,1789657730067558582,1789657730030595434.jpg
1789657730063926069,1789657730102331476,1789657730063926069.jpg
1789657730097248818,1789657730135203993,1789657730097248818.jpg
1789657730130574846,1789657730168615034,1789657730130574846.jpg
1789657730163899405,1789657730200272618,1789657730163899405.jpg
1789657730197225458,1789657730233664585,1789657730197225458.jpg
1789657730230554917,1789657730268203986,1789657730230554917.jpg
1789657730263876962,1789657730300166489,1789657730263876962.jpg
1789657730297202226,1789657730333784783,1789657730297202226.jpg
1789657730330529017,1789657730369576559,1789657730330529017.jpg
1789657730363854479,1789657730401206145,1789657730363854479.jpg
1789657730397181082,1789657730434744423,1789657730397181082.jpg
1789657730430505312,1789657730469692998,1789657730430505312.jpg
1789657730463832734,1789657730501238271,1789657730463832734.jpg
1789657730497159150,1789657730533857239,1789657730497159150.jpg
1789657730530483437,1789657730566177788,1789657730530483437.jpg
1789657730563810924,1789657730601644443,1789657730563810924.jpg
1789657730597134444,1789657730636571908,1789657730597134444.jpg
1789657730630462135,1789657730666154008,1789657730630462135.jpg
1789657730663786841,1789657730701092843,1789657730663786841.jpg
1789657730697111732,1789657730735780536,1789657730697111732.jpg
1789657730730440348,1789657730766917653,1789657730730440348.jpg
1789657730763763386,1789657730801265466,1789657730763763386.jpg
1789657730797091059,1789657730834497307,1789657730797091059.jpg
1789657730830416754,1789657730868423742,1789657730830416754.jpg
1789657730863741727,1789657730901356183,1789657730863741727.jpg
1789657730897067904,1789657730933479775,1789657730897067904.jpg
1789657730930393848,1789657730967571557,1789657730930393848.jpg
1789657730963719177,1789657731000518979,1789657730963719177.jpg
1789657730997044111,1789657731034070572,1789657730997044111.jpg
1789657731030371372,1789657731067932656,1789657731030371372.jpg
1789657731063695602,1789657731100507144,1789657731063695602.jpg
1789657731097022624,1789657731134477336,1789657731097022624.jpg
1789657731130348533,1789657731168725133,1789657731130348533.jpg
1789657731163677009,1789657731200345515,1789657731163677009.jpg
1789657731197002007,1789657731233138442,1789657731197002007.jpg
1789657731230326160,1789657731267674639,1789657731230326160.jpg
1789657731263651646,1789657731300821445,1789657731263651646.jpg
1789657731296978743,1789657731338315141,1789657731296978743.jpg
1789657731330302073,1789657731365625095,1789657731330302073.jpg
1789657731363628250,1789657731398202712,1789657731363628250.jpg
1789657731396963207,1789657731433185676,1789657731396963207.jpg
1789657731430280064,1789657731468247563,1789657731430280064.jpg
1789657731463607380,1789657731501920263,1789657731463607380.jpg
1789657731496931319,1789657731533233968,1789657731496931319.jpg
1789657731530259488,1789657731569074113,1789657731530259488.jpg
1789657731563584849,1789657731600176083,1789657731563584849.jpg
1789657731596908937,1789657731636399663,1789657731596908937.jpg
1789657731630236587,1789657731668402535,1789657731630236587.jpg
1789657731663560581,1789657731701098353,1789657731663560581.jpg
1789657731696897584,1789657731735155488,1789657731696897584.jpg
1789657731730213903,1789657731765913781,1789657731730213903.jpg
1789657731763539623,1789657731799907121,1789657731763539623.jpg
1789657731796865087,1789657731835735544,1789657731796865087.jpg
1789657731830189330,1789657731866747812,1789657731830189330.jpg
1789657731863517208,1789657731901502115,1789657731863517208.jpg
1789657731896841677,1789657731932673194,1789657731896841677.jpg
1789657731930169590,1789657731967356109,1789657731930169590.jpg
1789657731963493481,1789657732000668985,1789657731963493481.jpg
1789657731996818516,1789657732033833309,1789657731996818516.jpg
1789657732030147642,1789657732066634347,1789657732030147642.jpg
1789657732063474999,1789657732102105983,1789657732063474999.jpg
1789657732096796762,1789657732134792430,1789657732096796762.jpg
1789657732130124885,1789657732168890009,1789657732130124885.jpg
1789657732163447258,1789657732199735485,1789657732163447258.jpg
1789657732196779476,1789657732233571348,1789657732196779476.jpg
1789657732230101674,1789657732266759653,1789657732230101674.jpg
1789657732263425962,1789657732299102091,1789657732263425962.jpg
1789657732296752463,1789657732333215706,1789657732296752463.jpg
1789657732330077876,1789657732367001644,1789657732330077876.jpg
1789657732363407518,1789657732401353938,1789657732363407518.jpg
1789657732396729618,1789657732435018916,1789657732396729618.jpg
1789657732430054519,1789657732467246302,1789657732430054519.jpg
1789657732463381657,1789657732500642139,1789657732463381657.jpg
1789657732496706165,1789657732531540520,1789657732496706165.jpg
1789657732530037508,1789657732568240514,1789657732530037508.jpg
1789657732563360429,1789657732600228498,1789657732563360429.jpg
1789657732596684399,1789657732632729802,1789657732596684399.jpg
1789657732630010296,1789657732668634113,1789657732630010296.jpg
1789657732663334868,1789657732700624652,1789657732663334868.jpg
1789657732696663128,1789657732733783550,1789657732696663128.jpg
1789657732729990279,1789657732767199517,1789657732729990279.jpg
1789657732763312417,1789657732800914197,1789657732763312417.jpg
1789657732796638441,1789657732834483048,1789657732796638441.jpg
1789657732829963341,1789657732866831542,1789657732829963341.jpg
1789657732863291572,1789657732900850030,1789657732863291572.jpg
1789657732896616858,1789657732936023858,1789657732896616858.jpg
1789657732929948152,1789657732967716257,1789657732929948152.jpg
1789657732963267964,1789657733001021763,1789657732963267964.jpg
1789657732996594172,1789657733034676668,1789657732996594172.jpg
1789657733029923690,1789657733070398168,1789657733029923690.jpg
1789657733063244882,1789657733100048192,1789657733063244882.jpg
1789657733096574250,1789657733133522916,1789657733096574250.jpg
1789657733129903054,1789657733168520601,1789657733129903054.jpg
1789657733163222605,1789657733200054875,1789657733163222605.jpg
1789657733196552740,1789657733234288264,1789657733196552740.jpg
1789657733229874556,1789657733266279470,1789657733229874556.jpg
1789657733263202117,1789657733299500608,1789657733263202117.jpg
1789657733296529771,1789657733333392377,1789657733296529771.jpg
1789657733329852343,1789657733368289972,1789657733329852343.jpg
1789657733363179108,1789657733400680131,1789657733363179108.jpg
1789657733396504570,1789657733433852233,1789657733396504570.jpg
1789657733429832761,1789657733468017661,1789657733429832761.jpg
1789657733463155591,1789657733500559964,1789657733463155591.jpg
1789657733496481180,1789657733533639143,1789657733496481180.jpg
1789657733529806035,1789657733567182439,1789657733529806035.jpg
1789657733563133621,1789657733601593361,1789657733563133621.jpg
1789657733596461066,1789657733632817476,1789657733596461066.jpg
1789657733629806625,1789657733665564403,1789657733629806625.jpg
1789657733663110900,1789657733700629975,1789657733663110900.jpg
1789657733696435993,1789657733734845977,1789657733696435993.jpg
1789657733729762626,1789657733766206014,1789657733729762626.jpg
1789657733763091072,1789657733799487224,1789657733763091072.jpg
1789657733796413009,1789657733832753416,1789657733796413009.jpg
1789657733829739694,1789657733868453287,1789657733829739694.jpg
1789657733863070149,1789657733900206277,1789657733863070149.jpg
1789657733896391718,1789657733934373946,1789657733896391718.jpg
1789657733929719849,1789657733968641761,1789657733929719849.jpg
1789657733963047127,1789657734000373159,1789657733963047127.jpg
1789657733996369937,1789657734032645913,1789657733996369937.jpg
1789657734029705172,1789657734064821781,1789657734029705172.jpg
1789657734063020931,1789657734101049805,1789657734063020931.jpg
1789657734096348023,1789657734132860905,1789657734096348023.jpg
1789657734129672431,1789657734166289259,1789657734129672431.jpg
1789657734162997659,1789657734201094542,1789657734162997659.jpg
1789657734196324443,1789657734235814957,1789657734196324443.jpg
1789657734229648670,1789657734269143443,1789657734229648670.jpg
1789657734262976407,1789657734300503869,1789657734262976407.jpg
1789657734296300755,1789657734334663094,1789657734296300755.jpg
1789657734329627556,1789657734367026476,1789657734329627556.jpg
1789657734362951952,1789657734399717108,1789657734362951952.jpg
1789657734396280139,1789657734432711104,1789657734396280139.jpg
1789657734429605087,1789657734467519349,1789657734429605087.jpg
1789657734462930553,1789657734500316090,1789657734462930553.jpg
1789657734496254867,1789657734534066937,1789657734496254867.jpg
1789657734529584838,1789657734566160751,1789657734529584838.jpg
1789657734562907954,1789657734600442381,1789657734562907954.jpg
1789657734596240440,1789657734635710374,1789657734596240440.jpg
1789657734629559456,1789657734667029930,1789657734629559456.jpg
1789657734662886753,1789657734701088324,1789657734662886753.jpg
1789657734696210962,1789657734732372400,1789657734696210962.jpg
1789657734729536803,1789657734765329248,1789657734729536803.jpg
1789657734762862312,1789657734800300064,1789657734762862312.jpg
1789657734796187459,1789657734833195506,1789657734796187459.jpg
1789657734829515175,1789657734867244604,1789657734829515175.jpg
1789657734862842312,1789657734904841112,1789657734862842312.jpg
1789657734896203566,1789657734932418338,1789657734896203566.jpg
1789657734929570370,1789657734967726107,1789657734929570370.jpg
1789657734962930166,1789657735000095693,1789657734962930166.jpg
1789657734996299021,1789657735035102785,1789657734996299021.jpg
1789657735029661375,1789657735066018944,1789657735029661375.jpg
1789657735063021004,1789657735103077151,1789657735063021004.jpg
1789657735096386197,1789657735133452602,1789657735096386197.jpg
1789657735129748919,1789657735166949658,1789657735129748919.jpg
1789657735163113200,1789657735203305809,1789657735163113200.jpg
1789657735196480050,1789657735236187011,1789657735196480050.jpg
1789657735229839126,1789657735271659073,1789657735229839126.jpg
1789657735263203126,1789657735300562561,1789657735263203126.jpg
1789657735296566194,1789657735333771180,1789657735296566194.jpg
1789657735329931671,1789657735367794446,1789657735329931671.jpg
1789657735363294228,1789657735400871939,1789657735363294228.jpg
1789657735396656936,1789657735434066800,1789657735396656936.jpg
1789657735430022131,1789657735467470803,1789657735430022131.jpg
1789657735463384524,1789657735501379479,1789657735463384524.jpg
1789657735496752576,1789657735532165604,1789657735496752576.jpg
1789657735530113877,1789657735565243098,1789657735530113877.jpg
1789657735563476014,1789657735597237081,1789657735563476014.jpg
1789657735596843308,1789657735636000615,1789657735596843308.jpg
1789657735630204340,1789657735667449372,1789657735630204340.jpg
1789657735663568080,1789657735702093122,1789657735663568080.jpg
1789657735696930010,1789657735736081777,1789657735696930010.jpg
1789657735730294865,1789657735768477584,1789657735730294865.jpg
1789657735763659119,1789657735801502671,1789657735763659119.jpg
1789657735797034642,1789657735833192884,1789657735797034642.jpg
1789657735830388987,1789657735868006185,1789657735830388987.jpg
1789657735863752495,1789657735902588714,1789657735863752495.jpg
1789657735897112522,1789657735934681862,1789657735897112522.jpg
1789657735930485904,1789657735968113957,1789657735930485904.jpg
1789657735963841748,1789657735999700748,1789657735963841748.jpg
1789657735997203832,1789657736034641545,1789657735997203832.jpg
1789657736030566933,1789657736068364337,1789657736030566933.jpg
1789657736063932093,1789657736102408269,1789657736063932093.jpg
1789657736097303488,1789657736132470172,1789657736097303488.jpg
1789657736130657719,1789657736168665734,1789657736130657719.jpg
1789657736164021588,1789657736203581366,1789657736164021588.jpg
1789657736197390120,1789657736233851300,1789657736197390120.jpg
1789657736230749371,1789657736267517093,1789657736230749371.jpg
1789657736264113028,1789657736302279710,1789657736264113028.jpg
1789657736297475172,1789657736334156030,1789657736297475172.jpg
1789657736330843080,1789657736366373860,1789657736330843080.jpg
1789657736364205728,1789657736401129403,1789657736364205728.jpg
1789657736397566695,1789657736436060646,1789657736397566695.jpg
1789657736430934793,1789657736470363163,1789657736430934793.jpg
1789657736464293780,1789657736501185306,1789657736464293780.jpg
1789657736497658604,1789657736534856303,1789657736497658604.jpg
1789657736531021060,1789657736569663012,1789657736531021060.jpg
1789657736564385256,1789657736603803848,1789657736564385256.jpg
1789657736597751720,1789657736634395127,1789657736597751720.jpg
1789657736631111611,1789657736668147399,1789657736631111611.jpg
1789657736664475403,1789657736701290539,1789657736664475403.jpg
1789657736697838946,1789657736736561643,1789657736697838946.jpg
1789657736731204122,1789657736768422852,1789657736731204122.jpg
1789657736764569556,1789657736803265930,1789657736764569556.jpg
1789657736797937080,1789657736835631219,1789657736797937080.jpg
1789657736831297753,1789657736870859232,1789657736831297753.jpg
1789657736864656718,1789657736904450675,1789657736864656718.jpg
1789657736898021736,1789657736936522379,1789657736898021736.jpg
1789657736931386537,1789657736969512707,1789657736931386537.jpg
1789657736964749258,1789657737002890545,1789657736964749258.jpg
1789657736998112757,1789657737035434237,1789657736998112757.jpg
1789657737031475255,1789657737068443528,1789657737031475255.jpg
1789657737064839742,1789657737104180435,1789657737064839742.jpg
1789657737098204217,1789657737136654777,1789657737098204217.jpg
1789657737131567167,1789657737169398482,1789657737131567167.jpg
1789657737164932553,1789657737202192001,1789657737164932553.jpg
1789657737198294634,1789657737235230643,1789657737198294634.jpg
1789657737231656963,1789657737269902503,1789657737231656963.jpg
1789657737265021217,1789657737303254823,1789657737265021217.jpg
1789657737298383719,1789657737335970418,1789657737298383719.jpg
1789657737331750166,1789657737368536146,1789657737331750166.jpg
1789657737365111945,1789657737402569689,1789657737365111945.jpg
1789657737398477878,1789657737436648694,1789657737398477878.jpg
1789657737431838301,1789657737467496559,1789657737431838301.jpg
1789657737465201263,1789657737504034408,1789657737465201263.jpg
1789657737498568614,1789657737535301984,1789657737498568614.jpg
1789657737531930128,1789657737569135125,1789657737531930128.jpg
1789657737565293938,1789657737602692162,1789657737565293938.jpg
1789657737598657760,1789657737635663213,1789657737598657760.jpg
1789657737632019554,1789657737668603265,1789657737632019554.jpg
1789657737665384185,1789657737703655542,1789657737665384185.jpg
1789657737698746951,1789657737735537232,1789657737698746951.jpg
1789657737732111459,1789657737770413068,1789657737732111459.jpg
1789657737765474455,1789657737800684910,1789657737765474455.jpg
1789657737798839810,1789657737836950841,1789657737798839810.jpg
1789657737832205998,1789657737870567543,1789657737832205998.jpg
1789657737865565183,1789657737903972565,1789657737865565183.jpg
1789657737898929862,1789657737935721943,1789657737898929862.jpg
1789657737932294765,1789657737970515985,1789657737932294765.jpg
1789657737965655104,1789657738003526740,1789657737965655104.jpg
1789657737999022666,1789657738036179892,1789657737999022666.jpg
1789657738032383570,1789657738070047346,1789657738032383570.jpg
1789657738065748180,1789657738104041835,1789657738065748180.jpg
1789657738099112473,1789657738137486170,1789657738099112473.jpg
1789657738132476111,1789657738171562897,1789657738132476111.jpg
1789657738165838613,1789657738203952593,1789657738165838613.jpg
1789657738199201452,1789657738237441668,1789657738199201452.jpg
1789657738232569405,1789657738270843838,1789657738232569405.jpg
1789657738265932599,1789657738304603555,1789657738265932599.jpg
1789657738299294045,1789657738341477841,1789657738299294045.jpg
1789657738332658949,1789657738371847828,1789657738332658949.jpg
1789657738366020464,1789657738403189755,1789657738366020464.jpg
1789657738399385867,1789657738437287055,1789657738399385867.jpg
1789657738432767956,1789657738469786841,1789657738432767956.jpg
1789657738466111304,1789657738503098717,1789657738466111304.jpg
1789657738499475622,1789657738538335933,1789657738499475622.jpg
1789657738532843350,1789657738569977222,1789657738532843350.jpg
1789657738566204760,1789657738602910385,1789657738566204760.jpg
1789657738599571531,1789657738636098042,1789657738599571531.jpg
1789657738632928811,1789657738671737896,1789657738632928811.jpg
1789657738666293924,1789657738703475961,1789657738666293924.jpg
1789657738699656459,1789657738737461282,1789657738699656459.jpg
1789657738733021944,1789657738770178507,1789657738733021944.jpg
1789657738766383003,1789657738802630053,1789657738766383003.jpg
1789657738799746852,1789657738836446287,1789657738799746852.jpg
1789657738833110675,1789657738870001860,1789657738833110675.jpg
1789657738866475544,1789657738901905698,1789657738866475544.jpg
1789657738899838571,1789657738938692338,1789657738899838571.jpg
1789657738933201301,1789657738970358033,1789657738933201301.jpg
1789657738966565340,1789657739005151705,1789657738966565340.jpg
1789657738999929129,1789657739037388368,1789657738999929129.jpg
1789657739033292882,1789657739070014187,1789657739033292882.jpg
1789657739066658175,1789657739106524556,1789657739066658175.jpg
1789657739100019108,1789657739136488406,1789657739100019108.jpg
1789657739133383660,1789657739172413512,1789657739133383660.jpg
1789657739166750233,1789657739204184927,1789657739166750233.jpg
1789657739200109242,1789657739236074284,1789657739200109242.jpg
1789657739233477131,1789657739274390274,1789657739233477131.jpg
1789657739266837209,1789657739303476813,1789657739266837209.jpg
1789657739300204578,1789657739338079082,1789657739300204578.jpg
1789657739333568232,1789657739373147339,1789657739333568232.jpg
1789657739366928285,1789657739404764740,1789657739366928285.jpg
1789657739400293613,1789657739438510457,1789657739400293613.jpg
1789657739433663038,1789657739471426861,1789657739433663038.jpg
1789657739467020491,1789657739504350284,1789657739467020491.jpg
1789657739500385898,1789657739539310748,1789657739500385898.jpg
1789657739533752898,1789657739569891268,1789657739533752898.jpg
1789657739567112881,1789657739604429224,1789657739567112881.jpg
1789657739600474535,1789657739638532117,1789657739600474535.jpg
1789657739633838416,1789657739670441936,1789657739633838416.jpg
1789657739667203853,1789657739708344881,1789657739667203853.jpg
1789657739700566192,1789657739736872415,1789657739700566192.jpg
1789657739733930692,1789657739768920990,1789657739733930692.jpg
1789657739767294188,1789657739804384663,1789657739767294188.jpg
1789657739800656808,1789657739838741735,1789657739800656808.jpg
1789657739834019776,1789657739871146912,1789657739834019776.jpg
1789657739867382870,1789657739903369853,1789657739867382870.jpg
1789657739900753615,1789657739938612087,1789657739900753615.jpg
1789657739934110634,1789657739972208326,1789657739934110634.jpg
1789657739967473811,1789657740005738141,1789657739967473811.jpg
1789657740000837677,1789657740037634646,1789657740000837677.jpg
1789657740034201471,1789657740071306031,1789657740034201471.jpg
1789657740067565801,1789657740106008817,1789657740067565801.jpg
1789657740100929770,1789657740139400265,1789657740100929770.jpg
1789657740134297835,1789657740170954611,1789657740134297835.jpg
1789657740167657887,1789657740203505562,1789657740167657887.jpg
1789657740201019695,1789657740237148819,1789657740201019695.jpg
1789657740234384343,1789657740274718790,1789657740234384343.jpg
1789657740267749207,1789657740308328548,1789657740267749207.jpg
1789657740301110980,1789657740338178456,1789657740301110980.jpg
1789657740334478459,1789657740371082546,1789657740334478459.jpg
1789657740367836985,1789657740405042462,1789657740367836985.jpg
1789657740401201910,1789657740438917712,1789657740401201910.jpg
1789657740434565945,1789657740472988754,1789657740434565945.jpg
1789657740467929477,1789657740506068951,1789657740467929477.jpg
1789657740501300449,1789657740539952961,1789657740501300449.jpg
1789657740534657346,1789657740574315514,1789657740534657346.jpg
1789657740568021165,1789657740607769349,1789657740568021165.jpg
1789657740601382107,1789657740638294833,1789657740601382107.jpg
1789657740634746327,1789657740670516607,1789657740634746327.jpg
1789657740668111328,1789657740705358629,1789657740668111328.jpg
1789657740701475359,1789657740737860915,1789657740701475359.jpg
1789657740734838534,1789657740771374712,1789657740734838534.jpg
1789657740768198471,1789657740805649193,1789657740768198471.jpg
1789657740801569774,1789657740839056641,1789657740801569774.jpg
1789657740834932240,1789657740873869849,1789657740834932240.jpg
1789657740868294076,1789657740905918072,1789657740868294076.jpg
1789657740901655512,1789657740939721732,1789657740901655512.jpg
1789657740935018743,1789657740971976598,1789657740935018743.jpg
1789657740968383066,1789657741004155725,1789657740968383066.jpg
1789657741001751897,1789657741040216161,1789657741001751897.jpg
1789657741035109562,1789657741073299172,1789657741035109562.jpg
1789657741068477457,1789657741105930084,1789657741068477457.jpg
1789657741101839043,1789657741139168610,1789657741101839043.jpg
1789657741135203430,1789657741173853711,1789657741135203430.jpg
1789657741168569137,1789657741204813406,1789657741168569137.jpg
1789657741201928471,1789657741239542857,1789657741201928471.jpg
1789657741235295263,1789657741275769751,1789657741235295263.jpg
1789657741268655343,1789657741307969322,1789657741268655343.jpg
1789657741302024471,1789657741339150975,1789657741302024471.jpg
1789657741335383887,1789657741372514738,1789657741335383887.jpg
1789657741368746734,1789657741407697845,1789657741368746734.jpg
1789657741402112435,1789657741439708624,1789657741402112435.jpg
1789657741435472801,1789657741471560796,1789657741435472801.jpg
1789657741468837695,1789657741507202187,1789657741468837695.jpg
1789657741502202918,1789657741540650967,1789657741502202918.jpg
1789657741535565812,1789657741575754298,1789657741535565812.jpg
1789657741568928589,1789657741606704382,1789657741568928589.jpg
1789657741602291675,1789657741639108707,1789657741602291675.jpg
1789657741635656246,1789657741673517203,1789657741635656246.jpg
1789657741669019201,1789657741707231180,1789657741669019201.jpg
1789657741702383536,1789657741738956726,1789657741702383536.jpg
1789657741735747739,1789657741772023757,1789657741735747739.jpg
1789657741769108763,1789657741807042423,1789657741769108763.jpg
1789657741802475502,1789657741841666914,1789657741802475502.jpg
1789657741835837636,1789657741871052982,1789657741835837636.jpg
1789657741869201325,1789657741906570654,1789657741869201325.jpg
1789657741902565196,1789657741941937181,1789657741902565196.jpg
1789657741935928279,1789657741975507958,1789657741935928279.jpg
1789657741969291329,1789657742006627649,1789657741969291329.jpg
1789657742002655041,1789657742039981561,1789657742002655041.jpg
1789657742036019808,1789657742073530709,1789657742036019808.jpg
1789657742069384171,1789657742109460556,1789657742069384171.jpg
1789657742102745885,1789657742139495867,1789657742102745885.jpg
1789657742136111394,1789657742174143765,1789657742136111394.jpg
1789657742169472034,1789657742205962604,1789657742169472034.jpg
1789657742202835989,1789657742241542941,1789657742202835989.jpg
1789657742236200765,1789657742273310671,1789657742236200765.jpg
1789657742269564949,1789657742305778513,1789657742269564949.jpg
1789657742302927632,1789657742341289259,1789657742302927632.jpg
1789657742336292465,1789657742372984380,1789657742336292465.jpg
1789657742369655914,1789657742407338674,1789657742369655914.jpg
1789657742403023249,1789657742439063480,1789657742403023249.jpg
1789657742436382101,1789657742473545326,1789657742436382101.jpg
1789657742469746501,1789657742508432791,1789657742469746501.jpg
1789657742503109385,1789657742538837815,1789657742503109385.jpg
1789657742536476497,1789657742574733052,1789657742536476497.jpg
1789657742569837279,1789657742607193394,1789657742569837279.jpg
1789657742603200931,1789657742639684161,1789657742603200931.jpg
1789657742636569017,1789657742673955068,1789657742636569017.jpg
1789657742669928342,1789657742708781591,1789657742669928342.jpg
1789657742703292087,1789657742745746652,1789657742703292087.jpg
1789657742736656788,1789657742779328688,1789657742736656788.jpg
1789657742770020056,1789657742806450610,1789657742770020056.jpg
1789657742803386779,1789657742841425537,1789657742803386779.jpg
1789657742836745972,1789657742874227500,1789657742836745972.jpg
1789657742870113400,1789657742910323527,1789657742870113400.jpg
1789657742903472552,1789657742941455199,1789657742903472552.jpg
1789657742936836588,1789657742973991558,1789657742936836588.jpg
1789657742970203403,1789657743009102277,1789657742970203403.jpg
1789657743003564430,1789657743041187870,1789657743003564430.jpg
1789657743036928603,1789657743074112385,1789657743036928603.jpg
1789657743070296353,1789657743110777398,1789657743070296353.jpg
1789657743103654619,1789657743140408331,1789657743103654619.jpg
1789657743137020163,1789657743174647739,1789657743137020163.jpg
1789657743170381276,1789657743206804477,1789657743170381276.jpg
1789657743203746664,1789657743241307360,1789657743203746664.jpg
1789657743237110702,1789657743275532694,1789657743237110702.jpg
1789657743270474669,1789657743307733599,1789657743270474669.jpg
1789657743303837395,1789657743341504759,1789657743303837395.jpg
1789657743337202185,1789657743373937491,1789657743337202185.jpg
1789657743370568416,1789657743409252761,1789657743370568416.jpg
1789657743403929152,1789657743442641913,1789657743403929152.jpg
1789657743437290942,1789657743475395877,1789657743437290942.jpg
1789657743470657769,1789657743512936386,1789657743470657769.jpg
1789657743504018330,1789657743541679008,1789657743504018330.jpg
1789657743537383631,1789657743576961556,1789657743537383631.jpg
1789657743570747860,1789657743607865975,1789657743570747860.jpg
1789657743604111043,1789657743640490757,1789657743604111043.jpg
1789657743637473869,1789657743677287433,1789657743637473869.jpg
1789657743670837646,1789657743709663741,1789657743670837646.jpg
1789657743704199959,1789657743742238839,1789657743704199959.jpg
1789657743737567016,1789657743774055105,1789657743737567016.jpg
1789657743770927236,1789657743808524303,1789657743770927236.jpg
1789657743804292057,1789657743844270747,1789657743804292057.jpg
1789657743837654721,1789657743877586716,1789657743837654721.jpg
1789657743871019903,1789657743908733462,1789657743871019903.jpg
1789657743904384369,1789657743940781166,1789657743904384369.jpg
1789657743937764817,1789657743974737804,1789657743937764817.jpg
1789657743971112929,1789657744008751939,1789657743971112929.jpg
1789657744004472735,1789657744043550518,1789657744004472735.jpg
1789657744037835306,1789657744073173062,1789657744037835306.jpg
1789657744071200476,1789657744108538608,1789657744071200476.jpg
1789657744104563933,1789657744142702055,1789657744104563933.jpg
1789657744137927319,1789657744176761598,1789657744137927319.jpg
1789657744171290418,1789657744209164108,1789657744171290418.jpg
1789657744204655542,1789657744242249397,1789657744204655542.jpg
1789657744238019371,1789657744277613128,1789657744238019371.jpg
1789657744271382826,1789657744309140605,1789657744271382826.jpg
1789657744304746524,1789657744345167209,1789657744304746524.jpg
1789657744338109709,1789657744375655786,1789657744338109709.jpg
1789657744371472705,1789657744407872708,1789657744371472705.jpg
1789657744404838195,1789657744442862505,1789657744404838195.jpg
1789657744438200823,1789657744476738644,1789657744438200823.jpg
1789657744471563299,1789657744507988461,1789657744471563299.jpg
1789657744504927806,1789657744542902334,1789657744504927806.jpg
1789657744538290946,1789657744576505128,1789657744538290946.jpg
1789657744571653800,1789657744610965364,1789657744571653800.jpg
1789657744605019007,1789657744644289962,1789657744605019007.jpg
1789657744638382707,1789657744677480637,1789657744638382707.jpg
1789657744671744394,1789657744709242238,1789657744671744394.jpg
1789657744705109086,1789657744741841891,1789657744705109086.jpg
1789657744738473565,1789657744776306516,1789657744738473565.jpg
1789657744771839696,1789657744809954994,1789657744771839696.jpg
1789657744805199125,1789657744844125997,1789657744805199125.jpg
1789657744838564590,1789657744875488885,1789657744838564590.jpg
1789657744871929683,1789657744909796625,1789657744871929683.jpg
1789657744905291697,1789657744942553033,1789657744905291697.jpg
1789657744938655939,1789657744976994140,1789657744938655939.jpg
1789657744972018467,1789657745009034511,1789657744972018467.jpg
1789657745005383327,1789657745043914681,1789657745005383327.jpg
1789657745038745180,1789657745075359752,1789657745038745180.jpg
1789657745072108911,1789657745108923270,1789657745072108911.jpg
1789657745105473033,1789657745144997280,1789657745105473033.jpg
1789657745138879016,1789657745174533640,1789657745138879016.jpg
1789657745172199241,1789657745208804714,1789657745172199241.jpg
1789657745205568341,1789657745244855724,1789657745205568341.jpg
1789657745238929166,1789657745278895749,1789657745238929166.jpg
1789657745272291077,1789657745309998847,1789657745272291077.jpg
1789657745305655978,1789657745343666696,1789657745305655978.jpg
1789657745339018565,1789657745380255915,1789657745339018565.jpg
1789657745372384269,1789657745411467548,1789657745372384269.jpg
1789657745405745173,1789657745443378978,1789657745405745173.jpg
1789657745439110679,1789657745475812061,1789657745439110679.jpg
1789657745472472652,1789657745509757791,1789657745472472652.jpg
1789657745505836941,1789657745543893832,1789657745505836941.jpg
1789657745539204096,1789657745577821359,1789657745539204096.jpg
1789657745572563634,1789657745608868792,1789657745572563634.jpg
1789657745605927340,1789657745645059614,1789657745605927340.jpg
1789657745639315293,1789657745683224329,1789657745639315293.jpg
1789657745672659794,1789657745714368575,1789657745672659794.jpg
1789657745706021931,1789657745744323351,1789657745706021931.jpg
1789657745739380981,1789657745776667733,1789657745739380981.jpg
1789657745772746706,1789657745811603605,1789657745772746706.jpg
1789657745806110308,1789657745844217684,1789657745806110308.jpg
1789657745839471895,1789657745877259086,1789657745839471895.jpg
1789657745872835312,1789657745912667816,1789657745872835312.jpg
1789657745906198903,1789657745944984513,1789657745906198903.jpg
1789657745939564146,1789657745980192415,1789657745939564146.jpg
1789657745972927932,1789657746009814552,1789657745972927932.jpg
1789657746006290660,1789657746043099354,1789657746006290660.jpg
1789657746039655439,1789657746079370414,1789657746039655439.jpg
1789657746073018471,1789657746111988604,1789657746073018471.jpg
1789657746106381806,1789657746142978484,1789657746106381806.jpg
1789657746139748829,1789657746176816254,1789657746139748829.jpg
1789657746173108681,1789657746211023811,1789657746173108681.jpg
1789657746206474335,1789657746245650894,1789657746206474335.jpg
1789657746239836427,1789657746276163971,1789657746239836427.jpg
1789657746273200671,1789657746311908989,1789657746273200671.jpg
1789657746306565977,1789657746345009000,1789657746306565977.jpg
1789657746339927635,1789657746378368300,1789657746339927635.jpg
1789657746373298082,1789657746411298223,1789657746373298082.jpg
1789657746406656053,1789657746444871259,1789657746406656053.jpg
1789657746440022924,1789657746479783242,1789657746440022924.jpg
1789657746473388522,1789657746512745183,1789657746473388522.jpg
1789657746506746485,1789657746543617417,1789657746506746485.jpg
1789657746540111641,1789657746577794919,1789657746540111641.jpg
1789657746573471784,1789657746610380092,1789657746573471784.jpg
1789657746606838105,1789657746646987347,1789657746606838105.jpg
1789657746640200885,1789657746678437492,1789657746640200885.jpg
1789657746673564617,1789657746710484900,1789657746673564617.jpg
1789657746706927665,1789657746744617552,1789657746706927665.jpg
1789657746740290622,1789657746779306615,1789657746740290622.jpg
1789657746773653952,1789657746818245607,1789657746773653952.jpg
1789657746807019656,1789657746844155616,1789657746807019656.jpg
1789657746840382600,1789657746877590155,1789657746840382600.jpg
1789657746873749875,1789657746913487818,1789657746873749875.jpg
1789657746907109011,1789657746944857798,1789657746907109011.jpg
1789657746940471930,1789657746978508370,1789657746940471930.jpg
1789657746973835430,1789657747012049962,1789657746973835430.jpg
1789657747007199582,1789657747046068820,1789657747007199582.jpg
1789657747040563643,1789657747078225503,1789657747040563643.jpg
1789657747073928331,1789657747112304656,1789657747073928331.jpg
1789657747107290035,1789657747148258409,1789657747107290035.jpg
1789657747140653869,1789657747179077274,1789657747140653869.jpg
1789657747174018857,1789657747211326974,1789657747174018857.jpg
1789657747207382689,1789657747244552963,1789657747207382689.jpg
1789657747240752186,1789657747279779827,1789657747240752186.jpg
1789657747274111656,1789657747314096419,1789657747274111656.jpg
1789657747307472621,1789657747344771899,1789657747307472621.jpg
1789657747340835656,1789657747377027357,1789657747340835656.jpg
1789657747374201386,1789657747412088688,1789657747374201386.jpg
1789657747407563107,1789657747447239796,1789657747407563107.jpg
1789657747440930392,1789657747478626702,1789657747440930392.jpg
1789657747474291257,1789657747512396159,1789657747474291257.jpg
1789657747507655316,1789657747546036508,1789657747507655316.jpg
1789657747541018564,1789657747578866452,1789657747541018564.jpg
1789657747574379269,1789657747614931221,1789657747574379269.jpg
1789657747607746534,1789657747645594331,1789657747607746534.jpg
1789657747641109913,1789657747680531665,1789657747641109913.jpg
1789657747674471582,1789657747712368134,1789657747674471582.jpg
1789657747707835812,1789657747746648764,1789657747707835812.jpg
1789657747741209177,1789657747779316119,1789657747741209177.jpg
1789657747774563124,1789657747811356601,1789657747774563124.jpg
1789657747807926878,1789657747844599609,1789657747807926878.jpg
1789657747841303133,1789657747880059134,1789657747841303133.jpg
1789657747874653936,1789657747913499155,1789657747874653936.jpg
1789657747908018952,1789657747946195620,1789657747908018952.jpg
1789657747941382464,1789657747980106074,1789657747941382464.jpg
1789657747974744774,1789657748013698850,1789657747974744774.jpg
1789657748008113186,1789657748045781683,1789657748008113186.jpg
1789657748041473554,1789657748081145988,1789657748041473554.jpg
1789657748074835512,1789657748111276519,1789657748074835512.jpg
1789657748108198236,1789657748143704214,1789657748108198236.jpg
1789657748141563271,1789657748179658560,1789657748141563271.jpg
1789657748174930375,1789657748214474416,1789657748174930375.jpg
1789657748208290395,1789657748245895118,1789657748208290395.jpg
1789657748241653208,1789657748279887477,1789657748241653208.jpg
1789657748275019718,1789657748313151113,1789657748275019718.jpg
1789657748308380943,1789657748345398627,1789657748308380943.jpg
1789657748341749621,1789657748380290815,1789657748341749621.jpg
1789657748375109654,1789657748414994044,1789657748375109654.jpg
1789657748408472738,1789657748446932122,1789657748408472738.jpg
1789657748441839324,1789657748478676038,1789657748441839324.jpg
1789657748475197542,1789657748512692951,1789657748475197542.jpg
1789657748508565270,1789657748546801066,1789657748508565270.jpg
1789657748541926842,1789657748581075177,1789657748541926842.jpg
1789657748575290615,1789657748614168318,1789657748575290615.jpg
1789657748608656069,1789657748647876017,1789657748608656069.jpg
1789657748642016851,1789657748678900544,1789657748642016851.jpg
1789657748675406393,1789657748714077724,1789657748675406393.jpg
1789657748708746637,1789657748745742290,1789657748708746637.jpg
1789657748742108628,1789657748779473100,1789657748742108628.jpg
1789657748775471769,1789657748814678206,1789657748775471769.jpg
1789657748808835214,1789657748846867888,1789657748808835214.jpg
1789657748842201081,1789657748880468034,1789657748842201081.jpg
1789657748875578016,1789657748912388261,1789657748875578016.jpg
1789657748908926216,1789657748947679920,1789657748908926216.jpg
1789657748942292109,1789657748981755054,1789657748942292109.jpg
1789657748975652608,1789657749013772167,1789657748975652608.jpg
1789657749009018151,1789657749046720292,1789657749009018151.jpg
1789657749042382141,1789657749080870777,1789657749042382141.jpg
1789657749075744800,1789657749113395617,1789657749075744800.jpg
1789657749109109814,1789657749148194400,1789657749109109814.jpg
1789657749142470452,1789657749180436525,1789657749142470452.jpg
1789657749175836671,1789657749213767771,1789657749175836671.jpg
1789657749209201522,1789657749246186207,1789657749209201522.jpg
1789657749242561654,1789657749281009044,1789657749242561654.jpg
1789657749275926223,1789657749314270051,1789657749275926223.jpg
1789657749309287832,1789657749356325983,1789657749309287832.jpg
1789657749342669374,1789657749381793965,1789657749342669374.jpg
1789657749376018254,1789657749413660489,1789657749376018254.jpg
1789657749409381178,1789657749447593405,1789657749409381178.jpg
1789657749442745936,1789657749480027914,1789657749442745936.jpg
1789657749476107607,1789657749512801489,1789657749476107607.jpg
1789657749509471094,1789657749547990521,1789657749509471094.jpg
1789657749542834897,1789657749579606107,1789657749542834897.jpg
1789657749576198298,1789657749613830274,1789657749576198298.jpg
1789657749609562520,1789657749648059423,1789657749609562520.jpg
1789657749642926026,1789657749681144324,1789657749642926026.jpg
1789657749676290439,1789657749714051914,1789657749676290439.jpg
1789657749709654903,1789657749746956837,1789657749709654903.jpg
1789657749743016998,1789657749784094782,1789657749743016998.jpg
1789657749776380738,1789657749815412079,1789657749776380738.jpg
1789657749809743471,1789657749849030059,1789657749809743471.jpg
1789657749843106908,1789657749882047220,1789657749843106908.jpg
1789657749876470497,1789657749914393435,1789657749876470497.jpg
1789657749909834934,1789657749949191810,1789657749909834934.jpg
1789657749943198330,1789657749982233675,1789657749943198330.jpg
1789657749976561324,1789657750013618970,1789657749976561324.jpg
1789657750009926443,1789657750050281279,1789657750009926443.jpg
1789657750043289536,1789657750081217790,1789657750043289536.jpg
1789657750076653375,1789657750115114632,1789657750076653375.jpg
1789657750110016665,1789657750149886897,1789657750110016665.jpg
1789657750143380869,1789657750181869714,1789657750143380869.jpg
1789657750176743384,1789657750218938032,1789657750176743384.jpg
1789657750210105660,1789657750246302707,1789657750210105660.jpg
1789657750243471896,1789657750282071798,1789657750243471896.jpg
1789657750276834134,1789657750315874884,1789657750276834134.jpg
1789657750310198241,1789657750348160323,1789657750310198241.jpg
1789657750343565666,1789657750382136756,1789657750343565666.jpg
1789657750376925818,1789657750414858832,1789657750376925818.jpg
1789657750410289917,1789657750451341776,1789657750410289917.jpg
1789657750443652104,1789657750480535053,1789657750443652104.jpg
1789657750477016604,1789657750514146477,1789657750477016604.jpg
1789657750510381725,1789657750547401743,1789657750510381725.jpg
1789657750543753377,1789657750582888212,1789657750543753377.jpg
1789657750577108430,1789657750616259512,1789657750577108430.jpg
1789657750610471114,1789657750647557532,1789657750610471114.jpg
1789657750643834503,1789657750679638365,1789657750643834503.jpg
1789657750677196472,1789657750716640351,1789657750677196472.jpg
1789657750710561392,1789657750748655778,1789657750710561392.jpg
1789657750743928402,1789657750780656651,1789657750743928402.jpg
1789657750777290175,1789657750814907466,1789657750777290175.jpg
1789657750810651843,1789657750848554259,1789657750810651843.jpg
1789657750844017891,1789657750881777767,1789657750844017891.jpg
1789657750877379759,1789657750915995398,1789657750877379759.jpg
1789657750910748309,1789657750947821108,1789657750910748309.jpg
1789657750944108296,1789657750982706166,1789657750944108296.jpg
1789657750977470043,1789657751015044289,1789657750977470043.jpg
1789657751010837537,1789657751049677390,1789657751010837537.jpg
1789657751044198182,1789657751080780156,1789657751044198182.jpg
1789657751077562691,1789657751114707127,1789657751077562691.jpg
1789657751110925479,1789657751148535620,1789657751110925479.jpg
1789657751144318473,1789657751182461350,1789657751144318473.jpg
1789657751177653064,1789657751216244011,1789657751177653064.jpg
1789657751211016077,1789657751248371046,1789657751211016077.jpg
1789657751244383125,1789657751283932976,1789657751244383125.jpg
1789657751277745392,1789657751316291525,1789657751277745392.jpg
1789657751311107046,1789657751348030107,1789657751311107046.jpg
1789657751344477644,1789657751384229632,1789657751344477644.jpg
1789657751377834404,1789657751415945252,1789657751377834404.jpg
1789657751411198399,1789657751448394335,1789657751411198399.jpg
1789657751444562651,1789657751481444366,1789657751444562651.jpg
1789657751477926646,1789657751514910349,1789657751477926646.jpg
1789657751511289131,1789657751550877972,1789657751511289131.jpg
1789657751544653293,1789657751582618277,1789657751544653293.jpg
1789657751578047145,1789657751614875143,1789657751578047145.jpg
1789657751611380463,1789657751649242436,1789657751611380463.jpg
1789657751644743009,1789657751682357799,1789657751644743009.jpg
1789657751678107092,1789657751715319313,1789657751678107092.jpg
1789657751711471029,1789657751748804166,1789657751711471029.jpg
1789657751744832727,1789657751781863549,1789657751744832727.jpg
1789657751778198563,1789657751817174818,1789657751778198563.jpg
1789657751811562481,1789657751849830359,1789657751811562481.jpg
1789657751844929120,1789657751879948927,1789657751844929120.jpg
1789657751878288051,1789657751916164618,1789657751878288051.jpg
1789657751911654256,1789657751951405575,1789657751911654256.jpg
1789657751945019815,1789657751982128239,1789657751945019815.jpg
1789657751978378916,1789657752016256001,1789657751978378916.jpg
1789657752011745789,1789657752049809649,1789657752011745789.jpg
1789657752045106419,1789657752084053983,1789657752045106419.jpg
1789657752078471889,1789657752116756319,1789657752078471889.jpg
1789657752111835093,1789657752148933927,1789657752111835093.jpg
1789657752145196823,1789657752182184971,1789657752145196823.jpg
1789657752178562725,1789657752215772396,1789657752178562725.jpg
1789657752211926441,1789657752248778002,1789657752211926441.jpg
1789657752245287288,1789657752280387402,1789657752245287288.jpg
1789657752278654719,1789657752315877112,1789657752278654719.jpg
1789657752312016970,1789657752353685651,1789657752312016970.jpg
1789657752345381898,1789657752386074217,1789657752345381898.jpg
1789657752378743463,1789657752416360911,1789657752378743463.jpg
1789657752412107308,1789657752449121579,1789657752412107308.jpg
1789657752445470324,1789657752484655083,1789657752445470324.jpg
1789657752478834208,1789657752518404189,1789657752478834208.jpg
1789657752512198676,1789657752548581089,1789657752512198676.jpg
1789657752545562471,1789657752584182444,1789657752545562471.jpg
1789657752578924312,1789657752617575910,1789657752578924312.jpg
1789657752612289777,1789657752652274510,1789657752612289777.jpg
1789657752645652665,1789657752683879818,1789657752645652665.jpg
1789657752679016116,1789657752716361937,1789657752679016116.jpg
1789657752712379947,1789657752750527347,1789657752712379947.jpg
1789657752745743265,1789657752784262527,1789657752745743265.jpg
1789657752779106665,1789657752814917378,1789657752779106665.jpg
1789657752812469864,1789657752850382088,1789657752812469864.jpg
1789657752845837094,1789657752884519480,1789657752845837094.jpg
1789657752879196903,1789657752917777543,1789657752879196903.jpg
1789657752912561845,1789657752949608123,1789657752912561845.jpg
1789657752945927049,1789657752983351636,1789657752945927049.jpg
1789657752979288449,1789657753018882067,1789657752979288449.jpg
1789657753012653373,1789657753052933183,1789657753012653373.jpg
1789657753046016388,1789657753083267505,1789657753046016388.jpg
1789657753079384265,1789657753119725931,1789657753079384265.jpg
1789657753112742692,1789657753151776783,1789657753112742692.jpg
1789657753146107382,1789657753184813425,1789657753146107382.jpg
1789657753179475334,1789657753218011804,1789657753179475334.jpg
1789657753212834257,1789657753250149543,1789657753212834257.jpg
1789657753246197962,1789657753286408992,1789657753246197962.jpg
1789657753279562256,1789657753316958031,1789657753279562256.jpg
1789657753312925699,1789657753350885688,1789657753312925699.jpg
1789657753346288570,1789657753383940848,1789657753346288570.jpg
1789657753379651989,1789657753416301804,1789657753379651989.jpg
1789657753413016827,1789657753449966948,1789657753413016827.jpg
1789657753446380157,1789657753484554199,1789657753446380157.jpg
1789657753479744002,1789657753517812169,1789657753479744002.jpg
1789657753513110074,1789657753551905507,1789657753513110074.jpg
1789657753546469382,1789657753583975359,1789657753546469382.jpg
1789657753579834177,1789657753618861880,1789657753579834177.jpg
1789657753613196967,1789657753649344939,1789657753613196967.jpg
1789657753646561427,1789657753685975156,1789657753646561427.jpg
1789657753679924642,1789657753716652543,1789657753679924642.jpg
1789657753713288466,1789657753750414945,1789657753713288466.jpg
1789657753746652873,1789657753786372606,1789657753746652873.jpg
1789657753780016338,1789657753818038153,1789657753780016338.jpg
1789657753813378776,1789657753855784509,1789657753813378776.jpg
1789657753846746531,1789657753886921570,1789657753846746531.jpg
1789657753880106347,1789657753918114777,1789657753880106347.jpg
1789657753913470802,1789657753952591679,1789657753913470802.jpg
1789657753946834815,1789657753985292626,1789657753946834815.jpg
1789657753980200550,1789657754017907797,1789657753980200550.jpg
1789657754013561009,1789657754052149131,1789657754013561009.jpg
1789657754046925808,1789657754085995086,1789657754046925808.jpg
1789657754080292264,1789657754118095197,1789657754080292264.jpg
1789657754113651208,1789657754150900233,1789657754113651208.jpg
1789657754147021171,1789657754188480779,1789657754147021171.jpg
1789657754180379348,1789657754218242763,1789657754180379348.jpg
1789657754213742309,1789657754251726727,1789657754213742309.jpg
1789657754247106255,1789657754286466067,1789657754247106255.jpg
1789657754280470560,1789657754315886875,1789657754280470560.jpg
1789657754313836425,1789657754350911634,1789657754313836425.jpg
1789657754347197825,1789657754384560797,1789657754347197825.jpg
1789657754380560338,1789657754418584896,1789657754380560338.jpg
1789657754413923532,1789657754452557014,1789657754413923532.jpg
1789657754447287984,1789657754485750875,1789657754447287984.jpg
1789657754480653531,1789657754519025140,1789657754480653531.jpg
1789657754514016733,1789657754551815752,1789657754514016733.jpg
1789657754547379772,1789657754585356103,1789657754547379772.jpg
1789657754580756445,1789657754619231946,1789657754580756445.jpg
1789657754614106670,1789657754650655889,1789657754614106670.jpg
1789657754647471904,1789657754685696406,1789657754647471904.jpg
1789657754680833263,1789657754719529750,1789657754680833263.jpg
1789657754714195711,1789657754752204105,1789657754714195711.jpg
1789657754747561072,1789657754785163749,1789657754747561072.jpg
1789657754780924097,1789657754821388144,1789657754780924097.jpg
1789657754814288462,1789657754852148751,1789657754814288462.jpg
1789657754847651805,1789657754886552748,1789657754847651805.jpg
1789657754881016517,1789657754919266824,1789657754881016517.jpg
1789657754914380783,1789657754954980491,1789657754914380783.jpg
1789657754947742438,1789657754983965569,1789657754947742438.jpg
1789657754981106309,1789657755018500543,1789657754981106309.jpg
1789657755014472171,1789657755053651391,1789657755014472171.jpg
1789657755047832341,1789657755083501262,1789657755047832341.jpg
1789657755081197273,1789657755119520347,1789657755081197273.jpg
1789657755114569506,1789657755153688294,1789657755114569506.jpg
1789657755147925301,1789657755188941898,1789657755147925301.jpg
1789657755181288416,1789657755218378577,1789657755181288416.jpg
1789657755214651745,1789657755252390731,1789657755214651745.jpg
1789657755248015239,1789657755286741617,1789657755248015239.jpg
1789657755281378940,1789657755321679730,1789657755281378940.jpg
1789657755314744801,1789657755353201429,1789657755314744801.jpg
1789657755348106565,1789657755387090346,1789657755348106565.jpg
1789657755381468513,1789657755418643322,1789657755381468513.jpg
1789657755414834720,1789657755453910685,1789657755414834720.jpg
1789657755448197807,1789657755486135496,1789657755448197807.jpg
1789657755481560667,1789657755517121913,1789657755481560667.jpg
1789657755514924760,1789657755553013075,1789657755514924760.jpg
1789657755548287283,1789657755586750107,1789657755548287283.jpg
1789657755581651859,1789657755621316340,1789657755581651859.jpg
1789657755615013220,1789657755652948443,1789657755615013220.jpg
1789657755648380069,1789657755687209777,1789657755648380069.jpg
1789657755681741122,1789657755719280573,1789657755681741122.jpg
1789657755715108600,1789657755753591627,1789657755715108600.jpg
1789657755748471920,1789657755786509458,1789657755748471920.jpg
1789657755781831741,1789657755819182498,1789657755781831741.jpg
1789657755815200127,1789657755852995805,1789657755815200127.jpg
1789657755848561214,1789657755887077680,1789657755848561214.jpg
1789657755881924726,1789657755921259275,1789657755881924726.jpg
1789657755915290745,1789657755952310319,1789657755915290745.jpg
1789657755948650247,1789657755986962457,1789657755948650247.jpg
1789657755982018223,1789657756020471699,1789657755982018223.jpg
1789657756015377427,1789657756052218040,1789657756015377427.jpg
1789657756048751851,1789657756085430289,1789657756048751851.jpg
1789657756082106659,1789657756121577593,1789657756082106659.jpg
1789657756115468908,1789657756153446506,1789657756115468908.jpg
1789657756148831846,1789657756187126446,1789657756148831846.jpg
1789657756182196889,1789657756220117849,1789657756182196889.jpg
1789657756215561262,1789657756254066894,1789657756215561262.jpg
1789657756248924129,1789657756286089691,1789657756248924129.jpg
1789657756282287964,1789657756321014193,1789657756282287964.jpg
1789657756315652118,1789657756355371690,1789657756315652118.jpg
1789657756349013569,1789657756388227818,1789657756349013569.jpg
1789657756382380898,1789657756417791345,1789657756382380898.jpg
1789657756415742980,1789657756453142095,1789657756415742980.jpg
1789657756449105657,1789657756487713865,1789657756449105657.jpg
1789657756482471976,1789657756520616899,1789657756482471976.jpg
1789657756515834831,1789657756550524454,1789657756515834831.jpg
1789657756549199808,1789657756586181048,1789657756549199808.jpg
1789657756582566127,1789657756618934531,1789657756582566127.jpg
1789657756615923715,1789657756653728166,1789657756615923715.jpg
1789657756649298610,1789657756686798381,1789657756649298610.jpg
1789657756682651429,1789657756720599393,1789657756682651429.jpg
1789657756716017095,1789657756753190287,1789657756716017095.jpg
1789657756749380696,1789657756786881894,1789657756749380696.jpg
1789657756782743797,1789657756823588702,1789657756782743797.jpg
1789657756816107786,1789657756854353420,1789657756816107786.jpg
1789657756849469132,1789657756885788566,1789657756849469132.jpg
1789657756882834898,1789657756921765541,1789657756882834898.jpg
1789657756916198145,1789657756952317506,1789657756916198145.jpg
1789657756949560019,1789657756988564511,1789657756949560019.jpg
1789657756982925114,1789657757023422088,1789657756982925114.jpg
1789657757016286799,1789657757058822003,1789657757016286799.jpg
1789657757049659003,1789657757089467169,1789657757049659003.jpg
1789657757083016333,1789657757121688091,1789657757083016333.jpg
1789657757116379137,1789657757154354002,1789657757116379137.jpg
1789657757149744141,1789657757187719636,1789657757149744141.jpg
1789657757183105706,1789657757219900744,1789657757183105706.jpg
1789657757216468822,1789657757255670447,1789657757216468822.jpg
1789657757249835776,1789657757286207578,1789657757249835776.jpg
1789657757283196092,1789657757322266181,1789657757283196092.jpg
1789657757316560138,1789657757356532866,1789657757316560138.jpg
1789657757349923867,1789657757387070145,1789657757349923867.jpg
1789657757383287587,1789657757423383001,1789657757383287587.jpg
1789657757416652969,1789657757452218490,1789657757416652969.jpg
1789657757450016674,1789657757487460632,1789657757450016674.jpg
1789657757483377525,1789657757522024846,1789657757483377525.jpg
1789657757516741143,1789657757555053859,1789657757516741143.jpg
1789657757550106558,1789657757588433789,1789657757550106558.jpg
1789657757583469030,1789657757619943970,1789657757583469030.jpg
1789657757616832967,1789657757655723042,1789657757616832967.jpg
1789657757650198935,1789657757690921981,1789657757650198935.jpg
1789657757683559581,1789657757720135072,1789657757683559581.jpg
1789657757716925124,1789657757754605715,1789657757716925124.jpg
1789657757750286992,1789657757787311217,1789657757750286992.jpg
1789657757783650344,1789657757822110778,1789657757783650344.jpg
1789657757817016099,1789657757854777152,1789657757817016099.jpg
1789657757850376509,1789657757887398063,1789657757850376509.jpg
1789657757883741219,1789657757923590903,1789657757883741219.jpg
1789657757917104984,1789657757954266179,1789657757917104984.jpg
1789657757950470118,1789657757989272346,1789657757950470118.jpg
1789657757983834112,1789657758020195264,1789657757983834112.jpg
1789657758017195893,1789657758053864242,1789657758017195893.jpg
1789657758050562360,1789657758089448875,1789657758050562360.jpg
1789657758083924162,1789657758121880106,1789657758083924162.jpg
1789657758117286369,1789657758153598467,1789657758117286369.jpg
1789657758150613308,1789657758189701735,1789657758150613308.jpg
1789657758183967788,1789657758223219902,1789657758183967788.jpg
1789657758217266711,1789657758254840098,1789657758217266711.jpg
1789657758250589595,1789657758288776958,1789657758250589595.jpg
1789657758283915158,1789657758321651882,1789657758283915158.jpg
1789657758317242299,1789657758356049360,1789657758317242299.jpg
1789657758350570141,1789657758390730516,1789657758350570141.jpg
1789657758383892264,1789657758422629780,1789657758383892264.jpg
1789657758417220355,1789657758455591887,1789657758417220355.jpg
1789657758450548510,1789657758487004200,1789657758450548510.jpg
1789657758483874232,1789657758523236224,1789657758483874232.jpg
1789657758517197774,1789657758555662844,1789657758517197774.jpg
1789657758550523357,1789657758588541398,1789657758550523357.jpg
1789657758583848707,1789657758621519486,1789657758583848707.jpg
1789657758617173204,1789657758657115767,1789657758617173204.jpg
1789657758650502150,1789657758694741570,1789657758650502150.jpg
1789657758683831740,1789657758721033717,1789657758683831740.jpg
1789657758717153552,1789657758755691040,1789657758717153552.jpg
1789657758750476690,1789657758787180296,1789657758750476690.jpg
1789657758783805037,1789657758820976419,1789657758783805037.jpg
1789657758817129886,1789657758855946808,1789657758817129886.jpg
1789657758850456597,1789657758889862187,1789657758850456597.jpg
1789657758883781153,1789657758921941816,1789657758883781153.jpg
1789657758917105835,1789657758953797563,1789657758917105835.jpg
1789657758950439679,1789657758987732997,1789657758950439679.jpg
1789657758983759884,1789657759021901147,1789657758983759884.jpg
1789657759017083585,1789657759055683363,1789657759017083585.jpg
1789657759050410407,1789657759089720331,1789657759050410407.jpg
1789657759083736198,1789657759120131799,1789657759083736198.jpg
1789657759117062781,1789657759156097626,1789657759117062781.jpg
1789657759150386126,1789657759189772271,1789657759150386126.jpg
1789657759183714029,1789657759221891140,1789657759183714029.jpg
1789657759217038278,1789657759253225529,1789657759217038278.jpg
1789657759250363386,1789657759288298471,1789657759250363386.jpg
1789657759283691817,1789657759323596352,1789657759283691817.jpg
1789657759317015460,1789657759354919279,1789657759317015460.jpg
1789657759350345102,1789657759388384780,1789657759350345102.jpg
1789657759383669463,1789657759421234149,1789657759383669463.jpg
1789657759416994959,1789657759455418040,1789657759416994959.jpg
1789657759450322730,1789657759489868276,1789657759450322730.jpg
1789657759483645095,1789657759520820119,1789657759483645095.jpg
1789657759516974027,1789657759555869951,1789657759516974027.jpg
1789657759550300167,1789657759587243580,1789657759550300167.jpg
1789657759583623988,1789657759623371143,1789657759583623988.jpg
1789657759616951325,1789657759654934416,1789657759616951325.jpg
1789657759650275026,1789657759687137097,1789657759650275026.jpg
1789657759683604846,1789657759723797481,1789657759683604846.jpg
1789657759716926869,1789657759756315784,1789657759716926869.jpg
1789657759750260996,1789657759788176697,1789657759750260996.jpg
1789657759783578567,1789657759822113335,1789657759783578567.jpg
1789657759816904077,1789657759853193193,1789657759816904077.jpg
1789657759850232707,1789657759887797481,1789657759850232707.jpg
1789657759883556702,1789657759920669034,1789657759883556702.jpg
1789657759916887582,1789657759954154850,1789657759916887582.jpg
1789657759950209440,1789657759989716891,1789657759950209440.jpg
1789657759983533133,1789657760021198628,1789657759983533133.jpg
1789657760016860528,1789657760055164173,1789657760016860528.jpg
1789657760050187284,1789657760087749641,1789657760050187284.jpg
1789657760083510780,1789657760121291808,1789657760083510780.jpg
1789657760116836877,1789657760156419637,1789657760116836877.jpg
1789657760150162354,1789657760186952343,1789657760150162354.jpg
1789657760183488572,1789657760222505125,1789657760183488572.jpg
1789657760216816580,1789657760255246126,1789657760216816580.jpg
1789657760250139080,1789657760288071144,1789657760250139080.jpg
1789657760283467757,1789657760322634081,1789657760283467757.jpg
1789657760316790846,1789657760354314072,1789657760316790846.jpg
1789657760350118904,1789657760387348715,1789657760350118904.jpg
1789657760383444657,1789657760420944287,1789657760383444657.jpg
1789657760416767809,1789657760455053791,1789657760416767809.jpg
1789657760450099171,1789657760490825345,1789657760450099171.jpg
1789657760483421625,1789657760519713629,1789657760483421625.jpg
1789657760516745073,1789657760552281857,1789657760516745073.jpg
1789657760550072622,1789657760586224810,1789657760550072622.jpg
1789657760583397540,1789657760622473055,1789657760583397540.jpg
1789657760616727422,1789657760656219272,1789657760616727422.jpg
1789657760650050084,1789657760690206964,1789657760650050084.jpg
1789657760683376865,1789657760721716219,1789657760683376865.jpg
1789657760716700622,1789657760754226652,1789657760716700622.jpg
1789657760750026182,1789657760788188419,1789657760750026182.jpg
1789657760783352379,1789657760820195291,1789657760783352379.jpg
1789657760816678451,1789657760852716095,1789657760816678451.jpg
1789657760850006401,1789657760888203341,1789657760850006401.jpg
1789657760883330269,1789657760923137842,1789657760883330269.jpg
1789657760916655711,1789657760954985533,1789657760916655711.jpg
1789657760949982733,1789657760989733243,1789657760949982733.jpg
1789657760983308887,1789657761022625259,1789657760983308887.jpg
1789657761016634692,1789657761056074872,1789657761016634692.jpg
1789657761049970549,1789657761087037567,1789657761049970549.jpg
1789657761083283696,1789657761121071739,1789657761083283696.jpg
1789657761116611731,1789657761152569291,1789657761116611731.jpg
1789657761149936807,1789657761187782618,1789657761149936807.jpg
1789657761183262745,1789657761223003946,1789657761183262745.jpg
1789657761216588954,1789657761253800978,1789657761216588954.jpg
1789657761249919802,1789657761287918685,1789657761249919802.jpg
1789657761283239260,1789657761323172679,1789657761283239260.jpg
1789657761316564450,1789657761355924958,1789657761316564450.jpg
1789657761349895132,1789657761388750198,1789657761349895132.jpg
1789657761383217033,1789657761423774197,1789657761383217033.jpg
1789657761416542506,1789657761453953560,1789657761416542506.jpg
1789657761449869360,1789657761487156790,1789657761449869360.jpg
1789657761483195798,1789657761522088532,1789657761483195798.jpg
1789657761516522045,1789657761553345256,1789657761516522045.jpg
1789657761549846000,1789657761588022246,1789657761549846000.jpg
1789657761583176669,1789657761622541869,1789657761583176669.jpg
1789657761616510455,1789657761653446287,1789657761616510455.jpg
1789657761649824672,1789657761687387295,1789657761649824672.jpg
1789657761683151818,1789657761722010934,1789657761683151818.jpg
1789657761716474724,1789657761755513953,1789657761716474724.jpg
1789657761749802694,1789657761788712591,1789657761749802694.jpg
1789657761783127107,1789657761820062758,1789657761783127107.jpg
1789657761816453688,1789657761854944390,1789657761816453688.jpg
1789657761849780565,1789657761887045204,1789657761849780565.jpg
1789657761883105485,1789657761919804631,1789657761883105485.jpg
1789657761916432481,1789657761953762620,1789657761916432481.jpg
1789657761949756266,1789657761988018398,1789657761949756266.jpg
1789657761983081941,1789657762022522651,1789657761983081941.jpg
1789657762016408626,1789657762054833126,1789657762016408626.jpg
1789657762049734145,1789657762085972205,1789657762049734145.jpg
1789657762083061694,1789657762121628596,1789657762083061694.jpg
1789657762116385504,1789657762153499082,1789657762116385504.jpg
1789657762149711227,1789657762188553654,1789657762149711227.jpg
1789657762183037322,1789657762220423400,1789657762183037322.jpg
1789657762216363497,1789657762255060502,1789657762216363497.jpg
1789657762249690519,1789657762288253621,1789657762249690519.jpg
1789657762283016249,1789657762320518635,1789657762283016249.jpg
1789657762316340470,1789657762354643823,1789657762316340470.jpg
1789657762349672375,1789657762388183934,1789657762349672375.jpg
1789657762382990138,1789657762421636251,1789657762382990138.jpg
1789657762416320489,1789657762455628461,1789657762416320489.jpg
1789657762449643835,1789657762486808077,1789657762449643835.jpg
1789657762482971172,1789657762522971102,1789657762482971172.jpg
1789657762516296561,1789657762553325535,1789657762516296561.jpg
1789657762549621101,1789657762587759734,1789657762549621101.jpg
1789657762582947653,1789657762620393331,1789657762582947653.jpg
1789657762616273667,1789657762652164801,1789657762616273667.jpg
1789657762649601252,1789657762688258532,1789657762649601252.jpg
1789657762682924609,1789657762720740170,1789657762682924609.jpg
1789657762716251320,1789657762753481134,1789657762716251320.jpg
1789657762749584128,1789657762787477104,1789657762749584128.jpg
1789657762782907169,1789657762822085910,1789657762782907169.jpg
1789657762816228540,1789657762855325621,1789657762816228540.jpg
1789657762849563736,1789657762886767229,1789657762849563736.jpg
1789657762882880176,1789657762920486521,1789657762882880176.jpg
1789657762916207271,1789657762954837204,1789657762916207271.jpg
1789657762949530744,1789657762987814718,1789657762949530744.jpg
1789657762982857056,1789657763019186865,1789657762982857056.jpg
1789657763016186312,1789657763052803196,1789657763016186312.jpg
1789657763049508345,1789657763087291857,1789657763049508345.jpg
1789657763082834604,1789657763121562579,1789657763082834604.jpg
1789657763116159826,1789657763154862714,1789657763116159826.jpg
1789657763149498508,1789657763186935066,1789657763149498508.jpg
1789657763182814717,1789657763221580537,1789657763182814717.jpg
1789657763216137523,1789657763252413680,1789657763216137523.jpg
1789657763249464672,1789657763288563317,1789657763249464672.jpg
1789657763282787319,1789657763318694551,1789657763282787319.jpg
1789657763316114632,1789657763355897625,1789657763316114632.jpg
1789657763349443124,1789657763388307931,1789657763349443124.jpg
1789657763382768231,1789657763420705811,1789657763382768231.jpg
1789657763416092616,1789657763456183854,1789657763416092616.jpg
1789657763449417656,1789657763488858561,1789657763449417656.jpg
1789657763482805846,1789657763521516009,1789657763482805846.jpg
1789657763516070660,1789657763557522409,1789657763516070660.jpg
1789657763549397080,1789657763586687742,1789657763549397080.jpg
1789657763582722849,1789657763622840916,1789657763582722849.jpg
1789657763616048184,1789657763657740604,1789657763616048184.jpg
1789657763649372529,1789657763688744001,1789657763649372529.jpg
1789657763682699771,1789657763720391364,1789657763682699771.jpg
1789657763716023148,1789657763755784335,1789657763716023148.jpg
1789657763749352603,1789657763788841402,1789657763749352603.jpg
1789657763782677133,1789657763820394175,1789657763782677133.jpg
1789657763816003337,1789657763854693951,1789657763816003337.jpg
1789657763849327797,1789657763887126572,1789657763849327797.jpg
1789657763882656527,1789657763922232217,1789657763882656527.jpg
1789657763915980216,1789657763952736868,1789657763915980216.jpg
1789657763949305269,1789657763985939413,1789657763949305269.jpg
1789657763982631680,1789657764021316699,1789657763982631680.jpg
1789657764015956327,1789657764053880798,1789657764015956327.jpg
1789657764049283758,1789657764085953538,1789657764049283758.jpg
1789657764082618905,1789657764120699193,1789657764082618905.jpg
1789657764115933990,1789657764155875984,1789657764115933990.jpg
1789657764149263079,1789657764189619867,1789657764149263079.jpg
1789657764182586447,1789657764220426881,1789657764182586447.jpg
1789657764215911637,1789657764253833291,1789657764215911637.jpg
1789657764249237391,1789657764285792516,1789657764249237391.jpg
1789657764282563990,1789657764321554645,1789657764282563990.jpg
1789657764315890794,1789657764352097906,1789657764315890794.jpg
1789657764349214759,1789657764386556123,1789657764349214759.jpg
1789657764382540943,1789657764418455720,1789657764382540943.jpg
1789657764415867051,1789657764454096685,1789657764415867051.jpg
1789657764449193014,1789657764486943869,1789657764449193014.jpg
1789657764482519801,1789657764520734454,1789657764482519801.jpg
1789657764515843735,1789657764554395414,1789657764515843735.jpg
1789657764549170413,1789657764588488770,1789657764549170413.jpg
1789657764582497863,1789657764621322176,1789657764582497863.jpg
1789657764615822911,1789657764657737399,1789657764615822911.jpg
1789657764649149553,1789657764686124993,1789657764649149553.jpg
1789657764682473996,1789657764718313527,1789657764682473996.jpg
1789657764715802577,1789657764753633759,1789657764715802577.jpg
1789657764749130061,1789657764786969097,1789657764749130061.jpg
1789657764782450227,1789657764821937505,1789657764782450227.jpg
1789657764815777761,1789657764851631973,1789657764815777761.jpg
1789657764849103692,1789657764887754037,1789657764849103692.jpg
1789657764882428605,1789657764920640812,1789657764882428605.jpg
1789657764915755431,1789657764953962336,1789657764915755431.jpg
1789657764949079853,1789657764988024563,1789657764949079853.jpg
1789657764982406343,1789657765021714170,1789657764982406343.jpg
1789657765015735070,1789657765053462734,1789657765015735070.jpg
1789657765049057847,1789657765086619521,1789657765049057847.jpg
1789657765082383287,1789657765120629046,1789657765082383287.jpg
1789657765115710353,1789657765154383521,1789657765115710353.jpg
1789657765149034429,1789657765185668189,1789657765149034429.jpg
1789657765182361539,1789657765219813618,1789657765182361539.jpg
1789657765215687407,1789657765251477239,1789657765215687407.jpg
1789657765249010662,1789657765288975861,1789657765249010662.jpg
1789657765282338923,1789657765321170858,1789657765282338923.jpg
1789657765315663846,1789657765353412335,1789657765315663846.jpg
1789657765348989067,1789657765387334325,1789657765348989067.jpg
1789657765382318569,1789657765420425373,1789657765382318569.jpg
1789657765415647916,1789657765452699571,1789657765415647916.jpg
1789657765448967234,1789657765487933935,1789657765448967234.jpg
1789657765482294168,1789657765518094206,1789657765482294168.jpg
1789657765515618273,1789657765554594982,1789657765515618273.jpg
1789657765548949736,1789657765590293483,1789657765548949736.jpg
1789657765582270428,1789657765619182749,1789657765582270428.jpg
1789657765615597375,1789657765652624232,1789657765615597375.jpg
1789657765648925109,1789657765689004363,1789657765648925109.jpg
1789657765682248199,1789657765722002636,1789657765682248199.jpg
1789657765715581589,1789657765753914122,1789657765715581589.jpg
1789657765748899406,1789657765788382524,1789657765748899406.jpg
1789657765782226324,1789657765821370796,1789657765782226324.jpg
1789657765815551592,1789657765851689637,1789657765815551592.jpg
1789657765848878805,1789657765888692382,1789657765848878805.jpg
1789657765882204705,1789657765921064708,1789657765882204705.jpg
1789657765915535249,1789657765952270100,1789657765915535249.jpg
1789657765948857409,1789657765985419610,1789657765948857409.jpg
1789657765982183701,1789657766020841469,1789657765982183701.jpg
1789657766015505826,1789657766053229461,1789657766015505826.jpg
1789657766048833862,1789657766087526793,1789657766048833862.jpg
1789657766082158132,1789657766120192574,1789657766082158132.jpg
1789657766115483099,1789657766156239566,1789657766115483099.jpg
1789657766148808667,1789657766188641335,1789657766148808667.jpg
1789657766182137228,1789657766220167756,1789657766182137228.jpg
1789657766215463752,1789657766252725022,1789657766215463752.jpg
1789657766248785966,1789657766284949351,1789657766248785966.jpg
1789657766282112809,1789657766321295465,1789657766282112809.jpg
1789657766315448530,1789657766352448617,1789657766315448530.jpg
1789657766348765946,1789657766386593787,1789657766348765946.jpg
1789657766382093626,1789657766421361089,1789657766382093626.jpg
1789657766415416011,1789657766453937965,1789657766415416011.jpg
1789657766448741747,1789657766487007254,1789657766448741747.jpg
1789657766482070563,1789657766519084106,1789657766482070563.jpg
1789657766515392634,1789657766554257786,1789657766515392634.jpg
1789657766548722754,1789657766587171616,1789657766548722754.jpg
1789657766582045653,1789657766618999715,1789657766582045653.jpg
1789657766615373919,1789657766653259345,1789657766615373919.jpg
1789657766648698340,1789657766687223556,1789657766648698340.jpg
1789657766682022476,1789657766723528596,1789657766682022476.jpg
1789657766715348485,1789657766752730688,1789657766715348485.jpg
1789657766748674622,1789657766786379184,1789657766748674622.jpg
1789657766781999827,1789657766820139493,1789657766781999827.jpg
1789657766815325521,1789657766852575336,1789657766815325521.jpg
1789657766848650492,1789657766888001510,1789657766848650492.jpg
1789657766881977502,1789657766918974445,1789657766881977502.jpg
1789657766915302751,1789657766951517877,1789657766915302751.jpg
1789657766948640614,1789657766988424754,1789657766948640614.jpg
1789657766981954667,1789657767020288945,1789657766981954667.jpg
1789657767015284133,1789657767052705343,1789657767015284133.jpg
1789657767048610346,1789657767087082877,1789657767048610346.jpg
1789657767081933495,1789657767119456536,1789657767081933495.jpg
1789657767115261230,1789657767153315417,1789657767115261230.jpg
1789657767148584361,1789657767185797388,1789657767148584361.jpg
1789657767181910754,1789657767219640713,1789657767181910754.jpg
1789657767215236144,1789657767252541007,1789657767215236144.jpg
1789657767248561070,1789657767285184659,1789657767248561070.jpg
1789657767281886798,1789657767319974219,1789657767281886798.jpg
1789657767315212299,1789657767351686839,1789657767315212299.jpg
1789657767348541600,1789657767387288305,1789657767348541600.jpg
1789657767381871784,1789657767418269740,1789657767381871784.jpg
1789657767415191573,1789657767452488519,1789657767415191573.jpg
1789657767448515974,1789657767487345559,1789657767448515974.jpg
1789657767481841044,1789657767519339191,1789657767481841044.jpg
1789657767515170233,1789657767554174805,1789657767515170233.jpg
1789657767548502865,1789657767585389031,1789657767548502865.jpg
1789657767581819493,1789657767618007609,1789657767581819493.jpg
1789657767615149527,1789657767653285250,1789657767615149527.jpg
1789657767648470302,1789657767685916791,1789657767648470302.jpg
1789657767681797340,1789657767718215582,1789657767681797340.jpg
1789657767715123726,1789657767751777636,1789657767715123726.jpg
1789657767748448604,1789657767786590289,1789657767748448604.jpg
1789657767781775812,1789657767822701131,1789657767781775812.jpg
1789657767815101325,1789657767852304860,1789657767815101325.jpg
1789657767848427077,1789657767886097983,1789657767848427077.jpg
1789657767881755083,1789657767918859780,1789657767881755083.jpg
1789657767915080066,1789657767954474319,1789657767915080066.jpg
1789657767948402383,1789657767985768987,1789657767948402383.jpg
1789657767981728086,1789657768021109886,1789657767981728086.jpg
1789657768015055534,1789657768051167788,1789657768015055534.jpg
1789657768048381454,1789657768085431770,1789657768048381454.jpg
1789657768081708345,1789657768118174493,1789657768081708345.jpg
1789657768115042833,1789657768151904747,1789657768115042833.jpg
1789657768148358751,1789657768186082712,1789657768148358751.jpg
1789657768181683618,1789657768220674185,1789657768181683618.jpg
1789657768215009069,1789657768252095942,1789657768215009069.jpg
1789657768248336110,1789657768286742544,1789657768248336110.jpg
1789657768281665151,1789657768318329296,1789657768281665151.jpg
1789657768314987759,1789657768353278945,1789657768314987759.jpg
1789657768348315968,1789657768384916438,1789657768348315968.jpg
1789657768381638088,1789657768420438998,1789657768381638088.jpg
1789657768414966783,1789657768453757911,1789657768414966783.jpg
1789657768448291344,1789657768485682933,1789657768448291344.jpg
1789657768481616279,1789657768520237814,1789657768481616279.jpg
1789657768514944142,1789657768554366447,1789657768514944142.jpg
1789657768548269015,1789657768585129721,1789657768548269015.jpg
1789657768581594387,1789657768620821666,1789657768581594387.jpg
1789657768614921304,1789657768653502428,1789657768614921304.jpg
1789657768648245872,1789657768684995017,1789657768648245872.jpg
1789657768681573846,1789657768721503015,1789657768681573846.jpg
1789657768714897195,1789657768751075060,1789657768714897195.jpg
1789657768748223132,1789657768786185149,1789657768748223132.jpg
1789657768781551378,1789657768817196528,1789657768781551378.jpg
1789657768814876846,1789657768853458107,1789657768814876846.jpg
1789657768848202552,1789657768883501640,1789657768848202552.jpg
1789657768881525118,1789657768918735615,1789657768881525118.jpg
1789657768914854626,1789657768952919135,1789657768914854626.jpg
1789657768948198905,1789657768986212382,1789657768948198905.jpg
1789657768981502612,1789657769022405944,1789657768981502612.jpg
1789657769014831383,1789657769053889051,1789657769014831383.jpg
1789657769048155616,1789657769086764605,1789657769048155616.jpg
1789657769081483252,1789657769119715582,1789657769081483252.jpg
1789657769114808074,1789657769151740194,1789657769114808074.jpg
1789657769148133467,1789657769186671955,1789657769148133467.jpg
1789657769181459468,1789657769219488714,1789657769181459468.jpg
1789657769214786085,1789657769252095070,1789657769214786085.jpg
1789657769248112299,1789657769287486634,1789657769248112299.jpg
1789657769281443136,1789657769320216673,1789657769281443136.jpg
1789657769314761808,1789657769357616408,1789657769314761808.jpg
1789657769348091759,1789657769385434053,1789657769348091759.jpg
1789657769381415022,1789657769417720047,1789657769381415022.jpg
1789657769414743023,1789657769453275273,1789657769414743023.jpg
1789657769448068661,1789657769485788725,1789657769448068661.jpg
1789657769481390779,1789657769518548596,1789657769481390779.jpg
1789657769514721258,1789657769552652970,1789657769514721258.jpg
1789657769548041702,1789657769588009017,1789657769548041702.jpg
1789657769581369838,1789657769619766636,1789657769581369838.jpg
1789657769614697529,1789657769650880901,1789657769614697529.jpg
1789657769648020610,1789657769685605592,1789657769648020610.jpg
1789657769681351424,1789657769720062698,1789657769681351424.jpg
1789657769714672861,1789657769752646018,1789657769714672861.jpg
1789657769747998495,1789657769785497239,1789657769747998495.jpg
1789657769781327820,1789657769818559325,1789657769781327820.jpg
1789657769814649847,1789657769853149280,1789657769814649847.jpg
1789657769847974428,1789657769885668083,1789657769847974428.jpg
1789657769881301910,1789657769917551773,1789657769881301910.jpg
1789657769914630605,1789657769953536544,1789657769914630605.jpg
1789657769947954700,1789657769986739607,1789657769947954700.jpg
1789657769981280755,1789657770021289915,1789657769981280755.jpg
1789657770014609572,1789657770054492293,1789657770014609572.jpg
1789657770047929812,1789657770084362997,1789657770047929812.jpg
1789657770081256591,1789657770120423914,1789657770081256591.jpg
1789657770114584800,1789657770157503342,1789657770114584800.jpg
1789657770147906716,1789657770186426126,1789657770147906716.jpg
1789657770181238594,1789657770218983095,1789657770181238594.jpg
1789657770214558703,1789657770253473071,1789657770214558703.jpg
1789657770247886628,1789657770287442763,1789657770247886628.jpg
1789657770281210248,1789657770317766141,1789657770281210248.jpg
1789657770314538796,1789657770352438686,1789657770314538796.jpg
1789657770347863120,1789657770386532319,1789657770347863120.jpg
1789657770381186734,1789657770419537832,1789657770381186734.jpg
1789657770414516991,1789657770456329286,1789657770414516991.jpg
1789657770447839122,1789657770486301969,1789657770447839122.jpg
1789657770481165793,1789657770519084692,1789657770481165793.jpg
1789657770514494742,1789657770552102001,1789657770514494742.jpg
1789657770547816808,1789657770584109280,1789657770547816808.jpg
1789657770581144252,1789657770621454461,1789657770581144252.jpg
1789657770614468277,1789657770651716248,1789657770614468277.jpg
1789657770647794858,1789657770685474260,1789657770647794858.jpg
1789657770681121182,1789657770718290204,1789657770681121182.jpg
1789657770714446436,1789657770751586321,1789657770714446436.jpg
1789657770747773132,1789657770786988144,1789657770747773132.jpg
1789657770781097377,1789657770819012830,1789657770781097377.jpg
1789657770814428782,1789657770853883240,1789657770814428782.jpg
1789657770847749828,1789657770885711950,1789657770847749828.jpg
1789657770881075000,1789657770918833664,1789657770881075000.jpg
1789657770914402507,1789657770954236505,1789657770914402507.jpg
1789657770947727050,1789657770985991865,1789657770947727050.jpg
1789657770981051907,1789657771021200359,1789657770981051907.jpg
1789657771014378709,1789657771053979675,1789657771014378709.jpg
1789657771047706154,1789657771086392258,1789657771047706154.jpg
1789657771081031833,1789657771120420949,1789657771081031833.jpg
1789657771114355757,1789657771151300405,1789657771114355757.jpg
1789657771147681958,1789657771185711087,1789657771147681958.jpg
1789657771181008705,1789657771220640310,1789657771181008705.jpg
1789657771214334193,1789657771252793456,1789657771214334193.jpg
1789657771247659571,1789657771284365635,1789657771247659571.jpg
1789657771280987829,1789657771318256885,1789657771280987829.jpg
1789657771314311031,1789657771351822014,1789657771314311031.jpg
1789657771347637347,1789657771386174271,1789657771347637347.jpg
1789657771380964132,1789657771420052743,1789657771380964132.jpg
1789657771414291786,1789657771452624675,1789657771414291786.jpg
1789657771447614078,1789657771484402830,1789657771447614078.jpg
1789657771480940335,1789657771518977341,1789657771480940335.jpg
1789657771514265979,1789657771552859609,1789657771514265979.jpg
1789657771547592769,1789657771584431770,1789657771547592769.jpg
1789657771580918233,1789657771620882325,1789657771580918233.jpg
1789657771614241977,1789657771652282083,1789657771614241977.jpg
1789657771647573283,1789657771685672086,1789657771647573283.jpg
1789657771680895131,1789657771718567306,1789657771680895131.jpg
1789657771714223120,1789657771751012871,1789657771714223120.jpg
1789657771747550786,1789657771786099831,1789657771747550786.jpg
1789657771780872853,1789657771818889590,1789657771780872853.jpg
1789657771814201649,1789657771853804129,1789657771814201649.jpg
1789657771847523941,1789657771885200128,1789657771847523941.jpg
1789657771880852912,1789657771920373326,1789657771880852912.jpg
1789657771914178563,1789657771951727437,1789657771914178563.jpg
1789657771947501096,1789657771985781831,1789657771947501096.jpg
1789657771980828220,1789657772018150620,1789657771980828220.jpg
1789657772014152934,1789657772053090139,1789657772014152934.jpg
1789657772047481936,1789657772088175692,1789657772047481936.jpg
1789657772080805489,1789657772117296230,1789657772080805489.jpg
1789657772114130999,1789657772150696270,1789657772114130999.jpg
1789657772147457522,1789657772185831470,1789657772147457522.jpg
1789657772180783152,1789657772219651111,1789657772180783152.jpg
1789657772214109507,1789657772253087687,1789657772214109507.jpg
1789657772247434266,1789657772285226889,1789657772247434266.jpg
1789657772280762016,1789657772319923044,1789657772280762016.jpg
1789657772314085042,1789657772351487409,1789657772314085042.jpg
1789657772347411617,1789657772384400647,1789657772347411617.jpg
1789657772380740445,1789657772417422771,1789657772380740445.jpg
1789657772414065992,1789657772450923290,1789657772414065992.jpg
1789657772447389908,1789657772486493441,1789657772447389908.jpg
1789657772480716260,1789657772520100680,1789657772480716260.jpg
1789657772514040836,1789657772551639971,1789657772514040836.jpg
1789657772547369251,1789657772584857942,1789657772547369251.jpg
1789657772580692593,1789657772617445688,1789657772580692593.jpg
1789657772614030351,1789657772652345523,1789657772614030351.jpg
1789657772647344399,1789657772683694394,1789657772647344399.jpg
1789657772680672123,1789657772717974060,1789657772680672123.jpg
1789657772714000122,1789657772752062082,1789657772714000122.jpg
1789657772747322617,1789657772783707760,1789657772747322617.jpg
1789657772780647008,1789657772818732796,1789657772780647008.jpg
1789657772813973137,1789657772852948982,1789657772813973137.jpg
1789657772847299627,1789657772885259179,1789657772847299627.jpg
1789657772880626632,1789657772920507339,1789657772880626632.jpg
1789657772913951988,1789657772952766964,1789657772913951988.jpg
1789657772947276838,1789657772985491799,1789657772947276838.jpg
1789657772980602360,1789657773018858136,1789657772980602360.jpg
1789657773013931668,1789657773054274533,1789657773013931668.jpg
1789657773047253564,1789657773082350671,1789657773047253564.jpg
1789657773080582550,1789657773118074208,1789657773080582550.jpg
1789657773113905337,1789657773151808128,1789657773113905337.jpg
1789657773147240895,1789657773186408138,1789657773147240895.jpg
1789657773180557444,1789657773217496200,1789657773180557444.jpg
1789657773213887794,1789657773252177467,1789657773213887794.jpg
1789657773247211950,1789657773284199931,1789657773247211950.jpg
1789657773280534146,1789657773323501655,1789657773280534146.jpg
1789657773313864228,1789657773353491467,1789657773313864228.jpg
1789657773347185682,1789657773384951778,1789657773347185682.jpg
1789657773380512081,1789657773419236926,1789657773380512081.jpg
1789657773413838111,1789657773450971397,1789657773413838111.jpg
1789657773447163449,1789657773485526889,1789657773447163449.jpg
1789657773480494348,1789657773518693954,1789657773480494348.jpg
1789657773513816207,1789657773551507824,1789657773513816207.jpg
1789657773547142180,1789657773584442691,1789657773547142180.jpg
1789657773580466474,1789657773616760666,1789657773580466474.jpg
1789657773613793082,1789657773653805002,1789657773613793082.jpg
1789657773647121300,1789657773686288344,1789657773647121300.jpg
1789657773680443743,1789657773718655540,1789657773680443743.jpg
1789657773713772204,1789657773753062462,1789657773713772204.jpg
1789657773747096289,1789657773784492830,1789657773747096289.jpg
1789657773780422898,1789657773819787581,1789657773780422898.jpg
1789657773813750140,1789657773850805385,1789657773813750140.jpg
1789657773847073811,1789657773883207858,1789657773847073811.jpg
1789657773880399111,1789657773919822002,1789657773880399111.jpg
1789657773913724868,1789657773951046468,1789657773913724868.jpg
1789657773947051800,1789657773984066036,1789657773947051800.jpg
1789657773980377242,1789657774018974168,1789657773980377242.jpg
1789657774013703008,1789657774053354942,1789657774013703008.jpg
1789657774047028914,1789657774085988428,1789657774047028914.jpg
1789657774080355200,1789657774121417398,1789657774080355200.jpg
1789657774113680321,1789657774150814077,1789657774113680321.jpg
1789657774147006899,1789657774186258176,1789657774147006899.jpg
1789657774180330291,1789657774218268622,1789657774180330291.jpg
1789657774213660331,1789657774250584431,1789657774213660331.jpg
1789657774246984284,1789657774285793777,1789657774246984284.jpg
1789657774280312377,1789657774320081794,1789657774280312377.jpg
1789657774313640016,1789657774352033538,1789657774313640016.jpg
1789657774346960013,1789657774385365895,1789657774346960013.jpg
1789657774380289041,1789657774421483607,1789657774380289041.jpg
1789657774413612576,1789657774450333855,1789657774413612576.jpg
1789657774446938320,1789657774484690667,1789657774446938320.jpg
1789657774480264772,1789657774516735871,1789657774480264772.jpg
1789657774513589327,1789657774551478711,1789657774513589327.jpg
1789657774546926257,1789657774584544704,1789657774546926257.jpg
1789657774580241031,1789657774618398196,1789657774580241031.jpg
1789657774613570782,1789657774654255747,1789657774613570782.jpg
1789657774646893592,1789657774684578532,1789657774646893592.jpg
1789657774680219710,1789657774718359711,1789657774680219710.jpg
1789657774713549336,1789657774752798262,1789657774713549336.jpg
1789657774746871424,1789657774786554423,1789657774746871424.jpg
1789657774780197783,1789657774819197575,1789657774780197783.jpg
1789657774813521671,1789657774851169114,1789657774813521671.jpg
1789657774846850076,1789657774886558011,1789657774846850076.jpg
1789657774880175762,1789657774918618067,1789657774880175762.jpg
1789657774913501351,1789657774951232071,1789657774913501351.jpg
1789657774946825426,1789657774983503326,1789657774946825426.jpg
1789657774980157475,1789657775019037811,1789657774980157475.jpg
1789657775013483131,1789657775053042799,1789657775013483131.jpg
1789657775046805849,1789657775083670151,1789657775046805849.jpg
1789657775080130801,1789657775117568215,1789657775080130801.jpg
1789657775113456089,1789657775153416452,1789657775113456089.jpg
1789657775146780128,1789657775184859431,1789657775146780128.jpg
1789657775180106592,1789657775216602217,1789657775180106592.jpg
1789657775213434667,1789657775251434925,1789657775213434667.jpg
1789657775246758583,1789657775284749467,1789657775246758583.jpg
1789657775280083368,1789657775318403186,1789657775280083368.jpg
1789657775313409032,1789657775351182686,1789657775313409032.jpg
1789657775346736638,1789657775384857423,1789657775346736638.jpg
1789657775380077467,1789657775418443533,1789657775380077467.jpg
1789657775413386643,1789657775451864813,1789657775413386643.jpg
1789657775446713713,1789657775486955496,1789657775446713713.jpg
1789657775480037616,1789657775517708214,1789657775480037616.jpg
1789657775513367314,1789657775550070355,1789657775513367314.jpg
1789657775546692499,1789657775585008911,1789657775546692499.jpg
1789657775580015480,1789657775620140593,1789657775580015480.jpg
1789657775613342065,1789657775651972747,1789657775613342065.jpg
1789657775646667081,1789657775682809815,1789657775646667081.jpg
1789657775679993695,1789657775719377145,1789657775679993695.jpg
1789657775713321812,1789657775750376802,1789657775713321812.jpg
1789657775746645361,1789657775785728367,1789657775746645361.jpg
1789657775779970609,1789657775817907327,1789657775779970609.jpg
1789657775813296671,1789657775850740770,1789657775813296671.jpg
1789657775846624333,1789657775886853278,1789657775846624333.jpg
1789657775879949370,1789657775917604571,1789657775879949370.jpg
1789657775913276210,1789657775951066128,1789657775913276210.jpg
1789657775946603531,1789657775983800759,1789657775946603531.jpg
1789657775979926282,1789657776016650610,1789657775979926282.jpg
1789657776013253601,1789657776052884671,1789657776013253601.jpg
1789657776046577428,1789657776084262947,1789657776046577428.jpg
1789657776079905248,1789657776117739560,1789657776079905248.jpg
1789657776113229185,1789657776150125570,1789657776113229185.jpg
1789657776146554699,1789657776184708802,1789657776146554699.jpg
1789657776179880316,1789657776218140953,1789657776179880316.jpg
1789657776213205618,1789657776252643687,1789657776213205618.jpg
1789657776246533843,1789657776284909238,1789657776246533843.jpg
1789657776279858570,1789657776319344937,1789657776279858570.jpg
1789657776313183837,1789657776351887739,1789657776313183837.jpg
1789657776346511258,1789657776385066341,1789657776346511258.jpg
1789657776379835425,1789657776416797108,1789657776379835425.jpg
1789657776413166147,1789657776451808941,1789657776413166147.jpg
1789657776446486799,1789657776483913107,1789657776446486799.jpg
1789657776479812896,1789657776517855189,1789657776479812896.jpg
1789657776513149476,1789657776551286376,1789657776513149476.jpg
1789657776546463155,1789657776584453367,1789657776546463155.jpg
1789657776579790443,1789657776618085068,1789657776579790443.jpg
1789657776613117298,1789657776650945251,1789657776613117298.jpg
1789657776646445630,1789657776683880896,1789657776646445630.jpg
1789657776679771472,1789657776717869551,1789657776679771472.jpg
1789657776713093164,1789657776751655414,1789657776713093164.jpg
1789657776746420512,1789657776783866800,1789657776746420512.jpg
1789657776779747325,1789657776817277321,1789657776779747325.jpg
1789657776813069996,1789657776851145016,1789657776813069996.jpg
1789657776846402293,1789657776886336399,1789657776846402293.jpg
1789657776879722484,1789657776919001255,1789657776879722484.jpg
1789657776913047914,1789657776950275830,1789657776913047914.jpg
1789657776946378888,1789657776983119977,1789657776946378888.jpg
1789657776979699890,1789657777018634834,1789657776979699890.jpg
1789657777013038102,1789657777050913217,1789657777013038102.jpg
1789657777046351330,1789657777082047352,1789657777046351330.jpg
1789657777079679407,1789657777117120035,1789657777079679407.jpg
1789657777113005956,1789657777154321330,1789657777113005956.jpg
1789657777146329442,1789657777186127578,1789657777146329442.jpg
1789657777179657848,1789657777214379489,1789657777179657848.jpg
1789657777212980413,1789657777250717436,1789657777212980413.jpg
1789657777246307877,1789657777285935579,1789657777246307877.jpg
1789657777279634255,1789657777317441704,1789657777279634255.jpg
1789657777312956998,1789657777351864755,1789657777312956998.jpg
1789657777346284443,1789657777384249951,1789657777346284443.jpg
1789657777379609637,1789657777415306587,1789657777379609637.jpg
1789657777412939173,1789657777451198342,1789657777412939173.jpg
1789657777446265279,1789657777483540354,1789657777446265279.jpg
1789657777479587173,1789657777518042995,1789657777479587173.jpg
1789657777512913072,1789657777551192412,1789657777512913072.jpg
1789657777546239828,1789657777582538690,1789657777546239828.jpg
1789657777579567791,1789657777618874100,1789657777579567791.jpg
1789657777612891363,1789657777652040109,1789657777612891363.jpg
1789657777646218232,1789657777684815887,1789657777646218232.jpg
1789657777679544674,1789657777717513649,1789657777679544674.jpg
1789657777712867435,1789657777750083321,1789657777712867435.jpg
1789657777746197309,1789657777787282783,1789657777746197309.jpg
1789657777779521129,1789657777818431325,1789657777779521129.jpg
1789657777812846651,1789657777849537424,1789657777812846651.jpg
1789657777846174148,1789657777883492635,1789657777846174148.jpg
1789657777879497606,1789657777918535930,1789657777879497606.jpg
1789657777912824560,1789657777952434439,1789657777912824560.jpg
1789657777946148983,1789657777983520593,1789657777946148983.jpg
1789657777979477724,1789657778017276050,1789657777979477724.jpg
1789657778012800213,1789657778050149363,1789657778012800213.jpg
1789657778046127071,1789657778084429547,1789657778046127071.jpg
1789657778079452294,1789657778119440454,1789657778079452294.jpg
1789657778112777429,1789657778150281263,1789657778112777429.jpg
1789657778146104391,1789657778182792381,1789657778146104391.jpg
1789657778179429632,1789657778217147786,1789657778179429632.jpg
1789657778212754301,1789657778251602281,1789657778212754301.jpg
1789657778246081478,1789657778285225056,1789657778246081478.jpg
1789657778279406247,1789657778317573679,1789657778279406247.jpg
1789657778312734412,1789657778352012600,1789657778312734412.jpg
1789657778346058151,1789657778388243753,1789657778346058151.jpg
1789657778379384529,1789657778418394635,1789657778379384529.jpg
1789657778412713955,1789657778453804124,1789657778412713955.jpg
1789657778446037852,1789657778483443871,1789657778446037852.jpg
1789657778479365567,1789657778517523079,1789657778479365567.jpg
1789657778512690689,1789657778551425884,1789657778512690689.jpg
1789657778546013852,1789657778586337645,1789657778546013852.jpg
1789657778579340823,1789657778616599154,1789657778579340823.jpg
1789657778612665876,1789657778653135300,1789657778612665876.jpg
1789657778645991722,1789657778685537087,1789657778645991722.jpg
1789657778679320428,1789657778719324136,1789657778679320428.jpg
1789657778712642972,1789657778751271343,1789657778712642972.jpg
1789657778745968970,1789657778784719234,1789657778745968970.jpg
1789657778779293232,1789657778818665556,1789657778779293232.jpg
1789657778812624352,1789657778852127151,1789657778812624352.jpg
1789657778845946861,1789657778883686700,1789657778845946861.jpg
1789657778879271686,1789657778917700818,1789657778879271686.jpg
1789657778912596727,1789657778947971122,1789657778912596727.jpg
1789657778945923130,1789657778986369443,1789657778945923130.jpg
1789657778979254086,1789657779018829433,1789657778979254086.jpg
1789657779012574593,1789657779049320436,1789657779012574593.jpg
1789657779045902220,1789657779085401889,1789657779045902220.jpg
1789657779079227623,1789657779118446772,1789657779079227623.jpg
1789657779112553331,1789657779150481921,1789657779112553331.jpg
1789657779145880559,1789657779185750154,1789657779145880559.jpg
1789657779179205044,1789657779217798951,1789657779179205044.jpg
1789657779212529864,1789657779251012144,1789657779212529864.jpg
1789657779245856503,1789657779283652759,1789657779245856503.jpg
1789657779279183100,1789657779317080724,1789657779279183100.jpg
1789657779312512167,1789657779350226660,1789657779312512167.jpg
1789657779345832687,1789657779383450093,1789657779345832687.jpg
1789657779379162167,1789657779419178260,1789657779379162167.jpg
1789657779412485294,1789657779452831571,1789657779412485294.jpg
1789657779445811508,1789657779483696509,1789657779445811508.jpg
1789657779479139467,1789657779518169948,1789657779479139467.jpg
1789657779512461165,1789657779552253452,1789657779512461165.jpg
1789657779545789046,1789657779584387950,1789657779545789046.jpg
1789657779579113596,1789657779616733480,1789657779579113596.jpg
1789657779612440683,1789657779649832935,1789657779612440683.jpg
1789657779645765279,1789657779685621600,1789657779645765279.jpg
1789657779679090602,1789657779717240667,1789657779679090602.jpg
1789657779712418323,1789657779749950280,1789657779712418323.jpg
1789657779745745044,1789657779784755544,1789657779745745044.jpg
1789657779779069744,1789657779817694466,1789657779779069744.jpg
1789657779812395500,1789657779851177597,1789657779812395500.jpg
1789657779845721567,1789657779882746554,1789657779845721567.jpg
1789657779879048661,1789657779918069915,1789657779879048661.jpg
1789657779912374362,1789657779950124305,1789657779912374362.jpg
1789657779945701138,1789657779984271641,1789657779945701138.jpg
1789657779979023465,1789657780019002406,1789657779979023465.jpg
1789657780012350175,1789657780049278933,1789657780012350175.jpg
1789657780045676447,1789657780083797500,1789657780045676447.jpg
1789657780079001337,1789657780117541847,1789657780079001337.jpg
1789657780112325765,1789657780151453966,1789657780112325765.jpg
1789657780145654472,1789657780185593803,1789657780145654472.jpg
1789657780178979288,1789657780216627088,1789657780178979288.jpg
1789657780212304769,1789657780252654617,1789657780212304769.jpg
1789657780245634713,1789657780285805404,1789657780245634713.jpg
1789657780278956932,1789657780317743500,1789657780278956932.jpg
1789657780312294902,1789657780351762006,1789657780312294902.jpg
1789657780345608381,1789657780382462652,1789657780345608381.jpg
1789657780378933624,1789657780418004156,1789657780378933624.jpg
1789657780412261422,1789657780449538151,1789657780412261422.jpg
1789657780445587653,1789657780483538398,1789657780445587653.jpg
1789657780478913216,1789657780519297637,1789657780478913216.jpg
1789657780512236251,1789657780549871712,1789657780512236251.jpg
1789657780545563917,1789657780584295912,1789657780545563917.jpg
1789657780578889202,1789657780619049936,1789657780578889202.jpg
1789657780612215990,1789657780650482545,1789657780612215990.jpg
1789657780645542121,1789657780683139437,1789657780645542121.jpg
1789657780678865133,1789657780718848548,1789657780678865133.jpg
1789657780712191685,1789657780750871234,1789657780712191685.jpg
1789657780745518073,1789657780782985844,1789657780745518073.jpg
1789657780778847346,1789657780817110458,1789657780778847346.jpg
1789657780812169396,1789657780851014319,1789657780812169396.jpg
1789657780845494487,1789657780882534240,1789657780845494487.jpg
1789657780878834361,1789657780918022616,1789657780878834361.jpg
1789657780912146414,1789657780948966108,1789657780912146414.jpg
1789657780945472766,1789657780985219650,1789657780945472766.jpg
1789657780978801168,1789657781016610704,1789657780978801168.jpg
1789657781012125938,1789657781050809631,1789657781012125938.jpg
1789657781045450067,1789657781083857976,1789657781045450067.jpg
1789657781078776167,1789657781117926888,1789657781078776167.jpg
1789657781112099974,1789657781151213302,1789657781112099974.jpg
1789657781145427092,1789657781184493697,1789657781145427092.jpg
1789657781178752410,1789657781215387319,1789657781178752410.jpg
1789657781212081122,1789657781250732680,1789657781212081122.jpg
1789657781245404363,1789657781283294834,1789657781245404363.jpg
1789657781278735009,1789657781319687261,1789657781278735009.jpg
1789657781312058468,1789657781346693575,1789657781312058468.jpg
1789657781345393536,1789657781381829812,1789657781345393536.jpg
1789657781378708860,1789657781417853248,1789657781378708860.jpg
1789657781412034814,1789657781450050467,1789657781412034814.jpg
1789657781445360278,1789657781481470169,1789657781445360278.jpg
1789657781478685700,1789657781517260241,1789657781478685700.jpg
1789657781512012910,1789657781549911189,1789657781512012910.jpg
1789657781545337698,1789657781584203003,1789657781545337698.jpg
1789657781578663240,1789657781616502589,1789657781578663240.jpg
1789657781611990867,1789657781650688794,1789657781611990867.jpg
1789657781645314598,1789657781685221287,1789657781645314598.jpg
1789657781678640755,1789657781717918160,1789657781678640755.jpg
1789657781711969983,1789657781750875582,1789657781711969983.jpg
1789657781745292211,1789657781782744735,1789657781745292211.jpg
1789657781778617824,1789657781817111380,1789657781778617824.jpg
1789657781811946487,1789657781849378468,1789657781811946487.jpg
1789657781845269620,1789657781883346234,1789657781845269620.jpg
1789657781878601630,1789657781915028114,1789657781878601630.jpg
1789657781911922051,1789657781947919556,1789657781911922051.jpg
1789657781945248146,1789657781984052434,1789657781945248146.jpg
1789657781978575677,1789657782015977975,1789657781978575677.jpg
1789657782011898278,1789657782049432736,1789657782011898278.jpg
1789657782045226587,1789657782084202315,1789657782045226587.jpg
1789657782078550437,1789657782117141812,1789657782078550437.jpg
1789657782111876927,1789657782151372294,1789657782111876927.jpg
1789657782145206602,1789657782183812673,1789657782145206602.jpg
1789657782178529296,1789657782216561952,1789657782178529296.jpg
1789657782211856284,1789657782249291305,1789657782211856284.jpg
1789657782245179069,1789657782283404920,1789657782245179069.jpg
1789657782278509010,1789657782316096608,1789657782278509010.jpg
1789657782311829654,1789657782348168830,1789657782311829654.jpg
1789657782345157094,1789657782385359496,1789657782345157094.jpg
1789657782378488674,1789657782418480413,1789657782378488674.jpg
1789657782411809204,1789657782448689479,1789657782411809204.jpg
1789657782445135705,1789657782484893263,1789657782445135705.jpg
1789657782478461850,1789657782517500378,1789657782478461850.jpg
1789657782511787041,1789657782549699597,1789657782511787041.jpg
1789657782545111407,1789657782582149921,1789657782545111407.jpg
1789657782578438477,1789657782618305483,1789657782578438477.jpg
1789657782611763328,1789657782651492788,1789657782611763328.jpg
1789657782645088963,1789657782683296813,1789657782645088963.jpg
1789657782678417714,1789657782718152705,1789657782678417714.jpg
1789657782711742365,1789657782750816542,1789657782711742365.jpg
1789657782745065986,1789657782783725835,1789657782745065986.jpg
1789657782778396574,1789657782819139139,1789657782778396574.jpg
1789657782811718955,1789657782850202146,1789657782811718955.jpg
1789657782845047180,1789657782883908790,1789657782845047180.jpg
1789657782878371773,1789657782916400445,1789657782878371773.jpg
1789657782911696692,1789657782952219980,1789657782911696692.jpg
1789657782945024431,1789657782984043689,1789657782945024431.jpg
1789657782978347493,1789657783015990303,1789657782978347493.jpg
1789657783011674608,1789657783050150435,1789657783011674608.jpg
1789657783045002712,1789657783082989860,1789657783045002712.jpg
1789657783078324332,1789657783117456355,1789657783078324332.jpg
1789657783111654312,1789657783152561129,1789657783111654312.jpg
1789657783144977797,1789657783182953079,1789657783144977797.jpg
1789657783178303713,1789657783216694722,1789657783178303713.jpg
1789657783211631276,1789657783252000176,1789657783211631276.jpg
1789657783244954872,1789657783283615466,1789657783244954872.jpg
1789657783278281560,1789657783317870910,1789657783278281560.jpg
1789657783311604715,1789657783350044685,1789657783311604715.jpg
1789657783344932306,1789657783383445669,1789657783344932306.jpg
1789657783378261305,1789657783417381492,1789657783378261305.jpg
1789657783411583054,1789657783448512979,1789657783411583054.jpg
1789657783444912167,1789657783482920475,1789657783444912167.jpg
1789657783478234502,1789657783515879508,1789657783478234502.jpg
1789657783511561776,1789657783551161093,1789657783511561776.jpg
1789657783544891454,1789657783582700050,1789657783544891454.jpg
1789657783578211628,1789657783615781413,1789657783578211628.jpg
1789657783611538872,1789657783652461389,1789657783611538872.jpg
1789657783644863368,1789657783682452441,1789657783644863368.jpg
1789657783678191559,1789657783718604430,1789657783678191559.jpg
1789657783711516701,1789657783749058508,1789657783711516701.jpg
1789657783744843615,1789657783781259968,1789657783744843615.jpg
1789657783778168832,1789657783816696030,1789657783778168832.jpg
1789657783811493120,1789657783850721277,1789657783811493120.jpg
1789657783844818189,1789657783883455130,1789657783844818189.jpg
1789657783878145795,1789657783917291233,1789657783878145795.jpg
1789657783911471553,1789657783949454119,1789657783911471553.jpg
1789657783944796050,1789657783983248835,1789657783944796050.jpg
1789657783978121783,1789657784014624667,1789657783978121783.jpg
1789657784011447516,1789657784051007039,1789657784011447516.jpg
1789657784044773534,1789657784083469621,1789657784044773534.jpg
1789657784078098859,1789657784115069837,1789657784078098859.jpg
1789657784111435312,1789657784149169859,1789657784111435312.jpg
1789657784144750695,1789657784183368638,1789657784144750695.jpg
1789657784178078338,1789657784217521196,1789657784178078338.jpg
1789657784211402589,1789657784250072869,1789657784211402589.jpg
1789657784244728841,1789657784283263174,1789657784244728841.jpg
1789657784278055949,1789657784316947170,1789657784278055949.jpg
1789657784311379647,1789657784349266848,1789657784311379647.jpg
1789657784344707259,1789657784384011502,1789657784344707259.jpg
1789657784378032515,1789657784415646698,1789657784378032515.jpg
1789657784411356425,1789657784448057690,1789657784411356425.jpg
1789657784444684744,1789657784483972407,1789657784444684744.jpg
1789657784478009535,1789657784517070214,1789657784478009535.jpg
1789657784511338234,1789657784549430225,1789657784511338234.jpg
1789657784544660989,1789657784582573586,1789657784544660989.jpg
1789657784577986857,1789657784617695045,1789657784577986857.jpg
1789657784611313034,1789657784650073167,1789657784611313034.jpg
1789657784644638548,1789657784683098939,1789657784644638548.jpg
1789657784677971434,1789657784717500472,1789657784677971434.jpg
1789657784711290052,1789657784748818195,1789657784711290052.jpg
1789657784744616494,1789657784782072831,1789657784744616494.jpg
1789657784777941648,1789657784816009339,1789657784777941648.jpg
1789657784811267809,1789657784850778030,1789657784811267809.jpg
1789657784844593291,1789657784881411844,1789657784844593291.jpg
1789657784877918766,1789657784916253977,1789657784877918766.jpg
1789657784911245082,1789657784950529384,1789657784911245082.jpg
1789657784944579712,1789657784984121419,1789657784944579712.jpg
1789657784977897410,1789657785016033404,1789657784977897410.jpg
1789657785011222464,1789657785047953723,1789657785011222464.jpg
1789657785044548479,1789657785087287075,1789657785044548479.jpg
1789657785077874449,1789657785117518973,1789657785077874449.jpg
1789657785111200637,1789657785148555851,1789657785111200637.jpg
1789657785144527393,1789657785183797104,1789657785144527393.jpg
1789657785177855962,1789657785215277415,1789657785177855962.jpg
1789657785211178213,1789657785249737836,1789657785211178213.jpg
1789657785244507841,1789657785282805421,1789657785244507841.jpg
1789657785277828758,1789657785314518282,1789657785277828758.jpg
1789657785311192383,1789657785353545809,1789657785311192383.jpg
1789657785344557590,1789657785384039923,1789657785344557590.jpg
1789657785377921126,1789657785416660057,1789657785377921126.jpg
1789657785411283836,1789657785451128070,1789657785411283836.jpg
1789657785444645635,1789657785483904292,1789657785444645635.jpg
1789657785478012319,1789657785513977454,1789657785478012319.jpg
1789657785511378549,1789657785547463696,1789657785511378549.jpg
1789657785544739078,1789657785582234516,1789657785544739078.jpg
1789657785578103799,1789657785618451318,1789657785578103799.jpg
1789657785611462879,1789657785648722326,1789657785611462879.jpg
1789657785644830899,1789657785684107112,1789657785644830899.jpg
1789657785678193056,1789657785715442871,1789657785678193056.jpg
1789657785711555588,1789657785748419367,1789657785711555588.jpg
1789657785744921568,1789657785784034295,1789657785744921568.jpg
1789657785778283618,1789657785815622474,1789657785778283618.jpg
1789657785811647102,1789657785850777266,1789657785811647102.jpg
1789657785845012177,1789657785882446127,1789657785845012177.jpg
1789657785878374242,1789657785918663133,1789657785878374242.jpg
1789657785911739305,1789657785950537230,1789657785911739305.jpg
1789657785945101038,1789657785982627322,1789657785945101038.jpg
1789657785978466511,1789657786018927400,1789657785978466511.jpg
1789657786011831833,1789657786051407519,1789657786011831833.jpg
1789657786045194914,1789657786085690259,1789657786045194914.jpg
1789657786078557476,1789657786117591318,1789657786078557476.jpg
1789657786111919506,1789657786151098448,1789657786111919506.jpg
1789657786145284289,1789657786184306790,1789657786145284289.jpg
1789657786178648370,1789657786216472454,1789657786178648370.jpg
1789657786212010475,1789657786251079593,1789657786212010475.jpg
1789657786245375837,1789657786283973368,1789657786245375837.jpg
1789657786278739308,1789657786317555200,1789657786278739308.jpg
1789657786312107466,1789657786352043879,1789657786312107466.jpg
1789657786345465851,1789657786383122867,1789657786345465851.jpg
1789657786378811886,1789657786416145657,1789657786378811886.jpg
1789657786412135518,1789657786451524740,1789657786412135518.jpg
1789657786445460049,1789657786483679349,1789657786445460049.jpg
1789657786478788958,1789657786517626745,1789657786478788958.jpg
1789657786512114202,1789657786551131709,1789657786512114202.jpg
1789657786545438660,1789657786583025935,1789657786545438660.jpg
1789657786578765759,1789657786618500478,1789657786578765759.jpg
1789657786612089490,1789657786650589737,1789657786612089490.jpg
1789657786645416500,1789657786683576213,1789657786645416500.jpg
1789657786678762440,1789657786716850719,1789657786678762440.jpg
1789657786712067500,1789657786751385897,1789657786712067500.jpg
1789657786745395696,1789657786784018976,1789657786745395696.jpg
1789657786778721829,1789657786817226798,1789657786778721829.jpg
1789657786812046160,1789657786852309333,1789657786812046160.jpg
1789657786845373594,1789657786883668425,1789657786845373594.jpg
1789657786878698051,1789657786918873030,1789657786878698051.jpg
1789657786912026851,1789657786950071867,1789657786912026851.jpg
1789657786945350099,1789657786981898595,1789657786945350099.jpg
1789657786978676747,1789657787016599917,1789657786978676747.jpg
1789657787012004070,1789657787048902022,1789657787012004070.jpg
1789657787045326977,1789657787083172781,1789657787045326977.jpg
1789657787078654401,1789657787121284942,1789657787078654401.jpg
1789657787111977187,1789657787150192263,1789657787111977187.jpg
1789657787145303874,1789657787184179918,1789657787145303874.jpg
1789657787178633978,1789657787218261311,1789657787178633978.jpg
1789657787211955087,1789657787251608519,1789657787211955087.jpg
1789657787245280854,1789657787287005841,1789657787245280854.jpg
1789657787278606889,1789657787320498990,1789657787278606889.jpg
1789657787311932830,1789657787352563787,1789657787311932830.jpg
1789657787345259671,1789657787385772276,1789657787345259671.jpg
1789657787378585448,1789657787417082610,1789657787378585448.jpg
1789657787411911457,1789657787452110683,1789657787411911457.jpg
1789657787445237446,1789657787483289113,1789657787445237446.jpg
1789657787478564930,1789657787516355087,1789657787478564930.jpg
1789657787511886317,1789657787549335601,1789657787511886317.jpg
1789657787545213739,1789657787584620945,1789657787545213739.jpg
1789657787578539500,1789657787616390286,1789657787578539500.jpg
1789657787611865873,1789657787650229926,1789657787611865873.jpg
1789657787645191937,1789657787686185771,1789657787645191937.jpg
1789657787678517529,1789657787716594091,1789657787678517529.jpg
1789657787711843658,1789657787750251217,1789657787711843658.jpg
1789657787745169225,1789657787784316703,1789657787745169225.jpg
1789657787778493455,1789657787816952263,1789657787778493455.jpg
1789657787811819985,1789657787851053082,1789657787811819985.jpg
1789657787845144522,1789657787883795305,1789657787845144522.jpg
1789657787878473203,1789657787917517652,1789657787878473203.jpg
1789657787911797705,1789657787949644502,1789657787911797705.jpg
1789657787945122933,1789657787985099008,1789657787945122933.jpg
1789657787978453671,1789657788017033178,1789657787978453671.jpg
1789657788011774336,1789657788050836431,1789657788011774336.jpg
1789657788045102549,1789657788085079727,1789657788045102549.jpg
1789657788078425743,1789657788117416498,1789657788078425743.jpg
1789657788111752487,1789657788150406011,1789657788111752487.jpg
1789657788145077813,1789657788182109650,1789657788145077813.jpg
1789657788178404441,1789657788217309663,1789657788178404441.jpg
1789657788211731099,1789657788251751362,1789657788211731099.jpg
1789657788245054495,1789657788280881862,1789657788245054495.jpg
1789657788278380718,1789657788316943649,1789657788278380718.jpg
1789657788311711506,1789657788349946052,1789657788311711506.jpg
1789657788345033037,1789657788384279068,1789657788345033037.jpg
1789657788378358591,1789657788415905635,1789657788378358591.jpg
1789657788411708880,1789657788449511521,1789657788411708880.jpg
1789657788445011697,1789657788483979034,1789657788445011697.jpg
1789657788478336067,1789657788519336395,1789657788478336067.jpg
1789657788511662707,1789657788551332915,1789657788511662707.jpg
1789657788544989939,1789657788582718044,1789657788544989939.jpg
1789657788578318016,1789657788616445835,1789657788578318016.jpg
1789657788611641560,1789657788652267776,1789657788611641560.jpg
1789657788644968335,1789657788684127855,1789657788644968335.jpg
1789657788678290863,1789657788716297816,1789657788678290863.jpg
1789657788711618109,1789657788750855345,1789657788711618109.jpg
1789657788744945133,1789657788783176283,1789657788744945133.jpg
1789657788778269215,1789657788817990324,1789657788778269215.jpg
1789657788811595672,1789657788850240245,1789657788811595672.jpg
1789657788844920857,1789657788882841342,1789657788844920857.jpg
1789657788878252030,1789657788918238498,1789657788878252030.jpg
1789657788911572225,1789657788950107374,1789657788911572225.jpg
1789657788944896801,1789657788984117602,1789657788944896801.jpg
1789657788978225752,1789657789018735167,1789657788978225752.jpg
1789657789011549781,1789657789051378782,1789657789011549781.jpg
1789657789044877037,1789657789084453923,1789657789044877037.jpg
1789657789078203040,1789657789116743121,1789657789078203040.jpg
1789657789111526971,1789657789150610945,1789657789111526971.jpg
1789657789144854888,1789657789183966912,1789657789144854888.jpg
1789657789178178905,1789657789216563028,1789657789178178905.jpg
1789657789211505659,1789657789250767844,1789657789211505659.jpg
1789657789244830161,1789657789282425188,1789657789244830161.jpg
1789657789278160349,1789657789318186075,1789657789278160349.jpg
1789657789311481325,1789657789351608670,1789657789311481325.jpg
1789657789344807794,1789657789382106507,1789657789344807794.jpg
1789657789378136495,1789657789419557351,1789657789378136495.jpg
1789657789411459101,1789657789451211602,1789657789411459101.jpg
1789657789444785369,1789657789485250256,1789657789444785369.jpg
1789657789478111010,1789657789516174562,1789657789478111010.jpg
1789657789511437729,1789657789549906724,1789657789511437729.jpg
1789657789544765430,1789657789584364978,1789657789544765430.jpg
1789657789578090307,1789657789619969869,1789657789578090307.jpg
1789657789611412626,1789657789647157660,1789657789611412626.jpg
1789657789644744197,1789657789681373698,1789657789644744197.jpg
1789657789678065512,1789657789716020910,1789657789678065512.jpg
1789657789711392131,1789657789750949263,1789657789711392131.jpg
1789657789744715871,1789657789782993208,1789657789744715871.jpg
1789657789778042510,1789657789816757276,1789657789778042510.jpg
1789657789811370369,1789657789850134409,1789657789811370369.jpg
1789657789844694544,1789657789883332491,1789657789844694544.jpg
1789657789878024047,1789657789917008672,1789657789878024047.jpg
1789657789911345614,1789657789948955768,1789657789911345614.jpg
1789657789944673561,1789657789983875510,1789657789944673561.jpg
1789657789978006508,1789657790015492336,1789657789978006508.jpg
1789657790011324702,1789657790049622469,1789657790011324702.jpg
1789657790044650642,1789657790084497231,1789657790044650642.jpg
1789657790077977933,1789657790118606216,1789657790077977933.jpg
1789657790111306491,1789657790150434111,1789657790111306491.jpg
1789657790144629484,1789657790184580391,1789657790144629484.jpg
1789657790177955950,1789657790216562171,1789657790177955950.jpg
1789657790211279714,1789657790249442613,1789657790211279714.jpg
1789657790244605147,1789657790283625448,1789657790244605147.jpg
1789657790277933652,1789657790317450292,1789657790277933652.jpg
1789657790311256748,1789657790349081859,1789657790311256748.jpg
1789657790344581615,1789657790384041544,1789657790344581615.jpg
1789657790377910809,1789657790417250626,1789657790377910809.jpg
1789657790411234692,1789657790449806336,1789657790411234692.jpg
1789657790444559857,1789657790485692794,1789657790444559857.jpg
1789657790477884691,1789657790519018651,1789657790477884691.jpg
1789657790511212390,1789657790551276776,1789657790511212390.jpg
1789657790544538891,1789657790583274648,1789657790544538891.jpg
1789657790577863297,1789657790614883363,1789657790577863297.jpg
1789657790611187467,1789657790649665868,1789657790611187467.jpg
1789657790644514945,1789657790681912030,1789657790644514945.jpg
1789657790677839879,1789657790715042466,1789657790677839879.jpg
1789657790711168844,1789657790751798976,1789657790711168844.jpg
1789657790744491989,1789657790782441512,1789657790744491989.jpg
1789657790777819047,1789657790817261035,1789657790777819047.jpg
1789657790811143880,1789657790851560015,1789657790811143880.jpg
1789657790844469571,1789657790885010684,1789657790844469571.jpg
1789657790877796843,1789657790915977693,1789657790877796843.jpg
1789657790911121040,1789657790951210612,1789657790911121040.jpg
1789657790944452357,1789657790984618171,1789657790944452357.jpg
1789657790977773251,1789657791017250138,1789657790977773251.jpg
1789657791011101546,1789657791048831113,1789657791011101546.jpg
1789657791044423293,1789657791084717016,1789657791044423293.jpg
1789657791077750347,1789657791116076552,1789657791077750347.jpg
1789657791111075750,1789657791151201289,1789657791111075750.jpg
1789657791144401009,1789657791185609174,1789657791144401009.jpg
1789657791177728837,1789657791215976310,1789657791177728837.jpg
1789657791211059007,1789657791249107857,1789657791211059007.jpg
1789657791244388475,1789657791283368671,1789657791244388475.jpg
1789657791277704935,1789657791316247669,1789657791277704935.jpg
1789657791311031289,1789657791349828223,1789657791311031289.jpg
1789657791344356983,1789657791381326904,1789657791344356983.jpg
1789657791377686340,1789657791416532157,1789657791377686340.jpg
1789657791411009373,1789657791451463455,1789657791411009373.jpg
1789657791444333651,1789657791483387181,1789657791444333651.jpg
1789657791477661005,1789657791516313899,1789657791477661005.jpg
1789657791510987598,1789657791550034487,1789657791510987598.jpg
1789657791544311161,1789657791585998647,1789657791544311161.jpg
1789657791577639633,1789657791618122275,1789657791577639633.jpg
1789657791610968032,1789657791651110585,1789657791610968032.jpg
1789657791644289687,1789657791682813501,1789657791644289687.jpg
1789657791677614797,1789657791716722510,1789657791677614797.jpg
1789657791710941728,1789657791750611760,1789657791710941728.jpg
1789657791744268757,1789657791783872766,1789657791744268757.jpg
1789657791777593139,1789657791815444427,1789657791777593139.jpg
1789657791810918832,1789657791848196817,1789657791810918832.jpg
1789657791844244566,1789657791883790320,1789657791844244566.jpg
1789657791877572635,1789657791916164479,1789657791877572635.jpg
1789657791910897245,1789657791949065142,1789657791910897245.jpg
1789657791944221913,1789657791982666900,1789657791944221913.jpg
1789657791977547307,1789657792015803372,1789657791977547307.jpg
1789657792010876755,1789657792052546087,1789657792010876755.jpg
1789657792044199339,1789657792082528417,1789657792044199339.jpg
1789657792077525357,1789657792116208876,1789657792077525357.jpg
1789657792110849656,1789657792150371434,1789657792110849656.jpg
1789657792144176930,1789657792183625700,1789657792144176930.jpg
1789657792177504212,1789657792217678520,1789657792177504212.jpg
1789657792210828857,1789657792249090499,1789657792210828857.jpg
1789657792244153910,1789657792283463681,1789657792244153910.jpg
1789657792277483291,1789657792315356186,1789657792277483291.jpg
1789657792310804103,1789657792352103048,1789657792310804103.jpg
1789657792344133275,1789657792385262002,1789657792344133275.jpg
1789657792377456746,1789657792416840792,1789657792377456746.jpg
1789657792410785223,1789657792451526669,1789657792410785223.jpg
1789657792444108564,1789657792480877405,1789657792444108564.jpg
1789657792477435606,1789657792517205778,1789657792477435606.jpg
1789657792510762475,1789657792551710735,1789657792510762475.jpg
1789657792544084742,1789657792582761445,1789657792544084742.jpg
1789657792577415193,1789657792616054544,1789657792577415193.jpg
1789657792610741766,1789657792650008792,1789657792610741766.jpg
1789657792644061756,1789657792683685844,1789657792644061756.jpg
1789657792677390027,1789657792718089395,1789657792677390027.jpg
1789657792710716046,1789657792750319187,1789657792710716046.jpg
1789657792744040924,1789657792783272331,1789657792744040924.jpg
1789657792777367388,1789657792817606755,1789657792777367388.jpg
1789657792810693055,1789657792851229197,1789657792810693055.jpg
1789657792844018031,1789657792882873911,1789657792844018031.jpg
1789657792877344450,1789657792914444776,1789657792877344450.jpg
1789657792910669337,1789657792949324889,1789657792910669337.jpg
1789657792943998718,1789657792983364709,1789657792943998718.jpg
1789657792977321025,1789657793017768094,1789657792977321025.jpg
1789657793010646836,1789657793050670999,1789657793010646836.jpg
1789657793043972583,1789657793083074583,1789657793043972583.jpg
1789657793077299310,1789657793118765490,1789657793077299310.jpg
1789657793110628514,1789657793149720537,1789657793110628514.jpg
1789657793143949790,1789657793183147113,1789657793143949790.jpg
1789657793177278527,1789657793219270473,1789657793177278527.jpg
1789657793210601953,1789657793249990230,1789657793210601953.jpg
1789657793243929695,1789657793283340641,1789657793243929695.jpg
1789657793277256710,1789657793316985934,1789657793277256710.jpg
1789657793310580260,1789657793348797052,1789657793310580260.jpg
1789657793343906820,1789657793383109106,1789657793343906820.jpg
1789657793377232341,1789657793416568996,1789657793377232341.jpg
1789657793410556132,1789657793449694099,1789657793410556132.jpg
1789657793443882049,1789657793481707619,1789657793443882049.jpg
1789657793477209558,1789657793516040376,1789657793477209558.jpg
1789657793510536106,1789657793550293764,1789657793510536106.jpg
1789657793543861569,1789657793580529292,1789657793543861569.jpg
1789657793577186696,1789657793615279835,1789657793577186696.jpg
1789657793610511847,1789657793649434060,1789657793610511847.jpg
1789657793643840743,1789657793683522619,1789657793643840743.jpg
1789657793677163685,1789657793715484511,1789657793677163685.jpg
1789657793710491443,1789657793750314903,1789657793710491443.jpg
1789657793743815083,1789657793779123838,1789657793743815083.jpg
1789657793777141757,1789657793812531600,1789657793777141757.jpg
1789657793810468111,1789657793849506197,1789657793810468111.jpg
1789657793843793583,1789657793880795347,1789657793843793583.jpg
1789657793877118749,1789657793914993644,1789657793877118749.jpg
1789657793910445718,1789657793952187032,1789657793910445718.jpg
1789657793943771994,1789657793982809754,1789657793943771994.jpg
1789657793977098121,1789657794015368871,1789657793977098121.jpg
1789657794010422870,1789657794048695821,1789657794010422870.jpg
1789657794043747821,1789657794083598471,1789657794043747821.jpg
1789657794077073294,1789657794116781368,1789657794077073294.jpg
1789657794110400735,1789657794150737505,1789657794110400735.jpg
1789657794143727716,1789657794182194039,1789657794143727716.jpg
1789657794177058407,1789657794216884509,1789657794177058407.jpg
1789657794210378270,1789657794251402891,1789657794210378270.jpg
1789657794243709817,1789657794284489661,1789657794243709817.jpg
1789657794277027009,1789657794316681899,1789657794277027009.jpg
1789657794310353254,1789657794348505201,1789657794310353254.jpg
1789657794343681938,1789657794383691196,1789657794343681938.jpg
1789657794377006267,1789657794416452882,1789657794377006267.jpg
1789657794410332442,1789657794449022924,1789657794410332442.jpg
1789657794443656825,1789657794482950859,1789657794443656825.jpg
1789657794476982827,1789657794516040629,1789657794476982827.jpg
1789657794510316722,1789657794549518093,1789657794510316722.jpg
1789657794543650940,1789657794583578968,1789657794543650940.jpg
1789657794576963742,1789657794616050254,1789657794576963742.jpg
1789657794610286935,1789657794648220862,1789657794610286935.jpg
1789657794643613238,1789657794681860118,1789657794643613238.jpg
1789657794676939492,1789657794715189734,1789657794676939492.jpg
1789657794710263626,1789657794748526220,1789657794710263626.jpg
1789657794743592518,1789657794782247475,1789657794743592518.jpg
1789657794776913940,1789657794815456742,1789657794776913940.jpg
1789657794810242433,1789657794850027622,1789657794810242433.jpg
1789657794843567711,1789657794881682336,1789657794843567711.jpg
1789657794876892590,1789657794917001143,1789657794876892590.jpg
1789657794910219843,1789657794949625332,1789657794910219843.jpg
1789657794943554252,1789657794982691658,1789657794943554252.jpg
1789657794976874471,1789657795014844082,1789657794976874471.jpg
1789657795010195817,1789657795048526337,1789657795010195817.jpg
1789657795043532574,1789657795083980566,1789657795043532574.jpg
1789657795076848232,1789657795116891266,1789657795076848232.jpg
1789657795110173165,1789657795149762505,1789657795110173165.jpg
1789657795143504032,1789657795183352059,1789657795143504032.jpg
1789657795176826670,1789657795215805808,1789657795176826670.jpg
1789657795210153787,1789657795251009302,1789657795210153787.jpg
1789657795243483036,1789657795283707212,1789657795243483036.jpg
1789657795276802497,1789657795317659868,1789657795276802497.jpg
1789657795310128991,1789657795349849513,1789657795310128991.jpg
1789657795343454116,1789657795382443536,1789657795343454116.jpg
1789657795376781031,1789657795415692747,1789657795376781031.jpg
1789657795410108426,1789657795448663631,1789657795410108426.jpg
1789657795443431543,1789657795481670181,1789657795443431543.jpg
1789657795476757787,1789657795516919526,1789657795476757787.jpg
1789657795510084306,1789657795548072382,1789657795510084306.jpg
1789657795543413049,1789657795582521803,1789657795543413049.jpg
1789657795576736039,1789657795616451015,1789657795576736039.jpg
1789657795610061185,1789657795650520668,1789657795610061185.jpg
1789657795643386907,1789657795684087500,1789657795643386907.jpg
1789657795676714520,1789657795716055076,1789657795676714520.jpg
1789657795710039711,1789657795750771138,1789657795710039711.jpg
1789657795743365047,1789657795782209469,1789657795743365047.jpg
1789657795776697179,1789657795816080293,1789657795776697179.jpg
1789657795810016781,1789657795849996450,1789657795810016781.jpg
1789657795843342015,1789657795881561722,1789657795843342015.jpg
1789657795876669918,1789657795917132336,1789657795876669918.jpg
1789657795910003652,1789657795946999744,1789657795910003652.jpg
1789657795943319799,1789657795981552218,1789657795943319799.jpg
1789657795976646057,1789657796016287613,1789657795976646057.jpg
1789657796009970202,1789657796050331414,1789657796009970202.jpg
1789657796043299299,1789657796082279288,1789657796043299299.jpg
1789657796076626910,1789657796115565775,1789657796076626910.jpg
1789657796109949680,1789657796149006851,1789657796109949680.jpg
1789657796143274827,1789657796182482926,1789657796143274827.jpg
1789657796176599885,1789657796215123430,1789657796176599885.jpg
1789657796209926331,1789657796249343764,1789657796209926331.jpg
1789657796243252219,1789657796282343536,1789657796243252219.jpg
1789657796276581297,1789657796316833215,1789657796276581297.jpg
1789657796309904114,1789657796348708609,1789657796309904114.jpg
1789657796343229191,1789657796381882081,1789657796343229191.jpg
1789657796376556572,1789657796415362841,1789657796376556572.jpg
1789657796409881364,1789657796449625693,1789657796409881364.jpg
1789657796443207754,1789657796483586941,1789657796443207754.jpg
1789657796476536279,1789657796516771356,1789657796476536279.jpg
1789657796509858038,1789657796547310173,1789657796509858038.jpg
1789657796543185965,1789657796583746136,1789657796543185965.jpg
1789657796576512420,1789657796615771711,1789657796576512420.jpg
1789657796609836642,1789657796650084098,1789657796609836642.jpg
1789657796643166650,1789657796681397765,1789657796643166650.jpg
1789657796676487047,1789657796715341051,1789657796676487047.jpg
1789657796709813432,1789657796749742325,1789657796709813432.jpg
1789657796743138337,1789657796782101354,1789657796743138337.jpg
1789657796776465028,1789657796814226352,1789657796776465028.jpg
1789657796809794346,1789657796848093992,1789657796809794346.jpg
1789657796843117504,1789657796880620498,1789657796843117504.jpg
1789657796876445441,1789657796916455588,1789657796876445441.jpg
1789657796909767729,1789657796946865093,1789657796909767729.jpg
1789657796943095610,1789657796980891080,1789657796943095610.jpg
1789657796976420333,1789657797014857791,1789657796976420333.jpg
1789657797009746739,1789657797049888826,1789657797009746739.jpg
1789657797043072440,1789657797084003737,1789657797043072440.jpg
1789657797076398451,1789657797115340830,1789657797076398451.jpg
1789657797109724253,1789657797148494431,1789657797109724253.jpg
1789657797143049462,1789657797184213227,1789657797143049462.jpg
1789657797176382830,1789657797214742340,1789657797176382830.jpg
1789657797209700331,1789657797249486420,1789657797209700331.jpg
1789657797243026930,1789657797281278594,1789657797243026930.jpg
1789657797276352479,1789657797315822031,1789657797276352479.jpg
1789657797309678648,1789657797347038960,1789657797309678648.jpg
1789657797343004395,1789657797382535854,1789657797343004395.jpg
1789657797376331945,1789657797416527101,1789657797376331945.jpg
1789657797409655975,1789657797448879631,1789657797409655975.jpg
1789657797442999444,1789657797483042059,1789657797442999444.jpg
1789657797476309635,1789657797515974870,1789657797476309635.jpg
1789657797509632607,1789657797548625762,1789657797509632607.jpg
1789657797542959513,1789657797582231853,1789657797542959513.jpg
1789657797576285838,1789657797614390813,1789657797576285838.jpg
1789657797609611227,1789657797646987355,1789657797609611227.jpg
1789657797642945832,1789657797682091648,1789657797642945832.jpg
1789657797676261992,1789657797715552798,1789657797676261992.jpg
1789657797709588387,1789657797749026058,1789657797709588387.jpg
1789657797742914091,1789657797781393439,1789657797742914091.jpg
1789657797776239440,1789657797817121531,1789657797776239440.jpg
1789657797809569603,1789657797848177113,1789657797809569603.jpg
1789657797842893139,1789657797881955199,1789657797842893139.jpg
1789657797876217604,1789657797915995408,1789657797876217604.jpg
1789657797909542277,1789657797945782539,1789657797909542277.jpg
1789657797942869252,1789657797980411770,1789657797942869252.jpg
1789657797976195059,1789657798011941469,1789657797976195059.jpg
1789657798009520942,1789657798049117561,1789657798009520942.jpg
1789657798042845642,1789657798080833607,1789657798042845642.jpg
1789657798076171077,1789657798116275818,1789657798076171077.jpg
1789657798109501992,1789657798149183629,1789657798109501992.jpg
1789657798142822938,1789657798181615472,1789657798142822938.jpg
1789657798176148910,1789657798214801832,1789657798176148910.jpg
1789657798209477097,1789657798246796963,1789657798209477097.jpg
1789657798242801131,1789657798282168472,1789657798242801131.jpg
1789657798276128930,1789657798315813802,1789657798276128930.jpg
1789657798309451608,1789657798350015025,1789657798309451608.jpg
1789657798342777428,1789657798382483163,1789657798342777428.jpg
1789657798376114731,1789657798412727283,1789657798376114731.jpg
1789657798409429192,1789657798447079003,1789657798409429192.jpg
1789657798442759205,1789657798483387617,1789657798442759205.jpg
1789657798476081472,1789657798517028781,1789657798476081472.jpg
1789657798509409774,1789657798549969036,1789657798509409774.jpg
1789657798542737088,1789657798583615070,1789657798542737088.jpg
1789657798576059836,1789657798615136639,1789657798576059836.jpg
1789657798609391355,1789657798646460991,1789657798609391355.jpg
1789657798642710284,1789657798682405485,1789657798642710284.jpg
1789657798676040730,1789657798716215033,1789657798676040730.jpg
1789657798709361080,1789657798747783120,1789657798709361080.jpg
1789657798742688415,1789657798780937685,1789657798742688415.jpg
1789657798776014092,1789657798815526935,1789657798776014092.jpg
1789657798809338876,1789657798847980055,1789657798809338876.jpg
1789657798842681728,1789657798881618145,1789657798842681728.jpg
1789657798875991454,1789657798913885732,1789657798875991454.jpg
1789657798909317825,1789657798947392547,1789657798909317825.jpg
1789657798942647705,1789657798983294579,1789657798942647705.jpg
1789657798975978298,1789657799015803123,1789657798975978298.jpg
1789657799009295623,1789657799048142413,1789657799009295623.jpg
1789657799042622026,1789657799079611261,1789657799042622026.jpg
1789657799075947739,1789657799115883728,1789657799075947739.jpg
1789657799109273815,1789657799148957795,1789657799109273815.jpg
1789657799142597171,1789657799180667915,1789657799142597171.jpg
1789657799175926454,1789657799217384704,1789657799175926454.jpg
1789657799209264273,1789657799250365681,1789657799209264273.jpg
1789657799242575424,1789657799282399181,1789657799242575424.jpg
1789657799275902335,1789657799316750345,1789657799275902335.jpg
1789657799309228478,1789657799348238230,1789657799309228478.jpg
1789657799342554429,1789657799383614683,1789657799342554429.jpg
1789657799375880740,1789657799416543383,1789657799375880740.jpg
1789657799409206832,1789657799448903431,1789657799409206832.jpg
1789657799442531300,1789657799481645784,1789657799442531300.jpg
1789657799475856543,1789657799514491005,1789657799475856543.jpg
1789657799509182916,1789657799549330064,1789657799509182916.jpg
1789657799542513298,1789657799580558326,1789657799542513298.jpg
1789657799575834208,1789657799614967507,1789657799575834208.jpg
1789657799609213820,1789657799647623122,1789657799609213820.jpg
1789657799642486611,1789657799680558599,1789657799642486611.jpg
1789657799675810548,1789657799716069993,1789657799675810548.jpg
1789657799709137104,1789657799747172758,1789657799709137104.jpg
1789657799742461229,1789657799781786638,1789657799742461229.jpg
1789657799775790820,1789657799814368958,1789657799775790820.jpg
1789657799809113645,1789657799846547455,1789657799809113645.jpg
1789657799842442000,1789657799881732524,1789657799842442000.jpg
1789657799875766001,1789657799915791010,1789657799875766001.jpg
1789657799909092911,1789657799948189057,1789657799909092911.jpg
1789657799942420974,1789657799981891904,1789657799942420974.jpg
1789657799975742661,1789657800017316078,1789657799975742661.jpg
1789657800009071057,1789657800049586869,1789657800009071057.jpg
1789657800042396331,1789657800081456837,1789657800042396331.jpg
1789657800075721427,1789657800115398400,1789657800075721427.jpg
1789657800109047965,1789657800147073058,1789657800109047965.jpg
1789657800142371492,1789657800180720499,1789657800142371492.jpg
1789657800175701891,1789657800216596143,1789657800175701891.jpg
1789657800209024744,1789657800248669457,1789657800209024744.jpg
1789657800242350210,1789657800281514400,1789657800242350210.jpg
1789657800275676327,1789657800314968106,1789657800275676327.jpg
1789657800309002499,1789657800349200680,1789657800309002499.jpg
1789657800342329650,1789657800382269340,1789657800342329650.jpg
1789657800375653216,1789657800414917455,1789657800375653216.jpg
1789657800408978067,1789657800447101211,1789657800408978067.jpg
1789657800442311196,1789657800483005409,1789657800442311196.jpg
1789657800475629329,1789657800515047225,1789657800475629329.jpg
1789657800508955850,1789657800547257462,1789657800508955850.jpg
1789657800542282006,1789657800581486184,1789657800542282006.jpg
1789657800575610270,1789657800614973389,1789657800575610270.jpg
1789657800608942497,1789657800646592363,1789657800608942497.jpg
1789657800642260819,1789657800680374578,1789657800642260819.jpg
1789657800675586260,1789657800716533863,1789657800675586260.jpg
1789657800708911393,1789657800747485799,1789657800708911393.jpg
1789657800742241764,1789657800781759224,1789657800742241764.jpg
1789657800775561808,1789657800814854753,1789657800775561808.jpg
1789657800808888826,1789657800845960722,1789657800808888826.jpg
1789657800842215673,1789657800882904820,1789657800842215673.jpg
1789657800875543125,1789657800914437445,1789657800875543125.jpg
1789657800908869358,1789657800949055546,1789657800908869358.jpg
1789657800942196660,1789657800981668403,1789657800942196660.jpg
1789657800975517701,1789657801015261049,1789657800975517701.jpg
1789657801008847364,1789657801048893361,1789657801008847364.jpg
1789657801042170591,1789657801083032567,1789657801042170591.jpg
1789657801075497174,1789657801114223071,1789657801075497174.jpg
1789657801108829357,1789657801149215589,1789657801108829357.jpg
1789657801142146184,1789657801181448918,1789657801142146184.jpg
1789657801175475417,1789657801215756731,1789657801175475417.jpg
1789657801208799494,1789657801249613519,1789657801208799494.jpg
1789657801242125106,1789657801279786030,1789657801242125106.jpg
1789657801275452388,1789657801315085633,1789657801275452388.jpg
1789657801308776939,1789657801347707507,1789657801308776939.jpg
1789657801342104229,1789657801383047146,1789657801342104229.jpg
1789657801375429186,1789657801413167566,1789657801375429186.jpg
1789657801408756098,1789657801448751347,1789657801408756098.jpg
1789657801442082000,1789657801480572427,1789657801442082000.jpg
1789657801475405493,1789657801512887735,1789657801475405493.jpg
1789657801508735249,1789657801550136622,1789657801508735249.jpg
1789657801542057085,1789657801581889482,1789657801542057085.jpg
1789657801575383434,1789657801613142965,1789657801575383434.jpg
1789657801608710631,1789657801647887693,1789657801608710631.jpg
1789657801642035996,1789657801684490059,1789657801642035996.jpg
1789657801675361715,1789657801714063659,1789657801675361715.jpg
1789657801708685108,1789657801748569968,1789657801708685108.jpg
1789657801742014980,1789657801782138670,1789657801742014980.jpg
1789657801775338076,1789657801815144479,1789657801775338076.jpg
1789657801808664184,1789657801847798020,1789657801808664184.jpg
1789657801841989548,1789657801881101099,1789657801841989548.jpg
1789657801875324093,1789657801914617359,1789657801875324093.jpg
1789657801908640696,1789657801947493949,1789657801908640696.jpg
1789657801941966727,1789657801981110484,1789657801941966727.jpg
1789657801975293514,1789657802015905359,1789657801975293514.jpg
1789657802008618702,1789657802046678243,1789657802008618702.jpg
1789657802041944904,1789657802081556727,1789657802041944904.jpg
1789657802075277344,1789657802116994012,1789657802075277344.jpg
1789657802108598713,1789657802146504613,1789657802108598713.jpg
1789657802141922437,1789657802178221770,1789657802141922437.jpg
1789657802175250437,1789657802211092879,1789657802175250437.jpg
1789657802208573612,1789657802247097112,1789657802208573612.jpg
1789657802241899574,1789657802280908457,1789657802241899574.jpg
1789657802275224467,1789657802312974920,1789657802275224467.jpg
1789657802308551585,1789657802348492721,1789657802308551585.jpg
1789657802341879775,1789657802379689613,1789657802341879775.jpg
1789657802375202948,1789657802412697089,1789657802375202948.jpg
1789657802408528936,1789657802449457710,1789657802408528936.jpg
1789657802441854474,1789657802481980365,1789657802441854474.jpg
1789657802475180083,1789657802514565667,1789657802475180083.jpg
1789657802508508842,1789657802548069815,1789657802508508842.jpg
1789657802541833392,1789657802581695424,1789657802541833392.jpg
1789657802575161897,1789657802617132004,1789657802575161897.jpg
1789657802608523393,1789657802648173086,1789657802608523393.jpg
1789657802641811541,1789657802681019455,1789657802641811541.jpg
1789657802675133819,1789657802715552114,1789657802675133819.jpg
1789657802708460668,1789657802747187292,1789657802708460668.jpg
1789657802741790474,1789657802783542534,1789657802741790474.jpg
1789657802775132210,1789657802813288315,1789657802775132210.jpg
1789657802808439092,1789657802848227539,1789657802808439092.jpg
1789657802841765387,1789657802882534111,1789657802841765387.jpg
1789657802875092929,1789657802913541379,1789657802875092929.jpg
1789657802908415489,1789657802947770249,1789657802908415489.jpg
1789657802941741730,1789657802982169523,1789657802941741730.jpg
1789657802975070353,1789657803014306651,1789657802975070353.jpg
1789657803008391231,1789657803045471340,1789657803008391231.jpg
1789657803041717838,1789657803082986998,1789657803041717838.jpg
1789657803075045959,1789657803115486857,1789657803075045959.jpg
1789657803108371750,1789657803148034382,1789657803108371750.jpg
1789657803141703029,1789657803183232543,1789657803141703029.jpg
1789657803175026314,1789657803214014316,1789657803175026314.jpg
1789657803208347426,1789657803250959785,1789657803208347426.jpg
1789657803241679461,1789657803282668979,1789657803241679461.jpg
1789657803275000500,1789657803314419431,1789657803275000500.jpg
1789657803308335364,1789657803347200987,1789657803308335364.jpg
1789657803341653146,1789657803382516034,1789657803341653146.jpg
1789657803374976652,1789657803413762480,1789657803374976652.jpg
1789657803408305551,1789657803447811115,1789657803408305551.jpg
1789657803441630754,1789657803481228247,1789657803441630754.jpg
1789657803474954971,1789657803515787924,1789657803474954971.jpg
1789657803508284466,1789657803547058648,1789657803508284466.jpg
1789657803541606776,1789657803581781858,1789657803541606776.jpg
1789657803574931908,1789657803612672518,1789657803574931908.jpg
1789657803608257562,1789657803649500359,1789657803608257562.jpg
1789657803641586701,1789657803681881888,1789657803641586701.jpg
1789657803674910374,1789657803715508256,1789657803674910374.jpg
1789657803708236059,1789657803748431790,1789657803708236059.jpg
1789657803741561210,1789657803782263782,1789657803741561210.jpg
1789657803774886091,1789657803814852731,1789657803774886091.jpg
1789657803808214456,1789657803848002018,1789657803808214456.jpg
1789657803841539413,1789657803880242143,1789657803841539413.jpg
1789657803874865144,1789657803914438941,1789657803874865144.jpg
1789657803908190303,1789657803947612857,1789657803908190303.jpg
1789657803941516053,1789657803979951720,1789657803941516053.jpg
1789657803974846760,1789657804014308440,1789657803974846760.jpg
1789657804008168557,1789657804046970406,1789657804008168557.jpg
1789657804041493801,1789657804080559608,1789657804041493801.jpg
1789657804074819472,1789657804112445149,1789657804074819472.jpg
1789657804108145977,1789657804146316640,1789657804108145977.jpg
1789657804141473368,1789657804181280085,1789657804141473368.jpg
1789657804174797218,1789657804213745223,1789657804174797218.jpg
1789657804208123267,1789657804248262346,1789657804208123267.jpg
1789657804241448322,1789657804278553150,1789657804241448322.jpg
1789657804274776238,1789657804313242768,1789657804274776238.jpg
1789657804308100978,1789657804349425219,1789657804308100978.jpg
1789657804341425910,1789657804380945399,1789657804341425910.jpg
1789657804374753282,1789657804414538620,1789657804374753282.jpg
1789657804408078672,1789657804449454732,1789657804408078672.jpg
1789657804441401904,1789657804482059330,1789657804441401904.jpg
1789657804474730957,1789657804514527171,1789657804474730957.jpg
1789657804508054124,1789657804549475783,1789657804508054124.jpg
1789657804541381969,1789657804579289173,1789657804541381969.jpg
1789657804574707603,1789657804612877190,1789657804574707603.jpg
1789657804608031385,1789657804647248853,1789657804608031385.jpg
1789657804641361144,1789657804682866300,1789657804641361144.jpg
1789657804674684474,1789657804714121765,1789657804674684474.jpg
1789657804708013421,1789657804747940165,1789657804708013421.jpg
1789657804741338873,1789657804779495418,1789657804741338873.jpg
1789657804774662061,1789657804815440264,1789657804774662061.jpg
1789657804807989941,1789657804845496796,1789657804807989941.jpg
1789657804841314239,1789657804880160082,1789657804841314239.jpg
1789657804874642345,1789657804913281000,1789657804874642345.jpg
1789657804907968473,1789657804948427273,1789657804907968473.jpg
1789657804941290434,1789657804980802321,1789657804941290434.jpg
1789657804974617847,1789657805013490971,1789657804974617847.jpg
1789657805007943393,1789657805047376925,1789657805007943393.jpg
1789657805041269221,1789657805081426467,1789657805041269221.jpg
1789657805074594864,1789657805115244385,1789657805074594864.jpg
1789657805107919809,1789657805146343021,1789657805107919809.jpg
1789657805141245727,1789657805179932760,1789657805141245727.jpg
1789657805174571436,1789657805213138231,1789657805174571436.jpg
1789657805207898525,1789657805246119615,1789657805207898525.jpg
1789657805241224325,1789657805280452631,1789657805241224325.jpg
1789657805274548871,1789657805315198248,1789657805274548871.jpg
1789657805307876132,1789657805346231996,1789657805307876132.jpg
1789657805341200150,1789657805382002235,1789657805341200150.jpg
1789657805374527414,1789657805413520119,1789657805374527414.jpg
1789657805407851593,1789657805446914326,1789657805407851593.jpg
1789657805441178084,1789657805480530935,1789657805441178084.jpg
1789657805474504532,1789657805513713628,1789657805474504532.jpg
1789657805507829484,1789657805546317022,1789657805507829484.jpg
1789657805541156864,1789657805579597084,1789657805541156864.jpg
1789657805574481288,1789657805613064955,1789657805574481288.jpg
1789657805607808291,1789657805648163230,1789657805607808291.jpg
1789657805641137450,1789657805679751020,1789657805641137450.jpg
1789657805674459454,1789657805713405479,1789657805674459454.jpg
1789657805707787509,1789657805748095005,1789657805707787509.jpg
1789657805741109176,1789657805781178071,1789657805741109176.jpg
1789657805774436637,1789657805814413449,1789657805774436637.jpg
1789657805807761775,1789657805846556984,1789657805807761775.jpg
1789657805841088346,1789657805879979653,1789657805841088346.jpg
1789657805874415608,1789657805913498542,1789657805874415608.jpg
1789657805907739819,1789657805946781955,1789657805907739819.jpg
1789657805941065863,1789657805980756721,1789657805941065863.jpg
1789657805974393587,1789657806011749434,1789657805974393587.jpg
1789657806007717843,1789657806048594756,1789657806007717843.jpg
1789657806041045434,1789657806081402737,1789657806041045434.jpg
1789657806074369740,1789657806113209133,1789657806074369740.jpg
1789657806107698320,1789657806148790617,1789657806107698320.jpg
1789657806141022509,1789657806179959436,1789657806141022509.jpg
1789657806174346269,1789657806212915210,1789657806174346269.jpg
1789657806207671918,1789657806246548874,1789657806207671918.jpg
1789657806240995835,1789657806281723183,1789657806240995835.jpg
1789657806274324961,1789657806314433000,1789657806274324961.jpg
1789657806307650942,1789657806344723749,1789657806307650942.jpg
1789657806340975742,1789657806378546574,1789657806340975742.jpg
1789657806374306454,1789657806413662774,1789657806374306454.jpg
1789657806407626526,1789657806446895263,1789657806407626526.jpg
1789657806440953363,1789657806481403219,1789657806440953363.jpg
1789657806474280202,1789657806512958158,1789657806474280202.jpg
1789657806507605602,1789657806546831131,1789657806507605602.jpg
1789657806540933463,1789657806580642734,1789657806540933463.jpg
1789657806574255434,1789657806614034941,1789657806574255434.jpg
1789657806607582934,1789657806648145889,1789657806607582934.jpg
1789657806640907492,1789657806678387732,1789657806640907492.jpg
1789657806674233763,1789657806713441711,1789657806674233763.jpg
1789657806707560522,1789657806746673533,1789657806707560522.jpg
1789657806740884858,1789657806778212732,1789657806740884858.jpg
1789657806774211858,1789657806812269959,1789657806774211858.jpg
1789657806807539162,1789657806848824900,1789657806807539162.jpg
1789657806840863754,1789657806882534154,1789657806840863754.jpg
1789657806874189281,1789657806916249668,1789657806874189281.jpg
1789657806907515011,1789657806947053533,1789657806907515011.jpg
1789657806940846009,1789657806990694072,1789657806940846009.jpg
1789657806974166754,1789657807014316546,1789657806974166754.jpg
1789657807007491994,1789657807047222987,1789657807007491994.jpg
1789657807040823447,1789657807082003159,1789657807040823447.jpg
1789657807074143605,1789657807111448244,1789657807074143605.jpg
1789657807107468640,1789657807149686827,1789657807107468640.jpg
1789657807140794734,1789657807181816622,1789657807140794734.jpg
1789657807174122029,1789657807213880696,1789657807174122029.jpg
1789657807207450758,1789657807248516186,1789657807207450758.jpg
1789657807240774067,1789657807280144586,1789657807240774067.jpg
1789657807274098735,1789657807313521478,1789657807274098735.jpg
1789657807307423863,1789657807348233263,1789657807307423863.jpg
1789657807340754925,1789657807381608063,1789657807340754925.jpg
1789657807374079569,1789657807414732610,1789657807374079569.jpg
1789657807407402195,1789657807445830801,1789657807407402195.jpg
1789657807440728569,1789657807480706359,1789657807440728569.jpg
1789657807474053278,1789657807513444175,1789657807474053278.jpg
1789657807507378853,1789657807545270496,1789657807507378853.jpg
1789657807540704680,1789657807581782994,1789657807540704680.jpg
1789657807574032219,1789657807614802395,1789657807574032219.jpg
1789657807607358289,1789657807646417462,1789657807607358289.jpg
1789657807640682768,1789657807679162778,1789657807640682768.jpg
1789657807674009812,1789657807714125278,1789657807674009812.jpg
1789657807707333531,1789657807744984605,1789657807707333531.jpg
1789657807740658364,1789657807779081387,1789657807740658364.jpg
1789657807773987492,1789657807814476265,1789657807773987492.jpg
1789657807807310264,1789657807846541839,1789657807807310264.jpg
1789657807840637840,1789657807878545877,1789657807840637840.jpg
1789657807873965910,1789657807912551661,1789657807873965910.jpg
1789657807907289332,1789657807946428004,1789657807907289332.jpg
1789657807940617039,1789657807981341450,1789657807940617039.jpg
1789657807973939842,1789657808012524565,1789657807973939842.jpg
1789657808007266834,1789657808047291218,1789657808007266834.jpg
1789657808040591435,1789657808081870524,1789657808040591435.jpg
1789657808073919154,1789657808115764163,1789657808073919154.jpg
1789657808107253622,1789657808148188506,1789657808107253622.jpg
1789657808140569566,1789657808179032851,1789657808140569566.jpg
1789657808173895968,1789657808212816548,1789657808173895968.jpg
1789657808207223807,1789657808246306623,1789657808207223807.jpg
1789657808240548100,1789657808280977223,1789657808240548100.jpg
1789657808273872766,1789657808311985435,1789657808273872766.jpg
1789657808307198405,1789657808346079069,1789657808307198405.jpg
1789657808340524379,1789657808381800994,1789657808340524379.jpg
1789657808373851473,1789657808411329447,1789657808373851473.jpg
1789657808407188892,1789657808447375827,1789657808407188892.jpg
1789657808440505580,1789657808479987850,1789657808440505580.jpg
1789657808473827686,1789657808512487562,1789657808473827686.jpg
1789657808507159943,1789657808545746975,1789657808507159943.jpg
1789657808540478901,1789657808580278709,1789657808540478901.jpg
1789657808573805748,1789657808613776450,1789657808573805748.jpg
1789657808607136017,1789657808645782655,1789657808607136017.jpg
1789657808640457639,1789657808679317340,1789657808640457639.jpg
1789657808673782246,1789657808713546711,1789657808673782246.jpg
1789657808707109590,1789657808747211614,1789657808707109590.jpg
1789657808740435554,1789657808781426115,1789657808740435554.jpg
1789657808773759792,1789657808812275090,1789657808773759792.jpg
1789657808807085428,1789657808845877884,1789657808807085428.jpg
1789657808840411781,1789657808879046060,1789657808840411781.jpg
1789657808873736451,1789657808914553565,1789657808873736451.jpg
1789657808907063959,1789657808947353009,1789657808907063959.jpg
1789657808940391051,1789657808979036500,1789657808940391051.jpg
1789657808973715478,1789657809012553593,1789657808973715478.jpg
1789657809007041036,1789657809046850166,1789657809007041036.jpg
1789657809040365803,1789657809080776285,1789657809040365803.jpg
1789657809073692596,1789657809113018354,1789657809073692596.jpg
1789657809107022931,1789657809147417202,1789657809107022931.jpg
1789657809140343220,1789657809180773503,1789657809140343220.jpg
1789657809173669552,1789657809215208905,1789657809173669552.jpg
1789657809206995016,1789657809246649736,1789657809206995016.jpg
1789657809240326472,1789657809280105848,1789657809240326472.jpg
1789657809273649312,1789657809310839345,1789657809273649312.jpg
1789657809306973607,1789657809345306543,1789657809306973607.jpg
1789657809340300515,1789657809381449847,1789657809340300515.jpg
1789657809373626693,1789657809411228608,1789657809373626693.jpg
1789657809406951021,1789657809446405325,1789657809406951021.jpg
1789657809440279372,1789657809480170041,1789657809440279372.jpg
1789657809473601490,1789657809512634698,1789657809473601490.jpg
1789657809506931264,1789657809547086748,1789657809506931264.jpg
1789657809540255454,1789657809580347217,1789657809540255454.jpg
1789657809573579579,1789657809613782775,1789657809573579579.jpg
1789657809606908585,1789657809645386046,1789657809606908585.jpg
1789657809640232832,1789657809681447389,1789657809640232832.jpg
1789657809673558018,1789657809714757986,1789657809673558018.jpg
1789657809706883232,1789657809744171054,1789657809706883232.jpg
1789657809740208990,1789657809781300036,1789657809740208990.jpg
1789657809773535010,1789657809812980527,1789657809773535010.jpg
1789657809806860587,1789657809845803656,1789657809806860587.jpg
1789657809840186967,1789657809878863797,1789657809840186967.jpg
1789657809873513177,1789657809914239954,1789657809873513177.jpg
1789657809906838881,1789657809946546744,1789657809906838881.jpg
1789657809940163066,1789657809978446137,1789657809940163066.jpg
1789657809973489963,1789657810011957507,1789657809973489963.jpg
1789657810006818859,1789657810047621119,1789657810006818859.jpg
1789657810040141373,1789657810079545104,1789657810040141373.jpg
1789657810073466030,1789657810112203200,1789657810073466030.jpg
1789657810106792309,1789657810145771402,1789657810106792309.jpg
1789657810140118382,1789657810181225557,1789657810140118382.jpg
1789657810173444806,1789657810215309376,1789657810173444806.jpg
1789657810206770516,1789657810245651216,1789657810206770516.jpg
1789657810240096649,1789657810278718190,1789657810240096649.jpg
1789657810273421918,1789657810313993756,1789657810273421918.jpg
1789657810306748985,1789657810347229690,1789657810306748985.jpg
1789657810340088525,1789657810378400342,1789657810340088525.jpg
1789657810373401000,1789657810411106159,1789657810373401000.jpg
1789657810406728216,1789657810446534406,1789657810406728216.jpg
1789657810440053296,1789657810480333270,1789657810440053296.jpg
1789657810473385297,1789657810509593452,1789657810473385297.jpg
1789657810506706243,1789657810543051009,1789657810506706243.jpg
1789657810540030638,1789657810579397085,1789657810540030638.jpg
1789657810573355007,1789657810614449324,1789657810573355007.jpg
1789657810606681093,1789657810645210264,1789657810606681093.jpg
1789657810640011277,1789657810679160994,1789657810640011277.jpg
1789657810673335356,1789657810713922110,1789657810673335356.jpg
1789657810706658148,1789657810746444765,1789657810706658148.jpg
1789657810739985229,1789657810779488185,1789657810739985229.jpg
1789657810773310198,1789657810813340658,1789657810773310198.jpg
1789657810806635798,1789657810845828721,1789657810806635798.jpg
1789657810839972286,1789657810879874448,1789657810839972286.jpg
1789657810873287666,1789657810911988484,1789657810873287666.jpg
1789657810906612943,1789657810945571297,1789657810906612943.jpg
1789657810939937388,1789657810978560736,1789657810939937388.jpg
1789657810973270135,1789657811013892338,1789657810973270135.jpg
1789657811006600527,1789657811045667957,1789657811006600527.jpg
1789657811039918080,1789657811077759382,1789657811039918080.jpg
1789657811073242895,1789657811110915465,1789657811073242895.jpg
1789657811106567047,1789657811146038443,1789657811106567047.jpg
1789657811139893772,1789657811178156904,1789657811139893772.jpg
1789657811173225322,1789657811212817819,1789657811173225322.jpg
1789657811206545921,1789657811245316308,1789657811206545921.jpg
1789657811239871642,1789657811281292468,1789657811239871642.jpg
1789657811273196151,1789657811314317758,1789657811273196151.jpg
1789657811306525329,1789657811344867611,1789657811306525329.jpg
1789657811339848913,1789657811379590062,1789657811339848913.jpg
1789657811373173406,1789657811414849592,1789657811373173406.jpg
1789657811406503725,1789657811447318100,1789657811406503725.jpg
1789657811439825738,1789657811477834417,1789657811439825738.jpg
1789657811473151134,1789657811511880959,1789657811473151134.jpg
1789657811506477192,1789657811545459995,1789657811506477192.jpg
1789657811539801698,1789657811579255377,1789657811539801698.jpg
1789657811573130493,1789657811614736234,1789657811573130493.jpg
1789657811606454724,1789657811647212335,1789657811606454724.jpg
1789657811639781468,1789657811681492278,1789657811639781468.jpg
1789657811673106413,1789657811716111398,1789657811673106413.jpg
1789657811706437899,1789657811747783001,1789657811706437899.jpg
1789657811739759230,1789657811777438506,1789657811739759230.jpg
1789657811773084062,1789657811812132124,1789657811773084062.jpg
1789657811806409929,1789657811846126409,1789657811806409929.jpg
1789657811839734976,1789657811877552314,1789657811839734976.jpg
1789657811873066148,1789657811913717598,1789657811873066148.jpg
1789657811906387889,1789657811945268463,1789657811906387889.jpg
1789657811939712885,1789657811980131577,1789657811939712885.jpg
1789657811973050013,1789657812012439293,1789657811973050013.jpg
1789657812006366015,1789657812046215434,1789657812006366015.jpg
1789657812039690956,1789657812080160442,1789657812039690956.jpg
1789657812073016397,1789657812113390412,1789657812073016397.jpg
1789657812106341101,1789657812145158771,1789657812106341101.jpg
1789657812139675590,1789657812179348995,1789657812139675590.jpg
1789657812172993809,1789657812212937493,1789657812172993809.jpg
1789657812206324465,1789657812245878452,1789657812206324465.jpg
1789657812239645411,1789657812277699421,1789657812239645411.jpg
1789657812272971262,1789657812312185378,1789657812272971262.jpg
1789657812306302512,1789657812345363572,1789657812306302512.jpg
1789657812339621952,1789657812377931707,1789657812339621952.jpg
1789657812372949186,1789657812413667947,1789657812372949186.jpg
1789657812406276931,1789657812444722454,1789657812406276931.jpg
1789657812439600393,1789657812478724479,1789657812439600393.jpg
1789657812472927225,1789657812512838908,1789657812472927225.jpg
1789657812506251769,1789657812547086648,1789657812506251769.jpg
1789657812539577796,1789657812579346106,1789657812539577796.jpg
1789657812572907864,1789657812611103244,1789657812572907864.jpg
1789657812606228736,1789657812646296423,1789657812606228736.jpg
1789657812639561883,1789657812677955582,1789657812639561883.jpg
1789657812672880767,1789657812712657033,1789657812672880767.jpg
1789657812706211434,1789657812745525531,1789657812706211434.jpg
1789657812739536880,1789657812778616857,1789657812739536880.jpg
1789657812772858053,1789657812812267020,1789657812772858053.jpg
1789657812806184713,1789657812848416860,1789657812806184713.jpg
1789657812839511883,1789657812878863642,1789657812839511883.jpg
1789657812872840070,1789657812912881611,1789657812872840070.jpg
1789657812906161392,1789657812945006350,1789657812906161392.jpg
1789657812939487021,1789657812979984183,1789657812939487021.jpg
1789657812972816092,1789657813010279728,1789657812972816092.jpg
1789657813006139233,1789657813043881559,1789657813006139233.jpg
1789657813039464858,1789657813079132848,1789657813039464858.jpg
1789657813072790409,1789657813112167694,1789657813072790409.jpg
1789657813106120280,1789657813147071399,1789657813106120280.jpg
1789657813139442446,1789657813178093481,1789657813139442446.jpg
1789657813172767921,1789657813213094277,1789657813172767921.jpg
1789657813206094842,1789657813246759884,1789657813206094842.jpg
1789657813239421434,1789657813277994498,1789657813239421434.jpg
1789657813272746050,1789657813311496720,1789657813272746050.jpg
1789657813306071982,1789657813345474634,1789657813306071982.jpg
1789657813339399394,1789657813378286282,1789657813339399394.jpg
1789657813372725577,1789657813413452758,1789657813372725577.jpg
1789657813406050618,1789657813446243332,1789657813406050618.jpg
1789657813439375758,1789657813477467817,1789657813439375758.jpg
1789657813472700511,1789657813510877616,1789657813472700511.jpg
1789657813506026127,1789657813547873768,1789657813506026127.jpg
1789657813539357867,1789657813580560400,1789657813539357867.jpg
1789657813572678492,1789657813611708071,1789657813572678492.jpg
1789657813606006538,1789657813648539672,1789657813606006538.jpg
1789657813639330225,1789657813679387851,1789657813639330225.jpg
1789657813672655691,1789657813711574107,1789657813672655691.jpg
1789657813705983137,1789657813747087612,1789657813705983137.jpg
1789657813739307517,1789657813779475659,1789657813739307517.jpg
1789657813772634425,1789657813813506942,1789657813772634425.jpg
1789657813805960395,1789657813844245846,1789657813805960395.jpg
1789657813839284621,1789657813877578610,1789657813839284621.jpg
1789657813872611671,1789657813914574837,1789657813872611671.jpg
1789657813905936680,1789657813946365047,1789657813905936680.jpg
1789657813939266204,1789657813980334758,1789657813939266204.jpg
1789657813972588948,1789657814010970387,1789657813972588948.jpg
1789657814005915119,1789657814043578132,1789657814005915119.jpg
1789657814039240745,1789657814080219312,1789657814039240745.jpg
1789657814072566710,1789657814112764225,1789657814072566710.jpg
1789657814105893463,1789657814143586146,1789657814105893463.jpg
1789657814139217555,1789657814178862323,1789657814139217555.jpg
1789657814172542744,1789657814213625606,1789657814172542744.jpg
1789657814205869489,1789657814245867491,1789657814205869489.jpg
1789657814239195131,1789657814278987927,1789657814239195131.jpg
1789657814272554509,1789657814311159831,1789657814272554509.jpg
1789657814305846382,1789657814345585901,1789657814305846382.jpg
1789657814339172747,1789657814380511198,1789657814339172747.jpg
1789657814372500717,1789657814412998576,1789657814372500717.jpg
1789657814405823504,1789657814444757195,1789657814405823504.jpg
1789657814439149739,1789657814476776159,1789657814439149739.jpg
1789657814472475329,1789657814512627562,1789657814472475329.jpg
1789657814505800681,1789657814546278670,1789657814505800681.jpg
1789657814539127688,1789657814577265105,1789657814539127688.jpg
1789657814572453260,1789657814610896824,1789657814572453260.jpg
1789657814605778976,1789657814647624002,1789657814605778976.jpg
1789657814639104624,1789657814686231372,1789657814639104624.jpg
1789657814672430493,1789657814709987991,1789657814672430493.jpg
1789657814705756537,1789657814743940535,1789657814705756537.jpg
1789657814739081538,1789657814779404837,1789657814739081538.jpg
1789657814772409033,1789657814811577909,1789657814772409033.jpg
1789657814805733014,1789657814845823409,1789657814805733014.jpg
1789657814839061009,1789657814878594853,1789657814839061009.jpg
1789657814872386967,1789657814912409846,1789657814872386967.jpg
1789657814905711712,1789657814946156229,1789657814905711712.jpg
1789657814939037819,1789657814978809121,1789657814939037819.jpg
1789657814972362075,1789657815012966364,1789657814972362075.jpg
1789657815005690173,1789657815046972722,1789657815005690173.jpg
1789657815039020810,1789657815079395324,1789657815039020810.jpg
1789657815072342234,1789657815111780112,1789657815072342234.jpg
1789657815105668092,1789657815144782255,1789657815105668092.jpg
1789657815138992144,1789657815179421874,1789657815138992144.jpg
1789657815172322401,1789657815212623901,1789657815172322401.jpg
1789657815205643027,1789657815244548663,1789657815205643027.jpg
1789657815238970207,1789657815277160686,1789657815238970207.jpg
1789657815272295584,1789657815313943548,1789657815272295584.jpg
1789657815305619488,1789657815349171763,1789657815305619488.jpg
1789657815338949079,1789657815380860162,1789657815338949079.jpg
1789657815372276237,1789657815412099294,1789657815372276237.jpg
1789657815405598987,1789657815444326956,1789657815405598987.jpg
1789657815438925932,1789657815479999698,1789657815438925932.jpg
1789657815472252931,1789657815513271019,1789657815472252931.jpg
1789657815505577625,1789657815545033526,1789657815505577625.jpg
1789657815538900738,1789657815578104426,1789657815538900738.jpg
1789657815572227604,1789657815613944330,1789657815572227604.jpg
1789657815605561606,1789657815647563013,1789657815605561606.jpg
1789657815638878957,1789657815678293787,1789657815638878957.jpg
1789657815672209523,1789657815710988419,1789657815672209523.jpg
1789657815705532516,1789657815744169928,1789657815705532516.jpg
1789657815738857690,1789657815779011413,1789657815738857690.jpg
1789657815772185388,1789657815814668358,1789657815772185388.jpg
1789657815805507749,1789657815843916578,1789657815805507749.jpg
1789657815838833062,1789657815879196681,1789657815838833062.jpg
1789657815872159997,1789657815912534482,1789657815872159997.jpg
1789657815905486095,1789657815946871517,1789657815905486095.jpg
1789657815938811939,1789657815979904455,1789657815938811939.jpg
1789657815972137897,1789657816014487854,1789657815972137897.jpg
1789657816005465717,1789657816047802340,1789657816005465717.jpg
1789657816038787666,1789657816078283658,1789657816038787666.jpg
1789657816072115708,1789657816111966746,1789657816072115708.jpg
1789657816105451632,1789657816147342255,1789657816105451632.jpg
1789657816138767429,1789657816179080800,1789657816138767429.jpg
1789657816172091668,1789657816213578034,1789657816172091668.jpg
1789657816205417751,1789657816243064674,1789657816205417751.jpg
1789657816238744905,1789657816277992712,1789657816238744905.jpg
1789657816272069985,1789657816313929206,1789657816272069985.jpg
1789657816305395562,1789657816344174196,1789657816305395562.jpg
1789657816338721553,1789657816378046335,1789657816338721553.jpg
1789657816372047214,1789657816411728739,1789657816372047214.jpg
1789657816405372913,1789657816448026483,1789657816405372913.jpg
1789657816438700877,1789657816479330706,1789657816438700877.jpg
1789657816472026465,1789657816511398853,1789657816472026465.jpg
1789657816505351477,1789657816544506882,1789657816505351477.jpg
1789657816538675926,1789657816577326956,1789657816538675926.jpg
1789657816572004737,1789657816611802450,1789657816572004737.jpg
1789657816605331264,1789657816643510033,1789657816605331264.jpg
1789657816638654365,1789657816676880351,1789657816638654365.jpg
1789657816671980936,1789657816712063161,1789657816671980936.jpg
1789657816705304539,1789657816745896616,1789657816705304539.jpg
1789657816738630965,1789657816777734788,1789657816738630965.jpg
1789657816771958038,1789657816812690529,1789657816771958038.jpg
1789657816805281823,1789657816844128489,1789657816805281823.jpg
1789657816838608822,1789657816879991633,1789657816838608822.jpg
1789657816871935759,1789657816913133828,1789657816871935759.jpg
1789657816905262012,1789657816944016117,1789657816905262012.jpg
1789657816938586988,1789657816977858887,1789657816938586988.jpg
1789657816971911342,1789657817014475437,1789657816971911342.jpg
1789657817005240162,1789657817046847133,1789657817005240162.jpg
1789657817038562328,1789657817077031681,1789657817038562328.jpg
1789657817071892874,1789657817110280706,1789657817071892874.jpg
1789657817105216572,1789657817144497503,1789657817105216572.jpg
1789657817138541674,1789657817177958727,1789657817138541674.jpg
1789657817171866497,1789657817211080663,1789657817171866497.jpg
1789657817205193551,1789657817244520998,1789657817205193551.jpg
1789657817238520032,1789657817280597859,1789657817238520032.jpg
1789657817271847098,1789657817311598015,1789657817271847098.jpg
1789657817305169373,1789657817346418963,1789657817305169373.jpg
1789657817338498669,1789657817377469600,1789657817338498669.jpg
1789657817371821550,1789657817411750396,1789657817371821550.jpg
1789657817405148061,1789657817445717125,1789657817405148061.jpg
1789657817438476073,1789657817476643246,1789657817438476073.jpg
1789657817471799840,1789657817510791434,1789657817471799840.jpg
1789657817505125240,1789657817546239848,1789657817505125240.jpg
1789657817538452468,1789657817579298526,1789657817538452468.jpg
1789657817571777351,1789657817612906338,1789657817571777351.jpg
1789657817605102917,1789657817644416130,1789657817605102917.jpg
1789657817638427712,1789657817678345286,1789657817638427712.jpg
1789657817671758048,1789657817715602117,1789657817671758048.jpg
1789657817705081346,1789657817746560923,1789657817705081346.jpg
1789657817738406976,1789657817777064018,1789657817738406976.jpg
1789657817771732513,1789657817810875362,1789657817771732513.jpg
1789657817805056951,1789657817845630572,1789657817805056951.jpg
1789657817838384582,1789657817880229137,1789657817838384582.jpg
1789657817871709522,1789657817912240267,1789657817871709522.jpg
1789657817905034776,1789657817944907808,1789657817905034776.jpg
1789657817938360044,1789657817977944097,1789657817938360044.jpg
1789657817971687555,1789657818014815216,1789657817971687555.jpg
1789657818005015880,1789657818048179997,1789657818005015880.jpg
1789657818038338322,1789657818077772375,1789657818038338322.jpg
1789657818071666311,1789657818110263586,1789657818071666311.jpg
1789657818104989679,1789657818144023061,1789657818104989679.jpg
1789657818138315931,1789657818178118750,1789657818138315931.jpg
1789657818171643598,1789657818211073654,1789657818171643598.jpg
1789657818204967508,1789657818244427972,1789657818204967508.jpg
1789657818238293824,1789657818278366999,1789657818238293824.jpg
1789657818271617280,1789657818310923375,1789657818271617280.jpg
1789657818304947224,1789657818347444817,1789657818304947224.jpg
1789657818338271000,1789657818377027806,1789657818338271000.jpg
1789657818371596190,1789657818410493733,1789657818371596190.jpg
1789657818404922230,1789657818444343299,1789657818404922230.jpg
1789657818438249335,1789657818477439939,1789657818438249335.jpg
1789657818471575129,1789657818510607263,1789657818471575129.jpg
1789657818504900253,1789657818542468694,1789657818504900253.jpg
1789657818538224626,1789657818577679854,1789657818538224626.jpg
1789657818571552380,1789657818610473873,1789657818571552380.jpg
1789657818604877228,1789657818645908676,1789657818604877228.jpg
1789657818638203163,1789657818677834160,1789657818638203163.jpg
1789657818671528535,1789657818710717639,1789657818671528535.jpg
1789657818704854980,1789657818744424598,1789657818704854980.jpg
1789657818738180849,1789657818778639524,1789657818738180849.jpg
1789657818771505618,1789657818809413168,1789657818771505618.jpg
1789657818804833087,1789657818844597366,1789657818804833087.jpg
1789657818838160696,1789657818880144074,1789657818838160696.jpg
1789657818871483798,1789657818911217969,1789657818871483798.jpg
1789657818904811925,1789657818942551580,1789657818904811925.jpg
1789657818938137720,1789657818975640017,1789657818938137720.jpg
1789657818971460498,1789657819015001443,1789657818971460498.jpg
1789657819004788482,1789657819043548236,1789657819004788482.jpg
1789657819038113960,1789657819078242891,1789657819038113960.jpg
1789657819071441322,1789657819113545253,1789657819071441322.jpg
1789657819104763602,1789657819145156968,1789657819104763602.jpg
1789657819138089969,1789657819177810508,1789657819138089969.jpg
1789657819171419013,1789657819211102384,1789657819171419013.jpg
1789657819204742143,1789657819244176895,1789657819204742143.jpg
1789657819238068287,1789657819279635605,1789657819238068287.jpg
1789657819271392845,1789657819310070776,1789657819271392845.jpg
1789657819304719773,1789657819345200494,1789657819304719773.jpg
1789657819338046249,1789657819378778771,1789657819338046249.jpg
1789657819371372238,1789657819411398701,1789657819371372238.jpg
1789657819404697105,1789657819445600591,1789657819404697105.jpg
1789657819438023314,1789657819477451818,1789657819438023314.jpg
1789657819471348659,1789657819513244575,1789657819471348659.jpg
1789657819504673499,1789657819542481295,1789657819504673499.jpg
1789657819538010829,1789657819578860815,1789657819538010829.jpg
1789657819571330838,1789657819610134113,1789657819571330838.jpg
1789657819604653874,1789657819644062861,1789657819604653874.jpg
1789657819637978754,1789657819678870884,1789657819637978754.jpg
1789657819671302186,1789657819711690624,1789657819671302186.jpg
1789657819704632006,1789657819747818095,1789657819704632006.jpg
1789657819737955842,1789657819779301961,1789657819737955842.jpg
1789657819771282002,1789657819811273500,1789657819771282002.jpg
1789657819804608380,1789657819845880528,1789657819804608380.jpg
1789657819837932219,1789657819877920399,1789657819837932219.jpg
1789657819871259048,1789657819911755354,1789657819871259048.jpg
1789657819904584784,1789657819945137876,1789657819904584784.jpg
1789657819937911721,1789657819977157858,1789657819937911721.jpg
1789657819971239284,1789657820010207555,1789657819971239284.jpg
1789657820004561689,1789657820047212892,1789657820004561689.jpg
1789657820037887866,1789657820078929382,1789657820037887866.jpg
1789657820071214208,1789657820111870156,1789657820071214208.jpg
1789657820104538713,1789657820146831175,1789657820104538713.jpg
1789657820137865648,1789657820177919274,1789657820137865648.jpg
1789657820171191330,1789657820213460056,1789657820171191330.jpg
1789657820204517129,1789657820244362363,1789657820204517129.jpg
1789657820237850056,1789657820278177170,1789657820237850056.jpg
1789657820271168950,1789657820311419992,1789657820271168950.jpg
1789657820304495342,1789657820344801495,1789657820304495342.jpg
1789657820337821256,1789657820376289121,1789657820337821256.jpg
1789657820371148758,1789657820410510325,1789657820371148758.jpg
1789657820404471441,1789657820445027448,1789657820404471441.jpg
1789657820437799012,1789657820478876513,1789657820437799012.jpg
1789657820471123923,1789657820515739613,1789657820471123923.jpg
1789657820504448410,1789657820543948045,1789657820504448410.jpg
1789657820537775002,1789657820579409014,1789657820537775002.jpg
1789657820571100431,1789657820611184650,1789657820571100431.jpg
1789657820604427594,1789657820642722960,1789657820604427594.jpg
1789657820637754028,1789657820676688856,1789657820637754028.jpg
1789657820671078332,1789657820710580532,1789657820671078332.jpg
1789657820704403695,1789657820744557094,1789657820704403695.jpg
1789657820737731960,1789657820777479498,1789657820737731960.jpg
1789657820771055869,1789657820811481856,1789657820771055869.jpg
1789657820804382048,1789657820845563953,1789657820804382048.jpg
1789657820837707906,1789657820878000091,1789657820837707906.jpg
1789657820871034949,1789657820910947606,1789657820871034949.jpg
1789657820904364033,1789657820943686422,1789657820904364033.jpg
1789657820937688471,1789657820976078895,1789657820937688471.jpg
1789657820971011071,1789657821011625250,1789657820971011071.jpg
1789657821004337174,1789657821045650182,1789657821004337174.jpg
1789657821037663184,1789657821076298014,1789657821037663184.jpg
1789657821070988423,1789657821111558099,1789657821070988423.jpg
1789657821104313690,1789657821145129950,1789657821104313690.jpg
1789657821137639170,1789657821176394562,1789657821137639170.jpg
1789657821170965598,1789657821210124761,1789657821170965598.jpg
1789657821204297026,1789657821244307003,1789657821204297026.jpg
1789657821237616569,1789657821278375674,1789657821237616569.jpg
1789657821270942756,1789657821311517239,1789657821270942756.jpg
1789657821304271063,1789657821344006080,1789657821304271063.jpg
1789657821337595164,1789657821378307893,1789657821337595164.jpg
1789657821370921661,1789657821410169324,1789657821370921661.jpg
1789657821404246555,1789657821442960306,1789657821404246555.jpg
1789657821437572310,1789657821477531538,1789657821437572310.jpg
1789657821470898932,1789657821509417079,1789657821470898932.jpg
1789657821504227134,1789657821543936758,1789657821504227134.jpg
1789657821537550435,1789657821577873284,1789657821537550435.jpg
1789657821570875749,1789657821612199578,1789657821570875749.jpg
1789657821604204012,1789657821643772961,1789657821604204012.jpg
1789657821637527533,1789657821677297516,1789657821637527533.jpg
1789657821670852744,1789657821712437549,1789657821670852744.jpg
1789657821704207117,1789657821743109084,1789657821704207117.jpg
1789657821737503784,1789657821777657076,1789657821737503784.jpg
1789657821770834283,1789657821810956767,1789657821770834283.jpg
1789657821804155033,1789657821844127480,1789657821804155033.jpg
1789657821837484125,1789657821877992119,1789657821837484125.jpg
1789657821870808556,1789657821912132862,1789657821870808556.jpg
1789657821904134698,1789657821943690930,1789657821904134698.jpg
1789657821937464437,1789657821979033810,1789657821937464437.jpg
1789657821970785503,1789657822009884322,1789657821970785503.jpg
1789657822004112454,1789657822045165388,1789657822004112454.jpg
1789657822037440932,1789657822078254603,1789657822037440932.jpg
1789657822070762313,1789657822110404341,1789657822070762313.jpg
1789657822104090362,1789657822145778701,1789657822104090362.jpg
1789657822137413570,1789657822180858402,1789657822137413570.jpg
1789657822170740215,1789657822210153621,1789657822170740215.jpg
1789657822204066998,1789657822244287438,1789657822204066998.jpg
1789657822237393152,1789657822280674828,1789657822237393152.jpg
1789657822270720188,1789657822310664233,1789657822270720188.jpg
1789657822304043416,1789657822344397875,1789657822304043416.jpg
1789657822337374087,1789657822377908486,1789657822337374087.jpg
1789657822370698112,1789657822411235621,1789657822370698112.jpg
1789657822404020714,1789657822444343872,1789657822404020714.jpg
1789657822437349858,1789657822477882631,1789657822437349858.jpg
1789657822470682607,1789657822509565992,1789657822470682607.jpg
1789657822503999826,1789657822545111329,1789657822503999826.jpg
1789657822537329016,1789657822579159075,1789657822537329016.jpg
1789657822570649592,1789657822611418274,1789657822570649592.jpg
1789657822603978307,1789657822644269050,1789657822603978307.jpg
1789657822637300448,1789657822678497087,1789657822637300448.jpg
1789657822670630782,1789657822710654603,1789657822670630782.jpg
1789657822703955357,1789657822743433270,1789657822703955357.jpg
1789657822737280273,1789657822777352926,1789657822737280273.jpg
1789657822770606648,1789657822815431070,1789657822770606648.jpg
1789657822803932637,1789657822844985948,1789657822803932637.jpg
1789657822837258938,1789657822879117081,1789657822837258938.jpg
1789657822870581856,1789657822910832293,1789657822870581856.jpg
1789657822903908526,1789657822942879719,1789657822903908526.jpg
1789657822937235475,1789657822977504006,1789657822937235475.jpg
1789657822970560659,1789657823010453483,1789657822970560659.jpg
1789657823003893070,1789657823047695944,1789657823003893070.jpg
1789657823037209490,1789657823074295249,1789657823037209490.jpg
1789657823070540497,1789657823107749992,1789657823070540497.jpg
1789657823103863960,1789657823143105926,1789657823103863960.jpg
1789657823137190464,1789657823176341230,1789657823137190464.jpg
1789657823170515389,1789657823211454874,1789657823170515389.jpg
1789657823203840062,1789657823243439765,1789657823203840062.jpg
1789657823237166440,1789657823277104780,1789657823237166440.jpg
1789657823270493069,1789657823310415933,1789657823270493069.jpg
1789657823303818772,1789657823342816332,1789657823303818772.jpg
1789657823337146801,1789657823378299060,1789657823337146801.jpg
1789657823370469575,1789657823410641515,1789657823370469575.jpg
1789657823403797451,1789657823445317264,1789657823403797451.jpg
1789657823437122029,1789657823476178905,1789657823437122029.jpg
1789657823470447075,1789657823510079451,1789657823470447075.jpg
1789657823503773342,1789657823544929917,1789657823503773342.jpg
1789657823537099892,1789657823578325975,1789657823537099892.jpg
1789657823570428127,1789657823609767287,1789657823570428127.jpg
1789657823603754266,1789657823643261695,1789657823603754266.jpg
1789657823637079839,1789657823676500795,1789657823637079839.jpg
1789657823670403194,1789657823710519375,1789657823670403194.jpg
1789657823703728012,1789657823743589182,1789657823703728012.jpg
1789657823737055823,1789657823777122515,1789657823737055823.jpg
1789657823770392381,1789657823811046894,1789657823770392381.jpg
1789657823803706809,1789657823845239765,1789657823803706809.jpg
1789657823837034321,1789657823876991514,1789657823837034321.jpg
1789657823870357932,1789657823909275841,1789657823870357932.jpg
1789657823903682596,1789657823944748218,1789657823903682596.jpg
1789657823937017648,1789657823977118210,1789657823937017648.jpg
1789657823970334753,1789657824011385468,1789657823970334753.jpg
1789657824003660606,1789657824041263727,1789657824003660606.jpg
1789657824036986605,1789657824076564756,1789657824036986605.jpg
1789657824070316858,1789657824111949597,1789657824070316858.jpg
1789657824103636964,1789657824143345096,1789657824103636964.jpg
1789657824136967198,1789657824176183705,1789657824136967198.jpg
1789657824170291856,1789657824209724946,1789657824170291856.jpg
1789657824203624643,1789657824243037321,1789657824203624643.jpg
1789657824236940886,1789657824277809011,1789657824236940886.jpg
1789657824270265803,1789657824310508625,1789657824270265803.jpg
1789657824303593444,1789657824346401675,1789657824303593444.jpg
1789657824336919144,1789657824377402480,1789657824336919144.jpg
1789657824370244276,1789657824410662468,1789657824370244276.jpg
1789657824403574084,1789657824446143288,1789657824403574084.jpg
1789657824436896304,1789657824475144384,1789657824436896304.jpg
1789657824470222975,1789657824513133808,1789657824470222975.jpg
1789657824503555354,1789657824545047460,1789657824503555354.jpg
1789657824536873061,1789657824576921427,1789657824536873061.jpg
1789657824570198672,1789657824613892210,1789657824570198672.jpg
1789657824603525015,1789657824644423823,1789657824603525015.jpg
1789657824636850800,1789657824679457488,1789657824636850800.jpg
1789657824670178988,1789657824710208984,1789657824670178988.jpg
1789657824703502913,1789657824745115374,1789657824703502913.jpg
1789657824736829585,1789657824779070437,1789657824736829585.jpg
1789657824770154943,1789657824809622346,1789657824770154943.jpg
1789657824803480567,1789657824843294712,1789657824803480567.jpg
1789657824836815311,1789657824877180981,1789657824836815311.jpg
1789657824870131719,1789657824908865472,1789657824870131719.jpg
1789657824903458560,1789657824946132395,1789657824903458560.jpg
1789657824936782760,1789657824976813022,1789657824936782760.jpg
1789657824970110654,1789657825011075744,1789657824970110654.jpg
1789657825003438518,1789657825042681181,1789657825003438518.jpg
1789657825036762275,1789657825076389917,1789657825036762275.jpg
1789657825070087542,1789657825111361751,1789657825070087542.jpg
1789657825103413645,1789657825143462620,1789657825103413645.jpg
1789657825136740889,1789657825177551142,1789657825136740889.jpg
1789657825170065832,1789657825210545970,1789657825170065832.jpg
1789657825203389745,1789657825242309107,1789657825203389745.jpg
1789657825236716683,1789657825277283774,1789657825236716683.jpg
1789657825270042352,1789657825310517615,1789657825270042352.jpg
1789657825303367306,1789657825346054508,1789657825303367306.jpg
1789657825336693028,1789657825377130736,1789657825336693028.jpg
1789657825370019430,1789657825410992450,1789657825370019430.jpg
1789657825403345272,1789657825442112770,1789657825403345272.jpg
1789657825436669524,1789657825474898807,1789657825436669524.jpg
1789657825469996867,1789657825511792684,1789657825469996867.jpg
1789657825503321757,1789657825543637060,1789657825503321757.jpg
1789657825536651764,1789657825576032199,1789657825536651764.jpg
1789657825569975016,1789657825608903882,1789657825569975016.jpg
1789657825603300004,1789657825643772977,1789657825603300004.jpg
1789657825636625947,1789657825679912263,1789657825636625947.jpg
1789657825669951128,1789657825710441838,1789657825669951128.jpg
1789657825703277318,1789657825742037776,1789657825703277318.jpg
1789657825736604039,1789657825776217426,1789657825736604039.jpg
1789657825769939419,1789657825812895123,1789657825769939419.jpg
1789657825803257254,1789657825843578917,1789657825803257254.jpg
1789657825836582075,1789657825876172922,1789657825836582075.jpg
1789657825869919279,1789657825907463497,1789657825869919279.jpg
1789657825903242548,1789657825944444187,1789657825903242548.jpg
1789657825936558895,1789657825976307507,1789657825936558895.jpg
1789657825969883467,1789657826009825136,1789657825969883467.jpg
1789657826003209663,1789657826043247953,1789657826003209663.jpg
1789657826036539220,1789657826076837155,1789657826036539220.jpg
1789657826069862311,1789657826110580261,1789657826069862311.jpg
1789657826103187724,1789657826144515731,1789657826103187724.jpg
1789657826136513527,1789657826178902950,1789657826136513527.jpg
1789657826169839177,1789657826209759703,1789657826169839177.jpg
1789657826203164383,1789657826243566862,1789657826203164383.jpg
1789657826236492183,1789657826275458625,1789657826236492183.jpg
1789657826269817478,1789657826311761851,1789657826269817478.jpg
1789657826303143013,1789657826344808751,1789657826303143013.jpg
1789657826336468546,1789657826376771365,1789657826336468546.jpg
1789657826369795043,1789657826410469194,1789657826369795043.jpg
1789657826403119411,1789657826444567957,1789657826403119411.jpg
1789657826436522719,1789657826477067816,1789657826436522719.jpg
1789657826469773620,1789657826510394635,1789657826469773620.jpg
1789657826503096813,1789657826545264101,1789657826503096813.jpg
1789657826536425731,1789657826576612656,1789657826536425731.jpg
1789657826569748572,1789657826611340958,1789657826569748572.jpg
1789657826603076668,1789657826643142391,1789657826603076668.jpg
1789657826636426613,1789657826674743680,1789657826636426613.jpg
1789657826669726258,1789657826710739765,1789657826669726258.jpg
1789657826703053224,1789657826743515914,1789657826703053224.jpg
1789657826736377771,1789657826774613234,1789657826736377771.jpg
1789657826769704358,1789657826808686202,1789657826769704358.jpg
1789657826803030166,1789657826844161874,1789657826803030166.jpg
1789657826836354480,1789657826876084192,1789657826836354480.jpg
1789657826869682011,1789657826912347641,1789657826869682011.jpg
1789657826903006412,1789657826942179309,1789657826903006412.jpg
1789657826936335104,1789657826976000634,1789657826936335104.jpg
1789657826969660288,1789657827010113193,1789657826969660288.jpg
1789657827002984399,1789657827041906274,1789657827002984399.jpg
1789657827036310676,1789657827074958915,1789657827036310676.jpg
1789657827069635881,1789657827107394535,1789657827069635881.jpg
1789657827102962052,1789657827143352862,1789657827102962052.jpg
1789657827136289056,1789657827175241570,1789657827136289056.jpg
1789657827169613589,1789657827211032179,1789657827169613589.jpg
1789657827202941988,1789657827240558725,1789657827202941988.jpg
1789657827236265051,1789657827273364798,1789657827236265051.jpg
1789657827269590580,1789657827309641950,1789657827269590580.jpg
1789657827302919248,1789657827341823225,1789657827302919248.jpg
1789657827336243054,1789657827375732030,1789657827336243054.jpg
1789657827369569018,1789657827410337243,1789657827369569018.jpg
1789657827402892834,1789657827443421105,1789657827402892834.jpg
1789657827436222582,1789657827477683938,1789657827436222582.jpg
1789657827469550143,1789657827509519833,1789657827469550143.jpg
1789657827502873504,1789657827543483840,1789657827502873504.jpg
1789657827536200145,1789657827578494283,1789657827536200145.jpg
1789657827569523940,1789657827611193452,1789657827569523940.jpg
1789657827602849390,1789657827642489046,1789657827602849390.jpg
1789657827636175169,1789657827675413579,1789657827636175169.jpg
1789657827669501101,1789657827710346673,1789657827669501101.jpg
1789657827702829076,1789657827742932141,1789657827702829076.jpg
1789657827736152627,1789657827776363550,1789657827736152627.jpg
1789657827769481075,1789657827810207634,1789657827769481075.jpg
1789657827802803233,1789657827843450530,1789657827802803233.jpg
1789657827836137670,1789657827874459112,1789657827836137670.jpg
1789657827869458482,1789657827910708728,1789657827869458482.jpg
1789657827902781235,1789657827944697216,1789657827902781235.jpg
1789657827936110625,1789657827975743538,1789657827936110625.jpg
1789657827969432038,1789657828008737329,1789657827969432038.jpg
1789657828002758399,1789657828042389011,1789657828002758399.jpg
1789657828036085136,1789657828077833425,1789657828036085136.jpg
1789657828069409721,1789657828107385785,1789657828069409721.jpg
1789657828102738917,1789657828142324359,1789657828102738917.jpg
1789657828136061903,1789657828177485466,1789657828136061903.jpg
1789657828169388769,1789657828210843359,1789657828169388769.jpg
1789657828202714978,1789657828243424882,1789657828202714978.jpg
1789657828236039766,1789657828275465623,1789657828236039766.jpg
1789657828269367479,1789657828309670161,1789657828269367479.jpg
1789657828302692648,1789657828345757781,1789657828302692648.jpg
1789657828336017453,1789657828377203482,1789657828336017453.jpg
1789657828369346113,1789657828411027067,1789657828369346113.jpg
1789657828402688688,1789657828443141084,1789657828402688688.jpg
1789657828435995850,1789657828478339837,1789657828435995850.jpg
1789657828469319132,1789657828510162714,1789657828469319132.jpg
1789657828502646245,1789657828540635013,1789657828502646245.jpg
1789657828535982048,1789657828576086260,1789657828535982048.jpg
1789657828569298095,1789657828609474893,1789657828569298095.jpg
1789657828602628491,1789657828641431544,1789657828602628491.jpg
1789657828635949012,1789657828675888075,1789657828635949012.jpg
1789657828669275710,1789657828709595459,1789657828669275710.jpg
1789657828702602981,1789657828742607102,1789657828702602981.jpg
1789657828735928757,1789657828776287079,1789657828735928757.jpg
1789657828769252830,1789657828809067283,1789657828769252830.jpg
1789657828802579777,1789657828841973983,1789657828802579777.jpg
1789657828835906135,1789657828875861585,1789657828835906135.jpg
1789657828869229995,1789657828911039691,1789657828869229995.jpg
1789657828902558142,1789657828942595093,1789657828902558142.jpg
1789657828935883149,1789657828977102956,1789657828935883149.jpg
1789657828969207806,1789657829009600019,1789657828969207806.jpg
1789657829002533286,1789657829043465047,1789657829002533286.jpg
1789657829035859028,1789657829075738782,1789657829035859028.jpg
1789657829069186443,1789657829109883303,1789657829069186443.jpg
1789657829102512630,1789657829144833822,1789657829102512630.jpg
1789657829135836382,1789657829177120131,1789657829135836382.jpg
1789657829169162947,1789657829208201786,1789657829169162947.jpg
1789657829202490183,1789657829242700872,1789657829202490183.jpg
1789657829235817130,1789657829275774865,1789657829235817130.jpg
1789657829269140960,1789657829308659307,1789657829269140960.jpg
1789657829302465731,1789657829342100105,1789657829302465731.jpg
1789657829335791350,1789657829377235064,1789657829335791350.jpg
1789657829369117376,1789657829409423745,1789657829369117376.jpg
1789657829402443211,1789657829444471466,1789657829402443211.jpg
1789657829435771086,1789657829476909882,1789657829435771086.jpg
1789657829469095443,1789657829508875662,1789657829469095443.jpg
1789657829502422585,1789657829542237351,1789657829502422585.jpg
1789657829535746757,1789657829575221068,1789657829535746757.jpg
1789657829569075017,1789657829609368071,1789657829569075017.jpg
1789657829602399017,1789657829641708582,1789657829602399017.jpg
1789657829635724268,1789657829674660818,1789657829635724268.jpg
1789657829669052133,1789657829709904200,1789657829669052133.jpg
1789657829702375389,1789657829743319184,1789657829702375389.jpg
1789657829735703157,1789657829776853221,1789657829735703157.jpg
1789657829769027551,1789657829809360117,1789657829769027551.jpg
1789657829802354623,1789657829842527459,1789657829802354623.jpg
1789657829835679552,1789657829875027300,1789657829835679552.jpg
1789657829869005995,1789657829909851785,1789657829869005995.jpg
1789657829902332056,1789657829941602885,1789657829902332056.jpg
1789657829935657963,1789657829974552177,1789657829935657963.jpg
1789657829968982738,1789657830011186987,1789657829968982738.jpg
1789657830002309685,1789657830044733505,1789657830002309685.jpg
1789657830035633259,1789657830078487332,1789657830035633259.jpg
1789657830068961385,1789657830109007297,1789657830068961385.jpg
1789657830102284795,1789657830142975285,1789657830102284795.jpg
1789657830135612728,1789657830175977947,1789657830135612728.jpg
1789657830168939516,1789657830208895684,1789657830168939516.jpg
1789657830202263533,1789657830243622523,1789657830202263533.jpg
1789657830235592449,1789657830276872697,1789657830235592449.jpg
1789657830268916745,1789657830308701091,1789657830268916745.jpg
1789657830302240710,1789657830342211684,1789657830302240710.jpg
1789657830335568647,1789657830377473695,1789657830335568647.jpg
1789657830368892941,1789657830409780726,1789657830368892941.jpg
1789657830402218758,1789657830442537116,1789657830402218758.jpg
1789657830435544928,1789657830476557992,1789657830435544928.jpg
1789657830468870571,1789657830511199259,1789657830468870571.jpg
1789657830502199971,1789657830542543407,1789657830502199971.jpg
1789657830535522209,1789657830576280031,1789657830535522209.jpg
1789657830568849444,1789657830609977637,1789657830568849444.jpg
1789657830602172806,1789657830640651228,1789657830602172806.jpg
1789657830635500678,1789657830676601388,1789657830635500678.jpg
1789657830668826119,1789657830710305624,1789657830668826119.jpg
1789657830702151975,1789657830740645261,1789657830702151975.jpg
1789657830735477689,1789657830777267459,1789657830735477689.jpg
1789657830768801355,1789657830807809220,1789657830768801355.jpg
1789657830802128716,1789657830844339032,1789657830802128716.jpg
1789657830835455154,1789657830875604812,1789657830835455154.jpg
1789657830868781421,1789657830909151755,1789657830868781421.jpg
1789657830902106697,1789657830942908342,1789657830902106697.jpg
1789657830935432912,1789657830976480451,1789657830935432912.jpg
1789657830968759385,1789657831008576024,1789657830968759385.jpg
1789657831002084221,1789657831044678885,1789657831002084221.jpg
1789657831035406809,1789657831074705473,1789657831035406809.jpg
1789657831068737797,1789657831110820740,1789657831068737797.jpg
1789657831102061233,1789657831144189929,1789657831102061233.jpg
1789657831135389966,1789657831176038731,1789657831135389966.jpg
1789657831168722146,1789657831208701586,1789657831168722146.jpg
1789657831202038446,1789657831243336298,1789657831202038446.jpg
1789657831235363882,1789657831276744764,1789657831235363882.jpg
1789657831268689698,1789657831308434662,1789657831268689698.jpg
1789657831302016422,1789657831343228092,1789657831302016422.jpg
1789657831335343741,1789657831374799142,1789657831335343741.jpg
1789657831368668775,1789657831406738404,1789657831368668775.jpg
1789657831401995591,1789657831440039743,1789657831401995591.jpg
1789657831435317364,1789657831473168030,1789657831435317364.jpg
1789657831468644688,1789657831507373105,1789657831468644688.jpg
1789657831501971638,1789657831541367871,1789657831501971638.jpg
1789657831535296036,1789657831574253535,1789657831535296036.jpg
1789657831568625342,1789657831609155796,1789657831568625342.jpg
1789657831601948733,1789657831643553699,1789657831601948733.jpg
1789657831635276151,1789657831675048103,1789657831635276151.jpg
1789657831668598741,1789657831709371971,1789657831668598741.jpg
1789657831701925463,1789657831744378340,1789657831701925463.jpg
1789657831735255247,1789657831776015796,1789657831735255247.jpg
1789657831768578351,1789657831808311141,1789657831768578351.jpg
1789657831801902472,1789657831840649819,1789657831801902472.jpg
1789657831835229534,1789657831875169035,1789657831835229534.jpg
1789657831868555251,1789657831908946120,1789657831868555251.jpg
1789657831901881447,1789657831942133092,1789657831901881447.jpg
1789657831935205573,1789657831974165759,1789657831935205573.jpg
1789657831968534070,1789657832007245603,1789657831968534070.jpg
1789657832001860030,1789657832053198917,1789657832001860030.jpg
1789657832035183743,1789657832073717192,1789657832035183743.jpg
1789657832068511573,1789657832107292134,1789657832068511573.jpg
1789657832101835751,1789657832142067547,1789657832101835751.jpg
1789657832135160707,1789657832174704717,1789657832135160707.jpg
1789657832168487431,1789657832209853342,1789657832168487431.jpg
1789657832201814250,1789657832242760562,1789657832201814250.jpg
1789657832235139017,1789657832275113517,1789657832235139017.jpg
1789657832268464525,1789657832308247730,1789657832268464525.jpg
1789657832301789738,1789657832341442664,1789657832301789738.jpg
1789657832335116460,1789657832377584838,1789657832335116460.jpg
1789657832368442502,1789657832408461961,1789657832368442502.jpg
1789657832401768296,1789657832442152530,1789657832401768296.jpg
1789657832435093781,1789657832476603710,1789657832435093781.jpg
1789657832468420193,1789657832509150457,1789657832468420193.jpg
1789657832501745947,1789657832542558719,1789657832501745947.jpg
1789657832535073206,1789657832576034276,1789657832535073206.jpg
1789657832568398850,1789657832610053152,1789657832568398850.jpg
1789657832601723404,1789657832644894840,1789657832601723404.jpg
1789657832635048272,1789657832674906707,1789657832635048272.jpg
1789657832668373732,1789657832710585615,1789657832668373732.jpg
1789657832701701446,1789657832745032961,1789657832701701446.jpg
1789657832735026757,1789657832776933651,1789657832735026757.jpg
1789657832768352207,1789657832808398369,1789657832768352207.jpg
1789657832801680037,1789657832843609474,1789657832801680037.jpg
1789657832835003720,1789657832875762583,1789657832835003720.jpg
1789657832868330165,1789657832907379039,1789657832868330165.jpg
1789657832901654801,1789657832941070497,1789657832901654801.jpg
1789657832934981278,1789657832975031615,1789657832934981278.jpg
1789657832968306701,1789657833009299689,1789657832968306701.jpg
1789657833001632366,1789657833043085830,1789657833001632366.jpg
1789657833034958695,1789657833075025926,1789657833034958695.jpg
1789657833068284616,1789657833109287777,1789657833068284616.jpg
1789657833101611476,1789657833143769863,1789657833101611476.jpg
1789657833134935692,1789657833177155607,1789657833134935692.jpg
1789657833168261019,1789657833208401943,1789657833168261019.jpg
1789657833201589108,1789657833242398634,1789657833201589108.jpg
1789657833234912380,1789657833275052267,1789657833234912380.jpg
1789657833268240658,1789657833309375061,1789657833268240658.jpg
1789657833301566459,1789657833340448253,1789657833301566459.jpg
1789657833334891587,1789657833379096030,1789657833334891587.jpg
1789657833368222320,1789657833406508944,1789657833368222320.jpg
1789657833401544529,1789657833439862745,1789657833401544529.jpg
1789657833434871073,1789657833473766864,1789657833434871073.jpg
1789657833468194219,1789657833506615770,1789657833468194219.jpg
1789657833501523299,1789657833539457732,1789657833501523299.jpg
1789657833534848787,1789657833572137679,1789657833534848787.jpg
1789657833568170931,1789657833608572253,1789657833568170931.jpg
1789657833601498091,1789657833642512223,1789657833601498091.jpg
1789657833634826409,1789657833672858656,1789657833634826409.jpg
1789657833668148616,1789657833709584185,1789657833668148616.jpg
1789657833701478348,1789657833742498571,1789657833701478348.jpg
1789657833734802409,1789657833773262085,1789657833734802409.jpg
1789657833768127155,1789657833808480079,1789657833768127155.jpg
1789657833801452719,1789657833841792806,1789657833801452719.jpg
1789657833834779521,1789657833874006210,1789657833834779521.jpg
1789657833868105442,1789657833910098977,1789657833868105442.jpg
1789657833901428489,1789657833939734965,1789657833901428489.jpg
1789657833934755162,1789657833975811659,1789657833934755162.jpg
1789657833968085099,1789657834009226402,1789657833968085099.jpg
1789657834001407600,1789657834040941022,1789657834001407600.jpg
1789657834034735167,1789657834074382635,1789657834034735167.jpg
1789657834068059787,1789657834107935115,1789657834068059787.jpg
1789657834101388384,1789657834144229137,1789657834101388384.jpg
1789657834134711519,1789657834174057805,1789657834134711519.jpg
1789657834168036267,1789657834209273484,1789657834168036267.jpg
1789657834201363948,1789657834240407508,1789657834201363948.jpg
1789657834234688306,1789657834273302523,1789657834234688306.jpg
1789657834268013499,1789657834309522417,1789657834268013499.jpg
1789657834301339724,1789657834342114404,1789657834301339724.jpg
1789657834334666561,1789657834374146516,1789657834334666561.jpg
1789657834367994097,1789657834409691519,1789657834367994097.jpg
1789657834401316576,1789657834440427664,1789657834401316576.jpg
1789657834434645299,1789657834476647873,1789657834434645299.jpg
1789657834467969294,1789657834506757404,1789657834467969294.jpg
1789657834501295792,1789657834540565582,1789657834501295792.jpg
1789657834534629373,1789657834580265684,1789657834534629373.jpg
1789657834567947940,1789657834610554377,1789657834567947940.jpg
1789657834601275646,1789657834642851389,1789657834601275646.jpg
1789657834634597994,1789657834675668907,1789657834634597994.jpg
1789657834667924058,1789657834706971871,1789657834667924058.jpg
1789657834701252585,1789657834741298702,1789657834701252585.jpg
1789657834734574267,1789657834776502585,1789657834734574267.jpg
1789657834767901651,1789657834807941174,1789657834767901651.jpg
1789657834801229008,1789657834841624652,1789657834801229008.jpg
1789657834834554287,1789657834875495346,1789657834834554287.jpg
1789657834867878878,1789657834912285967,1789657834867878878.jpg
1789657834901204014,1789657834941623943,1789657834901204014.jpg
1789657834934532626,1789657834975587839,1789657834934532626.jpg
1789657834967857004,1789657835007223794,1789657834967857004.jpg
1789657835001180919,1789657835041511941,1789657835001180919.jpg
1789657835034509058,1789657835072407823,1789657835034509058.jpg
1789657835067834136,1789657835107558522,1789657835067834136.jpg
1789657835101157925,1789657835142620760,1789657835101157925.jpg
1789657835134485657,1789657835175046880,1789657835134485657.jpg
1789657835167811150,1789657835208075096,1789657835167811150.jpg
1789657835201138997,1789657835248434959,1789657835201138997.jpg
1789657835234463273,1789657835273427602,1789657835234463273.jpg
1789657835267789802,1789657835307565808,1789657835267789802.jpg
1789657835301114527,1789657835341631128,1789657835301114527.jpg
1789657835334440636,1789657835373237232,1789657835334440636.jpg
1789657835367767563,1789657835408486039,1789657835367767563.jpg
1789657835401091682,1789657835442451713,1789657835401091682.jpg
1789657835434418427,1789657835473084434,1789657835434418427.jpg
1789657835467743279,1789657835508294299,1789657835467743279.jpg
1789657835501070152,1789657835542577538,1789657835501070152.jpg
1789657835534396377,1789657835576290237,1789657835534396377.jpg
1789657835567721879,1789657835604275026,1789657835567721879.jpg
1789657835601049342,1789657835638689429,1789657835601049342.jpg
1789657835634373078,1789657835673343400,1789657835634373078.jpg
1789657835667698153,1789657835707641121,1789657835667698153.jpg
1789657835701024600,1789657835739962336,1789657835701024600.jpg
1789657835734349135,1789657835775692206,1789657835734349135.jpg
1789657835767676614,1789657835807229867,1789657835767676614.jpg
1789657835801002106,1789657835841267613,1789657835801002106.jpg
1789657835834327810,1789657835874662709,1789657835834327810.jpg
1789657835867652820,1789657835907987454,1789657835867652820.jpg
1789657835900979395,1789657835941848630,1789657835900979395.jpg
1789657835934308223,1789657835975494034,1789657835934308223.jpg
1789657835967629887,1789657836006968049,1789657835967629887.jpg
1789657836000961460,1789657836041616391,1789657836000961460.jpg
1789657836034282530,1789657836073762740,1789657836034282530.jpg
1789657836067609032,1789657836109393594,1789657836067609032.jpg
1789657836100940104,1789657836138436189,1789657836100940104.jpg
1789657836134260722,1789657836172276773,1789657836134260722.jpg
1789657836167592698,1789657836207232514,1789657836167592698.jpg
1789657836200918080,1789657836241599289,1789657836200918080.jpg
1789657836234238798,1789657836274997533,1789657836234238798.jpg
1789657836267564813,1789657836306557156,1789657836267564813.jpg
1789657836300890258,1789657836340794194,1789657836300890258.jpg
1789657836334228679,1789657836375161413,1789657836334228679.jpg
1789657836367541178,1789657836408714578,1789657836367541178.jpg
1789657836400867126,1789657836440772004,1789657836400867126.jpg
1789657836434200700,1789657836472963575,1789657836434200700.jpg
1789657836467522342,1789657836508450469,1789657836467522342.jpg
1789657836500844423,1789657836541076844,1789657836500844423.jpg
1789657836534170146,1789657836573533333,1789657836534170146.jpg
1789657836567497179,1789657836609973222,1789657836567497179.jpg
1789657836600821837,1789657836641764562,1789657836600821837.jpg
1789657836634147903,1789657836674284050,1789657836634147903.jpg
1789657836667475899,1789657836707551205,1789657836667475899.jpg
1789657836700799337,1789657836740648030,1789657836700799337.jpg
1789657836734123869,1789657836775336482,1789657836734123869.jpg
1789657836767451416,1789657836810843024,1789657836767451416.jpg
1789657836800777355,1789657836841530929,1789657836800777355.jpg
1789657836834107273,1789657836874592292,1789657836834107273.jpg
1789657836867426221,1789657836908903087,1789657836867426221.jpg
1789657836900755935,1789657836941908414,1789657836900755935.jpg
1789657836934082016,1789657836974247926,1789657836934082016.jpg
1789657836967405801,1789657837007704223,1789657836967405801.jpg
1789657837000733688,1789657837042228124,1789657837000733688.jpg
1789657837034058046,1789657837074843961,1789657837034058046.jpg
1789657837067383595,1789657837107003366,1789657837067383595.jpg
1789657837100712616,1789657837140048359,1789657837100712616.jpg
1789657837134034738,1789657837174481855,1789657837134034738.jpg
1789657837167361829,1789657837207664307,1789657837167361829.jpg
1789657837200685514,1789657837241270898,1789657837200685514.jpg
1789657837234017379,1789657837273546466,1789657837234017379.jpg
1789657837267338787,1789657837308576242,1789657837267338787.jpg
1789657837300664308,1789657837342255646,1789657837300664308.jpg
1789657837333991336,1789657837373900730,1789657837333991336.jpg
1789657837367315357,1789657837406415385,1789657837367315357.jpg
1789657837400641498,1789657837442352972,1789657837400641498.jpg
1789657837433967800,1789657837474386861,1789657837433967800.jpg
1789657837467293540,1789657837508124504,1789657837467293540.jpg
1789657837500621004,1789657837539945417,1789657837500621004.jpg
1789657837533945935,1789657837573407715,1789657837533945935.jpg
1789657837567271925,1789657837609796790,1789657837567271925.jpg
1789657837600594949,1789657837640704800,1789657837600594949.jpg
1789657837633922696,1789657837674643049,1789657837633922696.jpg
1789657837667251280,1789657837707700283,1789657837667251280.jpg
1789657837700573588,1789657837740320324,1789657837700573588.jpg
1789657837733903281,1789657837776248244,1789657837733903281.jpg
1789657837767225641,1789657837808346984,1789657837767225641.jpg
1789657837800550342,1789657837842358971,1789657837800550342.jpg
1789657837833880409,1789657837874990864,1789657837833880409.jpg
1789657837867202689,1789657837905755971,1789657837867202689.jpg
1789657837900529284,1789657837940772358,1789657837900529284.jpg
1789657837933855602,1789657837975276852,1789657837933855602.jpg
1789657837967180663,1789657838005993774,1789657837967180663.jpg
1789657838000507760,1789657838041932565,1789657838000507760.jpg
1789657838033832286,1789657838073498540,1789657838033832286.jpg
1789657838067160263,1789657838107872722,1789657838067160263.jpg
1789657838100482552,1789657838141045675,1789657838100482552.jpg
1789657838133810826,1789657838174695431,1789657838133810826.jpg
1789657838167134953,1789657838208393241,1789657838167134953.jpg
1789657838200460672,1789657838240839361,1789657838200460672.jpg
1789657838233786867,1789657838273638805,1789657838233786867.jpg
1789657838267114038,1789657838306481340,1789657838267114038.jpg
1789657838300439036,1789657838339282544,1789657838300439036.jpg
1789657838333764862,1789657838373505081,1789657838333764862.jpg
1789657838367091556,1789657838406998230,1789657838367091556.jpg
1789657838400416278,1789657838440639208,1789657838400416278.jpg
1789657838433741293,1789657838475042500,1789657838433741293.jpg
1789657838467072389,1789657838507764724,1789657838467072389.jpg
1789657838500396826,1789657838540448652,1789657838500396826.jpg
1789657838533719862,1789657838573669252,1789657838533719862.jpg
1789657838567046382,1789657838608658085,1789657838567046382.jpg
1789657838600370762,1789657838640463351,1789657838600370762.jpg
1789657838633696835,1789657838672069381,1789657838633696835.jpg
1789657838667024789,1789657838706827386,1789657838667024789.jpg
1789657838700348538,1789657838741853996,1789657838700348538.jpg
1789657838733674010,1789657838773485211,1789657838733674010.jpg
1789657838766999828,1789657838807867429,1789657838766999828.jpg
1789657838800327635,1789657838842998795,1789657838800327635.jpg
1789657838833651832,1789657838877471493,1789657838833651832.jpg
1789657838866981362,1789657838908823882,1789657838866981362.jpg
1789657838900305541,1789657838942493637,1789657838900305541.jpg
1789657838933630378,1789657838972207900,1789657838933630378.jpg
1789657838967094503,1789657839009202552,1789657838967094503.jpg
1789657839000280532,1789657839042908159,1789657839000280532.jpg
1789657839033606799,1789657839073990239,1789657839033606799.jpg
1789657839066932824,1789657839106740703,1789657839066932824.jpg
1789657839100258035,1789657839142626679,1789657839100258035.jpg
1789657839133585310,1789657839173534060,1789657839133585310.jpg
1789657839166910694,1789657839208247234,1789657839166910694.jpg
1789657839200246283,1789657839239092653,1789657839200246283.jpg
1789657839233565142,1789657839272731761,1789657839233565142.jpg
1789657839266893437,1789657839305055273,1789657839266893437.jpg
1789657839300214369,1789657839338520941,1789657839300214369.jpg
1789657839333540388,1789657839372283434,1789657839333540388.jpg
1789657839366866939,1789657839405529682,1789657839366866939.jpg
1789657839400191598,1789657839438317219,1789657839400191598.jpg
1789657839433520366,1789657839471695167,1789657839433520366.jpg
1789657839466845545,1789657839505713580,1789657839466845545.jpg
1789657839500172207,1789657839538888181,1789657839500172207.jpg
1789657839533498204,1789657839573269085,1789657839533498204.jpg
1789657839566823743,1789657839604929336,1789657839566823743.jpg
1789657839600145591,1789657839640182606,1789657839600145591.jpg
1789657839633475452,1789657839674167891,1789657839633475452.jpg
1789657839666797252,1789657839706521865,1789657839666797252.jpg
1789657839700123601,1789657839741486698,1789657839700123601.jpg
1789657839733450191,1789657839777631242,1789657839733450191.jpg
1789657839766775009,1789657839804114810,1789657839766775009.jpg
1789657839800100686,1789657839836535875,1789657839800100686.jpg
1789657839833425448,1789657839875287593,1789657839833425448.jpg
1789657839866753268,1789657839908891610,1789657839866753268.jpg
1789657839900079259,1789657839941083754,1789657839900079259.jpg
1789657839933404889,1789657839973619742,1789657839933404889.jpg
1789657839966732447,1789657840009033564,1789657839966732447.jpg
1789657840000055355,1789657840040031591,1789657840000055355.jpg
1789657840033381128,1789657840074384662,1789657840033381128.jpg
1789657840066708138,1789657840106293018,1789657840066708138.jpg
1789657840100034861,1789657840140120047,1789657840100034861.jpg
1789657840133358841,1789657840174592985,1789657840133358841.jpg
1789657840166686050,1789657840206556877,1789657840166686050.jpg
1789657840200010397,1789657840239867011,1789657840200010397.jpg
1789657840233338387,1789657840274543815,1789657840233338387.jpg
1789657840266666187,1789657840306955732,1789657840266666187.jpg
1789657840299988572,1789657840340795279,1789657840299988572.jpg
1789657840333314810,1789657840371461944,1789657840333314810.jpg
1789657840366638756,1789657840406969819,1789657840366638756.jpg
1789657840399965925,1789657840439734598,1789657840399965925.jpg
1789657840433290982,1789657840474221906,1789657840433290982.jpg
1789657840466618898,1789657840507337750,1789657840466618898.jpg
1789657840499942788,1789657840538662602,1789657840499942788.jpg
1789657840533270110,1789657840573456625,1789657840533270110.jpg
1789657840566597241,1789657840605765803,1789657840566597241.jpg
1789657840599921036,1789657840640719156,1789657840599921036.jpg
1789657840633246469,1789657840672509440,1789657840633246469.jpg
1789657840666572465,1789657840705400808,1789657840666572465.jpg
1789657840699901309,1789657840744584960,1789657840699901309.jpg
1789657840733224375,1789657840774471163,1789657840733224375.jpg
1789657840766550356,1789657840807845019,1789657840766550356.jpg
1789657840799875489,1789657840842451361,1789657840799875489.jpg
1789657840833202647,1789657840872836311,1789657840833202647.jpg
1789657840866526909,1789657840906949407,1789657840866526909.jpg
1789657840899852869,1789657840941793818,1789657840899852869.jpg
1789657840933178116,1789657840973974722,1789657840933178116.jpg
1789657840966506575,1789657841006996290,1789657840966506575.jpg
1789657840999829817,1789657841041387027,1789657840999829817.jpg
1789657841033156057,1789657841077190006,1789657841033156057.jpg
1789657841066481867,1789657841105702022,1789657841066481867.jpg
1789657841099809005,1789657841141324301,1789657841099809005.jpg
1789657841133140064,1789657841175385380,1789657841133140064.jpg
1789657841166459884,1789657841204150575,1789657841166459884.jpg
1789657841199786734,1789657841240548872,1789657841199786734.jpg
1789657841233111716,1789657841274024799,1789657841233111716.jpg
1789657841266439889,1789657841307290583,1789657841266439889.jpg
1789657841299762305,1789657841338711062,1789657841299762305.jpg
1789657841333088680,1789657841373246406,1789657841333088680.jpg
1789657841366419785,1789657841409266768,1789657841366419785.jpg
1789657841399738616,1789657841440088115,1789657841399738616.jpg
1789657841433068359,1789657841472830542,1789657841433068359.jpg
1789657841466392326,1789657841505819407,1789657841466392326.jpg
1789657841499803420,1789657841538728663,1789657841499803420.jpg
1789657841533044835,1789657841572334772,1789657841533044835.jpg
1789657841566370312,1789657841605077069,1789657841566370312.jpg
1789657841599697051,1789657841638369426,1789657841599697051.jpg
1789657841633023914,1789657841672958214,1789657841633023914.jpg
1789657841666346814,1789657841707225398,1789657841666346814.jpg
1789657841699674384,1789657841740216838,1789657841699674384.jpg
1789657841732998323,1789657841772760381,1789657841732998323.jpg
1789657841766324229,1789657841806405766,1789657841766324229.jpg
1789657841799650841,1789657841841000702,1789657841799650841.jpg
1789657841832976671,1789657841875299774,1789657841832976671.jpg
1789657841866301005,1789657841905188515,1789657841866301005.jpg
1789657841899627536,1789657841938366375,1789657841899627536.jpg
1789657841932953434,1789657841972513489,1789657841932953434.jpg
1789657841966278197,1789657842006363165,1789657841966278197.jpg
1789657841999605514,1789657842039682466,1789657841999605514.jpg
1789657842032933836,1789657842071658154,1789657842032933836.jpg
1789657842066255449,1789657842106321698,1789657842066255449.jpg
1789657842099581854,1789657842140643344,1789657842099581854.jpg
1789657842132908647,1789657842172757917,1789657842132908647.jpg
1789657842166237162,1789657842205871798,1789657842166237162.jpg
1789657842199560266,1789657842240688801,1789657842199560266.jpg
1789657842232884866,1789657842273648630,1789657842232884866.jpg
1789657842266212770,1789657842305875052,1789657842266212770.jpg
1789657842299536893,1789657842339012561,1789657842299536893.jpg
1789657842332864461,1789657842373484630,1789657842332864461.jpg
1789657842366188630,1789657842405339524,1789657842366188630.jpg
1789657842399514443,1789657842439127350,1789657842399514443.jpg
1789657842432840504,1789657842473602066,1789657842432840504.jpg
1789657842466167587,1789657842506614635,1789657842466167587.jpg
1789657842499495472,1789657842540965354,1789657842499495472.jpg
1789657842532818424,1789657842572025213,1789657842532818424.jpg
1789657842566145384,1789657842605417216,1789657842566145384.jpg
1789657842599469963,1789657842639324354,1789657842599469963.jpg
1789657842632794914,1789657842672053170,1789657842632794914.jpg
1789657842666126012,1789657842707140000,1789657842666126012.jpg
1789657842699447792,1789657842738663292,1789657842699447792.jpg
1789657842732774575,1789657842773562701,1789657842732774575.jpg
1789657842766099644,1789657842805678459,1789657842766099644.jpg
1789657842799423927,1789657842840338541,1789657842799423927.jpg
1789657842832751609,1789657842873213261,1789657842832751609.jpg
1789657842866095866,1789657842907195434,1789657842866095866.jpg
1789657842899401623,1789657842939378227,1789657842899401623.jpg
1789657842932728732,1789657842973824518,1789657842932728732.jpg
1789657842966053537,1789657843005664672,1789657842966053537.jpg
1789657842999380933,1789657843039581624,1789657842999380933.jpg
1789657843032708525,1789657843070048554,1789657843032708525.jpg
1789657843066033340,1789657843107486454,1789657843066033340.jpg
1789657843099357879,1789657843139211166,1789657843099357879.jpg
1789657843132682217,1789657843172609428,1789657843132682217.jpg
1789657843166013996,1789657843207212049,1789657843166013996.jpg
1789657843199338820,1789657843238166206,1789657843199338820.jpg
1789657843232660957,1789657843272573906,1789657843232660957.jpg
1789657843265988931,1789657843304450873,1789657843265988931.jpg
1789657843299313417,1789657843337691750,1789657843299313417.jpg
1789657843332639475,1789657843372805043,1789657843332639475.jpg
1789657843365964001,1789657843411567410,1789657843365964001.jpg
1789657843399291707,1789657843440381622,1789657843399291707.jpg
1789657843432619531,1789657843473067476,1789657843432619531.jpg
1789657843465940445,1789657843504411938,1789657843465940445.jpg
1789657843499270826,1789657843540250676,1789657843499270826.jpg
1789657843532593318,1789657843572005406,1789657843532593318.jpg
1789657843565922162,1789657843604965105,1789657843565922162.jpg
1789657843599245062,1789657843640312706,1789657843599245062.jpg
1789657843632570719,1789657843675417055,1789657843632570719.jpg
1789657843665900617,1789657843709370599,1789657843665900617.jpg
1789657843699222329,1789657843739953970,1789657843699222329.jpg
1789657843732547645,1789657843773191625,1789657843732547645.jpg
1789657843765874838,1789657843805939756,1789657843765874838.jpg
1789657843799197506,1789657843839694916,1789657843799197506.jpg
1789657843832525946,1789657843873815252,1789657843832525946.jpg
1789657843865852056,1789657843905865475,1789657843865852056.jpg
1789657843899180961,1789657843942484340,1789657843899180961.jpg
1789657843932503077,1789657843980103458,1789657843932503077.jpg
1789657843965831748,1789657844003390718,1789657843965831748.jpg
1789657843999152934,1789657844039101755,1789657843999152934.jpg
1789657844032480632,1789657844073317533,1789657844032480632.jpg
1789657844065830341,1789657844109085050,1789657844065830341.jpg
1789657844099131651,1789657844138015703,1789657844099131651.jpg
1789657844132458162,1789657844171546259,1789657844132458162.jpg
1789657844165788113,1789657844206479574,1789657844165788113.jpg
1789657844199110611,1789657844239992926,1789657844199110611.jpg
1789657844232439393,1789657844277468418,1789657844232439393.jpg
1789657844265764884,1789657844307239235,1789657844265764884.jpg
1789657844299086838,1789657844339977014,1789657844299086838.jpg
1789657844332414094,1789657844373248076,1789657844332414094.jpg
1789657844365739290,1789657844403368736,1789657844365739290.jpg
1789657844399080500,1789657844439262731,1789657844399080500.jpg
1789657844432389621,1789657844473041225,1789657844432389621.jpg
1789657844465718409,1789657844504556201,1789657844465718409.jpg
1789657844499042555,1789657844543223052,1789657844499042555.jpg
1789657844532367446,1789657844573051331,1789657844532367446.jpg
1789657844565695730,1789657844606383965,1789657844565695730.jpg
1789657844599019043,1789657844639507123,1789657844599019043.jpg
1789657844632345429,1789657844671967464,1789657844632345429.jpg
1789657844665672305,1789657844707307399,1789657844665672305.jpg
1789657844698995938,1789657844737563167,1789657844698995938.jpg
1789657844732324160,1789657844773496810,1789657844732324160.jpg
1789657844765648261,1789657844804297693,1789657844765648261.jpg
1789657844798974967,1789657844837416481,1789657844798974967.jpg
1789657844832299952,1789657844871659222,1789657844832299952.jpg
1789657844865625971,1789657844906747311,1789657844865625971.jpg
1789657844898952111,1789657844940247052,1789657844898952111.jpg
1789657844932277702,1789657844971153526,1789657844932277702.jpg
1789657844965603019,1789657845005526745,1789657844965603019.jpg
1789657844998930569,1789657845039781170,1789657844998930569.jpg
1789657845032254822,1789657845069423621,1789657845032254822.jpg
1789657845065583598,1789657845105531110,1789657845065583598.jpg
1789657845098912197,1789657845138818412,1789657845098912197.jpg
1789657845132233461,1789657845173245222,1789657845132233461.jpg
1789657845165559028,1789657845204593352,1789657845165559028.jpg
1789657845198883558,1789657845238985737,1789657845198883558.jpg
1789657845232212755,1789657845272336389,1789657845232212755.jpg
1789657845265535804,1789657845305256256,1789657845265535804.jpg
1789657845298864516,1789657845340376215,1789657845298864516.jpg
1789657845332188128,1789657845371047157,1789657845332188128.jpg
1789657845365514199,1789657845405477116,1789657845365514199.jpg
1789657845398838871,1789657845441090859,1789657845398838871.jpg
1789657845432166104,1789657845473902913,1789657845432166104.jpg
1789657845465490934,1789657845505030085,1789657845465490934.jpg
1789657845498816771,1789657845539914847,1789657845498816771.jpg
1789657845532141246,1789657845572558054,1789657845532141246.jpg
1789657845565467280,1789657845608796133,1789657845565467280.jpg
1789657845598791774,1789657845638397399,1789657845598791774.jpg
1789657845632121930,1789657845672533401,1789657845632121930.jpg
1789657845665450793,1789657845705235422,1789657845665450793.jpg
1789657845698771190,1789657845738945973,1789657845698771190.jpg
1789657845732100200,1789657845773098271,1789657845732100200.jpg
1789657845765422145,1789657845805593815,1789657845765422145.jpg
1789657845798757773,1789657845838817804,1789657845798757773.jpg
1789657845832076686,1789657845873395574,1789657845832076686.jpg
1789657845865400790,1789657845905925339,1789657845865400790.jpg
1789657845898725513,1789657845938330793,1789657845898725513.jpg
1789657845932050440,1789657845972742956,1789657845932050440.jpg
1789657845965378807,1789657846004666774,1789657845965378807.jpg
1789657845998708410,1789657846039655181,1789657845998708410.jpg
1789657846032029892,1789657846073152089,1789657846032029892.jpg
1789657846065356097,1789657846105160275,1789657846065356097.jpg
1789657846098681062,1789657846138757902,1789657846098681062.jpg
1789657846132013236,1789657846171202707,1789657846132013236.jpg
1789657846165336346,1789657846207189570,1789657846165336346.jpg
1789657846198658440,1789657846238798193,1789657846198658440.jpg
1789657846231984471,1789657846270701530,1789657846231984471.jpg
1789657846265310042,1789657846305566551,1789657846265310042.jpg
1789657846298639967,1789657846339574205,1789657846298639967.jpg
1789657846331961408,1789657846371654353,1789657846331961408.jpg
1789657846365287875,1789657846406211382,1789657846365287875.jpg
1789657846398634020,1789657846438586966,1789657846398634020.jpg
1789657846431939639,1789657846473206512,1789657846431939639.jpg
1789657846465265543,1789657846506369873,1789657846465265543.jpg
1789657846498591245,1789657846536872523,1789657846498591245.jpg
1789657846531915887,1789657846571959483,1789657846531915887.jpg
1789657846565245214,1789657846602359488,1789657846565245214.jpg
1789657846598571513,1789657846639576950,1789657846598571513.jpg
1789657846631896487,1789657846671081242,1789657846631896487.jpg
1789657846665219527,1789657846704204511,1789657846665219527.jpg
1789657846698546717,1789657846739891807,1789657846698546717.jpg
1789657846731871299,1789657846771007313,1789657846731871299.jpg
1789657846765196290,1789657846805484029,1789657846765196290.jpg
1789657846798526617,1789657846838924031,1789657846798526617.jpg
1789657846831849831,1789657846871763789,1789657846831849831.jpg
1789657846865177193,1789657846905909402,1789657846865177193.jpg
1789657846898500401,1789657846938353207,1789657846898500401.jpg
1789657846931826383,1789657846971683860,1789657846931826383.jpg
1789657846965152668,1789657847005428410,1789657846965152668.jpg
1789657846998477312,1789657847041167483,1789657846998477312.jpg
1789657847031806129,1789657847072345597,1789657847031806129.jpg
1789657847065130936,1789657847103897832,1789657847065130936.jpg
1789657847098456100,1789657847137466257,1789657847098456100.jpg
1789657847131782195,1789657847173063500,1789657847131782195.jpg
1789657847165107012,1789657847204164673,1789657847165107012.jpg
1789657847198432271,1789657847239370056,1789657847198432271.jpg
1789657847231764313,1789657847272493565,1789657847231764313.jpg
1789657847265084237,1789657847305399822,1789657847265084237.jpg
1789657847298419271,1789657847340436838,1789657847298419271.jpg
1789657847331735788,1789657847373025566,1789657847331735788.jpg
1789657847365064422,1789657847405293245,1789657847365064422.jpg
1789657847398389926,1789657847437675033,1789657847398389926.jpg
1789657847431714808,1789657847475590329,1789657847431714808.jpg
1789657847465042965,1789657847506699686,1789657847465042965.jpg
1789657847498365462,1789657847537466126,1789657847498365462.jpg
1789657847531690868,1789657847572000674,1789657847531690868.jpg
1789657847565018824,1789657847604400277,1789657847565018824.jpg
1789657847598341796,1789657847639377536,1789657847598341796.jpg
1789657847631688708,1789657847671310058,1789657847631688708.jpg
1789657847664995603,1789657847704047411,1789657847664995603.jpg
1789657847698323368,1789657847738693956,1789657847698323368.jpg
1789657847731646355,1789657847774293440,1789657847731646355.jpg
1789657847764972739,1789657847806465974,1789657847764972739.jpg
1789657847798299089,1789657847835999186,1789657847798299089.jpg
1789657847831625013,1789657847870566715,1789657847831625013.jpg
1789657847864954169,1789657847906733981,1789657847864954169.jpg
1789657847898275403,1789657847937658398,1789657847898275403.jpg
1789657847931601699,1789657847973013611,1789657847931601699.jpg
1789657847964932578,1789657848004798155,1789657847964932578.jpg
1789657847998252878,1789657848037638135,1789657847998252878.jpg
1789657848031577704,1789657848073214749,1789657848031577704.jpg
1789657848064903835,1789657848104362105,1789657848064903835.jpg
1789657848098231100,1789657848140040939,1789657848098231100.jpg
1789657848131557999,1789657848169828478,1789657848131557999.jpg
1789657848164881977,1789657848202485852,1789657848164881977.jpg
1789657848198209713,1789657848240359500,1789657848198209713.jpg
1789657848231533292,1789657848271173013,1789657848231533292.jpg
1789657848264861932,1789657848304910100,1789657848264861932.jpg
1789657848298185644,1789657848336742050,1789657848298185644.jpg
1789657848331510686,1789657848371008531,1789657848331510686.jpg
1789657848364837658,1789657848404558215,1789657848364837658.jpg
1789657848398163722,1789657848437729557,1789657848398163722.jpg
1789657848431498769,1789657848470910807,1789657848431498769.jpg
1789657848464816970,1789657848507069758,1789657848464816970.jpg
1789657848498139790,1789657848538594123,1789657848498139790.jpg
1789657848531471894,1789657848572515520,1789657848531471894.jpg
1789657848564791649,1789657848604822217,1789657848564791649.jpg
1789657848598120394,1789657848639987287,1789657848598120394.jpg
1789657848631448442,1789657848672433869,1789657848631448442.jpg
1789657848664770244,1789657848704099657,1789657848664770244.jpg
1789657848698098275,1789657848740745836,1789657848698098275.jpg
1789657848731421834,1789657848772180611,1789657848731421834.jpg
1789657848764745880,1789657848805228549,1789657848764745880.jpg
1789657848798072456,1789657848839869224,1789657848798072456.jpg
1789657848831399074,1789657848870889880,1789657848831399074.jpg
1789657848864726160,1789657848903267872,1789657848864726160.jpg
1789657848898058022,1789657848935519478,1789657848898058022.jpg
1789657848931377660,1789657848973119726,1789657848931377660.jpg
1789657848964703947,1789657849003633747,1789657848964703947.jpg
1789657848998026795,1789657849038219979,1789657848998026795.jpg
1789657849031353945,1789657849071068810,1789657849031353945.jpg
1789657849064679139,1789657849104804934,1789657849064679139.jpg
1789657849098006427,1789657849139431184,1789657849098006427.jpg
1789657849131334225,1789657849173536632,1789657849131334225.jpg
1789657849164656765,1789657849203903434,1789657849164656765.jpg
1789657849197981930,1789657849238601959,1789657849197981930.jpg
1789657849231308226,1789657849272058109,1789657849231308226.jpg
1789657849264636843,1789657849308154654,1789657849264636843.jpg
1789657849297963394,1789657849337729384,1789657849297963394.jpg
1789657849331285499,1789657849369183325,1789657849331285499.jpg
1789657849364613956,1789657849405653565,1789657849364613956.jpg
1789657849397941693,1789657849439191416,1789657849397941693.jpg
1789657849431270581,1789657849470457177,1789657849431270581.jpg
1789657849464589178,1789657849504504108,1789657849464589178.jpg
1789657849497914743,1789657849539022878,1789657849497914743.jpg
1789657849531241246,1789657849571606457,1789657849531241246.jpg
1789657849564567067,1789657849603908784,1789657849564567067.jpg
1789657849597891113,1789657849638768287,1789657849597891113.jpg
1789657849631218370,1789657849671403087,1789657849631218370.jpg
1789657849664544933,1789657849704741703,1789657849664544933.jpg
1789657849697869637,1789657849739482468,1789657849697869637.jpg
1789657849731195924,1789657849771159700,1789657849731195924.jpg
1789657849764524853,1789657849806412952,1789657849764524853.jpg
1789657849797846971,1789657849837309703,1789657849797846971.jpg
1789657849831174202,1789657849871620461,1789657849831174202.jpg
1789657849864502895,1789657849904397128,1789657849864502895.jpg
1789657849897824233,1789657849939166429,1789657849897824233.jpg
1789657849931149949,1789657849973035383,1789657849931149949.jpg
1789657849964476096,1789657850002494486,1789657849964476096.jpg
1789657849997802747,1789657850038080341,1789657849997802747.jpg
1789657850031127401,1789657850071279941,1789657850031127401.jpg
1789657850064454028,1789657850104003832,1789657850064454028.jpg
1789657850097781288,1789657850138018652,1789657850097781288.jpg
1789657850131104522,1789657850170943519,1789657850131104522.jpg
1789657850164433426,1789657850203981698,1789657850164433426.jpg
1789657850197758751,1789657850238021870,1789657850197758751.jpg
1789657850231083897,1789657850272071023,1789657850231083897.jpg
1789657850264409087,1789657850306804436,1789657850264409087.jpg
1789657850297734424,1789657850337075741,1789657850297734424.jpg
1789657850331060356,1789657850370021385,1789657850331060356.jpg
1789657850364385777,1789657850404493657,1789657850364385777.jpg
1789657850397713006,1789657850439405454,1789657850397713006.jpg
1789657850431040780,1789657850470840785,1789657850431040780.jpg
1789657850464363446,1789657850504878364,1789657850464363446.jpg
1789657850497689816,1789657850537727788,1789657850497689816.jpg
1789657850531015234,1789657850572379741,1789657850531015234.jpg
1789657850564340934,1789657850605797891,1789657850564340934.jpg
1789657850597667968,1789657850638378397,1789657850597667968.jpg
1789657850630992098,1789657850672250461,1789657850630992098.jpg
1789657850664319807,1789657850704138373,1789657850664319807.jpg
1789657850697647680,1789657850736283723,1789657850697647680.jpg
1789657850730969155,1789657850770929861,1789657850730969155.jpg
1789657850764297975,1789657850805083140,1789657850764297975.jpg
1789657850797622508,1789657850838424237,1789657850797622508.jpg
1789657850830950642,1789657850872208268,1789657850830950642.jpg
1789657850864273546,1789657850912611074,1789657850864273546.jpg
1789657850897598769,1789657850938337938,1789657850897598769.jpg
1789657850930931283,1789657850971054755,1789657850930931283.jpg
1789657850964251813,1789657851005804186,1789657850964251813.jpg
1789657850997584316,1789657851037675339,1789657850997584316.jpg
1789657851030901633,1789657851073647388,1789657851030901633.jpg
1789657851064228786,1789657851105615038,1789657851064228786.jpg
1789657851097554021,1789657851136372608,1789657851097554021.jpg
1789657851130879402,1789657851170351763,1789657851130879402.jpg
1789657851164207359,1789657851206296942,1789657851164207359.jpg
1789657851197530700,1789657851238934946,1789657851197530700.jpg
1789657851230857406,1789657851271283290,1789657851230857406.jpg
1789657851264186414,1789657851304195176,1789657851264186414.jpg
1789657851297509185,1789657851337702602,1789657851297509185.jpg
1789657851330836066,1789657851373417435,1789657851330836066.jpg
1789657851364160742,1789657851403058255,1789657851364160742.jpg
1789657851397486786,1789657851437791409,1789657851397486786.jpg
1789657851430811634,1789657851470610020,1789657851430811634.jpg
1789657851464139215,1789657851504954480,1789657851464139215.jpg
1789657851497464829,1789657851541019545,1789657851497464829.jpg
1789657851530788824,1789657851570292560,1789657851530788824.jpg
1789657851564118576,1789657851605363909,1789657851564118576.jpg
1789657851597442723,1789657851640425407,1789657851597442723.jpg
1789657851630767002,1789657851669504131,1789657851630767002.jpg
1789657851664093835,1789657851704836158,1789657851664093835.jpg
1789657851697418978,1789657851737943446,1789657851697418978.jpg
1789657851730746137,1789657851771684941,1789657851730746137.jpg
1789657851764071322,1789657851804344740,1789657851764071322.jpg
1789657851797396925,1789657851837136240,1789657851797396925.jpg
1789657851830723534,1789657851871934559,1789657851830723534.jpg
1789657851864047041,1789657851903527015,1789657851864047041.jpg
1789657851897373853,1789657851939121370,1789657851897373853.jpg
1789657851930699717,1789657851970163636,1789657851930699717.jpg
1789657851964025749,1789657852003564695,1789657851964025749.jpg
1789657851997352111,1789657852040191930,1789657851997352111.jpg
1789657852030676859,1789657852069462464,1789657852030676859.jpg
1789657852064004417,1789657852103887107,1789657852064004417.jpg
1789657852097331849,1789657852135543006,1789657852097331849.jpg
1789657852130654990,1789657852172393829,1789657852130654990.jpg
1789657852163980909,1789657852204181688,1789657852163980909.jpg
1789657852197304968,1789657852236241910,1789657852197304968.jpg
1789657852230632338,1789657852271822339,1789657852230632338.jpg
1789657852263968608,1789657852302682869,1789657852263968608.jpg
1789657852297284420,1789657852336944294,1789657852297284420.jpg
1789657852330609725,1789657852372068216,1789657852330609725.jpg
1789657852363938876,1789657852402446555,1789657852363938876.jpg
1789657852397261078,1789657852434883638,1789657852397261078.jpg
1789657852430589260,1789657852468498691,1789657852430589260.jpg
1789657852463913719,1789657852505403346,1789657852463913719.jpg
1789657852497240460,1789657852535994216,1789657852497240460.jpg
1789657852530564377,1789657852570335213,1789657852530564377.jpg
1789657852563890417,1789657852605334935,1789657852563890417.jpg
1789657852597217000,1789657852637154719,1789657852597217000.jpg
1789657852630542236,1789657852671490420,1789657852630542236.jpg
1789657852663872298,1789657852705220489,1789657852663872298.jpg
1789657852697192778,1789657852737596351,1789657852697192778.jpg
1789657852730526897,1789657852772178009,1789657852730526897.jpg
1789657852763846282,1789657852804679386,1789657852763846282.jpg
1789657852797172968,1789657852836970140,1789657852797172968.jpg
1789657852830496736,1789657852871565797,1789657852830496736.jpg
1789657852863822161,1789657852903273380,1789657852863822161.jpg
1789657852897148678,1789657852937796928,1789657852897148678.jpg
1789657852930474896,1789657852970279881,1789657852930474896.jpg
1789657852963802045,1789657853007642449,1789657852963802045.jpg
1789657852997129072,1789657853036144188,1789657852997129072.jpg
1789657853030451288,1789657853071497771,1789657853030451288.jpg
1789657853063777263,1789657853104869533,1789657853063777263.jpg
1789657853097102951,1789657853136892423,1789657853097102951.jpg
1789657853130432145,1789657853170207965,1789657853130432145.jpg
1789657853163755372,1789657853203470471,1789657853163755372.jpg
1789657853197081926,1789657853236390598,1789657853197081926.jpg
1789657853230407148,1789657853273090702,1789657853230407148.jpg
1789657853263734718,1789657853308635317,1789657853263734718.jpg
1789657853297061071,1789657853338996341,1789657853297061071.jpg
1789657853330387592,1789657853372035316,1789657853330387592.jpg
1789657853363710027,1789657853404115075,1789657853363710027.jpg
1789657853397037914,1789657853441710027,1789657853397037914.jpg
1789657853430360689,1789657853472234306,1789657853430360689.jpg
1789657853463694314,1789657853503711247,1789657853463694314.jpg
1789657853497015359,1789657853539669148,1789657853497015359.jpg
1789657853530338721,1789657853573294034,1789657853530338721.jpg
1789657853563665761,1789657853606690185,1789657853563665761.jpg
1789657853596992317,1789657853637601936,1789657853596992317.jpg
1789657853630315947,1789657853668937251,1789657853630315947.jpg
1789657853663648512,1789657853704790043,1789657853663648512.jpg
1789657853696969965,1789657853738520815,1789657853696969965.jpg
1789657853730301090,1789657853770155548,1789657853730301090.jpg
1789657853763620579,1789657853804134092,1789657853763620579.jpg
1789657853796946598,1789657853839111666,1789657853796946598.jpg
1789657853830272830,1789657853871099464,1789657853830272830.jpg
1789657853863596836,1789657853902513276,1789657853863596836.jpg
1789657853896923299,1789657853939096069,1789657853896923299.jpg
1789657853930247764,1789657853970737394,1789657853930247764.jpg
1789657853963579210,1789657854002784320,1789657853963579210.jpg
1789657853996900219,1789657854036496074,1789657853996900219.jpg
1789657854030226921,1789657854070465155,1789657854030226921.jpg
1789657854063554576,1789657854105662149,1789657854063554576.jpg
1789657854096878230,1789657854137957143,1789657854096878230.jpg
1789657854130204669,1789657854172328010,1789657854130204669.jpg
1789657854163529085,1789657854202471892,1789657854163529085.jpg
1789657854196855264,1789657854235307484,1789657854196855264.jpg
1789657854230184877,1789657854271972496,1789657854230184877.jpg
1789657854263508642,1789657854302368649,1789657854263508642.jpg
1789657854296833948,1789657854336256177,1789657854296833948.jpg
1789657854330159288,1789657854369801398,1789657854330159288.jpg
1789657854363486178,1789657854404293132,1789657854363486178.jpg
1789657854396814255,1789657854438895105,1789657854396814255.jpg
1789657854430136109,1789657854469275962,1789657854430136109.jpg
1789657854463465328,1789657854504020283,1789657854463465328.jpg
1789657854496788533,1789657854536716340,1789657854496788533.jpg
1789657854530114280,1789657854571843892,1789657854530114280.jpg
1789657854563441698,1789657854605203525,1789657854563441698.jpg
1789657854596765810,1789657854636133647,1789657854596765810.jpg
1789657854630092484,1789657854670465441,1789657854630092484.jpg
1789657854663416697,1789657854703731743,1789657854663416697.jpg
1789657854696743070,1789657854738226626,1789657854696743070.jpg
1789657854730068978,1789657854770622098,1789657854730068978.jpg
1789657854763395573,1789657854804048471,1789657854763395573.jpg
1789657854796721302,1789657854838070625,1789657854796721302.jpg
1789657854830045227,1789657854871235485,1789657854830045227.jpg
1789657854863375581,1789657854905970695,1789657854863375581.jpg
1789657854896698459,1789657854936112392,1789657854896698459.jpg
1789657854930024266,1789657854970308430,1789657854930024266.jpg
1789657854963348465,1789657855003498808,1789657854963348465.jpg
1789657854996675486,1789657855037613089,1789657854996675486.jpg
1789657855030036476,1789657855071113441,1789657855030036476.jpg
1789657855063330022,1789657855102738249,1789657855063330022.jpg
1789657855096652287,1789657855138404416,1789657855096652287.jpg
1789657855129983122,1789657855171055345,1789657855129983122.jpg
1789657855163307706,1789657855203165048,1789657855163307706.jpg
1789657855196629977,1789657855238015106,1789657855196629977.jpg
1789657855229958760,1789657855271980706,1789657855229958760.jpg
1789657855263281802,1789657855305035366,1789657855263281802.jpg
1789657855296608798,1789657855337449394,1789657855296608798.jpg
1789657855329932085,1789657855369958067,1789657855329932085.jpg
1789657855363258722,1789657855404670037,1789657855363258722.jpg
1789657855396594308,1789657855438528713,1789657855396594308.jpg
1789657855429912655,1789657855470284165,1789657855429912655.jpg
1789657855463237878,1789657855503747889,1789657855463237878.jpg
1789657855496561622,1789657855537798616,1789657855496561622.jpg
1789657855529887999,1789657855572320683,1789657855529887999.jpg
1789657855563217149,1789657855603745421,1789657855563217149.jpg
1789657855596539844,1789657855638688607,1789657855596539844.jpg
1789657855629869085,1789657855672303900,1789657855629869085.jpg
1789657855663191068,1789657855704675966,1789657855663191068.jpg
1789657855696521808,1789657855736871111,1789657855696521808.jpg
1789657855729842824,1789657855769570594,1789657855729842824.jpg
1789657855763170482,1789657855803432308,1789657855763170482.jpg
1789657855796495823,1789657855837563496,1789657855796495823.jpg
1789657855829819965,1789657855874355209,1789657855829819965.jpg
1789657855863146209,1789657855904520386,1789657855863146209.jpg
1789657855896472326,1789657855935737241,1789657855896472326.jpg
1789657855929799538,1789657855972044133,1789657855929799538.jpg
1789657855963124406,1789657856005025646,1789657855963124406.jpg
1789657855996450265,1789657856037096572,1789657855996450265.jpg
1789657856029775610,1789657856071428903,1789657856029775610.jpg
1789657856063101751,1789657856101770280,1789657856063101751.jpg
1789657856096427588,1789657856137016736,1789657856096427588.jpg
1789657856129751967,1789657856168295089,1789657856129751967.jpg
1789657856163078608,1789657856204057698,1789657856163078608.jpg
1789657856196405270,1789657856236941233,1789657856196405270.jpg
1789657856229731359,1789657856270093612,1789657856229731359.jpg
1789657856263059803,1789657856303433505,1789657856263059803.jpg
1789657856296381678,1789657856337680783,1789657856296381678.jpg
1789657856329706679,1789657856369268980,1789657856329706679.jpg
1789657856363033381,1789657856404270035,1789657856363033381.jpg
1789657856396359508,1789657856434898997,1789657856396359508.jpg
1789657856429687443,1789657856471599064,1789657856429687443.jpg
1789657856463011300,1789657856502940064,1789657856463011300.jpg
1789657856496339251,1789657856537046789,1789657856496339251.jpg
1789657856529664045,1789657856567460016,1789657856529664045.jpg
1789657856562988403,1789657856600083668,1789657856562988403.jpg
1789657856596314051,1789657856638260828,1789657856596314051.jpg
1789657856629642642,1789657856673239994,1789657856629642642.jpg
1789657856662966749,1789657856702797002,1789657856662966749.jpg
1789657856696293475,1789657856737569581,1789657856696293475.jpg
1789657856729626465,1789657856771510311,1789657856729626465.jpg
1789657856762943403,1789657856802736554,1789657856762943403.jpg
1789657856796271207,1789657856836398384,1789657856796271207.jpg
1789657856829594269,1789657856870207209,1789657856829594269.jpg
1789657856862921104,1789657856904969844,1789657856862921104.jpg
1789657856896248521,1789657856936018555,1789657856896248521.jpg
1789657856929572869,1789657856969883861,1789657856929572869.jpg
1789657856962897935,1789657857002435107,1789657856962897935.jpg
1789657856996224641,1789657857036734217,1789657856996224641.jpg
1789657857029553070,1789657857070521469,1789657857029553070.jpg
1789657857062875943,1789657857102255292,1789657857062875943.jpg
1789657857096201518,1789657857137058593,1789657857096201518.jpg
1789657857129527205,1789657857170925417,1789657857129527205.jpg
1789657857162852763,1789657857206075542,1789657857162852763.jpg
1789657857196184284,1789657857238997557,1789657857196184284.jpg
1789657857229504974,1789657857269099773,1789657857229504974.jpg
1789657857262830869,1789657857305010249,1789657857262830869.jpg
1789657857296156172,1789657857338234590,1789657857296156172.jpg
1789657857329484178,1789657857370306108,1789657857329484178.jpg
1789657857362811273,1789657857405065076,1789657857362811273.jpg
1789657857396135484,1789657857439131785,1789657857396135484.jpg
1789657857429458913,1789657857471337466,1789657857429458913.jpg
1789657857462785601,1789657857504737561,1789657857462785601.jpg
1789657857496111645,1789657857535218564,1789657857496111645.jpg
1789657857529437090,1789657857570877880,1789657857529437090.jpg
1789657857562762822,1789657857603655714,1789657857562762822.jpg
1789657857596090183,1789657857635024361,1789657857596090183.jpg
1789657857629414995,1789657857670554717,1789657857629414995.jpg
1789657857662750786,1789657857703941164,1789657857662750786.jpg
1789657857696068331,1789657857737412388,1789657857696068331.jpg
1789657857729392989,1789657857769766343,1789657857729392989.jpg
1789657857762717186,1789657857804028750,1789657857762717186.jpg
1789657857796043211,1789657857837379606,1789657857796043211.jpg
1789657857829410763,1789657857867414139,1789657857829410763.jpg
1789657857862772257,1789657857901884448,1789657857862772257.jpg
1789657857896134700,1789657857935264025,1789657857896134700.jpg
1789657857929500750,1789657857969902441,1789657857929500750.jpg
1789657857962861842,1789657858003760432,1789657857962861842.jpg
1789657857996226626,1789657858035913207,1789657857996226626.jpg
1789657858029591637,1789657858071684039,1789657858029591637.jpg
1789657858062953583,1789657858102944226,1789657858062953583.jpg
1789657858096317898,1789657858137067654,1789657858096317898.jpg
1789657858129681315,1789657858169639178,1789657858129681315.jpg
1789657858163043625,1789657858203691498,1789657858163043625.jpg
1789657858196408140,1789657858236127155,1789657858196408140.jpg
1789657858229771168,1789657858270189919,1789657858229771168.jpg
1789657858263135576,1789657858302091126,1789657858263135576.jpg
1789657858296499217,1789657858336206574,1789657858296499217.jpg
1789657858329862333,1789657858372031441,1789657858329862333.jpg
1789657858363227864,1789657858402052937,1789657858363227864.jpg
1789657858396589501,1789657858436551690,1789657858396589501.jpg
1789657858429953219,1789657858471387508,1789657858429953219.jpg
1789657858463316405,1789657858503254605,1789657858463316405.jpg
1789657858496680500,1789657858538172792,1789657858496680500.jpg
1789657858530078534,1789657858570356122,1789657858530078534.jpg
1789657858563408376,1789657858603551148,1789657858563408376.jpg
1789657858596773436,1789657858637253477,1789657858596773436.jpg
1789657858630133884,1789657858669296051,1789657858630133884.jpg
1789657858663499043,1789657858703958004,1789657858663499043.jpg
1789657858696866648,1789657858736597340,1789657858696866648.jpg
1789657858730225310,1789657858770838896,1789657858730225310.jpg
1789657858763588425,1789657858805944781,1789657858763588425.jpg
1789657858796952719,1789657858837811712,1789657858796952719.jpg
1789657858830317002,1789657858870852669,1789657858830317002.jpg
1789657858863680306,1789657858905569990,1789657858863680306.jpg
1789657858897043351,1789657858937937908,1789657858897043351.jpg
1789657858930409128,1789657858970530338,1789657858930409128.jpg
1789657858963771090,1789657859003273580,1789657858963771090.jpg
1789657858997134369,1789657859038405391,1789657858997134369.jpg
1789657859030499842,1789657859069415917,1789657859030499842.jpg
1789657859063862533,1789657859105312116,1789657859063862533.jpg
1789657859097229473,1789657859138671157,1789657859097229473.jpg
1789657859130590012,1789657859173094319,1789657859130590012.jpg
1789657859163958616,1789657859206295827,1789657859163958616.jpg
1789657859197317009,1789657859237451313,1789657859197317009.jpg
1789657859230685032,1789657859273463379,1789657859230685032.jpg
1789657859264042947,1789657859305507083,1789657859264042947.jpg
1789657859297407227,1789657859338132439,1789657859297407227.jpg
1789657859330771922,1789657859371533960,1789657859330771922.jpg
1789657859364135657,1789657859403305856,1789657859364135657.jpg
1789657859397496973,1789657859439451678,1789657859397496973.jpg
1789657859430865335,1789657859469525802,1789657859430865335.jpg
1789657859464225830,1789657859503632602,1789657859464225830.jpg
1789657859497590580,1789657859537994062,1789657859497590580.jpg
1789657859530952151,1789657859573612434,1789657859530952151.jpg
1789657859564315417,1789657859605805227,1789657859564315417.jpg
1789657859597680856,1789657859639818973,1789657859597680856.jpg
1789657859631044810,1789657859670172906,1789657859631044810.jpg
1789657859664409714,1789657859707182113,1789657859664409714.jpg
1789657859697771917,1789657859738969916,1789657859697771917.jpg
1789657859731134296,1789657859772949534,1789657859731134296.jpg
1789657859764498260,1789657859805473281,1789657859764498260.jpg
1789657859797860469,1789657859838116062,1789657859797860469.jpg
1789657859831227571,1789657859874495434,1789657859831227571.jpg
1789657859864589203,1789657859906087112,1789657859864589203.jpg
1789657859897954246,1789657859938828002,1789657859897954246.jpg
1789657859931316828,1789657859972509368,1789657859931316828.jpg
1789657859964678853,1789657860004417613,1789657859964678853.jpg
1789657859998042782,1789657860044593406,1789657859998042782.jpg
1789657860031413879,1789657860071037105,1789657860031413879.jpg
1789657860064776038,1789657860108183660,1789657860064776038.jpg
1789657860098133953,1789657860139550437,1789657860098133953.jpg
1789657860131496403,1789657860171915559,1789657860131496403.jpg
1789657860164863797,1789657860206635917,1789657860164863797.jpg
1789657860198224528,1789657860238137912,1789657860198224528.jpg
1789657860231588754,1789657860273448256,1789657860231588754.jpg
1789657860264952440,1789657860305460497,1789657860264952440.jpg
1789657860298315557,1789657860338372716,1789657860298315557.jpg
1789657860331681997,1789657860374183399,1789657860331681997.jpg
1789657860365042044,1789657860404762270,1789657860365042044.jpg
1789657860398408186,1789657860441012070,1789657860398408186.jpg
1789657860431771385,1789657860475260607,1789657860431771385.jpg
1789657860465133609,1789657860504353812,1789657860465133609.jpg
1789657860498502555,1789657860539477752,1789657860498502555.jpg
1789657860531861408,1789657860571751802,1789657860531861408.jpg
1789657860565224892,1789657860603662195,1789657860565224892.jpg
1789657860598589933,1789657860639077406,1789657860598589933.jpg
1789657860631952135,1789657860672095511,1789657860631952135.jpg
1789657860665319204,1789657860706442193,1789657860665319204.jpg
1789657860698679788,1789657860739184287,1789657860698679788.jpg
1789657860732055651,1789657860771648629,1789657860732055651.jpg
1789657860765406104,1789657860802156890,1789657860765406104.jpg
1789657860798769276,1789657860836669105,1789657860798769276.jpg
1789657860832135547,1789657860873022441,1789657860832135547.jpg
1789657860865496800,1789657860905517744,1789657860865496800.jpg
1789657860898861508,1789657860938238616,1789657860898861508.jpg
1789657860932225559,1789657860974946164,1789657860932225559.jpg
1789657860965588703,1789657861006238573,1789657860965588703.jpg
1789657860998951933,1789657861038523141,1789657860998951933.jpg
1789657861032316565,1789657861072655366,1789657861032316565.jpg
1789657861065680504,1789657861107895952,1789657861065680504.jpg
1789657861099043198,1789657861138647374,1789657861099043198.jpg
1789657861132406450,1789657861174347318,1789657861132406450.jpg
1789657861165771581,1789657861208052720,1789657861165771581.jpg
1789657861199134444,1789657861239996538,1789657861199134444.jpg
1789657861232499960,1789657861272371030,1789657861232499960.jpg
1789657861265864993,1789657861307400362,1789657861265864993.jpg
1789657861299224281,1789657861340517316,1789657861299224281.jpg
1789657861332589779,1789657861373620697,1789657861332589779.jpg
1789657861365951177,1789657861407080569,1789657861365951177.jpg
1789657861399315964,1789657861440825655,1789657861399315964.jpg
1789657861432680496,1789657861472880951,1789657861432680496.jpg
1789657861466042058,1789657861508707985,1789657861466042058.jpg
1789657861499408554,1789657861541263121,1789657861499408554.jpg
1789657861532769320,1789657861576473633,1789657861532769320.jpg
1789657861566135043,1789657861608446580,1789657861566135043.jpg
1789657861599507251,1789657861640548412,1789657861599507251.jpg
1789657861632862017,1789657861673129158,1789657861632862017.jpg
1789657861666230398,1789657861707777406,1789657861666230398.jpg
1789657861699586220,1789657861740286284,1789657861699586220.jpg
1789657861732994677,1789657861774659966,1789657861732994677.jpg
1789657861766316749,1789657861808286777,1789657861766316749.jpg
1789657861799678901,1789657861840725064,1789657861799678901.jpg
1789657861833045090,1789657861874534334,1789657861833045090.jpg
1789657861866407657,1789657861907128802,1789657861866407657.jpg
1789657861899773141,1789657861942658880,1789657861899773141.jpg
1789657861933139333,1789657861973171845,1789657861933139333.jpg
1789657861966495588,1789657862010685984,1789657861966495588.jpg
1789657861999866602,1789657862041320854,1789657861999866602.jpg
1789657862033224580,1789657862073712419,1789657862033224580.jpg
1789657862066587137,1789657862106047616,1789657862066587137.jpg
1789657862099952324,1789657862138633954,1789657862099952324.jpg
1789657862133315353,1789657862175205487,1789657862133315353.jpg
1789657862166678461,1789657862207458149,1789657862166678461.jpg
1789657862200041076,1789657862241568245,1789657862200041076.jpg
1789657862233407081,1789657862274050067,1789657862233407081.jpg
1789657862266771360,1789657862308058221,1789657862266771360.jpg
1789657862300136897,1789657862342099171,1789657862300136897.jpg
1789657862333497124,1789657862376249044,1789657862333497124.jpg
1789657862366860119,1789657862408649035,1789657862366860119.jpg
1789657862400229139,1789657862443279469,1789657862400229139.jpg
1789657862433587986,1789657862474144796,1789657862433587986.jpg
1789657862466951480,1789657862507234844,1789657862466951480.jpg
1789657862500314560,1789657862543538532,1789657862500314560.jpg
1789657862533678841,1789657862575553496,1789657862533678841.jpg
1789657862567044112,1789657862609236936,1789657862567044112.jpg
1789657862600405543,1789657862641716536,1789657862600405543.jpg
1789657862633771415,1789657862674793862,1789657862633771415.jpg
1789657862667133073,1789657862709339873,1789657862667133073.jpg
1789657862700496275,1789657862741979969,1789657862700496275.jpg
1789657862733860223,1789657862774498920,1789657862733860223.jpg
1789657862767224579,1789657862805379968,1789657862767224579.jpg
1789657862800587138,1789657862842965995,1789657862800587138.jpg
1789657862833950829,1789657862874561154,1789657862833950829.jpg
1789657862867316011,1789657862907714941,1789657862867316011.jpg
1789657862900681588,1789657862940542607,1789657862900681588.jpg
1789657862934041504,1789657862976038538,1789657862934041504.jpg
1789657862967406443,1789657863008975163,1789657862967406443.jpg
1789657863000771138,1789657863041540132,1789657863000771138.jpg
1789657863034132830,1789657863073635186,1789657863034132830.jpg
1789657863067497221,1789657863109525182,1789657863067497221.jpg
1789657863100860120,1789657863141386298,1789657863100860120.jpg
1789657863134224420,1789657863175149699,1789657863134224420.jpg
1789657863167588988,1789657863208286819,1789657863167588988.jpg
1789657863200952764,1789657863240235026,1789657863200952764.jpg
1789657863234315780,1789657863274450063,1789657863234315780.jpg
1789657863267679364,1789657863309918051,1789657863267679364.jpg
1789657863301042970,1789657863345564885,1789657863301042970.jpg
1789657863334405557,1789657863376661502,1789657863334405557.jpg
1789657863367770216,1789657863409112825,1789657863367770216.jpg
1789657863401136503,1789657863441111975,1789657863401136503.jpg
1789657863434496463,1789657863473989824,1789657863434496463.jpg
1789657863467862969,1789657863509647159,1789657863467862969.jpg
1789657863501224045,1789657863543287581,1789657863501224045.jpg
1789657863534587138,1789657863574601489,1789657863534587138.jpg
1789657863567950648,1789657863610341025,1789657863567950648.jpg
1789657863601314939,1789657863641149390,1789657863601314939.jpg
1789657863634679727,1789657863676378846,1789657863634679727.jpg
1789657863668046470,1789657863708323331,1789657863668046470.jpg
1789657863701406501,1789657863741542597,1789657863701406501.jpg
1789657863734770191,1789657863775706618,1789657863734770191.jpg
1789657863768133279,1789657863809794825,1789657863768133279.jpg
1789657863801500686,1789657863844419260,1789657863801500686.jpg
1789657863834859530,1789657863875695687,1789657863834859530.jpg
1789657863868222453,1789657863907998607,1789657863868222453.jpg
1789657863901591435,1789657863944117466,1789657863901591435.jpg
1789657863934952211,1789657863975581703,1789657863934952211.jpg
1789657863968315682,1789657864008268502,1789657863968315682.jpg
1789657864001680399,1789657864044031797,1789657864001680399.jpg
1789657864035041782,1789657864075511274,1789657864035041782.jpg
1789657864068409913,1789657864112209953,1789657864068409913.jpg
1789657864101768486,1789657864142146025,1789657864101768486.jpg
1789657864135134446,1789657864174659050,1789657864135134446.jpg
1789657864168499361,1789657864210700893,1789657864168499361.jpg
1789657864201858741,1789657864244570681,1789657864201858741.jpg
1789657864235224398,1789657864275448488,1789657864235224398.jpg
1789657864268589215,1789657864308097806,1789657864268589215.jpg
1789657864301951416,1789657864343469870,1789657864301951416.jpg
1789657864335315022,1789657864375467335,1789657864335315022.jpg
1789657864368678295,1789657864409356066,1789657864368678295.jpg
1789657864402042153,1789657864446911000,1789657864402042153.jpg
1789657864435404736,1789657864476784463,1789657864435404736.jpg
1789657864468768220,1789657864508910128,1789657864468768220.jpg
1789657864502133634,1789657864541017071,1789657864502133634.jpg
1789657864535496661,1789657864575516101,1789657864535496661.jpg
1789657864568859545,1789657864608798552,1789657864568859545.jpg
1789657864602223668,1789657864642873445,1789657864602223668.jpg
1789657864635587144,1789657864674702784,1789657864635587144.jpg
1789657864668951592,1789657864710080070,1789657864668951592.jpg
1789657864702315715,1789657864744441048,1789657864702315715.jpg
1789657864735679028,1789657864775491296,1789657864735679028.jpg
1789657864769041143,1789657864809114497,1789657864769041143.jpg
1789657864802405712,1789657864844698036,1789657864802405712.jpg
1789657864835767728,1789657864875437329,1789657864835767728.jpg
1789657864869132164,1789657864910817300,1789657864869132164.jpg
1789657864902496303,1789657864939613716,1789657864902496303.jpg
1789657864935859665,1789657864972774559,1789657864935859665.jpg
1789657864969227287,1789657865009795784,1789657864969227287.jpg
1789657865002587183,1789657865043286599,1789657865002587183.jpg
1789657865035951470,1789657865077276791,1789657865035951470.jpg
1789657865069319560,1789657865111266057,1789657865069319560.jpg
1789657865102677819,1789657865145135029,1789657865102677819.jpg
1789657865136041356,1789657865176018966,1789657865136041356.jpg
1789657865169404937,1789657865209511596,1789657865169404937.jpg
1789657865202769083,1789657865244591501,1789657865202769083.jpg
1789657865236135234,1789657865277765435,1789657865236135234.jpg
1789657865269496886,1789657865311103514,1789657865269496886.jpg
1789657865302860842,1789657865344468925,1789657865302860842.jpg
1789657865336222318,1789657865377499419,1789657865336222318.jpg
1789657865369588391,1789657865411739845,1789657865369588391.jpg
1789657865402950970,1789657865441816784,1789657865402950970.jpg
1789657865436314130,1789657865476179095,1789657865436314130.jpg
1789657865469682235,1789657865512441507,1789657865469682235.jpg
1789657865503042033,1789657865549934906,1789657865503042033.jpg
1789657865536408651,1789657865576317068,1789657865536408651.jpg
1789657865569768285,1789657865611205533,1789657865569768285.jpg
1789657865603132397,1789657865644052754,1789657865603132397.jpg
1789657865636495891,1789657865680203650,1789657865636495891.jpg
1789657865669859733,1789657865711082383,1789657865669859733.jpg
1789657865703224078,1789657865743329341,1789657865703224078.jpg
1789657865736586726,1789657865775230901,1789657865736586726.jpg
1789657865769949868,1789657865811582292,1789657865769949868.jpg
1789657865803315514,1789657865844247887,1789657865803315514.jpg
1789657865836676520,1789657865875622904,1789657865836676520.jpg
1789657865870043006,1789657865910691883,1789657865870043006.jpg
1789657865903405237,1789657865946668895,1789657865903405237.jpg
1789657865936767629,1789657865978680211,1789657865936767629.jpg
1789657865970132213,1789657866012213506,1789657865970132213.jpg
1789657866003494913,1789657866044238655,1789657866003494913.jpg
1789657866036865618,1789657866078001186,1789657866036865618.jpg
1789657866070226147,1789657866110040742,1789657866070226147.jpg
1789657866103587591,1789657866143193658,1789657866103587591.jpg
1789657866136950167,1789657866179431774,1789657866136950167.jpg
1789657866170313821,1789657866210745589,1789657866170313821.jpg
1789657866203705321,1789657866245465485,1789657866203705321.jpg
1789657866237041558,1789657866279785094,1789657866237041558.jpg
1789657866270404786,1789657866312197603,1789657866270404786.jpg
1789657866303768642,1789657866346705948,1789657866303768642.jpg
1789657866337132537,1789657866380366148,1789657866337132537.jpg
1789657866370497795,1789657866410618490,1789657866370497795.jpg
1789657866403861259,1789657866444248117,1789657866403861259.jpg
1789657866437223347,1789657866480736522,1789657866437223347.jpg
1789657866470588466,1789657866512602138,1789657866470588466.jpg
1789657866503950317,1789657866542762223,1789657866503950317.jpg
1789657866537314132,1789657866580112904,1789657866537314132.jpg
1789657866570680761,1789657866611649824,1789657866570680761.jpg
1789657866604042029,1789657866646026432,1789657866604042029.jpg
1789657866637404196,1789657866680157305,1789657866637404196.jpg
1789657866670767684,1789657866710907986,1789657866670767684.jpg
1789657866704136876,1789657866746430287,1789657866704136876.jpg
1789657866737500522,1789657866779792383,1789657866737500522.jpg
1789657866770859529,1789657866810558101,1789657866770859529.jpg
1789657866804223832,1789657866844057639,1789657866804223832.jpg
1789657866837585737,1789657866878522448,1789657866837585737.jpg
1789657866870951198,1789657866912692561,1789657866870951198.jpg
1789657866904318043,1789657866944397681,1789657866904318043.jpg
1789657866937676503,1789657866978838416,1789657866937676503.jpg
1789657866971042161,1789657867012040961,1789657866971042161.jpg
1789657867004404815,1789657867045324430,1789657867004404815.jpg
1789657867037772117,1789657867078563844,1789657867037772117.jpg
1789657867071132692,1789657867112217989,1789657867071132692.jpg
1789657867104508939,1789657867146056517,1789657867104508939.jpg
1789657867137860026,1789657867180814060,1789657867137860026.jpg
1789657867171222189,1789657867208961937,1789657867171222189.jpg
1789657867204586264,1789657867246752587,1789657867204586264.jpg
1789657867237949383,1789657867278764866,1789657867237949383.jpg
1789657867271313065,1789657867312208997,1789657867271313065.jpg
1789657867304679285,1789657867346705324,1789657867304679285.jpg
1789657867338040252,1789657867379783872,1789657867338040252.jpg
1789657867371404570,1789657867413118692,1789657867371404570.jpg
1789657867404769535,1789657867446031540,1789657867404769535.jpg
1789657867438132202,1789657867478826484,1789657867438132202.jpg
1789657867471500054,1789657867516129388,1789657867471500054.jpg
1789657867504859436,1789657867547994856,1789657867504859436.jpg
1789657867538222887,1789657867579723938,1789657867538222887.jpg
1789657867571585914,1789657867611423799,1789657867571585914.jpg
1789657867604949322,1789657867645022852,1789657867604949322.jpg
1789657867638315771,1789657867679501068,1789657867638315771.jpg
1789657867671676398,1789657867714059560,1789657867671676398.jpg
1789657867705040933,1789657867745460058,1789657867705040933.jpg
1789657867738406323,1789657867780382726,1789657867738406323.jpg
1789657867771767785,1789657867814599430,1789657867771767785.jpg
1789657867805133004,1789657867849767166,1789657867805133004.jpg
1789657867838495112,1789657867879906381,1789657867838495112.jpg
1789657867871858819,1789657867913013040,1789657867871858819.jpg
1789657867905224428,1789657867946040404,1789657867905224428.jpg
1789657867938587448,1789657867981011570,1789657867938587448.jpg
1789657867971951315,1789657868014215541,1789657867971951315.jpg
1789657868005313433,1789657868044633953,1789657868005313433.jpg
1789657868038680110,1789657868077082702,1789657868038680110.jpg
1789657868072040927,1789657868113457074,1789657868072040927.jpg
1789657868105405443,1789657868146912483,1789657868105405443.jpg
1789657868138770467,1789657868179145052,1789657868138770467.jpg
1789657868172131610,1789657868212926138,1789657868172131610.jpg
1789657868205494664,1789657868246963477,1789657868205494664.jpg
1789657868238858660,1789657868278977904,1789657868238858660.jpg
1789657868272224148,1789657868313011112,1789657868272224148.jpg
1789657868305584975,1789657868346329006,1789657868305584975.jpg
1789657868338954561,1789657868378978565,1789657868338954561.jpg
1789657868372312435,1789657868415599764,1789657868372312435.jpg
1789657868405676932,1789657868445886864,1789657868405676932.jpg
1789657868439038651,1789657868480651295,1789657868439038651.jpg
1789657868472404412,1789657868515924973,1789657868472404412.jpg
1789657868505767063,1789657868546321515,1789657868505767063.jpg
1789657868539131867,1789657868581719948,1789657868539131867.jpg
1789657868572494774,1789657868612804899,1789657868572494774.jpg
1789657868605858863,1789657868647545183,1789657868605858863.jpg
1789657868639223699,1789657868680882465,1789657868639223699.jpg
1789657868672585741,1789657868712981667,1789657868672585741.jpg
1789657868705952724,1789657868745717928,1789657868705952724.jpg
1789657868739311748,1789657868781630589,1789657868739311748.jpg
1789657868772680845,1789657868815163977,1789657868772680845.jpg
1789657868806041294,1789657868845220139,1789657868806041294.jpg
1789657868839402467,1789657868880930009,1789657868839402467.jpg
1789657868872767855,1789657868914811500,1789657868872767855.jpg
1789657868906130708,1789657868946792372,1789657868906130708.jpg
1789657868939497144,1789657868981445399,1789657868939497144.jpg
1789657868972857813,1789657869014602259,1789657868972857813.jpg
1789657869006221340,1789657869047620957,1789657869006221340.jpg
1789657869039585917,1789657869080730023,1789657869039585917.jpg
1789657869072949184,1789657869113976030,1789657869072949184.jpg
1789657869106316152,1789657869147382736,1789657869106316152.jpg
1789657869139675666,1789657869178053327,1789657869139675666.jpg
1789657869173039335,1789657869210935509,1789657869173039335.jpg
1789657869206406191,1789657869247355232,1789657869206406191.jpg
1789657869239767475,1789657869281618601,1789657869239767475.jpg
1789657869273132001,1789657869316103595,1789657869273132001.jpg
1789657869306495918,1789657869346656189,1789657869306495918.jpg
1789657869339859723,1789657869379865326,1789657869339859723.jpg
1789657869373223648,1789657869416318437,1789657869373223648.jpg
1789657869406593383,1789657869449136417,1789657869406593383.jpg
1789657869439952434,1789657869481078476,1789657869439952434.jpg
1789657869473312232,1789657869513075958,1789657869473312232.jpg
1789657869506675648,1789657869546085064,1789657869506675648.jpg
1789657869540040352,1789657869580991158,1789657869540040352.jpg
1789657869573403854,1789657869613805657,1789657869573403854.jpg
1789657869606767346,1789657869647608742,1789657869606767346.jpg
1789657869640132480,1789657869680332929,1789657869640132480.jpg
1789657869673494242,1789657869716211017,1789657869673494242.jpg
1789657869706858626,1789657869748903371,1789657869706858626.jpg
1789657869740222707,1789657869779988951,1789657869740222707.jpg
1789657869773585671,1789657869816207382,1789657869773585671.jpg
1789657869806948463,1789657869846632072,1789657869806948463.jpg
1789657869840311979,1789657869881485538,1789657869840311979.jpg
1789657869873677418,1789657869915860349,1789657869873677418.jpg
1789657869907039330,1789657869947202534,1789657869907039330.jpg
1789657869940403434,1789657869982710946,1789657869940403434.jpg
1789657869973769320,1789657870014449158,1789657869973769320.jpg
1789657870007131490,1789657870048046452,1789657870007131490.jpg
1789657870040494592,1789657870082629369,1789657870040494592.jpg
1789657870073857981,1789657870114658592,1789657870073857981.jpg
1789657870107221224,1789657870147295873,1789657870107221224.jpg
1789657870140585435,1789657870180468123,1789657870140585435.jpg
1789657870173946755,1789657870215031503,1789657870173946755.jpg
1789657870207317049,1789657870248508060,1789657870207317049.jpg
1789657870240674959,1789657870281781344,1789657870240674959.jpg
1789657870274039143,1789657870314639897,1789657870274039143.jpg
1789657870307405790,1789657870349691710,1789657870307405790.jpg
1789657870340767313,1789657870385579835,1789657870340767313.jpg
1789657870374133844,1789657870416484179,1789657870374133844.jpg
1789657870407494790,1789657870447988045,1789657870407494790.jpg
1789657870440858489,1789657870482944675,1789657870440858489.jpg
1789657870474220973,1789657870517692995,1789657870474220973.jpg
1789657870507584910,1789657870549142695,1789657870507584910.jpg
1789657870540952238,1789657870583555654,1789657870540952238.jpg
1789657870574311659,1789657870616084383,1789657870574311659.jpg
1789657870607676058,1789657870650377937,1789657870607676058.jpg
1789657870641041154,1789657870682553119,1789657870641041154.jpg
1789657870674403147,1789657870714365236,1789657870674403147.jpg
1789657870707767892,1789657870751210170,1789657870707767892.jpg
1789657870741147783,1789657870780529628,1789657870741147783.jpg
1789657870774500492,1789657870816556416,1789657870774500492.jpg
1789657870807857971,1789657870849971215,1789657870807857971.jpg
1789657870841221781,1789657870883512214,1789657870841221781.jpg
1789657870874586908,1789657870915418922,1789657870874586908.jpg
1789657870907949282,1789657870948115090,1789657870907949282.jpg
1789657870941310982,1789657870983602781,1789657870941310982.jpg
1789657870974677663,1789657871016388299,1789657870974677663.jpg
1789657871008038912,1789657871048857344,1789657871008038912.jpg
1789657871041403367,1789657871083526389,1789657871041403367.jpg
1789657871074766523,1789657871118980840,1789657871074766523.jpg
1789657871108132665,1789657871150603647,1789657871108132665.jpg
1789657871141494326,1789657871180417778,1789657871141494326.jpg
1789657871174857411,1789657871215415388,1789657871174857411.jpg
1789657871208221824,1789657871250759453,1789657871208221824.jpg
1789657871241584992,1789657871280773153,1789657871241584992.jpg
1789657871274949470,1789657871317527404,1789657871274949470.jpg
1789657871308311710,1789657871349155026,1789657871308311710.jpg
1789657871341674780,1789657871381875638,1789657871341674780.jpg
1789657871375039419,1789657871416823620,1789657871375039419.jpg
1789657871408401673,1789657871451115952,1789657871408401673.jpg
1789657871441766363,1789657871482770166,1789657871441766363.jpg
1789657871475130864,1789657871516043894,1789657871475130864.jpg
1789657871508494043,1789657871551040023,1789657871508494043.jpg
1789657871541860438,1789657871582391856,1789657871541860438.jpg
1789657871575221104,1789657871615988724,1789657871575221104.jpg
1789657871608587066,1789657871648752947,1789657871608587066.jpg
1789657871641948166,1789657871683648949,1789657871641948166.jpg
1789657871675309671,1789657871715556137,1789657871675309671.jpg
1789657871708677974,1789657871750084982,1789657871708677974.jpg
1789657871742038748,1789657871782285182,1789657871742038748.jpg
1789657871775408125,1789657871814485234,1789657871775408125.jpg
1789657871808765435,1789657871849669062,1789657871808765435.jpg
1789657871842131307,1789657871883883821,1789657871842131307.jpg
1789657871875494439,1789657871916072151,1789657871875494439.jpg
1789657871908856911,1789657871949750925,1789657871908856911.jpg
1789657871942220800,1789657871983868558,1789657871942220800.jpg
1789657871975583695,1789657872016941217,1789657871975583695.jpg
1789657872008945896,1789657872049574221,1789657872008945896.jpg
1789657872042315233,1789657872085568065,1789657872042315233.jpg
1789657872075675675,1789657872115342290,1789657872075675675.jpg
1789657872109041483,1789657872149360443,1789657872109041483.jpg
1789657872142402716,1789657872183136381,1789657872142402716.jpg
1789657872175765797,1789657872216957799,1789657872175765797.jpg
1789657872209129808,1789657872250365635,1789657872209129808.jpg
1789657872242493744,1789657872285171047,1789657872242493744.jpg
1789657872275856454,1789657872318119635,1789657872275856454.jpg
1789657872309220070,1789657872351877888,1789657872309220070.jpg
1789657872342587376,1789657872383031189,1789657872342587376.jpg
1789657872375947366,1789657872416820385,1789657872375947366.jpg
1789657872409310645,1789657872449708716,1789657872409310645.jpg
1789657872442676378,1789657872486420949,1789657872442676378.jpg
1789657872476038326,1789657872517870520,1789657872476038326.jpg
1789657872509403698,1789657872550439100,1789657872509403698.jpg
1789657872542767196,1789657872585358564,1789657872542767196.jpg
1789657872576128982,1789657872616454070,1789657872576128982.jpg
1789657872609493450,1789657872649698021,1789657872609493450.jpg
1789657872642857202,1789657872684241439,1789657872642857202.jpg
1789657872676221866,1789657872717768716,1789657872676221866.jpg
1789657872709583363,1789657872752243229,1789657872709583363.jpg
1789657872742947362,1789657872783464917,1789657872742947362.jpg
1789657872776312677,1789657872817104376,1789657872776312677.jpg
1789657872809674242,1789657872849794675,1789657872809674242.jpg
1789657872843039779,1789657872885537729,1789657872843039779.jpg
1789657872876403530,1789657872917774114,1789657872876403530.jpg
1789657872909765876,1789657872949923593,1789657872909765876.jpg
1789657872943130164,1789657872986386833,1789657872943130164.jpg
1789657872976493650,1789657873017931531,1789657872976493650.jpg
1789657873009857091,1789657873051994239,1789657873009857091.jpg
1789657873043220859,1789657873082973766,1789657873043220859.jpg
1789657873076585325,1789657873120159691,1789657873076585325.jpg
1789657873109950132,1789657873152485536,1789657873109950132.jpg
1789657873143310328,1789657873183450619,1789657873143310328.jpg
1789657873176675168,1789657873218554449,1789657873176675168.jpg
1789657873210039138,1789657873250058760,1789657873210039138.jpg
1789657873243403000,1789657873285849516,1789657873243403000.jpg
1789657873276766556,1789657873318045994,1789657873276766556.jpg
1789657873310129107,1789657873355635353,1789657873310129107.jpg
1789657873343499391,1789657873386542438,1789657873343499391.jpg
1789657873376856613,1789657873416292237,1789657873376856613.jpg
1789657873410219531,1789657873448496419,1789657873410219531.jpg
1789657873443585282,1789657873484017831,1789657873443585282.jpg
1789657873476951348,1789657873518277293,1789657873476951348.jpg
1789657873510312092,1789657873552086545,1789657873510312092.jpg
1789657873543674493,1789657873582867651,1789657873543674493.jpg
1789657873577039169,1789657873618829182,1789657873577039169.jpg
1789657873610402695,1789657873652228666,1789657873610402695.jpg
1789657873643765985,1789657873686242968,1789657873643765985.jpg
1789657873677165455,1789657873719328423,1789657873677165455.jpg
1789657873710492403,1789657873750924731,1789657873710492403.jpg
1789657873743857123,1789657873784719335,1789657873743857123.jpg
1789657873777221725,1789657873819099868,1789657873777221725.jpg
1789657873810583605,1789657873851539359,1789657873810583605.jpg
1789657873843947343,1789657873885115838,1789657873843947343.jpg
1789657873877308860,1789657873919063068,1789657873877308860.jpg
1789657873910675598,1789657873953847980,1789657873910675598.jpg
1789657873944040760,1789657873985943331,1789657873944040760.jpg
1789657873977402775,1789657874021881102,1789657873977402775.jpg
1789657874010764267,1789657874052653746,1789657874010764267.jpg
1789657874044128398,1789657874085057330,1789657874044128398.jpg
1789657874077491645,1789657874118644809,1789657874077491645.jpg
1789657874110856407,1789657874151342997,1789657874110856407.jpg
1789657874144218965,1789657874184471803,1789657874144218965.jpg
1789657874177587626,1789657874218920945,1789657874177587626.jpg
1789657874210946852,1789657874252771770,1789657874210946852.jpg
1789657874244311296,1789657874286341065,1789657874244311296.jpg
1789657874277675352,1789657874322819397,1789657874277675352.jpg
1789657874311038590,1789657874350208182,1789657874311038590.jpg
1789657874344405127,1789657874387072782,1789657874344405127.jpg
1789657874377765212,1789657874418013440,1789657874377765212.jpg
1789657874411129630,1789657874452764705,1789657874411129630.jpg
1789657874444493092,1789657874484626506,1789657874444493092.jpg
1789657874477856265,1789657874518366370,1789657874477856265.jpg
1789657874511222360,1789657874552918344,1789657874511222360.jpg
1789657874544583315,1789657874584603242,1789657874544583315.jpg
1789657874577946899,1789657874620176282,1789657874577946899.jpg
1789657874611312379,1789657874654184585,1789657874611312379.jpg
1789657874644674900,1789657874685535047,1789657874644674900.jpg
1789657874678037934,1789657874721119568,1789657874678037934.jpg
1789657874711400440,1789657874751959747,1789657874711400440.jpg
1789657874744765833,1789657874785857719,1789657874744765833.jpg
1789657874778132060,1789657874820154162,1789657874778132060.jpg
1789657874811492974,1789657874852571875,1789657874811492974.jpg
1789657874844869006,1789657874886329572,1789657874844869006.jpg
1789657874878219148,1789657874920931267,1789657874878219148.jpg
1789657874911582500,1789657874954073887,1789657874911582500.jpg
1789657874944947110,1789657874984126623,1789657874944947110.jpg
1789657874978309190,1789657875017879450,1789657874978309190.jpg
1789657875011678586,1789657875054475465,1789657875011678586.jpg
1789657875045037332,1789657875086682664,1789657875045037332.jpg
1789657875078400753,1789657875120289495,1789657875078400753.jpg
1789657875111765838,1789657875151745177,1789657875111765838.jpg
1789657875145131005,1789657875186161117,1789657875145131005.jpg
1789657875178491678,1789657875220465375,1789657875178491678.jpg
1789657875211856445,1789657875254853389,1789657875211856445.jpg
1789657875245224619,1789657875287564706,1789657875245224619.jpg
1789657875278583524,1789657875320781788,1789657875278583524.jpg
1789657875311946938,1789657875351916385,1789657875311946938.jpg
1789657875345313588,1789657875388055577,1789657875345313588.jpg
1789657875378675446,1789657875422144933,1789657875378675446.jpg
1789657875412039057,1789657875453502340,1789657875412039057.jpg
1789657875445405411,1789657875487119485,1789657875445405411.jpg
1789657875478765545,1789657875521277506,1789657875478765545.jpg
1789657875512132249,1789657875557097391,1789657875512132249.jpg
1789657875545492364,1789657875586977095,1789657875545492364.jpg
1789657875578858456,1789657875621539568,1789657875578858456.jpg
1789657875612221278,1789657875654258014,1789657875612221278.jpg
1789657875645581569,1789657875690180175,1789657875645581569.jpg
1789657875678947973,1789657875719795367,1789657875678947973.jpg
1789657875712311502,1789657875753067225,1789657875712311502.jpg
1789657875745673459,1789657875787021898,1789657875745673459.jpg
1789657875779040266,1789657875820009986,1789657875779040266.jpg
1789657875812400912,1789657875852354015,1789657875812400912.jpg
1789657875845764655,1789657875888238140,1789657875845764655.jpg
1789657875879129174,1789657875921170896,1789657875879129174.jpg
1789657875912493806,1789657875953887731,1789657875912493806.jpg
1789657875945857745,1789657875987073480,1789657875945857745.jpg
1789657875979219217,1789657876023361039,1789657875979219217.jpg
1789657876012583831,1789657876054338973,1789657876012583831.jpg
1789657876045951266,1789657876086768408,1789657876045951266.jpg
1789657876079311576,1789657876120201614,1789657876079311576.jpg
1789657876112675905,1789657876153652338,1789657876112675905.jpg
1789657876146038229,1789657876187405683,1789657876146038229.jpg
1789657876179401427,1789657876223680484,1789657876179401427.jpg
1789657876212764333,1789657876252956128,1789657876212764333.jpg
1789657876246131283,1789657876287151629,1789657876246131283.jpg
1789657876279491142,1789657876320860513,1789657876279491142.jpg
1789657876312857171,1789657876353932265,1789657876312857171.jpg
1789657876346223701,1789657876386462438,1789657876346223701.jpg
1789657876379581794,1789657876420304578,1789657876379581794.jpg
1789657876412946714,1789657876453217241,1789657876412946714.jpg
1789657876446311179,1789657876488384236,1789657876446311179.jpg
1789657876479673704,1789657876521264104,1789657876479673704.jpg
1789657876513040234,1789657876555153502,1789657876513040234.jpg
1789657876546401604,1789657876589360373,1789657876546401604.jpg
1789657876579767080,1789657876621596091,1789657876579767080.jpg
1789657876613128623,1789657876654509235,1789657876613128623.jpg
1789657876646491284,1789657876687194256,1789657876646491284.jpg
1789657876679857602,1789657876721401998,1789657876679857602.jpg
1789657876713220487,1789657876754542192,1789657876713220487.jpg
1789657876746583836,1789657876786759725,1789657876746583836.jpg
1789657876779945581,1789657876821359901,1789657876779945581.jpg
1789657876813310899,1789657876856180201,1789657876813310899.jpg
1789657876846675720,1789657876888878092,1789657876846675720.jpg
1789657876880038102,1789657876920421254,1789657876880038102.jpg
1789657876913402331,1789657876954101564,1789657876913402331.jpg
1789657876946764064,1789657876988037905,1789657876946764064.jpg
1789657876980129337,1789657877022735042,1789657876980129337.jpg
1789657877013492725,1789657877054282036,1789657877013492725.jpg
1789657877046855689,1789657877087128497,1789657877046855689.jpg
1789657877080220916,1789657877121389200,1789657877080220916.jpg
1789657877113582766,1789657877156017690,1789657877113582766.jpg
1789657877146947725,1789657877188272333,1789657877146947725.jpg
1789657877180310650,1789657877219503132,1789657877180310650.jpg
1789657877213673422,1789657877253786631,1789657877213673422.jpg
1789657877247038821,1789657877288848962,1789657877247038821.jpg
1789657877280402094,1789657877321513372,1789657877280402094.jpg
1789657877313765658,1789657877355189016,1789657877313765658.jpg
1789657877347128075,1789657877387727393,1789657877347128075.jpg
1789657877380492724,1789657877420635834,1789657877380492724.jpg
1789657877413859981,1789657877456250466,1789657877413859981.jpg
1789657877447219218,1789657877487257826,1789657877447219218.jpg
1789657877480584386,1789657877523235467,1789657877480584386.jpg
1789657877513946757,1789657877554274530,1789657877513946757.jpg
1789657877547308854,1789657877586429805,1789657877547308854.jpg
1789657877580674608,1789657877622307615,1789657877580674608.jpg
1789657877614036130,1789657877656157366,1789657877614036130.jpg
1789657877647401596,1789657877689382762,1789657877647401596.jpg
1789657877680765709,1789657877721868177,1789657877680765709.jpg
1789657877714127674,1789657877756302264,1789657877714127674.jpg
1789657877747492922,1789657877791203118,1789657877747492922.jpg
1789657877780855589,1789657877821938762,1789657877780855589.jpg
1789657877814221242,1789657877855936731,1789657877814221242.jpg
1789657877847586402,1789657877887737553,1789657877847586402.jpg
1789657877880946224,1789657877922465948,1789657877880946224.jpg
1789657877914310684,1789657877956812389,1789657877914310684.jpg
1789657877947672756,1789657877987648531,1789657877947672756.jpg
1789657877981038314,1789657878022237745,1789657877981038314.jpg
1789657878014400461,1789657878055955221,1789657878014400461.jpg
1789657878047763419,1789657878090372031,1789657878047763419.jpg
1789657878081131215,1789657878123968566,1789657878081131215.jpg
1789657878114493345,1789657878154111429,1789657878114493345.jpg
1789657878147855406,1789657878191266985,1789657878147855406.jpg
1789657878181218799,1789657878221754062,1789657878181218799.jpg
1789657878214582608,1789657878254987680,1789657878214582608.jpg
1789657878247945713,1789657878289256661,1789657878247945713.jpg
1789657878281308808,1789657878321590598,1789657878281308808.jpg
1789657878314673236,1789657878356921867,1789657878314673236.jpg
1789657878348037309,1789657878388485879,1789657878348037309.jpg
1789657878381401220,1789657878422176300,1789657878381401220.jpg
1789657878414764668,1789657878456669498,1789657878414764668.jpg
1789657878448128518,1789657878491252359,1789657878448128518.jpg
1789657878481493108,1789657878525023519,1789657878481493108.jpg
1789657878514856024,1789657878554691061,1789657878514856024.jpg
1789657878548219025,1789657878589509713,1789657878548219025.jpg
1789657878581583623,1789657878623201523,1789657878581583623.jpg
1789657878614945315,1789657878654870478,1789657878614945315.jpg
1789657878648309960,1789657878688794412,1789657878648309960.jpg
1789657878681674010,1789657878722220192,1789657878681674010.jpg
1789657878715036166,1789657878757380761,1789657878715036166.jpg
1789657878748400467,1789657878789046789,1789657878748400467.jpg
1789657878781763918,1789657878823645410,1789657878781763918.jpg
1789657878815127228,1789657878860246812,1789657878815127228.jpg
1789657878848492033,1789657878891255950,1789657878848492033.jpg
1789657878881854638,1789657878925079387,1789657878881854638.jpg
1789657878915217896,1789657878954859370,1789657878915217896.jpg
1789657878948582185,1789657878987924733,1789657878948582185.jpg
1789657878981946238,1789657879027146533,1789657878981946238.jpg
1789657879015310223,1789657879056994496,1789657879015310223.jpg
1789657879048672320,1789657879088426882,1789657879048672320.jpg
1789657879082037963,1789657879125664232,1789657879082037963.jpg
1789657879115401328,1789657879157429758,1789657879115401328.jpg
1789657879148765832,1789657879190103464,1789657879148765832.jpg
1789657879182127551,1789657879223795774,1789657879182127551.jpg
1789657879215491884,1789657879257562916,1789657879215491884.jpg
1789657879248854704,1789657879289394440,1789657879248854704.jpg
1789657879282216936,1789657879324094947,1789657879282216936.jpg
1789657879315581609,1789657879358006400,1789657879315581609.jpg
1789657879348954992,1789657879390550943,1789657879348954992.jpg
1789657879382308782,1789657879423591936,1789657879382308782.jpg
1789657879415673848,1789657879458142632,1789657879415673848.jpg
1789657879449037127,1789657879490464292,1789657879449037127.jpg
1789657879482402268,1789657879524184842,1789657879482402268.jpg
1789657879515763295,1789657879555717041,1789657879515763295.jpg
1789657879549126969,1789657879590700429,1789657879549126969.jpg
1789657879582491301,1789657879623780570,1789657879582491301.jpg
1789657879615856119,1789657879656162691,1789657879615856119.jpg
1789657879649221495,1789657879690593464,1789657879649221495.jpg
1789657879682581457,1789657879725173714,1789657879682581457.jpg
1789657879715945472,1789657879756982054,1789657879715945472.jpg
1789657879749307408,1789657879791347551,1789657879749307408.jpg
1789657879782672757,1789657879823971481,1789657879782672757.jpg
1789657879816035661,1789657879858645710,1789657879816035661.jpg
1789657879849400605,1789657879893709671,1789657879849400605.jpg
1789657879882764327,1789657879925685451,1789657879882764327.jpg
1789657879916126637,1789657879957060116,1789657879916126637.jpg
1789657879949490839,1789657879993470468,1789657879949490839.jpg
1789657879982857235,1789657880024674175,1789657879982857235.jpg
1789657880016218645,1789657880058147731,1789657880016218645.jpg
1789657880049580788,1789657880089454787,1789657880049580788.jpg
1789657880082943963,1789657880125307506,1789657880082943963.jpg
1789657880116309778,1789657880158586234,1789657880116309778.jpg
1789657880149672182,1789657880190501311,1789657880149672182.jpg
1789657880183034716,1789657880225190337,1789657880183034716.jpg
1789657880216401036,1789657880259465151,1789657880216401036.jpg
1789657880249766447,1789657880291153086,1789657880249766447.jpg
1789657880283127464,1789657880323942401,1789657880283127464.jpg
1789657880316490952,1789657880358710758,1789657880316490952.jpg
1789657880349855046,1789657880393499207,1789657880349855046.jpg
1789657880383223666,1789657880424119502,1789657880383223666.jpg
1789657880416582795,1789657880457886199,1789657880416582795.jpg
1789657880449946176,1789657880492554411,1789657880449946176.jpg
1789657880483308625,1789657880525161526,1789657880483308625.jpg
1789657880516672816,1789657880557455446,1789657880516672816.jpg
1789657880550041131,1789657880590955094,1789657880550041131.jpg
1789657880583400238,1789657880626891070,1789657880583400238.jpg
1789657880616764044,1789657880659416613,1789657880616764044.jpg
1789657880650174865,1789657880690629635,1789657880650174865.jpg
1789657880683489664,1789657880728241586,1789657880683489664.jpg
1789657880716853990,1789657880759369961,1789657880716853990.jpg
1789657880750216892,1789657880791885709,1789657880750216892.jpg
1789657880783580634,1789657880824567082,1789657880783580634.jpg
1789657880816946258,1789657880859772261,1789657880816946258.jpg
1789657880850308796,1789657880891318311,1789657880850308796.jpg
1789657880883675478,1789657880926060428,1789657880883675478.jpg
1789657880917041695,1789657880957672254,1789657880917041695.jpg
1789657880950399635,1789657880991005129,1789657880950399635.jpg
1789657880983764984,1789657881026335323,1789657880983764984.jpg
1789657881017127056,1789657881058193735,1789657881017127056.jpg
1789657881050490604,1789657881091544999,1789657881050490604.jpg
1789657881083856113,1789657881126997801,1789657881083856113.jpg
1789657881117251349,1789657881159961408,1789657881117251349.jpg
1789657881150583476,1789657881193274061,1789657881150583476.jpg
1789657881183944693,1789657881225231600,1789657881183944693.jpg
1789657881217309122,1789657881259115165,1789657881217309122.jpg
1789657881250670947,1789657881293679805,1789657881250670947.jpg
1789657881284035166,1789657881326629615,1789657881284035166.jpg
1789657881317398755,1789657881360101820,1789657881317398755.jpg
1789657881350761903,1789657881392140728,1789657881350761903.jpg
1789657881384131648,1789657881427530643,1789657881384131648.jpg
1789657881417490028,1789657881458754516,1789657881417490028.jpg
1789657881450853965,1789657881491134748,1789657881450853965.jpg
1789657881484218830,1789657881526347501,1789657881484218830.jpg
1789657881517583154,1789657881558505258,1789657881517583154.jpg
1789657881550944868,1789657881593906802,1789657881550944868.jpg
1789657881584307733,1789657881624400379,1789657881584307733.jpg
1789657881617672369,1789657881659465728,1789657881617672369.jpg
1789657881651036451,1789657881693430106,1789657881651036451.jpg
1789657881684398214,1789657881724844104,1789657881684398214.jpg
1789657881717765268,1789657881755536842,1789657881717765268.jpg
1789657881751132426,1789657881790266126,1789657881751132426.jpg
1789657881784489429,1789657881831062070,1789657881784489429.jpg
1789657881817854557,1789657881859045062,1789657881817854557.jpg
1789657881851216516,1789657881891034805,1789657881851216516.jpg
1789657881884582222,1789657881928086530,1789657881884582222.jpg
1789657881917947882,1789657881959893647,1789657881917947882.jpg
1789657881951309226,1789657881994370678,1789657881951309226.jpg
1789657881984673193,1789657882027336951,1789657881984673193.jpg
1789657882018035621,1789657882059047978,1789657882018035621.jpg
1789657882051399396,1789657882093079576,1789657882051399396.jpg
1789657882084765585,1789657882128040021,1789657882084765585.jpg
