t_start_ns,t_end_ns,t_bag_ns,scan_idx,bssid,ssid,rssi_dbm,freq_mhz,last_seen_ms
1784885670159806976,1784885673820956928,1784885673856722404,0,2c:5a:0f:e5:7f:e1,eduroam,-66.0,2412.0,0
1784885670159806976,1784885673820956928,1784885673856722404,0,8c:97:ea:a4:87:80,Freebox-32CD89,-67.0,2412.0,4200
1784885670159806976,1784885673820956928,1784885673856722404,0,52:04:df:14:fa:1a,iPhone moe b,-48.0,2437.0,0
1784885670159806976,1784885673820956928,1784885673856722404,0,d4:bd:4f:61:f4:54,CESI_Iot,-70.0,2427.0,0
1784885670159806976,1784885673820956928,1784885673856722404,0,d4:bd:4f:61:e5:70,CESI_Corp,-49.0,2457.0,0
1784885670159806976,1784885673820956928,1784885673856722404,0,d4:bd:4f:61:e5:71,CESI_HotSpot,-48.0,2457.0,0
1784885670159806976,1784885673820956928,1784885673856722404,0,d4:bd:4f:61:e5:72,CESI_Robots,-49.0,2457.0,4200
1784885670159806976,1784885673820956928,1784885673856722404,0,d4:bd:4f:61:e5:73,CESI_Recherche,-45.0,2457.0,0
1784885670159806976,1784885673820956928,1784885673856722404,0,d4:bd:4f:61:e5:74,CESI_Iot,-45.0,2457.0,0
1784885670159806976,1784885673820956928,1784885673856722404,0,d4:bd:4f:61:91:c0,CESI_Corp,-65.0,2472.0,0
1784885670159806976,1784885673820956928,1784885673856722404,0,d4:bd:4f:61:91:c1,CESI_HotSpot,-66.0,2472.0,0
1784885670159806976,1784885673820956928,1784885673856722404,0,d4:bd:4f:61:91:c2,CESI_Robots,-66.0,2472.0,0
1784885670159806976,1784885673820956928,1784885673856722404,0,d4:bd:4f:61:91:c3,CESI_Recherche,-66.0,2472.0,0
1784885670159806976,1784885673820956928,1784885673856722404,0,d4:bd:4f:61:91:c4,CESI_Iot,-64.0,2472.0,0
1784885670159806976,1784885673820956928,1784885673856722404,0,8e:97:ea:a4:87:85,,-81.0,5200.0,0
1784885670159806976,1784885673820956928,1784885673856722404,0,d4:bd:4f:a0:d2:d0,CESI_Corp,-76.0,5540.0,0
1784885670159806976,1784885673820956928,1784885673856722404,0,d4:bd:4f:a0:d2:d1,CESI_HotSpot,-76.0,5540.0,0
1784885670159806976,1784885673820956928,1784885673856722404,0,d4:bd:4f:a0:d2:d2,CESI_Robots,-76.0,5540.0,0
1784885670159806976,1784885673820956928,1784885673856722404,0,d4:bd:4f:a0:d2:d3,CESI_Recherche,-76.0,5540.0,0
1784885670159806976,1784885673820956928,1784885673856722404,0,d4:bd:4f:a0:d2:d4,CESI_Iot,-76.0,5540.0,0
1784885670159806976,1784885673820956928,1784885673856722404,0,d4:bd:4f:a1:f4:50,CESI_Corp,-66.0,5580.0,0
1784885670159806976,1784885673820956928,1784885673856722404,0,d4:bd:4f:a1:f4:51,CESI_HotSpot,-66.0,5580.0,0
1784885670159806976,1784885673820956928,1784885673856722404,0,d4:bd:4f:a1:f4:52,CESI_Robots,-66.0,5580.0,0
1784885670159806976,1784885673820956928,1784885673856722404,0,d4:bd:4f:a1:f4:53,CESI_Recherche,-66.0,5580.0,0
1784885670159806976,1784885673820956928,1784885673856722404,0,d4:bd:4f:a1:f4:54,CESI_Iot,-66.0,5580.0,0
1784885670159806976,1784885673820956928,1784885673856722404,0,d4:bd:4f:a1:e5:70,CESI_Corp,-43.0,5640.0,0
1784885670159806976,1784885673820956928,1784885673856722404,0,d4:bd:4f:a1:e5:71,CESI_HotSpot,-43.0,5640.0,0
1784885670159806976,1784885673820956928,1784885673856722404,0,d4:bd:4f:a1:e5:72,CESI_Robots,-43.0,5640.0,0
1784885670159806976,1784885673820956928,1784885673856722404,0,d4:bd:4f:a1:e5:73,CESI_Recherche,-43.0,5640.0,0
1784885670159806976,1784885673820956928,1784885673856722404,0,d4:bd:4f:a1:e5:74,CESI_Iot,-43.0,5640.0,0
1784885670159806976,1784885673820956928,1784885673856722404,0,d4:bd:4f:a1:91:c0,CESI_Corp,-60.0,5660.0,0
1784885670159806976,1784885673820956928,1784885673856722404,0,d4:bd:4f:a1:91:c1,CESI_HotSpot,-60.0,5660.0,0
1784885670159806976,1784885673820956928,1784885673856722404,0,d4:bd:4f:a1:91:c2,CESI_Robots,-60.0,5660.0,0
1784885670159806976,1784885673820956928,1784885673856722404,0,d4:bd:4f:a1:91:c3,CESI_Recherche,-60.0,5660.0,0
1784885670159806976,1784885673820956928,1784885673856722404,0,d4:bd:4f:a1:91:c4,CESI_Iot,-60.0,5660.0,0
1784885670159806976,1784885673820956928,1784885673856722404,0,d4:bd:4f:60:d2:d2,CESI_Robots,-77.0,2457.0,16588
1784885670159806976,1784885673820956928,1784885673856722404,0,d4:bd:4f:61:f4:50,CESI_Corp,-68.0,2427.0,4200
1784885670159806976,1784885673820956928,1784885673856722404,0,d4:bd:4f:61:f4:51,CESI_HotSpot,-67.0,2427.0,4200
1784885670159806976,1784885673820956928,1784885673856722404,0,d4:bd:4f:61:f4:52,CESI_Robots,-70.0,2427.0,4200
1784885670159806976,1784885673820956928,1784885673856722404,0,d4:bd:4f:61:f4:53,CESI_Recherche,-70.0,2427.0,0
1784885670159806976,1784885673820956928,1784885673856722404,0,2c:5a:0f:e5:7f:ef,eduspot,-87.0,5280.0,4200
1784885670159806976,1784885673820956928,1784885673856722404,0,8e:97:ea:a4:87:81,,-68.0,2412.0,24880
1784885670159806976,1784885673820956928,1784885673856722404,0,d4:bd:4f:60:d2:d3,CESI_Recherche,-77.0,2457.0,4200
1784885670159806976,1784885673820956928,1784885673856722404,0,8c:97:ea:a4:87:84,Freebox-32CD89,-81.0,5200.0,4200
1784885670159806976,1784885673820956928,1784885673856722404,0,2c:5a:0f:e5:7f:e0,eduspot,-66.0,2412.0,0
1784885670159806976,1784885673820956928,1784885673856722404,0,32:24:a9:e8:3e:7f,DIRECT-7F-HP OfficeJet Pro 9010,-61.0,2437.0,8296
1784885670159806976,1784885673820956928,1784885673856722404,0,d4:bd:4f:60:d2:d0,CESI_Corp,-78.0,2457.0,4200
1784885670159806976,1784885673820956928,1784885673856722404,0,d4:bd:4f:60:d2:d1,CESI_HotSpot,-80.0,2457.0,0
1784885670159806976,1784885673820956928,1784885673856722404,0,2c:5a:0f:e5:7f:ee,eduroam,-89.0,5280.0,12492
1784885674360048128,1784885678016340992,1784885678048731920,1,2c:5a:0f:e5:7f:e1,eduroam,-66.0,2412.0,4200
1784885674360048128,1784885678016340992,1784885678048731920,1,8c:97:ea:a4:87:80,Freebox-32CD89,-67.0,2412.0,4
1784885674360048128,1784885678016340992,1784885678048731920,1,52:04:df:14:fa:1a,iPhone moe b,-46.0,2437.0,4
1784885674360048128,1784885678016340992,1784885678048731920,1,d4:bd:4f:61:f4:54,CESI_Iot,-67.0,2427.0,0
1784885674360048128,1784885678016340992,1784885678048731920,1,d4:bd:4f:61:e5:70,CESI_Corp,-46.0,2457.0,4
1784885674360048128,1784885678016340992,1784885678048731920,1,d4:bd:4f:61:e5:71,CESI_HotSpot,-46.0,2457.0,4
1784885674360048128,1784885678016340992,1784885678048731920,1,d4:bd:4f:61:e5:72,CESI_Robots,-46.0,2457.0,4
1784885674360048128,1784885678016340992,1784885678048731920,1,d4:bd:4f:61:e5:73,CESI_Recherche,-46.0,2457.0,4
1784885674360048128,1784885678016340992,1784885678048731920,1,d4:bd:4f:61:e5:74,CESI_Iot,-46.0,2457.0,4
1784885674360048128,1784885678016340992,1784885678048731920,1,d4:bd:4f:61:91:c0,CESI_Corp,-62.0,2472.0,4
1784885674360048128,1784885678016340992,1784885678048731920,1,d4:bd:4f:61:91:c1,CESI_HotSpot,-62.0,2472.0,4
1784885674360048128,1784885678016340992,1784885678048731920,1,d4:bd:4f:61:91:c2,CESI_Robots,-64.0,2472.0,4
1784885674360048128,1784885678016340992,1784885678048731920,1,d4:bd:4f:61:91:c3,CESI_Recherche,-62.0,2472.0,4
1784885674360048128,1784885678016340992,1784885678048731920,1,d4:bd:4f:61:91:c4,CESI_Iot,-62.0,2472.0,4
1784885674360048128,1784885678016340992,1784885678048731920,1,8e:97:ea:a4:87:85,,-81.0,5200.0,0
1784885674360048128,1784885678016340992,1784885678048731920,1,d4:bd:4f:a0:d2:d0,CESI_Corp,-74.0,5540.0,0
1784885674360048128,1784885678016340992,1784885678048731920,1,d4:bd:4f:a0:d2:d1,CESI_HotSpot,-74.0,5540.0,0
1784885674360048128,1784885678016340992,1784885678048731920,1,d4:bd:4f:a0:d2:d2,CESI_Robots,-74.0,5540.0,0
1784885674360048128,1784885678016340992,1784885678048731920,1,d4:bd:4f:a0:d2:d3,CESI_Recherche,-74.0,5540.0,0
1784885674360048128,1784885678016340992,1784885678048731920,1,d4:bd:4f:a0:d2:d4,CESI_Iot,-74.0,5540.0,0
1784885674360048128,1784885678016340992,1784885678048731920,1,d4:bd:4f:a1:f4:50,CESI_Corp,-69.0,5580.0,0
1784885674360048128,1784885678016340992,1784885678048731920,1,d4:bd:4f:a1:f4:51,CESI_HotSpot,-69.0,5580.0,0
1784885674360048128,1784885678016340992,1784885678048731920,1,d4:bd:4f:a1:f4:52,CESI_Robots,-69.0,5580.0,0
1784885674360048128,1784885678016340992,1784885678048731920,1,d4:bd:4f:a1:f4:53,CESI_Recherche,-69.0,5580.0,0
1784885674360048128,1784885678016340992,1784885678048731920,1,d4:bd:4f:a1:f4:54,CESI_Iot,-69.0,5580.0,0
1784885674360048128,1784885678016340992,1784885678048731920,1,d4:bd:4f:a1:e5:70,CESI_Corp,-45.0,5640.0,0
1784885674360048128,1784885678016340992,1784885678048731920,1,d4:bd:4f:a1:e5:71,CESI_HotSpot,-45.0,5640.0,0
1784885674360048128,1784885678016340992,1784885678048731920,1,d4:bd:4f:a1:e5:72,CESI_Robots,-45.0,5640.0,0
1784885674360048128,1784885678016340992,1784885678048731920,1,d4:bd:4f:a1:e5:73,CESI_Recherche,-45.0,5640.0,0
1784885674360048128,1784885678016340992,1784885678048731920,1,d4:bd:4f:a1:e5:74,CESI_Iot,-45.0,5640.0,0
1784885674360048128,1784885678016340992,1784885678048731920,1,d4:bd:4f:a1:91:c0,CESI_Corp,-56.0,5660.0,0
1784885674360048128,1784885678016340992,1784885678048731920,1,d4:bd:4f:a1:91:c1,CESI_HotSpot,-56.0,5660.0,0
1784885674360048128,1784885678016340992,1784885678048731920,1,d4:bd:4f:a1:91:c2,CESI_Robots,-56.0,5660.0,0
1784885674360048128,1784885678016340992,1784885678048731920,1,d4:bd:4f:a1:91:c3,CESI_Recherche,-56.0,5660.0,0
1784885674360048128,1784885678016340992,1784885678048731920,1,d4:bd:4f:a1:91:c4,CESI_Iot,-56.0,5660.0,0
1784885674360048128,1784885678016340992,1784885678048731920,1,d4:bd:4f:60:d2:d2,CESI_Robots,-77.0,2457.0,20788
1784885674360048128,1784885678016340992,1784885678048731920,1,d4:bd:4f:61:f4:50,CESI_Corp,-69.0,2427.0,4
1784885674360048128,1784885678016340992,1784885678048731920,1,d4:bd:4f:61:f4:51,CESI_HotSpot,-69.0,2427.0,0
1784885674360048128,1784885678016340992,1784885678048731920,1,d4:bd:4f:61:f4:52,CESI_Robots,-69.0,2427.0,0
1784885674360048128,1784885678016340992,1784885678048731920,1,d4:bd:4f:61:f4:53,CESI_Recherche,-66.0,2427.0,0
1784885674360048128,1784885678016340992,1784885678048731920,1,2c:5a:0f:e5:7f:ef,eduspot,-87.0,5280.0,8400
1784885674360048128,1784885678016340992,1784885678048731920,1,8e:97:ea:a4:87:81,,-68.0,2412.0,29080
1784885674360048128,1784885678016340992,1784885678048731920,1,d4:bd:4f:60:d2:d3,CESI_Recherche,-77.0,2457.0,8400
1784885674360048128,1784885678016340992,1784885678048731920,1,8c:97:ea:a4:87:84,Freebox-32CD89,-81.0,5200.0,8400
1784885674360048128,1784885678016340992,1784885678048731920,1,2c:5a:0f:e5:7f:e0,eduspot,-67.0,2412.0,4
1784885674360048128,1784885678016340992,1784885678048731920,1,32:24:a9:e8:3e:7f,DIRECT-7F-HP OfficeJet Pro 9010,-61.0,2437.0,12496
1784885674360048128,1784885678016340992,1784885678048731920,1,d4:bd:4f:60:d2:d0,CESI_Corp,-78.0,2457.0,8400
1784885674360048128,1784885678016340992,1784885678048731920,1,d4:bd:4f:60:d2:d1,CESI_HotSpot,-79.0,2457.0,4
1784885674360048128,1784885678016340992,1784885678048731920,1,2c:5a:0f:e5:7f:ee,eduroam,-89.0,5280.0,16692
1784885678551478016,1784885682218206976,1784885682252693336,2,2c:5a:0f:e5:7f:e1,eduroam,-69.0,2412.0,0
1784885678551478016,1784885682218206976,1784885682252693336,2,8c:97:ea:a4:87:80,Freebox-32CD89,-65.0,2412.0,0
1784885678551478016,1784885682218206976,1784885682252693336,2,52:04:df:14:fa:1a,iPhone moe b,-46.0,2437.0,0
1784885678551478016,1784885682218206976,1784885682252693336,2,d4:bd:4f:61:f4:54,CESI_Iot,-66.0,2427.0,0
1784885678551478016,1784885682218206976,1784885682252693336,2,d4:bd:4f:61:e5:70,CESI_Corp,-40.0,2457.0,0
1784885678551478016,1784885682218206976,1784885682252693336,2,d4:bd:4f:61:e5:71,CESI_HotSpot,-46.0,2457.0,4200
1784885678551478016,1784885682218206976,1784885682252693336,2,d4:bd:4f:61:e5:72,CESI_Robots,-40.0,2457.0,0
1784885678551478016,1784885682218206976,1784885682252693336,2,d4:bd:4f:61:e5:73,CESI_Recherche,-40.0,2457.0,0
1784885678551478016,1784885682218206976,1784885682252693336,2,d4:bd:4f:61:e5:74,CESI_Iot,-40.0,2457.0,0
1784885678551478016,1784885682218206976,1784885682252693336,2,d4:bd:4f:61:91:c0,CESI_Corp,-63.0,2472.0,0
1784885678551478016,1784885682218206976,1784885682252693336,2,d4:bd:4f:61:91:c1,CESI_HotSpot,-64.0,2472.0,0
1784885678551478016,1784885682218206976,1784885682252693336,2,d4:bd:4f:61:91:c2,CESI_Robots,-64.0,2472.0,0
1784885678551478016,1784885682218206976,1784885682252693336,2,d4:bd:4f:61:91:c3,CESI_Recherche,-62.0,2472.0,0
1784885678551478016,1784885682218206976,1784885682252693336,2,d4:bd:4f:61:91:c4,CESI_Iot,-65.0,2472.0,0
1784885678551478016,1784885682218206976,1784885682252693336,2,8e:97:ea:a4:87:85,,-81.0,5200.0,4196
1784885678551478016,1784885682218206976,1784885682252693336,2,d4:bd:4f:a0:d2:d0,CESI_Corp,-76.0,5540.0,0
1784885678551478016,1784885682218206976,1784885682252693336,2,d4:bd:4f:a0:d2:d1,CESI_HotSpot,-75.0,5540.0,0
1784885678551478016,1784885682218206976,1784885682252693336,2,d4:bd:4f:a0:d2:d2,CESI_Robots,-75.0,5540.0,0
1784885678551478016,1784885682218206976,1784885682252693336,2,d4:bd:4f:a0:d2:d3,CESI_Recherche,-75.0,5540.0,0
1784885678551478016,1784885682218206976,1784885682252693336,2,d4:bd:4f:a0:d2:d4,CESI_Iot,-75.0,5540.0,0
1784885678551478016,1784885682218206976,1784885682252693336,2,d4:bd:4f:a1:f4:50,CESI_Corp,-72.0,5580.0,0
1784885678551478016,1784885682218206976,1784885682252693336,2,d4:bd:4f:a1:f4:51,CESI_HotSpot,-72.0,5580.0,0
1784885678551478016,1784885682218206976,1784885682252693336,2,d4:bd:4f:a1:f4:52,CESI_Robots,-72.0,5580.0,0
1784885678551478016,1784885682218206976,1784885682252693336,2,d4:bd:4f:a1:f4:53,CESI_Recherche,-72.0,5580.0,0
1784885678551478016,1784885682218206976,1784885682252693336,2,d4:bd:4f:a1:f4:54,CESI_Iot,-72.0,5580.0,0
1784885678551478016,1784885682218206976,1784885682252693336,2,d4:bd:4f:a1:e5:70,CESI_Corp,-38.0,5640.0,0
1784885678551478016,1784885682218206976,1784885682252693336,2,d4:bd:4f:a1:e5:71,CESI_HotSpot,-38.0,5640.0,0
1784885678551478016,1784885682218206976,1784885682252693336,2,d4:bd:4f:a1:e5:72,CESI_Robots,-38.0,5640.0,0
1784885678551478016,1784885682218206976,1784885682252693336,2,d4:bd:4f:a1:e5:73,CESI_Recherche,-38.0,5640.0,0
1784885678551478016,1784885682218206976,1784885682252693336,2,d4:bd:4f:a1:e5:74,CESI_Iot,-39.0,5640.0,0
1784885678551478016,1784885682218206976,1784885682252693336,2,d4:bd:4f:a1:91:c0,CESI_Corp,-59.0,5660.0,0
1784885678551478016,1784885682218206976,1784885682252693336,2,d4:bd:4f:a1:91:c1,CESI_HotSpot,-59.0,5660.0,0
1784885678551478016,1784885682218206976,1784885682252693336,2,d4:bd:4f:a1:91:c2,CESI_Robots,-59.0,5660.0,0
1784885678551478016,1784885682218206976,1784885682252693336,2,d4:bd:4f:a1:91:c3,CESI_Recherche,-59.0,5660.0,0
1784885678551478016,1784885682218206976,1784885682252693336,2,d4:bd:4f:a1:91:c4,CESI_Iot,-60.0,5660.0,0
1784885678551478016,1784885682218206976,1784885682252693336,2,d4:bd:4f:60:d2:d2,CESI_Robots,-77.0,2457.0,24984
1784885678551478016,1784885682218206976,1784885682252693336,2,d4:bd:4f:61:f4:50,CESI_Corp,-69.0,2427.0,4200
1784885678551478016,1784885682218206976,1784885682252693336,2,d4:bd:4f:61:f4:51,CESI_HotSpot,-69.0,2427.0,4196
1784885678551478016,1784885682218206976,1784885682252693336,2,d4:bd:4f:61:f4:52,CESI_Robots,-69.0,2427.0,4196
1784885678551478016,1784885682218206976,1784885682252693336,2,d4:bd:4f:61:f4:53,CESI_Recherche,-66.0,2427.0,4196
1784885678551478016,1784885682218206976,1784885682252693336,2,2c:5a:0f:e5:7f:ef,eduspot,-84.0,5280.0,0
1784885678551478016,1784885682218206976,1784885682252693336,2,8e:97:ea:a4:87:81,,-70.0,2412.0,0
1784885678551478016,1784885682218206976,1784885682252693336,2,d4:bd:4f:60:d2:d3,CESI_Recherche,-77.0,2457.0,12596
1784885678551478016,1784885682218206976,1784885682252693336,2,8c:97:ea:a4:87:84,Freebox-32CD89,-81.0,5200.0,12596
1784885678551478016,1784885682218206976,1784885682252693336,2,2c:5a:0f:e5:7f:e0,eduspot,-68.0,2412.0,0
1784885678551478016,1784885682218206976,1784885682252693336,2,32:24:a9:e8:3e:7f,DIRECT-7F-HP OfficeJet Pro 9010,-61.0,2437.0,16692
1784885678551478016,1784885682218206976,1784885682252693336,2,d4:bd:4f:60:d2:d0,CESI_Corp,-78.0,2457.0,12596
1784885678551478016,1784885682218206976,1784885682252693336,2,d4:bd:4f:60:d2:d1,CESI_HotSpot,-79.0,2457.0,4200
1784885678551478016,1784885682218206976,1784885682252693336,2,2c:5a:0f:e5:7f:ee,eduroam,-89.0,5280.0,20888
1784885682752728064,1784885686308635904,1784885686339689015,3,2c:5a:0f:e5:7f:e1,eduroam,-69.0,2412.0,4092
1784885682752728064,1784885686308635904,1784885686339689015,3,8c:97:ea:a4:87:80,Freebox-32CD89,-71.0,2412.0,0
1784885682752728064,1784885686308635904,1784885686339689015,3,52:04:df:14:fa:1a,iPhone moe b,-47.0,2437.0,0
1784885682752728064,1784885686308635904,1784885686339689015,3,d4:bd:4f:61:f4:54,CESI_Iot,-65.0,2427.0,0
1784885682752728064,1784885686308635904,1784885686339689015,3,d4:bd:4f:61:e5:70,CESI_Corp,-39.0,2457.0,0
1784885682752728064,1784885686308635904,1784885686339689015,3,d4:bd:4f:61:e5:71,CESI_HotSpot,-37.0,2457.0,0
1784885682752728064,1784885686308635904,1784885686339689015,3,d4:bd:4f:61:e5:72,CESI_Robots,-38.0,2457.0,0
1784885682752728064,1784885686308635904,1784885686339689015,3,d4:bd:4f:61:e5:73,CESI_Recherche,-38.0,2457.0,0
1784885682752728064,1784885686308635904,1784885686339689015,3,d4:bd:4f:61:e5:74,CESI_Iot,-40.0,2457.0,0
1784885682752728064,1784885686308635904,1784885686339689015,3,d4:bd:4f:61:91:c0,CESI_Corp,-58.0,2472.0,0
1784885682752728064,1784885686308635904,1784885686339689015,3,d4:bd:4f:61:91:c1,CESI_HotSpot,-65.0,2472.0,0
1784885682752728064,1784885686308635904,1784885686339689015,3,d4:bd:4f:61:91:c2,CESI_Robots,-63.0,2472.0,0
1784885682752728064,1784885686308635904,1784885686339689015,3,d4:bd:4f:61:91:c3,CESI_Recherche,-63.0,2472.0,0
1784885682752728064,1784885686308635904,1784885686339689015,3,d4:bd:4f:61:91:c4,CESI_Iot,-63.0,2472.0,0
1784885682752728064,1784885686308635904,1784885686339689015,3,8e:97:ea:a4:87:85,,-81.0,5200.0,8288
1784885682752728064,1784885686308635904,1784885686339689015,3,d4:bd:4f:a0:d2:d0,CESI_Corp,-74.0,5540.0,0
1784885682752728064,1784885686308635904,1784885686339689015,3,d4:bd:4f:a0:d2:d1,CESI_HotSpot,-74.0,5540.0,0
1784885682752728064,1784885686308635904,1784885686339689015,3,d4:bd:4f:a0:d2:d2,CESI_Robots,-73.0,5540.0,0
1784885682752728064,1784885686308635904,1784885686339689015,3,d4:bd:4f:a0:d2:d3,CESI_Recherche,-74.0,5540.0,0
1784885682752728064,1784885686308635904,1784885686339689015,3,d4:bd:4f:a0:d2:d4,CESI_Iot,-74.0,5540.0,0
1784885682752728064,1784885686308635904,1784885686339689015,3,d4:bd:4f:a1:f4:50,CESI_Corp,-69.0,5580.0,0
1784885682752728064,1784885686308635904,1784885686339689015,3,d4:bd:4f:a1:f4:51,CESI_HotSpot,-69.0,5580.0,0
1784885682752728064,1784885686308635904,1784885686339689015,3,d4:bd:4f:a1:f4:52,CESI_Robots,-69.0,5580.0,0
1784885682752728064,1784885686308635904,1784885686339689015,3,d4:bd:4f:a1:f4:53,CESI_Recherche,-69.0,5580.0,0
1784885682752728064,1784885686308635904,1784885686339689015,3,d4:bd:4f:a1:f4:54,CESI_Iot,-69.0,5580.0,0
1784885682752728064,1784885686308635904,1784885686339689015,3,d4:bd:4f:a1:e5:70,CESI_Corp,-40.0,5640.0,0
1784885682752728064,1784885686308635904,1784885686339689015,3,d4:bd:4f:a1:e5:71,CESI_HotSpot,-40.0,5640.0,0
1784885682752728064,1784885686308635904,1784885686339689015,3,d4:bd:4f:a1:e5:72,CESI_Robots,-40.0,5640.0,0
1784885682752728064,1784885686308635904,1784885686339689015,3,d4:bd:4f:a1:e5:73,CESI_Recherche,-40.0,5640.0,0
1784885682752728064,1784885686308635904,1784885686339689015,3,d4:bd:4f:a1:e5:74,CESI_Iot,-40.0,5640.0,0
1784885682752728064,1784885686308635904,1784885686339689015,3,d4:bd:4f:a1:91:c0,CESI_Corp,-56.0,5660.0,0
1784885682752728064,1784885686308635904,1784885686339689015,3,d4:bd:4f:a1:91:c1,CESI_HotSpot,-56.0,5660.0,0
1784885682752728064,1784885686308635904,1784885686339689015,3,d4:bd:4f:a1:91:c2,CESI_Robots,-56.0,5660.0,0
1784885682752728064,1784885686308635904,1784885686339689015,3,d4:bd:4f:a1:91:c3,CESI_Recherche,-56.0,5660.0,0
1784885682752728064,1784885686308635904,1784885686339689015,3,d4:bd:4f:a1:91:c4,CESI_Iot,-56.0,5660.0,0
1784885682752728064,1784885686308635904,1784885686339689015,3,d4:bd:4f:60:d2:d2,CESI_Robots,-70.0,2457.0,0
1784885682752728064,1784885686308635904,1784885686339689015,3,d4:bd:4f:61:f4:50,CESI_Corp,-65.0,2427.0,0
1784885682752728064,1784885686308635904,1784885686339689015,3,d4:bd:4f:61:f4:51,CESI_HotSpot,-65.0,2427.0,0
1784885682752728064,1784885686308635904,1784885686339689015,3,d4:bd:4f:61:f4:52,CESI_Robots,-61.0,2427.0,0
1784885682752728064,1784885686308635904,1784885686339689015,3,d4:bd:4f:61:f4:53,CESI_Recherche,-64.0,2427.0,0
1784885682752728064,1784885686308635904,1784885686339689015,3,2c:5a:0f:e5:7f:ef,eduspot,-88.0,5280.0,0
1784885682752728064,1784885686308635904,1784885686339689015,3,8e:97:ea:a4:87:81,,-69.0,2412.0,0
1784885682752728064,1784885686308635904,1784885686339689015,3,d4:bd:4f:60:d2:d3,CESI_Recherche,-70.0,2457.0,0
1784885682752728064,1784885686308635904,1784885686339689015,3,8c:97:ea:a4:87:84,Freebox-32CD89,-86.0,5200.0,0
1784885682752728064,1784885686308635904,1784885686339689015,3,2c:5a:0f:e5:7f:e0,eduspot,-65.0,2412.0,0
1784885682752728064,1784885686308635904,1784885686339689015,3,32:24:a9:e8:3e:7f,DIRECT-7F-HP OfficeJet Pro 9010,-77.0,2437.0,0
1784885682752728064,1784885686308635904,1784885686339689015,3,d4:bd:4f:60:d2:d0,CESI_Corp,-68.0,2457.0,0
1784885682752728064,1784885686308635904,1784885686339689015,3,d4:bd:4f:60:d2:d1,CESI_HotSpot,-70.0,2457.0,0
1784885682752728064,1784885686308635904,1784885686339689015,3,2c:5a:0f:e5:7f:ee,eduroam,-89.0,5280.0,24980
1784885682752728064,1784885686308635904,1784885686339689015,3,be:0f:f3:38:12:57,DIRECT-57-HP OfficeJet Pro 8020,-79.0,2437.0,4
1784885682752728064,1784885686308635904,1784885686339689015,3,d4:bd:4f:60:d2:d4,CESI_Iot,-68.0,2457.0,4
1784885686843003136,1784885690406135040,1784885690440750217,4,2c:5a:0f:e5:7f:e1,eduroam,-63.0,2412.0,0
1784885686843003136,1784885690406135040,1784885690440750217,4,8c:97:ea:a4:87:80,Freebox-32CD89,-71.0,2412.0,4100
1784885686843003136,1784885690406135040,1784885690440750217,4,52:04:df:14:fa:1a,iPhone moe b,-45.0,2437.0,0
1784885686843003136,1784885690406135040,1784885690440750217,4,d4:bd:4f:61:f4:54,CESI_Iot,-66.0,2427.0,0
1784885686843003136,1784885690406135040,1784885690440750217,4,d4:bd:4f:61:e5:70,CESI_Corp,-32.0,2457.0,0
1784885686843003136,1784885690406135040,1784885690440750217,4,d4:bd:4f:61:e5:71,CESI_HotSpot,-32.0,2457.0,0
1784885686843003136,1784885690406135040,1784885690440750217,4,d4:bd:4f:61:e5:72,CESI_Robots,-34.0,2457.0,0
1784885686843003136,1784885690406135040,1784885690440750217,4,d4:bd:4f:61:e5:73,CESI_Recherche,-34.0,2457.0,0
1784885686843003136,1784885690406135040,1784885690440750217,4,d4:bd:4f:61:e5:74,CESI_Iot,-34.0,2457.0,0
1784885686843003136,1784885690406135040,1784885690440750217,4,d4:bd:4f:61:91:c0,CESI_Corp,-71.0,2472.0,0
1784885686843003136,1784885690406135040,1784885690440750217,4,d4:bd:4f:61:91:c1,CESI_HotSpot,-69.0,2472.0,0
1784885686843003136,1784885690406135040,1784885690440750217,4,d4:bd:4f:61:91:c2,CESI_Robots,-70.0,2472.0,0
1784885686843003136,1784885690406135040,1784885690440750217,4,d4:bd:4f:61:91:c3,CESI_Recherche,-70.0,2472.0,0
1784885686843003136,1784885690406135040,1784885690440750217,4,d4:bd:4f:61:91:c4,CESI_Iot,-62.0,2472.0,0
1784885686843003136,1784885690406135040,1784885690440750217,4,8e:97:ea:a4:87:85,,-81.0,5200.0,12388
1784885686843003136,1784885690406135040,1784885690440750217,4,d4:bd:4f:a0:d2:d0,CESI_Corp,-79.0,5540.0,0
1784885686843003136,1784885690406135040,1784885690440750217,4,d4:bd:4f:a0:d2:d1,CESI_HotSpot,-79.0,5540.0,0
1784885686843003136,1784885690406135040,1784885690440750217,4,d4:bd:4f:a0:d2:d2,CESI_Robots,-79.0,5540.0,0
1784885686843003136,1784885690406135040,1784885690440750217,4,d4:bd:4f:a0:d2:d3,CESI_Recherche,-78.0,5540.0,0
1784885686843003136,1784885690406135040,1784885690440750217,4,d4:bd:4f:a0:d2:d4,CESI_Iot,-78.0,5540.0,0
1784885686843003136,1784885690406135040,1784885690440750217,4,d4:bd:4f:a1:f4:50,CESI_Corp,-68.0,5580.0,0
1784885686843003136,1784885690406135040,1784885690440750217,4,d4:bd:4f:a1:f4:51,CESI_HotSpot,-68.0,5580.0,0
1784885686843003136,1784885690406135040,1784885690440750217,4,d4:bd:4f:a1:f4:52,CESI_Robots,-67.0,5580.0,0
1784885686843003136,1784885690406135040,1784885690440750217,4,d4:bd:4f:a1:f4:53,CESI_Recherche,-68.0,5580.0,0
1784885686843003136,1784885690406135040,1784885690440750217,4,d4:bd:4f:a1:f4:54,CESI_Iot,-67.0,5580.0,0
1784885686843003136,1784885690406135040,1784885690440750217,4,d4:bd:4f:a1:e5:70,CESI_Corp,-36.0,5640.0,0
1784885686843003136,1784885690406135040,1784885690440750217,4,d4:bd:4f:a1:e5:71,CESI_HotSpot,-36.0,5640.0,0
1784885686843003136,1784885690406135040,1784885690440750217,4,d4:bd:4f:a1:e5:72,CESI_Robots,-36.0,5640.0,0
1784885686843003136,1784885690406135040,1784885690440750217,4,d4:bd:4f:a1:e5:73,CESI_Recherche,-36.0,5640.0,0
1784885686843003136,1784885690406135040,1784885690440750217,4,d4:bd:4f:a1:e5:74,CESI_Iot,-36.0,5640.0,0
1784885686843003136,1784885690406135040,1784885690440750217,4,d4:bd:4f:a1:91:c0,CESI_Corp,-55.0,5660.0,0
1784885686843003136,1784885690406135040,1784885690440750217,4,d4:bd:4f:a1:91:c1,CESI_HotSpot,-56.0,5660.0,0
1784885686843003136,1784885690406135040,1784885690440750217,4,d4:bd:4f:a1:91:c2,CESI_Robots,-55.0,5660.0,0
1784885686843003136,1784885690406135040,1784885690440750217,4,d4:bd:4f:a1:91:c3,CESI_Recherche,-55.0,5660.0,0
1784885686843003136,1784885690406135040,1784885690440750217,4,d4:bd:4f:a1:91:c4,CESI_Iot,-56.0,5660.0,0
1784885686843003136,1784885690406135040,1784885690440750217,4,d4:bd:4f:60:d2:d2,CESI_Robots,-70.0,2457.0,4100
1784885686843003136,1784885690406135040,1784885690440750217,4,d4:bd:4f:61:f4:50,CESI_Corp,-68.0,2427.0,0
1784885686843003136,1784885690406135040,1784885690440750217,4,d4:bd:4f:61:f4:51,CESI_HotSpot,-68.0,2427.0,0
1784885686843003136,1784885690406135040,1784885690440750217,4,d4:bd:4f:61:f4:52,CESI_Robots,-67.0,2427.0,0
1784885686843003136,1784885690406135040,1784885690440750217,4,d4:bd:4f:61:f4:53,CESI_Recherche,-66.0,2427.0,0
1784885686843003136,1784885690406135040,1784885690440750217,4,2c:5a:0f:e5:7f:ef,eduspot,-84.0,5280.0,0
1784885686843003136,1784885690406135040,1784885690440750217,4,8e:97:ea:a4:87:81,,-69.0,2412.0,4100
1784885686843003136,1784885690406135040,1784885690440750217,4,d4:bd:4f:60:d2:d3,CESI_Recherche,-70.0,2457.0,4100
1784885686843003136,1784885690406135040,1784885690440750217,4,8c:97:ea:a4:87:84,Freebox-32CD89,-86.0,5200.0,4100
1784885686843003136,1784885690406135040,1784885690440750217,4,2c:5a:0f:e5:7f:e0,eduspot,-64.0,2412.0,0
1784885686843003136,1784885690406135040,1784885690440750217,4,32:24:a9:e8:3e:7f,DIRECT-7F-HP OfficeJet Pro 9010,-77.0,2437.0,4100
1784885686843003136,1784885690406135040,1784885690440750217,4,d4:bd:4f:60:d2:d0,CESI_Corp,-68.0,2457.0,4100
1784885686843003136,1784885690406135040,1784885690440750217,4,d4:bd:4f:60:d2:d1,CESI_HotSpot,-70.0,2457.0,4100
1784885686843003136,1784885690406135040,1784885690440750217,4,2c:5a:0f:e5:7f:ee,eduroam,-89.0,5280.0,29080
1784885686843003136,1784885690406135040,1784885690440750217,4,be:0f:f3:38:12:57,DIRECT-57-HP OfficeJet Pro 8020,-79.0,2437.0,4100
1784885686843003136,1784885690406135040,1784885690440750217,4,d4:bd:4f:60:d2:d4,CESI_Iot,-68.0,2457.0,4100
1784885686843003136,1784885690406135040,1784885690440750217,4,7c:26:64:69:50:04,,-77.0,2462.0,0
1784885690945317120,1784885694503287040,1784885694538087191,5,2c:5a:0f:e5:7f:e1,eduroam,-60.0,2412.0,0
1784885690945317120,1784885694503287040,1784885694538087191,5,8c:97:ea:a4:87:80,Freebox-32CD89,-71.0,2412.0,8196
1784885690945317120,1784885694503287040,1784885694538087191,5,52:04:df:14:fa:1a,iPhone moe b,-46.0,2437.0,0
1784885690945317120,1784885694503287040,1784885694538087191,5,d4:bd:4f:61:f4:54,CESI_Iot,-57.0,2427.0,0
1784885690945317120,1784885694503287040,1784885694538087191,5,d4:bd:4f:61:e5:70,CESI_Corp,-31.0,2457.0,0
1784885690945317120,1784885694503287040,1784885694538087191,5,d4:bd:4f:61:e5:71,CESI_HotSpot,-31.0,2457.0,0
1784885690945317120,1784885694503287040,1784885694538087191,5,d4:bd:4f:61:e5:72,CESI_Robots,-31.0,2457.0,0
1784885690945317120,1784885694503287040,1784885694538087191,5,d4:bd:4f:61:e5:73,CESI_Recherche,-31.0,2457.0,0
1784885690945317120,1784885694503287040,1784885694538087191,5,d4:bd:4f:61:e5:74,CESI_Iot,-31.0,2457.0,0
1784885690945317120,1784885694503287040,1784885694538087191,5,d4:bd:4f:61:91:c0,CESI_Corp,-39.0,2472.0,0
1784885690945317120,1784885694503287040,1784885694538087191,5,d4:bd:4f:61:91:c1,CESI_HotSpot,-39.0,2472.0,0
1784885690945317120,1784885694503287040,1784885694538087191,5,d4:bd:4f:61:91:c2,CESI_Robots,-38.0,2472.0,0
1784885690945317120,1784885694503287040,1784885694538087191,5,d4:bd:4f:61:91:c3,CESI_Recherche,-39.0,2472.0,0
1784885690945317120,1784885694503287040,1784885694538087191,5,d4:bd:4f:61:91:c4,CESI_Iot,-39.0,2472.0,0
1784885690945317120,1784885694503287040,1784885694538087191,5,8e:97:ea:a4:87:85,,-85.0,5200.0,0
1784885690945317120,1784885694503287040,1784885694538087191,5,d4:bd:4f:a0:d2:d0,CESI_Corp,-68.0,5540.0,0
1784885690945317120,1784885694503287040,1784885694538087191,5,d4:bd:4f:a0:d2:d1,CESI_HotSpot,-69.0,5540.0,0
1784885690945317120,1784885694503287040,1784885694538087191,5,d4:bd:4f:a0:d2:d2,CESI_Robots,-69.0,5540.0,0
1784885690945317120,1784885694503287040,1784885694538087191,5,d4:bd:4f:a0:d2:d3,CESI_Recherche,-69.0,5540.0,0
1784885690945317120,1784885694503287040,1784885694538087191,5,d4:bd:4f:a0:d2:d4,CESI_Iot,-69.0,5540.0,0
1784885690945317120,1784885694503287040,1784885694538087191,5,d4:bd:4f:a1:f4:50,CESI_Corp,-63.0,5580.0,0
1784885690945317120,1784885694503287040,1784885694538087191,5,d4:bd:4f:a1:f4:51,CESI_HotSpot,-63.0,5580.0,0
1784885690945317120,1784885694503287040,1784885694538087191,5,d4:bd:4f:a1:f4:52,CESI_Robots,-62.0,5580.0,0
1784885690945317120,1784885694503287040,1784885694538087191,5,d4:bd:4f:a1:f4:53,CESI_Recherche,-63.0,5580.0,0
1784885690945317120,1784885694503287040,1784885694538087191,5,d4:bd:4f:a1:f4:54,CESI_Iot,-62.0,5580.0,0
1784885690945317120,1784885694503287040,1784885694538087191,5,d4:bd:4f:a1:e5:70,CESI_Corp,-35.0,5640.0,0
1784885690945317120,1784885694503287040,1784885694538087191,5,d4:bd:4f:a1:e5:71,CESI_HotSpot,-36.0,5640.0,0
1784885690945317120,1784885694503287040,1784885694538087191,5,d4:bd:4f:a1:e5:72,CESI_Robots,-36.0,5640.0,0
1784885690945317120,1784885694503287040,1784885694538087191,5,d4:bd:4f:a1:e5:73,CESI_Recherche,-35.0,5640.0,0
1784885690945317120,1784885694503287040,1784885694538087191,5,d4:bd:4f:a1:e5:74,CESI_Iot,-35.0,5640.0,0
1784885690945317120,1784885694503287040,1784885694538087191,5,d4:bd:4f:a1:91:c0,CESI_Corp,-51.0,5660.0,0
1784885690945317120,1784885694503287040,1784885694538087191,5,d4:bd:4f:a1:91:c1,CESI_HotSpot,-52.0,5660.0,0
1784885690945317120,1784885694503287040,1784885694538087191,5,d4:bd:4f:a1:91:c2,CESI_Robots,-51.0,5660.0,0
1784885690945317120,1784885694503287040,1784885694538087191,5,d4:bd:4f:a1:91:c3,CESI_Recherche,-52.0,5660.0,0
1784885690945317120,1784885694503287040,1784885694538087191,5,d4:bd:4f:a1:91:c4,CESI_Iot,-52.0,5660.0,0
1784885690945317120,1784885694503287040,1784885694538087191,5,d4:bd:4f:60:d2:d2,CESI_Robots,-73.0,2457.0,0
1784885690945317120,1784885694503287040,1784885694538087191,5,d4:bd:4f:61:f4:50,CESI_Corp,-58.0,2427.0,0
1784885690945317120,1784885694503287040,1784885694538087191,5,d4:bd:4f:61:f4:51,CESI_HotSpot,-58.0,2427.0,0
1784885690945317120,1784885694503287040,1784885694538087191,5,d4:bd:4f:61:f4:52,CESI_Robots,-57.0,2427.0,0
1784885690945317120,1784885694503287040,1784885694538087191,5,d4:bd:4f:61:f4:53,CESI_Recherche,-58.0,2427.0,0
1784885690945317120,1784885694503287040,1784885694538087191,5,2c:5a:0f:e5:7f:ef,eduspot,-82.0,5280.0,0
1784885690945317120,1784885694503287040,1784885694538087191,5,8e:97:ea:a4:87:81,,-69.0,2412.0,8196
1784885690945317120,1784885694503287040,1784885694538087191,5,d4:bd:4f:60:d2:d3,CESI_Recherche,-71.0,2457.0,0
1784885690945317120,1784885694503287040,1784885694538087191,5,8c:97:ea:a4:87:84,Freebox-32CD89,-86.0,5200.0,8196
1784885690945317120,1784885694503287040,1784885694538087191,5,2c:5a:0f:e5:7f:e0,eduspot,-61.0,2412.0,0
1784885690945317120,1784885694503287040,1784885694538087191,5,32:24:a9:e8:3e:7f,DIRECT-7F-HP OfficeJet Pro 9010,-65.0,2437.0,0
1784885690945317120,1784885694503287040,1784885694538087191,5,d4:bd:4f:60:d2:d0,CESI_Corp,-71.0,2457.0,0
1784885690945317120,1784885694503287040,1784885694538087191,5,d4:bd:4f:60:d2:d1,CESI_HotSpot,-70.0,2457.0,0
1784885690945317120,1784885694503287040,1784885694538087191,5,2c:5a:0f:e5:7f:ee,eduroam,-83.0,5280.0,0
1784885690945317120,1784885694503287040,1784885694538087191,5,be:0f:f3:38:12:57,DIRECT-57-HP OfficeJet Pro 8020,-79.0,2437.0,8196
1784885690945317120,1784885694503287040,1784885694538087191,5,d4:bd:4f:60:d2:d4,CESI_Iot,-72.0,2457.0,0
1784885690945317120,1784885694503287040,1784885694538087191,5,7c:26:64:69:50:04,,-77.0,2462.0,4096
1784885690945317120,1784885694503287040,1784885694538087191,5,7c:26:64:69:50:05,,-90.0,5320.0,0
1784885695041564928,1784885698600259072,1784885698633759513,6,2c:5a:0f:e5:7f:e1,eduroam,-58.0,2412.0,0
1784885695041564928,1784885698600259072,1784885698633759513,6,8c:97:ea:a4:87:80,Freebox-32CD89,-71.0,2412.0,12292
1784885695041564928,1784885698600259072,1784885698633759513,6,52:04:df:14:fa:1a,iPhone moe b,-51.0,2437.0,0
1784885695041564928,1784885698600259072,1784885698633759513,6,d4:bd:4f:61:f4:54,CESI_Iot,-59.0,2427.0,0
1784885695041564928,1784885698600259072,1784885698633759513,6,d4:bd:4f:61:e5:70,CESI_Corp,-35.0,2457.0,0
1784885695041564928,1784885698600259072,1784885698633759513,6,d4:bd:4f:61:e5:71,CESI_HotSpot,-35.0,2457.0,0
1784885695041564928,1784885698600259072,1784885698633759513,6,d4:bd:4f:61:e5:72,CESI_Robots,-36.0,2457.0,0
1784885695041564928,1784885698600259072,1784885698633759513,6,d4:bd:4f:61:e5:73,CESI_Recherche,-33.0,2457.0,0
1784885695041564928,1784885698600259072,1784885698633759513,6,d4:bd:4f:61:e5:74,CESI_Iot,-33.0,2457.0,0
1784885695041564928,1784885698600259072,1784885698633759513,6,d4:bd:4f:61:91:c0,CESI_Corp,-44.0,2472.0,0
1784885695041564928,1784885698600259072,1784885698633759513,6,d4:bd:4f:61:91:c1,CESI_HotSpot,-44.0,2472.0,0
1784885695041564928,1784885698600259072,1784885698633759513,6,d4:bd:4f:61:91:c2,CESI_Robots,-44.0,2472.0,0
1784885695041564928,1784885698600259072,1784885698633759513,6,d4:bd:4f:61:91:c3,CESI_Recherche,-45.0,2472.0,0
1784885695041564928,1784885698600259072,1784885698633759513,6,d4:bd:4f:61:91:c4,CESI_Iot,-44.0,2472.0,0
1784885695041564928,1784885698600259072,1784885698633759513,6,8e:97:ea:a4:87:85,,-85.0,5200.0,4096
1784885695041564928,1784885698600259072,1784885698633759513,6,d4:bd:4f:a0:d2:d0,CESI_Corp,-72.0,5540.0,0
1784885695041564928,1784885698600259072,1784885698633759513,6,d4:bd:4f:a0:d2:d1,CESI_HotSpot,-72.0,5540.0,0
1784885695041564928,1784885698600259072,1784885698633759513,6,d4:bd:4f:a0:d2:d2,CESI_Robots,-72.0,5540.0,0
1784885695041564928,1784885698600259072,1784885698633759513,6,d4:bd:4f:a0:d2:d3,CESI_Recherche,-72.0,5540.0,0
1784885695041564928,1784885698600259072,1784885698633759513,6,d4:bd:4f:a0:d2:d4,CESI_Iot,-72.0,5540.0,0
1784885695041564928,1784885698600259072,1784885698633759513,6,d4:bd:4f:a1:f4:50,CESI_Corp,-66.0,5580.0,0
1784885695041564928,1784885698600259072,1784885698633759513,6,d4:bd:4f:a1:f4:51,CESI_HotSpot,-66.0,5580.0,0
1784885695041564928,1784885698600259072,1784885698633759513,6,d4:bd:4f:a1:f4:52,CESI_Robots,-66.0,5580.0,0
1784885695041564928,1784885698600259072,1784885698633759513,6,d4:bd:4f:a1:f4:53,CESI_Recherche,-66.0,5580.0,0
1784885695041564928,1784885698600259072,1784885698633759513,6,d4:bd:4f:a1:f4:54,CESI_Iot,-66.0,5580.0,0
1784885695041564928,1784885698600259072,1784885698633759513,6,d4:bd:4f:a1:e5:70,CESI_Corp,-38.0,5640.0,0
1784885695041564928,1784885698600259072,1784885698633759513,6,d4:bd:4f:a1:e5:71,CESI_HotSpot,-38.0,5640.0,0
1784885695041564928,1784885698600259072,1784885698633759513,6,d4:bd:4f:a1:e5:72,CESI_Robots,-38.0,5640.0,0
1784885695041564928,1784885698600259072,1784885698633759513,6,d4:bd:4f:a1:e5:73,CESI_Recherche,-38.0,5640.0,0
1784885695041564928,1784885698600259072,1784885698633759513,6,d4:bd:4f:a1:e5:74,CESI_Iot,-38.0,5640.0,0
1784885695041564928,1784885698600259072,1784885698633759513,6,d4:bd:4f:a1:91:c0,CESI_Corp,-51.0,5660.0,0
1784885695041564928,1784885698600259072,1784885698633759513,6,d4:bd:4f:a1:91:c1,CESI_HotSpot,-51.0,5660.0,0
1784885695041564928,1784885698600259072,1784885698633759513,6,d4:bd:4f:a1:91:c2,CESI_Robots,-51.0,5660.0,0
1784885695041564928,1784885698600259072,1784885698633759513,6,d4:bd:4f:a1:91:c3,CESI_Recherche,-51.0,5660.0,0
1784885695041564928,1784885698600259072,1784885698633759513,6,d4:bd:4f:a1:91:c4,CESI_Iot,-51.0,5660.0,0
1784885695041564928,1784885698600259072,1784885698633759513,6,d4:bd:4f:60:d2:d2,CESI_Robots,-73.0,2457.0,4096
1784885695041564928,1784885698600259072,1784885698633759513,6,d4:bd:4f:61:f4:50,CESI_Corp,-61.0,2427.0,0
1784885695041564928,1784885698600259072,1784885698633759513,6,d4:bd:4f:61:f4:51,CESI_HotSpot,-56.0,2427.0,0
1784885695041564928,1784885698600259072,1784885698633759513,6,d4:bd:4f:61:f4:52,CESI_Robots,-60.0,2427.0,0
1784885695041564928,1784885698600259072,1784885698633759513,6,d4:bd:4f:61:f4:53,CESI_Recherche,-60.0,2427.0,0
1784885695041564928,1784885698600259072,1784885698633759513,6,2c:5a:0f:e5:7f:ef,eduspot,-86.0,5280.0,0
1784885695041564928,1784885698600259072,1784885698633759513,6,8e:97:ea:a4:87:81,,-69.0,2412.0,12292
1784885695041564928,1784885698600259072,1784885698633759513,6,d4:bd:4f:60:d2:d3,CESI_Recherche,-71.0,2457.0,4096
1784885695041564928,1784885698600259072,1784885698633759513,6,8c:97:ea:a4:87:84,Freebox-32CD89,-86.0,5200.0,12292
1784885695041564928,1784885698600259072,1784885698633759513,6,2c:5a:0f:e5:7f:e0,eduspot,-60.0,2412.0,0
1784885695041564928,1784885698600259072,1784885698633759513,6,32:24:a9:e8:3e:7f,DIRECT-7F-HP OfficeJet Pro 9010,-65.0,2437.0,4096
1784885695041564928,1784885698600259072,1784885698633759513,6,d4:bd:4f:60:d2:d0,CESI_Corp,-71.0,2457.0,4096
1784885695041564928,1784885698600259072,1784885698633759513,6,d4:bd:4f:60:d2:d1,CESI_HotSpot,-70.0,2457.0,4096
1784885695041564928,1784885698600259072,1784885698633759513,6,2c:5a:0f:e5:7f:ee,eduroam,-86.0,5280.0,0
1784885695041564928,1784885698600259072,1784885698633759513,6,be:0f:f3:38:12:57,DIRECT-57-HP OfficeJet Pro 8020,-79.0,2437.0,12292
1784885695041564928,1784885698600259072,1784885698633759513,6,d4:bd:4f:60:d2:d4,CESI_Iot,-72.0,2457.0,4096
1784885695041564928,1784885698600259072,1784885698633759513,6,7c:26:64:69:50:04,,-77.0,2462.0,8192
1784885695041564928,1784885698600259072,1784885698633759513,6,7c:26:64:69:50:05,,-90.0,5320.0,4096
1784885699136979200,1784885702692253184,1784885702725102440,7,2c:5a:0f:e5:7f:e1,eduroam,-64.0,2412.0,0
1784885699136979200,1784885702692253184,1784885702725102440,7,8c:97:ea:a4:87:80,Freebox-32CD89,-71.0,2412.0,16384
1784885699136979200,1784885702692253184,1784885702725102440,7,52:04:df:14:fa:1a,iPhone moe b,-49.0,2437.0,0
1784885699136979200,1784885702692253184,1784885702725102440,7,d4:bd:4f:61:f4:54,CESI_Iot,-61.0,2427.0,0
1784885699136979200,1784885702692253184,1784885702725102440,7,d4:bd:4f:61:e5:70,CESI_Corp,-39.0,2457.0,0
1784885699136979200,1784885702692253184,1784885702725102440,7,d4:bd:4f:61:e5:71,CESI_HotSpot,-39.0,2457.0,0
1784885699136979200,1784885702692253184,1784885702725102440,7,d4:bd:4f:61:e5:72,CESI_Robots,-39.0,2457.0,0
1784885699136979200,1784885702692253184,1784885702725102440,7,d4:bd:4f:61:e5:73,CESI_Recherche,-37.0,2457.0,0
1784885699136979200,1784885702692253184,1784885702725102440,7,d4:bd:4f:61:e5:74,CESI_Iot,-38.0,2457.0,0
1784885699136979200,1784885702692253184,1784885702725102440,7,d4:bd:4f:61:91:c0,CESI_Corp,-51.0,2472.0,0
1784885699136979200,1784885702692253184,1784885702725102440,7,d4:bd:4f:61:91:c1,CESI_HotSpot,-51.0,2472.0,0
1784885699136979200,1784885702692253184,1784885702725102440,7,d4:bd:4f:61:91:c2,CESI_Robots,-51.0,2472.0,0
1784885699136979200,1784885702692253184,1784885702725102440,7,d4:bd:4f:61:91:c3,CESI_Recherche,-51.0,2472.0,0
1784885699136979200,1784885702692253184,1784885702725102440,7,d4:bd:4f:61:91:c4,CESI_Iot,-51.0,2472.0,0
1784885699136979200,1784885702692253184,1784885702725102440,7,8e:97:ea:a4:87:85,,-85.0,5200.0,8188
1784885699136979200,1784885702692253184,1784885702725102440,7,d4:bd:4f:a0:d2:d0,CESI_Corp,-81.0,5540.0,0
1784885699136979200,1784885702692253184,1784885702725102440,7,d4:bd:4f:a0:d2:d1,CESI_HotSpot,-81.0,5540.0,0
1784885699136979200,1784885702692253184,1784885702725102440,7,d4:bd:4f:a0:d2:d2,CESI_Robots,-81.0,5540.0,0
1784885699136979200,1784885702692253184,1784885702725102440,7,d4:bd:4f:a0:d2:d3,CESI_Recherche,-81.0,5540.0,0
1784885699136979200,1784885702692253184,1784885702725102440,7,d4:bd:4f:a0:d2:d4,CESI_Iot,-82.0,5540.0,0
1784885699136979200,1784885702692253184,1784885702725102440,7,d4:bd:4f:a1:f4:50,CESI_Corp,-70.0,5580.0,0
1784885699136979200,1784885702692253184,1784885702725102440,7,d4:bd:4f:a1:f4:51,CESI_HotSpot,-70.0,5580.0,0
1784885699136979200,1784885702692253184,1784885702725102440,7,d4:bd:4f:a1:f4:52,CESI_Robots,-70.0,5580.0,0
1784885699136979200,1784885702692253184,1784885702725102440,7,d4:bd:4f:a1:f4:53,CESI_Recherche,-70.0,5580.0,0
1784885699136979200,1784885702692253184,1784885702725102440,7,d4:bd:4f:a1:f4:54,CESI_Iot,-70.0,5580.0,0
1784885699136979200,1784885702692253184,1784885702725102440,7,d4:bd:4f:a1:e5:70,CESI_Corp,-32.0,5640.0,0
1784885699136979200,1784885702692253184,1784885702725102440,7,d4:bd:4f:a1:e5:71,CESI_HotSpot,-32.0,5640.0,0
1784885699136979200,1784885702692253184,1784885702725102440,7,d4:bd:4f:a1:e5:72,CESI_Robots,-32.0,5640.0,0
1784885699136979200,1784885702692253184,1784885702725102440,7,d4:bd:4f:a1:e5:73,CESI_Recherche,-32.0,5640.0,0
1784885699136979200,1784885702692253184,1784885702725102440,7,d4:bd:4f:a1:e5:74,CESI_Iot,-32.0,5640.0,0
1784885699136979200,1784885702692253184,1784885702725102440,7,d4:bd:4f:a1:91:c0,CESI_Corp,-60.0,5660.0,0
1784885699136979200,1784885702692253184,1784885702725102440,7,d4:bd:4f:a1:91:c1,CESI_HotSpot,-60.0,5660.0,0
1784885699136979200,1784885702692253184,1784885702725102440,7,d4:bd:4f:a1:91:c2,CESI_Robots,-60.0,5660.0,0
1784885699136979200,1784885702692253184,1784885702725102440,7,d4:bd:4f:a1:91:c3,CESI_Recherche,-60.0,5660.0,0
1784885699136979200,1784885702692253184,1784885702725102440,7,d4:bd:4f:a1:91:c4,CESI_Iot,-60.0,5660.0,0
1784885699136979200,1784885702692253184,1784885702725102440,7,d4:bd:4f:60:d2:d2,CESI_Robots,-73.0,2457.0,8188
1784885699136979200,1784885702692253184,1784885702725102440,7,d4:bd:4f:61:f4:50,CESI_Corp,-60.0,2427.0,0
1784885699136979200,1784885702692253184,1784885702725102440,7,d4:bd:4f:61:f4:51,CESI_HotSpot,-60.0,2427.0,0
1784885699136979200,1784885702692253184,1784885702725102440,7,d4:bd:4f:61:f4:52,CESI_Robots,-60.0,2427.0,0
1784885699136979200,1784885702692253184,1784885702725102440,7,d4:bd:4f:61:f4:53,CESI_Recherche,-60.0,2427.0,0
1784885699136979200,1784885702692253184,1784885702725102440,7,2c:5a:0f:e5:7f:ef,eduspot,-86.0,5280.0,4092
1784885699136979200,1784885702692253184,1784885702725102440,7,8e:97:ea:a4:87:81,,-69.0,2412.0,16384
1784885699136979200,1784885702692253184,1784885702725102440,7,d4:bd:4f:60:d2:d3,CESI_Recherche,-68.0,2457.0,0
1784885699136979200,1784885702692253184,1784885702725102440,7,8c:97:ea:a4:87:84,Freebox-32CD89,-86.0,5200.0,16384
1784885699136979200,1784885702692253184,1784885702725102440,7,2c:5a:0f:e5:7f:e0,eduspot,-65.0,2412.0,0
1784885699136979200,1784885702692253184,1784885702725102440,7,32:24:a9:e8:3e:7f,DIRECT-7F-HP OfficeJet Pro 9010,-65.0,2437.0,8188
1784885699136979200,1784885702692253184,1784885702725102440,7,d4:bd:4f:60:d2:d0,CESI_Corp,-68.0,2457.0,0
1784885699136979200,1784885702692253184,1784885702725102440,7,d4:bd:4f:60:d2:d1,CESI_HotSpot,-68.0,2457.0,0
1784885699136979200,1784885702692253184,1784885702725102440,7,2c:5a:0f:e5:7f:ee,eduroam,-88.0,5280.0,0
1784885699136979200,1784885702692253184,1784885702725102440,7,be:0f:f3:38:12:57,DIRECT-57-HP OfficeJet Pro 8020,-79.0,2437.0,16384
1784885699136979200,1784885702692253184,1784885702725102440,7,d4:bd:4f:60:d2:d4,CESI_Iot,-70.0,2457.0,0
1784885699136979200,1784885702692253184,1784885702725102440,7,7c:26:64:69:50:04,,-77.0,2462.0,12284
1784885699136979200,1784885702692253184,1784885702725102440,7,7c:26:64:69:50:05,,-86.0,5320.0,0
1784885703228022016,1784885706795954944,1784885706829745015,8,2c:5a:0f:e5:7f:e1,eduroam,-64.0,2412.0,4104
1784885703228022016,1784885706795954944,1784885706829745015,8,8c:97:ea:a4:87:80,Freebox-32CD89,-71.0,2412.0,20488
1784885703228022016,1784885706795954944,1784885706829745015,8,52:04:df:14:fa:1a,iPhone moe b,-53.0,2437.0,0
1784885703228022016,1784885706795954944,1784885706829745015,8,d4:bd:4f:61:f4:54,CESI_Iot,-69.0,2427.0,0
1784885703228022016,1784885706795954944,1784885706829745015,8,d4:bd:4f:61:e5:70,CESI_Corp,-34.0,2457.0,0
1784885703228022016,1784885706795954944,1784885706829745015,8,d4:bd:4f:61:e5:71,CESI_HotSpot,-36.0,2457.0,0
1784885703228022016,1784885706795954944,1784885706829745015,8,d4:bd:4f:61:e5:72,CESI_Robots,-33.0,2457.0,0
1784885703228022016,1784885706795954944,1784885706829745015,8,d4:bd:4f:61:e5:73,CESI_Recherche,-35.0,2457.0,0
1784885703228022016,1784885706795954944,1784885706829745015,8,d4:bd:4f:61:e5:74,CESI_Iot,-36.0,2457.0,0
1784885703228022016,1784885706795954944,1784885706829745015,8,d4:bd:4f:61:91:c0,CESI_Corp,-60.0,2472.0,0
1784885703228022016,1784885706795954944,1784885706829745015,8,d4:bd:4f:61:91:c1,CESI_HotSpot,-60.0,2472.0,0
1784885703228022016,1784885706795954944,1784885706829745015,8,d4:bd:4f:61:91:c2,CESI_Robots,-60.0,2472.0,0
1784885703228022016,1784885706795954944,1784885706829745015,8,d4:bd:4f:61:91:c3,CESI_Recherche,-59.0,2472.0,0
1784885703228022016,1784885706795954944,1784885706829745015,8,d4:bd:4f:61:91:c4,CESI_Iot,-61.0,2472.0,0
1784885703228022016,1784885706795954944,1784885706829745015,8,8e:97:ea:a4:87:85,,-85.0,5200.0,12292
1784885703228022016,1784885706795954944,1784885706829745015,8,d4:bd:4f:a0:d2:d0,CESI_Corp,-76.0,5540.0,0
1784885703228022016,1784885706795954944,1784885706829745015,8,d4:bd:4f:a0:d2:d1,CESI_HotSpot,-76.0,5540.0,0
1784885703228022016,1784885706795954944,1784885706829745015,8,d4:bd:4f:a0:d2:d2,CESI_Robots,-76.0,5540.0,0
1784885703228022016,1784885706795954944,1784885706829745015,8,d4:bd:4f:a0:d2:d3,CESI_Recherche,-76.0,5540.0,0
1784885703228022016,1784885706795954944,1784885706829745015,8,d4:bd:4f:a0:d2:d4,CESI_Iot,-76.0,5540.0,0
1784885703228022016,1784885706795954944,1784885706829745015,8,d4:bd:4f:a1:f4:50,CESI_Corp,-67.0,5580.0,0
1784885703228022016,1784885706795954944,1784885706829745015,8,d4:bd:4f:a1:f4:51,CESI_HotSpot,-67.0,5580.0,0
1784885703228022016,1784885706795954944,1784885706829745015,8,d4:bd:4f:a1:f4:52,CESI_Robots,-67.0,5580.0,0
1784885703228022016,1784885706795954944,1784885706829745015,8,d4:bd:4f:a1:f4:53,CESI_Recherche,-67.0,5580.0,0
1784885703228022016,1784885706795954944,1784885706829745015,8,d4:bd:4f:a1:f4:54,CESI_Iot,-67.0,5580.0,0
1784885703228022016,1784885706795954944,1784885706829745015,8,d4:bd:4f:a1:e5:70,CESI_Corp,-40.0,5640.0,0
1784885703228022016,1784885706795954944,1784885706829745015,8,d4:bd:4f:a1:e5:71,CESI_HotSpot,-40.0,5640.0,0
1784885703228022016,1784885706795954944,1784885706829745015,8,d4:bd:4f:a1:e5:72,CESI_Robots,-40.0,5640.0,0
1784885703228022016,1784885706795954944,1784885706829745015,8,d4:bd:4f:a1:e5:73,CESI_Recherche,-40.0,5640.0,0
1784885703228022016,1784885706795954944,1784885706829745015,8,d4:bd:4f:a1:e5:74,CESI_Iot,-40.0,5640.0,0
1784885703228022016,1784885706795954944,1784885706829745015,8,d4:bd:4f:a1:91:c0,CESI_Corp,-61.0,5660.0,0
1784885703228022016,1784885706795954944,1784885706829745015,8,d4:bd:4f:a1:91:c1,CESI_HotSpot,-61.0,5660.0,0
1784885703228022016,1784885706795954944,1784885706829745015,8,d4:bd:4f:a1:91:c2,CESI_Robots,-59.0,5660.0,0
1784885703228022016,1784885706795954944,1784885706829745015,8,d4:bd:4f:a1:91:c3,CESI_Recherche,-61.0,5660.0,0
1784885703228022016,1784885706795954944,1784885706829745015,8,d4:bd:4f:a1:91:c4,CESI_Iot,-61.0,5660.0,0
1784885703228022016,1784885706795954944,1784885706829745015,8,d4:bd:4f:60:d2:d2,CESI_Robots,-72.0,2457.0,0
1784885703228022016,1784885706795954944,1784885706829745015,8,d4:bd:4f:61:f4:50,CESI_Corp,-69.0,2427.0,0
1784885703228022016,1784885706795954944,1784885706829745015,8,d4:bd:4f:61:f4:51,CESI_HotSpot,-71.0,2427.0,0
1784885703228022016,1784885706795954944,1784885706829745015,8,d4:bd:4f:61:f4:52,CESI_Robots,-68.0,2427.0,0
1784885703228022016,1784885706795954944,1784885706829745015,8,d4:bd:4f:61:f4:53,CESI_Recherche,-70.0,2427.0,0
1784885703228022016,1784885706795954944,1784885706829745015,8,2c:5a:0f:e5:7f:ef,eduspot,-81.0,5280.0,0
1784885703228022016,1784885706795954944,1784885706829745015,8,8e:97:ea:a4:87:81,,-69.0,2412.0,20488
1784885703228022016,1784885706795954944,1784885706829745015,8,d4:bd:4f:60:d2:d3,CESI_Recherche,-70.0,2457.0,0
1784885703228022016,1784885706795954944,1784885706829745015,8,8c:97:ea:a4:87:84,Freebox-32CD89,-86.0,5200.0,20488
1784885703228022016,1784885706795954944,1784885706829745015,8,2c:5a:0f:e5:7f:e0,eduspot,-65.0,2412.0,4104
1784885703228022016,1784885706795954944,1784885706829745015,8,32:24:a9:e8:3e:7f,DIRECT-7F-HP OfficeJet Pro 9010,-65.0,2437.0,12292
1784885703228022016,1784885706795954944,1784885706829745015,8,d4:bd:4f:60:d2:d0,CESI_Corp,-71.0,2457.0,0
1784885703228022016,1784885706795954944,1784885706829745015,8,d4:bd:4f:60:d2:d1,CESI_HotSpot,-74.0,2457.0,0
1784885703228022016,1784885706795954944,1784885706829745015,8,2c:5a:0f:e5:7f:ee,eduroam,-82.0,5280.0,0
1784885703228022016,1784885706795954944,1784885706829745015,8,be:0f:f3:38:12:57,DIRECT-57-HP OfficeJet Pro 8020,-79.0,2437.0,20488
1784885703228022016,1784885706795954944,1784885706829745015,8,d4:bd:4f:60:d2:d4,CESI_Iot,-72.0,2457.0,0
1784885703228022016,1784885706795954944,1784885706829745015,8,7c:26:64:69:50:04,,-77.0,2462.0,16388
1784885703228022016,1784885706795954944,1784885706829745015,8,7c:26:64:69:50:05,,-86.0,5320.0,4104
1784885707332703232,1784885711001017088,1784885711033922152,9,2c:5a:0f:e5:7f:e1,eduroam,-67.0,2412.0,0
1784885707332703232,1784885711001017088,1784885711033922152,9,8c:97:ea:a4:87:80,Freebox-32CD89,-71.0,2412.0,24692
1784885707332703232,1784885711001017088,1784885711033922152,9,52:04:df:14:fa:1a,iPhone moe b,-57.0,2437.0,0
1784885707332703232,1784885711001017088,1784885711033922152,9,d4:bd:4f:61:f4:54,CESI_Iot,-60.0,2427.0,0
1784885707332703232,1784885711001017088,1784885711033922152,9,d4:bd:4f:61:e5:70,CESI_Corp,-35.0,2457.0,0
1784885707332703232,1784885711001017088,1784885711033922152,9,d4:bd:4f:61:e5:71,CESI_HotSpot,-34.0,2457.0,0
1784885707332703232,1784885711001017088,1784885711033922152,9,d4:bd:4f:61:e5:72,CESI_Robots,-34.0,2457.0,0
1784885707332703232,1784885711001017088,1784885711033922152,9,d4:bd:4f:61:e5:73,CESI_Recherche,-35.0,2457.0,0
1784885707332703232,1784885711001017088,1784885711033922152,9,d4:bd:4f:61:e5:74,CESI_Iot,-35.0,2457.0,0
1784885707332703232,1784885711001017088,1784885711033922152,9,d4:bd:4f:61:91:c0,CESI_Corp,-59.0,2472.0,0
1784885707332703232,1784885711001017088,1784885711033922152,9,d4:bd:4f:61:91:c1,CESI_HotSpot,-58.0,2472.0,0
1784885707332703232,1784885711001017088,1784885711033922152,9,d4:bd:4f:61:91:c2,CESI_Robots,-60.0,2472.0,0
1784885707332703232,1784885711001017088,1784885711033922152,9,d4:bd:4f:61:91:c3,CESI_Recherche,-59.0,2472.0,0
1784885707332703232,1784885711001017088,1784885711033922152,9,d4:bd:4f:61:91:c4,CESI_Iot,-51.0,2472.0,0
1784885707332703232,1784885711001017088,1784885711033922152,9,8e:97:ea:a4:87:85,,-85.0,5200.0,16496
1784885707332703232,1784885711001017088,1784885711033922152,9,d4:bd:4f:a0:d2:d0,CESI_Corp,-77.0,5540.0,0
1784885707332703232,1784885711001017088,1784885711033922152,9,d4:bd:4f:a0:d2:d1,CESI_HotSpot,-77.0,5540.0,0
1784885707332703232,1784885711001017088,1784885711033922152,9,d4:bd:4f:a0:d2:d2,CESI_Robots,-77.0,5540.0,0
1784885707332703232,1784885711001017088,1784885711033922152,9,d4:bd:4f:a0:d2:d3,CESI_Recherche,-78.0,5540.0,0
1784885707332703232,1784885711001017088,1784885711033922152,9,d4:bd:4f:a0:d2:d4,CESI_Iot,-77.0,5540.0,0
1784885707332703232,1784885711001017088,1784885711033922152,9,d4:bd:4f:a1:f4:50,CESI_Corp,-70.0,5580.0,0
1784885707332703232,1784885711001017088,1784885711033922152,9,d4:bd:4f:a1:f4:51,CESI_HotSpot,-70.0,5580.0,0
1784885707332703232,1784885711001017088,1784885711033922152,9,d4:bd:4f:a1:f4:52,CESI_Robots,-70.0,5580.0,0
1784885707332703232,1784885711001017088,1784885711033922152,9,d4:bd:4f:a1:f4:53,CESI_Recherche,-70.0,5580.0,0
1784885707332703232,1784885711001017088,1784885711033922152,9,d4:bd:4f:a1:f4:54,CESI_Iot,-70.0,5580.0,0
1784885707332703232,1784885711001017088,1784885711033922152,9,d4:bd:4f:a1:e5:70,CESI_Corp,-41.0,5640.0,0
1784885707332703232,1784885711001017088,1784885711033922152,9,d4:bd:4f:a1:e5:71,CESI_HotSpot,-41.0,5640.0,0
1784885707332703232,1784885711001017088,1784885711033922152,9,d4:bd:4f:a1:e5:72,CESI_Robots,-41.0,5640.0,0
1784885707332703232,1784885711001017088,1784885711033922152,9,d4:bd:4f:a1:e5:73,CESI_Recherche,-41.0,5640.0,0
1784885707332703232,1784885711001017088,1784885711033922152,9,d4:bd:4f:a1:e5:74,CESI_Iot,-41.0,5640.0,0
1784885707332703232,1784885711001017088,1784885711033922152,9,d4:bd:4f:a1:91:c0,CESI_Corp,-55.0,5660.0,0
1784885707332703232,1784885711001017088,1784885711033922152,9,d4:bd:4f:a1:91:c1,CESI_HotSpot,-55.0,5660.0,0
1784885707332703232,1784885711001017088,1784885711033922152,9,d4:bd:4f:a1:91:c2,CESI_Robots,-55.0,5660.0,0
1784885707332703232,1784885711001017088,1784885711033922152,9,d4:bd:4f:a1:91:c3,CESI_Recherche,-55.0,5660.0,0
1784885707332703232,1784885711001017088,1784885711033922152,9,d4:bd:4f:a1:91:c4,CESI_Iot,-55.0,5660.0,0
1784885707332703232,1784885711001017088,1784885711033922152,9,d4:bd:4f:60:d2:d2,CESI_Robots,-71.0,2457.0,0
1784885707332703232,1784885711001017088,1784885711033922152,9,d4:bd:4f:61:f4:50,CESI_Corp,-60.0,2427.0,0
1784885707332703232,1784885711001017088,1784885711033922152,9,d4:bd:4f:61:f4:51,CESI_HotSpot,-59.0,2427.0,0
1784885707332703232,1784885711001017088,1784885711033922152,9,d4:bd:4f:61:f4:52,CESI_Robots,-60.0,2427.0,0
1784885707332703232,1784885711001017088,1784885711033922152,9,d4:bd:4f:61:f4:53,CESI_Recherche,-65.0,2427.0,0
1784885707332703232,1784885711001017088,1784885711033922152,9,2c:5a:0f:e5:7f:ef,eduspot,-81.0,5280.0,4204
1784885707332703232,1784885711001017088,1784885711033922152,9,8e:97:ea:a4:87:81,,-69.0,2412.0,24692
1784885707332703232,1784885711001017088,1784885711033922152,9,d4:bd:4f:60:d2:d3,CESI_Recherche,-70.0,2457.0,0
1784885707332703232,1784885711001017088,1784885711033922152,9,8c:97:ea:a4:87:84,Freebox-32CD89,-86.0,5200.0,24692
1784885707332703232,1784885711001017088,1784885711033922152,9,2c:5a:0f:e5:7f:e0,eduspot,-67.0,2412.0,0
1784885707332703232,1784885711001017088,1784885711033922152,9,32:24:a9:e8:3e:7f,DIRECT-7F-HP OfficeJet Pro 9010,-65.0,2437.0,16496
1784885707332703232,1784885711001017088,1784885711033922152,9,d4:bd:4f:60:d2:d0,CESI_Corp,-72.0,2457.0,0
1784885707332703232,1784885711001017088,1784885711033922152,9,d4:bd:4f:60:d2:d1,CESI_HotSpot,-73.0,2457.0,0
1784885707332703232,1784885711001017088,1784885711033922152,9,2c:5a:0f:e5:7f:ee,eduroam,-82.0,5280.0,4204
1784885707332703232,1784885711001017088,1784885711033922152,9,be:0f:f3:38:12:57,DIRECT-57-HP OfficeJet Pro 8020,-79.0,2437.0,24692
1784885707332703232,1784885711001017088,1784885711033922152,9,d4:bd:4f:60:d2:d4,CESI_Iot,-72.0,2457.0,4204
1784885707332703232,1784885711001017088,1784885711033922152,9,7c:26:64:69:50:04,,-77.0,2462.0,20592
1784885707332703232,1784885711001017088,1784885711033922152,9,7c:26:64:69:50:05,,-86.0,5320.0,8308
1784885711537338112,1784885715110219008,1784885715143642392,10,2c:5a:0f:e5:7f:e1,eduroam,-68.0,2412.0,0
1784885711537338112,1784885715110219008,1784885715143642392,10,8c:97:ea:a4:87:80,Freebox-32CD89,-71.0,2412.0,28800
1784885711537338112,1784885715110219008,1784885715143642392,10,52:04:df:14:fa:1a,iPhone moe b,-54.0,2437.0,0
1784885711537338112,1784885715110219008,1784885715143642392,10,d4:bd:4f:61:f4:54,CESI_Iot,-65.0,2427.0,0
1784885711537338112,1784885715110219008,1784885715143642392,10,d4:bd:4f:61:e5:70,CESI_Corp,-40.0,2457.0,0
1784885711537338112,1784885715110219008,1784885715143642392,10,d4:bd:4f:61:e5:71,CESI_HotSpot,-41.0,2457.0,0
1784885711537338112,1784885715110219008,1784885715143642392,10,d4:bd:4f:61:e5:72,CESI_Robots,-40.0,2457.0,0
1784885711537338112,1784885715110219008,1784885715143642392,10,d4:bd:4f:61:e5:73,CESI_Recherche,-40.0,2457.0,0
1784885711537338112,1784885715110219008,1784885715143642392,10,d4:bd:4f:61:e5:74,CESI_Iot,-41.0,2457.0,0
1784885711537338112,1784885715110219008,1784885715143642392,10,d4:bd:4f:61:91:c0,CESI_Corp,-64.0,2472.0,0
1784885711537338112,1784885715110219008,1784885715143642392,10,d4:bd:4f:61:91:c1,CESI_HotSpot,-64.0,2472.0,0
1784885711537338112,1784885715110219008,1784885715143642392,10,d4:bd:4f:61:91:c2,CESI_Robots,-65.0,2472.0,0
1784885711537338112,1784885715110219008,1784885715143642392,10,d4:bd:4f:61:91:c3,CESI_Recherche,-65.0,2472.0,0
1784885711537338112,1784885715110219008,1784885715143642392,10,d4:bd:4f:61:91:c4,CESI_Iot,-66.0,2472.0,0
1784885711537338112,1784885715110219008,1784885715143642392,10,8e:97:ea:a4:87:85,,-85.0,5200.0,20604
1784885711537338112,1784885715110219008,1784885715143642392,10,d4:bd:4f:a0:d2:d0,CESI_Corp,-78.0,5540.0,0
1784885711537338112,1784885715110219008,1784885715143642392,10,d4:bd:4f:a0:d2:d1,CESI_HotSpot,-78.0,5540.0,0
1784885711537338112,1784885715110219008,1784885715143642392,10,d4:bd:4f:a0:d2:d2,CESI_Robots,-79.0,5540.0,0
1784885711537338112,1784885715110219008,1784885715143642392,10,d4:bd:4f:a0:d2:d3,CESI_Recherche,-78.0,5540.0,0
1784885711537338112,1784885715110219008,1784885715143642392,10,d4:bd:4f:a0:d2:d4,CESI_Iot,-79.0,5540.0,0
1784885711537338112,1784885715110219008,1784885715143642392,10,d4:bd:4f:a1:f4:50,CESI_Corp,-62.0,5580.0,0
1784885711537338112,1784885715110219008,1784885715143642392,10,d4:bd:4f:a1:f4:51,CESI_HotSpot,-62.0,5580.0,0
1784885711537338112,1784885715110219008,1784885715143642392,10,d4:bd:4f:a1:f4:52,CESI_Robots,-62.0,5580.0,0
1784885711537338112,1784885715110219008,1784885715143642392,10,d4:bd:4f:a1:f4:53,CESI_Recherche,-62.0,5580.0,0
1784885711537338112,1784885715110219008,1784885715143642392,10,d4:bd:4f:a1:f4:54,CESI_Iot,-62.0,5580.0,0
1784885711537338112,1784885715110219008,1784885715143642392,10,d4:bd:4f:a1:e5:70,CESI_Corp,-42.0,5640.0,0
1784885711537338112,1784885715110219008,1784885715143642392,10,d4:bd:4f:a1:e5:71,CESI_HotSpot,-42.0,5640.0,0
1784885711537338112,1784885715110219008,1784885715143642392,10,d4:bd:4f:a1:e5:72,CESI_Robots,-42.0,5640.0,0
1784885711537338112,1784885715110219008,1784885715143642392,10,d4:bd:4f:a1:e5:73,CESI_Recherche,-43.0,5640.0,0
1784885711537338112,1784885715110219008,1784885715143642392,10,d4:bd:4f:a1:e5:74,CESI_Iot,-43.0,5640.0,0
1784885711537338112,1784885715110219008,1784885715143642392,10,d4:bd:4f:a1:91:c0,CESI_Corp,-62.0,5660.0,0
1784885711537338112,1784885715110219008,1784885715143642392,10,d4:bd:4f:a1:91:c1,CESI_HotSpot,-62.0,5660.0,0
1784885711537338112,1784885715110219008,1784885715143642392,10,d4:bd:4f:a1:91:c2,CESI_Robots,-62.0,5660.0,0
1784885711537338112,1784885715110219008,1784885715143642392,10,d4:bd:4f:a1:91:c3,CESI_Recherche,-62.0,5660.0,0
1784885711537338112,1784885715110219008,1784885715143642392,10,d4:bd:4f:a1:91:c4,CESI_Iot,-62.0,5660.0,0
1784885711537338112,1784885715110219008,1784885715143642392,10,d4:bd:4f:60:d2:d2,CESI_Robots,-71.0,2457.0,0
1784885711537338112,1784885715110219008,1784885715143642392,10,d4:bd:4f:61:f4:50,CESI_Corp,-67.0,2427.0,0
1784885711537338112,1784885715110219008,1784885715143642392,10,d4:bd:4f:61:f4:51,CESI_HotSpot,-68.0,2427.0,0
1784885711537338112,1784885715110219008,1784885715143642392,10,d4:bd:4f:61:f4:52,CESI_Robots,-66.0,2427.0,0
1784885711537338112,1784885715110219008,1784885715143642392,10,d4:bd:4f:61:f4:53,CESI_Recherche,-66.0,2427.0,0
1784885711537338112,1784885715110219008,1784885715143642392,10,2c:5a:0f:e5:7f:ef,eduspot,-84.0,5280.0,0
1784885711537338112,1784885715110219008,1784885715143642392,10,8e:97:ea:a4:87:81,,-69.0,2412.0,28800
1784885711537338112,1784885715110219008,1784885715143642392,10,d4:bd:4f:60:d2:d3,CESI_Recherche,-75.0,2457.0,0
1784885711537338112,1784885715110219008,1784885715143642392,10,8c:97:ea:a4:87:84,Freebox-32CD89,-86.0,5200.0,28800
1784885711537338112,1784885715110219008,1784885715143642392,10,2c:5a:0f:e5:7f:e0,eduspot,-68.0,2412.0,0
1784885711537338112,1784885715110219008,1784885715143642392,10,32:24:a9:e8:3e:7f,DIRECT-7F-HP OfficeJet Pro 9010,-65.0,2437.0,20604
1784885711537338112,1784885715110219008,1784885715143642392,10,d4:bd:4f:60:d2:d0,CESI_Corp,-75.0,2457.0,0
1784885711537338112,1784885715110219008,1784885715143642392,10,d4:bd:4f:60:d2:d1,CESI_HotSpot,-76.0,2457.0,0
1784885711537338112,1784885715110219008,1784885715143642392,10,2c:5a:0f:e5:7f:ee,eduroam,-85.0,5280.0,0
1784885711537338112,1784885715110219008,1784885715143642392,10,be:0f:f3:38:12:57,DIRECT-57-HP OfficeJet Pro 8020,-79.0,2437.0,28800
1784885711537338112,1784885715110219008,1784885715143642392,10,d4:bd:4f:60:d2:d4,CESI_Iot,-72.0,2457.0,8312
1784885711537338112,1784885715110219008,1784885715143642392,10,7c:26:64:69:50:04,,-77.0,2462.0,24700
1784885711537338112,1784885715110219008,1784885715143642392,10,7c:26:64:69:50:05,,-88.0,5320.0,0
1784885715646671104,1784885719218089984,1784885719249722650,11,2c:5a:0f:e5:7f:e1,eduroam,-64.0,2412.0,4
1784885715646671104,1784885719218089984,1784885719249722650,11,52:04:df:14:fa:1a,iPhone moe b,-56.0,2437.0,4
1784885715646671104,1784885719218089984,1784885719249722650,11,d4:bd:4f:61:f4:54,CESI_Iot,-62.0,2427.0,4
1784885715646671104,1784885719218089984,1784885719249722650,11,d4:bd:4f:61:e5:70,CESI_Corp,-48.0,2457.0,4
1784885715646671104,1784885719218089984,1784885719249722650,11,d4:bd:4f:61:e5:71,CESI_HotSpot,-49.0,2457.0,4
1784885715646671104,1784885719218089984,1784885719249722650,11,d4:bd:4f:61:e5:72,CESI_Robots,-49.0,2457.0,4
1784885715646671104,1784885719218089984,1784885719249722650,11,d4:bd:4f:61:e5:73,CESI_Recherche,-52.0,2457.0,4
1784885715646671104,1784885719218089984,1784885719249722650,11,d4:bd:4f:61:e5:74,CESI_Iot,-56.0,2457.0,4
1784885715646671104,1784885719218089984,1784885719249722650,11,d4:bd:4f:61:91:c0,CESI_Corp,-67.0,2472.0,4
1784885715646671104,1784885719218089984,1784885719249722650,11,d4:bd:4f:61:91:c1,CESI_HotSpot,-67.0,2472.0,4
1784885715646671104,1784885719218089984,1784885719249722650,11,d4:bd:4f:61:91:c2,CESI_Robots,-67.0,2472.0,4
1784885715646671104,1784885719218089984,1784885719249722650,11,d4:bd:4f:61:91:c3,CESI_Recherche,-67.0,2472.0,4
1784885715646671104,1784885719218089984,1784885719249722650,11,d4:bd:4f:61:91:c4,CESI_Iot,-64.0,2472.0,4
1784885715646671104,1784885719218089984,1784885719249722650,11,8e:97:ea:a4:87:85,,-85.0,5200.0,24712
1784885715646671104,1784885719218089984,1784885719249722650,11,d4:bd:4f:a0:d2:d0,CESI_Corp,-82.0,5540.0,4
1784885715646671104,1784885719218089984,1784885719249722650,11,d4:bd:4f:a0:d2:d1,CESI_HotSpot,-83.0,5540.0,4
1784885715646671104,1784885719218089984,1784885719249722650,11,d4:bd:4f:a0:d2:d2,CESI_Robots,-83.0,5540.0,4
1784885715646671104,1784885719218089984,1784885719249722650,11,d4:bd:4f:a0:d2:d3,CESI_Recherche,-83.0,5540.0,4
1784885715646671104,1784885719218089984,1784885719249722650,11,d4:bd:4f:a0:d2:d4,CESI_Iot,-83.0,5540.0,4
1784885715646671104,1784885719218089984,1784885719249722650,11,d4:bd:4f:a1:f4:50,CESI_Corp,-64.0,5580.0,4
1784885715646671104,1784885719218089984,1784885719249722650,11,d4:bd:4f:a1:f4:51,CESI_HotSpot,-64.0,5580.0,4
1784885715646671104,1784885719218089984,1784885719249722650,11,d4:bd:4f:a1:f4:52,CESI_Robots,-63.0,5580.0,4
1784885715646671104,1784885719218089984,1784885719249722650,11,d4:bd:4f:a1:f4:53,CESI_Recherche,-64.0,5580.0,4
1784885715646671104,1784885719218089984,1784885719249722650,11,d4:bd:4f:a1:f4:54,CESI_Iot,-64.0,5580.0,4
1784885715646671104,1784885719218089984,1784885719249722650,11,d4:bd:4f:a1:e5:70,CESI_Corp,-44.0,5640.0,4
1784885715646671104,1784885719218089984,1784885719249722650,11,d4:bd:4f:a1:e5:71,CESI_HotSpot,-44.0,5640.0,4
1784885715646671104,1784885719218089984,1784885719249722650,11,d4:bd:4f:a1:e5:72,CESI_Robots,-44.0,5640.0,4
1784885715646671104,1784885719218089984,1784885719249722650,11,d4:bd:4f:a1:e5:73,CESI_Recherche,-44.0,5640.0,4
1784885715646671104,1784885719218089984,1784885719249722650,11,d4:bd:4f:a1:e5:74,CESI_Iot,-44.0,5640.0,4
1784885715646671104,1784885719218089984,1784885719249722650,11,d4:bd:4f:a1:91:c0,CESI_Corp,-64.0,5660.0,4
1784885715646671104,1784885719218089984,1784885719249722650,11,d4:bd:4f:a1:91:c1,CESI_HotSpot,-64.0,5660.0,4
1784885715646671104,1784885719218089984,1784885719249722650,11,d4:bd:4f:a1:91:c2,CESI_Robots,-64.0,5660.0,4
1784885715646671104,1784885719218089984,1784885719249722650,11,d4:bd:4f:a1:91:c3,CESI_Recherche,-64.0,5660.0,4
1784885715646671104,1784885719218089984,1784885719249722650,11,d4:bd:4f:a1:91:c4,CESI_Iot,-64.0,5660.0,4
1784885715646671104,1784885719218089984,1784885719249722650,11,d4:bd:4f:60:d2:d2,CESI_Robots,-70.0,2457.0,4
1784885715646671104,1784885719218089984,1784885719249722650,11,d4:bd:4f:61:f4:50,CESI_Corp,-62.0,2427.0,4
1784885715646671104,1784885719218089984,1784885719249722650,11,d4:bd:4f:61:f4:51,CESI_HotSpot,-61.0,2427.0,4
1784885715646671104,1784885719218089984,1784885719249722650,11,d4:bd:4f:61:f4:52,CESI_Robots,-62.0,2427.0,4
1784885715646671104,1784885719218089984,1784885719249722650,11,d4:bd:4f:61:f4:53,CESI_Recherche,-63.0,2427.0,4
1784885715646671104,1784885719218089984,1784885719249722650,11,2c:5a:0f:e5:7f:ef,eduspot,-84.0,5280.0,4108
1784885715646671104,1784885719218089984,1784885719249722650,11,d4:bd:4f:60:d2:d3,CESI_Recherche,-70.0,2457.0,4
1784885715646671104,1784885719218089984,1784885719249722650,11,2c:5a:0f:e5:7f:e0,eduspot,-64.0,2412.0,4
1784885715646671104,1784885719218089984,1784885719249722650,11,32:24:a9:e8:3e:7f,DIRECT-7F-HP OfficeJet Pro 9010,-65.0,2437.0,24712
1784885715646671104,1784885719218089984,1784885719249722650,11,d4:bd:4f:60:d2:d0,CESI_Corp,-70.0,2457.0,4
1784885715646671104,1784885719218089984,1784885719249722650,11,d4:bd:4f:60:d2:d1,CESI_HotSpot,-69.0,2457.0,4
1784885715646671104,1784885719218089984,1784885719249722650,11,2c:5a:0f:e5:7f:ee,eduroam,-86.0,5280.0,4
1784885715646671104,1784885719218089984,1784885719249722650,11,d4:bd:4f:60:d2:d4,CESI_Iot,-71.0,2457.0,4
1784885715646671104,1784885719218089984,1784885719249722650,11,7c:26:64:69:50:04,,-79.0,2462.0,4
1784885715646671104,1784885719218089984,1784885719249722650,11,7c:26:64:69:50:05,,-88.0,5320.0,4108
1784885719752609024,1784885723314842880,1784885723346214913,12,2c:5a:0f:e5:7f:e1,eduroam,-62.0,2412.0,4
1784885719752609024,1784885723314842880,1784885723346214913,12,52:04:df:14:fa:1a,iPhone moe b,-53.0,2437.0,4
1784885719752609024,1784885723314842880,1784885723346214913,12,d4:bd:4f:61:f4:54,CESI_Iot,-66.0,2427.0,4
1784885719752609024,1784885723314842880,1784885723346214913,12,d4:bd:4f:61:e5:70,CESI_Corp,-30.0,2457.0,4
1784885719752609024,1784885723314842880,1784885723346214913,12,d4:bd:4f:61:e5:71,CESI_HotSpot,-32.0,2457.0,4
1784885719752609024,1784885723314842880,1784885723346214913,12,d4:bd:4f:61:e5:72,CESI_Robots,-33.0,2457.0,4
1784885719752609024,1784885723314842880,1784885723346214913,12,d4:bd:4f:61:e5:73,CESI_Recherche,-33.0,2457.0,4
1784885719752609024,1784885723314842880,1784885723346214913,12,d4:bd:4f:61:e5:74,CESI_Iot,-30.0,2457.0,4
1784885719752609024,1784885723314842880,1784885723346214913,12,d4:bd:4f:61:91:c0,CESI_Corp,-62.0,2472.0,4
1784885719752609024,1784885723314842880,1784885723346214913,12,d4:bd:4f:61:91:c1,CESI_HotSpot,-63.0,2472.0,4
1784885719752609024,1784885723314842880,1784885723346214913,12,d4:bd:4f:61:91:c2,CESI_Robots,-63.0,2472.0,4
1784885719752609024,1784885723314842880,1784885723346214913,12,d4:bd:4f:61:91:c3,CESI_Recherche,-63.0,2472.0,4
1784885719752609024,1784885723314842880,1784885723346214913,12,d4:bd:4f:61:91:c4,CESI_Iot,-64.0,2472.0,4
1784885719752609024,1784885723314842880,1784885723346214913,12,8e:97:ea:a4:87:85,,-85.0,5200.0,28812
1784885719752609024,1784885723314842880,1784885723346214913,12,d4:bd:4f:a0:d2:d0,CESI_Corp,-80.0,5540.0,4
1784885719752609024,1784885723314842880,1784885723346214913,12,d4:bd:4f:a0:d2:d1,CESI_HotSpot,-79.0,5540.0,4
1784885719752609024,1784885723314842880,1784885723346214913,12,d4:bd:4f:a0:d2:d2,CESI_Robots,-79.0,5540.0,4
1784885719752609024,1784885723314842880,1784885723346214913,12,d4:bd:4f:a0:d2:d3,CESI_Recherche,-79.0,5540.0,4
1784885719752609024,1784885723314842880,1784885723346214913,12,d4:bd:4f:a0:d2:d4,CESI_Iot,-80.0,5540.0,4
1784885719752609024,1784885723314842880,1784885723346214913,12,d4:bd:4f:a1:f4:50,CESI_Corp,-65.0,5580.0,4
1784885719752609024,1784885723314842880,1784885723346214913,12,d4:bd:4f:a1:f4:51,CESI_HotSpot,-65.0,5580.0,4
1784885719752609024,1784885723314842880,1784885723346214913,12,d4:bd:4f:a1:f4:52,CESI_Robots,-65.0,5580.0,4
1784885719752609024,1784885723314842880,1784885723346214913,12,d4:bd:4f:a1:f4:53,CESI_Recherche,-65.0,5580.0,4
1784885719752609024,1784885723314842880,1784885723346214913,12,d4:bd:4f:a1:f4:54,CESI_Iot,-65.0,5580.0,4
1784885719752609024,1784885723314842880,1784885723346214913,12,d4:bd:4f:a1:e5:70,CESI_Corp,-43.0,5640.0,4
1784885719752609024,1784885723314842880,1784885723346214913,12,d4:bd:4f:a1:e5:71,CESI_HotSpot,-43.0,5640.0,4
1784885719752609024,1784885723314842880,1784885723346214913,12,d4:bd:4f:a1:e5:72,CESI_Robots,-43.0,5640.0,4
1784885719752609024,1784885723314842880,1784885723346214913,12,d4:bd:4f:a1:e5:73,CESI_Recherche,-43.0,5640.0,4
1784885719752609024,1784885723314842880,1784885723346214913,12,d4:bd:4f:a1:e5:74,CESI_Iot,-43.0,5640.0,4
1784885719752609024,1784885723314842880,1784885723346214913,12,d4:bd:4f:a1:91:c0,CESI_Corp,-60.0,5660.0,4
1784885719752609024,1784885723314842880,1784885723346214913,12,d4:bd:4f:a1:91:c1,CESI_HotSpot,-59.0,5660.0,4
1784885719752609024,1784885723314842880,1784885723346214913,12,d4:bd:4f:a1:91:c2,CESI_Robots,-59.0,5660.0,4
1784885719752609024,1784885723314842880,1784885723346214913,12,d4:bd:4f:a1:91:c3,CESI_Recherche,-59.0,5660.0,4
1784885719752609024,1784885723314842880,1784885723346214913,12,d4:bd:4f:a1:91:c4,CESI_Iot,-59.0,5660.0,4
1784885719752609024,1784885723314842880,1784885723346214913,12,d4:bd:4f:60:d2:d2,CESI_Robots,-70.0,2457.0,4104
1784885719752609024,1784885723314842880,1784885723346214913,12,d4:bd:4f:61:f4:50,CESI_Corp,-66.0,2427.0,4
1784885719752609024,1784885723314842880,1784885723346214913,12,d4:bd:4f:61:f4:51,CESI_HotSpot,-65.0,2427.0,4
1784885719752609024,1784885723314842880,1784885723346214913,12,d4:bd:4f:61:f4:52,CESI_Robots,-63.0,2427.0,4
1784885719752609024,1784885723314842880,1784885723346214913,12,d4:bd:4f:61:f4:53,CESI_Recherche,-66.0,2427.0,4
1784885719752609024,1784885723314842880,1784885723346214913,12,2c:5a:0f:e5:7f:ef,eduspot,-77.0,5280.0,4
1784885719752609024,1784885723314842880,1784885723346214913,12,d4:bd:4f:60:d2:d3,CESI_Recherche,-70.0,2457.0,4104
1784885719752609024,1784885723314842880,1784885723346214913,12,2c:5a:0f:e5:7f:e0,eduspot,-64.0,2412.0,4104
1784885719752609024,1784885723314842880,1784885723346214913,12,32:24:a9:e8:3e:7f,DIRECT-7F-HP OfficeJet Pro 9010,-71.0,2437.0,4
1784885719752609024,1784885723314842880,1784885723346214913,12,d4:bd:4f:60:d2:d0,CESI_Corp,-73.0,2457.0,4
1784885719752609024,1784885723314842880,1784885723346214913,12,d4:bd:4f:60:d2:d1,CESI_HotSpot,-69.0,2457.0,4104
1784885719752609024,1784885723314842880,1784885723346214913,12,2c:5a:0f:e5:7f:ee,eduroam,-78.0,5280.0,4
1784885719752609024,1784885723314842880,1784885723346214913,12,d4:bd:4f:60:d2:d4,CESI_Iot,-71.0,2457.0,4104
1784885719752609024,1784885723314842880,1784885723346214913,12,7c:26:64:69:50:04,,-80.0,2462.0,4
1784885719752609024,1784885723314842880,1784885723346214913,12,7c:26:64:69:50:05,,-88.0,5320.0,8208
1784885723849302016,1784885727417353984,1784885727450013735,13,2c:5a:0f:e5:7f:e1,eduroam,-62.0,2412.0,0
1784885723849302016,1784885727417353984,1784885727450013735,13,52:04:df:14:fa:1a,iPhone moe b,-50.0,2437.0,0
1784885723849302016,1784885727417353984,1784885727450013735,13,d4:bd:4f:61:f4:54,CESI_Iot,-68.0,2427.0,0
1784885723849302016,1784885727417353984,1784885727450013735,13,d4:bd:4f:61:e5:70,CESI_Corp,-41.0,2457.0,0
1784885723849302016,1784885727417353984,1784885727450013735,13,d4:bd:4f:61:e5:71,CESI_HotSpot,-39.0,2457.0,0
1784885723849302016,1784885727417353984,1784885727450013735,13,d4:bd:4f:61:e5:72,CESI_Robots,-38.0,2457.0,0
1784885723849302016,1784885727417353984,1784885727450013735,13,d4:bd:4f:61:e5:73,CESI_Recherche,-39.0,2457.0,0
1784885723849302016,1784885727417353984,1784885727450013735,13,d4:bd:4f:61:e5:74,CESI_Iot,-39.0,2457.0,0
1784885723849302016,1784885727417353984,1784885727450013735,13,d4:bd:4f:61:91:c0,CESI_Corp,-62.0,2472.0,0
1784885723849302016,1784885727417353984,1784885727450013735,13,d4:bd:4f:61:91:c1,CESI_HotSpot,-62.0,2472.0,0
1784885723849302016,1784885727417353984,1784885727450013735,13,d4:bd:4f:61:91:c2,CESI_Robots,-66.0,2472.0,0
1784885723849302016,1784885727417353984,1784885727450013735,13,d4:bd:4f:61:91:c3,CESI_Recherche,-65.0,2472.0,0
1784885723849302016,1784885727417353984,1784885727450013735,13,d4:bd:4f:61:91:c4,CESI_Iot,-66.0,2472.0,0
1784885723849302016,1784885727417353984,1784885727450013735,13,d4:bd:4f:a0:d2:d0,CESI_Corp,-74.0,5540.0,0
1784885723849302016,1784885727417353984,1784885727450013735,13,d4:bd:4f:a0:d2:d1,CESI_HotSpot,-74.0,5540.0,0
1784885723849302016,1784885727417353984,1784885727450013735,13,d4:bd:4f:a0:d2:d2,CESI_Robots,-74.0,5540.0,0
1784885723849302016,1784885727417353984,1784885727450013735,13,d4:bd:4f:a0:d2:d3,CESI_Recherche,-74.0,5540.0,0
1784885723849302016,1784885727417353984,1784885727450013735,13,d4:bd:4f:a0:d2:d4,CESI_Iot,-74.0,5540.0,0
1784885723849302016,1784885727417353984,1784885727450013735,13,d4:bd:4f:a1:f4:50,CESI_Corp,-59.0,5580.0,0
1784885723849302016,1784885727417353984,1784885727450013735,13,d4:bd:4f:a1:f4:51,CESI_HotSpot,-59.0,5580.0,0
1784885723849302016,1784885727417353984,1784885727450013735,13,d4:bd:4f:a1:f4:52,CESI_Robots,-59.0,5580.0,0
1784885723849302016,1784885727417353984,1784885727450013735,13,d4:bd:4f:a1:f4:53,CESI_Recherche,-59.0,5580.0,0
1784885723849302016,1784885727417353984,1784885727450013735,13,d4:bd:4f:a1:f4:54,CESI_Iot,-59.0,5580.0,0
1784885723849302016,1784885727417353984,1784885727450013735,13,d4:bd:4f:a1:e5:70,CESI_Corp,-44.0,5640.0,0
1784885723849302016,1784885727417353984,1784885727450013735,13,d4:bd:4f:a1:e5:71,CESI_HotSpot,-44.0,5640.0,0
1784885723849302016,1784885727417353984,1784885727450013735,13,d4:bd:4f:a1:e5:72,CESI_Robots,-44.0,5640.0,0
1784885723849302016,1784885727417353984,1784885727450013735,13,d4:bd:4f:a1:e5:73,CESI_Recherche,-44.0,5640.0,0
1784885723849302016,1784885727417353984,1784885727450013735,13,d4:bd:4f:a1:e5:74,CESI_Iot,-44.0,5640.0,0
1784885723849302016,1784885727417353984,1784885727450013735,13,d4:bd:4f:a1:91:c0,CESI_Corp,-65.0,5660.0,0
1784885723849302016,1784885727417353984,1784885727450013735,13,d4:bd:4f:a1:91:c1,CESI_HotSpot,-65.0,5660.0,0
1784885723849302016,1784885727417353984,1784885727450013735,13,d4:bd:4f:a1:91:c2,CESI_Robots,-65.0,5660.0,0
1784885723849302016,1784885727417353984,1784885727450013735,13,d4:bd:4f:a1:91:c3,CESI_Recherche,-65.0,5660.0,0
1784885723849302016,1784885727417353984,1784885727450013735,13,d4:bd:4f:a1:91:c4,CESI_Iot,-65.0,5660.0,0
1784885723849302016,1784885727417353984,1784885727450013735,13,d4:bd:4f:60:d2:d2,CESI_Robots,-70.0,2457.0,0
1784885723849302016,1784885727417353984,1784885727450013735,13,d4:bd:4f:61:f4:50,CESI_Corp,-71.0,2427.0,0
1784885723849302016,1784885727417353984,1784885727450013735,13,d4:bd:4f:61:f4:51,CESI_HotSpot,-70.0,2427.0,0
1784885723849302016,1784885727417353984,1784885727450013735,13,d4:bd:4f:61:f4:52,CESI_Robots,-72.0,2427.0,0
1784885723849302016,1784885727417353984,1784885727450013735,13,d4:bd:4f:61:f4:53,CESI_Recherche,-70.0,2427.0,0
1784885723849302016,1784885727417353984,1784885727450013735,13,2c:5a:0f:e5:7f:ef,eduspot,-82.0,5280.0,0
1784885723849302016,1784885727417353984,1784885727450013735,13,d4:bd:4f:60:d2:d3,CESI_Recherche,-71.0,2457.0,0
1784885723849302016,1784885727417353984,1784885727450013735,13,2c:5a:0f:e5:7f:e0,eduspot,-63.0,2412.0,0
1784885723849302016,1784885727417353984,1784885727450013735,13,32:24:a9:e8:3e:7f,DIRECT-7F-HP OfficeJet Pro 9010,-74.0,2437.0,0
1784885723849302016,1784885727417353984,1784885727450013735,13,d4:bd:4f:60:d2:d0,CESI_Corp,-73.0,2457.0,4104
1784885723849302016,1784885727417353984,1784885727450013735,13,d4:bd:4f:60:d2:d1,CESI_HotSpot,-71.0,2457.0,0
1784885723849302016,1784885727417353984,1784885727450013735,13,2c:5a:0f:e5:7f:ee,eduroam,-82.0,5280.0,0
1784885723849302016,1784885727417353984,1784885727450013735,13,d4:bd:4f:60:d2:d4,CESI_Iot,-71.0,2457.0,0
1784885723849302016,1784885727417353984,1784885727450013735,13,7c:26:64:69:50:04,,-80.0,2462.0,4104
1784885723849302016,1784885727417353984,1784885727450013735,13,7c:26:64:69:50:05,,-91.0,5320.0,0
1784885723849302016,1784885727417353984,1784885727450013735,13,be:0f:f3:38:12:57,DIRECT-57-HP OfficeJet Pro 8020,-79.0,2437.0,0
1784885723849302016,1784885727417353984,1784885727450013735,13,d4:bd:4f:a1:a9:73,CESI_Recherche,-91.0,5500.0,0
1784885727953213952,1784885731517022976,1784885731551965988,14,2c:5a:0f:e5:7f:e1,eduroam,-62.0,2412.0,4104
1784885727953213952,1784885731517022976,1784885731551965988,14,52:04:df:14:fa:1a,iPhone moe b,-50.0,2437.0,4
1784885727953213952,1784885731517022976,1784885731551965988,14,d4:bd:4f:61:f4:54,CESI_Iot,-65.0,2427.0,4
1784885727953213952,1784885731517022976,1784885731551965988,14,d4:bd:4f:61:e5:70,CESI_Corp,-39.0,2457.0,4
1784885727953213952,1784885731517022976,1784885731551965988,14,d4:bd:4f:61:e5:71,CESI_HotSpot,-38.0,2457.0,4
1784885727953213952,1784885731517022976,1784885731551965988,14,d4:bd:4f:61:e5:72,CESI_Robots,-37.0,2457.0,4
1784885727953213952,1784885731517022976,1784885731551965988,14,d4:bd:4f:61:e5:73,CESI_Recherche,-36.0,2457.0,4
1784885727953213952,1784885731517022976,1784885731551965988,14,d4:bd:4f:61:e5:74,CESI_Iot,-37.0,2457.0,4
1784885727953213952,1784885731517022976,1784885731551965988,14,d4:bd:4f:61:91:c0,CESI_Corp,-64.0,2472.0,4
1784885727953213952,1784885731517022976,1784885731551965988,14,d4:bd:4f:61:91:c1,CESI_HotSpot,-65.0,2472.0,4
1784885727953213952,1784885731517022976,1784885731551965988,14,d4:bd:4f:61:91:c2,CESI_Robots,-65.0,2472.0,4
1784885727953213952,1784885731517022976,1784885731551965988,14,d4:bd:4f:61:91:c3,CESI_Recherche,-64.0,2472.0,4
1784885727953213952,1784885731517022976,1784885731551965988,14,d4:bd:4f:61:91:c4,CESI_Iot,-64.0,2472.0,4
1784885727953213952,1784885731517022976,1784885731551965988,14,d4:bd:4f:a0:d2:d0,CESI_Corp,-86.0,5540.0,4
1784885727953213952,1784885731517022976,1784885731551965988,14,d4:bd:4f:a0:d2:d1,CESI_HotSpot,-85.0,5540.0,4
1784885727953213952,1784885731517022976,1784885731551965988,14,d4:bd:4f:a0:d2:d2,CESI_Robots,-87.0,5540.0,4
1784885727953213952,1784885731517022976,1784885731551965988,14,d4:bd:4f:a0:d2:d3,CESI_Recherche,-85.0,5540.0,4
1784885727953213952,1784885731517022976,1784885731551965988,14,d4:bd:4f:a0:d2:d4,CESI_Iot,-87.0,5540.0,4
1784885727953213952,1784885731517022976,1784885731551965988,14,d4:bd:4f:a1:f4:50,CESI_Corp,-64.0,5580.0,4
1784885727953213952,1784885731517022976,1784885731551965988,14,d4:bd:4f:a1:f4:51,CESI_HotSpot,-64.0,5580.0,4
1784885727953213952,1784885731517022976,1784885731551965988,14,d4:bd:4f:a1:f4:52,CESI_Robots,-64.0,5580.0,4
1784885727953213952,1784885731517022976,1784885731551965988,14,d4:bd:4f:a1:f4:53,CESI_Recherche,-65.0,5580.0,4
1784885727953213952,1784885731517022976,1784885731551965988,14,d4:bd:4f:a1:f4:54,CESI_Iot,-64.0,5580.0,4
1784885727953213952,1784885731517022976,1784885731551965988,14,d4:bd:4f:a1:e5:70,CESI_Corp,-42.0,5640.0,4
1784885727953213952,1784885731517022976,1784885731551965988,14,d4:bd:4f:a1:e5:71,CESI_HotSpot,-42.0,5640.0,4
1784885727953213952,1784885731517022976,1784885731551965988,14,d4:bd:4f:a1:e5:72,CESI_Robots,-42.0,5640.0,4
1784885727953213952,1784885731517022976,1784885731551965988,14,d4:bd:4f:a1:e5:73,CESI_Recherche,-42.0,5640.0,4
1784885727953213952,1784885731517022976,1784885731551965988,14,d4:bd:4f:a1:e5:74,CESI_Iot,-42.0,5640.0,4
1784885727953213952,1784885731517022976,1784885731551965988,14,d4:bd:4f:a1:91:c0,CESI_Corp,-70.0,5660.0,4
1784885727953213952,1784885731517022976,1784885731551965988,14,d4:bd:4f:a1:91:c1,CESI_HotSpot,-70.0,5660.0,4
1784885727953213952,1784885731517022976,1784885731551965988,14,d4:bd:4f:a1:91:c2,CESI_Robots,-69.0,5660.0,4
1784885727953213952,1784885731517022976,1784885731551965988,14,d4:bd:4f:a1:91:c3,CESI_Recherche,-69.0,5660.0,4
1784885727953213952,1784885731517022976,1784885731551965988,14,d4:bd:4f:a1:91:c4,CESI_Iot,-69.0,5660.0,4
1784885727953213952,1784885731517022976,1784885731551965988,14,d4:bd:4f:60:d2:d2,CESI_Robots,-80.0,2457.0,4
1784885727953213952,1784885731517022976,1784885731551965988,14,d4:bd:4f:61:f4:50,CESI_Corp,-66.0,2427.0,4
1784885727953213952,1784885731517022976,1784885731551965988,14,d4:bd:4f:61:f4:51,CESI_HotSpot,-64.0,2427.0,4
1784885727953213952,1784885731517022976,1784885731551965988,14,d4:bd:4f:61:f4:52,CESI_Robots,-64.0,2427.0,4
1784885727953213952,1784885731517022976,1784885731551965988,14,d4:bd:4f:61:f4:53,CESI_Recherche,-65.0,2427.0,4
1784885727953213952,1784885731517022976,1784885731551965988,14,2c:5a:0f:e5:7f:ef,eduspot,-84.0,5280.0,4
1784885727953213952,1784885731517022976,1784885731551965988,14,d4:bd:4f:60:d2:d3,CESI_Recherche,-71.0,2457.0,4104
1784885727953213952,1784885731517022976,1784885731551965988,14,2c:5a:0f:e5:7f:e0,eduspot,-63.0,2412.0,4104
1784885727953213952,1784885731517022976,1784885731551965988,14,32:24:a9:e8:3e:7f,DIRECT-7F-HP OfficeJet Pro 9010,-74.0,2437.0,4104
1784885727953213952,1784885731517022976,1784885731551965988,14,d4:bd:4f:60:d2:d0,CESI_Corp,-79.0,2457.0,4
1784885727953213952,1784885731517022976,1784885731551965988,14,d4:bd:4f:60:d2:d1,CESI_HotSpot,-81.0,2457.0,4
1784885727953213952,1784885731517022976,1784885731551965988,14,2c:5a:0f:e5:7f:ee,eduroam,-82.0,5280.0,4104
1784885727953213952,1784885731517022976,1784885731551965988,14,d4:bd:4f:60:d2:d4,CESI_Iot,-71.0,2457.0,4104
1784885727953213952,1784885731517022976,1784885731551965988,14,7c:26:64:69:50:04,,-80.0,2462.0,8208
1784885727953213952,1784885731517022976,1784885731551965988,14,7c:26:64:69:50:05,,-91.0,5320.0,4104
1784885727953213952,1784885731517022976,1784885731551965988,14,be:0f:f3:38:12:57,DIRECT-57-HP OfficeJet Pro 8020,-79.0,2437.0,4104
1784885727953213952,1784885731517022976,1784885731551965988,14,d4:bd:4f:a1:a9:73,CESI_Recherche,-91.0,5500.0,4104
1784885727953213952,1784885731517022976,1784885731551965988,14,8e:97:ea:a4:87:85,,-88.0,5200.0,4
1784885732055113984,1784885735614983168,1784885735647467456,15,2c:5a:0f:e5:7f:e1,eduroam,-64.0,2412.0,0
1784885732055113984,1784885735614983168,1784885735647467456,15,52:04:df:14:fa:1a,iPhone moe b,-51.0,2437.0,0
1784885732055113984,1784885735614983168,1784885735647467456,15,d4:bd:4f:61:f4:54,CESI_Iot,-65.0,2427.0,0
1784885732055113984,1784885735614983168,1784885735647467456,15,d4:bd:4f:61:e5:70,CESI_Corp,-47.0,2457.0,0
1784885732055113984,1784885735614983168,1784885735647467456,15,d4:bd:4f:61:e5:71,CESI_HotSpot,-50.0,2457.0,0
1784885732055113984,1784885735614983168,1784885735647467456,15,d4:bd:4f:61:e5:72,CESI_Robots,-49.0,2457.0,0
1784885732055113984,1784885735614983168,1784885735647467456,15,d4:bd:4f:61:e5:73,CESI_Recherche,-48.0,2457.0,0
1784885732055113984,1784885735614983168,1784885735647467456,15,d4:bd:4f:61:e5:74,CESI_Iot,-48.0,2457.0,0
1784885732055113984,1784885735614983168,1784885735647467456,15,d4:bd:4f:61:91:c0,CESI_Corp,-66.0,2472.0,0
1784885732055113984,1784885735614983168,1784885735647467456,15,d4:bd:4f:61:91:c1,CESI_HotSpot,-66.0,2472.0,0
1784885732055113984,1784885735614983168,1784885735647467456,15,d4:bd:4f:61:91:c2,CESI_Robots,-66.0,2472.0,0
1784885732055113984,1784885735614983168,1784885735647467456,15,d4:bd:4f:61:91:c3,CESI_Recherche,-66.0,2472.0,0
1784885732055113984,1784885735614983168,1784885735647467456,15,d4:bd:4f:61:91:c4,CESI_Iot,-66.0,2472.0,0
1784885732055113984,1784885735614983168,1784885735647467456,15,d4:bd:4f:a0:d2:d0,CESI_Corp,-81.0,5540.0,0
1784885732055113984,1784885735614983168,1784885735647467456,15,d4:bd:4f:a0:d2:d1,CESI_HotSpot,-81.0,5540.0,0
1784885732055113984,1784885735614983168,1784885735647467456,15,d4:bd:4f:a0:d2:d2,CESI_Robots,-81.0,5540.0,0
1784885732055113984,1784885735614983168,1784885735647467456,15,d4:bd:4f:a0:d2:d3,CESI_Recherche,-85.0,5540.0,4100
1784885732055113984,1784885735614983168,1784885735647467456,15,d4:bd:4f:a0:d2:d4,CESI_Iot,-81.0,5540.0,0
1784885732055113984,1784885735614983168,1784885735647467456,15,d4:bd:4f:a1:f4:50,CESI_Corp,-70.0,5580.0,0
1784885732055113984,1784885735614983168,1784885735647467456,15,d4:bd:4f:a1:f4:51,CESI_HotSpot,-70.0,5580.0,0
1784885732055113984,1784885735614983168,1784885735647467456,15,d4:bd:4f:a1:f4:52,CESI_Robots,-70.0,5580.0,0
1784885732055113984,1784885735614983168,1784885735647467456,15,d4:bd:4f:a1:f4:53,CESI_Recherche,-70.0,5580.0,0
1784885732055113984,1784885735614983168,1784885735647467456,15,d4:bd:4f:a1:f4:54,CESI_Iot,-70.0,5580.0,0
1784885732055113984,1784885735614983168,1784885735647467456,15,d4:bd:4f:a1:e5:70,CESI_Corp,-37.0,5640.0,0
1784885732055113984,1784885735614983168,1784885735647467456,15,d4:bd:4f:a1:e5:71,CESI_HotSpot,-38.0,5640.0,0
1784885732055113984,1784885735614983168,1784885735647467456,15,d4:bd:4f:a1:e5:72,CESI_Robots,-37.0,5640.0,0
1784885732055113984,1784885735614983168,1784885735647467456,15,d4:bd:4f:a1:e5:73,CESI_Recherche,-37.0,5640.0,0
1784885732055113984,1784885735614983168,1784885735647467456,15,d4:bd:4f:a1:e5:74,CESI_Iot,-38.0,5640.0,0
1784885732055113984,1784885735614983168,1784885735647467456,15,d4:bd:4f:a1:91:c0,CESI_Corp,-60.0,5660.0,0
1784885732055113984,1784885735614983168,1784885735647467456,15,d4:bd:4f:a1:91:c1,CESI_HotSpot,-60.0,5660.0,0
1784885732055113984,1784885735614983168,1784885735647467456,15,d4:bd:4f:a1:91:c2,CESI_Robots,-60.0,5660.0,0
1784885732055113984,1784885735614983168,1784885735647467456,15,d4:bd:4f:a1:91:c3,CESI_Recherche,-60.0,5660.0,0
1784885732055113984,1784885735614983168,1784885735647467456,15,d4:bd:4f:a1:91:c4,CESI_Iot,-60.0,5660.0,0
1784885732055113984,1784885735614983168,1784885735647467456,15,d4:bd:4f:60:d2:d2,CESI_Robots,-80.0,2457.0,4100
1784885732055113984,1784885735614983168,1784885735647467456,15,d4:bd:4f:61:f4:50,CESI_Corp,-70.0,2427.0,0
1784885732055113984,1784885735614983168,1784885735647467456,15,d4:bd:4f:61:f4:51,CESI_HotSpot,-67.0,2427.0,0
1784885732055113984,1784885735614983168,1784885735647467456,15,d4:bd:4f:61:f4:52,CESI_Robots,-68.0,2427.0,0
1784885732055113984,1784885735614983168,1784885735647467456,15,d4:bd:4f:61:f4:53,CESI_Recherche,-69.0,2427.0,0
1784885732055113984,1784885735614983168,1784885735647467456,15,2c:5a:0f:e5:7f:ef,eduspot,-84.0,5280.0,0
1784885732055113984,1784885735614983168,1784885735647467456,15,d4:bd:4f:60:d2:d3,CESI_Recherche,-71.0,2457.0,8200
1784885732055113984,1784885735614983168,1784885735647467456,15,2c:5a:0f:e5:7f:e0,eduspot,-64.0,2412.0,0
1784885732055113984,1784885735614983168,1784885735647467456,15,32:24:a9:e8:3e:7f,DIRECT-7F-HP OfficeJet Pro 9010,-74.0,2437.0,8200
1784885732055113984,1784885735614983168,1784885735647467456,15,d4:bd:4f:60:d2:d0,CESI_Corp,-79.0,2457.0,4100
1784885732055113984,1784885735614983168,1784885735647467456,15,d4:bd:4f:60:d2:d1,CESI_HotSpot,-81.0,2457.0,4100
1784885732055113984,1784885735614983168,1784885735647467456,15,2c:5a:0f:e5:7f:ee,eduroam,-83.0,5280.0,0
1784885732055113984,1784885735614983168,1784885735647467456,15,d4:bd:4f:60:d2:d4,CESI_Iot,-71.0,2457.0,8200
1784885732055113984,1784885735614983168,1784885735647467456,15,7c:26:64:69:50:04,,-80.0,2462.0,12304
1784885732055113984,1784885735614983168,1784885735647467456,15,7c:26:64:69:50:05,,-91.0,5320.0,8200
1784885732055113984,1784885735614983168,1784885735647467456,15,be:0f:f3:38:12:57,DIRECT-57-HP OfficeJet Pro 8020,-79.0,2437.0,8200
1784885732055113984,1784885735614983168,1784885735647467456,15,d4:bd:4f:a1:a9:73,CESI_Recherche,-91.0,5500.0,8200
1784885732055113984,1784885735614983168,1784885735647467456,15,8e:97:ea:a4:87:85,,-88.0,5200.0,4100
1784885736150484992,1784885739817783040,1784885739852986328,16,2c:5a:0f:e5:7f:e1,eduroam,-64.0,2412.0,4204
1784885736150484992,1784885739817783040,1784885739852986328,16,52:04:df:14:fa:1a,iPhone moe b,-49.0,2437.0,0
1784885736150484992,1784885739817783040,1784885739852986328,16,d4:bd:4f:61:f4:54,CESI_Iot,-64.0,2427.0,0
1784885736150484992,1784885739817783040,1784885739852986328,16,d4:bd:4f:61:e5:70,CESI_Corp,-53.0,2457.0,0
1784885736150484992,1784885739817783040,1784885739852986328,16,d4:bd:4f:61:e5:71,CESI_HotSpot,-50.0,2457.0,0
1784885736150484992,1784885739817783040,1784885739852986328,16,d4:bd:4f:61:e5:72,CESI_Robots,-49.0,2457.0,0
1784885736150484992,1784885739817783040,1784885739852986328,16,d4:bd:4f:61:e5:73,CESI_Recherche,-48.0,2457.0,0
1784885736150484992,1784885739817783040,1784885739852986328,16,d4:bd:4f:61:e5:74,CESI_Iot,-50.0,2457.0,0
1784885736150484992,1784885739817783040,1784885739852986328,16,d4:bd:4f:61:91:c0,CESI_Corp,-61.0,2472.0,0
1784885736150484992,1784885739817783040,1784885739852986328,16,d4:bd:4f:61:91:c1,CESI_HotSpot,-61.0,2472.0,0
1784885736150484992,1784885739817783040,1784885739852986328,16,d4:bd:4f:61:91:c2,CESI_Robots,-61.0,2472.0,0
1784885736150484992,1784885739817783040,1784885739852986328,16,d4:bd:4f:61:91:c3,CESI_Recherche,-61.0,2472.0,0
1784885736150484992,1784885739817783040,1784885739852986328,16,d4:bd:4f:61:91:c4,CESI_Iot,-62.0,2472.0,0
1784885736150484992,1784885739817783040,1784885739852986328,16,d4:bd:4f:a0:d2:d0,CESI_Corp,-74.0,5540.0,0
1784885736150484992,1784885739817783040,1784885739852986328,16,d4:bd:4f:a0:d2:d1,CESI_HotSpot,-74.0,5540.0,0
1784885736150484992,1784885739817783040,1784885739852986328,16,d4:bd:4f:a0:d2:d2,CESI_Robots,-75.0,5540.0,0
1784885736150484992,1784885739817783040,1784885739852986328,16,d4:bd:4f:a0:d2:d3,CESI_Recherche,-74.0,5540.0,0
1784885736150484992,1784885739817783040,1784885739852986328,16,d4:bd:4f:a0:d2:d4,CESI_Iot,-74.0,5540.0,0
1784885736150484992,1784885739817783040,1784885739852986328,16,d4:bd:4f:a1:f4:50,CESI_Corp,-70.0,5580.0,0
1784885736150484992,1784885739817783040,1784885739852986328,16,d4:bd:4f:a1:f4:51,CESI_HotSpot,-70.0,5580.0,0
1784885736150484992,1784885739817783040,1784885739852986328,16,d4:bd:4f:a1:f4:52,CESI_Robots,-70.0,5580.0,0
1784885736150484992,1784885739817783040,1784885739852986328,16,d4:bd:4f:a1:f4:53,CESI_Recherche,-69.0,5580.0,0
1784885736150484992,1784885739817783040,1784885739852986328,16,d4:bd:4f:a1:f4:54,CESI_Iot,-70.0,5580.0,0
1784885736150484992,1784885739817783040,1784885739852986328,16,d4:bd:4f:a1:e5:70,CESI_Corp,-43.0,5640.0,0
1784885736150484992,1784885739817783040,1784885739852986328,16,d4:bd:4f:a1:e5:71,CESI_HotSpot,-43.0,5640.0,0
1784885736150484992,1784885739817783040,1784885739852986328,16,d4:bd:4f:a1:e5:72,CESI_Robots,-43.0,5640.0,0
1784885736150484992,1784885739817783040,1784885739852986328,16,d4:bd:4f:a1:e5:73,CESI_Recherche,-43.0,5640.0,0
1784885736150484992,1784885739817783040,1784885739852986328,16,d4:bd:4f:a1:e5:74,CESI_Iot,-43.0,5640.0,0
1784885736150484992,1784885739817783040,1784885739852986328,16,d4:bd:4f:a1:91:c0,CESI_Corp,-58.0,5660.0,0
1784885736150484992,1784885739817783040,1784885739852986328,16,d4:bd:4f:a1:91:c1,CESI_HotSpot,-57.0,5660.0,0
1784885736150484992,1784885739817783040,1784885739852986328,16,d4:bd:4f:a1:91:c2,CESI_Robots,-57.0,5660.0,0
1784885736150484992,1784885739817783040,1784885739852986328,16,d4:bd:4f:a1:91:c3,CESI_Recherche,-58.0,5660.0,0
1784885736150484992,1784885739817783040,1784885739852986328,16,d4:bd:4f:a1:91:c4,CESI_Iot,-58.0,5660.0,0
1784885736150484992,1784885739817783040,1784885739852986328,16,d4:bd:4f:60:d2:d2,CESI_Robots,-71.0,2457.0,0
1784885736150484992,1784885739817783040,1784885739852986328,16,d4:bd:4f:61:f4:50,CESI_Corp,-64.0,2427.0,0
1784885736150484992,1784885739817783040,1784885739852986328,16,d4:bd:4f:61:f4:51,CESI_HotSpot,-63.0,2427.0,0
1784885736150484992,1784885739817783040,1784885739852986328,16,d4:bd:4f:61:f4:52,CESI_Robots,-66.0,2427.0,0
1784885736150484992,1784885739817783040,1784885739852986328,16,d4:bd:4f:61:f4:53,CESI_Recherche,-69.0,2427.0,4204
1784885736150484992,1784885739817783040,1784885739852986328,16,2c:5a:0f:e5:7f:ef,eduspot,-84.0,5280.0,4204
1784885736150484992,1784885739817783040,1784885739852986328,16,d4:bd:4f:60:d2:d3,CESI_Recherche,-70.0,2457.0,0
1784885736150484992,1784885739817783040,1784885739852986328,16,2c:5a:0f:e5:7f:e0,eduspot,-64.0,2412.0,4204
1784885736150484992,1784885739817783040,1784885739852986328,16,32:24:a9:e8:3e:7f,DIRECT-7F-HP OfficeJet Pro 9010,-74.0,2437.0,12404
1784885736150484992,1784885739817783040,1784885739852986328,16,d4:bd:4f:60:d2:d0,CESI_Corp,-79.0,2457.0,8304
1784885736150484992,1784885739817783040,1784885739852986328,16,d4:bd:4f:60:d2:d1,CESI_HotSpot,-70.0,2457.0,0
1784885736150484992,1784885739817783040,1784885739852986328,16,2c:5a:0f:e5:7f:ee,eduroam,-83.0,5280.0,4204
1784885736150484992,1784885739817783040,1784885739852986328,16,d4:bd:4f:60:d2:d4,CESI_Iot,-69.0,2457.0,0
1784885736150484992,1784885739817783040,1784885739852986328,16,7c:26:64:69:50:04,,-80.0,2462.0,16508
1784885736150484992,1784885739817783040,1784885739852986328,16,7c:26:64:69:50:05,,-91.0,5320.0,12404
1784885736150484992,1784885739817783040,1784885739852986328,16,be:0f:f3:38:12:57,DIRECT-57-HP OfficeJet Pro 8020,-79.0,2437.0,12404
1784885736150484992,1784885739817783040,1784885739852986328,16,d4:bd:4f:a1:a9:73,CESI_Recherche,-91.0,5500.0,12404
1784885736150484992,1784885739817783040,1784885739852986328,16,8e:97:ea:a4:87:85,,-88.0,5200.0,8304
1784885740355971072,1784885743917922048,1784885743953263622,17,2c:5a:0f:e5:7f:e1,eduroam,-57.0,2412.0,0
1784885740355971072,1784885743917922048,1784885743953263622,17,52:04:df:14:fa:1a,iPhone moe b,-47.0,2437.0,0
1784885740355971072,1784885743917922048,1784885743953263622,17,d4:bd:4f:61:f4:54,CESI_Iot,-79.0,2427.0,0
1784885740355971072,1784885743917922048,1784885743953263622,17,d4:bd:4f:61:e5:70,CESI_Corp,-47.0,2457.0,0
1784885740355971072,1784885743917922048,1784885743953263622,17,d4:bd:4f:61:e5:71,CESI_HotSpot,-42.0,2457.0,0
1784885740355971072,1784885743917922048,1784885743953263622,17,d4:bd:4f:61:e5:72,CESI_Robots,-43.0,2457.0,0
1784885740355971072,1784885743917922048,1784885743953263622,17,d4:bd:4f:61:e5:73,CESI_Recherche,-47.0,2457.0,0
1784885740355971072,1784885743917922048,1784885743953263622,17,d4:bd:4f:61:e5:74,CESI_Iot,-47.0,2457.0,0
1784885740355971072,1784885743917922048,1784885743953263622,17,d4:bd:4f:61:91:c0,CESI_Corp,-60.0,2472.0,0
1784885740355971072,1784885743917922048,1784885743953263622,17,d4:bd:4f:61:91:c1,CESI_HotSpot,-60.0,2472.0,0
1784885740355971072,1784885743917922048,1784885743953263622,17,d4:bd:4f:61:91:c2,CESI_Robots,-60.0,2472.0,0
1784885740355971072,1784885743917922048,1784885743953263622,17,d4:bd:4f:61:91:c3,CESI_Recherche,-61.0,2472.0,0
1784885740355971072,1784885743917922048,1784885743953263622,17,d4:bd:4f:61:91:c4,CESI_Iot,-60.0,2472.0,0
1784885740355971072,1784885743917922048,1784885743953263622,17,d4:bd:4f:a0:d2:d0,CESI_Corp,-79.0,5540.0,0
1784885740355971072,1784885743917922048,1784885743953263622,17,d4:bd:4f:a0:d2:d1,CESI_HotSpot,-79.0,5540.0,0
1784885740355971072,1784885743917922048,1784885743953263622,17,d4:bd:4f:a0:d2:d2,CESI_Robots,-80.0,5540.0,0
1784885740355971072,1784885743917922048,1784885743953263622,17,d4:bd:4f:a0:d2:d3,CESI_Recherche,-79.0,5540.0,0
1784885740355971072,1784885743917922048,1784885743953263622,17,d4:bd:4f:a0:d2:d4,CESI_Iot,-80.0,5540.0,0
1784885740355971072,1784885743917922048,1784885743953263622,17,d4:bd:4f:a1:f4:50,CESI_Corp,-72.0,5580.0,0
1784885740355971072,1784885743917922048,1784885743953263622,17,d4:bd:4f:a1:f4:51,CESI_HotSpot,-72.0,5580.0,0
1784885740355971072,1784885743917922048,1784885743953263622,17,d4:bd:4f:a1:f4:52,CESI_Robots,-72.0,5580.0,0
1784885740355971072,1784885743917922048,1784885743953263622,17,d4:bd:4f:a1:f4:53,CESI_Recherche,-73.0,5580.0,0
1784885740355971072,1784885743917922048,1784885743953263622,17,d4:bd:4f:a1:f4:54,CESI_Iot,-73.0,5580.0,0
1784885740355971072,1784885743917922048,1784885743953263622,17,d4:bd:4f:a1:e5:70,CESI_Corp,-40.0,5640.0,0
1784885740355971072,1784885743917922048,1784885743953263622,17,d4:bd:4f:a1:e5:71,CESI_HotSpot,-40.0,5640.0,0
1784885740355971072,1784885743917922048,1784885743953263622,17,d4:bd:4f:a1:e5:72,CESI_Robots,-40.0,5640.0,0
1784885740355971072,1784885743917922048,1784885743953263622,17,d4:bd:4f:a1:e5:73,CESI_Recherche,-40.0,5640.0,0
1784885740355971072,1784885743917922048,1784885743953263622,17,d4:bd:4f:a1:e5:74,CESI_Iot,-40.0,5640.0,0
1784885740355971072,1784885743917922048,1784885743953263622,17,d4:bd:4f:a1:91:c0,CESI_Corp,-55.0,5660.0,0
1784885740355971072,1784885743917922048,1784885743953263622,17,d4:bd:4f:a1:91:c1,CESI_HotSpot,-55.0,5660.0,0
1784885740355971072,1784885743917922048,1784885743953263622,17,d4:bd:4f:a1:91:c2,CESI_Robots,-55.0,5660.0,0
1784885740355971072,1784885743917922048,1784885743953263622,17,d4:bd:4f:a1:91:c3,CESI_Recherche,-55.0,5660.0,0
1784885740355971072,1784885743917922048,1784885743953263622,17,d4:bd:4f:a1:91:c4,CESI_Iot,-55.0,5660.0,0
1784885740355971072,1784885743917922048,1784885743953263622,17,d4:bd:4f:60:d2:d2,CESI_Robots,-71.0,2457.0,4100
1784885740355971072,1784885743917922048,1784885743953263622,17,d4:bd:4f:61:f4:50,CESI_Corp,-77.0,2427.0,0
1784885740355971072,1784885743917922048,1784885743953263622,17,d4:bd:4f:61:f4:51,CESI_HotSpot,-76.0,2427.0,0
1784885740355971072,1784885743917922048,1784885743953263622,17,d4:bd:4f:61:f4:52,CESI_Robots,-76.0,2427.0,0
1784885740355971072,1784885743917922048,1784885743953263622,17,d4:bd:4f:61:f4:53,CESI_Recherche,-78.0,2427.0,0
1784885740355971072,1784885743917922048,1784885743953263622,17,2c:5a:0f:e5:7f:ef,eduspot,-77.0,5280.0,0
1784885740355971072,1784885743917922048,1784885743953263622,17,d4:bd:4f:60:d2:d3,CESI_Recherche,-70.0,2457.0,4100
1784885740355971072,1784885743917922048,1784885743953263622,17,2c:5a:0f:e5:7f:e0,eduspot,-58.0,2412.0,0
1784885740355971072,1784885743917922048,1784885743953263622,17,32:24:a9:e8:3e:7f,DIRECT-7F-HP OfficeJet Pro 9010,-74.0,2437.0,16504
1784885740355971072,1784885743917922048,1784885743953263622,17,d4:bd:4f:60:d2:d0,CESI_Corp,-79.0,2457.0,12404
1784885740355971072,1784885743917922048,1784885743953263622,17,d4:bd:4f:60:d2:d1,CESI_HotSpot,-70.0,2457.0,4100
1784885740355971072,1784885743917922048,1784885743953263622,17,2c:5a:0f:e5:7f:ee,eduroam,-77.0,5280.0,0
1784885740355971072,1784885743917922048,1784885743953263622,17,d4:bd:4f:60:d2:d4,CESI_Iot,-69.0,2457.0,4100
1784885740355971072,1784885743917922048,1784885743953263622,17,7c:26:64:69:50:04,,-80.0,2462.0,20608
1784885740355971072,1784885743917922048,1784885743953263622,17,7c:26:64:69:50:05,,-91.0,5320.0,16504
1784885740355971072,1784885743917922048,1784885743953263622,17,be:0f:f3:38:12:57,DIRECT-57-HP OfficeJet Pro 8020,-79.0,2437.0,16504
1784885740355971072,1784885743917922048,1784885743953263622,17,d4:bd:4f:a1:a9:73,CESI_Recherche,-91.0,5500.0,16504
1784885740355971072,1784885743917922048,1784885743953263622,17,8e:97:ea:a4:87:85,,-88.0,5200.0,12404
1784885744456446976,1784885748017608960,1784885748051052456,18,2c:5a:0f:e5:7f:e1,eduroam,-59.0,2412.0,0
1784885744456446976,1784885748017608960,1784885748051052456,18,52:04:df:14:fa:1a,iPhone moe b,-45.0,2437.0,0
1784885744456446976,1784885748017608960,1784885748051052456,18,d4:bd:4f:61:f4:54,CESI_Iot,-73.0,2427.0,0
1784885744456446976,1784885748017608960,1784885748051052456,18,d4:bd:4f:61:e5:70,CESI_Corp,-49.0,2457.0,0
1784885744456446976,1784885748017608960,1784885748051052456,18,d4:bd:4f:61:e5:71,CESI_HotSpot,-51.0,2457.0,0
1784885744456446976,1784885748017608960,1784885748051052456,18,d4:bd:4f:61:e5:72,CESI_Robots,-51.0,2457.0,0
1784885744456446976,1784885748017608960,1784885748051052456,18,d4:bd:4f:61:e5:73,CESI_Recherche,-51.0,2457.0,0
1784885744456446976,1784885748017608960,1784885748051052456,18,d4:bd:4f:61:e5:74,CESI_Iot,-51.0,2457.0,0
1784885744456446976,1784885748017608960,1784885748051052456,18,d4:bd:4f:61:91:c0,CESI_Corp,-52.0,2472.0,0
1784885744456446976,1784885748017608960,1784885748051052456,18,d4:bd:4f:61:91:c1,CESI_HotSpot,-52.0,2472.0,0
1784885744456446976,1784885748017608960,1784885748051052456,18,d4:bd:4f:61:91:c2,CESI_Robots,-52.0,2472.0,0
1784885744456446976,1784885748017608960,1784885748051052456,18,d4:bd:4f:61:91:c3,CESI_Recherche,-52.0,2472.0,0
1784885744456446976,1784885748017608960,1784885748051052456,18,d4:bd:4f:61:91:c4,CESI_Iot,-52.0,2472.0,0
1784885744456446976,1784885748017608960,1784885748051052456,18,d4:bd:4f:a0:d2:d0,CESI_Corp,-81.0,5540.0,0
1784885744456446976,1784885748017608960,1784885748051052456,18,d4:bd:4f:a0:d2:d1,CESI_HotSpot,-81.0,5540.0,0
1784885744456446976,1784885748017608960,1784885748051052456,18,d4:bd:4f:a0:d2:d2,CESI_Robots,-82.0,5540.0,0
1784885744456446976,1784885748017608960,1784885748051052456,18,d4:bd:4f:a0:d2:d3,CESI_Recherche,-81.0,5540.0,0
1784885744456446976,1784885748017608960,1784885748051052456,18,d4:bd:4f:a0:d2:d4,CESI_Iot,-81.0,5540.0,0
1784885744456446976,1784885748017608960,1784885748051052456,18,d4:bd:4f:a1:f4:50,CESI_Corp,-69.0,5580.0,0
1784885744456446976,1784885748017608960,1784885748051052456,18,d4:bd:4f:a1:f4:51,CESI_HotSpot,-69.0,5580.0,0
1784885744456446976,1784885748017608960,1784885748051052456,18,d4:bd:4f:a1:f4:52,CESI_Robots,-69.0,5580.0,0
1784885744456446976,1784885748017608960,1784885748051052456,18,d4:bd:4f:a1:f4:53,CESI_Recherche,-69.0,5580.0,0
1784885744456446976,1784885748017608960,1784885748051052456,18,d4:bd:4f:a1:f4:54,CESI_Iot,-69.0,5580.0,0
1784885744456446976,1784885748017608960,1784885748051052456,18,d4:bd:4f:a1:e5:70,CESI_Corp,-37.0,5640.0,0
1784885744456446976,1784885748017608960,1784885748051052456,18,d4:bd:4f:a1:e5:71,CESI_HotSpot,-37.0,5640.0,0
1784885744456446976,1784885748017608960,1784885748051052456,18,d4:bd:4f:a1:e5:72,CESI_Robots,-38.0,5640.0,0
1784885744456446976,1784885748017608960,1784885748051052456,18,d4:bd:4f:a1:e5:73,CESI_Recherche,-38.0,5640.0,0
1784885744456446976,1784885748017608960,1784885748051052456,18,d4:bd:4f:a1:e5:74,CESI_Iot,-38.0,5640.0,0
1784885744456446976,1784885748017608960,1784885748051052456,18,d4:bd:4f:a1:91:c0,CESI_Corp,-56.0,5660.0,0
1784885744456446976,1784885748017608960,1784885748051052456,18,d4:bd:4f:a1:91:c1,CESI_HotSpot,-56.0,5660.0,0
1784885744456446976,1784885748017608960,1784885748051052456,18,d4:bd:4f:a1:91:c2,CESI_Robots,-56.0,5660.0,0
1784885744456446976,1784885748017608960,1784885748051052456,18,d4:bd:4f:a1:91:c3,CESI_Recherche,-56.0,5660.0,0
1784885744456446976,1784885748017608960,1784885748051052456,18,d4:bd:4f:a1:91:c4,CESI_Iot,-56.0,5660.0,0
1784885744456446976,1784885748017608960,1784885748051052456,18,d4:bd:4f:60:d2:d2,CESI_Robots,-71.0,2457.0,8196
1784885744456446976,1784885748017608960,1784885748051052456,18,d4:bd:4f:61:f4:50,CESI_Corp,-74.0,2427.0,0
1784885744456446976,1784885748017608960,1784885748051052456,18,d4:bd:4f:61:f4:51,CESI_HotSpot,-68.0,2427.0,0
1784885744456446976,1784885748017608960,1784885748051052456,18,d4:bd:4f:61:f4:52,CESI_Robots,-69.0,2427.0,0
1784885744456446976,1784885748017608960,1784885748051052456,18,d4:bd:4f:61:f4:53,CESI_Recherche,-72.0,2427.0,0
1784885744456446976,1784885748017608960,1784885748051052456,18,2c:5a:0f:e5:7f:ef,eduspot,-80.0,5280.0,0
1784885744456446976,1784885748017608960,1784885748051052456,18,d4:bd:4f:60:d2:d3,CESI_Recherche,-70.0,2457.0,8196
1784885744456446976,1784885748017608960,1784885748051052456,18,2c:5a:0f:e5:7f:e0,eduspot,-58.0,2412.0,0
1784885744456446976,1784885748017608960,1784885748051052456,18,32:24:a9:e8:3e:7f,DIRECT-7F-HP OfficeJet Pro 9010,-74.0,2437.0,20600
1784885744456446976,1784885748017608960,1784885748051052456,18,d4:bd:4f:60:d2:d0,CESI_Corp,-68.0,2457.0,0
1784885744456446976,1784885748017608960,1784885748051052456,18,d4:bd:4f:60:d2:d1,CESI_HotSpot,-67.0,2457.0,0
1784885744456446976,1784885748017608960,1784885748051052456,18,2c:5a:0f:e5:7f:ee,eduroam,-81.0,5280.0,0
1784885744456446976,1784885748017608960,1784885748051052456,18,d4:bd:4f:60:d2:d4,CESI_Iot,-69.0,2457.0,8196
1784885744456446976,1784885748017608960,1784885748051052456,18,7c:26:64:69:50:04,,-80.0,2462.0,24704
1784885744456446976,1784885748017608960,1784885748051052456,18,7c:26:64:69:50:05,,-91.0,5320.0,20600
1784885744456446976,1784885748017608960,1784885748051052456,18,be:0f:f3:38:12:57,DIRECT-57-HP OfficeJet Pro 8020,-79.0,2437.0,20600
1784885744456446976,1784885748017608960,1784885748051052456,18,d4:bd:4f:a1:a9:73,CESI_Recherche,-91.0,5500.0,20600
1784885744456446976,1784885748017608960,1784885748051052456,18,8e:97:ea:a4:87:85,,-85.0,5200.0,0
1784885748554696960,1784885752119543040,1784885752152386038,19,2c:5a:0f:e5:7f:e1,eduroam,-61.0,2412.0,0
1784885748554696960,1784885752119543040,1784885752152386038,19,52:04:df:14:fa:1a,iPhone moe b,-47.0,2437.0,0
1784885748554696960,1784885752119543040,1784885752152386038,19,d4:bd:4f:61:f4:54,CESI_Iot,-73.0,2427.0,4104
1784885748554696960,1784885752119543040,1784885752152386038,19,d4:bd:4f:61:e5:70,CESI_Corp,-49.0,2457.0,4104
1784885748554696960,1784885752119543040,1784885752152386038,19,d4:bd:4f:61:e5:71,CESI_HotSpot,-51.0,2457.0,4104
1784885748554696960,1784885752119543040,1784885752152386038,19,d4:bd:4f:61:e5:72,CESI_Robots,-38.0,2457.0,0
1784885748554696960,1784885752119543040,1784885752152386038,19,d4:bd:4f:61:e5:73,CESI_Recherche,-51.0,2457.0,4104
1784885748554696960,1784885752119543040,1784885752152386038,19,d4:bd:4f:61:e5:74,CESI_Iot,-51.0,2457.0,4104
1784885748554696960,1784885752119543040,1784885752152386038,19,d4:bd:4f:61:91:c0,CESI_Corp,-62.0,2472.0,0
1784885748554696960,1784885752119543040,1784885752152386038,19,d4:bd:4f:61:91:c1,CESI_HotSpot,-62.0,2472.0,0
1784885748554696960,1784885752119543040,1784885752152386038,19,d4:bd:4f:61:91:c2,CESI_Robots,-62.0,2472.0,0
1784885748554696960,1784885752119543040,1784885752152386038,19,d4:bd:4f:61:91:c3,CESI_Recherche,-60.0,2472.0,0
1784885748554696960,1784885752119543040,1784885752152386038,19,d4:bd:4f:61:91:c4,CESI_Iot,-61.0,2472.0,0
1784885748554696960,1784885752119543040,1784885752152386038,19,d4:bd:4f:a0:d2:d0,CESI_Corp,-83.0,5540.0,0
1784885748554696960,1784885752119543040,1784885752152386038,19,d4:bd:4f:a0:d2:d1,CESI_HotSpot,-84.0,5540.0,0
1784885748554696960,1784885752119543040,1784885752152386038,19,d4:bd:4f:a0:d2:d2,CESI_Robots,-83.0,5540.0,0
1784885748554696960,1784885752119543040,1784885752152386038,19,d4:bd:4f:a0:d2:d3,CESI_Recherche,-84.0,5540.0,0
1784885748554696960,1784885752119543040,1784885752152386038,19,d4:bd:4f:a0:d2:d4,CESI_Iot,-85.0,5540.0,0
1784885748554696960,1784885752119543040,1784885752152386038,19,d4:bd:4f:a1:f4:50,CESI_Corp,-68.0,5580.0,0
1784885748554696960,1784885752119543040,1784885752152386038,19,d4:bd:4f:a1:f4:51,CESI_HotSpot,-68.0,5580.0,0
1784885748554696960,1784885752119543040,1784885752152386038,19,d4:bd:4f:a1:f4:52,CESI_Robots,-68.0,5580.0,0
1784885748554696960,1784885752119543040,1784885752152386038,19,d4:bd:4f:a1:f4:53,CESI_Recherche,-68.0,5580.0,0
1784885748554696960,1784885752119543040,1784885752152386038,19,d4:bd:4f:a1:f4:54,CESI_Iot,-68.0,5580.0,0
1784885748554696960,1784885752119543040,1784885752152386038,19,d4:bd:4f:a1:e5:70,CESI_Corp,-34.0,5640.0,0
1784885748554696960,1784885752119543040,1784885752152386038,19,d4:bd:4f:a1:e5:71,CESI_HotSpot,-34.0,5640.0,0
1784885748554696960,1784885752119543040,1784885752152386038,19,d4:bd:4f:a1:e5:72,CESI_Robots,-34.0,5640.0,0
1784885748554696960,1784885752119543040,1784885752152386038,19,d4:bd:4f:a1:e5:73,CESI_Recherche,-34.0,5640.0,0
1784885748554696960,1784885752119543040,1784885752152386038,19,d4:bd:4f:a1:e5:74,CESI_Iot,-34.0,5640.0,0
1784885748554696960,1784885752119543040,1784885752152386038,19,d4:bd:4f:a1:91:c0,CESI_Corp,-57.0,5660.0,0
1784885748554696960,1784885752119543040,1784885752152386038,19,d4:bd:4f:a1:91:c1,CESI_HotSpot,-57.0,5660.0,0
1784885748554696960,1784885752119543040,1784885752152386038,19,d4:bd:4f:a1:91:c2,CESI_Robots,-57.0,5660.0,0
1784885748554696960,1784885752119543040,1784885752152386038,19,d4:bd:4f:a1:91:c3,CESI_Recherche,-57.0,5660.0,0
1784885748554696960,1784885752119543040,1784885752152386038,19,d4:bd:4f:a1:91:c4,CESI_Iot,-57.0,5660.0,0
1784885748554696960,1784885752119543040,1784885752152386038,19,d4:bd:4f:60:d2:d2,CESI_Robots,-71.0,2457.0,12300
1784885748554696960,1784885752119543040,1784885752152386038,19,d4:bd:4f:61:f4:50,CESI_Corp,-74.0,2427.0,4104
1784885748554696960,1784885752119543040,1784885752152386038,19,d4:bd:4f:61:f4:51,CESI_HotSpot,-57.0,2427.0,0
1784885748554696960,1784885752119543040,1784885752152386038,19,d4:bd:4f:61:f4:52,CESI_Robots,-56.0,2427.0,0
1784885748554696960,1784885752119543040,1784885752152386038,19,d4:bd:4f:61:f4:53,CESI_Recherche,-72.0,2427.0,4104
1784885748554696960,1784885752119543040,1784885752152386038,19,2c:5a:0f:e5:7f:ef,eduspot,-81.0,5280.0,0
1784885748554696960,1784885752119543040,1784885752152386038,19,d4:bd:4f:60:d2:d3,CESI_Recherche,-70.0,2457.0,12300
1784885748554696960,1784885752119543040,1784885752152386038,19,2c:5a:0f:e5:7f:e0,eduspot,-61.0,2412.0,0
1784885748554696960,1784885752119543040,1784885752152386038,19,32:24:a9:e8:3e:7f,DIRECT-7F-HP OfficeJet Pro 9010,-62.0,2437.0,0
1784885748554696960,1784885752119543040,1784885752152386038,19,d4:bd:4f:60:d2:d0,CESI_Corp,-68.0,2457.0,4104
1784885748554696960,1784885752119543040,1784885752152386038,19,d4:bd:4f:60:d2:d1,CESI_HotSpot,-67.0,2457.0,4104
1784885748554696960,1784885752119543040,1784885752152386038,19,2c:5a:0f:e5:7f:ee,eduroam,-82.0,5280.0,0
1784885748554696960,1784885752119543040,1784885752152386038,19,d4:bd:4f:60:d2:d4,CESI_Iot,-69.0,2457.0,12300
1784885748554696960,1784885752119543040,1784885752152386038,19,7c:26:64:69:50:04,,-80.0,2462.0,28808
1784885748554696960,1784885752119543040,1784885752152386038,19,7c:26:64:69:50:05,,-91.0,5320.0,24704
1784885748554696960,1784885752119543040,1784885752152386038,19,be:0f:f3:38:12:57,DIRECT-57-HP OfficeJet Pro 8020,-79.0,2437.0,24704
1784885748554696960,1784885752119543040,1784885752152386038,19,d4:bd:4f:a1:a9:73,CESI_Recherche,-91.0,5500.0,24704
1784885748554696960,1784885752119543040,1784885752152386038,19,8e:97:ea:a4:87:85,,-85.0,5200.0,4104
1784885748554696960,1784885752119543040,1784885752152386038,19,8e:97:ea:a4:87:81,,-78.0,2412.0,0
1784885752655559168,1784885756319951104,1784885756353945941,20,2c:5a:0f:e5:7f:e1,eduroam,-65.0,2412.0,0
1784885752655559168,1784885756319951104,1784885756353945941,20,52:04:df:14:fa:1a,iPhone moe b,-40.0,2437.0,0
1784885752655559168,1784885756319951104,1784885756353945941,20,d4:bd:4f:61:f4:54,CESI_Iot,-72.0,2427.0,0
1784885752655559168,1784885756319951104,1784885756353945941,20,d4:bd:4f:61:e5:70,CESI_Corp,-42.0,2457.0,0
1784885752655559168,1784885756319951104,1784885756353945941,20,d4:bd:4f:61:e5:71,CESI_HotSpot,-42.0,2457.0,0
1784885752655559168,1784885756319951104,1784885756353945941,20,d4:bd:4f:61:e5:72,CESI_Robots,-42.0,2457.0,0
1784885752655559168,1784885756319951104,1784885756353945941,20,d4:bd:4f:61:e5:73,CESI_Recherche,-42.0,2457.0,0
1784885752655559168,1784885756319951104,1784885756353945941,20,d4:bd:4f:61:e5:74,CESI_Iot,-41.0,2457.0,0
1784885752655559168,1784885756319951104,1784885756353945941,20,d4:bd:4f:61:91:c0,CESI_Corp,-62.0,2472.0,0
1784885752655559168,1784885756319951104,1784885756353945941,20,d4:bd:4f:61:91:c1,CESI_HotSpot,-62.0,2472.0,0
1784885752655559168,1784885756319951104,1784885756353945941,20,d4:bd:4f:61:91:c2,CESI_Robots,-61.0,2472.0,0
1784885752655559168,1784885756319951104,1784885756353945941,20,d4:bd:4f:61:91:c3,CESI_Recherche,-61.0,2472.0,0
1784885752655559168,1784885756319951104,1784885756353945941,20,d4:bd:4f:61:91:c4,CESI_Iot,-62.0,2472.0,0
1784885752655559168,1784885756319951104,1784885756353945941,20,d4:bd:4f:a0:d2:d0,CESI_Corp,-84.0,5540.0,0
1784885752655559168,1784885756319951104,1784885756353945941,20,d4:bd:4f:a0:d2:d1,CESI_HotSpot,-84.0,5540.0,0
1784885752655559168,1784885756319951104,1784885756353945941,20,d4:bd:4f:a0:d2:d2,CESI_Robots,-84.0,5540.0,0
1784885752655559168,1784885756319951104,1784885756353945941,20,d4:bd:4f:a0:d2:d3,CESI_Recherche,-84.0,5540.0,0
1784885752655559168,1784885756319951104,1784885756353945941,20,d4:bd:4f:a0:d2:d4,CESI_Iot,-84.0,5540.0,0
1784885752655559168,1784885756319951104,1784885756353945941,20,d4:bd:4f:a1:f4:50,CESI_Corp,-74.0,5580.0,0
1784885752655559168,1784885756319951104,1784885756353945941,20,d4:bd:4f:a1:f4:51,CESI_HotSpot,-74.0,5580.0,0
1784885752655559168,1784885756319951104,1784885756353945941,20,d4:bd:4f:a1:f4:52,CESI_Robots,-74.0,5580.0,0
1784885752655559168,1784885756319951104,1784885756353945941,20,d4:bd:4f:a1:f4:53,CESI_Recherche,-73.0,5580.0,0
1784885752655559168,1784885756319951104,1784885756353945941,20,d4:bd:4f:a1:f4:54,CESI_Iot,-74.0,5580.0,0
1784885752655559168,1784885756319951104,1784885756353945941,20,d4:bd:4f:a1:e5:70,CESI_Corp,-39.0,5640.0,0
1784885752655559168,1784885756319951104,1784885756353945941,20,d4:bd:4f:a1:e5:71,CESI_HotSpot,-39.0,5640.0,0
1784885752655559168,1784885756319951104,1784885756353945941,20,d4:bd:4f:a1:e5:72,CESI_Robots,-39.0,5640.0,0
1784885752655559168,1784885756319951104,1784885756353945941,20,d4:bd:4f:a1:e5:73,CESI_Recherche,-39.0,5640.0,0
1784885752655559168,1784885756319951104,1784885756353945941,20,d4:bd:4f:a1:e5:74,CESI_Iot,-39.0,5640.0,0
1784885752655559168,1784885756319951104,1784885756353945941,20,d4:bd:4f:a1:91:c0,CESI_Corp,-62.0,5660.0,0
1784885752655559168,1784885756319951104,1784885756353945941,20,d4:bd:4f:a1:91:c1,CESI_HotSpot,-61.0,5660.0,0
1784885752655559168,1784885756319951104,1784885756353945941,20,d4:bd:4f:a1:91:c2,CESI_Robots,-61.0,5660.0,0
1784885752655559168,1784885756319951104,1784885756353945941,20,d4:bd:4f:a1:91:c3,CESI_Recherche,-62.0,5660.0,0
1784885752655559168,1784885756319951104,1784885756353945941,20,d4:bd:4f:a1:91:c4,CESI_Iot,-61.0,5660.0,0
1784885752655559168,1784885756319951104,1784885756353945941,20,d4:bd:4f:60:d2:d2,CESI_Robots,-72.0,2457.0,0
1784885752655559168,1784885756319951104,1784885756353945941,20,d4:bd:4f:61:f4:50,CESI_Corp,-72.0,2427.0,0
1784885752655559168,1784885756319951104,1784885756353945941,20,d4:bd:4f:61:f4:51,CESI_HotSpot,-70.0,2427.0,0
1784885752655559168,1784885756319951104,1784885756353945941,20,d4:bd:4f:61:f4:52,CESI_Robots,-72.0,2427.0,0
1784885752655559168,1784885756319951104,1784885756353945941,20,d4:bd:4f:61:f4:53,CESI_Recherche,-70.0,2427.0,0
1784885752655559168,1784885756319951104,1784885756353945941,20,2c:5a:0f:e5:7f:ef,eduspot,-81.0,5280.0,4200
1784885752655559168,1784885756319951104,1784885756353945941,20,d4:bd:4f:60:d2:d3,CESI_Recherche,-72.0,2457.0,0
1784885752655559168,1784885756319951104,1784885756353945941,20,2c:5a:0f:e5:7f:e0,eduspot,-65.0,2412.0,0
1784885752655559168,1784885756319951104,1784885756353945941,20,32:24:a9:e8:3e:7f,DIRECT-7F-HP OfficeJet Pro 9010,-60.0,2437.0,0
1784885752655559168,1784885756319951104,1784885756353945941,20,d4:bd:4f:60:d2:d0,CESI_Corp,-72.0,2457.0,0
1784885752655559168,1784885756319951104,1784885756353945941,20,d4:bd:4f:60:d2:d1,CESI_HotSpot,-73.0,2457.0,0
1784885752655559168,1784885756319951104,1784885756353945941,20,2c:5a:0f:e5:7f:ee,eduroam,-82.0,5280.0,4200
1784885752655559168,1784885756319951104,1784885756353945941,20,d4:bd:4f:60:d2:d4,CESI_Iot,-69.0,2457.0,16500
1784885752655559168,1784885756319951104,1784885756353945941,20,7c:26:64:69:50:05,,-91.0,5320.0,28904
1784885752655559168,1784885756319951104,1784885756353945941,20,be:0f:f3:38:12:57,DIRECT-57-HP OfficeJet Pro 8020,-79.0,2437.0,28904
1784885752655559168,1784885756319951104,1784885756353945941,20,d4:bd:4f:a1:a9:73,CESI_Recherche,-91.0,5500.0,28904
1784885752655559168,1784885756319951104,1784885756353945941,20,8e:97:ea:a4:87:85,,-85.0,5200.0,8304
1784885752655559168,1784885756319951104,1784885756353945941,20,8e:97:ea:a4:87:81,,-78.0,2412.0,4200
1784885752655559168,1784885756319951104,1784885756353945941,20,8c:97:ea:a4:87:80,Freebox-32CD89,-76.0,2412.0,0
1784885756857693952,1784885760518332928,1784885760550012454,21,2c:5a:0f:e5:7f:e1,eduroam,-67.0,2412.0,0
1784885756857693952,1784885760518332928,1784885760550012454,21,52:04:df:14:fa:1a,iPhone moe b,-45.0,2437.0,0
1784885756857693952,1784885760518332928,1784885760550012454,21,d4:bd:4f:61:f4:54,CESI_Iot,-72.0,2427.0,4196
1784885756857693952,1784885760518332928,1784885760550012454,21,d4:bd:4f:61:e5:70,CESI_Corp,-46.0,2457.0,0
1784885756857693952,1784885760518332928,1784885760550012454,21,d4:bd:4f:61:e5:71,CESI_HotSpot,-45.0,2457.0,0
1784885756857693952,1784885760518332928,1784885760550012454,21,d4:bd:4f:61:e5:72,CESI_Robots,-45.0,2457.0,0
1784885756857693952,1784885760518332928,1784885760550012454,21,d4:bd:4f:61:e5:73,CESI_Recherche,-45.0,2457.0,0
1784885756857693952,1784885760518332928,1784885760550012454,21,d4:bd:4f:61:e5:74,CESI_Iot,-45.0,2457.0,0
1784885756857693952,1784885760518332928,1784885760550012454,21,d4:bd:4f:61:91:c0,CESI_Corp,-58.0,2472.0,0
1784885756857693952,1784885760518332928,1784885760550012454,21,d4:bd:4f:61:91:c1,CESI_HotSpot,-59.0,2472.0,0
1784885756857693952,1784885760518332928,1784885760550012454,21,d4:bd:4f:61:91:c2,CESI_Robots,-59.0,2472.0,0
1784885756857693952,1784885760518332928,1784885760550012454,21,d4:bd:4f:61:91:c3,CESI_Recherche,-62.0,2472.0,0
1784885756857693952,1784885760518332928,1784885760550012454,21,d4:bd:4f:61:91:c4,CESI_Iot,-61.0,2472.0,0
1784885756857693952,1784885760518332928,1784885760550012454,21,d4:bd:4f:a0:d2:d0,CESI_Corp,-85.0,5540.0,0
1784885756857693952,1784885760518332928,1784885760550012454,21,d4:bd:4f:a0:d2:d1,CESI_HotSpot,-84.0,5540.0,0
1784885756857693952,1784885760518332928,1784885760550012454,21,d4:bd:4f:a0:d2:d2,CESI_Robots,-85.0,5540.0,0
1784885756857693952,1784885760518332928,1784885760550012454,21,d4:bd:4f:a0:d2:d3,CESI_Recherche,-85.0,5540.0,0
1784885756857693952,1784885760518332928,1784885760550012454,21,d4:bd:4f:a0:d2:d4,CESI_Iot,-85.0,5540.0,0
1784885756857693952,1784885760518332928,1784885760550012454,21,d4:bd:4f:a1:f4:50,CESI_Corp,-71.0,5580.0,0
1784885756857693952,1784885760518332928,1784885760550012454,21,d4:bd:4f:a1:f4:51,CESI_HotSpot,-71.0,5580.0,0
1784885756857693952,1784885760518332928,1784885760550012454,21,d4:bd:4f:a1:f4:52,CESI_Robots,-71.0,5580.0,0
1784885756857693952,1784885760518332928,1784885760550012454,21,d4:bd:4f:a1:f4:53,CESI_Recherche,-71.0,5580.0,0
1784885756857693952,1784885760518332928,1784885760550012454,21,d4:bd:4f:a1:f4:54,CESI_Iot,-71.0,5580.0,0
1784885756857693952,1784885760518332928,1784885760550012454,21,d4:bd:4f:a1:e5:70,CESI_Corp,-44.0,5640.0,0
1784885756857693952,1784885760518332928,1784885760550012454,21,d4:bd:4f:a1:e5:71,CESI_HotSpot,-44.0,5640.0,0
1784885756857693952,1784885760518332928,1784885760550012454,21,d4:bd:4f:a1:e5:72,CESI_Robots,-45.0,5640.0,0
1784885756857693952,1784885760518332928,1784885760550012454,21,d4:bd:4f:a1:e5:73,CESI_Recherche,-45.0,5640.0,0
1784885756857693952,1784885760518332928,1784885760550012454,21,d4:bd:4f:a1:e5:74,CESI_Iot,-44.0,5640.0,0
1784885756857693952,1784885760518332928,1784885760550012454,21,d4:bd:4f:a1:91:c0,CESI_Corp,-65.0,5660.0,0
1784885756857693952,1784885760518332928,1784885760550012454,21,d4:bd:4f:a1:91:c1,CESI_HotSpot,-65.0,5660.0,0
1784885756857693952,1784885760518332928,1784885760550012454,21,d4:bd:4f:a1:91:c2,CESI_Robots,-65.0,5660.0,0
1784885756857693952,1784885760518332928,1784885760550012454,21,d4:bd:4f:a1:91:c3,CESI_Recherche,-64.0,5660.0,0
1784885756857693952,1784885760518332928,1784885760550012454,21,d4:bd:4f:a1:91:c4,CESI_Iot,-64.0,5660.0,0
1784885756857693952,1784885760518332928,1784885760550012454,21,d4:bd:4f:60:d2:d2,CESI_Robots,-72.0,2457.0,4196
1784885756857693952,1784885760518332928,1784885760550012454,21,d4:bd:4f:61:f4:50,CESI_Corp,-76.0,2427.0,0
1784885756857693952,1784885760518332928,1784885760550012454,21,d4:bd:4f:61:f4:51,CESI_HotSpot,-75.0,2427.0,0
1784885756857693952,1784885760518332928,1784885760550012454,21,d4:bd:4f:61:f4:52,CESI_Robots,-75.0,2427.0,0
1784885756857693952,1784885760518332928,1784885760550012454,21,d4:bd:4f:61:f4:53,CESI_Recherche,-70.0,2427.0,4196
1784885756857693952,1784885760518332928,1784885760550012454,21,2c:5a:0f:e5:7f:ef,eduspot,-81.0,5280.0,8396
1784885756857693952,1784885760518332928,1784885760550012454,21,d4:bd:4f:60:d2:d3,CESI_Recherche,-72.0,2457.0,4196
1784885756857693952,1784885760518332928,1784885760550012454,21,2c:5a:0f:e5:7f:e0,eduspot,-68.0,2412.0,0
1784885756857693952,1784885760518332928,1784885760550012454,21,32:24:a9:e8:3e:7f,DIRECT-7F-HP OfficeJet Pro 9010,-60.0,2437.0,4196
1784885756857693952,1784885760518332928,1784885760550012454,21,d4:bd:4f:60:d2:d0,CESI_Corp,-72.0,2457.0,0
1784885756857693952,1784885760518332928,1784885760550012454,21,d4:bd:4f:60:d2:d1,CESI_HotSpot,-73.0,2457.0,0
1784885756857693952,1784885760518332928,1784885760550012454,21,2c:5a:0f:e5:7f:ee,eduroam,-82.0,5280.0,8396
1784885756857693952,1784885760518332928,1784885760550012454,21,d4:bd:4f:60:d2:d4,CESI_Iot,-69.0,2457.0,20696
1784885756857693952,1784885760518332928,1784885760550012454,21,8e:97:ea:a4:87:85,,-85.0,5200.0,12500
1784885756857693952,1784885760518332928,1784885760550012454,21,8e:97:ea:a4:87:81,,-78.0,2412.0,8396
1784885756857693952,1784885760518332928,1784885760550012454,21,8c:97:ea:a4:87:80,Freebox-32CD89,-76.0,2412.0,4196
1784885761053018112,1784885764614793984,1784885764645526578,22,2c:5a:0f:e5:7f:e1,eduroam,-66.0,2412.0,0
1784885761053018112,1784885764614793984,1784885764645526578,22,52:04:df:14:fa:1a,iPhone moe b,-40.0,2437.0,0
1784885761053018112,1784885764614793984,1784885764645526578,22,d4:bd:4f:61:f4:54,CESI_Iot,-70.0,2427.0,0
1784885761053018112,1784885764614793984,1784885764645526578,22,d4:bd:4f:61:e5:70,CESI_Corp,-37.0,2457.0,0
1784885761053018112,1784885764614793984,1784885764645526578,22,d4:bd:4f:61:e5:71,CESI_HotSpot,-37.0,2457.0,0
1784885761053018112,1784885764614793984,1784885764645526578,22,d4:bd:4f:61:e5:72,CESI_Robots,-37.0,2457.0,0
1784885761053018112,1784885764614793984,1784885764645526578,22,d4:bd:4f:61:e5:73,CESI_Recherche,-36.0,2457.0,0
1784885761053018112,1784885764614793984,1784885764645526578,22,d4:bd:4f:61:e5:74,CESI_Iot,-36.0,2457.0,0
1784885761053018112,1784885764614793984,1784885764645526578,22,d4:bd:4f:61:91:c0,CESI_Corp,-57.0,2472.0,0
1784885761053018112,1784885764614793984,1784885764645526578,22,d4:bd:4f:61:91:c1,CESI_HotSpot,-57.0,2472.0,0
1784885761053018112,1784885764614793984,1784885764645526578,22,d4:bd:4f:61:91:c2,CESI_Robots,-57.0,2472.0,0
1784885761053018112,1784885764614793984,1784885764645526578,22,d4:bd:4f:61:91:c3,CESI_Recherche,-58.0,2472.0,0
1784885761053018112,1784885764614793984,1784885764645526578,22,d4:bd:4f:61:91:c4,CESI_Iot,-57.0,2472.0,0
1784885761053018112,1784885764614793984,1784885764645526578,22,d4:bd:4f:a0:d2:d0,CESI_Corp,-80.0,5540.0,0
1784885761053018112,1784885764614793984,1784885764645526578,22,d4:bd:4f:a0:d2:d1,CESI_HotSpot,-81.0,5540.0,0
1784885761053018112,1784885764614793984,1784885764645526578,22,d4:bd:4f:a0:d2:d2,CESI_Robots,-80.0,5540.0,0
1784885761053018112,1784885764614793984,1784885764645526578,22,d4:bd:4f:a0:d2:d3,CESI_Recherche,-80.0,5540.0,0
1784885761053018112,1784885764614793984,1784885764645526578,22,d4:bd:4f:a0:d2:d4,CESI_Iot,-80.0,5540.0,0
1784885761053018112,1784885764614793984,1784885764645526578,22,d4:bd:4f:a1:f4:50,CESI_Corp,-70.0,5580.0,0
1784885761053018112,1784885764614793984,1784885764645526578,22,d4:bd:4f:a1:f4:51,CESI_HotSpot,-70.0,5580.0,0
1784885761053018112,1784885764614793984,1784885764645526578,22,d4:bd:4f:a1:f4:52,CESI_Robots,-70.0,5580.0,0
1784885761053018112,1784885764614793984,1784885764645526578,22,d4:bd:4f:a1:f4:53,CESI_Recherche,-70.0,5580.0,0
1784885761053018112,1784885764614793984,1784885764645526578,22,d4:bd:4f:a1:f4:54,CESI_Iot,-70.0,5580.0,0
1784885761053018112,1784885764614793984,1784885764645526578,22,d4:bd:4f:a1:e5:70,CESI_Corp,-39.0,5640.0,0
1784885761053018112,1784885764614793984,1784885764645526578,22,d4:bd:4f:a1:e5:71,CESI_HotSpot,-39.0,5640.0,0
1784885761053018112,1784885764614793984,1784885764645526578,22,d4:bd:4f:a1:e5:72,CESI_Robots,-39.0,5640.0,0
1784885761053018112,1784885764614793984,1784885764645526578,22,d4:bd:4f:a1:e5:73,CESI_Recherche,-39.0,5640.0,0
1784885761053018112,1784885764614793984,1784885764645526578,22,d4:bd:4f:a1:e5:74,CESI_Iot,-39.0,5640.0,0
1784885761053018112,1784885764614793984,1784885764645526578,22,d4:bd:4f:a1:91:c0,CESI_Corp,-60.0,5660.0,0
1784885761053018112,1784885764614793984,1784885764645526578,22,d4:bd:4f:a1:91:c1,CESI_HotSpot,-60.0,5660.0,0
1784885761053018112,1784885764614793984,1784885764645526578,22,d4:bd:4f:a1:91:c2,CESI_Robots,-60.0,5660.0,0
1784885761053018112,1784885764614793984,1784885764645526578,22,d4:bd:4f:a1:91:c3,CESI_Recherche,-60.0,5660.0,0
1784885761053018112,1784885764614793984,1784885764645526578,22,d4:bd:4f:a1:91:c4,CESI_Iot,-60.0,5660.0,0
1784885761053018112,1784885764614793984,1784885764645526578,22,d4:bd:4f:60:d2:d2,CESI_Robots,-72.0,2457.0,8292
1784885761053018112,1784885764614793984,1784885764645526578,22,d4:bd:4f:61:f4:50,CESI_Corp,-71.0,2427.0,0
1784885761053018112,1784885764614793984,1784885764645526578,22,d4:bd:4f:61:f4:51,CESI_HotSpot,-62.0,2427.0,0
1784885761053018112,1784885764614793984,1784885764645526578,22,d4:bd:4f:61:f4:52,CESI_Robots,-75.0,2427.0,4096
1784885761053018112,1784885764614793984,1784885764645526578,22,d4:bd:4f:61:f4:53,CESI_Recherche,-71.0,2427.0,0
1784885761053018112,1784885764614793984,1784885764645526578,22,2c:5a:0f:e5:7f:ef,eduspot,-84.0,5280.0,0
1784885761053018112,1784885764614793984,1784885764645526578,22,d4:bd:4f:60:d2:d3,CESI_Recherche,-75.0,2457.0,0
1784885761053018112,1784885764614793984,1784885764645526578,22,2c:5a:0f:e5:7f:e0,eduspot,-66.0,2412.0,0
1784885761053018112,1784885764614793984,1784885764645526578,22,32:24:a9:e8:3e:7f,DIRECT-7F-HP OfficeJet Pro 9010,-60.0,2437.0,8292
1784885761053018112,1784885764614793984,1784885764645526578,22,d4:bd:4f:60:d2:d0,CESI_Corp,-77.0,2457.0,0
1784885761053018112,1784885764614793984,1784885764645526578,22,d4:bd:4f:60:d2:d1,CESI_HotSpot,-75.0,2457.0,0
1784885761053018112,1784885764614793984,1784885764645526578,22,2c:5a:0f:e5:7f:ee,eduroam,-82.0,5280.0,12492
1784885761053018112,1784885764614793984,1784885764645526578,22,d4:bd:4f:60:d2:d4,CESI_Iot,-69.0,2457.0,24792
1784885761053018112,1784885764614793984,1784885764645526578,22,8e:97:ea:a4:87:85,,-89.0,5200.0,0
1784885761053018112,1784885764614793984,1784885764645526578,22,8e:97:ea:a4:87:81,,-78.0,2412.0,12492
1784885761053018112,1784885764614793984,1784885764645526578,22,8c:97:ea:a4:87:80,Freebox-32CD89,-76.0,2412.0,8292
1784885761053018112,1784885764614793984,1784885764645526578,22,78:c4:0e:d7:b1:30,RM828_WIFI,-83.0,2412.0,0
1784885761053018112,1784885764614793984,1784885764645526578,22,4e:82:a9:e9:c5:c2,DIRECT-c2-HP M283 LaserJet,-83.0,2437.0,0
1784885765148570112,1784885768715128832,1784885768746854770,23,2c:5a:0f:e5:7f:e1,eduroam,-62.0,2412.0,4
1784885765148570112,1784885768715128832,1784885768746854770,23,52:04:df:14:fa:1a,iPhone moe b,-39.0,2437.0,4
1784885765148570112,1784885768715128832,1784885768746854770,23,d4:bd:4f:61:f4:54,CESI_Iot,-64.0,2427.0,4
1784885765148570112,1784885768715128832,1784885768746854770,23,d4:bd:4f:61:e5:70,CESI_Corp,-37.0,2457.0,4100
1784885765148570112,1784885768715128832,1784885768746854770,23,d4:bd:4f:61:e5:71,CESI_HotSpot,-37.0,2457.0,4100
1784885765148570112,1784885768715128832,1784885768746854770,23,d4:bd:4f:61:e5:72,CESI_Robots,-36.0,2457.0,4
1784885765148570112,1784885768715128832,1784885768746854770,23,d4:bd:4f:61:e5:73,CESI_Recherche,-36.0,2457.0,4
1784885765148570112,1784885768715128832,1784885768746854770,23,d4:bd:4f:61:e5:74,CESI_Iot,-36.0,2457.0,4100
1784885765148570112,1784885768715128832,1784885768746854770,23,d4:bd:4f:61:91:c0,CESI_Corp,-55.0,2472.0,4
1784885765148570112,1784885768715128832,1784885768746854770,23,d4:bd:4f:61:91:c1,CESI_HotSpot,-56.0,2472.0,4
1784885765148570112,1784885768715128832,1784885768746854770,23,d4:bd:4f:61:91:c2,CESI_Robots,-55.0,2472.0,4
1784885765148570112,1784885768715128832,1784885768746854770,23,d4:bd:4f:61:91:c3,CESI_Recherche,-56.0,2472.0,4
1784885765148570112,1784885768715128832,1784885768746854770,23,d4:bd:4f:61:91:c4,CESI_Iot,-55.0,2472.0,4
1784885765148570112,1784885768715128832,1784885768746854770,23,d4:bd:4f:a0:d2:d0,CESI_Corp,-84.0,5540.0,4
1784885765148570112,1784885768715128832,1784885768746854770,23,d4:bd:4f:a0:d2:d1,CESI_HotSpot,-85.0,5540.0,4
1784885765148570112,1784885768715128832,1784885768746854770,23,d4:bd:4f:a0:d2:d2,CESI_Robots,-84.0,5540.0,0
1784885765148570112,1784885768715128832,1784885768746854770,23,d4:bd:4f:a0:d2:d3,CESI_Recherche,-84.0,5540.0,0
1784885765148570112,1784885768715128832,1784885768746854770,23,d4:bd:4f:a0:d2:d4,CESI_Iot,-83.0,5540.0,0
1784885765148570112,1784885768715128832,1784885768746854770,23,d4:bd:4f:a1:f4:50,CESI_Corp,-68.0,5580.0,0
1784885765148570112,1784885768715128832,1784885768746854770,23,d4:bd:4f:a1:f4:51,CESI_HotSpot,-68.0,5580.0,0
1784885765148570112,1784885768715128832,1784885768746854770,23,d4:bd:4f:a1:f4:52,CESI_Robots,-68.0,5580.0,0
1784885765148570112,1784885768715128832,1784885768746854770,23,d4:bd:4f:a1:f4:53,CESI_Recherche,-68.0,5580.0,0
1784885765148570112,1784885768715128832,1784885768746854770,23,d4:bd:4f:a1:f4:54,CESI_Iot,-68.0,5580.0,0
1784885765148570112,1784885768715128832,1784885768746854770,23,d4:bd:4f:a1:e5:70,CESI_Corp,-43.0,5640.0,0
1784885765148570112,1784885768715128832,1784885768746854770,23,d4:bd:4f:a1:e5:71,CESI_HotSpot,-42.0,5640.0,0
1784885765148570112,1784885768715128832,1784885768746854770,23,d4:bd:4f:a1:e5:72,CESI_Robots,-42.0,5640.0,0
1784885765148570112,1784885768715128832,1784885768746854770,23,d4:bd:4f:a1:e5:73,CESI_Recherche,-42.0,5640.0,0
1784885765148570112,1784885768715128832,1784885768746854770,23,d4:bd:4f:a1:e5:74,CESI_Iot,-42.0,5640.0,0
1784885765148570112,1784885768715128832,1784885768746854770,23,d4:bd:4f:a1:91:c0,CESI_Corp,-59.0,5660.0,0
1784885765148570112,1784885768715128832,1784885768746854770,23,d4:bd:4f:a1:91:c1,CESI_HotSpot,-59.0,5660.0,0
1784885765148570112,1784885768715128832,1784885768746854770,23,d4:bd:4f:a1:91:c2,CESI_Robots,-59.0,5660.0,0
1784885765148570112,1784885768715128832,1784885768746854770,23,d4:bd:4f:a1:91:c3,CESI_Recherche,-60.0,5660.0,0
1784885765148570112,1784885768715128832,1784885768746854770,23,d4:bd:4f:a1:91:c4,CESI_Iot,-60.0,5660.0,0
1784885765148570112,1784885768715128832,1784885768746854770,23,d4:bd:4f:60:d2:d2,CESI_Robots,-72.0,2457.0,12392
1784885765148570112,1784885768715128832,1784885768746854770,23,d4:bd:4f:61:f4:50,CESI_Corp,-69.0,2427.0,4
1784885765148570112,1784885768715128832,1784885768746854770,23,d4:bd:4f:61:f4:51,CESI_HotSpot,-69.0,2427.0,4
1784885765148570112,1784885768715128832,1784885768746854770,23,d4:bd:4f:61:f4:52,CESI_Robots,-68.0,2427.0,4
1784885765148570112,1784885768715128832,1784885768746854770,23,d4:bd:4f:61:f4:53,CESI_Recherche,-66.0,2427.0,4
1784885765148570112,1784885768715128832,1784885768746854770,23,2c:5a:0f:e5:7f:ef,eduspot,-75.0,5280.0,4
1784885765148570112,1784885768715128832,1784885768746854770,23,d4:bd:4f:60:d2:d3,CESI_Recherche,-75.0,2457.0,4100
1784885765148570112,1784885768715128832,1784885768746854770,23,2c:5a:0f:e5:7f:e0,eduspot,-63.0,2412.0,4
1784885765148570112,1784885768715128832,1784885768746854770,23,32:24:a9:e8:3e:7f,DIRECT-7F-HP OfficeJet Pro 9010,-60.0,2437.0,12392
1784885765148570112,1784885768715128832,1784885768746854770,23,d4:bd:4f:60:d2:d0,CESI_Corp,-77.0,2457.0,4100
1784885765148570112,1784885768715128832,1784885768746854770,23,d4:bd:4f:60:d2:d1,CESI_HotSpot,-75.0,2457.0,4100
1784885765148570112,1784885768715128832,1784885768746854770,23,2c:5a:0f:e5:7f:ee,eduroam,-75.0,5280.0,4
1784885765148570112,1784885768715128832,1784885768746854770,23,d4:bd:4f:60:d2:d4,CESI_Iot,-69.0,2457.0,28892
1784885765148570112,1784885768715128832,1784885768746854770,23,8e:97:ea:a4:87:85,,-89.0,5200.0,4100
1784885765148570112,1784885768715128832,1784885768746854770,23,8e:97:ea:a4:87:81,,-78.0,2412.0,16592
1784885765148570112,1784885768715128832,1784885768746854770,23,8c:97:ea:a4:87:80,Freebox-32CD89,-76.0,2412.0,12392
1784885765148570112,1784885768715128832,1784885768746854770,23,78:c4:0e:d7:b1:30,RM828_WIFI,-83.0,2412.0,4100
1784885765148570112,1784885768715128832,1784885768746854770,23,4e:82:a9:e9:c5:c2,DIRECT-c2-HP M283 LaserJet,-83.0,2437.0,4100
1784885769250013184,1784885772810363904,1784885772842539511,24,2c:5a:0f:e5:7f:e1,eduroam,-62.0,2412.0,4100
1784885769250013184,1784885772810363904,1784885772842539511,24,52:04:df:14:fa:1a,iPhone moe b,-43.0,2437.0,0
1784885769250013184,1784885772810363904,1784885772842539511,24,d4:bd:4f:61:f4:54,CESI_Iot,-64.0,2427.0,4100
1784885769250013184,1784885772810363904,1784885772842539511,24,d4:bd:4f:61:e5:70,CESI_Corp,-51.0,2457.0,0
1784885769250013184,1784885772810363904,1784885772842539511,24,d4:bd:4f:61:e5:71,CESI_HotSpot,-53.0,2457.0,0
1784885769250013184,1784885772810363904,1784885772842539511,24,d4:bd:4f:61:e5:72,CESI_Robots,-51.0,2457.0,0
1784885769250013184,1784885772810363904,1784885772842539511,24,d4:bd:4f:61:e5:73,CESI_Recherche,-44.0,2457.0,0
1784885769250013184,1784885772810363904,1784885772842539511,24,d4:bd:4f:61:e5:74,CESI_Iot,-45.0,2457.0,0
1784885769250013184,1784885772810363904,1784885772842539511,24,d4:bd:4f:61:91:c0,CESI_Corp,-61.0,2472.0,0
1784885769250013184,1784885772810363904,1784885772842539511,24,d4:bd:4f:61:91:c1,CESI_HotSpot,-62.0,2472.0,0
1784885769250013184,1784885772810363904,1784885772842539511,24,d4:bd:4f:61:91:c2,CESI_Robots,-60.0,2472.0,0
1784885769250013184,1784885772810363904,1784885772842539511,24,d4:bd:4f:61:91:c3,CESI_Recherche,-60.0,2472.0,0
1784885769250013184,1784885772810363904,1784885772842539511,24,d4:bd:4f:61:91:c4,CESI_Iot,-60.0,2472.0,0
1784885769250013184,1784885772810363904,1784885772842539511,24,d4:bd:4f:a0:d2:d0,CESI_Corp,-84.0,5540.0,0
1784885769250013184,1784885772810363904,1784885772842539511,24,d4:bd:4f:a0:d2:d1,CESI_HotSpot,-85.0,5540.0,0
1784885769250013184,1784885772810363904,1784885772842539511,24,d4:bd:4f:a0:d2:d2,CESI_Robots,-84.0,5540.0,0
1784885769250013184,1784885772810363904,1784885772842539511,24,d4:bd:4f:a0:d2:d3,CESI_Recherche,-84.0,5540.0,0
1784885769250013184,1784885772810363904,1784885772842539511,24,d4:bd:4f:a0:d2:d4,CESI_Iot,-83.0,5540.0,0
1784885769250013184,1784885772810363904,1784885772842539511,24,d4:bd:4f:a1:f4:50,CESI_Corp,-70.0,5580.0,0
1784885769250013184,1784885772810363904,1784885772842539511,24,d4:bd:4f:a1:f4:51,CESI_HotSpot,-70.0,5580.0,0
1784885769250013184,1784885772810363904,1784885772842539511,24,d4:bd:4f:a1:f4:52,CESI_Robots,-70.0,5580.0,0
1784885769250013184,1784885772810363904,1784885772842539511,24,d4:bd:4f:a1:f4:53,CESI_Recherche,-70.0,5580.0,0
1784885769250013184,1784885772810363904,1784885772842539511,24,d4:bd:4f:a1:f4:54,CESI_Iot,-70.0,5580.0,0
1784885769250013184,1784885772810363904,1784885772842539511,24,d4:bd:4f:a1:e5:70,CESI_Corp,-41.0,5640.0,0
1784885769250013184,1784885772810363904,1784885772842539511,24,d4:bd:4f:a1:e5:71,CESI_HotSpot,-41.0,5640.0,0
1784885769250013184,1784885772810363904,1784885772842539511,24,d4:bd:4f:a1:e5:72,CESI_Robots,-41.0,5640.0,0
1784885769250013184,1784885772810363904,1784885772842539511,24,d4:bd:4f:a1:e5:73,CESI_Recherche,-41.0,5640.0,0
1784885769250013184,1784885772810363904,1784885772842539511,24,d4:bd:4f:a1:e5:74,CESI_Iot,-41.0,5640.0,0
1784885769250013184,1784885772810363904,1784885772842539511,24,d4:bd:4f:a1:91:c0,CESI_Corp,-61.0,5660.0,0
1784885769250013184,1784885772810363904,1784885772842539511,24,d4:bd:4f:a1:91:c1,CESI_HotSpot,-60.0,5660.0,0
1784885769250013184,1784885772810363904,1784885772842539511,24,d4:bd:4f:a1:91:c2,CESI_Robots,-61.0,5660.0,0
1784885769250013184,1784885772810363904,1784885772842539511,24,d4:bd:4f:a1:91:c3,CESI_Recherche,-60.0,5660.0,0
1784885769250013184,1784885772810363904,1784885772842539511,24,d4:bd:4f:a1:91:c4,CESI_Iot,-61.0,5660.0,0
1784885769250013184,1784885772810363904,1784885772842539511,24,d4:bd:4f:60:d2:d2,CESI_Robots,-72.0,2457.0,16488
1784885769250013184,1784885772810363904,1784885772842539511,24,d4:bd:4f:61:f4:50,CESI_Corp,-68.0,2427.0,0
1784885769250013184,1784885772810363904,1784885772842539511,24,d4:bd:4f:61:f4:51,CESI_HotSpot,-67.0,2427.0,0
1784885769250013184,1784885772810363904,1784885772842539511,24,d4:bd:4f:61:f4:52,CESI_Robots,-68.0,2427.0,0
1784885769250013184,1784885772810363904,1784885772842539511,24,d4:bd:4f:61:f4:53,CESI_Recherche,-67.0,2427.0,0
1784885769250013184,1784885772810363904,1784885772842539511,24,2c:5a:0f:e5:7f:ef,eduspot,-82.0,5280.0,0
1784885769250013184,1784885772810363904,1784885772842539511,24,d4:bd:4f:60:d2:d3,CESI_Recherche,-77.0,2457.0,0
1784885769250013184,1784885772810363904,1784885772842539511,24,2c:5a:0f:e5:7f:e0,eduspot,-62.0,2412.0,0
1784885769250013184,1784885772810363904,1784885772842539511,24,32:24:a9:e8:3e:7f,DIRECT-7F-HP OfficeJet Pro 9010,-60.0,2437.0,16488
1784885769250013184,1784885772810363904,1784885772842539511,24,d4:bd:4f:60:d2:d0,CESI_Corp,-75.0,2457.0,0
1784885769250013184,1784885772810363904,1784885772842539511,24,d4:bd:4f:60:d2:d1,CESI_HotSpot,-75.0,2457.0,8196
1784885769250013184,1784885772810363904,1784885772842539511,24,2c:5a:0f:e5:7f:ee,eduroam,-82.0,5280.0,0
1784885769250013184,1784885772810363904,1784885772842539511,24,8e:97:ea:a4:87:85,,-89.0,5200.0,8196
1784885769250013184,1784885772810363904,1784885772842539511,24,8e:97:ea:a4:87:81,,-78.0,2412.0,20688
1784885769250013184,1784885772810363904,1784885772842539511,24,8c:97:ea:a4:87:80,Freebox-32CD89,-76.0,2412.0,16488
1784885769250013184,1784885772810363904,1784885772842539511,24,78:c4:0e:d7:b1:30,RM828_WIFI,-79.0,2412.0,0
1784885769250013184,1784885772810363904,1784885772842539511,24,4e:82:a9:e9:c5:c2,DIRECT-c2-HP M283 LaserJet,-83.0,2437.0,8196
1784885773345555968,1784885776904947968,1784885776937279917,25,2c:5a:0f:e5:7f:e1,eduroam,-62.0,2412.0,8196
1784885773345555968,1784885776904947968,1784885776937279917,25,52:04:df:14:fa:1a,iPhone moe b,-42.0,2437.0,0
1784885773345555968,1784885776904947968,1784885776937279917,25,d4:bd:4f:61:f4:54,CESI_Iot,-68.0,2427.0,0
1784885773345555968,1784885776904947968,1784885776937279917,25,d4:bd:4f:61:e5:70,CESI_Corp,-48.0,2457.0,0
1784885773345555968,1784885776904947968,1784885776937279917,25,d4:bd:4f:61:e5:71,CESI_HotSpot,-53.0,2457.0,4096
1784885773345555968,1784885776904947968,1784885776937279917,25,d4:bd:4f:61:e5:72,CESI_Robots,-41.0,2457.0,0
1784885773345555968,1784885776904947968,1784885776937279917,25,d4:bd:4f:61:e5:73,CESI_Recherche,-41.0,2457.0,0
1784885773345555968,1784885776904947968,1784885776937279917,25,d4:bd:4f:61:e5:74,CESI_Iot,-42.0,2457.0,0
1784885773345555968,1784885776904947968,1784885776937279917,25,d4:bd:4f:61:91:c0,CESI_Corp,-65.0,2472.0,0
1784885773345555968,1784885776904947968,1784885776937279917,25,d4:bd:4f:61:91:c1,CESI_HotSpot,-67.0,2472.0,0
1784885773345555968,1784885776904947968,1784885776937279917,25,d4:bd:4f:61:91:c2,CESI_Robots,-62.0,2472.0,0
1784885773345555968,1784885776904947968,1784885776937279917,25,d4:bd:4f:61:91:c3,CESI_Recherche,-66.0,2472.0,0
1784885773345555968,1784885776904947968,1784885776937279917,25,d4:bd:4f:61:91:c4,CESI_Iot,-63.0,2472.0,0
1784885773345555968,1784885776904947968,1784885776937279917,25,d4:bd:4f:a0:d2:d0,CESI_Corp,-86.0,5540.0,0
1784885773345555968,1784885776904947968,1784885776937279917,25,d4:bd:4f:a0:d2:d1,CESI_HotSpot,-85.0,5540.0,0
1784885773345555968,1784885776904947968,1784885776937279917,25,d4:bd:4f:a0:d2:d2,CESI_Robots,-86.0,5540.0,0
1784885773345555968,1784885776904947968,1784885776937279917,25,d4:bd:4f:a0:d2:d3,CESI_Recherche,-85.0,5540.0,0
1784885773345555968,1784885776904947968,1784885776937279917,25,d4:bd:4f:a0:d2:d4,CESI_Iot,-85.0,5540.0,0
1784885773345555968,1784885776904947968,1784885776937279917,25,d4:bd:4f:a1:f4:50,CESI_Corp,-69.0,5580.0,0
1784885773345555968,1784885776904947968,1784885776937279917,25,d4:bd:4f:a1:f4:51,CESI_HotSpot,-69.0,5580.0,0
1784885773345555968,1784885776904947968,1784885776937279917,25,d4:bd:4f:a1:f4:52,CESI_Robots,-69.0,5580.0,0
1784885773345555968,1784885776904947968,1784885776937279917,25,d4:bd:4f:a1:f4:53,CESI_Recherche,-69.0,5580.0,0
1784885773345555968,1784885776904947968,1784885776937279917,25,d4:bd:4f:a1:f4:54,CESI_Iot,-69.0,5580.0,0
1784885773345555968,1784885776904947968,1784885776937279917,25,d4:bd:4f:a1:e5:70,CESI_Corp,-41.0,5640.0,0
1784885773345555968,1784885776904947968,1784885776937279917,25,d4:bd:4f:a1:e5:71,CESI_HotSpot,-41.0,5640.0,0
1784885773345555968,1784885776904947968,1784885776937279917,25,d4:bd:4f:a1:e5:72,CESI_Robots,-41.0,5640.0,0
1784885773345555968,1784885776904947968,1784885776937279917,25,d4:bd:4f:a1:e5:73,CESI_Recherche,-41.0,5640.0,0
1784885773345555968,1784885776904947968,1784885776937279917,25,d4:bd:4f:a1:e5:74,CESI_Iot,-41.0,5640.0,0
1784885773345555968,1784885776904947968,1784885776937279917,25,d4:bd:4f:a1:91:c0,CESI_Corp,-62.0,5660.0,0
1784885773345555968,1784885776904947968,1784885776937279917,25,d4:bd:4f:a1:91:c1,CESI_HotSpot,-61.0,5660.0,0
1784885773345555968,1784885776904947968,1784885776937279917,25,d4:bd:4f:a1:91:c2,CESI_Robots,-62.0,5660.0,0
1784885773345555968,1784885776904947968,1784885776937279917,25,d4:bd:4f:a1:91:c3,CESI_Recherche,-61.0,5660.0,0
1784885773345555968,1784885776904947968,1784885776937279917,25,d4:bd:4f:a1:91:c4,CESI_Iot,-62.0,5660.0,0
1784885773345555968,1784885776904947968,1784885776937279917,25,d4:bd:4f:60:d2:d2,CESI_Robots,-75.0,2457.0,0
1784885773345555968,1784885776904947968,1784885776937279917,25,d4:bd:4f:61:f4:50,CESI_Corp,-70.0,2427.0,0
1784885773345555968,1784885776904947968,1784885776937279917,25,d4:bd:4f:61:f4:51,CESI_HotSpot,-71.0,2427.0,0
1784885773345555968,1784885776904947968,1784885776937279917,25,d4:bd:4f:61:f4:52,CESI_Robots,-72.0,2427.0,0
1784885773345555968,1784885776904947968,1784885776937279917,25,d4:bd:4f:61:f4:53,CESI_Recherche,-71.0,2427.0,0
1784885773345555968,1784885776904947968,1784885776937279917,25,2c:5a:0f:e5:7f:ef,eduspot,-82.0,5280.0,4096
1784885773345555968,1784885776904947968,1784885776937279917,25,d4:bd:4f:60:d2:d3,CESI_Recherche,-75.0,2457.0,0
1784885773345555968,1784885776904947968,1784885776937279917,25,2c:5a:0f:e5:7f:e0,eduspot,-67.0,2412.0,0
1784885773345555968,1784885776904947968,1784885776937279917,25,32:24:a9:e8:3e:7f,DIRECT-7F-HP OfficeJet Pro 9010,-60.0,2437.0,20584
1784885773345555968,1784885776904947968,1784885776937279917,25,d4:bd:4f:60:d2:d0,CESI_Corp,-73.0,2457.0,0
1784885773345555968,1784885776904947968,1784885776937279917,25,d4:bd:4f:60:d2:d1,CESI_HotSpot,-72.0,2457.0,0
1784885773345555968,1784885776904947968,1784885776937279917,25,2c:5a:0f:e5:7f:ee,eduroam,-83.0,5280.0,0
1784885773345555968,1784885776904947968,1784885776937279917,25,8e:97:ea:a4:87:85,,-84.0,5200.0,0
1784885773345555968,1784885776904947968,1784885776937279917,25,8e:97:ea:a4:87:81,,-78.0,2412.0,24784
1784885773345555968,1784885776904947968,1784885776937279917,25,8c:97:ea:a4:87:80,Freebox-32CD89,-76.0,2412.0,20584
1784885773345555968,1784885776904947968,1784885776937279917,25,78:c4:0e:d7:b1:30,RM828_WIFI,-79.0,2412.0,4096
1784885773345555968,1784885776904947968,1784885776937279917,25,4e:82:a9:e9:c5:c2,DIRECT-c2-HP M283 LaserJet,-83.0,2437.0,12292
1784885777441636096,1784885781001168128,1784885781033035825,26,2c:5a:0f:e5:7f:e1,eduroam,-62.0,2412.0,12292
1784885777441636096,1784885781001168128,1784885781033035825,26,52:04:df:14:fa:1a,iPhone moe b,-45.0,2437.0,0
1784885777441636096,1784885781001168128,1784885781033035825,26,d4:bd:4f:61:f4:54,CESI_Iot,-67.0,2427.0,0
1784885777441636096,1784885781001168128,1784885781033035825,26,d4:bd:4f:61:e5:70,CESI_Corp,-41.0,2457.0,0
1784885777441636096,1784885781001168128,1784885781033035825,26,d4:bd:4f:61:e5:71,CESI_HotSpot,-41.0,2457.0,0
1784885777441636096,1784885781001168128,1784885781033035825,26,d4:bd:4f:61:e5:72,CESI_Robots,-41.0,2457.0,0
1784885777441636096,1784885781001168128,1784885781033035825,26,d4:bd:4f:61:e5:73,CESI_Recherche,-40.0,2457.0,0
1784885777441636096,1784885781001168128,1784885781033035825,26,d4:bd:4f:61:e5:74,CESI_Iot,-40.0,2457.0,0
1784885777441636096,1784885781001168128,1784885781033035825,26,d4:bd:4f:61:91:c0,CESI_Corp,-59.0,2472.0,0
1784885777441636096,1784885781001168128,1784885781033035825,26,d4:bd:4f:61:91:c1,CESI_HotSpot,-59.0,2472.0,0
1784885777441636096,1784885781001168128,1784885781033035825,26,d4:bd:4f:61:91:c2,CESI_Robots,-62.0,2472.0,0
1784885777441636096,1784885781001168128,1784885781033035825,26,d4:bd:4f:61:91:c3,CESI_Recherche,-60.0,2472.0,0
1784885777441636096,1784885781001168128,1784885781033035825,26,d4:bd:4f:61:91:c4,CESI_Iot,-63.0,2472.0,0
1784885777441636096,1784885781001168128,1784885781033035825,26,d4:bd:4f:a0:d2:d0,CESI_Corp,-80.0,5540.0,0
1784885777441636096,1784885781001168128,1784885781033035825,26,d4:bd:4f:a0:d2:d1,CESI_HotSpot,-80.0,5540.0,0
1784885777441636096,1784885781001168128,1784885781033035825,26,d4:bd:4f:a0:d2:d2,CESI_Robots,-80.0,5540.0,0
1784885777441636096,1784885781001168128,1784885781033035825,26,d4:bd:4f:a0:d2:d3,CESI_Recherche,-79.0,5540.0,0
1784885777441636096,1784885781001168128,1784885781033035825,26,d4:bd:4f:a0:d2:d4,CESI_Iot,-80.0,5540.0,0
1784885777441636096,1784885781001168128,1784885781033035825,26,d4:bd:4f:a1:f4:50,CESI_Corp,-68.0,5580.0,0
1784885777441636096,1784885781001168128,1784885781033035825,26,d4:bd:4f:a1:f4:51,CESI_HotSpot,-68.0,5580.0,0
1784885777441636096,1784885781001168128,1784885781033035825,26,d4:bd:4f:a1:f4:52,CESI_Robots,-68.0,5580.0,0
1784885777441636096,1784885781001168128,1784885781033035825,26,d4:bd:4f:a1:f4:53,CESI_Recherche,-68.0,5580.0,0
1784885777441636096,1784885781001168128,1784885781033035825,26,d4:bd:4f:a1:f4:54,CESI_Iot,-68.0,5580.0,0
1784885777441636096,1784885781001168128,1784885781033035825,26,d4:bd:4f:a1:e5:70,CESI_Corp,-40.0,5640.0,0
1784885777441636096,1784885781001168128,1784885781033035825,26,d4:bd:4f:a1:e5:71,CESI_HotSpot,-40.0,5640.0,0
1784885777441636096,1784885781001168128,1784885781033035825,26,d4:bd:4f:a1:e5:72,CESI_Robots,-40.0,5640.0,0
1784885777441636096,1784885781001168128,1784885781033035825,26,d4:bd:4f:a1:e5:73,CESI_Recherche,-40.0,5640.0,0
1784885777441636096,1784885781001168128,1784885781033035825,26,d4:bd:4f:a1:e5:74,CESI_Iot,-40.0,5640.0,0
1784885777441636096,1784885781001168128,1784885781033035825,26,d4:bd:4f:a1:91:c0,CESI_Corp,-63.0,5660.0,0
1784885777441636096,1784885781001168128,1784885781033035825,26,d4:bd:4f:a1:91:c1,CESI_HotSpot,-63.0,5660.0,0
1784885777441636096,1784885781001168128,1784885781033035825,26,d4:bd:4f:a1:91:c2,CESI_Robots,-63.0,5660.0,0
1784885777441636096,1784885781001168128,1784885781033035825,26,d4:bd:4f:a1:91:c3,CESI_Recherche,-63.0,5660.0,0
1784885777441636096,1784885781001168128,1784885781033035825,26,d4:bd:4f:a1:91:c4,CESI_Iot,-62.0,5660.0,0
1784885777441636096,1784885781001168128,1784885781033035825,26,d4:bd:4f:60:d2:d2,CESI_Robots,-75.0,2457.0,4096
1784885777441636096,1784885781001168128,1784885781033035825,26,d4:bd:4f:61:f4:50,CESI_Corp,-66.0,2427.0,0
1784885777441636096,1784885781001168128,1784885781033035825,26,d4:bd:4f:61:f4:51,CESI_HotSpot,-65.0,2427.0,0
1784885777441636096,1784885781001168128,1784885781033035825,26,d4:bd:4f:61:f4:52,CESI_Robots,-67.0,2427.0,0
1784885777441636096,1784885781001168128,1784885781033035825,26,d4:bd:4f:61:f4:53,CESI_Recherche,-65.0,2427.0,0
1784885777441636096,1784885781001168128,1784885781033035825,26,2c:5a:0f:e5:7f:ef,eduspot,-82.0,5280.0,8192
1784885777441636096,1784885781001168128,1784885781033035825,26,d4:bd:4f:60:d2:d3,CESI_Recherche,-75.0,2457.0,4096
1784885777441636096,1784885781001168128,1784885781033035825,26,2c:5a:0f:e5:7f:e0,eduspot,-67.0,2412.0,4096
1784885777441636096,1784885781001168128,1784885781033035825,26,32:24:a9:e8:3e:7f,DIRECT-7F-HP OfficeJet Pro 9010,-60.0,2437.0,24680
1784885777441636096,1784885781001168128,1784885781033035825,26,d4:bd:4f:60:d2:d0,CESI_Corp,-73.0,2457.0,4096
1784885777441636096,1784885781001168128,1784885781033035825,26,d4:bd:4f:60:d2:d1,CESI_HotSpot,-72.0,2457.0,4096
1784885777441636096,1784885781001168128,1784885781033035825,26,2c:5a:0f:e5:7f:ee,eduroam,-86.0,5280.0,0
1784885777441636096,1784885781001168128,1784885781033035825,26,8e:97:ea:a4:87:85,,-84.0,5200.0,4096
1784885777441636096,1784885781001168128,1784885781033035825,26,8e:97:ea:a4:87:81,,-71.0,2412.0,0
1784885777441636096,1784885781001168128,1784885781033035825,26,8c:97:ea:a4:87:80,Freebox-32CD89,-70.0,2412.0,0
1784885777441636096,1784885781001168128,1784885781033035825,26,78:c4:0e:d7:b1:30,RM828_WIFI,-79.0,2412.0,8192
1784885777441636096,1784885781001168128,1784885781033035825,26,4e:82:a9:e9:c5:c2,DIRECT-c2-HP M283 LaserJet,-83.0,2437.0,16388
1784885777441636096,1784885781001168128,1784885781033035825,26,8c:97:ea:a4:87:84,Freebox-32CD89,-86.0,5200.0,0
1784885781536019968,1784885785096164864,1784885785128763479,27,2c:5a:0f:e5:7f:e1,eduroam,-62.0,2412.0,16388
1784885781536019968,1784885785096164864,1784885785128763479,27,52:04:df:14:fa:1a,iPhone moe b,-45.0,2437.0,0
1784885781536019968,1784885785096164864,1784885785128763479,27,d4:bd:4f:61:f4:54,CESI_Iot,-54.0,2427.0,0
1784885781536019968,1784885785096164864,1784885785128763479,27,d4:bd:4f:61:e5:70,CESI_Corp,-38.0,2457.0,0
1784885781536019968,1784885785096164864,1784885785128763479,27,d4:bd:4f:61:e5:71,CESI_HotSpot,-38.0,2457.0,0
1784885781536019968,1784885785096164864,1784885785128763479,27,d4:bd:4f:61:e5:72,CESI_Robots,-36.0,2457.0,0
1784885781536019968,1784885785096164864,1784885785128763479,27,d4:bd:4f:61:e5:73,CESI_Recherche,-36.0,2457.0,0
1784885781536019968,1784885785096164864,1784885785128763479,27,d4:bd:4f:61:e5:74,CESI_Iot,-38.0,2457.0,0
1784885781536019968,1784885785096164864,1784885785128763479,27,d4:bd:4f:61:91:c0,CESI_Corp,-60.0,2472.0,0
1784885781536019968,1784885785096164864,1784885785128763479,27,d4:bd:4f:61:91:c1,CESI_HotSpot,-63.0,2472.0,0
1784885781536019968,1784885785096164864,1784885785128763479,27,d4:bd:4f:61:91:c2,CESI_Robots,-61.0,2472.0,0
1784885781536019968,1784885785096164864,1784885785128763479,27,d4:bd:4f:61:91:c3,CESI_Recherche,-63.0,2472.0,0
1784885781536019968,1784885785096164864,1784885785128763479,27,d4:bd:4f:61:91:c4,CESI_Iot,-61.0,2472.0,0
1784885781536019968,1784885785096164864,1784885785128763479,27,d4:bd:4f:a0:d2:d0,CESI_Corp,-77.0,5540.0,0
1784885781536019968,1784885785096164864,1784885785128763479,27,d4:bd:4f:a0:d2:d1,CESI_HotSpot,-77.0,5540.0,0
1784885781536019968,1784885785096164864,1784885785128763479,27,d4:bd:4f:a0:d2:d2,CESI_Robots,-77.0,5540.0,0
1784885781536019968,1784885785096164864,1784885785128763479,27,d4:bd:4f:a0:d2:d3,CESI_Recherche,-77.0,5540.0,0
1784885781536019968,1784885785096164864,1784885785128763479,27,d4:bd:4f:a0:d2:d4,CESI_Iot,-77.0,5540.0,0
1784885781536019968,1784885785096164864,1784885785128763479,27,d4:bd:4f:a1:f4:50,CESI_Corp,-68.0,5580.0,0
1784885781536019968,1784885785096164864,1784885785128763479,27,d4:bd:4f:a1:f4:51,CESI_HotSpot,-68.0,5580.0,0
1784885781536019968,1784885785096164864,1784885785128763479,27,d4:bd:4f:a1:f4:52,CESI_Robots,-69.0,5580.0,0
1784885781536019968,1784885785096164864,1784885785128763479,27,d4:bd:4f:a1:f4:53,CESI_Recherche,-68.0,5580.0,0
1784885781536019968,1784885785096164864,1784885785128763479,27,d4:bd:4f:a1:f4:54,CESI_Iot,-68.0,5580.0,0
1784885781536019968,1784885785096164864,1784885785128763479,27,d4:bd:4f:a1:e5:70,CESI_Corp,-40.0,5640.0,0
1784885781536019968,1784885785096164864,1784885785128763479,27,d4:bd:4f:a1:e5:71,CESI_HotSpot,-40.0,5640.0,0
1784885781536019968,1784885785096164864,1784885785128763479,27,d4:bd:4f:a1:e5:72,CESI_Robots,-40.0,5640.0,0
1784885781536019968,1784885785096164864,1784885785128763479,27,d4:bd:4f:a1:e5:73,CESI_Recherche,-40.0,5640.0,0
1784885781536019968,1784885785096164864,1784885785128763479,27,d4:bd:4f:a1:e5:74,CESI_Iot,-39.0,5640.0,0
1784885781536019968,1784885785096164864,1784885785128763479,27,d4:bd:4f:a1:91:c0,CESI_Corp,-61.0,5660.0,0
1784885781536019968,1784885785096164864,1784885785128763479,27,d4:bd:4f:a1:91:c1,CESI_HotSpot,-61.0,5660.0,0
1784885781536019968,1784885785096164864,1784885785128763479,27,d4:bd:4f:a1:91:c2,CESI_Robots,-61.0,5660.0,0
1784885781536019968,1784885785096164864,1784885785128763479,27,d4:bd:4f:a1:91:c3,CESI_Recherche,-61.0,5660.0,0
1784885781536019968,1784885785096164864,1784885785128763479,27,d4:bd:4f:a1:91:c4,CESI_Iot,-61.0,5660.0,0
1784885781536019968,1784885785096164864,1784885785128763479,27,d4:bd:4f:60:d2:d2,CESI_Robots,-72.0,2457.0,0
1784885781536019968,1784885785096164864,1784885785128763479,27,d4:bd:4f:61:f4:50,CESI_Corp,-55.0,2427.0,0
1784885781536019968,1784885785096164864,1784885785128763479,27,d4:bd:4f:61:f4:51,CESI_HotSpot,-55.0,2427.0,0
1784885781536019968,1784885785096164864,1784885785128763479,27,d4:bd:4f:61:f4:52,CESI_Robots,-70.0,2427.0,0
1784885781536019968,1784885785096164864,1784885785128763479,27,d4:bd:4f:61:f4:53,CESI_Recherche,-68.0,2427.0,0
1784885781536019968,1784885785096164864,1784885785128763479,27,2c:5a:0f:e5:7f:ef,eduspot,-86.0,5280.0,0
1784885781536019968,1784885785096164864,1784885785128763479,27,d4:bd:4f:60:d2:d3,CESI_Recherche,-71.0,2457.0,0
1784885781536019968,1784885785096164864,1784885785128763479,27,2c:5a:0f:e5:7f:e0,eduspot,-67.0,2412.0,8192
1784885781536019968,1784885785096164864,1784885785128763479,27,32:24:a9:e8:3e:7f,DIRECT-7F-HP OfficeJet Pro 9010,-60.0,2437.0,28776
1784885781536019968,1784885785096164864,1784885785128763479,27,d4:bd:4f:60:d2:d0,CESI_Corp,-73.0,2457.0,8192
1784885781536019968,1784885785096164864,1784885785128763479,27,d4:bd:4f:60:d2:d1,CESI_HotSpot,-71.0,2457.0,0
1784885781536019968,1784885785096164864,1784885785128763479,27,2c:5a:0f:e5:7f:ee,eduroam,-86.0,5280.0,4096
1784885781536019968,1784885785096164864,1784885785128763479,27,8e:97:ea:a4:87:85,,-84.0,5200.0,8192
1784885781536019968,1784885785096164864,1784885785128763479,27,8e:97:ea:a4:87:81,,-71.0,2412.0,4096
1784885781536019968,1784885785096164864,1784885785128763479,27,8c:97:ea:a4:87:80,Freebox-32CD89,-65.0,2412.0,0
1784885781536019968,1784885785096164864,1784885785128763479,27,78:c4:0e:d7:b1:30,RM828_WIFI,-79.0,2412.0,12288
1784885781536019968,1784885785096164864,1784885785128763479,27,4e:82:a9:e9:c5:c2,DIRECT-c2-HP M283 LaserJet,-83.0,2437.0,20484
1784885781536019968,1784885785096164864,1784885785128763479,27,8c:97:ea:a4:87:84,Freebox-32CD89,-86.0,5200.0,4096
1784885781536019968,1784885785096164864,1784885785128763479,27,d4:bd:4f:60:d2:d4,CESI_Iot,-71.0,2457.0,0
