t_ns,x,y,yaw,n_matched,inlier_frac,rmse_m,quality
1789656130579042153,-8.779776938285632,0.547379155091287,1.9954406148214106,224,1.0,0.00864,good
1789656130679045779,-8.779609118845244,0.5450988945311227,1.9978136975873455,225,1.0,0.00826,good
1789656130789109261,-8.77832640438762,0.5446664068580708,1.9953524224032688,225,0.9911,0.0049,good
1789656130889062144,-8.776574369822674,0.5449249775679565,1.994938606193228,223,0.9955,0.00839,good
1789656130999058952,-8.777029268190647,0.5448789243208632,1.9940085078448129,227,0.9912,0.00841,good
1789656131099044080,-8.776986316010108,0.5437723892992689,1.9913935275277361,225,0.9956,0.00824,good
1789656131209095495,-8.778635572965857,0.544237330554245,1.9965356828474468,228,0.9956,0.0074,good
1789656131309040250,-8.778615417626604,0.5428436986873386,1.9986749203984697,224,1.0,0.00772,good
1789656131409042120,-8.776994141159646,0.5415602664762413,1.9970218178403516,226,0.9956,0.00706,good
1789656131519020970,-8.776680449701814,0.5428442288828172,1.9969351854280672,226,0.9956,0.00563,good
1789656131619048591,-8.777821325227686,0.5422392041712454,2.0029480228645804,223,1.0,0.0089,good
1789656131719094274,-8.778712108689856,0.5422884495260238,2.0086208183754395,227,0.9956,0.00701,good
1789656131819056666,-8.77843507559643,0.542402143429441,2.0103899513775096,224,1.0,0.00845,good
1789656131929136148,-8.77676559145013,0.5427296642041471,2.009974799727085,225,0.9956,0.00886,good
1789656132029074826,-8.776284752013122,0.54224661083154,2.0140638448602988,223,0.9955,0.00799,good
1789656132139038000,-8.77596867573712,0.5423416480622738,2.0157403845246393,227,1.0,0.00886,good
1789656132239053808,-8.776982509368413,0.5431286592890014,2.01350726234876,221,1.0,0.00965,good
1789656132349011109,-8.777237039651615,0.5435448019404876,2.008396811262128,224,1.0,0.00692,good
1789656132449101742,-8.777740081713707,0.5433973188234464,2.004154604178144,226,0.9912,0.00831,good
1789656132559013599,-8.777210689695385,0.5420198252112003,2.00295996426629,224,0.9955,0.00633,good
1789656132659064569,-8.777696461217648,0.5421926594314311,2.004959888728113,225,0.9956,0.00491,good
1789656132759072374,-8.776351591509048,0.54350457044253,2.0026087238876187,221,1.0,0.00693,good
1789656132869016689,-8.777196778529065,0.5432008007668188,2.0052884427590323,223,1.0,0.00467,good
1789656132969049022,-8.775356680402902,0.5436707053474521,2.00091036279629,220,0.9909,0.00343,good
1789656133069043818,-8.775251795154817,0.5443978302292404,2.0022727852583655,216,1.0,0.00793,good
1789656133169037738,-8.773884010109871,0.5461089089403373,2.000175644151711,222,1.0,0.00789,good
1789656133279055654,-8.773144334754825,0.5474310402021123,2.001460534221659,221,1.0,0.01251,good
1789656133379053797,-8.771557543772824,0.5500830156100329,2.0028368410981403,224,1.0,0.00934,good
1789656133479005979,-8.770940825344205,0.5527931617551328,2.0045648225763832,219,0.9954,0.01042,good
1789656133589126619,-8.7711287374579,0.5543943523322916,2.0082513650536082,219,1.0,0.00921,good
1789656133689047622,-8.770950213833725,0.5540862692678787,2.005673301884452,220,0.9955,0.01105,good
1789656133799050995,-8.77115868227801,0.5550020122222691,2.0066096894859027,220,0.9955,0.00718,good
1789656133899041377,-8.7700811871715,0.553115262934577,2.0055403545884913,220,1.0,0.00767,good
1789656134009039417,-8.76921065456922,0.5538688281770705,2.003469396849016,221,0.9955,0.00794,good
1789656134109032829,-8.768280127365356,0.5519130879749532,2.00131901484349,222,0.9955,0.00507,good
1789656134219053747,-8.769357619095466,0.5524625078433452,2.0045063734163016,220,1.0,0.00695,good
1789656134319117909,-8.76987670965097,0.5531805527758898,2.002778619839741,209,1.0,0.0038,good
1789656134419040442,-8.769960849058819,0.5533066992092783,2.006077806355671,194,1.0,0.00734,good
1789656134519049583,-8.769903071590102,0.5514716311606285,2.0060891290490925,178,1.0,0.00651,good
1789656134629060516,-8.76992855733309,0.5503460871823449,2.005813864549096,180,1.0,0.00617,good
1789656134729056003,-8.770593763716384,0.5490351243774934,2.00229852649863,178,1.0,0.00538,good
1789656134839039166,-8.77116460379806,0.5484000906149478,1.965492317943317,181,1.0,0.01399,good
1789656134939044231,-8.76969706646251,0.548703384271825,1.9171689438959691,185,1.0,0.01184,good
1789656135049084953,-8.766082157885691,0.5522051384606067,1.8875055921862747,184,0.9946,0.00753,good
1789656135149043755,-8.764206176856533,0.5544387315991137,1.8928697480303376,181,1.0,0.0098,good
1789656135259058675,-8.765813812114997,0.5562931920060569,1.888123485128295,187,1.0,0.00932,good
1789656135359047821,-8.763300933487773,0.5609793773509046,1.8651897219550373,187,1.0,0.00962,good
1789656135459052270,-8.762055376823287,0.5667833012997794,1.8819954483448211,196,0.9949,0.01209,good
1789656135569039382,-8.7551736269033,0.5715752731468585,1.912862083369915,191,0.9843,0.00779,good
1789656135669113302,-8.753696501099558,0.5761289150635964,1.9095154216905,195,1.0,0.00686,good
1789656135779040484,-8.753659773135888,0.5808626876586034,1.9096345969860404,196,1.0,0.00633,good
1789656135889067927,-8.753386790752629,0.5849733311252393,1.888279986565435,193,1.0,0.00615,good
1789656135989043328,-8.752198405787999,0.5880106679642507,1.8786385758792068,190,1.0,0.00663,good
1789656136089049888,-8.749042240697943,0.5917598837050669,1.8784982437781537,182,1.0,0.01134,good
1789656136189040218,-8.748699952240441,0.5943599178598379,1.9059512018990272,183,1.0,0.00643,good
1789656136299042694,-8.747449952880121,0.5974525755691891,1.9164724066506205,180,1.0,0.00631,good
1789656136399050604,-8.748356682039788,0.6019198890698682,1.9204890239123205,184,1.0,0.00882,good
1789656136509041002,-8.748356414079868,0.6062817588996038,1.9235325619493349,197,1.0,0.0065,good
1789656136609031943,-8.746304867525119,0.6139382733383776,1.9264397616594453,222,1.0,0.00935,good
1789656136709055248,-8.745091281740546,0.6199017613338171,1.928478557291074,220,1.0,0.00533,good
1789656136819048888,-8.74406859219837,0.6251730866372648,1.9296739806868632,224,1.0,0.00468,good
1789656136919040866,-8.743440939500301,0.6305572071168711,1.9249751008679608,217,1.0,0.007,good
1789656137029046846,-8.744705333596556,0.6337120071575584,1.9307417224750203,221,1.0,0.00364,good
1789656137129042158,-8.744729603126233,0.6367779530899523,1.9281908793822422,218,1.0,0.00423,good
1789656137239055277,-8.74474577521508,0.6387209799167229,1.92801430123233,219,1.0,0.00482,good
1789656137339032879,-8.745954639251798,0.640939077533359,1.9289694661303145,221,1.0,0.00384,good
1789656137439069744,-8.746165644877122,0.6430710064043226,1.9270897074111204,220,1.0,0.00628,good
1789656137549044348,-8.746192898945786,0.6447412923166582,1.9284514236416612,222,1.0,0.00385,good
1789656137649048163,-8.746443478692715,0.6464756517551842,1.9291599532985217,220,0.9955,0.00363,good
1789656137759049055,-8.747887959075761,0.6479067435811091,1.930963399617122,224,1.0,0.00331,good
1789656137869031255,-8.747866845969732,0.6487132702198111,1.9314745145888534,220,1.0,0.00382,good
1789656137969042999,-8.747099369470163,0.649483519996687,1.933329556214128,222,1.0,0.00659,good
1789656138069036536,-8.745502664265157,0.651504786863148,1.9367986282629923,221,1.0,0.00417,good
1789656138179051519,-8.743376441733231,0.6528635742297312,1.9331600954869723,218,1.0,0.00624,good
1789656138279035976,-8.743617053787448,0.654931689579386,1.9332503565980517,222,1.0,0.00462,good
1789656138389045494,-8.743844117561704,0.6560162626397176,1.9336271448765499,223,1.0,0.00448,good
1789656138489043734,-8.745783195668745,0.6585957835894369,1.9363301488426776,221,1.0,0.00354,good
1789656138599039506,-8.746654414288619,0.6603283397666805,1.9382467514127462,222,1.0,0.00305,good
1789656138699043526,-8.746120580112922,0.6597349277029916,1.9400060775850165,223,1.0,0.00467,good
1789656138799039785,-8.743210364922383,0.6604751347711872,1.934984881361887,220,0.9955,0.0042,good
1789656138909049191,-8.74239089730416,0.6604778647795322,1.935544070772148,221,1.0,0.00333,good
1789656139009047212,-8.74158888511009,0.6627696392764871,1.929184761105743,219,1.0,0.00624,good
1789656139119048888,-8.747876556904387,0.6778207907154191,1.944521991859129,222,1.0,0.00636,good
1789656139219050800,-8.755974995068435,0.6937953881299773,1.9482726266304353,218,1.0,0.00705,good
1789656139329218222,-8.764013090242978,0.712836030788306,1.952680714626223,222,1.0,0.00702,good
1789656139429042495,-8.76937584416327,0.7291340765765173,1.9526921656926726,218,0.9954,0.00384,good
1789656139539042244,-8.77747299991857,0.748325083459878,1.9516657934935646,224,1.0,0.00274,good
1789656139639034301,-8.78410123479838,0.7657728866210884,1.9509547644794965,221,1.0,0.00401,good
1789656139739014335,-8.791705830216818,0.7821167272942209,1.953416258087585,221,1.0,0.0057,good
1789656139839040887,-8.800402884289314,0.8014501648698047,1.9570269004500787,222,1.0,0.00489,good
1789656139949050009,-8.808512935262906,0.8226682088433923,1.955464793042126,223,1.0,0.00683,good
1789656140049044776,-8.815948904292336,0.8403367177859306,1.957415532688744,224,1.0,0.0049,good
1789656140158994190,-8.822908798465912,0.8595463839030515,1.9536158465297648,221,1.0,0.00341,good
1789656140259059020,-8.829824175276759,0.8769862873690556,1.9514917084845174,222,1.0,0.00337,good
1789656140369028607,-8.838440556261682,0.8960068410963449,1.9518737399905375,219,1.0,0.0032,good
1789656140469033656,-8.845578193255285,0.913293368208624,1.9517710834682085,221,1.0,0.00326,good
1789656140579058022,-8.853285485944761,0.9336850979950788,1.9480343601841836,228,0.9956,0.00422,good
1789656140679033913,-8.85945981598825,0.9511047408022295,1.9478968932493623,221,1.0,0.00598,good
1789656140779052226,-8.866236238980807,0.9684451447893727,1.945694342612636,224,1.0,0.00294,good
1789656140889045785,-8.874565784991013,0.989530712364002,1.9471432160006221,221,1.0,0.00446,good
1789656140989003520,-8.88283436307845,1.0077989652726125,1.9486883772214283,226,1.0,0.00587,good
1789656141099052704,-8.891656211289774,1.0296356626924312,1.9492274893984554,228,1.0,0.00469,good
1789656141199110224,-8.898612261807996,1.047512253065447,1.9480197643209556,222,1.0,0.00303,good
1789656141309035202,-8.907621046629284,1.0676032095073904,1.949693740654518,227,0.9956,0.00339,good
1789656141409043242,-8.91498832195761,1.0843490101490638,1.9525715520814024,226,1.0,0.00708,good
1789656141519058419,-8.92336864041246,1.1044523473820764,1.953713779272896,225,1.0,0.00441,good
1789656141619049175,-8.930301905236584,1.1225121233017212,1.9528793901941244,225,1.0,0.00334,good
1789656141719027296,-8.937124455703625,1.1408945219651236,1.9508624605437113,229,1.0,0.00428,good
1789656141829006738,-8.945594235449192,1.1606874691707072,1.9494931394229045,221,1.0,0.00354,good
1789656141929100624,-8.952589847840773,1.1779943621346987,1.9507411058228554,222,1.0,0.00543,good
1789656142039043357,-8.96042006167511,1.199495566026669,1.9530251877483902,224,1.0,0.00431,good
1789656142139031918,-8.967747063240628,1.2162298074969764,1.9544760115885471,227,1.0,0.00378,good
1789656142249045856,-8.97560326975365,1.2354612624161772,1.9559310656656035,225,1.0,0.00322,good
1789656142349042272,-8.98189039004559,1.2529371658784783,1.9540636492188466,226,1.0,0.00402,good
1789656142449050803,-8.990140540407806,1.2703394396501597,1.9538747677245376,222,1.0,0.00347,good
1789656142559081469,-8.997955476732093,1.2899773731908986,1.952499429027261,223,1.0,0.00261,good
1789656142659062731,-9.005540310693393,1.3086149530657787,1.9535022308380565,223,1.0,0.00323,good
1789656142769009256,-9.01308895794538,1.328479499030572,1.9510447685520464,227,1.0,0.00314,good
1789656142869055245,-9.021210480204111,1.3459735133737378,1.94913530635252,228,1.0,0.00328,good
1789656142979041062,-9.029349671253785,1.3673444683913734,1.9469417628086043,231,1.0,0.00602,good
1789656143079040278,-9.036744002942461,1.3862368512479422,1.9491197290508502,227,1.0,0.00277,good
1789656143189114426,-9.046174641196503,1.4060779474338871,1.9512219608412498,223,1.0,0.00448,good
1789656143291115476,-9.05258273054752,1.424569086135248,1.9507366666078305,229,1.0,0.0033,good
1789656143389045297,-9.058886855072654,1.4417708936356042,1.951461736672113,224,1.0,0.0031,good
1789656143489398445,-9.067484464464666,1.4611770486382383,1.9521684772353993,223,1.0,0.00575,good
1789656143599060743,-9.07583824799027,1.4790851649495786,1.954426625773054,225,1.0,0.00633,good
1789656143699077642,-9.083316053932526,1.4991200703054837,1.9523889025369248,219,1.0,0.00285,good
1789656143809054256,-9.090247050365196,1.5188994904450355,1.9512105614734994,223,1.0,0.00373,good
1789656143909064800,-9.098664915134258,1.537708420408235,1.9500606318288165,223,1.0,0.00321,good
1789656144019053599,-9.106302498151102,1.5564904003894795,1.9519315980074396,224,1.0,0.00395,good
1789656144119042298,-9.114752812863022,1.574810531107052,1.9526112387296626,228,1.0,0.00334,good
1789656144229052874,-9.123629786761821,1.5951122092468417,1.957915300462545,223,1.0,0.00505,good
1789656144329007191,-9.13058743280767,1.6129589069688666,1.9587308618690362,228,1.0,0.00357,good
1789656144429052724,-9.138923811730313,1.6335502800649064,1.9588126454801704,226,1.0,0.00595,good
1789656144539017100,-9.147342064030182,1.654095534754854,1.9625299447476319,225,1.0,0.00389,good
1789656144639068228,-9.155665140282808,1.6742808101211337,1.960447723716766,223,1.0,0.00392,good
1789656144749058724,-9.164049975941788,1.6934784447771665,1.956679287275188,227,1.0,0.00404,good
1789656144849458605,-9.171934462483748,1.713448483947844,1.9566870509700125,222,1.0,0.00338,good
1789656144959069226,-9.179514266148619,1.7338424515814397,1.9574615419393202,225,1.0,0.00351,good
1789656145059057223,-9.18731492622502,1.7529621055342999,1.958030281698287,227,1.0,0.00316,good
1789656145169001229,-9.195355012664658,1.7726992444015497,1.9597312513257903,224,1.0,0.00422,good
1789656145269052281,-9.203719369636078,1.79272148269789,1.9587304719642946,228,1.0,0.00648,good
1789656145369072026,-9.211267705852901,1.8122493788317433,1.9564340393857738,220,1.0,0.00379,good
1789656145469021857,-9.220379465746083,1.8318805353518304,1.9565079406316548,223,1.0,0.00446,good
1789656145579067177,-9.229234931281876,1.8526128003248796,1.9579778940668535,221,1.0,0.00483,good
1789656145679055188,-9.237219186793837,1.8725133851435523,1.9565176651180607,222,1.0,0.00452,good
1789656145789055381,-9.245172185151286,1.891963627355696,1.9554411908994094,223,1.0,0.00444,good
1789656145889084796,-9.253842661813783,1.9102411650879954,1.9566166944072902,224,1.0,0.00405,good
1789656145999037694,-9.26168923524818,1.9286285911082883,1.9584664827699745,229,1.0,0.00348,good
1789656146099207483,-9.270404555874556,1.9483546617991359,1.958071887621146,223,1.0,0.00596,good
1789656146209072733,-9.277616152958682,1.9679722570523233,1.9587262075269904,225,1.0,0.00504,good
1789656146309074656,-9.285349391360718,1.9871879928526657,1.9606649652460206,225,1.0,0.00423,good
1789656146409005833,-9.291983173781325,2.005522287909046,1.9619412311373212,221,1.0,0.00402,good
1789656146519069651,-9.300524929984666,2.026000888375676,1.962949902838399,225,1.0,0.00524,good
1789656146619059978,-9.309159088431269,2.04334954307173,1.9629471404652181,228,1.0,0.00449,good
1789656146719060456,-9.317647638392955,2.0614447204377804,1.9621550425092906,222,1.0,0.00387,good
1789656146829287702,-9.326369026288889,2.0825174484048503,1.9633941025490176,221,1.0,0.00371,good
1789656146929054877,-9.334564938379907,2.10049981424157,1.9620853368777584,223,1.0,0.00361,good
1789656147039074051,-9.343127991792526,2.1195388653181007,1.9606781603875671,226,1.0,0.00347,good
1789656147139036407,-9.350950531102189,2.1360732540511305,1.9644258407661612,225,1.0,0.00449,good
1789656147249071488,-9.36090014171251,2.157335446194019,1.9651759069927996,222,1.0,0.00385,good
1789656147349056259,-9.36909123463588,2.1747101488012133,1.9647323992158454,228,1.0,0.0045,good
1789656147449040493,-9.37673736367945,2.192543790172095,1.9686956217046747,225,1.0,0.00461,good
1789656147559007346,-9.385101927709885,2.21262918117779,1.9554157835684798,226,1.0,0.00543,good
1789656147659050045,-9.389213046624535,2.23063826426745,1.9392701786738016,224,1.0,0.00704,good
1789656147769039666,-9.397675521442938,2.253628327952966,1.9238754614700047,225,1.0,0.00561,good
1789656147869107743,-9.405526473512008,2.272530359044013,1.909179173570961,230,1.0,0.00665,good
1789656147979071096,-9.413648606883237,2.2925018754918933,1.8879316270369253,224,1.0,0.00654,good
1789656148079038723,-9.41880517761334,2.310536383851047,1.8706798873938713,222,1.0,0.00674,good
1789656148189057277,-9.426646650075773,2.331362279922056,1.8629071296738753,222,1.0,0.0074,good
1789656148288999463,-9.43113683931058,2.3470084902671804,1.8593250715012521,227,1.0,0.00488,good
1789656148389038571,-9.436231407661078,2.366813743867678,1.8551997866591212,221,1.0,0.00496,good
1789656148499055995,-9.442527053983259,2.388078117334982,1.8563760619823055,225,1.0,0.00413,good
1789656148599063667,-9.447101066336664,2.4052482872446523,1.8598860028428528,221,1.0,0.00438,good
1789656148709059675,-9.454133188306162,2.4259632865186753,1.856508640324776,223,1.0,0.00458,good
1789656148809035077,-9.460521004194673,2.444166894519923,1.8527716341587832,227,1.0,0.00425,good
1789656148919062763,-9.466427183757023,2.465394158952393,1.853372887555636,228,1.0,0.00599,good
1789656149019045923,-9.472473165396627,2.482866408536886,1.8527665150466361,226,1.0,0.00414,good
1789656149119041782,-9.477624622166342,2.4994630451165243,1.8561150145894494,227,1.0,0.00521,good
1789656149229042180,-9.484142958294921,2.521390635468223,1.8541259616530237,226,0.9956,0.00378,good
1789656149329049654,-9.489353530387692,2.539765969610853,1.8556479792884746,223,1.0,0.0049,good
1789656149429049366,-9.495115282854773,2.5588016621799237,1.8558643418584395,223,1.0,0.00681,good
1789656149539037019,-9.49931509137229,2.580099917041566,1.851284503635111,223,1.0,0.00892,good
1789656149639057405,-9.506158096717412,2.5992625261045657,1.8523042403575576,225,1.0,0.00896,good
1789656149749046503,-9.512529117684712,2.6214827054752488,1.8547792588780938,224,1.0,0.00489,good
1789656149849059386,-9.518308342474443,2.640450896683441,1.8547488693133594,227,1.0,0.00513,good
1789656149959042667,-9.524061960196994,2.660642262088171,1.855898568967668,227,1.0,0.00593,good
1789656150059048945,-9.528324952591813,2.6786145772879366,1.8554743759009613,220,1.0,0.00611,good
1789656150169036636,-9.53437550859838,2.6998441994691196,1.8542945470636563,223,1.0,0.00524,good
1789656150269064217,-9.539111464197907,2.7160900805338453,1.8531236264440507,225,1.0,0.00521,good
1789656150369064326,-9.544957787058129,2.7357625339391873,1.853458366616949,224,1.0,0.00566,good
1789656150479040643,-9.551875226852452,2.7550848190893213,1.8499886137559463,221,1.0,0.0054,good
1789656150579046402,-9.557397276581447,2.7723862962881674,1.8474177274674004,226,1.0,0.00588,good
1789656150689047153,-9.562370117237172,2.7932156047709995,1.8497396328543505,224,1.0,0.00636,good
1789656150789057339,-9.567985305902722,2.811331833034805,1.8468892598016673,224,1.0,0.00713,good
1789656150899042789,-9.57416974477251,2.835106306011767,1.8446280608333774,227,1.0,0.00465,good
1789656150999038637,-9.579900612411858,2.853016133681478,1.852407387334868,229,1.0,0.00566,good
1789656151099066979,-9.584793831674359,2.873013189227669,1.8517172288708508,226,1.0,0.00511,good
1789656151209036890,-9.59138110578557,2.8937053531187997,1.852488685923434,222,1.0,0.0098,good
1789656151309051755,-9.596522626962717,2.913403975103203,1.8564931240142415,228,1.0,0.00616,good
1789656151409051577,-9.604214032922696,2.9345414895769055,1.8527446851568834,221,1.0,0.00696,good
1789656151519057055,-9.610249229072018,2.9544100293913633,1.849649846472678,223,1.0,0.00525,good
1789656151619064343,-9.61418055525534,2.975582003509935,1.8508681134626723,222,1.0,0.00614,good
1789656151729055354,-9.620012007790937,2.9964526291970075,1.851435959821051,224,1.0,0.00446,good
1789656151829057195,-9.625245090601606,3.016954116589028,1.8537592675946304,222,1.0,0.00519,good
1789656151939039647,-9.630521206356876,3.035492299736427,1.8534575682187104,224,1.0,0.00407,good
1789656152039039937,-9.635319820642549,3.0544483131208873,1.850344029358327,224,1.0,0.00445,good
1789656152149045180,-9.642671288161045,3.0728276061279067,1.8494453469383483,222,1.0,0.00423,good
1789656152249126393,-9.648978092689777,3.0917155945548185,1.850865310036103,223,1.0,0.00407,good
1789656152349059204,-9.654298293611594,3.1118343437019504,1.8539888701083234,220,1.0,0.00418,good
1789656152459050294,-9.661254648534818,3.1321607911187543,1.8507777728947317,223,1.0,0.00466,good
1789656152559056982,-9.668126339952648,3.154054455668058,1.8439630505380793,221,1.0,0.00408,good
1789656152669055798,-9.67346031748823,3.1722060368595164,1.851631861881355,223,1.0,0.00827,good
1789656152769037755,-9.67846508755725,3.1909357363521855,1.8549873202185365,222,1.0,0.00628,good
1789656152879050223,-9.684465919312785,3.209412523617585,1.8520993407346724,221,1.0,0.0048,good
1789656152979038590,-9.689618197986205,3.2302573868219135,1.8541343577165714,221,1.0,0.0039,good
1789656153079050937,-9.695122627350546,3.2505850242081493,1.8548864853427107,221,1.0,0.00478,good
1789656153189064820,-9.700941900774493,3.2708634855801435,1.8514145270116171,220,1.0,0.0044,good
1789656153289178891,-9.705542750127579,3.2896347151987984,1.8514051145322945,223,1.0,0.00879,good
1789656153399070011,-9.710101625919918,3.312134631352327,1.8532466774256466,222,1.0,0.00521,good
1789656153499053409,-9.716389747114757,3.331140658278063,1.8541234306369225,220,1.0,0.0058,good
1789656153609038783,-9.72296047649992,3.350861470925678,1.850420783984595,219,1.0,0.00604,good
1789656153709066251,-9.727609310996884,3.3695675051983063,1.8484158690959913,218,1.0,0.00407,good
1789656153809343394,-9.731795629620061,3.390455365145581,1.8493145324724132,222,1.0,0.00576,good
1789656153919056270,-9.738935660944588,3.410186358556044,1.8474802454786443,219,1.0,0.00561,good
1789656154019048550,-9.742360577803506,3.429695144207715,1.847134318317442,222,1.0,0.00732,good
1789656154119047172,-9.748949104511183,3.447477191984271,1.8440090728035037,218,1.0,0.0102,good
1789656154229059082,-9.756553006976944,3.4697475782501224,1.8473724087665655,217,1.0,0.00986,good
1789656154329042107,-9.761703873696574,3.4890596508862126,1.845868133526244,220,1.0,0.01025,good
1789656154439035567,-9.766719170364825,3.5102562581959056,1.8462112241103688,219,0.9954,0.00734,good
1789656154539034560,-9.775622868530299,3.5279954894909524,1.8451959592113238,217,0.9954,0.00716,good
1789656154649045915,-9.786235841861957,3.549434309250061,1.8539284343751075,220,1.0,0.00944,good
1789656154749039165,-9.789963700012303,3.5630202143837826,1.8750857073866287,220,1.0,0.00788,good
1789656154859060449,-9.798991288998252,3.5869162205871783,1.8952218087166377,218,0.9954,0.00979,good
1789656154959041473,-9.80438122049045,3.604988158979552,1.9215672787343268,219,1.0,0.00953,good
1789656155059047555,-9.812928270550293,3.6212798577238097,1.9365153953016956,220,1.0,0.01231,good
1789656155169073779,-9.823289977399364,3.645019968436763,1.955927882582489,212,0.9953,0.01047,good
1789656155269119841,-9.828197119927072,3.664777082128208,1.9789594406023991,216,1.0,0.01035,good
1789656155369063092,-9.835790711097522,3.6823118535097015,1.9943478289437842,214,1.0,0.00954,good
1789656155479040855,-9.84425074679481,3.6997923454874724,2.021225072962428,216,1.0,0.00791,good
1789656155579043422,-9.852741233789816,3.7155774180095817,2.0401810164691105,218,1.0,0.00686,good
1789656155689057660,-9.863890384223838,3.73509267751574,2.0604030195394807,216,1.0,0.00967,good
1789656155789041462,-9.873601653702861,3.7537630995189826,2.07883247547744,218,1.0,0.01002,good
1789656155899120832,-9.88308209044878,3.769455336292384,2.106362343021999,219,1.0,0.00952,good
1789656155999059174,-9.891831430780078,3.788358693000517,2.11445009965617,217,1.0,0.00745,good
1789656156099052434,-9.898728699378628,3.8045345586379233,2.121941818006916,217,1.0,0.00846,good
1789656156209048069,-9.909198791982059,3.82246003314297,2.1217177807050467,217,1.0,0.00516,good
1789656156309041023,-9.919717353958978,3.8396897669884416,2.1185633576637373,211,1.0,0.00706,good
1789656156419045568,-9.930418066972045,3.858350991693611,2.1220813670755607,218,1.0,0.00855,good
1789656156519047487,-9.939221780474071,3.872188665355455,2.123696168022534,214,1.0,0.00787,good
1789656156629000331,-9.952234757828524,3.8910870735928933,2.12524554616793,215,1.0,0.00662,good
1789656156729048005,-9.962200645891256,3.9083664216908844,2.1246483044690714,215,1.0,0.00533,good
1789656156839040899,-9.97523737055476,3.9292717201339933,2.125063278538886,219,1.0,0.00788,good
1789656156931032800,-9.983930160919623,3.9453606888450556,2.1304275728173194,216,1.0,0.00819,good
1789656157039037279,-9.993227511477953,3.9657826889431083,2.1286626078827897,217,1.0,0.00552,good
1789656157139037757,-10.005159538960259,3.9824839326381465,2.126012799238855,216,1.0,0.0063,good
1789656157249040280,-10.017454421551015,4.001926639785328,2.1255015881506054,212,1.0,0.00615,good
1789656157359051825,-10.027249114198177,4.021989735865861,2.126036719316302,221,1.0,0.00499,good
1789656157459048968,-10.038824004690353,4.039907970542995,2.1205457523867786,216,1.0,0.00742,good
1789656157569035690,-10.050151169379445,4.05917328451536,2.1223041363629873,217,1.0,0.00615,good
1789656157669046411,-10.059628074566808,4.0734725598450625,2.1246927915368903,211,1.0,0.00749,good
1789656157769055224,-10.07001654231261,4.0895331015423295,2.129087755328696,218,1.0,0.00468,good
1789656157879040687,-10.082324582231067,4.11012504507093,2.1273143765163134,215,1.0,0.00602,good
1789656157979055520,-10.094423572478084,4.128115280620682,2.1241859086301993,221,1.0,0.00493,good
1789656158079051261,-10.105529573231992,4.147161961512629,2.127809785349966,221,1.0,0.00595,good
1789656158189693470,-10.11823897332984,4.1663517903453995,2.1311064213866198,225,1.0,0.00869,good
1789656158299058697,-10.132082309373926,4.184046169934623,2.1465954893192265,215,1.0,0.00754,good
1789656158399038061,-10.143028310036058,4.196886947480508,2.1714470989644035,220,1.0,0.00918,good
1789656158509084505,-10.15564069296966,4.211177492426393,2.190524911277223,223,1.0,0.01133,good
1789656158609042066,-10.169059546182895,4.2236592550050815,2.214111314561578,219,1.0,0.01146,good
1789656158709042214,-10.180801283606941,4.239944089174408,2.231919409333974,217,1.0,0.00943,good
1789656158809056719,-10.1951280064232,4.254999757549503,2.2522767944196525,223,0.991,0.00901,good
1789656158919065151,-10.20841016573845,4.272639680346922,2.2729113181547724,220,1.0,0.00813,good
1789656159029045310,-10.220269569851352,4.288975553937246,2.2973925406837408,224,1.0,0.00907,good
1789656159129061822,-10.233222517557046,4.3034437640594785,2.3151265350374675,217,1.0,0.00587,good
1789656159239044507,-10.249040714210356,4.3183254811992136,2.33628507686106,221,1.0,0.0088,good
1789656159339034047,-10.262689515569388,4.331971205233374,2.3503701501847982,220,1.0,0.00576,good
1789656159439034183,-10.2776317641606,4.3461004781773,2.3683671037096756,222,1.0,0.0104,good
1789656159549042543,-10.29269527824507,4.36100725371952,2.3926752093477726,220,1.0,0.00622,good
1789656159649043624,-10.309260765851159,4.374847579463515,2.4041053614542154,227,0.9956,0.00603,good
1789656159749105243,-10.325253485093292,4.388493112735366,2.420301647672917,222,1.0,0.01016,good
1789656159859043654,-10.339608281212849,4.404241304896657,2.443996527884331,220,0.9955,0.01104,good
1789656159969033823,-10.35417851621453,4.420356918594405,2.472492771878756,223,1.0,0.00587,good
1789656160069046403,-10.370465477296998,4.433683643423322,2.4961314710443787,222,1.0,0.01029,good
1789656160179022293,-10.389089297575412,4.4470415815787705,2.507071402435505,218,0.9954,0.00489,good
1789656160279035979,-10.40359627127764,4.458340238884813,2.5322050135984364,225,1.0,0.00959,good
1789656160379051813,-10.42131146560014,4.472507655247497,2.545298420593349,225,1.0,0.00945,good
1789656160479044048,-10.438665670451476,4.4830866311734106,2.5645705853184393,225,0.9956,0.00967,good
1789656160589059006,-10.454211150765195,4.495282594191181,2.5859192773269597,223,1.0,0.0103,good
1789656160699047029,-10.473767764826453,4.50681437569969,2.604250361072125,221,0.991,0.00703,good
1789656160799047507,-10.486631958942018,4.514042490042592,2.6246035604016846,221,0.9864,0.0137,good
1789656160909042496,-10.505117317774507,4.525762998414072,2.6489043841806503,219,0.9954,0.01078,good
1789656161009042238,-10.520720341929879,4.535386445470724,2.665559557795989,220,0.9955,0.01167,good
1789656161109041096,-10.53773717459102,4.545350019221204,2.6821592015868054,219,0.9954,0.01074,good
1789656161219052021,-10.559442031999554,4.553634682137321,2.701089823291076,218,1.0,0.01186,good
1789656161319088817,-10.577810278503778,4.562481481319905,2.7190607198351735,216,0.9954,0.00845,good
1789656161419036788,-10.5951228541066,4.571802896310486,2.738804045366316,220,1.0,0.01363,good
1789656161531538601,-10.61577497909878,4.581047753252661,2.7664415199283274,219,1.0,0.01177,good
1789656161629531055,-10.635053586830681,4.589348525647189,2.785668727794089,220,0.9864,0.01051,good
1789656161739118423,-10.654025616187777,4.597386410534197,2.8055995529220628,222,0.991,0.01164,good
1789656161839042350,-10.667976981470632,4.610204882703768,2.82241007620465,218,1.0,0.01171,good
1789656161949050700,-10.685937306871114,4.617914899992676,2.8451364198889464,223,0.9955,0.01043,good
1789656162049053232,-10.703414812497154,4.625755377351747,2.8594794848897886,217,1.0,0.01176,good
1789656162163444317,-10.7248841177184,4.635745371249052,2.8810728339008387,222,0.9955,0.01154,good
1789656162259055569,-10.742426967633413,4.642997360817176,2.895309067545658,216,1.0,0.0093,good
1789656162359064275,-10.761971323103504,4.644838880466405,2.9203989464393474,216,0.9861,0.01045,good
1789656162469057017,-10.78274035969796,4.649893513479645,2.9410381427108723,217,1.0,0.00892,good
1789656162569050811,-10.803620050941344,4.65265498486412,2.948544356589508,213,0.9953,0.00901,good
1789656162679046943,-10.820574261808117,4.65689535432466,2.952178787544459,213,1.0,0.00905,good
1789656162779068801,-10.840261419277722,4.659774478684242,2.953323908890329,218,1.0,0.00895,good
1789656162889056171,-10.858158056156046,4.661936710555632,2.9523588828973413,214,0.9953,0.0086,good
1789656162989087124,-10.879216420876798,4.665102223996833,2.95301630880642,215,1.0,0.00901,good
1789656163089068053,-10.89945584732616,4.667899300909203,2.9564278898026375,216,0.9954,0.00833,good
1789656163199054821,-10.921504951937212,4.672884263936848,2.9527165634113133,213,1.0,0.00681,good
1789656163309043275,-10.94212648264705,4.677944406289659,2.949807205988619,216,1.0,0.00976,good
1789656163409056125,-10.959812828703864,4.681486385932803,2.9531665859801217,209,1.0,0.01074,good
1789656163519042190,-10.980067705938563,4.6855066311251585,2.9574014123630477,210,1.0,0.01026,good
1789656163619046260,-10.998811055442689,4.68910171062333,2.9582170850943514,209,1.0,0.00716,good
1789656163719022395,-11.01721689580842,4.692571845460897,2.9569927306624595,218,0.9954,0.00863,good
1789656163819049343,-11.039282482751124,4.695273235597025,2.9608978236389616,216,1.0,0.01218,good
1789656163929086775,-11.060125005021371,4.69982091502949,2.963245246612839,214,1.0,0.00914,good
1789656164029049589,-11.08113594229326,4.70478095017426,2.960250932355641,210,1.0,0.00735,good
1789656164139064044,-11.102002721329539,4.707700616028569,2.961198775944197,209,1.0,0.00638,good
1789656164239038250,-11.123137446132624,4.71169012472514,2.960165178884536,209,1.0,0.00714,good
1789656164349054668,-11.143496709613794,4.715389322861462,2.95672945272082,204,1.0,0.00929,good
1789656164449033560,-11.164188677120226,4.71927564074294,2.9613682005552313,208,1.0,0.01081,good
1789656164559103106,-11.184006585456569,4.721712064294742,2.9711849272939115,210,1.0,0.00786,good
1789656164659251161,-11.203474595755157,4.72599402888296,2.965814008822809,210,1.0,0.00807,good
1789656164759104108,-11.222376124085653,4.729064043913779,2.9642261607341256,210,1.0,0.00721,good
1789656164869056896,-11.243603364779391,4.732368246461089,2.9626735796637345,206,1.0,0.00725,good
1789656164969050404,-11.262311660673575,4.734598233153283,2.962819015472469,199,1.0,0.00677,good
1789656165079048860,-11.281533203302613,4.7380482251165805,2.9638677282923207,205,1.0,0.00807,good
1789656165179054908,-11.305286846692798,4.742044697074057,2.9628378063878014,207,0.9952,0.0057,good
1789656165289053223,-11.323468125440016,4.74435006107863,2.9616340954750333,208,1.0,0.00674,good
1789656165389045081,-11.343619059632717,4.746029689322013,2.9633469970570463,206,1.0,0.00625,good
1789656165489042978,-11.365903740186505,4.749579520930319,2.9636757160937655,205,1.0,0.01181,good
1789656165599072858,-11.388531715214965,4.755194513126463,2.959735124185827,210,1.0,0.00902,good
1789656165699052028,-11.406723493943707,4.760386692592167,2.9613709959221493,200,1.0,0.00789,good
1789656165809037042,-11.42547375092941,4.764682923967907,2.984956698037081,205,0.9854,0.01044,good
1789656165909056261,-11.442106506157902,4.766576537695198,3.018931319831814,207,1.0,0.01433,good
1789656166009035945,-11.460700024639891,4.766099785994249,3.0430228719065493,208,0.9904,0.01136,good
1789656166119042852,-11.479952697576072,4.769073016395874,3.066287177654957,206,0.9903,0.01526,good
1789656166219043380,-11.499539972072068,4.772370739584666,3.0947881687082894,202,1.0,0.01343,good
1789656166329055066,-11.522191858484575,4.771519586250327,3.125197321844301,206,0.9951,0.01895,good
1789656166429040589,-11.541885706658219,4.773898853795616,-3.1386880662884185,201,1.0,0.00957,good
1789656166539039031,-11.561177340179048,4.774768592803594,-3.1048116966412866,209,1.0,0.01314,good
1789656166639043301,-11.581783327078385,4.773548240086702,-3.076065821968318,208,0.9952,0.0098,good
1789656166739037012,-11.599474981812687,4.7705163318191,-3.0444020009937023,207,0.9952,0.01271,good
1789656166849042900,-11.6218963630041,4.771352026914797,-3.0256721588876996,203,1.0,0.0156,good
1789656166949086237,-11.63971265844744,4.766698093681939,-2.9956028476864565,199,0.995,0.01429,good
1789656167059054917,-11.657185095935576,4.7606019884021995,-2.951865838018565,214,1.0,0.01206,good
1789656167159042444,-11.6747225082953,4.759101691912635,-2.9313759942120146,212,0.9953,0.01223,good
1789656167269069225,-11.695681582260764,4.752643255622943,-2.9050121999299328,209,1.0,0.01278,good
1789656167369043285,-11.714537379382675,4.748381845277363,-2.879529777009734,211,0.9905,0.01445,good
1789656167469067896,-11.732852184468724,4.743529909925204,-2.8458297673122708,208,0.9952,0.00921,good
1789656167579048979,-11.75493806431029,4.7388631580205764,-2.8130069667660442,207,1.0,0.00804,good
1789656167679033745,-11.773964451567306,4.729977525136696,-2.792873360639207,202,0.995,0.00974,good
1789656167779035387,-11.795042296003245,4.719061547577791,-2.778410150925064,198,1.0,0.00927,good
1789656167889039162,-11.815438082978472,4.71274611251615,-2.776796052118558,205,1.0,0.00865,good
1789656167999023431,-11.83666914217191,4.702750066044702,-2.771061301186035,206,1.0,0.00696,good
1789656168099072582,-11.853723308708265,4.69450396793866,-2.771052138081927,206,0.9903,0.00944,good
1789656168209041588,-11.873474383634868,4.6859319832027735,-2.768143690831724,205,1.0,0.00726,good
1789656168309035842,-11.891458053110902,4.678226117545336,-2.7701682307153903,198,1.0,0.00989,good
1789656168409042711,-11.910257762497537,4.672014809266554,-2.771192433527717,204,1.0,0.00779,good
1789656168519028241,-11.93093194812102,4.662369799013028,-2.7671108363607604,208,1.0,0.00887,good
1789656168619044076,-11.947252098302073,4.655917189811081,-2.769475457721694,202,1.0,0.00962,good
1789656168729061300,-11.967859205559586,4.646855758764745,-2.7672750648294877,207,1.0,0.00689,good
1789656168829049404,-11.985680902051282,4.641397604866583,-2.7699675998852387,205,1.0,0.00906,good
1789656168939055273,-12.00774600873169,4.6324216509725735,-2.763973493934243,202,1.0,0.00609,good
1789656169039041447,-12.024500017747515,4.624822284478367,-2.7609170363034887,206,1.0,0.00785,good
1789656169139026408,-12.041797167558215,4.62050966099626,-2.7602817630721,204,1.0,0.00807,good
1789656169249037577,-12.063994291983077,4.611817686790284,-2.758973570106475,211,1.0,0.00616,good
1789656169349033931,-12.081213130597364,4.605399421811103,-2.7609179143895437,207,1.0,0.00684,good
1789656169459044970,-12.102940956601772,4.596593071178756,-2.759233915344667,200,1.0,0.00782,good
1789656169559008906,-12.12028552261513,4.587411816952864,-2.7542020392211284,203,1.0,0.00539,good
1789656169669042489,-12.142073100063993,4.578595865358099,-2.755649409019442,207,1.0,0.00595,good
1789656169763103282,-12.16085211538222,4.57025112759295,-2.755247081056214,200,0.99,0.00495,good
1789656169879033433,-12.183820319885543,4.560351396997164,-2.7566299905435123,201,1.0,0.00969,good
1789656169979044494,-12.201479849656662,4.553411661854137,-2.7585169621362673,209,1.0,0.00947,good
1789656170079038258,-12.21856968505639,4.546354553979117,-2.7599802195767094,202,1.0,0.00693,good
1789656170179036563,-12.236825043139017,4.54111404437153,-2.755182354017722,205,1.0,0.00641,good
1789656170289051367,-12.253628557900537,4.532742914707057,-2.7561388567798475,206,1.0,0.00891,good
1789656170389092834,-12.271867779838047,4.525085187224323,-2.75398374748484,206,1.0,0.01113,good
1789656170499048435,-12.292426448073488,4.517805625247579,-2.7545564873569197,203,1.0,0.00932,good
1789656170599092847,-12.311100737201043,4.509617432573204,-2.752862367705457,202,1.0,0.01014,good
1789656170709045484,-12.329747649833143,4.501952211885485,-2.7574527933564204,190,1.0,0.00763,good
1789656170809063073,-12.347771516833763,4.49285724683012,-2.7571065990657964,196,1.0,0.00989,good
1789656170919040440,-12.369605999245987,4.483868482859371,-2.760958026577551,200,1.0,0.01054,good
1789656171019074890,-12.387732638581252,4.477120857667546,-2.7620818939008602,204,1.0,0.00766,good
1789656171119057496,-12.408625542391931,4.467045913746844,-2.758425976915541,200,1.0,0.00728,good
1789656171229052022,-12.428674397018947,4.460355951245544,-2.760162744994318,203,1.0,0.00826,good
1789656171330621589,-12.447390406428468,4.454057039406867,-2.758465465404118,204,1.0,0.00924,good
1789656171429057524,-12.466623122164515,4.447114656549668,-2.7596625607046845,201,1.0,0.00938,good
1789656171539080466,-12.48592316571604,4.437765116502541,-2.758765372638962,205,1.0,0.00955,good
1789656171639054200,-12.505741387676034,4.431302460872273,-2.7553730665037834,203,0.9951,0.01242,good
1789656171749060118,-12.527726906448482,4.419928666939662,-2.7522657476130825,205,0.9951,0.00748,good
1789656171849058803,-12.544712519514244,4.4133070503808,-2.7495059342449855,200,0.995,0.0087,good
1789656171959079634,-12.560101233259587,4.405742470767489,-2.750306304739819,200,1.0,0.00966,good
1789656172059062178,-12.580956587970888,4.398435520425814,-2.7467913409179983,206,1.0,0.00985,good
1789656172159031791,-12.598559782035244,4.393459529093107,-2.7499971984938285,203,1.0,0.00961,good
1789656172269127225,-12.617763558415293,4.386640195137579,-2.7530977927396934,209,1.0,0.00944,good
1789656172369047842,-12.634279879523481,4.377173955315301,-2.755165285664543,208,1.0,0.00854,good
1789656172469046353,-12.652976170908715,4.368747776481267,-2.7502118460867098,197,1.0,0.01065,good
1789656172579047426,-12.672259727267992,4.361102573648735,-2.755079041056209,206,1.0,0.00896,good
1789656172679008203,-12.692566570911021,4.353664581960936,-2.747721012046284,203,1.0,0.01012,good
1789656172789046954,-12.711990849822376,4.345317844798872,-2.7529667105765734,204,1.0,0.00734,good
1789656172889085606,-12.729873289105807,4.336093726816119,-2.7528981201300176,206,1.0,0.0065,good
1789656172999054410,-12.747945590621098,4.326359928259009,-2.746870592071915,199,1.0,0.00818,good
1789656173099063426,-12.768166773137288,4.319188470911795,-2.7458081156725695,208,1.0,0.01011,good
1789656173209054488,-12.787239047977598,4.312297380191935,-2.7483430824588626,205,1.0,0.00756,good
1789656173309040044,-12.807783612630551,4.304174620641005,-2.7479215818380593,198,1.0,0.00898,good
1789656173409034195,-12.823135897928458,4.295303840218101,-2.745130823541281,211,1.0,0.01029,good
1789656173509036664,-12.839131505058882,4.28699598155249,-2.7387609880264887,206,1.0,0.00877,good
1789656173619033746,-12.860134169240226,4.277085920685577,-2.7403866136271184,210,1.0,0.01071,good
1789656173719039715,-12.877614102183768,4.271553857960702,-2.7398181310352263,206,1.0,0.00625,good
1789656173829037593,-12.898577949590022,4.260020291904722,-2.7446569937154073,205,1.0,0.00802,good
1789656173929058363,-12.913835270000051,4.253947805638998,-2.7410700441441627,210,1.0,0.00856,good
1789656174039055889,-12.934818958873052,4.2439511701408,-2.7427887091897953,208,1.0,0.01033,good
1789656174139036476,-12.952980896356134,4.236263967325976,-2.7418804303471793,213,1.0,0.00909,good
1789656174239064614,-12.97221948634663,4.229540559477028,-2.7375949601121805,205,1.0,0.0088,good
1789656174349084529,-12.993715862551829,4.221315203755058,-2.743318873399663,210,1.0,0.00848,good
1789656174449036293,-13.008912587535605,4.2133567385850945,-2.7436165960475125,205,1.0,0.00968,good
1789656174549047685,-13.03104224611764,4.204266812300731,-2.7395734794953484,204,1.0,0.00741,good
1789656174659070138,-13.052728878143494,4.196174850059946,-2.7383234876660643,210,1.0,0.00685,good
1789656174759263692,-13.07064137177461,4.18817171132278,-2.741349783909302,205,1.0,0.0088,good
1789656174859145159,-13.091250798967657,4.18039246843557,-2.7482271194474026,205,1.0,0.00631,good
1789656174969046410,-13.110305223646108,4.173821311893479,-2.7521608891814298,213,1.0,0.00669,good
1789656175069272227,-13.129075215106834,4.1660845017444075,-2.7510829103712178,215,0.9953,0.00859,good
1789656175179034527,-13.150960835161182,4.157198597730103,-2.754011286348998,208,1.0,0.00902,good
1789656175279054085,-13.170568053699736,4.1498766066,-2.753036992885182,207,1.0,0.00736,good
1789656175389043153,-13.193030897532365,4.146008554557847,-2.752185329329711,208,1.0,0.01286,good
1789656175489042446,-13.211497001714203,4.135028242931068,-2.7487411648073428,209,1.0,0.01093,good
1789656175599048148,-13.231644785887513,4.126444577518629,-2.7453800787087386,205,0.9951,0.00981,good
1789656175699060741,-13.24972529845618,4.116067047540153,-2.7426017365368804,204,1.0,0.0109,good
1789656175799045067,-13.268941635475867,4.112035304925786,-2.7470439173073173,208,1.0,0.00811,good
1789656175909037747,-13.287921712000946,4.103114308294597,-2.7430996900754856,208,1.0,0.00811,good
1789656176009053070,-13.305042262994075,4.094007240695863,-2.7430742127036143,212,1.0,0.00729,good
1789656176109039839,-13.323124347399792,4.086580896635031,-2.7489919429620002,209,1.0,0.00715,good
1789656176219045075,-13.3439238609224,4.076429393361584,-2.7480113571699087,216,1.0,0.01049,good
1789656176319050257,-13.3620935354532,4.068548356026435,-2.7525823814701678,207,1.0,0.00872,good
1789656176429071571,-13.38198561145118,4.0607794034032825,-2.748826780978601,211,1.0,0.00768,good
1789656176529080736,-13.401277725900307,4.052962399858281,-2.744431759169723,212,1.0,0.00904,good
1789656176639082063,-13.420616466397204,4.04512057380826,-2.748319333358736,199,1.0,0.00629,good
1789656176739056163,-13.442893577580787,4.038088097690493,-2.736973623022616,202,1.0,0.01011,good
1789656176839063512,-13.46384422921291,4.029858010806943,-2.744235306472144,208,0.9952,0.01152,good
1789656176949033757,-13.483998008063677,4.024378142797762,-2.766574437115072,212,1.0,0.00667,good
1789656177049047459,-13.505881124800732,4.014863504347739,-2.7814779183882985,211,1.0,0.01314,good
1789656177159049063,-13.527017927297768,4.0103346187478905,-2.8026763360586395,213,1.0,0.01367,good
1789656177259402749,-13.544680740171838,4.003302860434422,-2.831988857912755,208,1.0,0.00973,good
1789656177369263350,-13.565018771428713,3.996248872215387,-2.850093570104792,209,1.0,0.00785,good
1789656177469118528,-13.586003035385177,3.9915009661793657,-2.8683184934843333,216,0.9954,0.00711,good
1789656177569036965,-13.60549736335027,3.9850565640507387,-2.885569718264514,212,1.0,0.00853,good
1789656177679037086,-13.62618534977238,3.9781831469415287,-2.8992724841875974,210,0.9952,0.0105,good
1789656177779052290,-13.646024927756683,3.971682628667538,-2.918807467605572,212,0.9953,0.00995,good
1789656177879046043,-13.665144297377388,3.9672798966983707,-2.9419608298832203,209,0.9952,0.01423,good
1789656177989113313,-13.685342545982046,3.9621438761389514,-2.959773509726696,204,0.9951,0.00885,good
1789656178089047284,-13.701646668363214,3.959395249221478,-2.9857656221761393,208,1.0,0.0096,good
1789656178189039168,-13.720567187572334,3.9599484091466692,-3.0077228196744565,207,1.0,0.01055,good
1789656178299107883,-13.74316750803523,3.959120077152929,-3.025323341127264,206,1.0,0.00686,good
1789656178399045234,-13.762378463045218,3.957427336779233,-3.048275384782586,206,0.9951,0.00722,good
1789656178509029814,-13.78436761583894,3.9553379224416814,-3.0667830751429213,209,0.9952,0.01103,good
1789656178609049058,-13.804206794421573,3.954174878317891,-3.085035418691238,205,0.9951,0.00803,good
1789656178719048698,-13.827982381568567,3.954169498600522,-3.1037061575283,204,1.0,0.00972,good
1789656178819047880,-13.847707559336113,3.9523862474312574,-3.1219164123691137,206,1.0,0.00774,good
1789656178919042895,-13.867471636407666,3.951252098611299,3.138587104534115,210,1.0,0.00913,good
1789656179029114715,-13.8897126004971,3.9522846293620297,3.1194688442770873,209,1.0,0.00857,good
1789656179129046660,-13.906671905696651,3.952998685731794,3.1003650455273006,216,1.0,0.00855,good
1789656179229079078,-13.927121151214587,3.9545867343637044,3.0810851253522635,213,1.0,0.01039,good
1789656179339044970,-13.947584638222796,3.9567605419633107,3.0616265616471807,206,1.0,0.00811,good
1789656179439084519,-13.967453602573435,3.9546449159493022,3.0370633922461168,212,1.0,0.00787,good
1789656179539096041,-13.986675808543374,3.9554946156351907,3.0219256114672404,211,1.0,0.00896,good
1789656179649056339,-14.009629529639723,3.9567117152563593,3.0001752825416466,208,1.0,0.01073,good
1789656179749036927,-14.030889073633164,3.9615603663781433,2.98115572604259,214,1.0,0.01059,good
1789656179859052722,-14.050757280852794,3.9650263975207825,2.9563524577426556,209,1.0,0.00955,good
1789656179959053242,-14.069255074299475,3.9697308689435054,2.9315838491072714,211,1.0,0.00813,good
1789656180069044277,-14.085723065080897,3.97436274973287,2.914502783426509,209,1.0,0.00915,good
1789656180169119766,-14.099755700569531,3.981339308476128,2.927809396677667,210,1.0,0.01139,good
1789656180269071630,-14.115450668419538,3.984659233148194,2.9442813910028303,209,1.0,0.01024,good
1789656180379043860,-14.130920511048084,3.990178699399082,2.9579225183427726,212,1.0,0.0095,good
1789656180479180144,-14.148449708850483,3.993887469495137,2.975567962431709,206,1.0,0.00905,good
1789656180579037926,-14.167245674498504,3.99614332063904,2.993505527722714,208,1.0,0.01022,good
1789656180679239524,-14.186323287129474,4.003230103803593,3.011231974829164,210,1.0,0.00934,good
1789656180789056528,-14.207345859105786,4.009001033439008,3.0331708107951747,210,1.0,0.00777,good
1789656180889049643,-14.22323032335349,4.0115464826850635,3.043057828980147,202,1.0,0.00958,good
1789656180989037664,-14.241203540555754,4.012796336674771,3.0652503734093903,210,1.0,0.01062,good
1789656181099048994,-14.264231449299555,4.01756844347388,3.088234311406192,208,1.0,0.01092,good
1789656181199060047,-14.283167386502479,4.017558922515501,3.111785627248342,205,1.0,0.01179,good
1789656181309039563,-14.307601793210257,4.018931534746577,3.139211143127811,202,1.0,0.007,good
1789656181409042391,-14.32537771641062,4.020256237421943,-3.12853834905772,212,1.0,0.01198,good
1789656181519025315,-14.346807347675522,4.019871887627473,-3.1068413926151077,211,1.0,0.00825,good
1789656181619036145,-14.363643318266952,4.02014465604971,-3.0844650170862837,213,1.0,0.0099,good
1789656181729064230,-14.385781468603383,4.017739226325261,-3.0630746753510296,206,1.0,0.00906,good
1789656181829045033,-14.403097021449703,4.016900211360483,-3.045914469960184,206,1.0,0.01126,good
1789656181929054993,-14.422893557394442,4.016963465142471,-3.0255914138487263,208,1.0,0.01057,good
1789656182039051314,-14.447103314436449,4.012937210883224,-3.0080392632584902,207,1.0,0.0071,good
1789656182139068468,-14.46532434445847,4.0114552137913995,-2.985999228513431,217,1.0,0.00915,good
1789656182249035581,-14.488005329207134,4.007450550661816,-2.9703052103388576,210,1.0,0.00732,good
1789656182349035453,-14.505284372572111,4.003730937504965,-2.9513821407779735,206,0.9951,0.01099,good
1789656182449061221,-14.522958938509648,3.9998858907279624,-2.9313104688468115,206,1.0,0.00726,good
1789656182559046042,-14.544028051545618,3.993593721445351,-2.9063398309746526,209,1.0,0.00849,good
1789656182659003996,-14.564841873807373,3.9895894406352754,-2.8891409226617637,212,1.0,0.00735,good
1789656182769053593,-14.586870303971942,3.984981733279484,-2.868000288708234,209,1.0,0.00941,good
1789656182869058763,-14.60563311588032,3.9797115617217034,-2.8489798621904363,204,1.0,0.0062,good
1789656182969082308,-14.622063918160238,3.9729894273272435,-2.8355737610364042,207,1.0,0.01195,good
1789656183079050144,-14.642932759578184,3.966889402388167,-2.8066220476741726,208,1.0,0.01143,good
1789656183179035133,-14.663470388681935,3.9615446073879013,-2.793531788602053,203,1.0,0.00804,good
1789656183279074248,-14.684342141046683,3.955183850222888,-2.782838025689621,205,1.0,0.00833,good
1789656183379033545,-14.704551039077751,3.9464887251451044,-2.7863565647655526,203,0.9951,0.01315,good
1789656183489071036,-14.724533260551738,3.940744390469168,-2.787794669901037,205,1.0,0.00636,good
1789656183589050617,-14.744462326453295,3.9343779196588855,-2.780130682427077,207,1.0,0.00773,good
1789656183699044578,-14.76398945964662,3.9259911237402028,-2.7796317996305944,208,1.0,0.00811,good
1789656183799070096,-14.783015554318276,3.9174416856023737,-2.7782621184001006,205,1.0,0.00858,good
1789656183909042533,-14.802046700586926,3.9118591345491285,-2.773542016468008,201,0.995,0.00738,good
1789656184009033420,-14.820906091601291,3.903251389852059,-2.7743588295146266,204,1.0,0.00839,good
1789656184119046656,-14.83806564792424,3.894210641210102,-2.7753450380695854,202,1.0,0.01038,good
1789656184219109900,-14.856701800582673,3.886899273503906,-2.7778347051757795,203,1.0,0.00892,good
1789656184319032587,-14.876802025099908,3.879488640106417,-2.775797533097893,207,1.0,0.00845,good
1789656184429056419,-14.901509136748093,3.8725888558242416,-2.770376525495208,204,1.0,0.01033,good
1789656184529038585,-14.921302118817012,3.862962799285042,-2.7738094329272878,206,1.0,0.00942,good
1789656184629039719,-14.937485257457869,3.857068060663709,-2.779291995360839,203,1.0,0.00897,good
1789656184739062254,-14.959652844787515,3.8490533703572103,-2.773503280805569,199,1.0,0.0077,good
1789656184839052052,-14.977335638322849,3.8440626130573454,-2.7762472928353623,199,0.995,0.00715,good
1789656184949055155,-14.999244486847882,3.8346867992254823,-2.776046783311118,203,1.0,0.00946,good
1789656185049024138,-15.016732467411206,3.828384954470579,-2.775383800975846,191,1.0,0.01265,good
1789656185159092919,-15.037874732316252,3.821098757745661,-2.7750997679091065,208,1.0,0.00841,good
1789656185259043664,-15.059220107803771,3.8165822807272316,-2.770402401303673,204,1.0,0.00821,good
1789656185359043032,-15.079190925682191,3.8100527531412434,-2.7700091419612964,207,1.0,0.00905,good
1789656185469040832,-15.096738672096102,3.8008043428696343,-2.778586957502501,204,1.0,0.01157,good
1789656185569049777,-15.112785773148415,3.793174823441119,-2.783503157253363,211,1.0,0.00676,good
1789656185669052035,-15.13128298113754,3.788043223816563,-2.773717349720677,199,1.0,0.00921,good
1789656185779042833,-15.149649418248686,3.7788336886815452,-2.7832292475574416,206,1.0,0.00751,good
1789656185879009637,-15.170423379522251,3.7733490564656726,-2.7799094414184813,207,1.0,0.00753,good
1789656185989041520,-15.191230806394866,3.764776433991424,-2.782648055919953,200,1.0,0.00821,good
1789656186089046505,-15.210082271501534,3.759117020246073,-2.776981172277632,197,1.0,0.00775,good
1789656186199045485,-15.230175189023754,3.750281310935027,-2.7818784718695615,202,1.0,0.00818,good
1789656186299037551,-15.251387414822423,3.744151085231274,-2.777634017578443,198,1.0,0.00821,good
1789656186409041718,-15.269209908330906,3.736678934118709,-2.7807820768752043,204,1.0,0.00724,good
1789656186509039600,-15.287555367292637,3.729428736229024,-2.7821852492455843,197,1.0,0.00605,good
1789656186609053764,-15.30767214736329,3.719832325237651,-2.7861809231731924,199,0.995,0.00723,good
1789656186709043922,-15.324674232343087,3.7130055677257037,-2.787386331719481,196,1.0,0.00679,good
1789656186819042606,-15.34439152506713,3.7076787274126106,-2.788570998455835,197,0.9949,0.00791,good
1789656186919049769,-15.361216726976702,3.701578241486667,-2.7848183381202727,194,1.0,0.00871,good
1789656187029047163,-15.378967344525064,3.6935218305014677,-2.780229639435575,204,1.0,0.00973,good
1789656187129062584,-15.39656834350815,3.684311276744149,-2.78039696210316,203,1.0,0.00707,good
1789656187239050150,-15.41699867369147,3.675907392128031,-2.7794678386037703,198,1.0,0.00779,good
1789656187339214165,-15.434419472919977,3.668444971234096,-2.779135189329707,195,1.0,0.00717,good
1789656187449094204,-15.455030541110458,3.660058934378511,-2.7750468782633537,198,0.9949,0.00962,good
1789656187549042404,-15.473860332556042,3.6501549743435637,-2.7756361615374736,210,1.0,0.00807,good
1789656187649050545,-15.490540615090607,3.6408302614381105,-2.7794080146098206,197,1.0,0.00581,good
1789656187749046053,-15.508509784707405,3.632420889266905,-2.777882572037828,195,1.0,0.00624,good
1789656187859052569,-15.526451891720797,3.6237403342700256,-2.7789506085744877,194,1.0,0.00898,good
1789656187959061359,-15.547486987677017,3.615318734569262,-2.7794617681800826,199,1.0,0.00959,good
1789656188069053711,-15.566666917620896,3.607164678509534,-2.7718951427506857,200,1.0,0.00809,good
1789656188169071465,-15.585683275088313,3.599032049816225,-2.7683811655885515,199,1.0,0.00699,good
1789656188279042173,-15.604969573488635,3.5926772673420198,-2.770445368867805,201,1.0,0.00674,good
1789656188379044812,-15.623736632935639,3.5848800696918715,-2.771850031623747,200,1.0,0.01013,good
1789656188489050437,-15.646707613518668,3.5763241233698184,-2.773389891713436,201,1.0,0.00892,good
1789656188589079360,-15.664340768071526,3.5642592358407805,-2.7803408668377982,199,1.0,0.00908,good
1789656188689051620,-15.685743757055407,3.556730609219301,-2.7786654337699193,202,1.0,0.01381,good
1789656188799063469,-15.70444238457911,3.546643308523996,-2.785131801262689,200,1.0,0.00881,good
1789656188899086816,-15.725461877832462,3.5366675146046958,-2.7871926559099576,194,1.0,0.01066,good
1789656188999042757,-15.743234649212502,3.53165317160744,-2.7850428804701517,198,0.9949,0.00946,good
1789656189109038184,-15.76412093251783,3.5220814343519766,-2.7833826838740574,198,0.9949,0.01196,good
1789656189209011556,-15.782059930625362,3.515824941940062,-2.7735024428417794,206,0.9951,0.01235,good
1789656189319041242,-15.799734597859521,3.5068759109649186,-2.780675427019463,207,1.0,0.01119,good
1789656189419037638,-15.818073674249314,3.5014875838594826,-2.7808877970641652,209,1.0,0.00939,good
1789656189529071919,-15.838718023185795,3.494651676370778,-2.7827373057695857,199,1.0,0.01172,good
1789656189629054367,-15.855174193781234,3.489560228636348,-2.7737645738772554,209,0.9952,0.00946,good
1789656189729039149,-15.873331465754672,3.4824492481016764,-2.7749941766002464,203,0.9951,0.01054,good
1789656189839052887,-15.890905343699611,3.4739243041211365,-2.7844186047796,204,0.9951,0.01196,good
1789656189939114596,-15.906223373348608,3.467661777426157,-2.780050205562873,206,1.0,0.00937,good
1789656190039161272,-15.922486000753624,3.4597664916502437,-2.7827482769009793,208,0.9856,0.00723,good
1789656190149042034,-15.946022105800015,3.4506805383417443,-2.7812437717903076,201,1.0,0.01041,good
1789656190249036783,-15.965266552920433,3.4445276035617054,-2.7775065451025682,209,0.9952,0.01061,good
1789656190359052153,-15.98138112254317,3.4378436546804805,-2.7761306656380613,204,1.0,0.0092,good
1789656190459041715,-16.000501825920235,3.4304378219465117,-2.7796832764804136,199,1.0,0.01048,good
1789656190568992976,-16.01944192651604,3.4242782910199656,-2.7825930939667716,204,1.0,0.01172,good
1789656190669024549,-16.037256743368086,3.4162912621754717,-2.7842316550509367,212,1.0,0.0113,good
1789656190769070237,-16.054384052323403,3.4102451319141363,-2.7868512806077628,211,1.0,0.00782,good
1789656190879032130,-16.072892547080176,3.4034773334530097,-2.783034169579103,206,0.9951,0.01412,good
1789656190979033955,-16.088565826319247,3.3940339251421405,-2.7830189279929884,205,1.0,0.01131,good
1789656191079045237,-16.108383335060523,3.388118923603422,-2.788143337629832,209,1.0,0.0111,good
1789656191189040123,-16.128389031608513,3.3807026917860674,-2.791240100872343,210,0.9952,0.01283,good
1789656191289081146,-16.147100068531717,3.3764052523874026,-2.7877300930295026,211,0.9858,0.00942,good
1789656191399041301,-16.171453228206108,3.369626452417179,-2.782249802715599,202,0.995,0.01062,good
1789656191499049871,-16.189326708724305,3.3613153700808263,-2.787604961590589,208,1.0,0.01267,good
1789656191609038589,-16.20970098221889,3.354607286380785,-2.7924474732225693,209,0.9904,0.00909,good
1789656191709049493,-16.22671967011032,3.345351562057134,-2.801236409782705,208,0.9952,0.01058,good
1789656191819036841,-16.24264246577315,3.338538778550892,-2.7879095492280532,208,0.9952,0.01254,good
1789656191919138582,-16.256854007840342,3.3319163572399813,-2.768673835810103,202,1.0,0.0162,good
1789656192019061787,-16.276474637737703,3.324451867943358,-2.750233757973104,207,1.0,0.01483,good
1789656192119057007,-16.298426356070326,3.3173425288281697,-2.7276135869581255,204,0.9951,0.01427,good
1789656192229046767,-16.317702114712286,3.307512280655625,-2.711159255847402,208,1.0,0.01476,good
1789656192329196691,-16.33538704596951,3.3011917897049337,-2.683403001816551,206,0.9951,0.01212,good
1789656192439074905,-16.35529543488353,3.2926343344123343,-2.662164485980806,206,0.9951,0.01267,good
1789656192539076014,-16.37469020993999,3.2835749469420668,-2.6577393921414565,208,0.9952,0.01233,good
1789656192649120566,-16.39257495119431,3.2741373378868284,-2.6375897848276972,205,1.0,0.00955,good
1789656192749039470,-16.41037245733036,3.264959060228326,-2.609710922344272,208,0.9952,0.01134,good
1789656192859071722,-16.425108458936464,3.254027509034201,-2.5906586647428114,213,1.0,0.01333,good
1789656192959057105,-16.442678272694906,3.2446997258179793,-2.5748570961763413,213,1.0,0.01257,good
1789656193059044463,-16.458692642151675,3.236998579698393,-2.5515065573713094,206,1.0,0.01268,good
1789656193169058569,-16.472193873131683,3.22416794055752,-2.5352242750409295,211,0.9905,0.01428,good
1789656193269056128,-16.490049735881968,3.2138802491035596,-2.5095004293802825,203,0.9901,0.01594,good
1789656193379039022,-16.505754766744154,3.2016392308933015,-2.4915307379464755,210,1.0,0.01506,good
1789656193479038452,-16.52193654485987,3.1886395239080882,-2.4584315430934183,201,1.0,0.01294,good
1789656193589056799,-16.535652140695703,3.1756306063234545,-2.413546667428269,211,1.0,0.01394,good
1789656193689421153,-16.54806364563294,3.1629258627261114,-2.382719855120774,211,1.0,0.01369,good
1789656193789055640,-16.561844117039183,3.151077749247438,-2.3419758894595204,206,1.0,0.014,good
1789656193899064597,-16.576450855842513,3.1367568495059204,-2.3032598952394423,207,1.0,0.01019,good
1789656193999047559,-16.586420638085215,3.1198629495801447,-2.2656908453572466,210,1.0,0.01249,good
1789656194109054927,-16.596413790810637,3.104583585338904,-2.2276583068806493,213,0.9953,0.01355,good
1789656194209110970,-16.607120672700805,3.0881390918726375,-2.1863767354984476,211,1.0,0.01539,good
1789656194319008536,-16.617563928623976,3.0718169067718075,-2.141648661768665,213,0.9859,0.01264,good
1789656194419050076,-16.62602274011868,3.056958720885492,-2.1102781085249327,211,0.9953,0.01719,good
1789656194529085843,-16.639221353962196,3.040003614849702,-2.063294546151259,208,0.9904,0.01634,good
1789656194629061218,-16.64996668474991,3.02230139038324,-2.0232020656020353,212,1.0,0.01854,good
1789656194729040928,-16.657137378152385,3.004402035195831,-1.9783370736488595,207,0.9952,0.0142,good
1789656194839015198,-16.664590950547918,2.984104688992878,-1.9424029491281127,209,0.9856,0.01452,good
1789656194939082948,-16.671913541638816,2.966318454929775,-1.902275048883766,211,0.9953,0.01863,good
1789656195039047357,-16.675044608045273,2.9498966993326716,-1.8593364679006472,210,0.9905,0.01774,good
1789656195149069204,-16.67783423282126,2.930528792211471,-1.824305279401502,215,0.986,0.01614,good
1789656195249036067,-16.680233700320144,2.9158210380273273,-1.7833800129288184,214,0.9907,0.01596,good
1789656195359060878,-16.685800768334165,2.896405120112745,-1.7445712743097312,213,1.0,0.01863,good
1789656195459066695,-16.691951909561432,2.876445614140308,-1.7051033041960102,215,1.0,0.01681,good
1789656195569047310,-16.698830591743967,2.8565812472811487,-1.6670802416408466,211,1.0,0.01573,good
1789656195669040846,-16.707977458428765,2.838644921515515,-1.6277130816480538,211,0.9953,0.0133,good
1789656195769055980,-16.71539844413066,2.822473126927367,-1.6031468949823522,209,1.0,0.0135,good
1789656195879047190,-16.717477801057207,2.8036318431833473,-1.5952709231898423,211,1.0,0.00881,good
1789656195979034966,-16.72024411048207,2.785273456414734,-1.5943082117274214,217,1.0,0.00944,good
1789656196089056151,-16.722026821790585,2.7646589226310074,-1.5969570380679523,212,1.0,0.01004,good
1789656196189041584,-16.724178296224228,2.7435305129563448,-1.5966783847588497,212,1.0,0.00952,good
1789656196299050809,-16.72915154829992,2.7201243514106603,-1.5919673662606704,208,1.0,0.00995,good
1789656196399043411,-16.733052603868778,2.6983495138653435,-1.5973367655762944,213,1.0,0.01184,good
1789656196499045996,-16.73928440487824,2.6816349639832398,-1.595860163305119,205,0.9902,0.01179,good
1789656196609069595,-16.737734636405023,2.6605510229905542,-1.5915342322878347,212,1.0,0.01181,good
1789656196709015834,-16.73943076557949,2.642332993059379,-1.5888292992805566,215,1.0,0.01054,good
1789656196809061652,-16.738624974823555,2.6221478426812856,-1.5964460217645924,204,0.9951,0.00932,good
1789656196919030497,-16.73885607444055,2.599767546915767,-1.6000014536015608,213,0.9953,0.01082,good
1789656197019039001,-16.744226844632973,2.5812242550566347,-1.6010299177356606,206,0.9951,0.01019,good
1789656197129050850,-16.747601396165095,2.5583407438788552,-1.5950647815446202,214,1.0,0.0108,good
1789656197229091771,-16.74530856294109,2.5406804641686715,-1.599321940631935,214,1.0,0.01575,good
1789656197335399139,-16.744180808638482,2.5205866979154887,-1.5972781209054878,212,1.0,0.01124,good
1789656197439052889,-16.746536784156966,2.5006901601441824,-1.5988859122189292,209,1.0,0.01514,good
1789656197549038029,-16.745380386880687,2.4770330547037767,-1.5956849851375934,212,1.0,0.00918,good
1789656197649036198,-16.74369421677484,2.456500052153483,-1.5938075576447306,209,1.0,0.01198,good
1789656197749051965,-16.744248384464615,2.437079313681903,-1.5983233086834743,211,0.9953,0.01179,good
1789656197849051098,-16.74866921431286,2.414042516108144,-1.5985797043281063,208,1.0,0.01001,good
1789656197959060909,-16.75028690076474,2.394066331726141,-1.5987896089999227,207,1.0,0.01061,good
1789656198059012639,-16.753590471697382,2.3718393919476437,-1.6013231943084956,208,0.9952,0.01226,good
1789656198169065641,-16.75431684284398,2.35162070178972,-1.6014069491677037,214,1.0,0.0105,good
1789656198269065342,-16.756718075891413,2.332046939737318,-1.592148020713328,202,0.995,0.00982,good
1789656198369056319,-16.75760791157339,2.3086454483033543,-1.5933886080195132,212,0.9953,0.01362,good
1789656198479055309,-16.755984094457975,2.288472527195566,-1.5990578698338018,216,1.0,0.01067,good
1789656198579036080,-16.758653088428964,2.266622145443834,-1.5972092489334584,217,0.9954,0.00981,good
1789656198689043053,-16.760606964528744,2.245491626819997,-1.5944088760902082,210,1.0,0.0093,good
1789656198789042846,-16.76087651039581,2.2240995583531045,-1.5939460327267592,209,1.0,0.01159,good
1789656198899048523,-16.761423383986678,2.2037138196208135,-1.5963175569480248,219,0.9954,0.01338,good
1789656198999057800,-16.760156964604406,2.1822285561879573,-1.5971609707739314,215,0.9953,0.01302,good
1789656199099066395,-16.75860626581422,2.1624760688948097,-1.5972347790657777,216,0.9815,0.01413,good
1789656199199042105,-16.76106911665974,2.1437102746743877,-1.595531020686858,205,0.9951,0.01216,good
1789656199309040258,-16.759807028464305,2.125359935174417,-1.594525418343981,219,0.9954,0.01252,good
1789656199409019579,-16.76135324379361,2.107018063264418,-1.5959585034909358,221,0.991,0.01121,good
1789656199519062465,-16.76052896713398,2.0835024289796302,-1.5957460559396959,210,1.0,0.01504,good
1789656199618989385,-16.760827874848566,2.0632404868196272,-1.594447061995851,212,1.0,0.01556,good
1789656199729390485,-16.763000903957572,2.042353003538026,-1.5895997470891408,212,1.0,0.01289,good
1789656199829108523,-16.765173986388085,2.0202350983765007,-1.591675576752696,216,1.0,0.01385,good
1789656199939383778,-16.765446734832004,1.9993688737032271,-1.5938322645113845,215,1.0,0.01451,good
1789656200038997341,-16.76570729823978,1.9803394832881467,-1.593411817607125,213,1.0,0.0182,good
1789656200139117304,-16.764557596348435,1.962248064182341,-1.5934597891013669,207,1.0,0.01299,good
1789656200249055608,-16.765537348708804,1.9411562043545703,-1.5976362231726553,212,0.9953,0.01308,good
1789656200349043798,-16.767681345343533,1.9278844483292064,-1.5940682332407745,215,0.9907,0.01288,good
1789656200449044362,-16.767219855670895,1.9070388354277958,-1.592917327324946,214,0.9907,0.01155,good
1789656200549036221,-16.768654578534417,1.8859328408725688,-1.5902033267464069,214,0.9907,0.01254,good
1789656200659229751,-16.768376278553866,1.8656866732032065,-1.5897818681911462,211,0.9953,0.01307,good
1789656200759047216,-16.767366029325284,1.8461835617586315,-1.592823053489152,213,0.9906,0.01374,good
1789656200869045849,-16.76613377654343,1.8226132146337515,-1.5889630836673343,206,0.9951,0.01395,good
1789656200969063528,-16.767854497645658,1.802629994440159,-1.5704898661612552,212,0.9953,0.00691,good
1789656201079034787,-16.76989728428598,1.7787630247573585,-1.5498629142696319,215,1.0,0.01493,good
1789656201179010176,-16.77045189854541,1.759424721709243,-1.530186104561187,215,0.9953,0.01398,good
1789656201279037133,-16.76779217946718,1.742318704821864,-1.5177613013860987,212,0.9953,0.01252,good
1789656201389040711,-16.768337776430023,1.7217495211187432,-1.4930845860711044,211,0.9953,0.01495,good
1789656201489034198,-16.76806948908963,1.7036628848297728,-1.4766691539662757,213,0.9953,0.00909,good
1789656201589049578,-16.766529201287607,1.6781812499999889,-1.4725081192971958,208,0.9904,0.01448,good
1789656201703413709,-16.76507805372949,1.658106606980952,-1.4715504766911336,211,1.0,0.01289,good
1789656201799055978,-16.760448747903556,1.6387580606359937,-1.473593181326333,212,1.0,0.00967,good
1789656201899065765,-16.75757196983514,1.6189967187371017,-1.4690383688878017,214,0.9907,0.01099,good
1789656202009038993,-16.7547255924169,1.5959968230683077,-1.4678747747740657,206,1.0,0.01007,good
1789656202109048390,-16.75243180037324,1.575100346271609,-1.4670844766120992,210,0.9952,0.01316,good
1789656202219047931,-16.750320487544403,1.5545469824032812,-1.4668039546234886,208,1.0,0.01133,good
1789656202319060495,-16.749418993227593,1.5336811942256086,-1.4700432031594188,217,0.9862,0.01089,good
1789656202429066131,-16.745950135160204,1.51528225120845,-1.4678856897000367,214,1.0,0.00902,good
1789656202529049948,-16.743320014080314,1.495301338126529,-1.4701512784444815,216,0.9954,0.012,good
1789656202639106613,-16.739705523264877,1.4757416944027035,-1.4721309400657978,216,1.0,0.01182,good
1789656202739078891,-16.73612857111265,1.4535349271926923,-1.4729701340876302,214,0.9953,0.01311,good
1789656202839050779,-16.735919495467215,1.4333476017095466,-1.4700058808185654,208,0.9904,0.01232,good
1789656202939077680,-16.731858560518837,1.4169404662972462,-1.474452206704534,215,1.0,0.01296,good
1789656203049066717,-16.728553610945617,1.3956439802830847,-1.4702637206834857,209,1.0,0.01002,good
1789656203159049702,-16.72748302719633,1.3767594585924219,-1.4698219037350244,208,1.0,0.01328,good
1789656203259041225,-16.725529062792976,1.357004966687681,-1.4748249400171327,209,1.0,0.0128,good
1789656203369085798,-16.724993555789784,1.335251594289793,-1.473404035563931,213,1.0,0.01617,good
1789656203469055593,-16.720322054570985,1.315763175433177,-1.4715706557078063,212,1.0,0.01188,good
1789656203569040930,-16.719600221431648,1.2946984340851122,-1.4672977573748318,216,0.9954,0.01418,good
1789656203679040196,-16.716818317936166,1.272626150697214,-1.4706774248923085,205,0.9951,0.0139,good
1789656203779033831,-16.71492380708218,1.2536371511247293,-1.4679317132746361,207,1.0,0.01448,good
1789656203879031374,-16.711671241042087,1.2336102346568252,-1.4782386819221964,210,1.0,0.01501,good
1789656203989068204,-16.70902435380542,1.2117721587747812,-1.474726687991428,213,0.9953,0.01253,good
1789656204089037989,-16.701688330845148,1.194729732858871,-1.479367357706835,214,1.0,0.01409,good
1789656204199052170,-16.700520642547964,1.1719421301768416,-1.4793601090189574,213,1.0,0.01113,good
1789656204299042213,-16.702583306856926,1.1521719808041244,-1.479825841359544,211,0.9905,0.01583,good
1789656204409179811,-16.699327410580885,1.1294895286304159,-1.4822909849687387,212,1.0,0.01245,good
1789656204509037843,-16.698357405333073,1.1067496213840717,-1.480283755915256,209,0.9904,0.01436,good
1789656204609042501,-16.69511558732783,1.0868345796539955,-1.4765372978701505,211,1.0,0.01291,good
1789656204719035473,-16.692900094672286,1.0631397528472195,-1.4794274964012024,211,1.0,0.01648,good
1789656204819035667,-16.69252049139261,1.0451510231549968,-1.4750070809547717,205,0.9951,0.01281,good
1789656204919032212,-16.691556570323897,1.023952545641172,-1.4779654861481009,208,0.9856,0.01553,good
1789656205029044091,-16.69299835738144,1.0047680328712651,-1.475880411863127,213,0.9906,0.01512,good
1789656205129013374,-16.69450631057651,0.9894331156981933,-1.4718287467158737,204,0.9853,0.01661,good
1789656205229343979,-16.69167380009536,0.9742475139330216,-1.4736560762797295,200,1.0,0.0187,good
1789656205339045965,-16.690502515127147,0.9595923992229898,-1.4720074650578427,205,0.9902,0.01786,good
1789656205439126217,-16.689467398526446,0.9454668479787631,-1.4750917451196879,201,0.995,0.02037,good
1789656205549043030,-16.687459412091382,0.9306407857283397,-1.4716756911538875,196,0.9694,0.01976,good
1789656205649034206,-16.68652346835258,0.9178047286692026,-1.475598237142732,204,1.0,0.01605,good
1789656205759007550,-16.686167862214983,0.9017992964549836,-1.476619276336127,199,0.9899,0.01855,good
1789656205859068928,-16.68402213351333,0.8890894797918156,-1.4747283372813238,201,1.0,0.0149,good
1789656205959057993,-16.6835567006767,0.8763035877266712,-1.4730936915837776,206,0.9854,0.01594,good
1789656206069061645,-16.680257096289033,0.8608158655250406,-1.4796460442833228,199,0.9799,0.01702,good
1789656206169080554,-16.67942435338253,0.8453124510262404,-1.4768177604978254,201,0.995,0.01827,good
1789656206269070717,-16.678377486554037,0.8265541205030339,-1.4765525808352857,204,0.9902,0.01676,good
1789656206379044919,-16.67671304710655,0.8124875726965959,-1.4735361085080607,195,0.9795,0.01554,good
1789656206479046140,-16.673435517539033,0.7955324807430552,-1.476240925366657,198,0.9949,0.01794,good
1789656206579031190,-16.670325488949032,0.7811100802145674,-1.4774197371189521,198,0.9899,0.01612,good
1789656206689084003,-16.66523530279451,0.7689721562250531,-1.482392143895707,202,0.9901,0.01655,good
1789656206789041640,-16.665141488736907,0.7562819293054839,-1.4792441432273995,199,0.9749,0.01719,good
1789656206899066317,-16.66248672172222,0.7431873918374349,-1.4762946864551287,202,0.9901,0.01703,good
1789656206999061147,-16.656267348976527,0.7295078874278182,-1.48077471142436,196,0.9898,0.01852,good
1789656207099048099,-16.653004898816203,0.721401677654812,-1.471718155922334,199,0.9849,0.01778,good
1789656207209054503,-16.65131144759522,0.7057472920054109,-1.4591711508324183,201,0.9801,0.0197,good
1789656207309048264,-16.64986600343179,0.6932561733033922,-1.4410553928607082,198,0.9747,0.02045,good
1789656207409053862,-16.648695058922552,0.6842156374770859,-1.4253278670943426,198,0.9848,0.01972,good
1789656207519039150,-16.647035158371494,0.670456448946895,-1.399947364446245,194,0.9794,0.01736,good
1789656207619042043,-16.644736814454234,0.6594403799755971,-1.3762798760623183,202,0.9802,0.01847,good
1789656207719037360,-16.63938599426762,0.6478152194919227,-1.3504880901512097,201,0.9751,0.01962,good
1789656207829053933,-16.635700839983503,0.6377613131552651,-1.3323907010150242,210,0.9952,0.02032,good
1789656207929003296,-16.633571222343456,0.6267413693130324,-1.3163067588689084,202,0.9802,0.01988,good
1789656208029420481,-16.629612570324607,0.6131873555889535,-1.3085619901384755,197,0.9898,0.02015,good
1789656208139060016,-16.63075249355907,0.6015680712583449,-1.2605175266855826,200,0.985,0.02056,good
1789656208239150529,-16.627212093857242,0.5897346211534129,-1.2257288238113289,188,0.9734,0.02055,good
1789656208339146687,-16.628397652649117,0.5764485531901279,-1.1958077948895538,200,0.975,0.01849,good
1789656208449144524,-16.6273806578212,0.5656881308864609,-1.147662468945802,202,0.9703,0.01597,good
1789656208549068759,-16.622812732749097,0.5509909073285377,-1.1244219741441344,185,0.9838,0.01563,good
1789656208659056298,-16.618867407081467,0.5461565704158537,-1.0587965002317345,200,0.99,0.01994,good
1789656208759151107,-16.610003060642878,0.534368523242251,-1.0360084830690204,201,1.0,0.02296,good
1789656208869048700,-16.606543759881543,0.5204143051439347,-0.986315093849971,196,0.9898,0.02064,good
1789656208969140472,-16.599412217279557,0.5132579040969856,-0.9432609893472235,203,0.9803,0.01898,good
1789656209069079217,-16.59227857627498,0.5029187409293252,-0.9033318828123706,192,0.9844,0.01961,good
1789656209179042947,-16.58355013564071,0.49194096173041474,-0.8678867684980374,197,0.9898,0.01862,good
1789656209279050301,-16.576565660184567,0.4832736473242193,-0.8247846241588789,189,0.9894,0.01315,good
1789656209379033353,-16.563505058200654,0.4719251985873588,-0.7915882208841707,193,0.9948,0.01434,good
1789656209489145338,-16.553751414252392,0.45897147285086703,-0.7474518538551556,190,0.9947,0.01638,good
1789656209589037722,-16.54701856355487,0.4473048787839984,-0.6977636668536802,193,0.9845,0.01201,good
1789656209689034889,-16.53715168925881,0.4359039120251328,-0.653078371857813,195,0.9949,0.0209,good
1789656209799047222,-16.520505511995967,0.42700317183219616,-0.6129224971661726,198,0.9747,0.01817,good
1789656209899050538,-16.510552475094773,0.4186977566227965,-0.5694003399400407,194,0.9845,0.01753,good
1789656210009070494,-16.497694744184887,0.4114988275157021,-0.5259476837281574,197,0.9949,0.01579,good
1789656210109037719,-16.480993232076603,0.40848613633146025,-0.484292946040757,205,0.9902,0.01369,good
1789656210219045322,-16.46430710542378,0.40511511076863727,-0.45211318625789004,198,0.9899,0.01513,good
1789656210319029459,-16.453404165086052,0.40330398659714156,-0.40394684268289915,195,0.9949,0.01116,good
1789656210419020504,-16.442664377948482,0.3982751094076924,-0.364746965744468,199,0.995,0.01813,good
1789656210529045871,-16.429048786348527,0.3923854884576864,-0.32439189653175426,199,0.9849,0.01543,good
1789656210629044325,-16.41830260680949,0.3878909718197098,-0.291091670514897,195,0.9897,0.01663,good
1789656210729063154,-16.406300829709636,0.38913200356324273,-0.2487222942349805,201,0.995,0.01234,good
1789656210839048272,-16.38951784504249,0.3853411993617121,-0.21034975464721506,194,0.9897,0.01399,good
1789656210939059062,-16.38001763793462,0.38244472589760764,-0.17688680856310793,196,0.9949,0.0168,good
1789656211049090988,-16.365672296149455,0.37943857768450256,-0.13723497857017034,207,0.9903,0.01287,good
1789656211149034053,-16.354705474048618,0.37952724881617417,-0.09316391491068313,194,1.0,0.01263,good
1789656211259033909,-16.339281122353324,0.38112880848270014,-0.04986820590346166,197,0.9949,0.01031,good
1789656211359052842,-16.32684764490683,0.38132944778584527,-0.006944892859552599,201,0.995,0.01254,good
1789656211469042826,-16.310767769435447,0.38265752989619345,0.03694876304202641,202,1.0,0.0152,good
1789656211569038475,-16.289132991647406,0.3857261414622134,0.046595452312230036,204,1.0,0.01779,good
1789656211669055667,-16.26893650059602,0.3867671130149284,0.049506812975381925,206,0.9951,0.0165,good
1789656211779039631,-16.24417858624103,0.38690121562985275,0.047664327282365554,201,0.9851,0.01793,good
1789656211879052099,-16.22465602528734,0.38853024581481277,0.04776581041912895,200,0.99,0.01402,good
1789656211989030747,-16.202897369772064,0.390484164421077,0.05097646554148281,199,0.995,0.01329,good
1789656212089036458,-16.18177479231508,0.3897329338834593,0.052764532105576946,194,1.0,0.01384,good
1789656212199063039,-16.160267101088476,0.3881193803210802,0.04762422740018455,201,1.0,0.01836,good
1789656212299045179,-16.139560006650665,0.38887310363038974,0.050959066959361116,197,1.0,0.00967,good
1789656212399058085,-16.122836004864403,0.3883468707111183,0.06313445090382228,199,0.995,0.01061,good
1789656212509047621,-16.100793397865385,0.3881636890978234,0.07794088037855904,204,1.0,0.01251,good
1789656212609059379,-16.082016273917493,0.3917940967685588,0.09401585257666564,197,1.0,0.00972,good
1789656212719035319,-16.063674458686684,0.3920382931186846,0.10872862520526792,200,1.0,0.00889,good
1789656212819106886,-16.048599451638903,0.3957808748196357,0.136781908582982,201,0.99,0.00734,good
1789656212929048634,-16.027949288546736,0.39788028853598845,0.15056892977584876,202,1.0,0.0095,good
1789656213029048171,-16.01094488115811,0.3997613616526072,0.1669211873725709,197,1.0,0.0107,good
1789656213139061840,-15.989267010208495,0.4020069871828019,0.18852696415004086,205,1.0,0.01051,good
1789656213239046512,-15.972366954721439,0.40693821879307285,0.211950236510807,206,1.0,0.01032,good
1789656213339057190,-15.953321424824216,0.41314114712976646,0.23643955132047775,205,1.0,0.01059,good
1789656213439054884,-15.934511103514424,0.4162178170045096,0.24213908288879057,204,1.0,0.01135,good
1789656213549241886,-15.91445530296742,0.4217487982238909,0.2630844423444463,210,1.0,0.00899,good
1789656213649034666,-15.895294393205694,0.4288092562198908,0.2770996961545788,203,1.0,0.00773,good
1789656213759065190,-15.877091146934978,0.43769167019551525,0.3017673060982007,210,1.0,0.01026,good
1789656213859056642,-15.857919756188856,0.44279518780917354,0.3098422181833056,210,1.0,0.0069,good
1789656213969042879,-15.839476205577286,0.4488897717459659,0.3328739378195864,211,1.0,0.00841,good
1789656214069055334,-15.82189187674047,0.4580123518706219,0.35063830440901333,204,1.0,0.00851,good
1789656214179127570,-15.802823649341981,0.46668254295923395,0.3763496476211096,214,1.0,0.00789,good
1789656214279047762,-15.786462262087747,0.4761357725973183,0.3979254639347667,197,1.0,0.00726,good
1789656214379066178,-15.767844440624774,0.4856235881461534,0.4184580374300528,203,1.0,0.00696,good
1789656214489053248,-15.751580409982175,0.4959748164774185,0.44295993744230316,202,1.0,0.00769,good
1789656214589045418,-15.734719166800447,0.5051884044487374,0.4580966260407757,204,1.0,0.01096,good
1789656214699091944,-15.71595195939833,0.5145742984443094,0.4772460188664185,206,1.0,0.01101,good
1789656214799064462,-15.697591093919392,0.5273946954108855,0.4920798384246827,200,1.0,0.00898,good
1789656214909044808,-15.68105633072042,0.5373449250979263,0.5208179042636354,207,1.0,0.0116,good
1789656215009030931,-15.665126585845236,0.5464190681305459,0.5321134688201512,212,1.0,0.006,good
1789656215109145587,-15.648936155235138,0.5574780916006519,0.5478767955666013,201,1.0,0.0059,good
1789656215219046343,-15.629278678307616,0.5697650468133351,0.5711431979900803,211,1.0,0.00796,good
1789656215319098541,-15.610228448134178,0.5802800280209517,0.5882915400547152,208,1.0,0.00614,good
1789656215429084463,-15.592463914308947,0.5919542791273746,0.6110238194266076,205,1.0,0.00527,good
1789656215529162667,-15.574363032845156,0.6052377530301358,0.6299670822742783,210,1.0,0.00967,good
1789656215639050809,-15.558169371672637,0.6245636545806897,0.6489211202363341,199,1.0,0.01427,good
1789656215739057294,-15.540089268710146,0.6387025847386052,0.6512606132351785,200,1.0,0.01172,good
1789656215849017044,-15.523904310700411,0.6512777976016422,0.6371626932563428,202,1.0,0.00641,good
1789656215949091914,-15.507026569962026,0.6648616142374215,0.6336025349419462,199,1.0,0.00681,good
1789656216049043189,-15.487972227128301,0.6758695767075986,0.6241788015557448,208,1.0,0.00583,good
1789656216159038225,-15.47015740990645,0.6890485941459528,0.6201407775652912,199,1.0,0.00771,good
1789656216259055396,-15.45412342444856,0.7003580458364311,0.6107324947273971,203,1.0,0.00576,good
1789656216369053822,-15.43698852335957,0.7107935302399364,0.5940370603414047,211,1.0,0.00719,good
1789656216469072679,-15.418114144906305,0.721116189730584,0.582789371235737,212,1.0,0.00643,good
1789656216579052564,-15.398859091905734,0.7323992125878094,0.5730130685680661,209,0.9952,0.00523,good
1789656216679060585,-15.38391170455044,0.7446705160733473,0.5720063869922993,206,1.0,0.00656,good
1789656216779058307,-15.365338265321652,0.7547375867998527,0.5558235015560677,205,1.0,0.00523,good
1789656216889036470,-15.347784776685048,0.7655391476153139,0.543534836388696,206,1.0,0.00569,good
1789656216989040953,-15.331579686988537,0.7761347418398052,0.5304127318479759,201,1.0,0.00407,good
1789656217089038121,-15.315179421720668,0.7860849449860546,0.5242374640519356,203,1.0,0.00895,good
1789656217199051850,-15.295669287286804,0.797387591037954,0.5096604152198567,205,1.0,0.00588,good
1789656217299038329,-15.280391605246084,0.8062101644273287,0.4984929775607936,205,1.0,0.00532,good
1789656217409055484,-15.262852256416268,0.8175113475459952,0.49703653007619913,208,1.0,0.0071,good
1789656217509040500,-15.245125923116355,0.826716358974678,0.49244512440263377,197,1.0,0.00728,good
1789656217619044152,-15.22601375874966,0.8353561748962686,0.47560735657668984,204,1.0,0.00585,good
1789656217719037632,-15.208997106189708,0.8434962811898067,0.46343166320763785,206,1.0,0.00513,good
1789656217819033539,-15.191137158763894,0.8514730811135834,0.45752696186775105,207,1.0,0.00468,good
1789656217929043841,-15.17062537197461,0.8615054907026989,0.44716454712172093,200,1.0,0.00466,good
1789656218029039469,-15.151683624087791,0.8695437172665748,0.43397311552304685,207,1.0,0.00611,good
1789656218129034246,-15.135466136493426,0.8764061568045289,0.42292652759251737,210,1.0,0.00617,good
1789656218239035588,-15.115234545585372,0.884862139202427,0.41963058841990253,206,0.9951,0.00643,good
1789656218339067410,-15.09861663991744,0.8932492170923985,0.42509975018897145,206,1.0,0.00723,good
1789656218449047488,-15.076704409803884,0.9040783335319083,0.4265154790922982,203,1.0,0.00578,good
1789656218549117706,-15.060076209978101,0.9118610101064802,0.43247898314974415,202,1.0,0.00684,good
1789656218659034494,-15.040701712846353,0.920705102651832,0.4262805808116015,206,1.0,0.00475,good
1789656218759036309,-15.024395448495099,0.9292372935932829,0.42926276896293886,208,1.0,0.00713,good
1789656218859006193,-15.006278880489438,0.9359517099045357,0.42431410975316175,207,1.0,0.00639,good
1789656218969053636,-14.985340049655436,0.9466140897423843,0.4324364798924536,205,1.0,0.01016,good
1789656219069049040,-14.967642755110834,0.9563612139029505,0.4414670820134814,203,1.0,0.00881,good
1789656219179007360,-14.94744165830104,0.9640029250114537,0.4350520320183813,198,1.0,0.00638,good
1789656219279058317,-14.927710613961514,0.9740743203594904,0.43653120478357343,209,1.0,0.00545,good
1789656219389041957,-14.90666138102006,0.9819656291462309,0.4294313647638572,201,1.0,0.00515,good
1789656219489035625,-14.890311399786716,0.9907337436913728,0.4282194454294854,198,1.0,0.00841,good
1789656219589514095,-14.872343232699043,0.9994517446458767,0.4284131122073711,199,1.0,0.00658,good
1789656219699047810,-14.854237854714006,1.0091512204070021,0.42754256639908456,205,1.0,0.00527,good
1789656219799052072,-14.835218865859089,1.0163323789047292,0.4281495347614059,207,1.0,0.00469,good
1789656219899055335,-14.817794467314306,1.0240518813060588,0.42793197313097386,198,1.0,0.0066,good
1789656220009040356,-14.797505449522465,1.0324018519081275,0.42855431939978117,205,1.0,0.00441,good
1789656220109063273,-14.77884399966528,1.0435333691292359,0.4353289836567577,203,1.0,0.00655,good
1789656220219033084,-14.758241634487794,1.0539185132115287,0.43593613172806805,206,1.0,0.0049,good
1789656220319037719,-14.73960370384515,1.0639437124763282,0.437981594076273,201,1.0,0.0094,good
1789656220429038981,-14.719637936704297,1.074603377168799,0.42635091821463583,205,0.9951,0.00573,good
1789656220529014426,-14.70157103736031,1.083833680763926,0.4159979000344422,201,1.0,0.01076,good
1789656220639006760,-14.683443269316836,1.0919117233912938,0.3967260712657709,199,1.0,0.00765,good
1789656220739064925,-14.666038044966825,1.0985915896940799,0.37269201292730414,197,1.0,0.0064,good
1789656220839078285,-14.648503358726629,1.104534822927138,0.3486989097210562,206,1.0,0.0063,good
1789656220949047966,-14.629996304613872,1.110633611644059,0.32726827840632544,205,1.0,0.00486,good
1789656221049033810,-14.61041074123767,1.1156265795257891,0.311659346449195,209,1.0,0.00572,good
1789656221159084071,-14.588716994100059,1.1215724360352324,0.2850837130992703,204,1.0,0.00643,good
1789656221259630413,-14.570088452810516,1.1282623345342622,0.26570701065516084,207,1.0,0.00544,good
1789656221369048861,-14.550352654234032,1.133625479660322,0.24536658651741458,199,1.0,0.00649,good
1789656221469052445,-14.530060791429339,1.1383814215587535,0.23102197447873937,198,1.0,0.00598,good
1789656221569053325,-14.508950346021544,1.1459117372990457,0.2279943320474158,201,1.0,0.00995,good
1789656221679062152,-14.490873205809288,1.148800198767763,0.1946931349769014,200,1.0,0.0083,good
1789656221779070626,-14.470205306014481,1.1515104972392136,0.17235891448531304,199,1.0,0.0082,good
1789656221889046631,-14.449853956043949,1.1535254071475634,0.16602228020933626,203,1.0,0.00515,good
1789656221989040065,-14.430282881710532,1.1561638529424387,0.16451681211408495,198,1.0,0.00407,good
1789656222099045662,-14.409944260966615,1.1602472943370332,0.16263985490989238,206,1.0,0.00552,good
1789656222199059383,-14.390377762731898,1.16357467129844,0.15843107350919336,204,1.0,0.00405,good
1789656222309064977,-14.36957124246408,1.1671245675639539,0.16137944083212985,201,1.0,0.00515,good
1789656222409065399,-14.350678873449668,1.1686691025949771,0.154814888389035,198,1.0,0.01021,good
1789656222509076379,-14.33356662276105,1.1696904868140408,0.16645761935544787,205,1.0,0.01128,good
1789656222619054450,-14.3136707667697,1.1732219936452197,0.2029153241854453,204,1.0,0.00591,good
1789656222718990711,-14.295318789288029,1.1775753245540348,0.22090996871147592,206,1.0,0.00826,good
1789656222819036086,-14.275071124251067,1.1832284188460869,0.2521219626847111,200,1.0,0.0105,good
1789656222929042570,-14.255022736646206,1.189669062904466,0.2928952515200948,194,1.0,0.00735,good
1789656223029052513,-14.234621332031999,1.1966708888468192,0.33159636885590493,204,1.0,0.00836,good
1789656223139077622,-14.21457107750339,1.2065024919955247,0.35027517904678235,207,1.0,0.00773,good
1789656223239065215,-14.194207670664559,1.2139514007282308,0.3531565684338902,203,1.0,0.00471,good
1789656223349009734,-14.176167934049886,1.2228961670732499,0.3635999485591943,208,1.0,0.00606,good
1789656223449123185,-14.155695755757153,1.2297922498008536,0.35905001139084164,200,1.0,0.00608,good
1789656223549091625,-14.137202399227652,1.2373622371786073,0.3599077988010337,204,1.0,0.00519,good
1789656223659063335,-14.116430087229121,1.2469704074020436,0.36310017133120076,203,1.0,0.00529,good
1789656223759042018,-14.099085042491769,1.2540932342268032,0.36077906801523674,205,1.0,0.00559,good
1789656223869073147,-14.079598302349142,1.2614741321830445,0.35995726450636645,198,1.0,0.00365,good
1789656223969078595,-14.059697714665564,1.2685007540838906,0.36827559667630155,201,1.0,0.00644,good
1789656224079052365,-14.040816861446086,1.2772439659784924,0.3637387550819679,204,1.0,0.00844,good
1789656224179055838,-14.021798227403206,1.2847686918396801,0.3686772444032369,202,1.0,0.00545,good
1789656224289185850,-14.001314984429815,1.292277516782819,0.37007611957388925,204,1.0,0.00587,good
1789656224389137610,-13.98265026333356,1.300915575426669,0.3669282145170365,198,1.0,0.01084,good
1789656224489036173,-13.963289827418999,1.3070344076432447,0.36269451900902516,207,1.0,0.00498,good
1789656224599066295,-13.944313796595361,1.3141654488963377,0.3595369309088434,209,1.0,0.00566,good
1789656224699036966,-13.925021629732829,1.320588261466817,0.3581157219900246,206,1.0,0.00716,good
1789656224809053641,-13.905797664286014,1.3288153278362618,0.3596259258634207,201,1.0,0.00504,good
1789656224909052650,-13.887550604014582,1.3373989010185343,0.36709438577862996,205,1.0,0.00825,good
1789656225019038075,-13.867646373620353,1.34326116320789,0.3604652124271223,204,1.0,0.00538,good
1789656225119040964,-13.847826225487406,1.3503382660366294,0.3627766259821461,199,1.0,0.00462,good
1789656225219036240,-13.828771776693324,1.357908354485964,0.36629629900582983,203,1.0,0.00568,good
1789656225329065690,-13.8080319921173,1.365586472522367,0.35886200195043805,204,1.0,0.00528,good
1789656225429044556,-13.79022016964762,1.3713572974785497,0.3559689737956863,205,1.0,0.00673,good
1789656225529059151,-13.772889173016404,1.378285225814616,0.3592235030296515,203,1.0,0.00449,good
1789656225639042018,-13.751305171085733,1.3875070765429345,0.3628631563638416,198,0.9949,0.00565,good
1789656225739040906,-13.73341005291682,1.396064242956558,0.3624763714077763,201,1.0,0.00693,good
1789656225849041776,-13.711851046510162,1.4032965671219155,0.3668403426756315,202,1.0,0.00597,good
1789656225949041035,-13.69419196652515,1.4102666938376274,0.36008130734185934,205,1.0,0.00403,good
1789656226059049236,-13.673386853509824,1.4184368266975427,0.3669568649271644,196,1.0,0.00544,good
1789656226159042763,-13.657182218253103,1.4235018693892765,0.36251982077612305,198,1.0,0.00866,good
1789656226259096208,-13.640095204045345,1.4314027759089445,0.3701564266254953,202,1.0,0.00563,good
1789656226369046379,-13.618992977734301,1.4383604603440518,0.3661984752768725,196,1.0,0.00735,good
1789656226469013456,-13.60083627746724,1.4461684958831338,0.35883055142252984,200,1.0,0.00734,good
1789656226569170959,-13.580464228146457,1.4528927296301035,0.35908081569767675,199,0.995,0.00915,good
1789656226679046022,-13.55885091729169,1.4591811799245855,0.36081461260695286,203,1.0,0.00626,good
1789656226779052181,-13.540134040885198,1.4665819067094104,0.35753719537549045,203,1.0,0.00592,good
1789656226889021966,-13.519225750994481,1.4772751744508468,0.36153545840249074,204,1.0,0.00727,good
1789656226989030940,-13.500628082510483,1.4849236981749834,0.36327306506460894,197,0.9949,0.00531,good
1789656227099048696,-13.479898769824304,1.4921675200511129,0.3604631651538683,202,1.0,0.00553,good
1789656227199048550,-13.461598517021665,1.4982494172379042,0.36146846825320167,200,1.0,0.00641,good
1789656227299052255,-13.44291722638961,1.5060153626039545,0.3603169982841565,205,1.0,0.00718,good
1789656227409058434,-13.424076636397237,1.5156688791404216,0.3676980212218745,203,1.0,0.0066,good
1789656227509061769,-13.405020553516428,1.522950685985442,0.3633772079200914,200,1.0,0.00922,good
1789656227609045841,-13.385006610271518,1.5294017628609125,0.36857379972524534,203,1.0,0.00504,good
1789656227719051816,-13.367102423680233,1.5375288284954274,0.3729546821775959,201,1.0,0.00654,good
1789656227819076489,-13.348570528754381,1.5456756523274628,0.3629450357856016,201,1.0,0.00741,good
1789656227929045827,-13.328014934830737,1.5529198859133346,0.3660133334560418,204,1.0,0.00579,good
1789656228039042325,-13.306917187547405,1.5599927565720133,0.36403799060816566,202,1.0,0.00789,good
1789656228139060027,-13.289163723131496,1.5666480033040862,0.3621480119315341,201,1.0,0.00769,good
1789656228239095251,-13.268796475699952,1.574044923318554,0.3684250518166398,202,1.0,0.0056,good
1789656228339045532,-13.249824745435905,1.5824791470952275,0.37701644319275446,201,1.0,0.00701,good
1789656228449079325,-13.231091679176526,1.5894470690818676,0.3787351205337186,195,1.0,0.00657,good
1789656228549055445,-13.211565551252141,1.5981090437496261,0.36947779826058436,200,0.99,0.00592,good
1789656228659034931,-13.192240450966759,1.6061141385171305,0.3670066127359488,197,1.0,0.00718,good
1789656228759051003,-13.17304519836859,1.6136135410808565,0.3719403276939077,198,1.0,0.00786,good
1789656228869076183,-13.154658871428486,1.6208355982827842,0.3733305145747818,196,1.0,0.0063,good
1789656228969057470,-13.135671659704512,1.6287564316371683,0.38396263585486756,205,1.0,0.00705,good
1789656229079129464,-13.118111803238135,1.637836256980739,0.37681042707114515,194,1.0,0.00921,good
1789656229179065626,-13.096270838797462,1.6451690448801655,0.37476704954815054,206,1.0,0.0054,good
1789656229279052186,-13.07757283043064,1.651443177524564,0.3749048782354423,197,1.0,0.00634,good
1789656229389043267,-13.058566727446198,1.6600618298038468,0.3863044953859622,200,1.0,0.00951,good
1789656229489041422,-13.043020862913776,1.6674730946763043,0.3880188222958407,198,1.0,0.00828,good
1789656229589035613,-13.02570671261528,1.6741225914276523,0.3884371351333155,201,0.995,0.00768,good
1789656229699068424,-13.008814745359826,1.6819230010060005,0.3844325839966591,202,1.0,0.00835,good
1789656229799075507,-12.990622303375716,1.6887963142310458,0.383515252148374,204,0.9951,0.0079,good
1789656229909045694,-12.973093697634955,1.6950932138067445,0.38768741281787356,199,1.0,0.01068,good
1789656230009061049,-12.954111880589812,1.7027956979151968,0.39017798360439365,200,1.0,0.00938,good
1789656230119052315,-12.935333621547338,1.710332007235933,0.38977747552316777,202,1.0,0.01062,good
1789656230219042630,-12.915982321841755,1.717998694971749,0.3891238298548012,205,0.9951,0.01079,good
1789656230319087030,-12.900700654206641,1.7255412725251058,0.3880132364685662,203,1.0,0.00844,good
1789656230429016192,-12.879627902994631,1.73657577389915,0.3914518056227842,198,1.0,0.008,good
1789656230529038366,-12.862029743201555,1.74358303994981,0.39395873458367503,199,0.995,0.00888,good
1789656230639045135,-12.842504939684897,1.7518332559524432,0.39200172369256214,199,0.995,0.00456,good
1789656230739045119,-12.822231164333113,1.7589140840777149,0.3899167096933345,201,1.0,0.00732,good
1789656230849040330,-12.802751104008516,1.7666385495356978,0.39345966853232794,195,1.0,0.00543,good
1789656230949117644,-12.782725528792987,1.774441030992341,0.3883076823888272,206,0.9951,0.00776,good
1789656231059039532,-12.7637994977537,1.7830042322922082,0.38334011975124027,203,1.0,0.00723,good
1789656231159037827,-12.744172623369643,1.7912259478692236,0.3835088320314666,204,1.0,0.00593,good
1789656231259033973,-12.726338422991311,1.7980409801753245,0.3814447762904895,209,1.0,0.00704,good
1789656231359033602,-12.70905550477417,1.8061952755514532,0.37669890033099995,205,1.0,0.00624,good
1789656231469035242,-12.689131084483465,1.811891474344088,0.38440294192850794,200,1.0,0.00701,good
1789656231569051318,-12.668264256702466,1.8209726045362258,0.3772550625727413,205,1.0,0.00688,good
1789656231679054051,-12.645775844256354,1.8313111427557056,0.38112386925185837,203,1.0,0.00562,good
1789656231779019062,-12.628568513531546,1.838138368868408,0.3794494395567296,205,1.0,0.00591,good
1789656231889045873,-12.608470426365615,1.8462459108221427,0.3848796499804299,207,1.0,0.00647,good
1789656231989048725,-12.592085749916274,1.853208048355333,0.3822594568364861,204,1.0,0.00877,good
1789656232099042131,-12.571463714367626,1.861530032905956,0.38215797764005344,206,1.0,0.00676,good
1789656232199025328,-12.554414984111489,1.868394097994361,0.3842438933334813,206,1.0,0.00567,good
1789656232299045532,-12.537318637687122,1.8759424905351745,0.38922305515364797,208,1.0,0.00667,good
1789656232409065493,-12.516674189395433,1.8845476067645146,0.3791939107461848,210,1.0,0.00956,good
1789656232509054654,-12.49809115093273,1.8918606936952442,0.37941307847146155,205,1.0,0.00653,good
1789656232619105195,-12.476500934242706,1.8987358627566147,0.38500992448405547,203,1.0,0.00655,good
1789656232719031881,-12.458424010748924,1.9063708790620928,0.38659854482023603,205,1.0,0.00669,good
1789656232829035395,-12.43954202664313,1.9141747473454758,0.38021101405205265,204,1.0,0.00699,good
1789656232929036669,-12.42163662611599,1.9187918205778391,0.38169343752920226,206,1.0,0.00619,good
1789656233029038193,-12.40498941401605,1.9258320880028583,0.3913497915262238,200,1.0,0.00766,good
1789656233139044785,-12.38318995575466,1.9380516789663003,0.3968101823116894,210,1.0,0.00801,good
1789656233239043187,-12.363736454747402,1.946059526204723,0.38343141515921153,203,1.0,0.01271,good
1789656233339074317,-12.345279228823856,1.953265099705864,0.35028182424166204,199,1.0,0.00668,good
1789656233449047181,-12.323411697654752,1.960342235991729,0.3183072307510988,205,1.0,0.00734,good
1789656233549208632,-12.306719721082953,1.9656608783058884,0.28255689661199285,206,1.0,0.00835,good
1789656233659045211,-12.284787561471074,1.9712847370594184,0.25695323547937726,203,1.0,0.00831,good
1789656233759052281,-12.265455560164927,1.9774665895176133,0.22414767959823556,201,1.0,0.0085,good
1789656233869033590,-12.243163420983137,1.983530495847866,0.1896946929515619,198,1.0,0.01123,good
1789656233969046273,-12.223410362910352,1.9883671110149324,0.16197812234287465,204,1.0,0.00956,good
1789656234069330277,-12.202666900236139,1.9917209342130404,0.13569651560911367,202,1.0,0.00729,good
1789656234179060934,-12.182918973964362,1.9944418630245138,0.10641940639730382,207,1.0,0.0089,good
1789656234279066689,-12.161833481699036,1.9966972132210563,0.07593905743437877,203,0.9951,0.00747,good
1789656234389047374,-12.141217306435026,1.9999501064223473,0.05913458779958145,203,0.9951,0.00949,good
1789656234489053277,-12.124318576591756,1.9997150180184415,0.04852756102839503,202,0.995,0.00988,good
1789656234589165532,-12.103440850656861,2.000864611585818,0.045146623457527936,198,1.0,0.01,good
1789656234699052107,-12.081274264217283,2.00111915936628,0.05245774781690724,199,0.995,0.01023,good
1789656234799057214,-12.059943484660359,2.003344024926403,0.04678782933902579,204,1.0,0.00954,good
1789656234909032916,-12.037352848394331,2.005197907354653,0.05276710261288262,202,1.0,0.00907,good
1789656235009050870,-12.01567641844809,2.00705160075806,0.04866081402345277,206,1.0,0.01011,good
1789656235119061344,-11.995565956627951,2.0088533677001985,0.04637837604655612,204,1.0,0.00701,good
1789656235219068821,-11.974236814943378,2.0078875130690497,0.045945321754410996,202,1.0,0.00779,good
1789656235319016881,-11.953513635153486,2.008927913694337,0.04115224155197847,207,1.0,0.00783,good
1789656235419117931,-11.932509331467829,2.010021562638573,0.050466114996907875,204,1.0,0.01162,good
1789656235529043983,-11.910896316034608,2.0125261179322154,0.052066342149636326,206,1.0,0.00838,good
1789656235629035217,-11.892237669030854,2.0136719855783616,0.04383807882930644,202,1.0,0.00896,good
1789656235739111722,-11.869832568317332,2.016199373195386,0.04486294778308395,200,1.0,0.00755,good
1789656235839053317,-11.850834801484725,2.0160568505081145,0.04381818600254992,203,1.0,0.00857,good
1789656235949054604,-11.82836560433937,2.015535881629372,0.04358677755920734,200,1.0,0.00807,good
1789656236049077248,-11.805961318635914,2.0178591044242697,0.03289910504167868,201,1.0,0.00784,good
1789656236159059262,-11.785921566700596,2.019171551196798,0.018508436801654794,200,1.0,0.00829,good
1789656236259071705,-11.766874787910847,2.021951128780961,0.009232696698022489,197,1.0,0.00841,good
1789656236359051309,-11.74667384011272,2.021595259562629,-0.016954867764473993,204,1.0,0.00743,good
1789656236469054289,-11.725629257210027,2.0216681449760183,-0.03002481238978152,199,1.0,0.00678,good
1789656236569040764,-11.710434150521422,2.020667595682316,-0.05276812542222433,204,1.0,0.00756,good
1789656236669034889,-11.693097263523784,2.018401185050415,-0.07432656600597577,195,1.0,0.01007,good
1789656236779062429,-11.673892451689486,2.015134318171871,-0.08838473597472454,202,0.995,0.00984,good
1789656236879045774,-11.655498515657532,2.0128364446803313,-0.08198455996768696,194,1.0,0.00748,good
1789656236989056459,-11.633069850622844,2.010529628007827,-0.0865124006158491,198,0.9949,0.00935,good
1789656237089042215,-11.613492332603013,2.0082874438783826,-0.08702208231948053,197,1.0,0.0097,good
1789656237199451239,-11.590559352937317,2.0087531228993067,-0.08001996077299747,199,1.0,0.01025,good
1789656237299037645,-11.570307926312411,2.007226025084453,-0.08553300422473978,196,1.0,0.00654,good
1789656237399034329,-11.550304929079196,2.0061875595035747,-0.081639511295615,204,1.0,0.00602,good
1789656237509048652,-11.526216985916122,2.0040878944351097,-0.08447254229660241,204,1.0,0.00608,good
1789656237609045632,-11.50644452094906,2.000959974996497,-0.0851340122130664,200,1.0,0.0057,good
1789656237709052151,-11.486394223306787,1.9984381332115493,-0.07255246458921707,206,0.9951,0.00858,good
1789656237819045860,-11.464298867461963,1.9971246816013601,-0.07369942995282154,203,1.0,0.00857,good
1789656237919049396,-11.441261483152253,1.9949824979751356,-0.0690683706707598,207,1.0,0.00725,good
1789656238029044054,-11.41925674731039,1.9953791703556922,-0.08261154109221837,198,0.9949,0.00758,good
1789656238129038260,-11.399118387898175,1.9936058112871122,-0.1088623821345254,199,1.0,0.00898,good
1789656238239034867,-11.373929233742295,1.9939801225501306,-0.13347310331328743,196,1.0,0.00751,good
1789656238339037889,-11.357709630303793,1.993028025081627,-0.16795363198956917,199,1.0,0.00883,good
1789656238439054450,-11.339516436515305,1.9892538720586246,-0.19968532800272445,198,1.0,0.00614,good
1789656238549050817,-11.318289879182041,1.9823095623058038,-0.2280832298903308,203,1.0,0.00734,good
1789656238649047948,-11.303650885664705,1.9782504501964964,-0.2598874922016548,199,0.995,0.01008,good
1789656238759046001,-11.281505814979843,1.9723603396804639,-0.28251247994659345,201,1.0,0.00901,good
1789656238859054079,-11.262435391062008,1.9667612678392556,-0.3010170452142325,203,1.0,0.00884,good
1789656238969023329,-11.239277577359061,1.958907174096432,-0.33288876667242234,195,1.0,0.00787,good
1789656239069016211,-11.224207448689082,1.9535863523935841,-0.37639510550376465,197,0.9949,0.00989,good
1789656239179049744,-11.206833929116929,1.9498688564039688,-0.4035548076363009,191,0.9895,0.00983,good
1789656239279078608,-11.189645284178628,1.9429682508277097,-0.4100064396014942,202,0.995,0.0075,good
1789656239389009696,-11.171142626577582,1.9315496492050992,-0.41669887481751133,197,0.9949,0.00677,good
1789656239489047135,-11.154247652492263,1.92256457007255,-0.4195665696496802,192,0.9948,0.00751,good
1789656239589036603,-11.136979748442466,1.9145923750930036,-0.41693831923466745,199,1.0,0.00867,good
1789656239689092713,-11.117586480020517,1.9060259476144925,-0.4077835268257657,199,1.0,0.00766,good
1789656239789245080,-11.098136382926615,1.9014051178052411,-0.4058731661773634,193,0.9896,0.00611,good
1789656239899043163,-11.07783062186531,1.8937505222849758,-0.4050827304160871,199,1.0,0.00876,good
1789656239999049782,-11.056757297022628,1.8841266019273464,-0.4083912330742712,202,0.995,0.00939,good
1789656240109061938,-11.03612549625276,1.8758719936723987,-0.40301988838915137,198,0.9899,0.00547,good
1789656240209074972,-11.015891371684997,1.8678599321216944,-0.4045965871786008,197,1.0,0.00641,good
1789656240319140354,-10.99751110609638,1.8590315387848426,-0.4015521968423601,202,1.0,0.00482,good
1789656240419061390,-10.978398302687232,1.8508077602153932,-0.40501452228646273,202,0.995,0.00523,good
1789656240529056223,-10.962285519926645,1.8431875008767507,-0.40223990998571524,197,1.0,0.00826,good
1789656240629178164,-10.942432928257595,1.8382323074190354,-0.3979901291035584,204,1.0,0.00623,good
1789656240729086883,-10.924057377844859,1.8313639646021276,-0.39654816621152933,198,0.9949,0.00703,good
1789656240829144535,-10.906072442272812,1.8244636076528784,-0.3986482278423796,199,1.0,0.0077,good
1789656240939119050,-10.885617216103274,1.8163334124549042,-0.3929706544987169,202,0.995,0.00764,good
1789656241039042764,-10.867579367469016,1.810397949083823,-0.39125495150615763,199,1.0,0.00962,good
1789656241149056724,-10.847845705743852,1.8047573257713807,-0.3971201215365421,200,1.0,0.01018,good
1789656241249055002,-10.827497112611395,1.7983958934611146,-0.4000962400286599,201,0.995,0.00869,good
1789656241359060387,-10.807390880137554,1.788287033171553,-0.3997070967946146,197,1.0,0.00437,good
1789656241459054923,-10.78781541291376,1.7795584874518398,-0.3991113728102109,199,0.995,0.00833,good
1789656241569035767,-10.767744129310792,1.7708041717102034,-0.387433715773643,199,1.0,0.01165,good
1789656241669035582,-10.749904799410345,1.7638204345807384,-0.40253691012465453,191,0.9948,0.00671,good
1789656241769035045,-10.73516415278424,1.7573087772228977,-0.4119684714342767,203,0.9951,0.00793,good
1789656241869032248,-10.715477217312781,1.7486130922380474,-0.4293127253086431,196,1.0,0.00689,good
1789656241979079307,-10.69750158395342,1.7407682030588791,-0.4466466674913738,197,1.0,0.00837,good
1789656242079041819,-10.682140884739415,1.7332585282951194,-0.4766307869714288,191,1.0,0.00984,good
1789656242189044532,-10.662826054118456,1.7224195805612212,-0.4959967359778655,197,0.9949,0.00772,good
1789656242289048855,-10.647945560347615,1.71144244828979,-0.5089905426817725,200,1.0,0.00824,good
1789656242399048642,-10.627065735921935,1.7013275701321653,-0.5317211059181679,194,1.0,0.00622,good
1789656242499045649,-10.609906079198995,1.6923476171444276,-0.5486265776040116,198,0.9899,0.00458,good
1789656242609059178,-10.591969428645593,1.679488347095531,-0.5631039725138545,199,1.0,0.00521,good
1789656242709088988,-10.575923646533456,1.6695675218282828,-0.5805945654854681,200,1.0,0.0079,good
1789656242809044636,-10.55928040911041,1.659193225298922,-0.5952854136105865,190,1.0,0.00518,good
1789656242919051442,-10.54273401032959,1.6473684197827285,-0.6207153152619792,200,1.0,0.00628,good
1789656243019042596,-10.527785031859322,1.6373941925190465,-0.6465928469449572,205,1.0,0.00729,good
1789656243119057503,-10.512243457317782,1.624364335838659,-0.6587967959907728,204,0.9951,0.00599,good
1789656243229052229,-10.49485453505972,1.6097110025792403,-0.6776941050834238,197,1.0,0.00564,good
1789656243339049233,-10.479304270059812,1.5937181303892816,-0.6960562252521856,195,1.0,0.00938,good
1789656243439033376,-10.465871191863235,1.5815447071468494,-0.712892109084191,193,1.0,0.00949,good
1789656243539040672,-10.45357273943732,1.5692035088078273,-0.7289766066961223,201,0.9851,0.01139,good
1789656243649046844,-10.43590580674418,1.5562077756018449,-0.748735135598848,201,1.0,0.00703,good
1789656243749042971,-10.421274523778436,1.5443813438598544,-0.7762648030671591,196,1.0,0.00656,good
1789656243849059026,-10.406560183948837,1.532742378582884,-0.797539858305248,200,1.0,0.00772,good
1789656243959047103,-10.392304630815534,1.5140176099356077,-0.8127677716612143,202,1.0,0.00603,good
1789656244059488221,-10.378169753489166,1.5003272905661067,-0.824304157104278,199,1.0,0.00844,good
1789656244169053463,-10.365761237253334,1.4878893747368616,-0.8530748157057373,197,0.9949,0.00753,good
1789656244269051303,-10.3517105726809,1.4733912095933988,-0.8638227915619424,203,1.0,0.01024,good
1789656244379021188,-10.338831431531329,1.4562904717244838,-0.8887611936831166,198,1.0,0.00723,good
1789656244478998265,-10.3263007047585,1.4416196958859109,-0.9027646627652823,203,0.9951,0.00971,good
1789656244579550163,-10.313915754797222,1.4255486602341378,-0.9237794915668743,205,1.0,0.00697,good
1789656244689038244,-10.301103517538815,1.4097402725347923,-0.9406320994345558,189,1.0,0.00769,good
1789656244789052772,-10.290073735912769,1.3942965041499158,-0.9595333354177938,202,0.995,0.00789,good
1789656244889063762,-10.276658772401728,1.3792667673901708,-0.9787369508397872,197,1.0,0.00763,good
1789656244999051318,-10.26515409184644,1.3608359258349658,-1.002926526925535,200,1.0,0.0059,good
1789656245099188511,-10.253040729226575,1.343437913564851,-1.013471906691619,206,1.0,0.01201,good
1789656245209056174,-10.242688467989309,1.3283852420413518,-1.0410370909117843,198,0.9949,0.00975,good
1789656245309109182,-10.232444091627022,1.3096431165519427,-1.0582506872826996,198,1.0,0.01011,good
1789656245419050487,-10.222954454242986,1.2907672874495146,-1.0880246663295863,197,1.0,0.00642,good
1789656245519063081,-10.215894005216226,1.272353412255365,-1.0964065358085675,198,1.0,0.0057,good
1789656245629014295,-10.207730924746803,1.2546488164647709,-1.1134469753247684,203,1.0,0.0086,good
1789656245729070173,-10.19903073821779,1.2354465514361528,-1.106556570376908,194,1.0,0.00612,good
1789656245829075728,-10.193906537841334,1.212638421826117,-1.109679293421742,198,0.9899,0.00638,good
1789656245939048539,-10.186196105204619,1.1926205454259335,-1.1099959575806226,192,1.0,0.00672,good
1789656246039153383,-10.176970405583385,1.172631273370778,-1.112521254727657,201,1.0,0.00626,good
1789656246149043642,-10.1658406144795,1.156313167025477,-1.1178777434893592,199,1.0,0.00894,good
1789656246249054339,-10.158624828458185,1.1369706348874744,-1.1186042696518934,198,1.0,0.00734,good
1789656246359009738,-10.14719174490758,1.1181799194765873,-1.103460513610225,202,1.0,0.01088,good
1789656246459053311,-10.139694853958385,1.0998614315082405,-1.1107848767186825,200,1.0,0.00696,good
1789656246559056784,-10.129863783133569,1.0834863932913597,-1.1066671832860744,203,0.9901,0.00557,good
1789656246669358724,-10.121734084650377,1.0648408468880761,-1.1046238181498185,197,1.0,0.00528,good
1789656246769049922,-10.112853784578975,1.0470468054541964,-1.1130970969964287,201,1.0,0.00782,good
1789656246869046543,-10.105777924774209,1.0330084870556002,-1.1194972144909576,198,1.0,0.00763,good
1789656246979044338,-10.095110394862457,1.0083310725941352,-1.1157396317748047,195,1.0,0.00491,good
1789656247089112471,-10.086321795318895,0.9889112275195382,-1.115623849957171,200,1.0,0.00914,good
1789656247189078228,-10.078612963494365,0.9709026146210659,-1.1176365377980224,199,1.0,0.00645,good
1789656247299047797,-10.068620189038485,0.9516688908251963,-1.1141496215621116,197,1.0,0.00825,good
1789656247399145039,-10.060168840726881,0.9324810130553101,-1.116531544096928,203,0.9951,0.00797,good
1789656247499055434,-10.052943804660947,0.9147842471485392,-1.1202905269921646,199,1.0,0.00968,good
1789656247609042599,-10.042236012204494,0.8937332360440606,-1.1139659817968808,199,1.0,0.01126,good
1789656247709052011,-10.030022107778048,0.8750197706279208,-1.1038512496141293,195,0.9949,0.01065,good
1789656247809038475,-10.018837865273433,0.8576519614329885,-1.1105805465641068,201,1.0,0.00896,good
1789656247919047569,-10.008967116532908,0.8381851791590487,-1.1102383573207908,200,0.995,0.01254,good
1789656248019042998,-9.998254494559847,0.8184133962400053,-1.1104798217005263,201,1.0,0.00883,good
1789656248129060410,-9.989948630608927,0.7993852780246222,-1.115283775243187,192,1.0,0.00927,good
1789656248229061148,-9.980451554441553,0.7797540340111808,-1.1122369457493912,198,1.0,0.00838,good
1789656248339401781,-9.97310292514137,0.762252892068086,-1.1178245107781264,198,0.9949,0.00755,good
1789656248439057184,-9.963270632617592,0.7443873548978854,-1.1108839084342679,203,1.0,0.01044,good
1789656248539040031,-9.954772524213933,0.7264336459846535,-1.108679368938413,198,0.9899,0.00823,good
1789656248649035161,-9.944057851700212,0.7087673895060866,-1.1013160020264048,199,1.0,0.00915,good
1789656248749038233,-9.93613139138067,0.6920791674390172,-1.1079849771950043,195,1.0,0.00645,good
1789656248849037287,-9.925528654673272,0.6737819161978145,-1.108892374523727,206,1.0,0.00756,good
1789656248959145565,-9.914430232543458,0.6539539882684262,-1.1090449965493507,196,0.9949,0.00697,good
1789656249059042407,-9.906227368552527,0.6354734421288644,-1.1003759647770368,197,1.0,0.00892,good
1789656249169082399,-9.896508302855109,0.6170444677096332,-1.108737122404314,205,0.9951,0.00763,good
1789656249269060222,-9.887545704440939,0.598879578441285,-1.110233190079015,199,1.0,0.00588,good
1789656249379044019,-9.876791306883517,0.5805602132676377,-1.106625094436483,199,1.0,0.00923,good
1789656249479034826,-9.86861572714251,0.5625919758957063,-1.1066626011404568,200,1.0,0.00734,good
1789656249579031522,-9.85951995498383,0.5443208386890703,-1.1077767487754875,200,1.0,0.00785,good
1789656249689020561,-9.849006861795637,0.5238092708845536,-1.1100488665756798,197,1.0,0.00605,good
1789656249789128202,-9.8404367100352,0.5058074704621605,-1.1103558886014258,200,1.0,0.00653,good
1789656249889304317,-9.831142098216558,0.48834085821931156,-1.1076550343019316,197,1.0,0.00547,good
1789656249999048241,-9.821025204359117,0.46793163179456343,-1.1075084444182777,200,1.0,0.00602,good
1789656250099049255,-9.811857919543968,0.45065907549139533,-1.10616184177745,200,1.0,0.00471,good
1789656250209069154,-9.803062280638015,0.432096488428788,-1.1038036872476378,199,1.0,0.00639,good
1789656250319048491,-9.791478196769427,0.41130928774269043,-1.1049955355911385,200,1.0,0.00561,good
1789656250419037590,-9.783480069199424,0.3944015869903777,-1.1057561800366982,199,1.0,0.00782,good
1789656250519035727,-9.775306735620864,0.3777327947448086,-1.104085857654859,201,1.0,0.00701,good
1789656250619055127,-9.764776470609663,0.3602956365157828,-1.0926310033336775,202,0.9901,0.00852,good
1789656250729050541,-9.756560392689238,0.34318654185184716,-1.0965763554375239,199,1.0,0.00769,good
1789656250829097964,-9.747363448898017,0.32476939945614863,-1.0959809616828446,199,1.0,0.00535,good
1789656250939047241,-9.737229462898654,0.30356042348217693,-1.0957423609529864,199,1.0,0.00629,good
1789656251039063489,-9.729230244106578,0.2885871548917619,-1.0970179140741847,200,1.0,0.00546,good
1789656251149025438,-9.719051999941431,0.2689446627929061,-1.0952694538677774,207,1.0,0.00695,good
1789656251249035816,-9.710097577999031,0.2519058973186097,-1.0973200848438174,201,1.0,0.00796,good
1789656251359037975,-9.699915099852007,0.23316735558790644,-1.1003141098745728,202,0.995,0.00556,good
1789656251459054854,-9.69053805137018,0.21418398622834084,-1.0911019377192785,207,1.0,0.00819,good
1789656251559046710,-9.681729640755341,0.19834647689827567,-1.100188354964143,197,1.0,0.0083,good
1789656251669045517,-9.672588051973568,0.18222005480135642,-1.0943074843517915,204,0.9951,0.00637,good
1789656251769053894,-9.662786899647662,0.16279795837695432,-1.0976099809215916,200,1.0,0.00632,good
1789656251869065901,-9.65269240580177,0.14458152799686327,-1.099856191954473,205,1.0,0.00698,good
1789656251979191156,-9.641142855910974,0.12566978863622313,-1.092185306023959,202,0.995,0.00741,good
1789656252079076445,-9.632077831331104,0.1070629182360603,-1.0970427815082913,200,1.0,0.00679,good
1789656252189038030,-9.622326743900325,0.0877396617596961,-1.0953437831777644,202,1.0,0.00614,good
1789656252289049406,-9.612080993774043,0.07052750958075957,-1.0895172699110172,203,0.9951,0.00807,good
1789656252399071907,-9.604122477440114,0.053077934596317176,-1.1042900840681418,200,1.0,0.0065,good
1789656252499036812,-9.59529247123719,0.03506340792878682,-1.1020962131014793,203,0.9951,0.00515,good
1789656252599082379,-9.586631728408769,0.014003701009528472,-1.0994225602529861,194,1.0,0.00663,good
1789656252709059466,-9.57747259170081,-0.0027179546486023193,-1.1002888129809938,200,1.0,0.0061,good
1789656252809081047,-9.567229811163575,-0.021859387512384483,-1.1006944972949226,195,1.0,0.00452,good
1789656252919287523,-9.555684423671137,-0.042842298493808065,-1.0915037726476433,197,1.0,0.00936,good
1789656253019056657,-9.546951522851229,-0.0611593241464415,-1.0965613369337535,193,1.0,0.00945,good
1789656253129046159,-9.538595075697511,-0.0786181924329087,-1.0975635507499073,205,1.0,0.00734,good
1789656253229122322,-9.528616345888286,-0.09557620933964273,-1.102270718964354,199,1.0,0.00751,good
1789656253339025089,-9.518395462395306,-0.11361657895687452,-1.104850100153188,200,1.0,0.00691,good
1789656253439046020,-9.507109297900195,-0.1339123155753311,-1.0963339050420002,195,1.0,0.00842,good
1789656253539062711,-9.499277265399419,-0.1514749042569588,-1.0986358886279481,195,1.0,0.00601,good
1789656253639049674,-9.490525647710081,-0.1679234397973426,-1.1004316964750702,197,1.0,0.00786,good
1789656253749038399,-9.481153851454227,-0.18799483444702944,-1.0962610710372298,196,1.0,0.00662,good
1789656253849066535,-9.470435330877056,-0.20861077103133197,-1.0898521895307491,198,1.0,0.00717,good
1789656253959004363,-9.460921598915988,-0.2284006124167689,-1.0941518897224152,198,1.0,0.00658,good
1789656254059048537,-9.451864775746957,-0.24576168214258104,-1.0968949368594727,196,1.0,0.00487,good
1789656254169360692,-9.442693695353102,-0.26283468886910843,-1.0985606572241624,195,1.0,0.00972,good
1789656254269046384,-9.428944881850253,-0.28532079508335173,-1.087162035185598,196,1.0,0.01205,good
1789656254379089662,-9.421136209387774,-0.302537549765895,-1.0830770107435568,198,0.9949,0.00821,good
1789656254479045139,-9.411382839602235,-0.3207569559327127,-1.084186806184759,199,1.0,0.00553,good
1789656254579080480,-9.401527772430407,-0.3411090274677928,-1.0919738626032383,195,1.0,0.01111,good
1789656254689052006,-9.392251178414485,-0.3579918950704196,-1.0916823575360761,198,1.0,0.00935,good
1789656254789035764,-9.383178861389597,-0.37847434396237106,-1.09382580856283,192,1.0,0.00791,good
1789656254899050186,-9.373386328258224,-0.3988889446885645,-1.095192028680007,199,1.0,0.00955,good
1789656254999075655,-9.361047411895061,-0.41967744964610687,-1.092605000981971,198,0.9949,0.01094,good
1789656255109052514,-9.35063675704599,-0.44145907822331176,-1.0966912613208015,198,0.9949,0.00929,good
1789656255209060240,-9.340097788911745,-0.4598692371161262,-1.0974036186501162,195,1.0,0.00918,good
1789656255309042315,-9.330652437851256,-0.47851644055865894,-1.1056233079814197,194,1.0,0.00664,good
1789656255419088749,-9.321214728162222,-0.49667011479973955,-1.1119456133170262,196,1.0,0.00613,good
1789656255519048987,-9.312185315534759,-0.5126223383123019,-1.1078389143383431,202,1.0,0.00789,good
1789656255618992795,-9.303664009325779,-0.5300814629185846,-1.1120970531733845,194,1.0,0.00569,good
1789656255729057066,-9.295028985446224,-0.5489270479055348,-1.1145957421865822,197,1.0,0.00554,good
1789656255839054067,-9.288124797021291,-0.5656101565030639,-1.112438372242224,202,1.0,0.00584,good
1789656255939058515,-9.279299175446774,-0.5835773564850082,-1.107564518516096,199,1.0,0.00769,good
1789656256049172285,-9.27152605511514,-0.6001417100271208,-1.113137940060238,196,1.0,0.00606,good
1789656256149041751,-9.26648323630576,-0.6191456012856572,-1.1097961097515443,195,1.0,0.00912,good
1789656256249031976,-9.260589510304554,-0.6376221394484483,-1.0913675878244187,196,1.0,0.00807,good
1789656256359013206,-9.253470759221539,-0.656613675926691,-1.0783311740681116,195,1.0,0.00816,good
1789656256459017730,-9.24455923875807,-0.6750474703384423,-1.0525559090552739,198,1.0,0.00505,good
1789656256559015623,-9.237351347380717,-0.6916389904646388,-1.035714295785841,201,1.0,0.0071,good
1789656256669521695,-9.22570327303297,-0.7138706919577995,-1.0163721099529417,199,1.0,0.0059,good
1789656256779074375,-9.215644351308566,-0.7306725279727363,-0.9976584646893107,195,1.0,0.00592,good
1789656256879048543,-9.205181062528064,-0.7460075949719328,-0.97496668785392,200,1.0,0.00604,good
1789656256979053807,-9.195160449359818,-0.7596768155937277,-0.9518660384653138,196,1.0,0.00899,good
1789656257089045246,-9.183594667793642,-0.7774005013373548,-0.9303300307859143,198,1.0,0.00715,good
1789656257189034418,-9.169523057134452,-0.7917937494308473,-0.9084680750729588,195,1.0,0.00867,good
1789656257289034407,-9.157637467446675,-0.8066524105886516,-0.8919622231630255,199,1.0,0.00696,good
1789656257399031445,-9.143414996135412,-0.8252737904618318,-0.8744919051819109,199,1.0,0.00761,good
1789656257499053122,-9.132729502547594,-0.8392110057271357,-0.8522910071386944,193,1.0,0.00704,good
1789656257609083944,-9.116943654013713,-0.860289444965457,-0.8412221422522033,191,1.0,0.00682,good
1789656257719057905,-9.102620152940721,-0.8785338558161234,-0.8215777008771801,197,1.0,0.00685,good
1789656257819120792,-9.087817626223368,-0.8958183618653497,-0.7987108695565424,200,1.0,0.00713,good
1789656257919032285,-9.074026775208408,-0.9060029759714903,-0.7689046397454401,196,1.0,0.0143,good
1789656258019039318,-9.064386498418337,-0.918312446784021,-0.7451340592079989,196,1.0,0.00782,good
1789656258129007845,-9.047901765365193,-0.9342134937500781,-0.7245073913467428,196,1.0,0.00706,good
1789656258229035933,-9.03283394972292,-0.9469367952777558,-0.7028394312195412,198,1.0,0.00551,good
1789656258339002904,-9.017496237533946,-0.9601330612632839,-0.6821781377588165,198,0.9949,0.0065,good
1789656258439048607,-9.003985277070296,-0.9698665293740474,-0.6607207472646092,195,0.9949,0.00838,good
1789656258549094109,-8.987500765764798,-0.9826862247063625,-0.6440530704704523,199,1.0,0.00928,good
1789656258649041574,-8.974287198839388,-0.9936434624182239,-0.6244859431772165,198,0.9949,0.00849,good
1789656258759133842,-8.955915374675197,-1.0065059456970038,-0.6069622902137832,199,0.995,0.00803,good
1789656258859036189,-8.940651130168847,-1.0193682704618159,-0.5873475226640379,199,1.0,0.01181,good
1789656258958998564,-8.923128365710866,-1.0307362002386058,-0.5673578397022558,194,0.9948,0.01065,good
1789656259059476163,-8.905336570696763,-1.04223411390706,-0.5508190864935758,197,1.0,0.00682,good
1789656259169043991,-8.889286379272107,-1.0568395030143471,-0.5334131355237182,198,1.0,0.01108,good
1789656259269065583,-8.871442259195186,-1.0682780106453167,-0.5088884422217552,197,1.0,0.01015,good
1789656259379058885,-8.851714988625544,-1.07893919930539,-0.4836312997285044,198,1.0,0.00771,good
1789656259479091960,-8.832028309720641,-1.0891204020548504,-0.4587770745291791,197,1.0,0.005,good
1789656259589032198,-8.812302631151352,-1.098706784639648,-0.4440599201074991,198,0.9949,0.0077,good
1789656259689001560,-8.793736235927787,-1.109255113951068,-0.4170291410486888,196,1.0,0.00831,good
1789656259799043258,-8.776256138812773,-1.1191379771124499,-0.39920076182827047,199,1.0,0.01215,good
1789656259899098336,-8.75949355023045,-1.1264180574950307,-0.3759990073406921,192,1.0,0.00849,good
1789656259999064123,-8.739205365367061,-1.1338627483571866,-0.35494795148828495,195,1.0,0.00828,good
1789656260109053294,-8.720520981807537,-1.1389555849067103,-0.33613017933277356,198,0.9899,0.00678,good
1789656260209057277,-8.699428158406324,-1.1458356604421893,-0.31777438655995227,194,1.0,0.00746,good
1789656260309069780,-8.67988106119293,-1.1523004117902076,-0.3007792305964741,194,1.0,0.00738,good
1789656260419065817,-8.660477519866179,-1.1575033011248184,-0.27836603308518293,194,1.0,0.01018,good
1789656260519121808,-8.63884918151157,-1.1601650002541406,-0.25763233711176015,200,1.0,0.0091,good
1789656260629030647,-8.617141292835507,-1.1649481231285934,-0.23038371124310178,196,0.9949,0.00565,good
1789656260729024091,-8.599610110399038,-1.1682406101281755,-0.21307794737053265,196,1.0,0.00683,good
1789656260839050781,-8.578117200568158,-1.1731964580257968,-0.19331791121412878,197,1.0,0.006,good
1789656260939050375,-8.557755273964101,-1.177552339693121,-0.17254325608831447,199,0.995,0.00872,good
1789656261049051013,-8.535873921891481,-1.1801196370264029,-0.15230510684716617,194,1.0,0.00616,good
1789656261149066670,-8.517257941615961,-1.1792220538826983,-0.14093925977039867,198,1.0,0.0098,good
1789656261249073789,-8.496785894232023,-1.1799899152798952,-0.12002455912643331,198,1.0,0.01019,good
1789656261359040502,-8.475022312375845,-1.1823980005502808,-0.09606830009679991,201,1.0,0.00669,good
1789656261459054844,-8.452529282117009,-1.1857625151267421,-0.07996598056669436,202,1.0,0.00969,good
1789656261569121795,-8.432131517102746,-1.189746310727991,-0.061923966792863064,204,0.9951,0.00903,good
1789656261669031992,-8.41126988791856,-1.1910575364623892,-0.046431653229302115,202,1.0,0.00701,good
1789656261779058029,-8.389310930570266,-1.1931567025142302,-0.02205937887467282,200,1.0,0.00649,good
1789656261879048201,-8.366090937514667,-1.1958360798564829,-0.005283192491765366,203,1.0,0.00687,good
1789656261979155706,-8.34498296311576,-1.1951183421898703,0.003961013970636283,204,0.9951,0.00575,good
1789656262089035316,-8.320655912459546,-1.1954875825826534,0.008611687124028688,206,0.9951,0.00619,good
1789656262189060593,-8.296153405403828,-1.1962784534869564,0.01533965102415078,205,1.0,0.00758,good
1789656262299038322,-8.272909609783538,-1.1989842481195976,0.015096216134619065,203,1.0,0.00989,good
1789656262399036224,-8.2502997300825,-1.1973280498624308,0.01294358498729917,207,1.0,0.0081,good
1789656262509068481,-8.228094295101354,-1.1969808446874373,0.013585052121527252,205,1.0,0.00996,good
1789656262609081107,-8.204848384832633,-1.1979502430619444,0.014722183372478635,209,0.9952,0.00472,good
1789656262709053764,-8.184754712204045,-1.1966375044742175,0.011873521934072182,203,1.0,0.00559,good
1789656262819194204,-8.16041035975359,-1.1956258564826874,0.008350220154566412,205,0.9951,0.00563,good
1789656262919051177,-8.13829215239993,-1.1946396749300479,0.012077227102919006,208,1.0,0.007,good
1789656263029054347,-8.117219909034546,-1.194327601397176,0.011681107551829694,211,0.9953,0.00592,good
1789656263129050497,-8.093960406969423,-1.1949907560603172,0.010946491269578229,210,1.0,0.00602,good
1789656263239057024,-8.074022341619225,-1.194163231807514,0.00925118863390193,213,1.0,0.00837,good
1789656263339086086,-8.05230345355113,-1.1940510509792628,0.012604920023391952,213,1.0,0.00765,good
1789656263449012583,-8.031400334247909,-1.1939183356805285,0.014031225341470699,213,1.0,0.00556,good
1789656263549049628,-8.011439285489518,-1.1965223039524329,0.013613326604674934,213,1.0,0.00535,good
1789656263649057835,-7.990802555475542,-1.1980517591186741,0.01546296634090869,211,1.0,0.00601,good
1789656263759057658,-7.96856869961388,-1.1979876591121574,0.015570986948776988,211,1.0,0.00723,good
1789656263859044788,-7.948492068203611,-1.1988577985379603,0.018062084350219474,213,1.0,0.00526,good
1789656263969069374,-7.92698718006956,-1.2006924285935219,0.023844260180977385,212,1.0,0.00727,good
1789656264079068952,-7.904964252952491,-1.1992947193598147,0.020997648558987093,215,1.0,0.00995,good
1789656264179069888,-7.886339498984516,-1.1974246209930948,0.019473820793652872,213,1.0,0.0066,good
1789656264279063954,-7.867202180694784,-1.19600316616481,0.023782416107179325,215,1.0,0.0098,good
1789656264379042479,-7.8456194684576985,-1.198532006039484,0.02625938349752641,215,1.0,0.00657,good
1789656264489043374,-7.825170972704748,-1.1971918186291695,0.02067810443004323,214,1.0,0.00874,good
1789656264589042255,-7.805980043024873,-1.1985313112165932,0.019766070630747846,214,1.0,0.00587,good
1789656264699048003,-7.78519612673698,-1.1987630556910056,0.02506088795890247,214,1.0,0.00776,good
1789656264799042864,-7.765889357011839,-1.1997191299277794,0.03772236284988725,216,1.0,0.0075,good
1789656264910028795,-7.7462201751510165,-1.1977661880406825,0.05498603246803821,218,1.0,0.0078,good
1789656265009051431,-7.725299932355224,-1.197124876543198,0.07083568399183068,217,1.0,0.00746,good
1789656265119051270,-7.706484840993888,-1.1941800640575657,0.09574948498563327,217,1.0,0.00826,good
1789656265219076033,-7.68713330749401,-1.1907837693736427,0.11408312536364004,218,1.0,0.01029,good
1789656265319131061,-7.666825098178214,-1.187682476247944,0.13357890841109363,216,1.0,0.0117,good
1789656265429036033,-7.646806495250353,-1.1850709142104618,0.15600517394802413,218,1.0,0.00985,good
1789656265529063650,-7.6258102500163565,-1.18314362212362,0.17064577841934866,215,1.0,0.00674,good
1789656265639050004,-7.604297693674058,-1.1802043757205345,0.19357273034201203,220,1.0,0.00803,good
1789656265739046634,-7.583392154361672,-1.1767611558326374,0.2113645401241617,216,1.0,0.01005,good
1789656265849058585,-7.56317450489194,-1.1700965244648251,0.2314421525786032,218,1.0,0.01154,good
1789656265949049548,-7.543955826970304,-1.164549056987007,0.2496178209441646,219,1.0,0.01201,good
1789656266049040223,-7.5244844117950835,-1.161462206531662,0.2694070021735191,220,1.0,0.00898,good
1789656266159002074,-7.5050772889889705,-1.1555156529686739,0.2897779548452488,219,1.0,0.00916,good
1789656266269054846,-7.485148688934109,-1.1493302462643005,0.31795235222979357,218,1.0,0.00457,good
1789656266369044207,-7.465211677289338,-1.14193568472827,0.34084277105827865,221,1.0,0.01149,good
1789656266479051286,-7.4463963607692705,-1.1340598551811503,0.3583554960837725,221,1.0,0.00956,good
1789656266579040444,-7.427355109210536,-1.1251688884459385,0.37316009943605594,220,0.9955,0.0096,good
1789656266679070404,-7.412743264630193,-1.120624726909196,0.3929107122132238,220,1.0,0.00959,good
1789656266789047294,-7.391746063186816,-1.1100990171532175,0.4002380233217051,220,1.0,0.00828,good
1789656266889042896,-7.3748586650068315,-1.099045996306703,0.403410283091725,220,1.0,0.01096,good
1789656266999041345,-7.354301335364221,-1.0931219977860422,0.40794541388952305,220,1.0,0.00768,good
1789656267099049205,-7.335730797274991,-1.0832210053273055,0.40745782744399484,222,1.0,0.00969,good
1789656267209055897,-7.318144670917829,-1.0731816691847174,0.41031874143744645,221,1.0,0.00759,good
1789656267309059808,-7.299501938390142,-1.0629905248559055,0.40842788417009296,220,1.0,0.009,good
1789656267419233560,-7.281365570083254,-1.055439368504165,0.4063741272605019,219,1.0,0.00784,good
1789656267519064965,-7.264647321304826,-1.0454887385704579,0.4053008397717776,219,1.0,0.00458,good
1789656267619146128,-7.24418610948912,-1.0362382640047387,0.40495054420668253,220,1.0,0.00671,good
1789656267729044507,-7.224392500975733,-1.026960847505947,0.4079818887155555,220,1.0,0.00703,good
1789656267839063477,-7.2054820986251995,-1.0207389385599526,0.4149526435583437,220,1.0,0.00536,good
1789656267939055646,-7.187214073698805,-1.0138114505688882,0.4097991235455269,221,1.0,0.00726,good
1789656268039044667,-7.169625974260156,-1.0058766417404548,0.40802560170696167,218,1.0,0.00577,good
1789656268149074234,-7.150971986796578,-0.9966521238009208,0.41362614079952537,222,1.0,0.00882,good
1789656268249086305,-7.132310843393253,-0.9881982139075771,0.41863124927544043,223,1.0,0.00812,good
1789656268359045584,-7.1146324411844395,-0.9790530816539209,0.4234930460714865,219,1.0,0.00576,good
1789656268459062934,-7.097713879917295,-0.9697172979373562,0.42371116845575835,220,1.0,0.01125,good
1789656268569073498,-7.079165304345052,-0.961522174351799,0.42673164642429184,221,0.9955,0.00746,good
1789656268669062436,-7.06110253083128,-0.9516377418436492,0.4235767842663074,222,0.9955,0.00728,good
1789656268779073463,-7.044187686799184,-0.9432657016294784,0.4270077161564047,221,0.9955,0.00875,good
1789656268879068977,-7.026919462376553,-0.9352437816153492,0.4304868562319954,222,0.9955,0.01182,good
1789656268979046951,-7.0097291360519804,-0.927412258487203,0.4281895637629345,221,1.0,0.00761,good
1789656269079057929,-6.990271695997158,-0.9188648910884147,0.42423454917157577,218,0.9954,0.00559,good
1789656269189106352,-6.9704176668476165,-0.90945581082846,0.42068629248786826,223,1.0,0.0071,good
1789656269299070838,-6.951984346201921,-0.9028557772451614,0.419880973848018,223,0.9955,0.00545,good
1789656269399039452,-6.9340925622891865,-0.8936931491673152,0.41866032879614834,222,1.0,0.00691,good
1789656269509048999,-6.913516463828592,-0.8855080502504867,0.4216169801853853,224,0.9955,0.00841,good
1789656269609067862,-6.895774349345444,-0.8764412557174686,0.4176174512120132,227,1.0,0.00619,good
1789656269709065777,-6.875383322848554,-0.868315171225951,0.41381438272260035,222,0.9955,0.00523,good
1789656269819070176,-6.8561013452715045,-0.861621046523995,0.41207271126370393,221,1.0,0.0047,good
1789656269919309774,-6.835252081956186,-0.85387447536498,0.4090630888106223,224,0.9911,0.00437,good
1789656270019086234,-6.816398053959221,-0.8448970880756335,0.4084185404406228,223,1.0,0.00617,good
1789656270129049241,-6.797132846460849,-0.8369200945114094,0.4132728446042291,227,1.0,0.00754,good
1789656270229042780,-6.7778989651556,-0.8273137415980065,0.4167315453970201,225,0.9956,0.01036,good
1789656270339053034,-6.7563273429087225,-0.8175425378882666,0.4203909640484739,230,1.0,0.00806,good
1789656270449056250,-6.737244891061888,-0.8090369448741551,0.42248088168602194,227,1.0,0.0081,good
1789656270549048900,-6.718792195089795,-0.8022010467813911,0.4270721139670124,223,1.0,0.0061,good
1789656270649064015,-6.70131339836752,-0.7959210646687924,0.42859227154400137,226,1.0,0.00681,good
1789656270749047682,-6.686609579136237,-0.7868036805807059,0.43027687315937485,225,1.0,0.01194,good
1789656270859043101,-6.667273485272287,-0.7767566050720887,0.44880272434926716,222,1.0,0.0073,good
1789656270958992004,-6.651251026982575,-0.7683707860653578,0.4445710806364287,228,0.9912,0.00525,good
1789656271069051164,-6.629788835783407,-0.7621245613805824,0.4564819222034424,227,0.9956,0.00825,good
1789656271179051810,-6.61043082240749,-0.7519981275930012,0.4557833786568748,228,1.0,0.00975,good
1789656271279052493,-6.590665627643402,-0.7416676967451321,0.45679435641421917,226,0.9956,0.00614,good
1789656271379041507,-6.575577415912528,-0.733454952820469,0.4568278142183677,228,1.0,0.00605,good
1789656271489042931,-6.551729294294785,-0.7222937899144359,0.46319214219016275,225,1.0,0.00742,good
1789656271589041503,-6.532480318291941,-0.7137843416764931,0.4650525523104922,228,1.0,0.00431,good
1789656271689057947,-6.5155449309819655,-0.7051724094127143,0.4609465397025329,222,1.0,0.00369,good
1789656271799066372,-6.494958423036179,-0.6956894515768922,0.4593496680136863,222,1.0,0.00304,good
1789656271899033235,-6.477019232237569,-0.6868886047119508,0.4571689509098104,224,0.9955,0.00432,good
1789656272009045359,-6.457813338935081,-0.6789588901466914,0.45950910639448117,224,1.0,0.00497,good
1789656272109051112,-6.440036246914928,-0.6715772770246514,0.45649730983217274,223,1.0,0.00525,good
1789656272219047188,-6.420526888095836,-0.6620374675265943,0.4576684955774579,223,1.0,0.00383,good
1789656272329041819,-6.4035585499095005,-0.6513353860140026,0.4500816882094332,225,1.0,0.00758,good
1789656272419047565,-6.385965966718686,-0.6426767662852839,0.4494003528594949,221,1.0,0.00751,good
1789656272529052975,-6.367126513488348,-0.6322942623544636,0.4482368238171916,225,1.0,0.00515,good
1789656272629035114,-6.350700806431997,-0.6236553046111764,0.45104023666255144,222,1.0,0.00623,good
1789656272729050240,-6.335462005732616,-0.6162704677747077,0.4577439858540317,222,1.0,0.00781,good
1789656272839048501,-6.316407068337002,-0.6066418826052011,0.46037112120522367,222,0.991,0.00325,good
1789656272939046699,-6.297263161251606,-0.5969703600312426,0.45641629463313627,223,1.0,0.01091,good
1789656273049048972,-6.277880902853149,-0.5879313291739837,0.4595732167591586,225,1.0,0.00562,good
1789656273149051111,-6.261349308807047,-0.5794046029527645,0.46153125010639307,224,1.0,0.00554,good
1789656273259032413,-6.240354746108669,-0.5688925035493617,0.4639667531773186,224,1.0,0.00706,good
1789656273359041034,-6.223432815937585,-0.5604079271766229,0.4642950322593842,227,1.0,0.00533,good
1789656273469038746,-6.204173499893542,-0.5506970656524619,0.4680718023273476,225,1.0,0.0051,good
1789656273569046348,-6.187170513987405,-0.5420182714494735,0.46358411387516774,225,0.9956,0.00434,good
1789656273669182043,-6.169890758764297,-0.5341750016735887,0.4648789934288613,225,1.0,0.00714,good
1789656273779034715,-6.149598413857786,-0.5250894468577807,0.4667034773620064,225,1.0,0.00486,good
1789656273879075378,-6.132714657611059,-0.5157709202917677,0.466546975023373,224,1.0,0.00524,good
1789656273989033714,-6.113273300616271,-0.5056695636254266,0.46305547955912885,225,1.0,0.0059,good
1789656274089031956,-6.095379683055315,-0.49611008496743425,0.46061155725442554,225,1.0,0.005,good
1789656274199033415,-6.0763878999630325,-0.48456771128498,0.45733255249147725,225,1.0,0.00749,good
1789656274299035459,-6.057710098831888,-0.4759250177549666,0.4590927209313553,227,1.0,0.0075,good
1789656274399045226,-6.039124576157651,-0.46666064752714775,0.4623606414885654,225,1.0,0.00441,good
1789656274509060872,-6.021418968965296,-0.4580246331935931,0.4614106959924162,226,1.0,0.00513,good
1789656274609045821,-6.005429077719798,-0.4495336577241995,0.46091027052974604,227,1.0,0.00904,good
1789656274709444420,-5.9864561948361565,-0.4406392790846413,0.4593893885509226,226,0.9956,0.00704,good
1789656274819039952,-5.966824646969607,-0.43119166914929047,0.45772634187131245,225,1.0,0.00492,good
1789656274919054461,-5.94743059655221,-0.42114116886419056,0.4618816890780957,228,1.0,0.00793,good
1789656275029028707,-5.92842870126768,-0.40844607385328835,0.4574249370661361,226,1.0,0.00822,good
1789656275129043584,-5.910276811354286,-0.39924066524051777,0.45619548351906203,224,1.0,0.00547,good
1789656275239040068,-5.889942640926762,-0.3909664024857355,0.45793496615437745,228,1.0,0.00554,good
1789656275339062483,-5.872322199965974,-0.3808565007953906,0.4552559388838089,226,1.0,0.00495,good
1789656275439059395,-5.853723660298358,-0.3717837572904975,0.45922610134109987,225,1.0,0.00581,good
1789656275549070029,-5.835367945661578,-0.36219004439922003,0.4634444686069583,227,1.0,0.00307,good
1789656275649221388,-5.8164276295433535,-0.35305026587244637,0.4666893865303281,226,1.0,0.00604,good
1789656275759037163,-5.797521744711066,-0.3435174387757427,0.46494553235484637,226,1.0,0.00608,good
1789656275859037241,-5.77870593173125,-0.33417340458357714,0.46589767808324795,225,1.0,0.00507,good
1789656275969052210,-5.7596132530945106,-0.32468242367840083,0.4679115537577727,225,1.0,0.00701,good
1789656276069052208,-5.7412340862311755,-0.315924806344662,0.469180544782384,228,1.0,0.0098,good
1789656276179063444,-5.720755074256819,-0.3053733341734034,0.46784066775853866,226,1.0,0.00713,good
1789656276279044982,-5.701758450196553,-0.29553819839545226,0.46791427859176493,225,1.0,0.00623,good
1789656276379059339,-5.683492401129561,-0.28898153835744445,0.460577393682964,226,1.0,0.00725,good
1789656276489098745,-5.662977024927696,-0.2797145114456763,0.4461793610032847,226,1.0,0.00529,good
1789656276589056835,-5.642190182019682,-0.26805458437666485,0.43218767226183247,227,1.0,0.00658,good
1789656276689050709,-5.624296703121952,-0.2607099295353129,0.4180933055342739,225,1.0,0.00579,good
1789656276799054961,-5.605047203712796,-0.25271089597821605,0.39994179291096166,225,1.0,0.00555,good
1789656276899053909,-5.585743846691637,-0.24297895182511978,0.3781314057374965,224,1.0,0.00567,good
1789656277009709320,-5.567323169331419,-0.2337825121957935,0.3665101332455796,226,1.0,0.00406,good
1789656277109039898,-5.548614315696625,-0.2264131267139816,0.3626773892577401,226,1.0,0.00461,good
1789656277219050309,-5.530029614361963,-0.21645743262439762,0.35514614657671095,227,1.0,0.00445,good
1789656277319065518,-5.508727603478763,-0.2093079952970143,0.3543668768098518,228,1.0,0.00486,good
1789656277419046760,-5.490514596717376,-0.2007178255021345,0.3485202507099332,228,1.0,0.00502,good
1789656277529036908,-5.46960236205826,-0.1939528483122644,0.35123203860418223,229,1.0,0.00813,good
1789656277629039690,-5.4493897501866595,-0.18709078832584586,0.3526189164198692,227,1.0,0.00433,good
1789656277729043824,-5.431849287713008,-0.18021071062164376,0.35174479416358445,224,1.0,0.00481,good
1789656277839057531,-5.410313674782452,-0.17365566363481016,0.35415168515672923,228,1.0,0.00528,good
1789656277949055199,-5.389794303259583,-0.16625024987230308,0.3509874666351285,229,1.0,0.00489,good
1789656278049103722,-5.3704408621653315,-0.15641840676421936,0.3427558145371951,228,1.0,0.00805,good
1789656278149039162,-5.352986820267781,-0.15023215578978777,0.3382297213714638,226,1.0,0.00491,good
1789656278259046767,-5.33108375539918,-0.14093625606814464,0.33580476746861593,230,1.0,0.00785,good
1789656278359053142,-5.313403780623048,-0.1347757855644377,0.3320727940203836,225,1.0,0.00589,good
1789656278459045145,-5.294678186936726,-0.12972296595857957,0.3314461534003923,227,1.0,0.0064,good
1789656278569053195,-5.272213235594307,-0.12137730444689213,0.33202123110174475,225,1.0,0.00622,good
1789656278669084499,-5.252992769942766,-0.11565554427326201,0.33472076219643804,227,1.0,0.00527,good
1789656278779060081,-5.232546153326697,-0.10855509757413986,0.333863555390433,227,1.0,0.0057,good
1789656278889033960,-5.214714197938952,-0.10078198916050914,0.328256827183077,226,1.0,0.00422,good
1789656278989058319,-5.19476863130312,-0.0938397840930151,0.3265670020839708,229,1.0,0.00541,good
1789656279089114881,-5.176512341165269,-0.08699739619691933,0.32221508049000896,228,1.0,0.00496,good
1789656279199067934,-5.156042231698787,-0.08015924501664028,0.31674204307272164,228,1.0,0.00447,good
1789656279299043713,-5.138571851024172,-0.0746924231690848,0.31622642149648755,226,1.0,0.00404,good
1789656279399033365,-5.120870108899643,-0.06955297378844949,0.3141127741714855,228,1.0,0.00461,good
1789656279509037406,-5.0992827912432315,-0.06103078866932301,0.31057448437226376,230,1.0,0.00568,good
1789656279609063730,-5.080760778590432,-0.05487461791268636,0.31048307031588934,227,1.0,0.00372,good
1789656279719073549,-5.058921790690355,-0.04780602533332521,0.3103456180374484,229,1.0,0.00556,good
1789656279819036938,-5.039498065088929,-0.04176585841050165,0.31418260064148895,225,1.0,0.00784,good
1789656279929070354,-5.019264706276753,-0.03412686015102889,0.31328408430701743,227,1.0,0.00492,good
1789656280029034553,-5.00014797751492,-0.026767310422050515,0.31209592064676683,228,1.0,0.00767,good
1789656280129040912,-4.982158254556414,-0.02119277360436446,0.30782393423326204,227,1.0,0.00419,good
1789656280239042705,-4.959551324465831,-0.014046895204504209,0.3126503282041139,228,1.0,0.00531,good
1789656280339044342,-4.94115074673673,-0.008858532570412178,0.31597407459502036,228,1.0,0.00888,good
1789656280449053098,-4.920081933986108,-0.0013839850736101084,0.3170404353220612,229,0.9956,0.00746,good
1789656280549054902,-4.900690088956265,0.004289441438164968,0.31438877367710355,227,1.0,0.00767,good
1789656280659040692,-4.880568670285565,0.012838638022574594,0.31071707355693484,229,1.0,0.00523,good
1789656280759043088,-4.860731401152442,0.016995297722585345,0.3115109606611879,228,1.0,0.00463,good
1789656280869061939,-4.839534533171534,0.023105017701290795,0.31098647964264864,229,1.0,0.00564,good
1789656280969044814,-4.823017257083061,0.028514593974773475,0.309251728290892,228,1.0,0.00469,good
1789656281069052207,-4.806121812373597,0.03518695932835339,0.31085512412844074,229,1.0,0.0073,good
1789656281179088109,-4.783732597356751,0.04259043925954718,0.30734593971914825,229,1.0,0.00665,good
1789656281279049910,-4.767405226927106,0.048018094807624354,0.30209864021381855,229,1.0,0.00441,good
1789656281379066329,-4.750240545760441,0.05316772538239026,0.29812527515541,229,1.0,0.00508,good
1789656281489041352,-4.730560837111227,0.060622220060316784,0.2971178235246119,228,1.0,0.00675,good
1789656281589005172,-4.712811552847146,0.0661154220670788,0.2996787768710065,227,1.0,0.00381,good
1789656281698997290,-4.69049174108176,0.07291416098598152,0.30417177217732294,225,1.0,0.00606,good
1789656281799038342,-4.672596226971906,0.07800847040750597,0.30034593253734315,226,1.0,0.00381,good
1789656281909017292,-4.651177421602964,0.0838628510916533,0.3009079145712705,230,1.0,0.00688,good
1789656282009046026,-4.63322784130574,0.08604834950842025,0.2973320593305322,229,1.0,0.00368,good
1789656282109046131,-4.616488665026009,0.09307036398248465,0.29439428140186386,230,1.0,0.00544,good
1789656282219013815,-4.596362183798403,0.10049611377651055,0.2892553573789269,227,1.0,0.00776,good
1789656282319045220,-4.577498693399236,0.10603023527536337,0.2896259464827542,229,1.0,0.00634,good
1789656282419199328,-4.5572157375906,0.11024430336370238,0.2937641795892796,228,1.0,0.00686,good
1789656282529035586,-4.537996362786058,0.11807481348384921,0.2922405282635141,230,1.0,0.005,good
1789656282629038322,-4.517257628520599,0.12403135527165882,0.30056289725676927,228,1.0,0.00897,good
1789656282739047900,-4.497696110984423,0.12729210129254537,0.3078352364874417,225,1.0,0.0059,good
1789656282839207267,-4.4802205036145395,0.13477253926825275,0.30899054727384695,228,1.0,0.0053,good
1789656282949062232,-4.461172169810284,0.1392523634565757,0.30647131544993633,226,1.0,0.00705,good
1789656283049054429,-4.442009805564194,0.14440172870416892,0.3109981006875928,227,1.0,0.00791,good
1789656283149010365,-4.423305646090671,0.1518462338422867,0.3034493180082476,224,1.0,0.00806,good
1789656283259046609,-4.403506700534559,0.157555481961973,0.30358781784867767,225,1.0,0.01055,good
1789656283359039810,-4.384676070855188,0.16115085720107464,0.3028403148480405,225,1.0,0.00878,good
1789656283459078220,-4.364970066443111,0.16798558484956388,0.297470185550132,222,1.0,0.00798,good
1789656283569044454,-4.344666864499216,0.1726191371910955,0.302353787851789,222,1.0,0.00498,good
1789656283679099867,-4.326168819458086,0.18021854838323537,0.3010092839662002,223,1.0,0.0082,good
1789656283779046136,-4.308806594098788,0.1850200484980561,0.3002891299171748,218,1.0,0.00782,good
1789656283879060932,-4.290663941392134,0.19220074617933738,0.3079169626360885,219,1.0,0.0056,good
1789656283989053003,-4.2673710664184155,0.1992039484470816,0.3102475440944248,220,1.0,0.00432,good
1789656284089042206,-4.24666215024535,0.20459302838022958,0.30583299629924965,215,0.9953,0.00492,good
1789656284188996073,-4.226228226963318,0.20871653691746278,0.3062550439007656,220,1.0,0.01002,good
1789656284299038238,-4.20423683155678,0.21632778832676036,0.30158920522799065,217,1.0,0.00904,good
1789656284399045890,-4.1811886012422494,0.22354674394278623,0.30531352966351627,215,0.9953,0.00809,good
1789656284509078203,-4.161115050307481,0.22984734124414324,0.28856304923619697,217,1.0,0.00796,good
1789656284609089226,-4.141319651726108,0.23488760689716237,0.2780778022927099,215,0.9953,0.00421,good
1789656284719032620,-4.121351077219911,0.24022957091434063,0.2667319240382928,218,1.0,0.00791,good
1789656284819045624,-4.099084360036134,0.24509946371493038,0.2701495091572725,213,1.0,0.00602,good
1789656284929054026,-4.076979310614185,0.25356901694524364,0.2677627522698349,217,1.0,0.0108,good
1789656285029037582,-4.055631451038999,0.2594887622677162,0.2398573817329177,215,1.0,0.00822,good
1789656285129031645,-4.03603431931798,0.2646092031460587,0.20454993966125712,219,1.0,0.00778,good
1789656285239056009,-4.015361062616133,0.26957479563265746,0.1713769402465137,218,1.0,0.00633,good
1789656285349067612,-3.9984718204856917,0.2740190379714141,0.13021209015055546,217,1.0,0.00632,good
1789656285449053414,-3.9822966702335307,0.2786546604163629,0.09623969245213335,217,1.0,0.00718,good
1789656285549449881,-3.9654320166863974,0.280540111724791,0.06366538734148162,216,1.0,0.00812,good
1789656285659033947,-3.942934454540395,0.28137638935552217,0.03678849072640109,215,1.0,0.00761,good
1789656285759036474,-3.921357364491761,0.2837985553320794,-0.00017434643667104744,217,0.9954,0.00694,good
1789656285859038445,-3.9036340584104052,0.2834846603076005,-0.043869255588339116,217,1.0,0.00731,good
1789656285969056420,-3.881502743650243,0.2833210438214275,-0.08020931153816616,215,1.0,0.00796,good
1789656286079048106,-3.859603240009813,0.2832095299913973,-0.11703344032692645,218,1.0,0.0073,good
1789656286179061714,-3.8404174785105645,0.2812726290856494,-0.1512391269495608,215,1.0,0.00743,good
1789656286289019993,-3.8199962185058287,0.2785976884986533,-0.194264222858662,216,1.0,0.0072,good
1789656286389086627,-3.802092510843056,0.2747587648236816,-0.22525065115301168,215,1.0,0.00658,good
1789656286489018873,-3.781588017963131,0.27081245887364125,-0.2588291097302238,217,1.0,0.01023,good
1789656286589043224,-3.764435215512697,0.2649219361099612,-0.29680406625544564,217,1.0,0.00476,good
1789656286699058102,-3.7439477361615703,0.2595370829138589,-0.33429358400180775,215,1.0,0.00635,good
1789656286799103585,-3.72635797942977,0.2537031080913919,-0.37340062528113394,217,0.9954,0.00646,good
1789656286909060623,-3.706364734079783,0.24558632041169481,-0.40466473548804616,215,1.0,0.00839,good
1789656287019048855,-3.6888012095465923,0.23848561314281624,-0.4402979437844794,217,1.0,0.00542,good
1789656287119071638,-3.671620125944179,0.22882246774560147,-0.47958062030601695,215,1.0,0.00513,good
1789656287219056694,-3.6545553478346373,0.21894001289388632,-0.5137951549596276,213,1.0,0.0065,good
1789656287329048586,-3.638990108839275,0.20842363631454514,-0.5502417518180567,214,1.0,0.00829,good
1789656287429069109,-3.6212651497885093,0.1983965244493306,-0.5844293460436545,217,1.0,0.00683,good
1789656287529034329,-3.606453712404881,0.18712924689407429,-0.6172853126856064,215,0.9953,0.00797,good
1789656287639056114,-3.58849033236223,0.17615651695085666,-0.6588726028593241,217,1.0,0.01227,good
1789656287739038892,-3.572692035017569,0.16500820219981954,-0.6962208326029133,216,0.9907,0.00664,good
1789656287849155560,-3.556600939375073,0.15021306592618672,-0.7270715708417249,213,1.0,0.00958,good
1789656287949053382,-3.5457282697733343,0.1380597160787807,-0.7682250815576082,215,0.9953,0.00637,good
1789656288059043653,-3.52876492551821,0.12180781802259939,-0.8002138886945007,214,1.0,0.00691,good
1789656288159041088,-3.5177732611897197,0.10633731566808861,-0.831633339313399,213,1.0,0.00626,good
1789656288259032874,-3.5077373959288933,0.09225791350334155,-0.8631011405467677,216,1.0,0.00635,good
1789656288369051843,-3.494125308683384,0.07521799086176073,-0.8996279123010569,214,1.0,0.00742,good
1789656288469048556,-3.4858124795374987,0.061156947594456876,-0.9347686888681521,216,0.9954,0.01,good
1789656288569043454,-3.476653502577303,0.04634428843348859,-0.9700290079464244,218,1.0,0.00466,good
1789656288679050643,-3.4642951757293647,0.028758475714735818,-1.0017937727868829,214,0.9907,0.00786,good
1789656288789027014,-3.4547916291622913,0.011413802557780808,-1.0395111994986233,218,1.0,0.01051,good
1789656288889000853,-3.445289429955087,-0.006359727836372425,-1.0747816647125996,215,1.0,0.0068,good
1789656288999041750,-3.4347311048337588,-0.025429990887272033,-1.110064026189779,214,1.0,0.00909,good
1789656289099026511,-3.4278294103950433,-0.042410786407432136,-1.1548452771413695,211,1.0,0.00859,good
1789656289199036974,-3.4253083524621517,-0.059062732519380684,-1.1815629669898178,213,1.0,0.00813,good
1789656289309048108,-3.4159417061878825,-0.08106418460141761,-1.1895301650270638,216,1.0,0.00765,good
1789656289409045014,-3.4091630488568625,-0.09960771092427596,-1.1970140625885295,212,1.0,0.00841,good
1789656289509041735,-3.404169512996379,-0.11859678782791812,-1.1928338934693203,215,1.0,0.00579,good
1789656289618995065,-3.3971189326414173,-0.13921072257513584,-1.2013031146454678,217,0.9954,0.00676,good
1789656289729042019,-3.3902070899747017,-0.16069183269536474,-1.2053961980846213,211,1.0,0.00529,good
1789656289829038184,-3.383380480426149,-0.180472723905437,-1.2038083034042322,215,1.0,0.00848,good
1789656289929037331,-3.3778149710667633,-0.1983256023152008,-1.2072544210842848,212,1.0,0.00433,good
1789656290039049583,-3.369274025106451,-0.21953551089859333,-1.2105382336742123,209,1.0,0.00577,good
1789656290139046480,-3.3630259929067887,-0.23615232927934787,-1.2098015411126062,210,0.9952,0.00602,good
1789656290239106476,-3.355375031911201,-0.2542670260202238,-1.211110413891925,210,1.0,0.00555,good
1789656290349050528,-3.3483202418177886,-0.2762994656360785,-1.212617706358481,212,1.0,0.00596,good
1789656290449057796,-3.3421952093079907,-0.2955014162943969,-1.2064037028466557,209,1.0,0.00696,good
1789656290559046002,-3.3353071684569957,-0.3158200790699307,-1.2075025523866894,205,1.0,0.00625,good
1789656290669088862,-3.3279278917894093,-0.33841587815775687,-1.2066553819913575,207,1.0,0.00429,good
1789656290769040530,-3.3217518073274603,-0.3559209086916211,-1.2100194684540784,207,1.0,0.00437,good
1789656290869043020,-3.3150554757134914,-0.3734948562652559,-1.21074564080406,208,1.0,0.00445,good
1789656290969096479,-3.308385379300643,-0.39271903439160866,-1.2090096808810389,208,1.0,0.00625,good
1789656291079055525,-3.29939507177506,-0.413006224855822,-1.2045682991243594,211,0.9953,0.00641,good
1789656291179074137,-3.293022811377171,-0.43147291050376624,-1.2117770263284113,210,1.0,0.00836,good
1789656291289043249,-3.284706010852467,-0.45212114930116204,-1.2121101842314685,209,1.0,0.00437,good
1789656291399038419,-3.277876921448193,-0.4732356755488306,-1.2116312589411218,209,1.0,0.00456,good
1789656291499028731,-3.271094756959164,-0.49175110653831855,-1.2114991550398229,210,1.0,0.00404,good
1789656291599033490,-3.2640129637927915,-0.5090863442924631,-1.2133976533977544,209,1.0,0.00453,good
1789656291709037698,-3.254797012089413,-0.5309553245609402,-1.212447978043109,209,1.0,0.00517,good
1789656291809053588,-3.248111010049581,-0.5483517798223286,-1.2118637200168811,210,1.0,0.00321,good
1789656291909472842,-3.2415187935878875,-0.5661016056398438,-1.2176321086343516,207,1.0,0.0054,good
1789656292019066487,-3.2355725547553726,-0.5851245436477572,-1.2176887767193973,209,1.0,0.00544,good
1789656292119056957,-3.2277086257318612,-0.604850509202829,-1.21542653521459,210,0.9905,0.0067,good
1789656292229178663,-3.220344394612953,-0.6246916612296115,-1.2059267147127442,211,0.9953,0.00551,good
1789656292329053064,-3.2159251947720295,-0.6405418461411903,-1.2099357796727974,208,1.0,0.00521,good
1789656292439043217,-3.2116617594767747,-0.6598455921201034,-1.2038638552024035,210,1.0,0.00979,good
1789656292539051800,-3.2057211844562903,-0.6798450465865002,-1.1986662381817228,206,1.0,0.00541,good
1789656292639049031,-3.1988635866034714,-0.7003885777773602,-1.1916178397132386,208,0.9952,0.00749,good
1789656292749063446,-3.192025902472789,-0.7199539621006029,-1.1965523744212982,205,1.0,0.00506,good
1789656292849077809,-3.1843217679836435,-0.7399272853552457,-1.1931552888522108,207,1.0,0.00936,good
1789656292959034642,-3.178693596303374,-0.7597657217615436,-1.1990547463082957,206,0.9951,0.00869,good
1789656293059053904,-3.171553185906258,-0.77924148064086,-1.2028657666207734,208,0.9952,0.01033,good
1789656293169044597,-3.1644071667386187,-0.8002558649798521,-1.2007345206281068,204,1.0,0.00494,good
1789656293269055062,-3.157869862318007,-0.8174665983429958,-1.200727365328927,201,1.0,0.00572,good
1789656293379043420,-3.1529667054270285,-0.8375202492684618,-1.1975606836500587,205,1.0,0.00879,good
1789656293479058682,-3.1466488196241773,-0.8548245676467312,-1.1908412161689805,206,1.0,0.00633,good
1789656293579052145,-3.1406715524540547,-0.875404405863097,-1.1947174138943846,203,1.0,0.00769,good
1789656293689039967,-3.131374214679416,-0.8948768474014959,-1.1964964241803318,203,1.0,0.00492,good
1789656293789046080,-3.1239051478838005,-0.9146670399242083,-1.1964031239538573,205,1.0,0.00503,good
1789656293899037068,-3.115237810462019,-0.9334831362602478,-1.1899947505829866,204,1.0,0.00883,good
1789656293999050164,-3.1083734997641868,-0.954083455797046,-1.1913005674825945,201,1.0,0.00802,good
1789656294109048215,-3.1002634748403213,-0.9737525769379359,-1.1834438638250762,201,1.0,0.0054,good
1789656294209049228,-3.0931139549626163,-0.9929251452863824,-1.1806524569943184,202,1.0,0.00682,good
1789656294309046980,-3.088954624478713,-1.016485544799737,-1.1813294669024226,203,1.0,0.0092,good
1789656294419071124,-3.0838949238549906,-1.0382713506656398,-1.1831390361913476,201,1.0,0.00639,good
1789656294519072266,-3.075480263592425,-1.058189117590709,-1.1806567271949293,205,1.0,0.01093,good
1789656294629033125,-3.0689977834566973,-1.0765771340628956,-1.1858177282426452,202,1.0,0.01205,good
1789656294729039119,-3.0610330701773636,-1.0993556724656088,-1.1725195267799686,202,0.995,0.00682,good
1789656294839050539,-3.052621420744149,-1.1192468569708494,-1.175125299883373,202,1.0,0.0087,good
1789656294939482104,-3.0456253264653066,-1.1378620626941807,-1.1789388984778137,204,1.0,0.00794,good
1789656295049049433,-3.03827155377978,-1.1561792193655216,-1.1760892188470928,200,1.0,0.00628,good
1789656295149037493,-3.0303503597188386,-1.1754239473445967,-1.1712152880421114,202,1.0,0.01043,good
1789656295249051315,-3.0271706164716985,-1.1953261120880136,-1.1763636237019954,204,0.9951,0.00692,good
1789656295359036755,-3.0204876985957023,-1.214678484117547,-1.174222999596415,204,1.0,0.00764,good
1789656295459044002,-3.0140791408019108,-1.2362636872360402,-1.1765265766177342,202,0.9901,0.00597,good
1789656295569051092,-3.0055429753538996,-1.2559685582739109,-1.1763894566925261,204,1.0,0.00865,good
1789656295669038985,-2.99463976241492,-1.2753200591369664,-1.1668960349151265,201,0.995,0.00825,good
1789656295779043909,-2.9882010414705684,-1.2968019217793778,-1.1755197082737185,200,1.0,0.0055,good
1789656295879072362,-2.9824492532003717,-1.3179111138002433,-1.1787019530236018,202,1.0,0.00662,good
1789656295979073201,-2.9745351052157396,-1.3353371505979266,-1.1803495644240007,201,1.0,0.00721,good
1789656296089045367,-2.9673905004945897,-1.3522587582048093,-1.1821824789878888,204,1.0,0.00612,good
1789656296199040886,-2.9590026175439537,-1.3727425679770748,-1.1821447388487842,200,1.0,0.00854,good
1789656296299041219,-2.9512330492411603,-1.3905969441735457,-1.1800228379229962,199,1.0,0.0082,good
1789656296409042850,-2.943324863567179,-1.4102333025487384,-1.1826824984330762,201,1.0,0.00823,good
1789656296509065575,-2.9378849121530113,-1.4274376940440607,-1.1815069479044278,196,1.0,0.00978,good
1789656296609050610,-2.927035382772724,-1.4477391870440022,-1.1784827011099728,196,0.9949,0.01018,good
1789656296719086393,-2.9201289098833696,-1.4674821347959945,-1.1762308656495046,196,0.9949,0.01023,good
1789656296819068890,-2.914812900644348,-1.485085514289788,-1.1825925129194774,199,0.995,0.01114,good
1789656296929032832,-2.9044993391986145,-1.504410281256328,-1.1833332900582116,199,0.995,0.00716,good
1789656297029043998,-2.8971831161116115,-1.5228452239232542,-1.1891297683675914,203,1.0,0.00822,good
1789656297139052839,-2.89070769783609,-1.5433706723606444,-1.1933333290761612,196,1.0,0.00647,good
1789656297239047054,-2.8839706077473237,-1.5615680260609375,-1.1906095846091882,203,1.0,0.01081,good
1789656297339067440,-2.875896735776954,-1.5815959787218106,-1.185647638680248,200,0.995,0.01034,good
1789656297449110193,-2.868160764498342,-1.6005037596554077,-1.1857783914885938,203,1.0,0.01249,good
1789656297559038191,-2.8610782054744424,-1.6206497534237094,-1.182658487736495,199,0.9849,0.00963,good
1789656297659032499,-2.857197369010454,-1.6391778925628908,-1.1828049751446417,199,1.0,0.01026,good
1789656297769037951,-2.85086397349744,-1.6596258041621876,-1.183766631155198,204,1.0,0.01079,good
1789656297869043020,-2.844274567464709,-1.6771403557927262,-1.1790547065363166,194,1.0,0.01125,good
1789656297969056904,-2.83468641983568,-1.6965178412893267,-1.1843998264894948,200,1.0,0.01299,good
1789656298079059685,-2.8279998589347444,-1.7173527951455039,-1.189675785579656,208,1.0,0.0082,good
1789656298179046303,-2.820536811880131,-1.7380972103790444,-1.184033466880509,203,0.9951,0.00862,good
1789656298289035499,-2.812252834496919,-1.7570792191966758,-1.1891384718338236,200,1.0,0.01046,good
1789656298389035415,-2.806452996040023,-1.77653341617611,-1.1826076015941676,205,0.9951,0.01034,good
1789656298499040168,-2.7989434302355125,-1.799955687680383,-1.1840864937350981,200,1.0,0.00725,good
1789656298599036028,-2.7907896138209787,-1.8183660794090408,-1.1791684609644106,201,1.0,0.00755,good
1789656298699052297,-2.7819227544479177,-1.834988556130884,-1.1853173805920447,205,1.0,0.0084,good
1789656298809074923,-2.7728423885632036,-1.854657533988345,-1.1863009647635059,201,0.995,0.01121,good
1789656298909022444,-2.7678853393781218,-1.8743960847687147,-1.1869217317787213,203,0.9901,0.00793,good
1789656299019097045,-2.7629999443856823,-1.8912913768594148,-1.185185688097331,206,1.0,0.01053,good
1789656299129035520,-2.7624953320259,-1.8940907373276068,-1.1850491493553206,199,1.0,0.0094,good
1789656299229038525,-2.7603362578635187,-1.8928142427119703,-1.186340449467407,202,1.0,0.01179,good
1789656299329065736,-2.761740934173752,-1.8945215204658146,-1.1925644102439181,203,0.9951,0.0102,good
1789656299439039752,-2.7649565769696567,-1.897249359774055,-1.1896662705270986,200,1.0,0.01228,good
1789656299539043978,-2.7682464120479313,-1.8975363450479674,-1.1677083909029593,197,1.0,0.01277,good
1789656299639045890,-2.769346257579122,-1.8969098322721047,-1.1431925352464793,202,1.0,0.01418,good
1789656299739041356,-2.7687889020068868,-1.8945005634963266,-1.1128910371662715,206,1.0,0.01575,good
1789656299849052673,-2.7701639797881463,-1.8922357092608473,-1.0798165386727894,206,1.0,0.0148,good
1789656299949057029,-2.771950275333689,-1.8901964316649948,-1.0490408114366192,202,1.0,0.00989,good
1789656300059038485,-2.7732199488164664,-1.886689355086196,-1.013406046574412,202,0.995,0.00987,good
1789656300169064236,-2.7748753628111005,-1.8867235083378446,-0.9792636149209744,202,1.0,0.01469,good
1789656300269059570,-2.7723717107079118,-1.8831435115506496,-0.9556702527804826,204,1.0,0.01493,good
1789656300369060348,-2.772086356649603,-1.883559415183928,-0.9252184245924442,207,1.0,0.01262,good
1789656300479024240,-2.772582632460183,-1.8817072703116637,-0.8917250362504067,203,0.9951,0.01091,good
1789656300579062394,-2.772191561209391,-1.8797512768625182,-0.8701941818842853,205,0.9951,0.01574,good
1789656300679043781,-2.7731386192328156,-1.8765036957476322,-0.8233254135986388,197,0.9848,0.01496,good
1789656300789043326,-2.7763425240861324,-1.8752707990933033,-0.7714895215012396,205,0.9951,0.01697,good
1789656300889037399,-2.7794592685164767,-1.8729350795108708,-0.709621018410035,199,0.9799,0.0165,good
1789656300999037463,-2.778862965726309,-1.8681609349429544,-0.6510029637115233,193,0.9948,0.01752,good
1789656301099038797,-2.7795630250551566,-1.8654148403238326,-0.5953283255805959,204,0.9853,0.01657,good
1789656301209070409,-2.784609248811963,-1.8650476189965248,-0.5326783339461925,201,1.0,0.01556,good
1789656301309037959,-2.7847594880008724,-1.8620306630925447,-0.4717201792817216,202,0.9901,0.01846,good
1789656301409054866,-2.788039785637356,-1.860753674461248,-0.41091097238027735,203,0.9852,0.01656,good
1789656301519040861,-2.7903474957489682,-1.8588951975643098,-0.3478763537984231,203,0.9852,0.0162,good
1789656301619039285,-2.7920534623668902,-1.8590008263857123,-0.28009934707906425,203,0.9951,0.01507,good
1789656301719042023,-2.792363735416191,-1.855175873362296,-0.2216067452563613,200,0.98,0.01505,good
1789656301829064690,-2.7938016443277283,-1.8524942105014621,-0.15878185327563113,204,0.9902,0.01516,good
1789656301929042815,-2.791783039989657,-1.8549627554058128,-0.10265683902989611,196,0.9898,0.01741,good
1789656302039046026,-2.79409442317673,-1.8550193324795263,-0.04529048265803783,201,0.995,0.0146,good
1789656302139064820,-2.792972387760098,-1.8551991796824523,0.014965071170779363,199,0.9899,0.01674,good
1789656302249047212,-2.7944748870697946,-1.857951833537486,0.07454952026953318,197,0.9898,0.01444,good
1789656302349061061,-2.794901967048553,-1.863431115283804,0.12220969686982718,199,0.9899,0.01505,good
1789656302459036472,-2.7916541770259014,-1.869545073063862,0.17117300353129547,198,1.0,0.01365,good
1789656302559033633,-2.7896436535924765,-1.8748511235089436,0.2229653178208364,195,0.9949,0.01676,good
1789656302659045667,-2.7892804796577813,-1.878226016992578,0.2766080138099072,197,1.0,0.01308,good
1789656302769042969,-2.7854893702777543,-1.8842639435130109,0.34259059278203785,200,0.995,0.01579,good
1789656302869043538,-2.782131287318534,-1.8870942562969817,0.40030376029549486,200,0.995,0.01365,good
1789656302979056101,-2.7775295722662663,-1.8844120877848263,0.44485452556957283,195,0.9795,0.0143,good
1789656303079052131,-2.7732149995791557,-1.885288036719716,0.4561440733799971,199,0.995,0.01086,good
1789656303189041534,-2.7690964774608156,-1.8829661275868355,0.47518160309832397,202,0.995,0.01294,good
1789656303289044843,-2.7674032236811743,-1.8828918199809022,0.4789802232080278,201,0.995,0.01258,good
1789656303389048559,-2.75413324943343,-1.8778137005802178,0.48453920064645367,200,1.0,0.01576,good
1789656303499045222,-2.7362763219732513,-1.8733281521730945,0.4778699969655393,200,1.0,0.01147,good
1789656303598993710,-2.723532935132196,-1.8684927943486254,0.47571911993627025,201,0.995,0.011,good
1789656303709076531,-2.705971576003838,-1.8629955409295007,0.47451996808024227,198,1.0,0.00907,good
1789656303809112473,-2.687597005110485,-1.8548748189988329,0.4793289526378268,200,0.99,0.00925,good
1789656303919039517,-2.66819167947994,-1.8482203737561596,0.4798024106094762,200,0.995,0.00739,good
1789656304019081966,-2.651295142182264,-1.8411420813569117,0.4781722820649781,200,1.0,0.01126,good
1789656304119047325,-2.6320632300756217,-1.8297809004167287,0.48317474873187805,194,1.0,0.01406,good
1789656304229055314,-2.614958295509975,-1.8189013213455945,0.48214993234620507,195,1.0,0.01066,good
1789656304329052566,-2.597205212517105,-1.8119237619991002,0.48102820454820594,197,0.9949,0.009,good
1789656304428999941,-2.576250692812322,-1.803151539969819,0.4825791583275938,196,1.0,0.00859,good
1789656304539171078,-2.5563320611145346,-1.792911358843508,0.4826004768774383,197,1.0,0.00996,good
1789656304639063633,-2.5366947261284265,-1.78192970360396,0.4838598126283722,203,0.9951,0.01377,good
1789656304749048267,-2.5193959631648526,-1.7740591572374116,0.4773169544713818,198,1.0,0.01203,good
1789656304859041514,-2.5017682420470133,-1.7654582954292182,0.4779539043141321,194,1.0,0.00931,good
1789656304959037876,-2.484662712937949,-1.759802449568628,0.481249124190352,202,1.0,0.01228,good
1789656305059062089,-2.4652415003277963,-1.749183799412464,0.49179192661568266,197,1.0,0.01083,good
1789656305159036949,-2.4487776617092885,-1.741545012367658,0.4882933047416491,195,1.0,0.01115,good
1789656305269079285,-2.4317365989593456,-1.7328079462052286,0.48620374643701475,196,1.0,0.01389,good
1789656305369046348,-2.4130340060906215,-1.7239399208798518,0.49178471409794944,194,1.0,0.01398,good
1789656305479039771,-2.394052401979296,-1.716243764762634,0.48930742716124676,195,1.0,0.01176,good
1789656305579039430,-2.378613575072474,-1.7093402942031817,0.493082561875404,186,0.9946,0.00883,good
1789656305689063876,-2.3595381728728912,-1.7014849045503175,0.49406515489439834,196,1.0,0.0106,good
1789656305789087315,-2.3414802719093584,-1.6943328292393403,0.49240514755108555,187,1.0,0.01283,good
1789656305899040882,-2.3268567293825058,-1.6842121346432177,0.49504849324270217,193,1.0,0.0137,good
1789656305999062655,-2.3071927280493103,-1.6716754135808438,0.5008062630179795,184,1.0,0.00958,good
1789656306099018830,-2.286758310026027,-1.6633942194572864,0.49249305939623483,194,1.0,0.01,good
1789656306209050399,-2.267894869213503,-1.651366682026983,0.49623365318659096,184,0.9946,0.01064,good
1789656306319085691,-2.2489166560121623,-1.6430318870735907,0.49051334236898625,192,0.9948,0.012,good
1789656306419124261,-2.229575609466003,-1.6360588219518322,0.49392307329668284,189,0.9947,0.0118,good
1789656306529045114,-2.2095123592397017,-1.6294391272030728,0.4864877964434269,187,1.0,0.01251,good
1789656306629100279,-2.193596246711739,-1.6221856608486789,0.4855083030954945,184,1.0,0.01467,good
1789656306729063841,-2.174713842843899,-1.6105570970813692,0.4840528240257933,188,1.0,0.01462,good
1789656306839060813,-2.15549179725562,-1.6010933674763366,0.4852690789618117,191,0.9948,0.01079,good
1789656306939073862,-2.138093280148261,-1.5919767048354463,0.4851738153236053,184,1.0,0.01097,good
1789656307049099027,-2.1206418806046834,-1.5812866527577576,0.49267878899058437,187,1.0,0.00751,good
1789656307149173250,-2.1045972547961544,-1.573651127191047,0.4910519212387958,190,0.9895,0.0099,good
1789656307259071779,-2.0853134877917383,-1.5648265897086184,0.487976260483119,186,0.9946,0.0103,good
1789656307359155281,-2.0684511482830428,-1.5554103745120145,0.4944613368399417,187,1.0,0.01249,good
1789656307459045576,-2.0509274850857273,-1.5458841489002937,0.49258269646753106,193,0.9948,0.00712,good
1789656307569048190,-2.0341929694973593,-1.5361047118614835,0.4883788386602476,190,1.0,0.00939,good
1789656307669055480,-2.015035105662195,-1.5281248928442381,0.48495699590683267,187,0.9947,0.00865,good
1789656307779071467,-1.9965169998364203,-1.5180502108542648,0.480419295429783,184,1.0,0.00755,good
1789656307879051846,-1.976662063926065,-1.5107813302017021,0.4800061539776459,187,1.0,0.01217,good
1789656307989004492,-1.960063327554992,-1.503042904631328,0.48026051296984895,191,1.0,0.01301,good
1789656308095186704,-1.941910499965258,-1.4916316663207136,0.48749414933700463,188,0.9947,0.01133,good
1789656308189041217,-1.923137583520147,-1.4818409844302864,0.48649069007231177,195,1.0,0.00809,good
1789656308299051993,-1.9039381344332926,-1.4725163147295721,0.4873000255858792,197,1.0,0.00876,good
1789656308399042430,-1.8855833660113466,-1.4628456508902008,0.48770004588633115,191,1.0,0.00627,good
1789656308509064078,-1.866972606245369,-1.454217690538696,0.48526842484131705,197,1.0,0.00907,good
1789656308609046607,-1.8472923301324236,-1.4445453274574311,0.4867448216960406,195,1.0,0.00864,good
1789656308719048271,-1.8310234065813942,-1.4344626619363097,0.4893851807089573,203,0.9951,0.01143,good
1789656308819073082,-1.8105538306452804,-1.4233339134894767,0.4905049211907106,205,1.0,0.01091,good
1789656308929064726,-1.7947321783382446,-1.413566385737543,0.4887852483542863,205,1.0,0.00926,good
1789656309029041995,-1.7759937058023039,-1.40195378215138,0.4965119315866972,203,0.9951,0.00916,good
1789656309129103905,-1.759789595026208,-1.3958532537076629,0.4952789866300191,204,1.0,0.00958,good
1789656309239088710,-1.7402725307279006,-1.3870812529425225,0.49095062258123057,200,1.0,0.00879,good
1789656309339045331,-1.7232963394648704,-1.375644003082458,0.494150078229518,208,1.0,0.01034,good
1789656309439044771,-1.7076342224836953,-1.3683671774229065,0.4914908810346909,209,1.0,0.0066,good
1789656309549335350,-1.6879069648385756,-1.3573274395641481,0.49290330704868146,210,1.0,0.01057,good
1789656309649122026,-1.669799450851688,-1.3487724308808922,0.493709457329105,204,1.0,0.00834,good
1789656309759066419,-1.6487126396177414,-1.337074209541371,0.48914123668519033,214,0.9953,0.00718,good
1789656309859038097,-1.6288161521527036,-1.3282829923914998,0.4844435025787399,210,1.0,0.00804,good
1789656309969052979,-1.609770920059564,-1.3188123625640789,0.4868330993604439,207,1.0,0.00976,good
1789656310069054965,-1.5933775878124856,-1.3100331291397025,0.4880917748109714,213,1.0,0.01317,good
1789656310169044851,-1.573236723075037,-1.298885995733812,0.48803356870539866,207,1.0,0.00609,good
1789656310279052783,-1.5529413730043282,-1.2875661187410867,0.4965206704862142,208,1.0,0.01094,good
1789656310379044595,-1.534493647257724,-1.277915137295261,0.5010401857821483,214,1.0,0.00746,good
1789656310479051557,-1.51606085272323,-1.2669578497796983,0.5021555085451117,212,0.9906,0.00888,good
1789656310589051673,-1.4968682925917578,-1.259732984685845,0.4925963837716567,209,1.0,0.00641,good
1789656310699036566,-1.4778022597643101,-1.2506792329157406,0.4948354861974591,218,1.0,0.00676,good
1789656310799043213,-1.4606701924183865,-1.2432934269032765,0.496884899957269,210,1.0,0.00791,good
1789656310899044618,-1.4438507606812736,-1.2341764091278706,0.49452137951438835,209,1.0,0.01032,good
1789656311009045249,-1.4235378213527876,-1.2207496213015008,0.5002705244025607,211,1.0,0.01013,good
1789656311109128945,-1.407983843858717,-1.2120715260640944,0.5088069342751191,215,1.0,0.0092,good
1789656311209059568,-1.389761063241175,-1.2016905348879028,0.5124497017257814,209,1.0,0.00834,good
1789656311319044715,-1.3731777020216653,-1.194577867410762,0.5058082248374959,215,1.0,0.01246,good
1789656311419068719,-1.3563547360601205,-1.1852625899172315,0.5083765559075901,208,1.0,0.00668,good
1789656311529032420,-1.3392511448494533,-1.1743148843316598,0.5119631068894674,215,1.0,0.00735,good
1789656311639065165,-1.318992522008668,-1.1650068815055676,0.5121216365010957,215,0.9953,0.00875,good
1789656311739049609,-1.3010605569263989,-1.1577799641492563,0.5045950472008849,212,0.9953,0.00639,good
1789656311839048980,-1.2829748768501519,-1.1479604735665991,0.5031262515183756,212,1.0,0.00767,good
1789656311939556481,-1.2632864042344987,-1.1353491994838307,0.5037953966824006,210,1.0,0.00796,good
1789656312049069397,-1.2440586018257787,-1.125434194997458,0.5010933092996319,210,1.0,0.00535,good
1789656312149065808,-1.224075476317485,-1.1145872840094138,0.5023877010442968,210,1.0,0.00764,good
1789656312259033506,-1.2051561260199346,-1.1041998126512194,0.5036588001517932,213,1.0,0.00681,good
1789656312359071255,-1.1884144018838034,-1.0954761948182092,0.5093159853383253,212,1.0,0.00622,good
1789656312469042268,-1.167474987353817,-1.0853998089319399,0.5051931947750121,210,0.9952,0.00724,good
1789656312569054978,-1.151087463996792,-1.0740292768670006,0.502714712449993,206,1.0,0.00655,good
1789656312679047012,-1.1315552059236609,-1.064957115814218,0.4985124772715392,212,1.0,0.00862,good
1789656312779048979,-1.1142215297204465,-1.0551426653174287,0.5081183644343807,207,1.0,0.0089,good
1789656312879062189,-1.0960763676881997,-1.044319469321859,0.5131119357033105,207,1.0,0.00729,good
1789656312989046463,-1.0772778435663282,-1.0374071226226744,0.5045208945547228,217,1.0,0.01038,good
1789656313089048759,-1.0615139365940187,-1.02999578996253,0.5024520445496561,213,1.0,0.00809,good
1789656313199036289,-1.043625387115605,-1.020901322275062,0.5022417473475895,209,1.0,0.00915,good
1789656313299052540,-1.028328877478242,-1.0092590384545725,0.5064918069037192,208,1.0,0.0102,good
1789656313409038811,-1.0083155564657895,-0.9976367655837312,0.5062857490773618,201,1.0,0.00441,good
1789656313509076342,-0.992221351843421,-0.9891315706553006,0.5058790839709475,207,1.0,0.00627,good
1789656313609138561,-0.9732400875195775,-0.9780775710247351,0.4942427146156871,213,1.0,0.00834,good
1789656313719070363,-0.9540454770037815,-0.9673635390090358,0.4789462521748768,201,0.995,0.00863,good
1789656313819452339,-0.9356718732995978,-0.9586348590191266,0.4531547652306178,209,1.0,0.00786,good
1789656313918999410,-0.9161546573872849,-0.9465807155926294,0.43548938519985264,204,1.0,0.00585,good
1789656314029037242,-0.898201635572707,-0.9357262248278477,0.4220063909977527,216,0.9954,0.01057,good
1789656314129055257,-0.8764519762403625,-0.9277193895815304,0.4023462547284493,211,1.0,0.00697,good
1789656314239057676,-0.856932581964149,-0.9200727693308575,0.38472242010305074,210,1.0,0.00529,good
1789656314339414227,-0.8375611585873771,-0.9122002720634264,0.366744396135086,214,1.0,0.00533,good
1789656314449027455,-0.8173854625543583,-0.9033956655582172,0.34473454645350693,210,1.0,0.0057,good
1789656314549100569,-0.7983888123258326,-0.8975753102564257,0.32663077010560365,210,1.0,0.00366,good
1789656314659044722,-0.7801490872971696,-0.892008977505183,0.30718350297510505,207,1.0,0.00639,good
1789656314759040216,-0.75991186812176,-0.8869225128099776,0.28312775922383765,216,1.0,0.00578,good
1789656314859041322,-0.7398924471926133,-0.8820548706369654,0.2662856359811838,211,1.0,0.00915,good
1789656314969055908,-0.7206088206004149,-0.8768409066040678,0.24347916618038187,210,1.0,0.00751,good
1789656315069088215,-0.6996997643844638,-0.8693939050102248,0.23307254159886148,210,0.9952,0.01252,good
1789656315179147212,-0.6793054545411535,-0.8656610304784859,0.20821307878546033,214,1.0,0.00496,good
1789656315279056239,-0.6584404823591714,-0.8627034620746954,0.18977790198618447,213,1.0,0.00773,good
1789656315389031116,-0.6369794959653989,-0.8572211222882362,0.1705902633734888,214,1.0,0.00972,good
1789656315489098919,-0.616635902647149,-0.8552668417209588,0.1537001338360697,211,1.0,0.00841,good
1789656315589066045,-0.5946115016506262,-0.8520648807732979,0.13015180978294594,212,1.0,0.00739,good
1789656315699044366,-0.5730382731997324,-0.8474535222570904,0.10620896821439782,215,1.0,0.00704,good
1789656315799062294,-0.5526970801611685,-0.8459122468567606,0.08974206000614669,215,1.0,0.00516,good
1789656315899042754,-0.5316204040325829,-0.8438679334824561,0.06951762114300283,215,1.0,0.00406,good
1789656316009075191,-0.5102526964589578,-0.8450302710244182,0.04642007160929904,207,1.0,0.00435,good
1789656316109036545,-0.48992342949972667,-0.845994740358478,0.03779058585892489,211,1.0,0.00469,good
1789656316219058647,-0.46786237796240343,-0.8486832753280169,0.03246705259511782,214,1.0,0.00535,good
1789656316329057155,-0.44774274768362776,-0.8476439823001556,0.02737439121799288,211,1.0,0.00745,good
1789656316429038899,-0.4257401487700463,-0.8477031501993957,0.027196899127280825,207,1.0,0.00875,good
1789656316529038923,-0.4056187336883575,-0.8460651855465278,0.024460235372996773,210,1.0,0.00639,good
1789656316629034724,-0.38653654516308306,-0.8463109615717659,0.028763608071281623,208,1.0,0.00524,good
1789656316739072106,-0.36492533997648596,-0.8472754160417637,0.031521446335741145,205,1.0,0.00395,good
1789656316839047498,-0.34318332825682113,-0.843455899562197,0.029968301496381612,211,1.0,0.00578,good
1789656316949062600,-0.322750311422704,-0.8439130614482155,0.03178382181194703,209,1.0,0.00644,good
1789656317049049297,-0.3047229637065564,-0.8431668564839527,0.031822594481029504,207,1.0,0.00802,good
1789656317159044841,-0.28427584083017166,-0.8437743235100867,0.031954208012864284,213,1.0,0.00454,good
1789656317259035389,-0.2651303726853766,-0.8438418697640727,0.03386934878021794,212,1.0,0.00548,good
1789656317369069381,-0.24505417182395423,-0.8432306029478771,0.03678114127805341,203,1.0,0.00854,good
1789656317469085135,-0.22142900489156706,-0.84391888880806,0.03628645006371276,206,1.0,0.00603,good
1789656317569041012,-0.20478981433896865,-0.84313251587678,0.03616320508631763,208,0.9952,0.00751,good
1789656317679012850,-0.18276231293940529,-0.8406138247920316,0.03752022430575839,204,1.0,0.00652,good
1789656317779057199,-0.1622052580579364,-0.8393974520422137,0.03768569975625599,200,1.0,0.00412,good
1789656317889059855,-0.13964094335682695,-0.8392691152419836,0.03425355726283083,210,1.0,0.00635,good
1789656317999054046,-0.11865505637387112,-0.8383270659101538,0.034773642074087376,207,1.0,0.00489,good
1789656318099044940,-0.09874051895684578,-0.8367759354742985,0.03870387200238465,201,1.0,0.00503,good
1789656318199039772,-0.07926524124314281,-0.8359333771192189,0.036620793080490904,205,1.0,0.00695,good
1789656318299038957,-0.0589358727055192,-0.8335855912773108,0.03819331269617418,208,1.0,0.00576,good
1789656318409092359,-0.03607878034891755,-0.8336334262756103,0.03678487659061045,202,1.0,0.00381,good
1789656318509049502,-0.017926429456271775,-0.8329801500369028,0.03396866454375467,203,0.9951,0.00644,good
1789656318619045064,0.0038532874746913803,-0.8338913799051678,0.034748592914805455,208,1.0,0.00654,good
1789656318719050657,0.024282961980795385,-0.8319468654818618,0.036871718747830434,206,1.0,0.00454,good
1789656318829048979,0.045735964159861225,-0.8307486037103203,0.034458475775064314,200,1.0,0.00466,good
1789656318929041459,0.06373166543070655,-0.8297929561742984,0.0370232785096751,209,1.0,0.00519,good
1789656319039169273,0.0850367175673469,-0.829738941805873,0.03870068161302396,208,1.0,0.00597,good
1789656319139041434,0.10495376123112965,-0.8288538142524884,0.039455736875328745,203,1.0,0.00399,good
1789656319239047775,0.12456409464095837,-0.8272113306857785,0.03329475253856248,208,1.0,0.00772,good
1789656319339049263,0.1449290493146084,-0.8269959198980941,0.03539269675918864,208,1.0,0.00476,good
1789656319449052216,0.16665834172648086,-0.8260535606077566,0.03611422498857461,207,1.0,0.0099,good
1789656319559056520,0.18971926153177895,-0.8277220087484225,0.03855052722396277,203,1.0,0.00459,good
1789656319659032228,0.2098766022817679,-0.8274758714975502,0.0392042194659312,203,1.0,0.00561,good
1789656319769044960,0.2307434047648739,-0.8244551291512893,0.03564388482416601,205,1.0,0.00755,good
1789656319869111844,0.2502589166509883,-0.8249341126650248,0.0402535657843399,202,1.0,0.00565,good
1789656319969047678,0.2664632002681021,-0.8234648513481466,0.0412716416873484,203,1.0,0.0069,good
1789656320079041285,0.28951549691226003,-0.8225100743161332,0.042961039827152915,201,1.0,0.00596,good
1789656320179045541,0.30830660833851503,-0.8229850078358979,0.0441069755442187,208,1.0,0.00466,good
1789656320279076078,0.3271405927453971,-0.8224657223390741,0.04226635902763196,210,0.9952,0.00692,good
1789656320389035971,0.35029081729056083,-0.8212551121187082,0.03919242811104138,210,1.0,0.00715,good
1789656320489009576,0.3691130237961514,-0.8196823800934302,0.037742424766440165,204,1.0,0.00619,good
1789656320599047070,0.3919538373381189,-0.8191856472901109,0.03526058918794182,203,1.0,0.00577,good
1789656320699038843,0.40916124609759846,-0.8194946383952231,0.03829984359479586,204,1.0,0.00534,good
1789656320809037796,0.4314070330774751,-0.8186774206983746,0.03789654891122372,196,1.0,0.00516,good
1789656320909047053,0.45020791240191266,-0.8183543650223394,0.03723689662527161,204,1.0,0.00344,good
1789656321009596379,0.47021416012619877,-0.8179848413330955,0.03339973527426896,204,1.0,0.00549,good
1789656321119060113,0.4924349643066251,-0.817286552865397,0.03507419268801623,211,1.0,0.00695,good
1789656321219044504,0.5110701690774444,-0.815891960535848,0.04023512930808846,194,1.0,0.00725,good
1789656321319053991,0.530638598508312,-0.8143586363232712,0.051186269635019356,202,1.0,0.00842,good
1789656321429039741,0.5529073816476195,-0.8136926096140498,0.07320345338093201,195,1.0,0.00696,good
1789656321539056587,0.5771773903941568,-0.8118137993316346,0.08818072881636649,192,1.0,0.00717,good
1789656321639036145,0.594881672872787,-0.8106407703184138,0.10722149083281504,204,1.0,0.0084,good
1789656321749112978,0.6176828345211136,-0.8098829459403406,0.12737544066421488,199,1.0,0.00953,good
1789656321849051791,0.635501004811325,-0.8078423166419306,0.15029090122911778,199,1.0,0.00859,good
1789656321949052462,0.6539661699383404,-0.8049993700745197,0.16475385683483143,200,1.0,0.00668,good
1789656322049724728,0.6729429516122958,-0.8002253826128516,0.1836859115147946,195,1.0,0.00595,good
1789656322159037004,0.694181461889168,-0.7951510812236486,0.19859425763642743,206,1.0,0.00723,good
1789656322259060520,0.7138479692179083,-0.7898618306982975,0.21116864101955968,209,1.0,0.00865,good
1789656322369039697,0.7344726711109137,-0.7862709925355147,0.23584491389386894,211,1.0,0.00897,good
1789656322479055545,0.7511438351878337,-0.7823283253624302,0.2585491126503194,193,1.0,0.0074,good
1789656322579050094,0.7707737430231191,-0.7784871439058068,0.2797158563728315,196,1.0,0.00603,good
1789656322679046311,0.7898485094698352,-0.7715401170018654,0.3021227513947868,196,1.0,0.00512,good
1789656322789037360,0.8085862133822452,-0.7615953145207924,0.32406160300009623,196,1.0,0.00788,good
1789656322889049763,0.8269563956143764,-0.7574902293637145,0.3280509532751681,201,1.0,0.00539,good
1789656322989037868,0.8487042953046455,-0.7488490129676858,0.3226884438032991,199,1.0,0.0046,good
1789656323099051857,0.8677139390539343,-0.7389320178355712,0.3184632341861595,202,1.0,0.00885,good
1789656323209049058,0.8878349188686314,-0.7305871838652316,0.3135163384362866,203,1.0,0.00799,good
1789656323309060730,0.904757682206769,-0.7277942840066846,0.32218831573209683,197,1.0,0.00605,good
1789656323419080266,0.9264065446879912,-0.7189231714729283,0.3247147394444434,199,1.0,0.0065,good
1789656323519034580,0.9459936745316657,-0.7134205530431608,0.32734877380660676,198,1.0,0.00832,good
1789656323619059513,0.9649236255140886,-0.7070173294947582,0.3307082532702663,195,1.0,0.00425,good
1789656323729042527,0.9856694157130204,-0.6989940270468984,0.33139888619720254,202,1.0,0.00955,good
1789656323829047143,1.005049484202242,-0.6930633346242256,0.328794383836511,196,1.0,0.00584,good
1789656323939046936,1.0252932175598708,-0.6860590068732888,0.33028030026573213,196,1.0,0.01191,good
1789656324039043009,1.0435027805423385,-0.6800764505767151,0.33050726195585134,195,1.0,0.00553,good
1789656324149049084,1.063693490974037,-0.6718080448733781,0.3350390191424936,196,1.0,0.00758,good
1789656324249053525,1.0832639846116652,-0.6646286205718535,0.3360992966402312,195,1.0,0.00495,good
1789656324349047483,1.1016062317353976,-0.6580143920347378,0.3361349435978906,199,1.0,0.0062,good
1789656324459042575,1.1211684748871213,-0.6529366243117397,0.33635896089262984,192,1.0,0.00389,good
1789656324559048664,1.140391773297132,-0.6457548479774948,0.33268086451394274,190,1.0,0.00653,good
1789656324669045738,1.160519950148241,-0.6378612552802099,0.3294558399297214,199,1.0,0.00423,good
1789656324769057364,1.1781161429605385,-0.6325343564418281,0.3325051514141674,185,1.0,0.00374,good
1789656324879053327,1.1973856968779637,-0.6251270748129465,0.3395076374802224,193,1.0,0.00478,good
1789656324979160426,1.2180991646642936,-0.6162879251237365,0.3346789576843354,194,1.0,0.00729,good
1789656325089033396,1.2394804045722414,-0.6103382192446662,0.33895951769048316,193,1.0,0.00481,good
1789656325189050607,1.2568754357843261,-0.605224809213603,0.33368938421949473,195,1.0,0.00767,good
1789656325289030944,1.279470167740986,-0.5993859025466448,0.3381698211627915,195,1.0,0.00619,good
1789656325389037506,1.298393586882703,-0.590732212905251,0.33525518860281317,195,1.0,0.00437,good
1789656325499484889,1.3181331458005694,-0.5837423283552166,0.3345470881106125,193,1.0,0.00582,good
1789656325609047127,1.3372154863297596,-0.5784689164857347,0.33805096683585645,196,1.0,0.00433,good
1789656325709029224,1.3565215254901934,-0.5711274611235126,0.3414219674887027,201,1.0,0.00451,good
1789656325819065250,1.377460593665516,-0.5620647152846932,0.3404239223968444,193,0.9948,0.0048,good
1789656325919046365,1.395346523454928,-0.5564626378624764,0.33697203768269873,200,1.0,0.00399,good
1789656326019038972,1.4158772659255225,-0.549176387075554,0.33274791356051,201,1.0,0.01107,good
1789656326129046074,1.4341720348226157,-0.543482158520328,0.3412145804673352,197,1.0,0.00696,good
1789656326229039479,1.4520611686666836,-0.5372246644874777,0.34067528344732856,197,1.0,0.00369,good
1789656326329048774,1.4747749624736246,-0.5295909440365355,0.3377224610180709,194,1.0,0.00869,good
1789656326439053820,1.493695996457785,-0.523623966472661,0.34230529804131016,198,1.0,0.00637,good
1789656326539074543,1.5134381128569492,-0.5150856883200046,0.33886404147699317,191,0.9948,0.00455,good
1789656326649053716,1.533230625427181,-0.5075575556660937,0.3412274772355006,193,1.0,0.00491,good
1789656326758997238,1.5542407475678153,-0.500905809046881,0.34642626199197374,195,1.0,0.009,good
1789656326859042518,1.5722228071767061,-0.4950529298195032,0.34795754763592845,195,1.0,0.00569,good
1789656326959042368,1.5903391852354274,-0.4884708829420269,0.3529284635293625,200,1.0,0.00522,good
1789656327059050128,1.6127022303940313,-0.47975510743868355,0.35025854125821865,194,1.0,0.00821,good
1789656327169066662,1.6316303505734784,-0.47271672751271265,0.3512263178896686,198,1.0,0.00597,good
1789656327269054541,1.6500272739319768,-0.46458292296483367,0.3491092502552282,206,0.9951,0.00744,good
1789656327379062111,1.670159916190279,-0.4566866390491212,0.34326485527967043,204,1.0,0.00477,good
1789656327479059435,1.6884802652514974,-0.44945636129056743,0.34204065620542656,192,1.0,0.00625,good
1789656327589136920,1.7088756735026052,-0.4431737569732823,0.3475773839363343,193,1.0,0.00402,good
1789656327689030029,1.7282298367434015,-0.4360442068367266,0.3472820398549812,201,1.0,0.00562,good
1789656327799051694,1.7477201441666939,-0.4295531075375908,0.3535893880328975,200,1.0,0.00597,good
1789656327899060685,1.7684074806729293,-0.4226261795324224,0.3571909694939419,193,1.0,0.00656,good
1789656327999040248,1.787824240538047,-0.41722304977714064,0.35772386688793184,191,0.9948,0.00621,good
1789656328099045402,1.8042671736363796,-0.40845776568810155,0.352771574999968,200,1.0,0.00621,good
1789656328209062201,1.8224381956286413,-0.4020263882579703,0.35568456535345816,197,1.0,0.00521,good
1789656328309041646,1.8426089580624065,-0.3948380297523496,0.3587598814693426,201,1.0,0.00698,good
1789656328419039999,1.8656756805309136,-0.38606782159885067,0.3614606972842666,200,1.0,0.0078,good
1789656328519054281,1.8831585663571857,-0.37820436394852464,0.3599390002972507,203,1.0,0.00915,good
1789656328629046670,1.903896713085406,-0.36941142370309593,0.36036544525421355,205,1.0,0.0107,good
1789656328729035468,1.9206802962955776,-0.3620037108028634,0.361676327152695,202,0.995,0.0068,good
1789656328839184391,1.938396747803603,-0.3538531421691005,0.3548008775234963,195,1.0,0.00695,good
1789656328939046861,1.9569797142178431,-0.347419729873093,0.35959975600723987,201,1.0,0.01055,good
1789656329039048824,1.9714434001609467,-0.3410974958451237,0.36146244605401434,196,1.0,0.00958,good
1789656329149057757,1.993523633049801,-0.33135542241042604,0.3585753198111392,204,1.0,0.00738,good
1789656329249339985,2.0106448323727193,-0.3253880384617355,0.35554983060761436,198,1.0,0.00834,good
1789656329359058243,2.030614478756153,-0.3182129394880842,0.35630108235469193,199,1.0,0.0075,good
1789656329459042293,2.0509917811371046,-0.31402070906947693,0.358744700735192,192,1.0,0.0056,good
1789656329569044782,2.0712432146959228,-0.3057936558480453,0.35446640494312986,198,1.0,0.00711,good
1789656329669035073,2.091140748939694,-0.30027730729928215,0.3533099495066556,201,0.995,0.0054,good
1789656329769050757,2.1072314966352343,-0.2914096147030013,0.35412712769925725,201,1.0,0.00404,good
1789656329879054986,2.125431524496259,-0.28506694053009907,0.36167420585262783,202,1.0,0.00555,good
1789656329979129305,2.144212193313897,-0.2775837622763713,0.35715414093131215,203,1.0,0.00915,good
1789656330079054747,2.1638734787016216,-0.26954303169018246,0.3559899883345527,196,0.9949,0.00935,good
1789656330189036889,2.1820534893078776,-0.2608895310205135,0.3829942632047272,204,1.0,0.0088,good
1789656330289043584,2.1946785980803987,-0.25390201791917305,0.41408698636992347,193,0.9948,0.01023,good
1789656330399056136,2.209858049810643,-0.24605825790949276,0.447510080168948,198,0.9949,0.01117,good
1789656330499051904,2.2231693029848367,-0.23978432138505518,0.4865126122429648,199,0.995,0.00755,good
1789656330599046876,2.2370692325552963,-0.2306818116836074,0.5150890818576668,197,1.0,0.00891,good
1789656330709065688,2.2514555800772613,-0.22080042737084898,0.5571141344048909,204,0.9902,0.01055,good
1789656330809015488,2.264344218564724,-0.21294604955873775,0.5930454991304026,193,0.9948,0.01293,good
1789656330919045246,2.2798261834116924,-0.20082709410926505,0.6334687342140924,194,1.0,0.01154,good
1789656331019058969,2.293864305220984,-0.19291896768040043,0.6759783147962446,205,0.9951,0.00804,good
1789656331119033341,2.309973032339977,-0.18143880035966772,0.717698352981454,201,1.0,0.00938,good
1789656331229060957,2.3239407061156503,-0.17035519752011613,0.7583761810707974,209,1.0,0.0085,good
1789656331329046756,2.335831055449786,-0.1576609347964532,0.7909162324018213,205,0.9902,0.00892,good
1789656331429044852,2.3493869875333853,-0.1440544979325596,0.8318774085214267,197,1.0,0.01153,good
1789656331539011407,2.3617668161967083,-0.12919262610013219,0.8729891503344367,203,1.0,0.01065,good
1789656331639069731,2.3743567657825957,-0.11592528211834627,0.9099726673628277,194,1.0,0.01133,good
1789656331749070159,2.3865503484261477,-0.10306171551112314,0.963118993696783,203,1.0,0.0068,good
1789656331849055958,2.397359634675648,-0.08657530898650714,0.9924808276612944,207,1.0,0.0083,good
1789656331959060498,2.4072948453265592,-0.06944162992026784,1.0364332509703915,204,1.0,0.00915,good
1789656332059048634,2.4186457625541555,-0.05405756312797047,1.0749402779382373,202,0.995,0.00995,good
1789656332159045262,2.426723650421319,-0.035800063539815075,1.1066639872970325,205,0.9951,0.00937,good
1789656332269057422,2.4338194490786877,-0.018498646093056903,1.1434864945895933,198,0.9949,0.01173,good
1789656332369053494,2.4461176911724047,-0.0014656618553502976,1.1819289050281439,198,0.9949,0.00994,good
1789656332469050475,2.4528988198555437,0.014882201836678544,1.221303170700313,199,1.0,0.00728,good
1789656332579049003,2.4586816475845406,0.035178008355953805,1.2555683703088982,202,1.0,0.00818,good
1789656332679049595,2.4636957948410947,0.05050676628852174,1.2985757227220682,195,1.0,0.01064,good
1789656332789060847,2.4684853511109766,0.06990739337695417,1.3338595538144398,201,0.995,0.00928,good
1789656332889072791,2.473786829618088,0.08927558847028949,1.3757662983796146,207,0.9855,0.01216,good
1789656332999061356,2.478621501694988,0.10748212654081196,1.416734216383398,205,1.0,0.01021,good
1789656333099438889,2.4855254000485125,0.1280106680268172,1.4583950264119616,194,0.9948,0.01085,good
1789656333199052792,2.4883708049516224,0.1477760832328862,1.4950900412656745,204,1.0,0.01209,good
1789656333309064496,2.4917921619859693,0.1680474111902095,1.5360036565095923,206,1.0,0.01214,good
1789656333409051971,2.4946991392418947,0.1880447207184609,1.5770857544380623,206,1.0,0.01147,good
1789656333509050873,2.4971319168508295,0.20432642205498563,1.6213946790962745,198,0.9949,0.011,good
1789656333619030760,2.496741667463418,0.22450381623216203,1.6616802663260761,202,0.995,0.01052,good
1789656333719054276,2.4955263208397893,0.24197700582848303,1.7017592219082809,202,1.0,0.01107,good
1789656333829036477,2.4927113986030633,0.264626767631869,1.7396791514029475,200,1.0,0.01,good
1789656333929041676,2.4897395858052693,0.2808883906001676,1.7767869977469155,211,1.0,0.0099,good
1789656334039152869,2.4837552062368453,0.3009539992678645,1.8134791347763792,193,1.0,0.00739,good
1789656334139048591,2.47894006380639,0.3178769713542816,1.85399527140774,201,1.0,0.00729,good
1789656334239173983,2.47601754874641,0.334009857829258,1.897440182574792,204,1.0,0.01146,good
1789656334349034552,2.470066079401065,0.3541702217353909,1.9349990470175038,203,1.0,0.01205,good
1789656334449058953,2.463772250360572,0.36961666074851146,1.9742034166163867,208,1.0,0.00788,good
1789656334559033033,2.4535570548755588,0.38713820792971554,2.00692182247854,209,1.0,0.00861,good
1789656334659038339,2.4446057906657206,0.40371902939081894,2.0094995056018905,206,1.0,0.00513,good
1789656334769002640,2.434720120139272,0.4239638677157288,2.009795830439248,202,1.0,0.00488,good
1789656334869054210,2.42306040623736,0.4415868877401854,2.0074081779271764,201,1.0,0.00625,good
1789656334979075369,2.4117994796714264,0.45966627739963983,2.0104383903714864,212,0.9953,0.00598,good
1789656335079039904,2.4039874764982416,0.47989456977098516,2.009329010805935,196,1.0,0.00656,good
1789656335179093027,2.395679230261617,0.49739168611320966,2.007584114655683,199,1.0,0.00464,good
1789656335289043947,2.385827388393671,0.5177832547775221,2.009191538530627,198,1.0,0.00714,good
1789656335399036853,2.3761463798031413,0.5380240231601481,2.0134040420274033,197,0.9949,0.00589,good
1789656335499045119,2.3685755916330833,0.5561618370123205,2.0111209478410745,203,1.0,0.0068,good
1789656335609076677,2.360429464616329,0.5764848015337299,2.0089544067410183,189,1.0,0.01073,good
1789656335708998898,2.3538545973828002,0.5944970011468493,2.0094148545981354,197,1.0,0.00877,good
1789656335809052279,2.347629976176737,0.6117991826439888,2.0125246019214447,198,0.9949,0.00944,good
1789656335909133886,2.341093512103787,0.6305678783228764,2.016194206378065,196,1.0,0.01174,good
1789656336019045460,2.331206942324483,0.6503589414706398,2.0156335044910896,192,1.0,0.00662,good
1789656336119016442,2.3229380746997927,0.6673327933219473,2.0190317823933728,206,0.9951,0.00619,good
1789656336229038860,2.31250221664992,0.6881479145876148,2.017326543846561,197,1.0,0.01004,good
1789656336329039030,2.3038809954851502,0.7052862883777842,2.0170858772818074,190,0.9947,0.00726,good
1789656336439010666,2.2912023715479526,0.7253500211954174,2.014752687625696,194,1.0,0.00807,good
1789656336539053969,2.280806842093466,0.7416735290902319,2.014915486909039,188,1.0,0.00893,good
1789656336649052774,2.269395661804795,0.7600782478780802,2.018378054595382,192,1.0,0.01092,good
1789656336749001032,2.2645980014995897,0.7753624464135245,2.0224498387940026,193,1.0,0.00892,good
1789656336849063115,2.257405991634842,0.7936148792726034,2.0243579946260364,185,1.0,0.00872,good
1789656336959035232,2.2457922862650355,0.8151757479386429,2.0212031723925867,196,1.0,0.00578,good
1789656337059019368,2.2385137468090512,0.8341825482689588,2.014843234520453,192,1.0,0.0108,good
1789656337159034315,2.229213907987465,0.8518794217504542,2.0157143048545048,190,1.0,0.00613,good
1789656337269037316,2.2197935715719135,0.8713747682253052,2.01724547694385,186,0.9892,0.01203,good
1789656337369063134,2.2113589042359,0.8896259516597833,2.0154474808492675,197,0.9848,0.00766,good
1789656337479261894,2.201482475452657,0.9091527684512039,2.02117972004282,192,1.0,0.00964,good
1789656337587185980,2.1935188845778053,0.9291585632797322,2.0216925168414366,196,1.0,0.00908,good
1789656337689037244,2.18445958102964,0.9459995681281299,2.0254817794837616,196,0.9949,0.00614,good
1789656337789036189,2.17548488799524,0.9634987182328509,2.0264127037716335,193,0.9948,0.00484,good
1789656337889053710,2.1662629916555485,0.9828733212380707,2.0291385865721536,193,1.0,0.00589,good
1789656337999044951,2.155716730104083,1.0026774053979244,2.025183047684848,195,1.0,0.0061,good
1789656338099070547,2.1481717156321536,1.0217158150120187,2.0288293337273955,202,1.0,0.00764,good
1789656338209078003,2.1388271328324078,1.0405117133741772,2.02833131054648,199,1.0,0.00681,good
1789656338309325006,2.1305851876555493,1.0594194646244375,2.0264203605523607,196,1.0,0.00706,good
1789656338419049122,2.120984783260594,1.078526010715954,2.02570263907841,190,0.9947,0.00621,good
1789656338519041638,2.113605466519056,1.0971889391799963,2.0244548247261793,197,1.0,0.00875,good
1789656338619150962,2.1039144139428188,1.1150116613996124,2.0216697310813205,194,0.9948,0.00679,good
1789656338729057483,2.093783429126855,1.1331222088613548,2.0224962652280385,194,1.0,0.0071,good
1789656338828994198,2.0826591568338566,1.1513111213305978,2.0178554186284567,186,1.0,0.00593,good
1789656338929032608,2.072889673957495,1.1699045207746175,2.0188835945814954,190,1.0,0.0044,good
1789656339039053989,2.062449977483328,1.1877116047520975,2.017438373749947,183,1.0,0.00616,good
1789656339139205148,2.053889848174055,1.2070941098844203,2.018726590541348,179,1.0,0.00741,good
1789656339249036341,2.045225581845361,1.2242417357003264,2.022458334812352,191,1.0,0.00531,good
1789656339349049691,2.036839618569885,1.2438794652373562,2.0211788991671695,180,1.0,0.00489,good
1789656339459095125,2.027861739878641,1.260673076695488,2.0190684697262298,188,1.0,0.01004,good
1789656339559046173,2.0178920473067836,1.280136134853223,2.02262413271087,181,1.0,0.00891,good
1789656339669050900,2.0088541401289564,1.298481461426908,2.0260198827310307,185,1.0,0.00947,good
1789656339769052823,1.999592467575988,1.3170494257220102,2.0260046471866313,181,1.0,0.00602,good
1789656339869044782,1.9889213657195015,1.3340555503284626,2.0209911475570173,188,1.0,0.00726,good
1789656339968992534,1.9806960198389436,1.3505771739755659,2.0196717889268014,181,1.0,0.00445,good
1789656340079045815,1.970512107517314,1.3698221220624265,2.0143890937136546,180,1.0,0.00419,good
1789656340179006140,1.9638314630107492,1.3878502595764086,2.0172017829168953,183,1.0,0.00582,good
1789656340289063495,1.9538473130391025,1.4064301240190447,2.0218799727455052,181,1.0,0.00905,good
1789656340389037137,1.9463801302981214,1.4247173489816274,2.0205262235708346,181,1.0,0.00493,good
1789656340499196593,1.9368076234277976,1.4443520388697793,2.020480385126509,185,1.0,0.00436,good
1789656340599051131,1.9275380282490857,1.460413067163947,2.020353791809826,182,1.0,0.00596,good
1789656340709055981,1.9179113792136455,1.4817698426331858,2.017357427444107,178,1.0,0.00887,good
1789656340809048828,1.9105817222773884,1.5005708328193212,2.0226826130837945,178,1.0,0.00905,good
1789656340909043027,1.9009115086909767,1.518052459158564,2.0144458954596653,190,1.0,0.01079,good
1789656341009062169,1.8923746745481143,1.535460116105731,2.014838322075677,179,1.0,0.00483,good
1789656341119033658,1.881763903099241,1.555355021508304,2.0127052886839976,187,1.0,0.00605,good
1789656341219039431,1.8746639802638276,1.5718974795009544,2.014104430735745,176,1.0,0.00632,good
1789656341319070355,1.866064974123238,1.5909555666810467,2.009620130263158,187,1.0,0.00579,good
1789656341429042936,1.8569784163683822,1.610387975930259,2.0073410007376054,186,1.0,0.00538,good
1789656341529063822,1.8493901358148253,1.6278338015717142,2.0076811678836655,191,1.0,0.00578,good
1789656341639049849,1.8424434691630809,1.64563476936799,2.0146576525225437,196,1.0,0.00638,good
1789656341739043177,1.8339535576399606,1.6637529899612213,2.0164274167729412,184,1.0,0.00468,good
1789656341849061726,1.8231674317858066,1.6818342195710172,2.008651496033586,182,1.0,0.00534,good
1789656341949050053,1.8162848833915246,1.700303409335178,2.0076146672907664,182,1.0,0.00497,good
1789656342059009935,1.806804082481026,1.7206333087594157,2.007756063598149,174,1.0,0.00562,good
1789656342159041415,1.798238853361156,1.7376213497523583,2.012290890442196,186,1.0,0.00732,good
1789656342259033557,1.7902992169373029,1.7589023795968883,2.0111755905204336,177,1.0,0.00628,good
1789656342369059156,1.780603982922282,1.7775818818134632,2.0180130314050664,186,1.0,0.00759,good
1789656342469044390,1.7700646714331103,1.7955150302464873,2.0125874131625596,168,1.0,0.00543,good
1789656342579145329,1.7591445957842742,1.8142033273063423,2.0116597822224658,183,1.0,0.00496,good
1789656342679258964,1.7512749021244591,1.8312008959017523,2.0159245506993897,176,1.0,0.00459,good
1789656342789039707,1.7410646579509161,1.8500048012375214,2.0177138340402627,173,1.0,0.00625,good
1789656342889046814,1.7328927054195635,1.8679495103314738,2.0206098865263975,189,1.0,0.00583,good
1789656342989040252,1.7234328388099074,1.886477903595907,2.016813160586309,178,1.0,0.00391,good
1789656343099047222,1.7116013137319626,1.9069092595050838,2.0135567646393357,182,1.0,0.00469,good
1789656343199053811,1.7032636251883373,1.9260264540279812,2.009327966313346,182,1.0,0.00587,good
1789656343309055142,1.6949454365208017,1.9462118887640243,2.0150649869231265,184,1.0,0.00736,good
1789656343409050730,1.6859160280807208,1.965863822112735,2.011777286191325,174,1.0,0.00562,good
1789656343519002965,1.6772966821837816,1.9848931336127238,2.014627737377935,179,1.0,0.0081,good
1789656343619034166,1.6678802605254783,2.0018613478237604,2.0139359572891737,179,1.0,0.00611,good
1789656343719037717,1.6606474160693816,2.020962401448371,2.016400106989184,185,1.0,0.00533,good
1789656343829055847,1.6526596380221046,2.039244868320887,2.0194258032914867,178,1.0,0.00645,good
1789656343929055638,1.6433156755202787,2.058462088413303,2.0190030080463544,177,1.0,0.00579,good
1789656344029075343,1.634794277639539,2.0768584692333643,2.017862973346556,180,1.0,0.00612,good
1789656344139138769,1.626948527874751,2.0962907582144763,2.0188065559822816,177,1.0,0.00563,good
1789656344239042478,1.6163320091677225,2.11422722503174,2.02260388688658,189,1.0,0.00988,good
1789656344349051620,1.6084035972814814,2.1312534605989035,2.0297629107811956,183,1.0,0.00478,good
1789656344449152625,1.5980097828966362,2.150924680425354,2.0236021736976286,188,0.9947,0.00672,good
1789656344559045961,1.5890505082737931,2.168822111891463,2.0253328084894533,178,1.0,0.00571,good
1789656344659047679,1.5796466724338054,2.1864483205332212,2.024606113614785,180,1.0,0.00771,good
1789656344769041728,1.5691606571453511,2.204476085085772,2.023581146543396,183,1.0,0.00424,good
1789656344869048724,1.5609748662254304,2.2217035632939335,2.0290080496228042,188,1.0,0.00534,good
1789656344969037034,1.5512689721627124,2.237839401256663,2.0294762428665964,194,1.0,0.00832,good
1789656345079053858,1.542469659924544,2.256231186782394,2.0304801706353337,177,1.0,0.00468,good
1789656345179056059,1.5332347557401969,2.2733565205018165,2.0345749413504914,193,1.0,0.00823,good
1789656345289052196,1.5247318228848004,2.293356820085034,2.0379005618058392,182,1.0,0.00486,good
1789656345389053211,1.5141872257448237,2.3119267278180273,2.0289782002618444,185,1.0,0.00703,good
1789656345499062294,1.5051996771019052,2.3324405948082445,2.029652310103596,183,1.0,0.00588,good
1789656345599062605,1.497085852279993,2.349165820100188,2.030263922229158,191,1.0,0.00671,good
1789656345699045897,1.489394860670936,2.364709674371409,2.0307920368383523,183,1.0,0.00472,good
1789656345809054628,1.4800579860824588,2.384772405314038,2.0277437785755885,188,1.0,0.00806,good
1789656345909050180,1.472452446623164,2.4008175430057497,2.0336637685153263,184,1.0,0.00567,good
1789656346009041228,1.466187300507961,2.4189692471835462,2.0344887973354915,183,1.0,0.00743,good
1789656346119032953,1.4558925219834413,2.4394973651549643,2.031338630876957,183,1.0,0.00461,good
1789656346219034526,1.4485989668903052,2.4556065145669765,2.0279617394477287,184,0.9946,0.00995,good
1789656346329046049,1.4381378667584221,2.4785780665794257,2.02446066675804,185,1.0,0.00653,good
1789656346429034028,1.429534815064342,2.49459639289901,2.024041092075865,183,1.0,0.00775,good
1789656346539040995,1.4201538377613407,2.5141030841190286,2.026475980953918,193,1.0,0.00623,good
1789656346639048716,1.412716186709881,2.5306878139358044,2.029699384515583,183,1.0,0.0064,good
1789656346738997321,1.4019214610293025,2.5459542375108266,2.0265394433561243,193,1.0,0.00533,good
1789656346849075591,1.390720658507557,2.566312883610101,2.0265423269572405,187,1.0,0.00567,good
1789656346949006009,1.382923407818847,2.581380126395532,2.026790872700827,184,1.0,0.00427,good
1789656347059040986,1.3709204806295765,2.5994928204183583,2.0286310130712972,191,1.0,0.00959,good
1789656347159034764,1.3629376429367879,2.6179247385596294,2.0282293048113273,190,1.0,0.00591,good
1789656347269051654,1.3541754936500117,2.6406692264811054,2.030787157076547,191,1.0,0.00569,good
1789656347369044006,1.3455436505335945,2.656134467863466,2.0280976394906047,190,1.0,0.00545,good
1789656347479106900,1.3376269150116262,2.67484247475864,2.0265971376853695,195,1.0,0.00524,good
1789656347579051007,1.3286788487587888,2.6923825730518933,2.0265048522536016,192,1.0,0.00798,good
1789656347679042728,1.3208997355227623,2.712803942933019,2.0240371847519696,188,1.0,0.00787,good
1789656347789039562,1.318058802440084,2.7172241114293447,2.021642318326634,185,0.9946,0.00915,good
1789656347889045025,1.317512046359313,2.718950275247733,2.017766901324817,190,1.0,0.00631,good
1789656347989041433,1.3165416685402846,2.7243806976306084,2.021884778194964,190,1.0,0.00695,good
1789656348099045216,1.3143597354062522,2.7221956725984797,2.0349758269796268,196,1.0,0.00548,good
1789656348199047756,1.3122531668907484,2.718321815290729,2.0558611080000446,181,1.0,0.00763,good
1789656348309050512,1.312260194522685,2.718848084928381,2.0786722067570262,196,1.0,0.00699,good
1789656348409072109,1.3112737394648546,2.7236219923130767,2.09602255236409,195,1.0,0.00681,good
1789656348519036752,1.3100897332390935,2.7217729636655066,2.115400075479412,184,1.0,0.00836,good
1789656348619032032,1.3100223961513484,2.723430406361076,2.1359283422720288,189,1.0,0.00739,good
1789656348719059277,1.3109486762688738,2.7252611420984785,2.1559015261942065,190,1.0,0.00546,good
1789656348829051329,1.3099354479856633,2.725594300441319,2.175932175728938,193,1.0,0.00676,good
1789656348929050035,1.3099322264984627,2.72276890305079,2.1951477523936727,189,1.0,0.00757,good
1789656349029058766,1.3097591632670214,2.725606544636605,2.2173223958263093,192,1.0,0.00807,good
1789656349139209033,1.3043911935414363,2.7205674911395126,2.253247341647698,188,0.9947,0.01761,good
1789656349239063266,1.2995843557392688,2.71896559627341,2.3057809899491892,192,1.0,0.0136,good
1789656349339052030,1.2989635210613941,2.7082174105509766,2.394149832259696,185,1.0,0.02068,good
1789656349449051969,1.2972359844794734,2.7024458491389494,2.4802959108595046,189,0.9788,0.01916,good
1789656349549052289,1.298293136654043,2.6942736762030073,2.6038388368784435,184,0.9837,0.02228,good
1789656349649044257,1.2969456598539977,2.691335118127444,2.7401765123124195,188,0.9681,0.02175,good
1789656349759032824,1.2940390954155467,2.685769168088136,2.8734176983248783,187,0.9893,0.02142,good
1789656349859039923,1.2932980098986466,2.680157514914098,3.0107780557863513,174,0.9943,0.01699,good
1789656349959038558,1.291705950778392,2.679459077368507,-3.1257200442298463,180,0.9944,0.01336,good
1789656350069049130,1.297392454145388,2.680166015569693,-2.9877291114632993,188,1.0,0.01651,good
1789656350179052827,1.3017017102184678,2.6897067742033167,-2.9643208806333594,190,1.0,0.01325,good
1789656350279045149,1.302441461033286,2.6956368413136853,-2.960821301493056,185,1.0,0.00761,good
1789656350379160723,1.30341999401121,2.699616141002622,-2.956660169627263,202,1.0,0.00809,good
1789656350489033297,1.2953228276557647,2.7068672096274047,-2.9518704190102008,189,0.9788,0.01732,good
1789656350589050030,1.2800146747519434,2.71109758430761,-2.9168857273338706,189,0.9788,0.01815,good
1789656350698999944,1.2613150490605274,2.7090511098409062,-2.8867830246001724,192,1.0,0.01129,good
1789656350799053790,1.2473396133692423,2.7086825709403244,-2.873961933747568,194,1.0,0.00717,good
1789656350909058209,1.2274816715241956,2.7028229785356213,-2.8713477129684404,195,1.0,0.00535,good
1789656351009052677,1.2136590503488904,2.6988142515095213,-2.872302819517483,191,1.0,0.00559,good
1789656351109050448,1.1942267101913804,2.695182045201526,-2.8744278890989396,194,1.0,0.00629,good
1789656351219011565,1.1736692778047775,2.6866574891853854,-2.874105267913141,191,1.0,0.00866,good
1789656351319066860,1.1558560486809732,2.6836936890013927,-2.878780402750579,202,1.0,0.0055,good
1789656351429041089,1.1360806114449484,2.678479070029322,-2.881906541010603,200,0.995,0.00674,good
1789656351529045842,1.1181145878049787,2.6736489366517615,-2.8807441010235935,196,1.0,0.00457,good
1789656351639002811,1.0969601111016598,2.66924223386726,-2.8813968668977616,201,0.995,0.00497,good
1789656351739062884,1.0797438005775268,2.6655761276525127,-2.8805826188650188,198,1.0,0.00706,good
1789656351849044966,1.0589125594691466,2.6615154704938586,-2.8808689430891357,195,1.0,0.0064,good
1789656351949057498,1.0405260846875466,2.658017323835132,-2.881384607127997,203,1.0,0.00578,good
1789656352049039540,1.0209417983997988,2.6520271818067114,-2.8798250018015925,200,1.0,0.00473,good
1789656352158999952,1.0011236904011338,2.6469334356964733,-2.8829057141776038,192,1.0,0.01001,good
1789656352269044557,0.979176393231347,2.641412046649219,-2.8836451563835177,199,1.0,0.00742,good
1789656352369007255,0.9634906102920296,2.6374003530673362,-2.885673513723838,196,0.9949,0.00743,good
1789656352469044848,0.9441606137055327,2.6331550035629876,-2.8874453345718547,197,1.0,0.00516,good
1789656352579210778,0.924385238442142,2.6296055322574614,-2.886654638136531,199,1.0,0.00604,good
1789656352679135528,0.9043515105077109,2.6247122826464055,-2.8813593932804413,192,0.9948,0.0075,good
1789656352789035269,0.8812297792607678,2.6189403261172632,-2.882072723431604,204,1.0,0.0075,good
1789656352889028266,0.8627475238161457,2.6149203215310624,-2.8844048742024904,197,1.0,0.00635,good
1789656352999051591,0.8421109929756898,2.610169296859203,-2.880082484454427,194,0.9948,0.01122,good
1789656353099039057,0.8229952224934618,2.6064140236461637,-2.880435762126018,197,0.9949,0.00669,good
1789656353209040675,0.803525729180886,2.600604272550539,-2.8775593555608823,196,1.0,0.01044,good
1789656353309050215,0.7856441848709717,2.596330423948914,-2.8761994891356175,191,0.9948,0.00539,good
1789656353409053291,0.7670042910545488,2.5903343600628617,-2.876697448472815,199,1.0,0.00711,good
1789656353509058016,0.7462718776398731,2.588451596227468,-2.8808826568706487,204,1.0,0.0128,good
1789656353619044115,0.725258812018302,2.5832633762990582,-2.885509193754342,193,1.0,0.0088,good
1789656353719093139,0.704613266358911,2.5800665971599663,-2.888456398868405,196,1.0,0.00885,good
1789656353829038253,0.6843192788525203,2.573724947405898,-2.8835907671052667,199,1.0,0.00853,good
1789656353929043941,0.6645272373530001,2.565720074047193,-2.8817831460162098,197,1.0,0.00574,good
1789656354039074414,0.6450832859124385,2.559963827054294,-2.8849634107703594,193,1.0,0.00458,good
1789656354139063086,0.6260196771222911,2.5519212392962043,-2.8899020398374984,190,1.0,0.00764,good
1789656354249035295,0.6051582636052966,2.5468815345076568,-2.8929197852238127,210,1.0,0.00621,good
1789656354349230633,0.5868350696438801,2.5432307366611977,-2.8931886130748077,205,1.0,0.00629,good
1789656354459040976,0.5646041189615575,2.537738833650271,-2.8924090326185827,202,1.0,0.00622,good
1789656354559038612,0.5460577664359947,2.532233341717129,-2.894018082790334,208,1.0,0.00863,good
1789656354669050620,0.5246872053880542,2.52570676178661,-2.8936034470320338,203,0.9951,0.00569,good
1789656354769060331,0.5065841052826512,2.5195857119227165,-2.890556968974814,208,1.0,0.00963,good
1789656354879037781,0.4853624874076895,2.5141937814052264,-2.8905688955675832,203,1.0,0.00864,good
1789656354979055937,0.46520273756138875,2.5093989023846497,-2.891029225383781,206,1.0,0.00416,good
1789656355079059165,0.4460662980241538,2.504192278841802,-2.8920771933725953,205,1.0,0.00719,good
1789656355179151296,0.427053335338791,2.4973308089333717,-2.8949512468350034,201,1.0,0.0063,good
1789656355289036719,0.40866801214354437,2.491345042794647,-2.8939584079803056,210,1.0,0.00592,good
1789656355389049103,0.38782320116673685,2.4864075923437716,-2.8957878127269177,207,1.0,0.00953,good
1789656355499044054,0.3683324867290168,2.4826802886454096,-2.8957152136224384,204,1.0,0.00779,good
1789656355599066160,0.3485440709278941,2.4775766686092653,-2.8961452435583035,207,1.0,0.00587,good
1789656355709055759,0.328153737026222,2.47130515291091,-2.8951691826794357,208,1.0,0.00639,good
1789656355809081551,0.3078906556838369,2.4693283302087448,-2.896312063103404,209,1.0,0.01051,good
1789656355919014034,0.28779221387675047,2.4637160455405884,-2.891829957176292,208,0.9952,0.00934,good
1789656356019038910,0.2696863423472417,2.45810555185658,-2.8922316838011306,205,1.0,0.00478,good
1789656356119042039,0.24952495131400665,2.450333610852467,-2.8909855129236086,216,0.9954,0.00812,good
1789656356229064586,0.2306160995188348,2.4452551125318935,-2.892360315120403,211,1.0,0.00549,good
1789656356329066548,0.2103149141614537,2.439665618954231,-2.8884602029055775,212,1.0,0.00609,good
1789656356439077686,0.19009881336690423,2.4347035532364436,-2.8940080821249734,211,1.0,0.00462,good
1789656356539040015,0.16921067107860488,2.428270206017642,-2.896746448043754,207,1.0,0.00466,good
1789656356649087194,0.14889301634610605,2.4230876179440917,-2.8962299540868917,208,1.0,0.0057,good
1789656356749040615,0.12701915151744292,2.4192164923879274,-2.8986779980001196,208,1.0,0.00502,good
1789656356849046558,0.10483023203568739,2.416265895386999,-2.89899186295261,209,1.0,0.00563,good
1789656356959039066,0.08570640182161698,2.4116306093537956,-2.8968237439561446,213,1.0,0.00586,good
1789656357059050595,0.06506324554729587,2.4069877879940904,-2.8954193636611483,206,1.0,0.005,good
1789656357159038321,0.045679510359093733,2.401930805178923,-2.896144786259184,204,1.0,0.00403,good
1789656357269080167,0.026903868614375402,2.39536312101866,-2.895121077952702,218,0.9954,0.00476,good
1789656357369041854,0.007213610750860341,2.3925853508842763,-2.8947719114501003,209,1.0,0.00735,good
1789656357479067198,-0.01497877360086343,2.389178369738657,-2.897944751810711,209,1.0,0.00713,good
1789656357579802041,-0.03353637617374379,2.384126554783678,-2.899341662061041,208,1.0,0.00523,good
1789656357689044895,-0.052460870295031284,2.3782419132746084,-2.8961296708010953,206,1.0,0.00746,good
1789656357789050493,-0.07331126957298012,2.3740351964432707,-2.89470492278017,204,1.0,0.00669,good
1789656357889052183,-0.09230329266478823,2.3690784884225695,-2.893797339506826,204,1.0,0.00817,good
1789656357999044117,-0.11557270706368222,2.362328425121465,-2.892371073885052,211,1.0,0.0088,good
1789656358099047058,-0.13389005087124503,2.3580693711324368,-2.8919881340340763,213,1.0,0.00951,good
1789656358209058255,-0.15457801313459027,2.3510515000921135,-2.891151634802594,213,1.0,0.0052,good
1789656358309262653,-0.17338994274000585,2.3472861973958112,-2.8890498053398095,206,1.0,0.00553,good
1789656358419046608,-0.19578756154638768,2.343940966247807,-2.8905011334756687,206,1.0,0.00454,good
1789656358519037526,-0.21552642168655956,2.338439301915873,-2.891156969943991,207,1.0,0.00404,good
1789656358629047445,-0.2363382092248314,2.3320103943549455,-2.894149779839808,203,1.0,0.00585,good
1789656358729032029,-0.25573791585704936,2.326801047513061,-2.896262083521933,217,1.0,0.00547,good
1789656358829038022,-0.2735976555256247,2.319796026170196,-2.8978832739825795,210,1.0,0.00683,good
1789656358939064460,-0.2947446803938954,2.3141922293995383,-2.8975120029158856,211,1.0,0.00471,good
1789656359039002691,-0.3134035372233811,2.3074232264404078,-2.8937675413474744,215,1.0,0.00435,good
1789656359149298598,-0.3326179232975358,2.300529456130339,-2.892861449817835,207,1.0,0.0045,good
1789656359249057152,-0.35163844335688726,2.2949462131979574,-2.8919738395343093,215,1.0,0.0089,good
1789656359359040440,-0.37037766204890876,2.2896177440833214,-2.8908204070710597,205,1.0,0.00516,good
1789656359459047440,-0.3883973600920261,2.284544304955501,-2.888396151220315,208,1.0,0.00821,good
1789656359559033531,-0.40856501898958997,2.2801009083677903,-2.8891234282041904,208,0.9952,0.00479,good
1789656359669052118,-0.42973154946282643,2.2727854860578693,-2.8918720195947007,211,1.0,0.00689,good
1789656359769052118,-0.44708295369951634,2.2684175475698822,-2.894247993925364,211,0.9953,0.00398,good
1789656359879050482,-0.4680022520126708,2.2635928823986795,-2.8921314450022817,215,1.0,0.00771,good
1789656359979044166,-0.4895858311081937,2.259109858430055,-2.891140411236249,216,0.9954,0.00438,good
1789656360089047435,-0.5086853341177584,2.254604187839409,-2.8841017638956026,210,1.0,0.00521,good
1789656360189042181,-0.5308099343833705,2.2488385466275322,-2.881962839595952,215,1.0,0.01074,good
1789656360299148501,-0.5503587962353693,2.2423290622486443,-2.8857678063849233,210,1.0,0.00779,good
1789656360399092317,-0.5687244265152372,2.2369710392108004,-2.8857536690534524,215,1.0,0.00714,good
1789656360499042505,-0.5868994180137442,2.2311040605709516,-2.888497210726277,213,1.0,0.01038,good
1789656360599042548,-0.6079768709300605,2.2291484481544446,-2.8855766885181358,219,0.9909,0.00621,good
1789656360709043896,-0.6287480434706174,2.219614691872173,-2.890451981706678,213,0.9953,0.00754,good
1789656360819037428,-0.6529773343005638,2.2164369721256127,-2.886090790162758,214,0.9953,0.007,good
1789656360919050788,-0.6734767210234299,2.2106597111816213,-2.8837040880907154,218,1.0,0.00727,good
1789656361029063533,-0.6955372039197746,2.2046807238555575,-2.8845998341216217,210,1.0,0.00649,good
1789656361129051083,-0.7149278545137674,2.1985228720105856,-2.882611432421101,215,1.0,0.00581,good
1789656361229100472,-0.7354288211011429,2.1937085427308527,-2.8816148333814415,213,1.0,0.00928,good
1789656361341845190,-0.7578148695159224,2.1867206968519586,-2.8712755040956144,209,1.0,0.00935,good
1789656361439047739,-0.7757179612656948,2.1817038457347637,-2.841401337251496,214,0.9953,0.01073,good
1789656361539054568,-0.7891687295774729,2.1748172587419456,-2.814828773862534,210,0.9952,0.00862,good
1789656361649053104,-0.8096945394147247,2.1650160933116633,-2.7871176084084195,215,1.0,0.00724,good
1789656361749042043,-0.8285239812878653,2.1605340474569408,-2.75541633361406,214,1.0,0.00658,good
1789656361849121748,-0.8474927168457513,2.151398363333383,-2.726560814025231,214,1.0,0.01035,good
1789656361959037406,-0.8666059059549778,2.143881756514683,-2.691508397474435,215,0.9907,0.00862,good
1789656362059111716,-0.8860955839324741,2.1348506133796485,-2.661369362461578,213,1.0,0.01063,good
1789656362169049713,-0.9091532602152552,2.126019184863661,-2.634587180223076,216,1.0,0.00937,good
1789656362269081330,-0.9265467897892726,2.1161993193204363,-2.6040777288720496,216,1.0,0.00724,good
1789656362379043588,-0.9426756231495362,2.1038250581981606,-2.5688957518961595,215,1.0,0.0057,good
1789656362479068575,-0.9551413755596811,2.094517716273634,-2.5382355955521843,215,1.0,0.00965,good
1789656362579056873,-0.9740647709078943,2.080831892450768,-2.516145210732866,215,1.0,0.00743,good
1789656362689038336,-0.9905177631239397,2.0676068341092444,-2.481012970631341,216,1.0,0.00813,good
1789656362789158404,-1.0055170541502914,2.054505936904018,-2.462758429204117,216,1.0,0.0075,good
1789656362889033083,-1.0242167041075352,2.0421219727473345,-2.426231258205935,217,1.0,0.01323,good
1789656362999049067,-1.0368786199689304,2.027832908007766,-2.391639698838857,209,1.0,0.01031,good
1789656363099069844,-1.0486827296011547,2.012392358937045,-2.361776036768371,212,1.0,0.00704,good
1789656363209150874,-1.064459305265877,1.9979578321032376,-2.332000787189664,215,1.0,0.00674,good
1789656363309045654,-1.0761190281658295,1.9838035170659016,-2.303921239680863,211,1.0,0.00612,good
1789656363419052494,-1.0900310765282781,1.9671803785194173,-2.2687751383673747,216,1.0,0.01122,good
1789656363519058098,-1.1047237240154184,1.953817739770876,-2.2522307535814208,220,1.0,0.00741,good
1789656363619053257,-1.1201698400153206,1.9377066747265494,-2.226839777610103,215,0.9953,0.00706,good
1789656363729031835,-1.1319284682483537,1.9229181744284052,-2.187773008550835,218,1.0,0.0085,good
1789656363829046069,-1.1417023772317296,1.9044487636525291,-2.151648064405079,217,1.0,0.00953,good
1789656363939011516,-1.1523004359275384,1.8861216100393583,-2.1229585285292427,218,1.0,0.00701,good
1789656364039058517,-1.1623756124143436,1.8688356966115134,-2.089828102752954,213,1.0,0.00788,good
1789656364149073138,-1.174571635660256,1.851226319216543,-2.061184134005661,221,0.9955,0.00992,good
1789656364249168832,-1.1859342069932235,1.833428130076676,-2.0383796661051083,217,1.0,0.01161,good
1789656364359042127,-1.1942379404935408,1.81470193057377,-2.0058310232936116,217,1.0,0.00725,good
1789656364459043481,-1.2061585092108014,1.798465577756923,-1.9828097036483627,214,1.0,0.00916,good
1789656364559044038,-1.211922123124684,1.777268098895044,-1.948037613622445,213,1.0,0.01395,good
1789656364669084032,-1.216824863709411,1.7573562354704215,-1.9156612094708607,212,1.0,0.00834,good
1789656364769055994,-1.2218105236941115,1.7370797754032377,-1.886698028563036,212,1.0,0.01145,good
1789656364879066967,-1.229573815585922,1.7168683916350398,-1.8640097935752533,214,0.9953,0.00912,good
1789656364979063098,-1.2383155552758032,1.6960545026961542,-1.837138761443312,212,1.0,0.00771,good
1789656365089039567,-1.2455716902224638,1.6751133364657684,-1.8112243285570373,216,1.0,0.00903,good
1789656365189073302,-1.2483061207499049,1.6546250170624204,-1.7846508887660595,211,0.9905,0.00798,good
1789656365289031735,-1.2496025908550714,1.6357588111538903,-1.7563067325557662,214,0.9907,0.00892,good
1789656365399044620,-1.254727056535306,1.6164426648978103,-1.7274531391287788,213,0.9906,0.00796,good
1789656365499045538,-1.2560089599917896,1.5960367881599393,-1.6933214411934174,213,1.0,0.00913,good
1789656365609055922,-1.2592624674861757,1.576869691767823,-1.6668049941868301,215,0.9814,0.00984,good
1789656365709055248,-1.2621279754901202,1.5588104133403595,-1.6372277518734841,210,0.9905,0.00592,good
1789656365819115025,-1.2661189927157124,1.5410184855665259,-1.6150040228027511,211,0.9905,0.01091,good
1789656365919037955,-1.2678090242240145,1.5218421063816108,-1.5869579604893098,214,0.9907,0.01145,good
1789656366029045865,-1.2681432192744424,1.5040933573935926,-1.5619679013562,214,1.0,0.01464,good
1789656366129043921,-1.2690712654894194,1.486725194631137,-1.534315787738255,210,0.9857,0.00823,good
1789656366229033774,-1.2687756044742966,1.4703125194687168,-1.5070767166020063,214,0.9953,0.01287,good
1789656366329040813,-1.2707214022241444,1.4568701400354653,-1.4829174388667767,215,0.9953,0.01566,good
1789656366439043609,-1.271109801878643,1.436925478706024,-1.458462962056498,214,0.9953,0.01582,good
1789656366539040869,-1.2692179914352997,1.42142970833127,-1.4283477672224003,214,1.0,0.01799,good
1789656366649041498,-1.2658382152584335,1.4034690530268443,-1.3979468030392312,220,0.9955,0.01729,good
1789656366749063057,-1.2610136873201798,1.38716645727238,-1.3642274605849498,214,1.0,0.00888,good
1789656366859058519,-1.2574474830469793,1.3661116380058629,-1.3379871301887598,218,0.9771,0.01136,good
1789656366959033203,-1.2527008951532324,1.3476566902035754,-1.3093188136875828,208,0.9856,0.01434,good
1789656367069051322,-1.2497909066856432,1.3286279064766977,-1.2851570954999567,215,0.9907,0.01314,good
1789656367169051796,-1.2467693667532875,1.312841676017418,-1.2591771121910527,210,0.9952,0.01465,good
1789656367269073365,-1.2387161764757995,1.2964146041308684,-1.2191644187424786,215,0.9953,0.00975,good
1789656367379038718,-1.2344152088509432,1.2770760858043952,-1.1896541868689412,213,0.9812,0.01197,good
1789656367489034834,-1.2277747587317895,1.2556368000436335,-1.161040080662176,212,0.9811,0.01421,good
1789656367579042037,-1.2206317813556464,1.240266995005682,-1.1296149999249558,213,1.0,0.01303,good
1789656367689040004,-1.2101768988006185,1.2203715001872022,-1.0951430863214076,213,0.9859,0.01406,good
1789656367789042608,-1.1989868366312781,1.2036401398446508,-1.0597492694528516,217,0.9908,0.01213,good
1789656367899037760,-1.187973358339033,1.183301243850876,-1.0321889375150275,210,0.9857,0.01411,good
1789656367999034012,-1.178224423887713,1.1667821417582074,-1.0035947806950483,219,1.0,0.01373,good
1789656368109042969,-1.1634287218443253,1.1464735422107122,-0.9789960949437622,215,0.986,0.00877,good
1789656368209045861,-1.1508399249259509,1.1297314970625902,-0.942971095499177,211,0.9953,0.00828,good
1789656368309050549,-1.1428071608806163,1.1254341943215598,-0.9228688266888629,216,1.0,0.00948,good
1789656368419078080,-1.1386288419233839,1.1208359159138586,-0.9141585297945239,213,1.0,0.00855,good
1789656368519058099,-1.1354532790337128,1.1174666039280174,-0.9207832240602749,215,1.0,0.00841,good
1789656368629037033,-1.1367815626768216,1.1135764381562934,-0.9219507344400939,210,0.9952,0.00794,good
1789656368729039721,-1.1376079840353939,1.110012592858874,-0.9220084324323393,211,1.0,0.00854,good
1789656368839044250,-1.1369367996416229,1.1077366743221395,-0.9212110262073083,213,1.0,0.00759,good
1789656368939037400,-1.1354039756230079,1.106526545288108,-0.9200757702519966,216,1.0,0.00766,good
1789656369049091913,-1.1339576248742818,1.105546166669986,-0.9143565827971547,212,1.0,0.00678,good
1789656369149096370,-1.1313386204113687,1.1032542199701016,-0.9126051153935095,212,1.0,0.00834,good
1789656369249055287,-1.1313757908426314,1.1028809600363052,-0.9185166836499393,217,1.0,0.00603,good
1789656369349084895,-1.1292158643576065,1.1033106953843648,-0.9141027676507291,212,0.9953,0.00563,good
1789656369459053409,-1.1289631294139426,1.1014205088015239,-0.9150674427314507,214,1.0,0.00571,good
1789656369559050144,-1.1269506394012092,1.1010964854604512,-0.9128908738243475,213,1.0,0.0053,good
1789656369659047564,-1.1299629103662185,1.1008013492199278,-0.9188541482443999,213,0.9953,0.01046,good
1789656369769065655,-1.1276259399605162,1.1004770313596277,-0.9137830393933783,212,1.0,0.00687,good
1789656369869051704,-1.1292281129659174,1.098494550370694,-0.9171753731568857,212,1.0,0.00985,good
1789656369979047183,-1.129606767916272,1.100250921707466,-0.9161458604071275,216,1.0,0.00903,good
1789656370079067700,-1.127977992806893,1.0984205705999628,-0.9128160226284572,214,1.0,0.00843,good
1789656370189038221,-1.1279799081847255,1.0957686541888003,-0.9161622566976964,213,1.0,0.00779,good
1789656370289047967,-1.1280390374092044,1.0934982650412959,-0.9204062673396813,211,1.0,0.0072,good
1789656370389101050,-1.126507425518505,1.0920675354635239,-0.9196648340384469,207,1.0,0.00985,good
1789656370499053180,-1.1270160661702053,1.0931774595383483,-0.9197821743024766,210,1.0,0.00943,good
1789656370599068909,-1.1270517369422957,1.0935261175389084,-0.9155079490824591,212,1.0,0.00534,good
1789656370699046690,-1.1270033168008922,1.093005808215486,-0.9177346835812181,213,1.0,0.00807,good
1789656370809052694,-1.1267014815228023,1.0917841058256221,-0.9164198395219398,208,1.0,0.01022,good
1789656370909048884,-1.1278600290811343,1.0894728719597837,-0.9202083370239015,210,1.0,0.00643,good
1789656371009045461,-1.1276761860641307,1.0895073990822446,-0.9156638925141025,217,1.0,0.00583,good
1789656371119052194,-1.1277952861223752,1.0929861653344897,-0.9132934321064039,214,1.0,0.01231,good
1789656371219059525,-1.1272917389146133,1.0937988808033823,-0.9118119277367005,211,1.0,0.00829,good
1789656371329069333,-1.1262814934580156,1.0927649504800838,-0.9170243228713226,214,1.0,0.01076,good
1789656371429032661,-1.1259120124049204,1.0932016858850022,-0.9163297987142323,213,1.0,0.00898,good
1789656371539063507,-1.1262369918901645,1.0908838567782044,-0.9231070302732705,212,1.0,0.00831,good
1789656371639060523,-1.126678926873491,1.0912898263400612,-0.9214390476959983,208,0.9952,0.0088,good
1789656371739052983,-1.1267365452895912,1.0895992138102046,-0.9224173257945467,216,1.0,0.00902,good
1789656371849051790,-1.122622330718854,1.0893701883281313,-0.9169319060119627,216,1.0,0.00959,good
1789656371949136461,-1.1246641150825052,1.0890775442343061,-0.9194966305809236,213,0.9953,0.0086,good
1789656372049122123,-1.1238394952786877,1.0894632588116002,-0.9151909495030731,216,1.0,0.00588,good
1789656372159024614,-1.1256316592034339,1.0879645044723425,-0.9188108154902098,213,1.0,0.00842,good
1789656372259032346,-1.1241093823045554,1.0877853195304341,-0.9203645303360966,208,0.9952,0.00931,good
1789656372369038735,-1.1247596841205623,1.0882995611330777,-0.9205545306936629,215,1.0,0.00602,good
