t_ns,t_bag_ns,mx,my,mz
1784885672291882008,1784885672296991351,0.0,0.0,0.0
1784885672341931243,1784885672349901871,0.0,0.0,0.0
1784885672391838924,1784885672396579040,0.0,0.0,0.0
1784885672441943799,1784885672452617476,0.0,0.0,0.0
1784885672491884198,1784885672494473818,0.0,0.0,0.0
1784885672541817875,1784885672544667106,0.0,0.0,0.0
1784885672591931138,1784885672598210317,0.0,0.0,0.0
1784885672641806027,1784885672643519602,0.0,0.0,0.0
1784885672691792215,1784885672701484658,0.0,0.0,0.0
1784885672741848634,1784885672746463286,0.0,0.0,0.0
1784885672791806789,1784885672793563710,0.0,0.0,0.0
1784885672841778553,1784885672847872517,0.0,0.0,0.0
1784885672891811217,1784885672894564258,0.0,0.0,0.0
1784885672941770705,1784885672949694969,0.0,0.0,0.0
1784885672992135470,1784885672995501389,0.0,0.0,0.0
1784885673041783566,1784885673053731474,0.0,0.0,0.0
1784885673091731604,1784885673094665325,0.0,0.0,0.0
1784885673141732801,1784885673145878557,0.0,0.0,0.0
1784885673191704151,1784885673198606374,0.0,0.0,0.0
1784885673241779820,1784885673245653817,0.0,0.0,0.0
1784885673291748096,1784885673301442670,0.0,0.0,0.0
1784885673341702078,1784885673343660360,0.0,0.0,0.0
1784885673391722606,1784885673394591391,0.0,0.0,0.0
1784885673441711657,1784885673447485667,0.0,0.0,0.0
1784885673491675119,1784885673497150596,0.0,0.0,0.0
1784885673541760656,1784885673550663063,0.0,0.0,0.0
1784885673591710027,1784885673594620511,0.0,0.0,0.0
1784885673641649289,1784885673653651561,0.0,0.0,0.0
1784885673691633341,1784885673695700477,0.0,0.0,0.0
1784885673741621003,1784885673743655423,0.0,0.0,0.0
1784885673791646790,1784885673798468283,0.0,0.0,0.0
1784885673841697906,1784885673846163617,0.0,0.0,0.0
1784885673891757836,1784885673902533501,0.0,0.0,0.0
1784885673941664028,1784885673944795221,0.0,0.0,0.0
1784885673991752491,1784885673994827803,0.0,0.0,0.0
1784885674041629325,1784885674047665504,0.0,0.0,0.0
1784885674091601908,1784885674093687248,0.0,0.0,0.0
1784885674141754707,1784885674151489333,0.0,0.0,0.0
1784885674191628618,1784885674195416535,0.0,0.0,0.0
1784885674241563058,1784885674254508923,0.0,0.0,0.0
1784885674291554582,1784885674295789752,0.0,0.0,0.0
1784885674341616171,1784885674345603468,0.0,0.0,0.0
1784885674392402011,1784885674400001694,0.0,0.0,0.0
1784885674441534526,1784885674443463757,0.0,0.0,0.0
1784885674491576358,1784885674503527788,0.0,0.0,0.0
1784885674541536239,1784885674544998368,0.0,0.0,0.0
1784885674591564925,1784885674594778774,0.0,0.0,0.0
1784885674641608998,1784885674647862461,0.0,0.0,0.0
1784885674691576415,1784885674693480946,0.0,0.0,0.0
1784885674741549516,1784885674751824956,0.0,0.0,0.0
1784885674791491547,1784885674796772238,0.0,0.0,0.0
1784885674841509161,1784885674843830727,0.0,0.0,0.0
1784885674891551345,1784885674897320431,0.0,0.0,0.0
1784885674941492228,1784885674944825357,0.0,0.0,0.0
1784885674991474143,1784885675000502813,0.0,0.0,0.0
1784885675041442013,1784885675043811461,0.0,0.0,0.0
1784885675091518684,1784885675103435010,0.0,0.0,0.0
1784885675141478983,1784885675144710663,0.0,0.0,0.0
1784885675191507013,1784885675193494107,0.0,0.0,0.0
1784885675241483106,1784885675248929571,0.0,0.0,0.0
1784885675292187875,1784885675294420454,0.0,0.0,0.0
1784885675341399760,1784885675351856084,0.0,0.0,0.0
1784885675391583231,1784885675393583416,0.0,0.0,0.0
1784885675441450395,1784885675444147983,0.0,0.0,0.0
1784885675491582151,1784885675496469046,0.0,0.0,0.0
1784885675541452370,1784885675546663090,0.0,0.0,0.0
1784885675591400170,1784885675600526606,0.0,0.0,0.0
1784885675641453234,1784885675644898829,0.0,0.0,0.0
1784885675691508853,1784885675704850203,0.0,0.0,0.0
1784885675741414344,1784885675745851543,0.0,0.0,0.0
1784885675791397233,1784885675793625479,0.0,0.0,0.0
1784885675841342663,1784885675848829438,0.0,0.0,0.0
1784885675891365509,1784885675896376239,0.0,0.0,0.0
1784885675941381041,1784885675952723872,0.0,0.0,0.0
1784885675991432179,1784885675994011746,0.0,0.0,0.0
1784885676041310478,1784885676045136799,0.0,0.0,0.0
1784885676091353035,1784885676099136529,0.0,0.0,0.0
1784885676141365281,1784885676143875341,0.0,0.0,0.0
1784885676191369288,1784885676200459694,0.0,0.0,0.0
1784885676241341744,1784885676244727681,0.0,0.0,0.0
1784885676291343603,1784885676292525494,0.0,0.0,0.0
1784885676341273286,1784885676345868889,0.0,0.0,0.0
1784885676391612247,1784885676394513659,0.0,0.0,0.0
1784885676441325608,1784885676449734534,0.0,0.0,0.0
1784885676491553547,1784885676495876447,0.0,0.0,0.0
1784885676541268075,1784885676552688732,0.0,0.0,0.0
1784885676591254325,1784885676595116289,0.0,0.0,0.0
1784885676641242112,1784885676645881987,0.0,0.0,0.0
1784885676691249044,1784885676697489253,0.0,0.0,0.0
1784885676741297841,1784885676743937734,0.0,0.0,0.0
1784885676791258058,1784885676801506987,0.0,0.0,0.0
1784885676841225069,1784885676844822700,0.0,0.0,0.0
1784885676891248851,1784885676892502381,0.0,0.0,0.0
1784885676941291464,1784885676945915841,0.0,0.0,0.0
1784885676991226073,1784885676994719069,0.0,0.0,0.0
1784885677041222255,1784885677049767534,0.0,0.0,0.0
1784885677091185592,1784885677093434354,0.0,0.0,0.0
1784885677141173055,1784885677152787168,0.0,0.0,0.0
1784885677191162092,1784885677196624632,0.0,0.0,0.0
1784885677241164535,1784885677244637239,0.0,0.0,0.0
1784885677291173422,1784885677297537484,0.0,0.0,0.0
1784885677341228339,1784885677344636367,0.0,0.0,0.0
1784885677391125389,1784885677401543427,0.0,0.0,0.0
1784885677441135553,1784885677442899642,0.0,0.0,0.0
1784885677491139088,1784885677494035131,0.0,0.0,0.0
1784885677541185784,1784885677547014347,0.0,0.0,0.0
1784885677591136678,1784885677594532541,0.0,0.0,0.0
1784885677641090239,1784885677649755335,0.0,0.0,0.0
1784885677691793048,1784885677696028572,0.0,0.0,0.0
1784885677741128342,1784885677753934013,0.0,0.0,0.0
1784885677791108177,1784885677795738091,0.0,0.0,0.0
1784885677841060053,1784885677844822606,0.0,0.0,0.0
1784885677891067976,1784885677897482366,0.0,0.0,0.0
1784885677941099193,1784885677943818650,0.0,0.0,0.0
1784885677991097229,1784885678001417485,0.0,0.0,0.0
1784885678041050853,1784885678042512873,0.0,0.0,0.0
1784885678091050157,1784885678093601916,0.0,0.0,0.0
1784885678141131173,1784885678146858696,0.0,0.0,0.0
1784885678191379110,1784885678194513991,0.0,0.0,0.0
1784885678241088400,1784885678249655011,0.0,0.0,0.0
1784885678291004327,1784885678295493262,0.0,0.0,0.0
1784885678340995096,1784885678352691200,0.0,0.0,0.0
1784885678390979236,1784885678394532948,0.0,0.0,0.0
1784885678440989336,1784885678442852485,0.0,0.0,0.0
1784885678491013341,1784885678497469781,0.0,0.0,0.0
1784885678540981909,1784885678543900950,0.0,0.0,0.0
1784885678590987583,1784885678601503851,0.0,0.0,0.0
1784885678640992628,1784885678643072822,0.0,0.0,0.0
1784885678690985934,1784885678694089578,0.0,0.0,0.0
1784885678740960279,1784885678746696782,0.0,0.0,0.0
1784885678790975119,1784885678795615588,0.0,0.0,0.0
1784885678840988088,1784885678850510882,0.0,0.0,0.0
1784885678891002169,1784885678893504063,0.0,0.0,0.0
1784885678940981495,1784885678953570346,0.0,0.0,0.0
1784885678990907736,1784885678994505590,0.0,0.0,0.0
1784885679040923360,1784885679042737924,0.0,0.0,0.0
1784885679090913398,1784885679098142621,0.0,0.0,0.0
1784885679140871569,1784885679143771743,0.0,0.0,0.0
1784885679190888862,1784885679201535614,0.0,0.0,0.0
1784885679240963092,1784885679242876032,0.0,0.0,0.0
1784885679290948279,1784885679293528144,0.0,0.0,0.0
1784885679340912209,1784885679347815940,0.0,0.0,0.0
1784885679390862752,1784885679393055875,0.0,0.0,0.0
1784885679440889210,1784885679449794536,0.0,0.0,0.0
1784885679490928908,1784885679493519439,0.0,0.0,0.0
1784885679540869304,1784885679553847159,0.0,0.0,0.0
1784885679590817403,1784885679594665409,0.0,0.0,0.0
1784885679640802275,1784885679643675637,0.0,0.0,0.0
1784885679691008134,1784885679698522096,0.0,0.0,0.0
1784885679740852729,1784885679744719269,0.0,0.0,0.0
1784885679790876373,1784885679801521477,0.0,0.0,0.0
1784885679840853061,1784885679842769722,0.0,0.0,0.0
1784885679890787606,1784885679894373500,0.0,0.0,0.0
1784885679940865465,1784885679946965919,0.0,0.0,0.0
1784885679990808417,1784885679995617493,0.0,0.0,0.0
1784885680040812792,1784885680049557179,0.0,0.0,0.0
1784885680090805672,1784885680093675980,0.0,0.0,0.0
1784885680140752262,1784885680152802544,0.0,0.0,0.0
1784885680190730755,1784885680194548469,0.0,0.0,0.0
1784885680240720264,1784885680242719359,0.0,0.0,0.0
1784885680290750065,1784885680297571550,0.0,0.0,0.0
1784885680340801325,1784885680343717238,0.0,0.0,0.0
1784885680390878953,1784885680401561238,0.0,0.0,0.0
1784885680440703448,1784885680444014213,0.0,0.0,0.0
1784885680490723028,1784885680493455373,0.0,0.0,0.0
1784885680540785490,1784885680545958851,0.0,0.0,0.0
1784885680590726766,1784885680594504634,0.0,0.0,0.0
1784885680640748901,1784885680649730736,0.0,0.0,0.0
1784885680690674956,1784885680693479884,0.0,0.0,0.0
1784885680740664744,1784885680752537106,0.0,0.0,0.0
1784885680790665733,1784885680794887003,0.0,0.0,0.0
1784885680840704514,1784885680842753176,0.0,0.0,0.0
1784885680890679878,1784885680897565261,0.0,0.0,0.0
1784885680940639929,1784885680943615240,0.0,0.0,0.0
1784885680990979649,1784885681001469961,0.0,0.0,0.0
1784885681040708683,1784885681044053093,0.0,0.0,0.0
1784885681090650727,1784885681093198746,0.0,0.0,0.0
1784885681140685239,1784885681145944255,0.0,0.0,0.0
1784885681190616765,1784885681194628694,0.0,0.0,0.0
1784885681240599933,1784885681249904410,0.0,0.0,0.0
1784885681290589766,1784885681293822876,0.0,0.0,0.0
1784885681340644128,1784885681352529138,0.0,0.0,0.0
1784885681390660587,1784885681394485634,0.0,0.0,0.0
1784885681440604167,1784885681442687677,0.0,0.0,0.0
1784885681490566690,1784885681498715104,0.0,0.0,0.0
1784885681540541044,1784885681544918070,0.0,0.0,0.0
1784885681590569335,1784885681600521611,0.0,0.0,0.0
1784885681640642138,1784885681643029957,0.0,0.0,0.0
1784885681690590495,1784885681693267441,0.0,0.0,0.0
1784885681740569164,1784885681745939960,0.0,0.0,0.0
1784885681790548369,1784885681793834157,0.0,0.0,0.0
1784885681840591287,1784885681850010563,0.0,0.0,0.0
1784885681890517500,1784885681893753794,0.0,0.0,0.0
1784885681940525460,1784885681952710170,0.0,0.0,0.0
1784885681990488371,1784885681994386741,0.0,0.0,0.0
1784885682040474063,1784885682042593123,0.0,0.0,0.0
1784885682090486513,1784885682098517889,0.0,0.0,0.0
1784885682140526848,1784885682144786114,0.0,0.0,0.0
1784885682190500914,1784885682200582082,0.0,0.0,0.0
1784885682240511272,1784885682242834748,0.0,0.0,0.0
1784885682290458045,1784885682292689812,0.0,0.0,0.0
1784885682340433056,1784885682345911209,0.0,0.0,0.0
1784885682390477871,1784885682394329860,0.0,0.0,0.0
1784885682440492506,1784885682448604908,0.0,0.0,0.0
1784885682490570762,1784885682492585892,0.0,0.0,0.0
1784885682540418753,1784885682552856893,0.0,0.0,0.0
1784885682590411946,1784885682594223236,0.0,0.0,0.0
1784885682640489220,1784885682644150253,0.0,0.0,0.0
1784885682690789019,1784885682697582917,0.0,0.0,0.0
1784885682740439871,1784885682743818591,0.0,0.0,0.0
1784885682790469985,1784885682800653435,0.0,0.0,0.0
1784885682840383892,1784885682845089060,0.0,0.0,0.0
1784885682890396009,1784885682893320958,0.0,0.0,0.0
1784885682940471098,1784885682945942123,0.0,0.0,0.0
1784885682990430463,1784885682993661703,0.0,0.0,0.0
1784885683040392555,1784885683049014481,0.0,0.0,0.0
1784885683090362612,1784885683092586750,0.0,0.0,0.0
1784885683140341204,1784885683153418999,0.0,0.0,0.0
1784885683190317871,1784885683194539550,0.0,0.0,0.0
1784885683240455423,1784885683244595965,0.0,0.0,0.0
1784885683290341324,1784885683296555192,0.0,0.0,0.0
1784885683340317102,1784885683342509467,0.0,0.0,0.0
1784885683390303175,1784885683400521474,0.0,0.0,0.0
1784885683440398881,1784885683446624599,0.0,0.0,0.0
1784885683490520361,1784885683493158517,0.0,0.0,0.0
1784885683540332069,1784885683545724642,0.0,0.0,0.0
1784885683590279110,1784885683594081828,0.0,0.0,0.0
1784885683640273459,1784885683649000019,0.0,0.0,0.0
1784885683690310377,1784885683693529305,0.0,0.0,0.0
1784885683740333370,1784885683752618626,0.0,0.0,0.0
1784885683790259674,1784885683793562479,0.0,0.0,0.0
1784885683840261892,1784885683842931655,0.0,0.0,0.0
1784885683890293422,1784885683897538629,0.0,0.0,0.0
1784885683940291456,1784885683943866279,0.0,0.0,0.0
1784885683990232757,1784885684000552875,0.0,0.0,0.0
1784885684040256756,1784885684042989622,0.0,0.0,0.0
1784885684090605343,1784885684092801282,0.0,0.0,0.0
1784885684140301315,1784885684146057044,0.0,0.0,0.0
1784885684190217832,1784885684192997506,0.0,0.0,0.0
1784885684240268533,1784885684250799069,0.0,0.0,0.0
1784885684290213879,1784885684294407710,0.0,0.0,0.0
1784885684340183203,1784885684352554652,0.0,0.0,0.0
1784885684390188114,1784885684394562328,0.0,0.0,0.0
1784885684440201025,1784885684443518606,0.0,0.0,0.0
1784885684490201289,1784885684497529542,0.0,0.0,0.0
1784885684540153374,1784885684543828851,0.0,0.0,0.0
1784885684590198891,1784885684600570448,0.0,0.0,0.0
1784885684640237390,1784885684643505997,0.0,0.0,0.0
1784885684690195494,1784885684693336266,0.0,0.0,0.0
1784885684740168039,1784885684745881329,0.0,0.0,0.0
1784885684790117995,1784885684792971715,0.0,0.0,0.0
1784885684840114223,1784885684849846516,0.0,0.0,0.0
1784885684890125300,1784885684893488449,0.0,0.0,0.0
1784885684940165077,1784885684952607350,0.0,0.0,0.0
1784885684990191986,1784885684994480341,0.0,0.0,0.0
1784885685040094306,1784885685042750812,0.0,0.0,0.0
1784885685090096114,1784885685097586217,0.0,0.0,0.0
1784885685140077611,1784885685141876457,0.0,0.0,0.0
1784885685190126913,1784885685201522369,0.0,0.0,0.0
1784885685240187862,1784885685242988552,0.0,0.0,0.0
1784885685290043727,1784885685293768772,0.0,0.0,0.0
1784885685340140115,1784885685348042495,0.0,0.0,0.0
1784885685390068730,1784885685393068189,0.0,0.0,0.0
1784885685440120532,1784885685449637319,0.0,0.0,0.0
1784885685490121026,1784885685493512524,0.0,0.0,0.0
1784885685540009702,1784885685541657087,0.0,0.0,0.0
1784885685590043284,1784885685596648322,0.0,0.0,0.0
1784885685639994062,1784885685643748344,0.0,0.0,0.0
1784885685689996963,1784885685699245399,0.0,0.0,0.0
1784885685740333911,1784885685741849574,0.0,0.0,0.0
1784885685790355273,1784885685801697939,0.0,0.0,0.0
1784885685840012480,1784885685842748920,0.0,0.0,0.0
1784885685889980275,1784885685896128672,0.0,0.0,0.0
1784885685940047167,1784885685946866102,0.0,0.0,0.0
1784885685990139686,1784885685992668709,0.0,0.0,0.0
1784885686040012684,1784885686049621923,0.0,0.0,0.0
1784885686089951212,1784885686093512447,0.0,0.0,0.0
1784885686139926921,1784885686141561641,0.0,0.0,0.0
1784885686189919923,1784885686194995506,0.0,0.0,0.0
1784885686240008635,1784885686243939800,0.0,0.0,0.0
1784885686290535972,1784885686299814978,0.0,0.0,0.0
1784885686340144101,1784885686343031539,0.0,0.0,0.0
1784885686389883157,1784885686401642138,0.0,0.0,0.0
1784885686439912858,1784885686448335333,0.0,0.0,0.0
1784885686489936634,1784885686492165995,0.0,0.0,0.0
1784885686539963113,1784885686546839023,0.0,0.0,0.0
1784885686589889828,1784885686592607974,0.0,0.0,0.0
1784885686639882960,1784885686650879324,0.0,0.0,0.0
1784885686689890535,1784885686691610966,0.0,0.0,0.0
1784885686739884778,1784885686742649399,0.0,0.0,0.0
1784885686789836045,1784885686795635455,0.0,0.0,0.0
1784885686839888817,1784885686841875323,0.0,0.0,0.0
1784885686889832790,1784885686898604329,0.0,0.0,0.0
1784885686939963884,1784885686943763271,0.0,0.0,0.0
1784885686989854197,1784885687002574139,0.0,0.0,0.0
1784885687039894772,1784885687044039835,0.0,0.0,0.0
1784885687089924518,1784885687091671742,0.0,0.0,0.0
1784885687139829965,1784885687146909478,0.0,0.0,0.0
1784885687189841084,1784885687192540325,0.0,0.0,0.0
1784885687239772880,1784885687250863380,0.0,0.0,0.0
1784885687289957307,1784885687291690237,0.0,0.0,0.0
1784885687339835888,1784885687342769024,0.0,0.0,0.0
1784885687389767555,1784885687395609403,0.0,0.0,0.0
1784885687439762490,1784885687442072489,0.0,0.0,0.0
1784885687489776645,1784885687499593135,0.0,0.0,0.0
1784885687539866938,1784885687543021339,0.0,0.0,0.0
1784885687589840524,1784885687602801324,0.0,0.0,0.0
1784885687639805149,1784885687644571478,0.0,0.0,0.0
1784885687689715744,1784885687692710612,0.0,0.0,0.0
1784885687739712142,1784885687747897818,0.0,0.0,0.0
1784885687789722390,1784885687793590231,0.0,0.0,0.0
1784885687839780946,1784885687850632054,0.0,0.0,0.0
1784885687890213414,1784885687892628769,0.0,0.0,0.0
1784885687939719306,1784885687942808327,0.0,0.0,0.0
1784885687989687134,1784885687995709032,0.0,0.0,0.0
1784885688039714033,1784885688043446671,0.0,0.0,0.0
1784885688089693811,1784885688099866716,0.0,0.0,0.0
1784885688139755318,1784885688144066080,0.0,0.0,0.0
1784885688189940531,1784885688202679900,0.0,0.0,0.0
1784885688239669935,1784885688245068049,0.0,0.0,0.0
1784885688289978094,1784885688292603439,0.0,0.0,0.0
1784885688339736809,1784885688348422992,0.0,0.0,0.0
1784885688390003752,1784885688393492423,0.0,0.0,0.0
1784885688439691107,1784885688450681826,0.0,0.0,0.0
1784885688489601357,1784885688492626888,0.0,0.0,0.0
1784885688539567822,1784885688543041236,0.0,0.0,0.0
1784885688589616886,1784885688596486984,0.0,0.0,0.0
1784885688639644769,1784885688642110024,0.0,0.0,0.0
1784885688689929060,1784885688699605534,0.0,0.0,0.0
1784885688739625525,1784885688742913205,0.0,0.0,0.0
1784885688789907076,1784885688802623764,0.0,0.0,0.0
1784885688839668495,1784885688844450360,0.0,0.0,0.0
1784885688889627720,1784885688892662490,0.0,0.0,0.0
1784885688939625070,1784885688947650435,0.0,0.0,0.0
1784885688989551336,1784885688992073417,0.0,0.0,0.0
1784885689039565207,1784885689050880661,0.0,0.0,0.0
1784885689089512348,1784885689093216601,0.0,0.0,0.0
1784885689139547625,1784885689143609644,0.0,0.0,0.0
1784885689189601899,1784885689195618022,0.0,0.0,0.0
1784885689239545282,1784885689243635001,0.0,0.0,0.0
1784885689289521789,1784885689299175193,0.0,0.0,0.0
1784885689339595505,1784885689343071882,0.0,0.0,0.0
1784885689389517020,1784885689402584531,0.0,0.0,0.0
1784885689439575960,1784885689444042276,0.0,0.0,0.0
1784885689489564318,1784885689492517840,0.0,0.0,0.0
1784885689539557656,1784885689548180756,0.0,0.0,0.0
1784885689589849324,1784885689593608477,0.0,0.0,0.0
1784885689639539759,1784885689650729213,0.0,0.0,0.0
1784885689689436204,1784885689693563251,0.0,0.0,0.0
1784885689739498847,1784885689743232541,0.0,0.0,0.0
1784885689789490575,1784885689795837985,0.0,0.0,0.0
1784885689839562810,1784885689841928523,0.0,0.0,0.0
1784885689889600679,1784885689899823431,0.0,0.0,0.0
1784885689939538784,1784885689944077794,0.0,0.0,0.0
1784885689989969692,1784885690002682085,0.0,0.0,0.0
1784885690039420813,1784885690045026493,0.0,0.0,0.0
1784885690089447524,1784885690092685434,0.0,0.0,0.0
1784885690139511044,1784885690147647638,0.0,0.0,0.0
1784885690189718471,1784885690191680703,0.0,0.0,0.0
1784885690239430169,1784885690252763961,0.0,0.0,0.0
1784885690289376854,1784885690293572152,0.0,0.0,0.0
1784885690339413897,1784885690341641648,0.0,0.0,0.0
1784885690389369395,1784885690397170423,0.0,0.0,0.0
1784885690439478835,1784885690442853412,0.0,0.0,0.0
1784885690489316923,1784885690499675899,0.0,0.0,0.0
1784885690539412717,1784885690542097573,0.0,0.0,0.0
1784885690589354791,1784885690592002060,0.0,0.0,0.0
1784885690639501838,1784885690644917136,0.0,0.0,0.0
1784885690689332094,1784885690692555894,0.0,0.0,0.0
1784885690739373728,1784885690747811780,0.0,0.0,0.0
1784885690789723969,1784885690791759173,0.0,0.0,0.0
1784885690839439222,1784885690851868230,0.0,0.0,0.0
1784885690889306899,1784885690893238937,0.0,0.0,0.0
1784885690939383732,1784885690941870578,0.0,0.0,0.0
1784885690989289145,1784885690996662139,0.0,0.0,0.0
1784885691039282050,1784885691043005339,0.0,0.0,0.0
1784885691089290844,1784885691099717830,0.0,0.0,0.0
1784885691139394069,1784885691142108940,0.0,0.0,0.0
1784885691189602817,1784885691191670350,0.0,0.0,0.0
1784885691239328668,1784885691245001561,0.0,0.0,0.0
1784885691289259268,1784885691291878152,0.0,0.0,0.0
1784885691339293966,1784885691348789171,0.0,0.0,0.0
1784885691389310555,1784885691392601624,0.0,0.0,0.0
1784885691439245729,1784885691451969068,0.0,0.0,0.0
1784885691489560758,1784885691493742836,0.0,0.0,0.0
1784885691539234524,1784885691541759494,0.0,0.0,0.0
1784885691589271758,1784885691596608998,0.0,0.0,0.0
1784885691639275682,1784885691643111196,0.0,0.0,0.0
1784885691689150975,1784885691700754875,0.0,0.0,0.0
1784885691739181081,1784885691744437383,0.0,0.0,0.0
1784885691789152916,1784885691792594466,0.0,0.0,0.0
1784885691839169820,1784885691845757237,0.0,0.0,0.0
1784885691889130157,1784885691890686353,0.0,0.0,0.0
1784885691939141969,1784885691948733125,0.0,0.0,0.0
1784885691989153077,1784885691992771195,0.0,0.0,0.0
1784885692039171633,1784885692051674616,0.0,0.0,0.0
1784885692089211188,1784885692093614237,0.0,0.0,0.0
1784885692139176272,1784885692141880663,0.0,0.0,0.0
1784885692189115377,1784885692197157004,0.0,0.0,0.0
1784885692239145045,1784885692240896121,0.0,0.0,0.0
1784885692289136143,1784885692300623227,0.0,0.0,0.0
1784885692339208712,1784885692342224894,0.0,0.0,0.0
1784885692389905159,1784885692393698161,0.0,0.0,0.0
1784885692439139416,1784885692446074287,0.0,0.0,0.0
1784885692489072560,1784885692491585995,0.0,0.0,0.0
1784885692539064621,1784885692548879284,0.0,0.0,0.0
1784885692589057349,1784885692592825799,0.0,0.0,0.0
1784885692639069167,1784885692640775509,0.0,0.0,0.0
1784885692689419902,1784885692693741647,0.0,0.0,0.0
1784885692739088970,1784885692742349804,0.0,0.0,0.0
1784885692789046277,1784885692797646198,0.0,0.0,0.0
1784885692839099589,1784885692841496300,0.0,0.0,0.0
1784885692889060044,1784885692900672870,0.0,0.0,0.0
1784885692939114393,1784885692943098591,0.0,0.0,0.0
1784885692989033113,1784885692992634122,0.0,0.0,0.0
1784885693039015272,1784885693046599814,0.0,0.0,0.0
1784885693089321167,1784885693091763928,0.0,0.0,0.0
1784885693139036920,1784885693148675738,0.0,0.0,0.0
1784885693189052670,1784885693192539455,0.0,0.0,0.0
1784885693239031146,1784885693240926574,0.0,0.0,0.0
1784885693288968832,1784885693293866573,0.0,0.0,0.0
1784885693339033371,1784885693343176400,0.0,0.0,0.0
1784885693388959577,1784885693397714941,0.0,0.0,0.0
1784885693438991898,1784885693442433930,0.0,0.0,0.0
1784885693489003519,1784885693502561840,0.0,0.0,0.0
1784885693539021934,1784885693543394228,0.0,0.0,0.0
1784885693589519526,1784885693592962705,0.0,0.0,0.0
1784885693638993071,1784885693645758502,0.0,0.0,0.0
1784885693689190018,1784885693691736671,0.0,0.0,0.0
1784885693738967503,1784885693749031523,0.0,0.0,0.0
1784885693788895376,1784885693791902874,0.0,0.0,0.0
1784885693838899664,1784885693840752986,0.0,0.0,0.0
1784885693888888398,1784885693893697873,0.0,0.0,0.0
1784885693938902259,1784885693942656193,0.0,0.0,0.0
1784885693988878902,1784885693997722792,0.0,0.0,0.0
1784885694038967516,1784885694043561244,0.0,0.0,0.0
1784885694088885378,1784885694100693568,0.0,0.0,0.0
1784885694138933462,1784885694143011518,0.0,0.0,0.0
1784885694188975324,1784885694190665206,0.0,0.0,0.0
1784885694238869577,1784885694246157438,0.0,0.0,0.0
1784885694288987078,1784885694291691729,0.0,0.0,0.0
1784885694338942212,1784885694350935526,0.0,0.0,0.0
1784885694388823522,1784885694390615760,0.0,0.0,0.0
1784885694438879291,1784885694442568993,0.0,0.0,0.0
1784885694491696646,1784885694494757878,0.0,0.0,0.0
1784885694538842014,1784885694540791027,0.0,0.0,0.0
1784885694588803462,1784885694598660936,0.0,0.0,0.0
1784885694638890244,1784885694642119768,0.0,0.0,0.0
1784885694688824381,1784885694701807579,0.0,0.0,0.0
1784885694738871687,1784885694743924297,0.0,0.0,0.0
1784885694788760478,1784885694791629921,0.0,0.0,0.0
1784885694838841632,1784885694846156174,0.0,0.0,0.0
1784885694890252179,1784885694891797691,0.0,0.0,0.0
1784885694938749789,1784885694949756681,0.0,0.0,0.0
1784885694988994439,1784885694990741608,0.0,0.0,0.0
1784885695038728439,1784885695042936831,0.0,0.0,0.0
1784885695088695559,1784885695095648762,0.0,0.0,0.0
1784885695138814416,1784885695141718985,0.0,0.0,0.0
1784885695188954271,1784885695197620520,0.0,0.0,0.0
1784885695238768523,1784885695242338908,0.0,0.0,0.0
1784885695288977942,1784885695301711564,0.0,0.0,0.0
1784885695338720740,1784885695343240219,0.0,0.0,0.0
1784885695388696025,1784885695390563605,0.0,0.0,0.0
1784885695438726025,1784885695446004851,0.0,0.0,0.0
1784885695488658611,1784885695491587177,0.0,0.0,0.0
1784885695538696795,1784885695549812322,0.0,0.0,0.0
1784885695588635400,1784885695591689096,0.0,0.0,0.0
1784885695638720262,1784885695643011364,0.0,0.0,0.0
1784885695689344829,1784885695694653923,0.0,0.0,0.0
1784885695738697347,1784885695740998423,0.0,0.0,0.0
1784885695788620194,1784885695797696276,0.0,0.0,0.0
1784885695838699724,1784885695842222912,0.0,0.0,0.0
1784885695888639366,1784885695900730093,0.0,0.0,0.0
1784885695938710267,1784885695943046715,0.0,0.0,0.0
1784885695988760931,1784885695990704259,0.0,0.0,0.0
1784885696038648046,1784885696045826664,0.0,0.0,0.0
1784885696088709121,1784885696091664497,0.0,0.0,0.0
1784885696138642287,1784885696149685677,0.0,0.0,0.0
1784885696188562473,1784885696191714934,0.0,0.0,0.0
1784885696238597700,1784885696241753309,0.0,0.0,0.0
1784885696288912722,1784885696294759206,0.0,0.0,0.0
1784885696338601014,1784885696341676097,0.0,0.0,0.0
1784885696388545475,1784885696397764242,0.0,0.0,0.0
1784885696438612716,1784885696442450214,0.0,0.0,0.0
1784885696488966696,1784885696500734172,0.0,0.0,0.0
1784885696538626658,1784885696543005712,0.0,0.0,0.0
1784885696588499462,1784885696590627877,0.0,0.0,0.0
1784885696638518932,1784885696646040652,0.0,0.0,0.0
1784885696688508535,1784885696691864357,0.0,0.0,0.0
1784885696738566907,1784885696750805190,0.0,0.0,0.0
1784885696788486871,1784885696791815030,0.0,0.0,0.0
1784885696838527097,1784885696842073301,0.0,0.0,0.0
1784885696888539234,1784885696894719266,0.0,0.0,0.0
1784885696938556945,1784885696941108006,0.0,0.0,0.0
1784885696988551214,1784885696997679215,0.0,0.0,0.0
1784885697038456832,1784885697043117903,0.0,0.0,0.0
1784885697088489638,1784885697090544211,0.0,0.0,0.0
1784885697138550163,1784885697143510749,0.0,0.0,0.0
1784885697188574396,1784885697191652719,0.0,0.0,0.0
1784885697238492644,1784885697246956866,0.0,0.0,0.0
1784885697288420575,1784885697291726312,0.0,0.0,0.0
1784885697338445290,1784885697349805434,0.0,0.0,0.0
1784885697388766427,1784885697392443318,0.0,0.0,0.0
1784885697438423081,1784885697441922829,0.0,0.0,0.0
1784885697488472904,1784885697494682450,0.0,0.0,0.0
1784885697538440367,1784885697540895941,0.0,0.0,0.0
1784885697588372168,1784885697598739577,0.0,0.0,0.0
1784885697638519070,1784885697642250860,0.0,0.0,0.0
1784885697688519307,1784885697691283321,0.0,0.0,0.0
1784885697738420168,1784885697743488832,0.0,0.0,0.0
1784885697788338434,1784885697791696756,0.0,0.0,0.0
1784885697838365834,1784885697848290654,0.0,0.0,0.0
1784885697888331964,1784885697890714419,0.0,0.0,0.0
1784885697938408486,1784885697949895280,0.0,0.0,0.0
1784885697988295905,1784885697992159548,0.0,0.0,0.0
1784885698038352045,1784885698041835443,0.0,0.0,0.0
1784885698088322124,1784885698094721627,0.0,0.0,0.0
1784885698138382339,1784885698141090972,0.0,0.0,0.0
1784885698188352862,1784885698197647177,0.0,0.0,0.0
1784885698238362881,1784885698241922287,0.0,0.0,0.0
1784885698288668377,1784885698301847739,0.0,0.0,0.0
1784885698338331331,1784885698344042594,0.0,0.0,0.0
1784885698388300207,1784885698392743975,0.0,0.0,0.0
1784885698438349164,1784885698446920947,0.0,0.0,0.0
1784885698488674010,1784885698492687929,0.0,0.0,0.0
1784885698538292563,1784885698549798874,0.0,0.0,0.0
1784885698588256402,1784885698591926923,0.0,0.0,0.0
1784885698638239609,1784885698641759762,0.0,0.0,0.0
1784885698688244276,1784885698694688273,0.0,0.0,0.0
1784885698738283827,1784885698740975259,0.0,0.0,0.0
1784885698788331729,1784885698798694417,0.0,0.0,0.0
1784885698838303938,1784885698840055663,0.0,0.0,0.0
1784885698888197157,1784885698891622600,0.0,0.0,0.0
1784885698938231561,1784885698943901774,0.0,0.0,0.0
1784885698988252152,1784885698991827019,0.0,0.0,0.0
1784885699038261691,1784885699046732081,0.0,0.0,0.0
1784885699088170765,1784885699090709218,0.0,0.0,0.0
1784885699138326195,1784885699149950824,0.0,0.0,0.0
1784885699188164222,1784885699191818690,0.0,0.0,0.0
1784885699238250865,1784885699242039592,0.0,0.0,0.0
1784885699288460417,1784885699294718865,0.0,0.0,0.0
1784885699338237138,1784885699341831577,0.0,0.0,0.0
1784885699388287859,1784885699398774495,0.0,0.0,0.0
1784885699438215745,1784885699441401444,0.0,0.0,0.0
1784885699488108414,1784885699491176406,0.0,0.0,0.0
1784885699538120955,1784885699544461800,0.0,0.0,0.0
1784885699588128960,1784885699592559990,0.0,0.0,0.0
1784885699638161869,1784885699646746725,0.0,0.0,0.0
1784885699688286543,1784885699690683608,0.0,0.0,0.0
1784885699738149901,1784885699750814353,0.0,0.0,0.0
1784885699788070381,1784885699791787581,0.0,0.0,0.0
1784885699838104105,1784885699839885289,0.0,0.0,0.0
1784885699888072393,1784885699896316572,0.0,0.0,0.0
1784885699938107709,1784885699940889350,0.0,0.0,0.0
1784885699988088125,1784885699999764599,0.0,0.0,0.0
1784885700038147570,1784885700040175814,0.0,0.0,0.0
1784885700088043540,1784885700090954886,0.0,0.0,0.0
1784885700138081471,1784885700144811746,0.0,0.0,0.0
1784885700188082352,1784885700191921277,0.0,0.0,0.0
1784885700238119210,1784885700246816200,0.0,0.0,0.0
1784885700287991497,1784885700290726220,0.0,0.0,0.0
1784885700338062128,1784885700351699116,0.0,0.0,0.0
1784885700388074934,1784885700391878067,0.0,0.0,0.0
1784885700438058298,1784885700440100392,0.0,0.0,0.0
1784885700488232860,1784885700495842700,0.0,0.0,0.0
1784885700538042433,1784885700541980474,0.0,0.0,0.0
1784885700588027724,1784885700598746551,0.0,0.0,0.0
1784885700637986610,1784885700640402043,0.0,0.0,0.0
1784885700688313558,1784885700690961126,0.0,0.0,0.0
1784885700738066806,1784885700743933883,0.0,0.0,0.0
1784885700787956962,1784885700789632901,0.0,0.0,0.0
1784885700837990431,1784885700847032207,0.0,0.0,0.0
1784885700887941411,1784885700890868571,0.0,0.0,0.0
1784885700938021245,1784885700950734246,0.0,0.0,0.0
1784885700987920102,1784885700991753084,0.0,0.0,0.0
1784885701037913321,1784885701039811249,0.0,0.0,0.0
1784885701087967736,1784885701096760881,0.0,0.0,0.0
1784885701138000414,1784885701141697007,0.0,0.0,0.0
1784885701187888722,1784885701198810190,0.0,0.0,0.0
1784885701237993390,1784885701241103840,0.0,0.0,0.0
1784885701287973760,1784885701290742793,0.0,0.0,0.0
1784885701337937133,1784885701343870015,0.0,0.0,0.0
1784885701387866232,1784885701389711778,0.0,0.0,0.0
1784885701437977028,1784885701448206793,0.0,0.0,0.0
1784885701487850357,1784885701491900161,0.0,0.0,0.0
1784885701537927659,1784885701540103994,0.0,0.0,0.0
1784885701587818244,1784885701592672588,0.0,0.0,0.0
1784885701637864976,1784885701642750945,0.0,0.0,0.0
1784885701687792927,1784885701696367526,0.0,0.0,0.0
1784885701737910223,1784885701740125423,0.0,0.0,0.0
1784885701787844784,1784885701799786706,0.0,0.0,0.0
1784885701837904217,1784885701841243377,0.0,0.0,0.0
1784885701887791137,1784885701891748750,0.0,0.0,0.0
1784885701937873289,1784885701944190250,0.0,0.0,0.0
1784885701987798037,1784885701991057115,0.0,0.0,0.0
1784885702037851641,1784885702047881063,0.0,0.0,0.0
1784885702087861604,1784885702091706918,0.0,0.0,0.0
1784885702137773025,1784885702140247468,0.0,0.0,0.0
1784885702187765361,1784885702193889348,0.0,0.0,0.0
1784885702237743550,1784885702241573922,0.0,0.0,0.0
1784885702287724832,1784885702295760079,0.0,0.0,0.0
1784885702337805545,1784885702340560173,0.0,0.0,0.0
1784885702387734963,1784885702399831995,0.0,0.0,0.0
1784885702437882019,1784885702441998314,0.0,0.0,0.0
1784885702487729319,1784885702489719494,0.0,0.0,0.0
1784885702537781220,1784885702545061125,0.0,0.0,0.0
1784885702587696067,1784885702591189632,0.0,0.0,0.0
1784885702637752098,1784885702647880914,0.0,0.0,0.0
1784885702687757691,1784885702691112534,0.0,0.0,0.0
1784885702737665760,1784885702741060913,0.0,0.0,0.0
1784885702787670391,1784885702792873762,0.0,0.0,0.0
1784885702837745697,1784885702841625635,0.0,0.0,0.0
1784885702887677282,1784885702896801659,0.0,0.0,0.0
1784885702937755680,1784885702940850447,0.0,0.0,0.0
1784885702987659028,1784885703001148297,0.0,0.0,0.0
1784885703037784404,1784885703041515789,0.0,0.0,0.0
1784885703087674239,1784885703089702317,0.0,0.0,0.0
1784885703137731793,1784885703144758899,0.0,0.0,0.0
1784885703187993838,1784885703190836657,0.0,0.0,0.0
1784885703237724843,1784885703249494623,0.0,0.0,0.0
1784885703287581405,1784885703289674733,0.0,0.0,0.0
1784885703337598631,1784885703340001139,0.0,0.0,0.0
1784885703388121899,1784885703392813488,0.0,0.0,0.0
1784885703437679427,1784885703441868010,0.0,0.0,0.0
1784885703487566374,1784885703497233550,0.0,0.0,0.0
1784885703537637241,1784885703539988220,0.0,0.0,0.0
1784885703587577977,1784885703600460607,0.0,0.0,0.0
1784885703637654602,1784885703641305146,0.0,0.0,0.0
1784885703687550363,1784885703689756806,0.0,0.0,0.0
1784885703737603861,1784885703744970255,0.0,0.0,0.0
1784885703787600331,1784885703791633952,0.0,0.0,0.0
1784885703837659273,1784885703848157336,0.0,0.0,0.0
1784885703887535518,1784885703890265575,0.0,0.0,0.0
1784885703937623308,1784885703940105269,0.0,0.0,0.0
1784885703987504626,1784885703992752084,0.0,0.0,0.0
1784885704037665224,1784885704040900324,0.0,0.0,0.0
1784885704087505089,1784885704095822411,0.0,0.0,0.0
1784885704137598698,1784885704140199309,0.0,0.0,0.0
1784885704187573007,1784885704199942375,0.0,0.0,0.0
1784885704237567203,1784885704241587883,0.0,0.0,0.0
1784885704287481688,1784885704289730644,0.0,0.0,0.0
1784885704337449499,1784885704345876676,0.0,0.0,0.0
1784885704387485985,1784885704392133284,0.0,0.0,0.0
1784885704437458295,1784885704447818082,0.0,0.0,0.0
1784885704487514594,1784885704489827800,0.0,0.0,0.0
1784885704537502309,1784885704540157210,0.0,0.0,0.0
1784885704587559052,1784885704592792290,0.0,0.0,0.0
1784885704637479721,1784885704639186028,0.0,0.0,0.0
1784885704687554369,1784885704696872019,0.0,0.0,0.0
1784885704737527939,1784885704740219075,0.0,0.0,0.0
1784885704787420574,1784885704800014782,0.0,0.0,0.0
1784885704837536550,1784885704840782186,0.0,0.0,0.0
1784885704887519525,1784885704890206903,0.0,0.0,0.0
1784885704937444323,1784885704944529089,0.0,0.0,0.0
1784885704987386212,1784885704991011185,0.0,0.0,0.0
1784885705037440717,1784885705046820007,0.0,0.0,0.0
1784885705087449211,1784885705090814257,0.0,0.0,0.0
1784885705137411342,1784885705149858940,0.0,0.0,0.0
1784885705187362159,1784885705191758584,0.0,0.0,0.0
1784885705237444847,1784885705239166078,0.0,0.0,0.0
1784885705287455267,1784885705294697253,0.0,0.0,0.0
1784885705337378032,1784885705340971048,0.0,0.0,0.0
1784885705387496827,1784885705397804399,0.0,0.0,0.0
1784885705437433498,1784885705442599338,0.0,0.0,0.0
1784885705487287550,1784885705488754630,0.0,0.0,0.0
1784885705537353481,1784885705541974802,0.0,0.0,0.0
1784885705587276413,1784885705589866008,0.0,0.0,0.0
1784885705637333197,1784885705644870329,0.0,0.0,0.0
1784885705687267961,1784885705690731457,0.0,0.0,0.0
1784885705737286584,1784885705747812053,0.0,0.0,0.0
1784885705787346590,1784885705789777503,0.0,0.0,0.0
1784885705837351788,1784885705841021127,0.0,0.0,0.0
1784885705887280090,1784885705892752778,0.0,0.0,0.0
1784885705937281400,1784885705940982364,0.0,0.0,0.0
1784885705987429468,1784885705996766172,0.0,0.0,0.0
1784885706037323666,1784885706039037305,0.0,0.0,0.0
1784885706087259211,1784885706098916918,0.0,0.0,0.0
1784885706137281264,1784885706139933776,0.0,0.0,0.0
1784885706187195904,1784885706189795091,0.0,0.0,0.0
1784885706237256711,1784885706243023877,0.0,0.0,0.0
1784885706287189441,1784885706288761137,0.0,0.0,0.0
1784885706337263524,1784885706345901026,0.0,0.0,0.0
1784885706387176109,1784885706390145968,0.0,0.0,0.0
1784885706437356510,1784885706449297752,0.0,0.0,0.0
1784885706487173442,1784885706491479084,0.0,0.0,0.0
1784885706537263392,1784885706542120960,0.0,0.0,0.0
1784885706587441720,1784885706593799381,0.0,0.0,0.0
1784885706637228359,1784885706640153483,0.0,0.0,0.0
1784885706687143944,1784885706696814825,0.0,0.0,0.0
1784885706737270316,1784885706740024648,0.0,0.0,0.0
1784885706787153201,1784885706799967085,0.0,0.0,0.0
1784885706837126427,1784885706840773417,0.0,0.0,0.0
1784885706887499621,1784885706890648180,0.0,0.0,0.0
1784885706937139403,1784885706944020375,0.0,0.0,0.0
1784885706987163982,1784885706989852482,0.0,0.0,0.0
1784885707037209081,1784885707047971907,0.0,0.0,0.0
1784885707087468901,1784885707091115733,0.0,0.0,0.0
1784885707137599449,1784885707139791961,0.0,0.0,0.0
1784885707187678754,1784885707192560954,0.0,0.0,0.0
1784885707237958796,1784885707241168449,0.0,0.0,0.0
1784885707288078081,1784885707295859071,0.0,0.0,0.0
1784885707338324555,1784885707342551609,0.0,0.0,0.0
1784885707388397466,1784885707399480002,0.0,0.0,0.0
1784885707438754401,1784885707440962916,0.0,0.0,0.0
1784885707488749229,1784885707490667883,0.0,0.0,0.0
1784885707539048657,1784885707544080610,0.0,0.0,0.0
1784885707589175506,1784885707592914547,0.0,0.0,0.0
1784885707639461068,1784885707647577289,0.0,0.0,0.0
1784885707689527604,1784885707691532687,0.0,0.0,0.0
1784885707739770472,1784885707750923731,0.0,0.0,0.0
1784885707790330505,1784885707792743232,0.0,0.0,0.0
1784885707840161175,1784885707843741503,0.0,0.0,0.0
1784885707890326350,1784885707896246137,0.0,0.0,0.0
1784885707940539777,1784885707944883594,0.0,0.0,0.0
1784885707990586778,1784885707999722259,0.0,0.0,0.0
1784885708040910881,1784885708043005723,0.0,0.0,0.0
1784885708090962826,1784885708103095366,0.0,0.0,0.0
1784885708141220798,1784885708145159892,0.0,0.0,0.0
1784885708191363110,1784885708194303154,0.0,0.0,0.0
1784885708241504382,1784885708247662284,0.0,0.0,0.0
1784885708291785880,1784885708293925004,0.0,0.0,0.0
1784885708341904258,1784885708351437451,0.0,0.0,0.0
1784885708392480331,1784885708395194984,0.0,0.0,0.0
1784885708442289379,1784885708454331848,0.0,0.0,0.0
1784885708492404913,1784885708496409772,0.0,0.0,0.0
1784885708542612749,1784885708546707883,0.0,0.0,0.0
1784885708592737055,1784885708599892668,0.0,0.0,0.0
1784885708643029312,1784885708646432199,0.0,0.0,0.0
1784885708693159230,1784885708704308367,0.0,0.0,0.0
1784885708743322188,1784885708746467907,0.0,0.0,0.0
1784885708793388069,1784885708806900124,0.0,0.0,0.0
1784885708843679286,1784885708847923157,0.0,0.0,0.0
1784885708893790807,1784885708895945299,0.0,0.0,0.0
1784885708944015887,1784885708951268968,0.0,0.0,0.0
1784885708994157196,1784885708997228639,0.0,0.0,0.0
1784885709044300939,1784885709054548097,0.0,0.0,0.0
1784885709094545090,1784885709096616534,0.0,0.0,0.0
1784885709144718919,1784885709147952080,0.0,0.0,0.0
1784885709194804571,1784885709199978844,0.0,0.0,0.0
1784885709244993691,1784885709249466768,0.0,0.0,0.0
1784885709295177404,1784885709303466934,0.0,0.0,0.0
1784885709345313145,1784885709346531714,0.0,0.0,0.0
1784885709395452176,1784885709406757900,0.0,0.0,0.0
1784885709445671208,1784885709448318215,0.0,0.0,0.0
1784885709496014497,1784885709498978613,0.0,0.0,0.0
1784885709545986222,1784885709552139114,0.0,0.0,0.0
1784885709596218092,1784885709598416860,0.0,0.0,0.0
1784885709646313016,1784885709656293861,0.0,0.0,0.0
1784885709696427893,1784885709700565338,0.0,0.0,0.0
1784885709746652629,1784885709759917078,0.0,0.0,0.0
1784885709796751064,1784885709801992927,0.0,0.0,0.0
1784885709847010152,1784885709849622677,0.0,0.0,0.0
1784885709897098499,1784885709905539821,0.0,0.0,0.0
1784885709947385400,1784885709951909050,0.0,0.0,0.0
1784885709997433913,1784885710008741116,0.0,0.0,0.0
1784885710047731789,1784885710050411982,0.0,0.0,0.0
1784885710097733537,1784885710101521845,0.0,0.0,0.0
1784885710147940565,1784885710154366919,0.0,0.0,0.0
1784885710198011508,1784885710200727293,0.0,0.0,0.0
1784885710248272425,1784885710257542307,0.0,0.0,0.0
1784885710298507781,1784885710301744409,0.0,0.0,0.0
1784885710348565200,1784885710363967030,0.0,0.0,0.0
1784885710398769702,1784885710403002081,0.0,0.0,0.0
1784885710448839289,1784885710451267689,0.0,0.0,0.0
1784885710499006380,1784885710507396797,0.0,0.0,0.0
1784885710549151049,1784885710550541013,0.0,0.0,0.0
1784885710599253274,1784885710610868653,0.0,0.0,0.0
1784885710649526933,1784885710652705122,0.0,0.0,0.0
1784885710699538341,1784885710702995481,0.0,0.0,0.0
1784885710749773177,1784885710756629427,0.0,0.0,0.0
1784885710799908243,1784885710802313108,0.0,0.0,0.0
1784885710850117723,1784885710859480763,0.0,0.0,0.0
1784885710900267260,1784885710904230959,0.0,0.0,0.0
1784885710950401601,1784885710952011111,0.0,0.0,0.0
1784885711000686034,1784885711005640729,0.0,0.0,0.0
1784885711050682512,1784885711053270844,0.0,0.0,0.0
1784885711100853531,1784885711109212789,0.0,0.0,0.0
1784885711150994722,1784885711152893997,0.0,0.0,0.0
1784885711201041955,1784885711212722748,0.0,0.0,0.0
1784885711251290607,1784885711253777904,0.0,0.0,0.0
1784885711301739729,1784885711304899962,0.0,0.0,0.0
1784885711351615873,1784885711358022163,0.0,0.0,0.0
1784885711401731917,1784885711405050555,0.0,0.0,0.0
1784885711451903567,1784885711461403898,0.0,0.0,0.0
1784885711501949092,1784885711505407951,0.0,0.0,0.0
1784885711552121187,1784885711553688313,0.0,0.0,0.0
1784885711602270718,1784885711606693989,0.0,0.0,0.0
1784885711652434753,1784885711655044034,0.0,0.0,0.0
1784885711702507746,1784885711711742733,0.0,0.0,0.0
1784885711752881130,1784885711754414175,0.0,0.0,0.0
1784885711802810633,1784885711814525190,0.0,0.0,0.0
1784885711853086530,1784885711856879062,0.0,0.0,0.0
1784885711903142399,1784885711906629991,0.0,0.0,0.0
1784885711953316427,1784885711960725703,0.0,0.0,0.0
1784885712003431465,1784885712005954715,0.0,0.0,0.0
1784885712053759037,1784885712063694588,0.0,0.0,0.0
1784885712103682669,1784885712107440210,0.0,0.0,0.0
1784885712153944134,1784885712155878808,0.0,0.0,0.0
1784885712203963324,1784885712208574928,0.0,0.0,0.0
1784885712254156751,1784885712256892509,0.0,0.0,0.0
1784885712304213915,1784885712313076376,0.0,0.0,0.0
1784885712354516103,1784885712356615803,0.0,0.0,0.0
1784885712404676921,1784885712416072549,0.0,0.0,0.0
1784885712454789645,1784885712458731934,0.0,0.0,0.0
1784885712504782931,1784885712507258625,0.0,0.0,0.0
1784885712554976191,1784885712561881082,0.0,0.0,0.0
1784885712605072109,1784885712607702616,0.0,0.0,0.0
1784885712655273447,1784885712665935210,0.0,0.0,0.0
1784885712705332653,1784885712707090454,0.0,0.0,0.0
1784885712755520101,1784885712758299386,0.0,0.0,0.0
1784885712805622500,1784885712811427914,0.0,0.0,0.0
1784885712855785789,1784885712859602863,0.0,0.0,0.0
1784885712905895765,1784885712914608110,0.0,0.0,0.0
1784885712956134649,1784885712960282148,0.0,0.0,0.0
1784885713006149024,1784885713019259813,0.0,0.0,0.0
1784885713056382499,1784885713061096906,0.0,0.0,0.0
1784885713106412446,1784885713108126420,0.0,0.0,0.0
1784885713156603366,1784885713164352573,0.0,0.0,0.0
1784885713206802660,1784885713209490581,0.0,0.0,0.0
1784885713256873770,1784885713267618471,0.0,0.0,0.0
1784885713306953606,1784885713308822332,0.0,0.0,0.0
1784885713357068514,1784885713359976505,0.0,0.0,0.0
1784885713407237024,1784885713412923002,0.0,0.0,0.0
1784885713457435130,1784885713461765710,0.0,0.0,0.0
1784885713507489678,1784885713516335037,0.0,0.0,0.0
1784885713557713238,1784885713560823938,0.0,0.0,0.0
1784885713607711771,1784885713621856162,0.0,0.0,0.0
1784885713657975936,1784885713662041571,0.0,0.0,0.0
1784885713708018379,1784885713710078081,0.0,0.0,0.0
1784885713758188987,1784885713765987192,0.0,0.0,0.0
1784885713808238021,1784885713812953802,0.0,0.0,0.0
1784885713858478588,1784885713869328971,0.0,0.0,0.0
1784885713908508295,1784885713911230712,0.0,0.0,0.0
1784885713958688687,1784885713961728890,0.0,0.0,0.0
1784885714009215279,1784885714014618899,0.0,0.0,0.0
1784885714058889041,1784885714060774911,0.0,0.0,0.0
1784885714108996085,1784885714119084884,0.0,0.0,0.0
1784885714159215124,1784885714162979775,0.0,0.0,0.0
1784885714209283927,1784885714211049280,0.0,0.0,0.0
1784885714259550954,1784885714264626681,0.0,0.0,0.0
1784885714309491684,1784885714312399795,0.0,0.0,0.0
1784885714359718317,1784885714367625634,0.0,0.0,0.0
1784885714409752868,1784885714411637143,0.0,0.0,0.0
1784885714459878309,1784885714472887732,0.0,0.0,0.0
1784885714509997178,1784885714513044500,0.0,0.0,0.0
1784885714560169381,1784885714563260588,0.0,0.0,0.0
1784885714610275460,1784885714616295013,0.0,0.0,0.0
1784885714660383321,1784885714662361157,0.0,0.0,0.0
1784885714710467289,1784885714721490002,0.0,0.0,0.0
1784885714760739849,1784885714764529913,0.0,0.0,0.0
1784885714810785632,1784885714812687932,0.0,0.0,0.0
1784885714860948145,1784885714865935303,0.0,0.0,0.0
1784885714910964337,1784885714913902614,0.0,0.0,0.0
1784885714961141181,1784885714969257435,0.0,0.0,0.0
1784885715011554496,1784885715013381608,0.0,0.0,0.0
1784885715061397143,1784885715074393417,0.0,0.0,0.0
1784885715111590600,1784885715114451266,0.0,0.0,0.0
1784885715161589775,1784885715165710538,0.0,0.0,0.0
1784885715211686323,1784885715219666969,0.0,0.0,0.0
1784885715261846629,1784885715265008863,0.0,0.0,0.0
1784885715311941934,1784885715321943139,0.0,0.0,0.0
1784885715362093090,1784885715367093701,0.0,0.0,0.0
1784885715412129759,1784885715414163440,0.0,0.0,0.0
1784885715462485832,1784885715467546509,0.0,0.0,0.0
1784885715512394112,1784885715515400745,0.0,0.0,0.0
1784885715562649601,1784885715570869133,0.0,0.0,0.0
1784885715612636452,1784885715614738216,0.0,0.0,0.0
1784885715662735078,1784885715675832290,0.0,0.0,0.0
1784885715713502287,1784885715715959466,0.0,0.0,0.0
1784885715762981947,1784885715767984341,0.0,0.0,0.0
1784885715813082393,1784885715820507534,0.0,0.0,0.0
1784885715863291200,1784885715866683744,0.0,0.0,0.0
1784885715913302867,1784885715923666632,0.0,0.0,0.0
1784885715963587665,1784885715967592030,0.0,0.0,0.0
1784885716013545399,1784885716015615700,0.0,0.0,0.0
1784885716063711585,1784885716069085419,0.0,0.0,0.0
1784885716114332653,1784885716117297669,0.0,0.0,0.0
1784885716164036125,1784885716172252448,0.0,0.0,0.0
1784885716213983184,1784885716216079561,0.0,0.0,0.0
1784885716264150910,1784885716277109410,0.0,0.0,0.0
1784885716314211996,1784885716318301822,0.0,0.0,0.0
1784885716364420312,1784885716368853702,0.0,0.0,0.0
1784885716414460574,1784885716421576419,0.0,0.0,0.0
1784885716464539960,1784885716467857152,0.0,0.0,0.0
1784885716514635603,1784885716524950938,0.0,0.0,0.0
1784885716564815968,1784885716566975557,0.0,0.0,0.0
1784885716614874790,1784885716617077492,0.0,0.0,0.0
1784885716665138485,1784885716670700434,0.0,0.0,0.0
1784885716715097404,1784885716718344703,0.0,0.0,0.0
1784885716765230480,1784885716774523953,0.0,0.0,0.0
1784885716815340804,1784885716817546363,0.0,0.0,0.0
1784885716865500049,1784885716878573985,0.0,0.0,0.0
1784885716915588713,1784885716918822223,0.0,0.0,0.0
1784885716965686361,1784885716968112477,0.0,0.0,0.0
1784885717015757610,1784885717023105463,0.0,0.0,0.0
1784885717065914481,1784885717069146141,0.0,0.0,0.0
1784885717115940544,1784885717126349688,0.0,0.0,0.0
1784885717166171252,1784885717168736072,0.0,0.0,0.0
1784885717216156361,1784885717219105141,0.0,0.0,0.0
1784885717266353648,1784885717271673366,0.0,0.0,0.0
1784885717316354066,1784885717319730749,0.0,0.0,0.0
1784885717366478221,1784885717376294269,0.0,0.0,0.0
1784885717416597774,1784885717420936983,0.0,0.0,0.0
1784885717466773183,1784885717479145496,0.0,0.0,0.0
1784885717516813906,1784885717521064432,0.0,0.0,0.0
1784885717566915886,1784885717569292780,0.0,0.0,0.0
1784885717616973552,1784885717624400829,0.0,0.0,0.0
1784885717667143616,1784885717670651682,0.0,0.0,0.0
1784885717717254095,1784885717728587556,0.0,0.0,0.0
1784885717767363924,1784885717769928929,0.0,0.0,0.0
1784885717817390637,1784885717820721094,0.0,0.0,0.0
1784885717867551998,1784885717874172033,0.0,0.0,0.0
1784885717917615528,1784885717920014894,0.0,0.0,0.0
1784885717967791976,1784885717978124332,0.0,0.0,0.0
1784885718017850199,1784885718021173366,0.0,0.0,0.0
1784885718067987420,1784885718082080858,0.0,0.0,0.0
1784885718118022089,1784885718122502297,0.0,0.0,0.0
1784885718168139586,1784885718170601810,0.0,0.0,0.0
1784885718218207913,1784885718226852026,0.0,0.0,0.0
1784885718268411134,1784885718270048225,0.0,0.0,0.0
1784885718318442964,1784885718331016280,0.0,0.0,0.0
1784885718368578329,1784885718371985476,0.0,0.0,0.0
1784885718418603220,1784885718422063544,0.0,0.0,0.0
1784885718468776882,1784885718475718220,0.0,0.0,0.0
1784885718518858087,1784885718522238310,0.0,0.0,0.0
1784885718569028484,1784885718578350348,0.0,0.0,0.0
1784885718618999472,1784885718622401609,0.0,0.0,0.0
1784885718669187200,1784885718671022326,0.0,0.0,0.0
1784885718719195187,1784885718723780693,0.0,0.0,0.0
1784885718769381485,1784885718772161664,0.0,0.0,0.0
1784885718819431777,1784885718828029391,0.0,0.0,0.0
1784885718869515597,1784885718871137659,0.0,0.0,0.0
1784885718919584277,1784885718932305643,0.0,0.0,0.0
1784885718969719346,1784885718973288197,0.0,0.0,0.0
1784885719019783695,1784885719024132045,0.0,0.0,0.0
1784885719069945513,1784885719076390024,0.0,0.0,0.0
1784885719119978167,1784885719122572119,0.0,0.0,0.0
1784885719170175236,1784885719180811659,0.0,0.0,0.0
1784885719220166720,1784885719221740691,0.0,0.0,0.0
1784885719270338353,1784885719273342455,0.0,0.0,0.0
1784885719320392973,1784885719325972549,0.0,0.0,0.0
1784885719370519653,1784885719374882029,0.0,0.0,0.0
1784885719420534644,1784885719429358116,0.0,0.0,0.0
1784885719470669523,1784885719472758300,0.0,0.0,0.0
1784885719520698039,1784885719532427209,0.0,0.0,0.0
1784885719570914700,1784885719576191381,0.0,0.0,0.0
1784885719620879617,1784885719622451232,0.0,0.0,0.0
1784885719671060582,1784885719677619267,0.0,0.0,0.0
1784885719721096668,1784885719726424981,0.0,0.0,0.0
1784885719771239803,1784885719782004223,0.0,0.0,0.0
1784885719821256835,1784885719823068042,0.0,0.0,0.0
1784885719871498543,1784885719874363813,0.0,0.0,0.0
1784885719921513979,1784885719927154148,0.0,0.0,0.0
1784885719971600807,1784885719975283183,0.0,0.0,0.0
1784885720021643285,1784885720030623525,0.0,0.0,0.0
1784885720071834213,1784885720075038967,0.0,0.0,0.0
1784885720121843379,1784885720135903311,0.0,0.0,0.0
1784885720171921554,1784885720175856496,0.0,0.0,0.0
1784885720221977097,1784885720223801150,0.0,0.0,0.0
1784885720272080335,1784885720279841825,0.0,0.0,0.0
1784885720322397726,1784885720325876924,0.0,0.0,0.0
1784885720372336434,1784885720383034077,0.0,0.0,0.0
1784885720422395910,1784885720425044521,0.0,0.0,0.0
1784885720472487516,1784885720475569239,0.0,0.0,0.0
1784885720522526938,1784885720528285878,0.0,0.0,0.0
1784885720572651176,1784885720574556149,0.0,0.0,0.0
1784885720622678762,1784885720632405071,0.0,0.0,0.0
1784885720672892787,1784885720676754768,0.0,0.0,0.0
1784885720722858580,1784885720736174392,0.0,0.0,0.0
1784885720773111692,1784885720777956583,0.0,0.0,0.0
1784885720823037433,1784885720825856732,0.0,0.0,0.0
1784885720873163841,1784885720881326740,0.0,0.0,0.0
1784885720923482475,1784885720927901582,0.0,0.0,0.0
1784885720973414468,1784885720984184868,0.0,0.0,0.0
1784885721023469094,1784885721026183777,0.0,0.0,0.0
1784885721073546380,1784885721076429417,0.0,0.0,0.0
1784885721123553308,1784885721129506749,0.0,0.0,0.0
1784885721173866839,1784885721175954589,0.0,0.0,0.0
1784885721223868777,1784885721235487957,0.0,0.0,0.0
1784885721273915586,1784885721276875380,0.0,0.0,0.0
1784885721323894189,1784885721325696149,0.0,0.0,0.0
1784885721373999725,1784885721379092697,0.0,0.0,0.0
1784885721424155234,1784885721426945245,0.0,0.0,0.0
1784885721474209425,1784885721482084544,0.0,0.0,0.0
1784885721524228151,1784885721526164131,0.0,0.0,0.0
1784885721574383974,1784885721586315100,0.0,0.0,0.0
1784885721624394594,1784885721627233594,0.0,0.0,0.0
1784885721674616694,1784885721678912711,0.0,0.0,0.0
1784885721724610879,1784885721732097259,0.0,0.0,0.0
1784885721774755480,1784885721778750237,0.0,0.0,0.0
1784885721824726831,1784885721834936240,0.0,0.0,0.0
1784885721874941437,1784885721879056171,0.0,0.0,0.0
1784885721924949923,1784885721927029587,0.0,0.0,0.0
1784885721975009402,1784885721980146577,0.0,0.0,0.0
1784885722025198239,1784885722028829710,0.0,0.0,0.0
1784885722075192995,1784885722084095172,0.0,0.0,0.0
1784885722125210083,1784885722127842515,0.0,0.0,0.0
1784885722175343299,1784885722187368032,0.0,0.0,0.0
1784885722225940543,1784885722228476340,0.0,0.0,0.0
1784885722275502486,1784885722279636138,0.0,0.0,0.0
1784885722325596306,1784885722333713577,0.0,0.0,0.0
1784885722375593567,1784885722378675207,0.0,0.0,0.0
1784885722425703913,1784885722436133499,0.0,0.0,0.0
1784885722475887726,1784885722478246726,0.0,0.0,0.0
1784885722525992156,1784885722527863701,0.0,0.0,0.0
1784885722575919750,1784885722581323388,0.0,0.0,0.0
1784885722626111113,1784885722629244224,0.0,0.0,0.0
1784885722676125679,1784885722685156855,0.0,0.0,0.0
1784885722726169865,1784885722728383302,0.0,0.0,0.0
1784885722776400048,1784885722788304035,0.0,0.0,0.0
1784885722826655883,1784885722830975495,0.0,0.0,0.0
1784885722876448134,1784885722879690918,0.0,0.0,0.0
1784885722926650311,1784885722933887304,0.0,0.0,0.0
1784885722976560507,1784885722979687089,0.0,0.0,0.0
1784885723026612928,1784885723037985144,0.0,0.0,0.0
1784885723076800366,1784885723079032987,0.0,0.0,0.0
1784885723126807182,1784885723129971773,0.0,0.0,0.0
1784885723176846769,1784885723183469910,0.0,0.0,0.0
1784885723226981628,1784885723229204958,0.0,0.0,0.0
1784885723277046327,1784885723286124830,0.0,0.0,0.0
1784885723327086340,1784885723330259500,0.0,0.0,0.0
1784885723377229008,1784885723391682709,0.0,0.0,0.0
1784885723427737278,1784885723431780945,0.0,0.0,0.0
1784885723477374077,1784885723479559108,0.0,0.0,0.0
1784885723527401998,1784885723535819029,0.0,0.0,0.0
1784885723577523374,1784885723582038284,0.0,0.0,0.0
1784885723627576482,1784885723639654644,0.0,0.0,0.0
1784885723677691997,1784885723679830997,0.0,0.0,0.0
1784885723727689781,1784885723730988017,0.0,0.0,0.0
1784885723777802422,1784885723784026817,0.0,0.0,0.0
1784885723827971685,1784885723830264804,0.0,0.0,0.0
1784885723877921359,1784885723887598277,0.0,0.0,0.0
1784885723928087766,1784885723932421497,0.0,0.0,0.0
1784885723978156044,1784885723991330144,0.0,0.0,0.0
1784885724028171987,1784885724032508025,0.0,0.0,0.0
1784885724078193003,1784885724080409137,0.0,0.0,0.0
1784885724128354274,1784885724137049233,0.0,0.0,0.0
1784885724178469275,1784885724182745616,0.0,0.0,0.0
1784885724228501269,1784885724239771076,0.0,0.0,0.0
1784885724278485918,1784885724280709062,0.0,0.0,0.0
1784885724328562216,1784885724332265112,0.0,0.0,0.0
1784885724378745592,1784885724385187607,0.0,0.0,0.0
1784885724428733097,1784885724431090320,0.0,0.0,0.0
1784885724478880385,1784885724489055042,0.0,0.0,0.0
1784885724528862957,1784885724532218582,0.0,0.0,0.0
1784885724579033778,1784885724591620681,0.0,0.0,0.0
1784885724629131440,1784885724633468646,0.0,0.0,0.0
1784885724679096895,1784885724682405731,0.0,0.0,0.0
1784885724729157801,1784885724736954223,0.0,0.0,0.0
1784885724779267646,1784885724783387098,0.0,0.0,0.0
1784885724829372708,1784885724841193279,0.0,0.0,0.0
1784885724879412639,1784885724882032977,0.0,0.0,0.0
1784885724929487472,1784885724932736908,0.0,0.0,0.0
1784885724979520449,1784885724985366078,0.0,0.0,0.0
1784885725029622778,1784885725032005461,0.0,0.0,0.0
1784885725079751055,1784885725089579971,0.0,0.0,0.0
1784885725129827856,1784885725132646537,0.0,0.0,0.0
1784885725179800590,1784885725192257892,0.0,0.0,0.0
1784885725229852469,1784885725234159068,0.0,0.0,0.0
1784885725279944197,1784885725282437030,0.0,0.0,0.0
1784885725330015676,1784885725337518781,0.0,0.0,0.0
1784885725380164148,1784885725384027128,0.0,0.0,0.0
1784885725430111366,1784885725442337707,0.0,0.0,0.0
1784885725480210159,1784885725482735480,0.0,0.0,0.0
1784885725530277651,1784885725532710495,0.0,0.0,0.0
1784885725580287547,1784885725587854924,0.0,0.0,0.0
1784885725630407165,1784885725631991232,0.0,0.0,0.0
1784885725680527209,1784885725690170930,0.0,0.0,0.0
1784885725730686009,1784885725733513405,0.0,0.0,0.0
1784885725780760400,1784885725793160569,0.0,0.0,0.0
1784885725830655881,1784885725834580074,0.0,0.0,0.0
1784885725880696003,1784885725884798122,0.0,0.0,0.0
1784885725930783114,1784885725937445286,0.0,0.0,0.0
1784885725980877865,1784885725983497202,0.0,0.0,0.0
1784885726031020606,1784885726040726583,0.0,0.0,0.0
1784885726081042429,1784885726084577213,0.0,0.0,0.0
1784885726131144225,1784885726144886168,0.0,0.0,0.0
1784885726181135490,1784885726184758518,0.0,0.0,0.0
1784885726231222564,1784885726232819172,0.0,0.0,0.0
1784885726281268826,1784885726288735702,0.0,0.0,0.0
1784885726331329180,1784885726333828040,0.0,0.0,0.0
1784885726381353543,1784885726392147234,0.0,0.0,0.0
1784885726431550480,1784885726435272858,0.0,0.0,0.0
1784885726481625038,1784885726483707715,0.0,0.0,0.0
1784885726531601265,1784885726536416641,0.0,0.0,0.0
1784885726581693976,1784885726584357789,0.0,0.0,0.0
1784885726631683869,1784885726639281098,0.0,0.0,0.0
1784885726681763507,1784885726684352483,0.0,0.0,0.0
1784885726731798069,1784885726743809306,0.0,0.0,0.0
1784885726781990574,1784885726784738922,0.0,0.0,0.0
1784885726832042566,1784885726835256438,0.0,0.0,0.0
1784885726882206609,1784885726888167864,0.0,0.0,0.0
1784885726932213950,1784885726936310921,0.0,0.0,0.0
1784885726982131509,1784885726990864310,0.0,0.0,0.0
1784885727032226491,1784885727034304441,0.0,0.0,0.0
1784885727082282474,1784885727094259424,0.0,0.0,0.0
1784885727132402721,1784885727135187943,0.0,0.0,0.0
1784885727182440793,1784885727187111618,0.0,0.0,0.0
1784885727232606002,1784885727239464522,0.0,0.0,0.0
1784885727282564736,1784885727284372911,0.0,0.0,0.0
1784885727332618698,1784885727343036666,0.0,0.0,0.0
1784885727382620948,1784885727385372333,0.0,0.0,0.0
1784885727432708711,1784885727446295370,0.0,0.0,0.0
1784885727482840749,1784885727486725521,0.0,0.0,0.0
1784885727533037275,1784885727536973794,0.0,0.0,0.0
1784885727582980490,1784885727589624619,0.0,0.0,0.0
1784885727632946362,1784885727635663390,0.0,0.0,0.0
1784885727682988625,1784885727692719252,0.0,0.0,0.0
1784885727733095670,1784885727737963700,0.0,0.0,0.0
1784885727783244470,1784885727796107448,0.0,0.0,0.0
1784885727833295187,1784885727837023267,0.0,0.0,0.0
1784885727883260763,1784885727885140266,0.0,0.0,0.0
1784885727933298130,1784885727941167555,0.0,0.0,0.0
1784885727983437067,1784885727986298215,0.0,0.0,0.0
1784885728033503379,1784885728045638631,0.0,0.0,0.0
1784885728083511078,1784885728085304724,0.0,0.0,0.0
1784885728133882145,1784885728135558135,0.0,0.0,0.0
1784885728183647618,1784885728188656139,0.0,0.0,0.0
1784885728233815059,1784885728237105578,0.0,0.0,0.0
1784885728283730891,1784885728292560384,0.0,0.0,0.0
1784885728333838911,1784885728335774667,0.0,0.0,0.0
1784885728383874124,1784885728394803063,0.0,0.0,0.0
1784885728433934106,1784885728435925686,0.0,0.0,0.0
1784885728484038195,1784885728486830208,0.0,0.0,0.0
1784885728534049621,1784885728540274745,0.0,0.0,0.0
1784885728584167430,1784885728588251059,0.0,0.0,0.0
1784885728634156515,1784885728643092910,0.0,0.0,0.0
1784885728684192970,1784885728686274710,0.0,0.0,0.0
1784885728734277332,1784885728746179813,0.0,0.0,0.0
1784885728784414145,1784885728787212313,0.0,0.0,0.0
1784885728834390196,1784885728838341912,0.0,0.0,0.0
1784885728884438628,1784885728891028789,0.0,0.0,0.0
1784885728934511329,1784885728936582761,0.0,0.0,0.0
1784885728984689764,1784885728993578344,0.0,0.0,0.0
1784885729034603479,1784885729037634531,0.0,0.0,0.0
1784885729084644598,1784885729096540459,0.0,0.0,0.0
1784885729134790964,1784885729137745653,0.0,0.0,0.0
1784885729184878542,1784885729189187625,0.0,0.0,0.0
1784885729234850140,1784885729241892109,0.0,0.0,0.0
1784885729284921978,1784885729286967138,0.0,0.0,0.0
1784885729334922812,1784885729345285155,0.0,0.0,0.0
1784885729385048358,1784885729389016617,0.0,0.0,0.0
1784885729435052621,1784885729448282001,0.0,0.0,0.0
1784885729485142832,1784885729489199375,0.0,0.0,0.0
1784885729535167563,1784885729537193127,0.0,0.0,0.0
1784885729585242145,1784885729593053562,0.0,0.0,0.0
1784885729635258625,1784885729638412703,0.0,0.0,0.0
1784885729685380353,1784885729695594698,0.0,0.0,0.0
1784885729735465632,1784885729739565964,0.0,0.0,0.0
1784885729785515316,1784885729787660606,0.0,0.0,0.0
1784885729835525382,1784885729840548054,0.0,0.0,0.0
1784885729885568226,1784885729888785484,0.0,0.0,0.0
1784885729935620783,1784885729944939263,0.0,0.0,0.0
1784885729985765017,1784885729989108305,0.0,0.0,0.0
1784885730035705107,1784885730050538324,0.0,0.0,0.0
1784885730085840563,1784885730087918876,0.0,0.0,0.0
1784885730135806154,1784885730137979215,0.0,0.0,0.0
1784885730185897674,1784885730191127215,0.0,0.0,0.0
1784885730235915672,1784885730239136900,0.0,0.0,0.0
1784885730286099883,1784885730294173511,0.0,0.0,0.0
1784885730336055351,1784885730338141339,0.0,0.0,0.0
1784885730386121400,1784885730398347262,0.0,0.0,0.0
1784885730436133911,1784885730439890410,0.0,0.0,0.0
1784885730486255908,1784885730491769342,0.0,0.0,0.0
1784885730536254422,1784885730543518434,0.0,0.0,0.0
1784885730586435982,1784885730589532226,0.0,0.0,0.0
1784885730636342010,1784885730646843637,0.0,0.0,0.0
1784885730686431991,1784885730687686042,0.0,0.0,0.0
1784885730736487548,1784885730738671658,0.0,0.0,0.0
1784885730786516298,1784885730792623194,0.0,0.0,0.0
1784885730836549052,1784885730839736003,0.0,0.0,0.0
1784885730886717617,1784885730894950247,0.0,0.0,0.0
1784885730936662908,1784885730938883483,0.0,0.0,0.0
1784885730986779047,1784885730999068828,0.0,0.0,0.0
1784885731036810459,1784885731040124459,0.0,0.0,0.0
1784885731086933998,1784885731091121160,0.0,0.0,0.0
1784885731136880895,1784885731144350378,0.0,0.0,0.0
1784885731186949675,1784885731190290240,0.0,0.0,0.0
1784885731236972798,1784885731247579992,0.0,0.0,0.0
1784885731287094335,1784885731288513122,0.0,0.0,0.0
1784885731337066555,1784885731339441865,0.0,0.0,0.0
1784885731387221107,1784885731392494200,0.0,0.0,0.0
1784885731437183260,1784885731440477927,0.0,0.0,0.0
1784885731487248982,1784885731495708280,0.0,0.0,0.0
1784885731537289474,1784885731540742856,0.0,0.0,0.0
1784885731587486921,1784885731600541276,0.0,0.0,0.0
1784885731637398709,1784885731640836965,0.0,0.0,0.0
1784885731687571020,1784885731688768324,0.0,0.0,0.0
1784885731737481269,1784885731745387564,0.0,0.0,0.0
1784885731787615857,1784885731790971900,0.0,0.0,0.0
1784885731837593489,1784885731848187113,0.0,0.0,0.0
1784885731887691336,1784885731890172030,0.0,0.0,0.0
1784885731937680387,1784885731940074994,0.0,0.0,0.0
1784885731987742623,1784885731993169317,0.0,0.0,0.0
1784885732037856210,1784885732041290474,0.0,0.0,0.0
1784885732087869574,1784885732098335783,0.0,0.0,0.0
1784885732137887331,1784885732140342853,0.0,0.0,0.0
1784885732187990115,1784885732200451605,0.0,0.0,0.0
1784885732237975285,1784885732241394571,0.0,0.0,0.0
1784885732288085798,1784885732289899329,0.0,0.0,0.0
1784885732338086557,1784885732347036505,0.0,0.0,0.0
1784885732388235497,1784885732392551558,0.0,0.0,0.0
1784885732438181833,1784885732448908368,0.0,0.0,0.0
1784885732488305618,1784885732491236989,0.0,0.0,0.0
1784885732538272326,1784885732540829224,0.0,0.0,0.0
1784885732588368585,1784885732595087525,0.0,0.0,0.0
1784885732638371013,1784885732641070381,0.0,0.0,0.0
1784885732688471442,1784885732698957282,0.0,0.0,0.0
1784885732738542992,1784885732740910169,0.0,0.0,0.0
1784885732788509663,1784885732801637297,0.0,0.0,0.0
1784885732838562324,1784885732842259639,0.0,0.0,0.0
1784885732888659843,1784885732891148657,0.0,0.0,0.0
1784885732938666757,1784885732946286697,0.0,0.0,0.0
1784885732988792674,1784885732992284772,0.0,0.0,0.0
1784885733038752510,1784885733049573403,0.0,0.0,0.0
1784885733088830047,1784885733091399904,0.0,0.0,0.0
1784885733138842487,1784885733141432733,0.0,0.0,0.0
1784885733188901118,1784885733196005148,0.0,0.0,0.0
1784885733238949720,1784885733240583620,0.0,0.0,0.0
1784885733289049760,1784885733298654732,0.0,0.0,0.0
1784885733339026500,1784885733341622882,0.0,0.0,0.0
1784885733389136029,1784885733401765205,0.0,0.0,0.0
1784885733439121240,1784885733443705070,0.0,0.0,0.0
1784885733489323819,1784885733491861053,0.0,0.0,0.0
1784885733539224544,1784885733547090279,0.0,0.0,0.0
1784885733589296428,1784885733592956904,0.0,0.0,0.0
1784885733639392760,1784885733651211408,0.0,0.0,0.0
1784885733689426886,1784885733692198615,0.0,0.0,0.0
1784885733739438103,1784885733743006179,0.0,0.0,0.0
1784885733789551599,1784885733795129218,0.0,0.0,0.0
1784885733839502315,1784885733841126390,0.0,0.0,0.0
1784885733889555607,1784885733901364117,0.0,0.0,0.0
1784885733939586101,1784885733942301407,0.0,0.0,0.0
1784885733989746140,1784885734002448476,0.0,0.0,0.0
1784885734039677808,1784885734044311038,0.0,0.0,0.0
1784885734089742725,1784885734092463503,0.0,0.0,0.0
1784885734139752686,1784885734147777417,0.0,0.0,0.0
1784885734189855302,1784885734193586123,0.0,0.0,0.0
1784885734239861538,1784885734250876804,0.0,0.0,0.0
1784885734289951829,1784885734293701406,0.0,0.0,0.0
1784885734339941809,1784885734342670260,0.0,0.0,0.0
1784885734389975531,1784885734397165338,0.0,0.0,0.0
1784885734440092123,1784885734442600454,0.0,0.0,0.0
1784885734490171961,1784885734500577910,0.0,0.0,0.0
1784885734540129226,1784885734543479395,0.0,0.0,0.0
1784885734590231714,1784885734603416381,0.0,0.0,0.0
1784885734640218246,1784885734645139564,0.0,0.0,0.0
1784885734690289631,1784885734693024070,0.0,0.0,0.0
1784885734740308971,1784885734748602292,0.0,0.0,0.0
1784885734790417871,1784885734794383306,0.0,0.0,0.0
1784885734840391726,1784885734853434972,0.0,0.0,0.0
1784885734890514582,1784885734893297712,0.0,0.0,0.0
1784885734940531753,1784885734943352064,0.0,0.0,0.0
1784885734990553799,1784885734996500598,0.0,0.0,0.0
1784885735040617294,1784885735043398949,0.0,0.0,0.0
1784885735090700093,1784885735100409993,0.0,0.0,0.0
1784885735140643681,1784885735143490224,0.0,0.0,0.0
1784885735190693544,1784885735203580749,0.0,0.0,0.0
1784885735240729025,1784885735245763108,0.0,0.0,0.0
1784885735290934465,1784885735294127691,0.0,0.0,0.0
1784885735340832959,1784885735349887451,0.0,0.0,0.0
1784885735390905675,1784885735392726108,0.0,0.0,0.0
1784885735440892318,1784885735453747218,0.0,0.0,0.0
1784885735490977286,1784885735493922375,0.0,0.0,0.0
1784885735541012822,1784885735544854561,0.0,0.0,0.0
1784885735591144736,1784885735597954047,0.0,0.0,0.0
1784885735641133863,1784885735644028354,0.0,0.0,0.0
1784885735691121081,1784885735702003975,0.0,0.0,0.0
1784885735741160695,1784885735745386593,0.0,0.0,0.0
1784885735791249276,1784885735793948064,0.0,0.0,0.0
1784885735841292393,1784885735846338042,0.0,0.0,0.0
1784885735891480855,1784885735895188962,0.0,0.0,0.0
1784885735941327102,1784885735949596502,0.0,0.0,0.0
1784885735991427378,1784885735993745751,0.0,0.0,0.0
1784885736041483105,1784885736053453283,0.0,0.0,0.0
1784885736091513417,1784885736094557225,0.0,0.0,0.0
1784885736141482198,1784885736145774558,0.0,0.0,0.0
1784885736191546686,1784885736199576326,0.0,0.0,0.0
1784885736241632932,1784885736244938379,0.0,0.0,0.0
1784885736291654293,1784885736301665378,0.0,0.0,0.0
1784885736341652708,1784885736343755919,0.0,0.0,0.0
1784885736391757766,1784885736394050520,0.0,0.0,0.0
1784885736441803999,1784885736447787976,0.0,0.0,0.0
1784885736491781342,1784885736494821981,0.0,0.0,0.0
1784885736541813915,1784885736551080413,0.0,0.0,0.0
1784885736591902237,1784885736593987174,0.0,0.0,0.0
1784885736641917519,1784885736654082244,0.0,0.0,0.0
1784885736692002357,1784885736695047222,0.0,0.0,0.0
1784885736741993489,1784885736746264239,0.0,0.0,0.0
1784885736792027619,1784885736799896666,0.0,0.0,0.0
1784885736842077669,1784885736845470057,0.0,0.0,0.0
1784885736892180930,1784885736903664731,0.0,0.0,0.0
1784885736942155011,1784885736944263336,0.0,0.0,0.0
1784885736992191235,1784885736995270165,0.0,0.0,0.0
1784885737042245261,1784885737047801561,0.0,0.0,0.0
1784885737092288082,1784885737095999813,0.0,0.0,0.0
1784885737142333832,1784885737151774424,0.0,0.0,0.0
1784885737192440426,1784885737194956724,0.0,0.0,0.0
1784885737242464863,1784885737255591554,0.0,0.0,0.0
1784885737292440058,1784885737295828721,0.0,0.0,0.0
1784885737342456915,1784885737344591989,0.0,0.0,0.0
1784885737392526424,1784885737399740648,0.0,0.0,0.0
1784885737442563259,1784885737445708085,0.0,0.0,0.0
1784885737492754438,1784885737502882658,0.0,0.0,0.0
1784885737542627998,1784885737545885225,0.0,0.0,0.0
1784885737592665686,1784885737594859880,0.0,0.0,0.0
1784885737642684600,1784885737648078606,0.0,0.0,0.0
1784885737692781445,1784885737696166902,0.0,0.0,0.0
1784885737742760068,1784885737753646622,0.0,0.0,0.0
1784885737792848333,1784885737795049273,0.0,0.0,0.0
1784885737842851587,1784885737855837260,0.0,0.0,0.0
1784885737892939962,1784885737898048116,0.0,0.0,0.0
1784885737942957616,1784885737945284451,0.0,0.0,0.0
1784885737993060893,1784885738000270817,0.0,0.0,0.0
1784885738043000143,1784885738046240945,0.0,0.0,0.0
1784885738093045920,1784885738104388835,0.0,0.0,0.0
1784885738143085582,1784885738145639757,0.0,0.0,0.0
1784885738193204061,1784885738195594410,0.0,0.0,0.0
1784885738243171261,1784885738248528204,0.0,0.0,0.0
1784885738293212071,1784885738296544107,0.0,0.0,0.0
1784885738343237722,1784885738353829166,0.0,0.0,0.0
1784885738393291319,1784885738395695345,0.0,0.0,0.0
1784885738443340895,1784885738456433678,0.0,0.0,0.0
1784885738493415379,1784885738497651389,0.0,0.0,0.0
1784885738543477131,1784885738545701892,0.0,0.0,0.0
1784885738593411602,1784885738600927035,0.0,0.0,0.0
1784885738643476152,1784885738648016465,0.0,0.0,0.0
1784885738693527396,1784885738703940429,0.0,0.0,0.0
1784885738743570356,1784885738746077273,0.0,0.0,0.0
1784885738793683017,1784885738796921205,0.0,0.0,0.0
1784885738843606535,1784885738848959420,0.0,0.0,0.0
1784885738893671845,1784885738897181014,0.0,0.0,0.0
1784885738943673478,1784885738953439655,0.0,0.0,0.0
1784885738993764511,1784885738996269149,0.0,0.0,0.0
1784885739043755178,1784885739056334289,0.0,0.0,0.0
1784885739093903077,1784885739098291687,0.0,0.0,0.0
1784885739143841547,1784885739147085165,0.0,0.0,0.0
1784885739193870990,1784885739201408891,0.0,0.0,0.0
1784885739243896226,1784885739247507016,0.0,0.0,0.0
1784885739294006876,1784885739305450465,0.0,0.0,0.0
1784885739343971977,1784885739346438664,0.0,0.0,0.0
1784885739394086092,1784885739397462861,0.0,0.0,0.0
1784885739444056381,1784885739451049852,0.0,0.0,0.0
1784885739494141791,1784885739495675860,0.0,0.0,0.0
1784885739544159559,1784885739553908277,0.0,0.0,0.0
1784885739594246136,1784885739597616975,0.0,0.0,0.0
1784885739644197171,1784885739658065972,0.0,0.0,0.0
1784885739694278744,1784885739699632439,0.0,0.0,0.0
1784885739744319621,1784885739746846222,0.0,0.0,0.0
1784885739794323435,1784885739802022470,0.0,0.0,0.0
1784885739844340906,1784885739847868766,0.0,0.0,0.0
1784885739894474610,1784885739906216154,0.0,0.0,0.0
1784885739944411449,1784885739947031117,0.0,0.0,0.0
1784885739994480143,1784885739998037357,0.0,0.0,0.0
1784885740044478621,1784885740051414994,0.0,0.0,0.0
1784885740094569375,1784885740097328625,0.0,0.0,0.0
1784885740144588264,1784885740154422780,0.0,0.0,0.0
1784885740194621255,1784885740198175149,0.0,0.0,0.0
1784885740244612959,1784885740247068331,0.0,0.0,0.0
1784885740294649749,1784885740300280697,0.0,0.0,0.0
1784885740344705126,1784885740347386433,0.0,0.0,0.0
1784885740394770399,1784885740403416404,0.0,0.0,0.0
1784885740444759953,1784885740446335251,0.0,0.0,0.0
1784885740494807640,1784885740506459436,0.0,0.0,0.0
1784885740544881066,1784885740548670161,0.0,0.0,0.0
1784885740594913502,1784885740598683898,0.0,0.0,0.0
1784885740644928851,1784885740652311220,0.0,0.0,0.0
1784885740695010228,1784885740697628306,0.0,0.0,0.0
1784885740744960959,1784885740759151370,0.0,0.0,0.0
1784885740795044355,1784885740797631041,0.0,0.0,0.0
1784885740845029443,1784885740848122777,0.0,0.0,0.0
1784885740895146752,1784885740900772215,0.0,0.0,0.0
1784885740945110066,1784885740948792790,0.0,0.0,0.0
1784885740995217905,1784885741004155276,0.0,0.0,0.0
1784885741045173752,1784885741047968993,0.0,0.0,0.0
1784885741095392701,1784885741107893031,0.0,0.0,0.0
1784885741145266938,1784885741149129431,0.0,0.0,0.0
1784885741195491168,1784885741197315371,0.0,0.0,0.0
1784885741245301622,1784885741253454931,0.0,0.0,0.0
1784885741295407421,1784885741299150445,0.0,0.0,0.0
1784885741345430591,1784885741357109519,0.0,0.0,0.0
1784885741395461321,1784885741398963610,0.0,0.0,0.0
1784885741445453248,1784885741448281437,0.0,0.0,0.0
1784885741495531992,1784885741501265830,0.0,0.0,0.0
1784885741545502219,1784885741547274016,0.0,0.0,0.0
1784885741595532597,1784885741605263926,0.0,0.0,0.0
1784885741645570647,1784885741648424539,0.0,0.0,0.0
1784885741695692309,1784885741708412083,0.0,0.0,0.0
1784885741745701377,1784885741750443032,0.0,0.0,0.0
1784885741795727827,1784885741798556239,0.0,0.0,0.0
1784885741845752257,1784885741853674541,0.0,0.0,0.0
1784885741895853034,1784885741900630306,0.0,0.0,0.0
1784885741945769503,1784885741957806579,0.0,0.0,0.0
1784885741995823990,1784885741998641672,0.0,0.0,0.0
1784885742045843468,1784885742050113059,0.0,0.0,0.0
1784885742096000896,1784885742102767877,0.0,0.0,0.0
1784885742145970110,1784885742148814725,0.0,0.0,0.0
1784885742195947051,1784885742206259507,0.0,0.0,0.0
1784885742245973932,1784885742249942865,0.0,0.0,0.0
1784885742296024865,1784885742298011648,0.0,0.0,0.0
1784885742346066681,1784885742351190620,0.0,0.0,0.0
1784885742396262449,1784885742399036573,0.0,0.0,0.0
1784885742446097205,1784885742456538819,0.0,0.0,0.0
1784885742496178936,1784885742498084018,0.0,0.0,0.0
1784885742546177873,1784885742558231101,0.0,0.0,0.0
1784885742596229399,1784885742600244399,0.0,0.0,0.0
1784885742646229114,1784885742648180652,0.0,0.0,0.0
1784885742696274581,1784885742703238356,0.0,0.0,0.0
1784885742746292252,1784885742749218104,0.0,0.0,0.0
1784885742796373501,1784885742807257011,0.0,0.0,0.0
1784885742846381629,1784885742848426301,0.0,0.0,0.0
1784885742896455113,1784885742899664630,0.0,0.0,0.0
1784885742946424902,1784885742952734662,0.0,0.0,0.0
1784885742996485137,1784885743001770680,0.0,0.0,0.0
1784885743046489511,1784885743055847847,0.0,0.0,0.0
1784885743096564741,1784885743099607008,0.0,0.0,0.0
1784885743146612879,1784885743160423270,0.0,0.0,0.0
1784885743196772014,1784885743200560265,0.0,0.0,0.0
1784885743246604333,1784885743248578879,0.0,0.0,0.0
1784885743296649766,1784885743305112507,0.0,0.0,0.0
1784885743346679171,1784885743350879272,0.0,0.0,0.0
1784885743396763907,1784885743407872687,0.0,0.0,0.0
1784885743446743299,1784885743449754918,0.0,0.0,0.0
1784885743496853922,1784885743500835850,0.0,0.0,0.0
1784885743546885921,1784885743552927726,0.0,0.0,0.0
1784885743596863646,1784885743599010170,0.0,0.0,0.0
1784885743646929370,1784885743657169663,0.0,0.0,0.0
1784885743697016329,1784885743700171334,0.0,0.0,0.0
1784885743746939983,1784885743748992078,0.0,0.0,0.0
1784885743796948875,1784885743802181361,0.0,0.0,0.0
1784885743846987230,1784885743850429173,0.0,0.0,0.0
1784885743897054233,1784885743907292618,0.0,0.0,0.0
1784885743947065552,1784885743949932526,0.0,0.0,0.0
1784885743997177546,1784885744009254955,0.0,0.0,0.0
1784885744047118746,1784885744051267285,0.0,0.0,0.0
1784885744097188731,1784885744101393970,0.0,0.0,0.0
1784885744147173590,1784885744154730164,0.0,0.0,0.0
1784885744197262159,1784885744200531797,0.0,0.0,0.0
1784885744247418177,1784885744257698857,0.0,0.0,0.0
1784885744297378817,1784885744301583649,0.0,0.0,0.0
1784885744347313906,1784885744349630395,0.0,0.0,0.0
1784885744397358690,1784885744403845508,0.0,0.0,0.0
1784885744447851540,1784885744450768298,0.0,0.0,0.0
1784885744497454113,1784885744505478821,0.0,0.0,0.0
1784885744547450682,1784885744549536996,0.0,0.0,0.0
1784885744597458889,1784885744610579911,0.0,0.0,0.0
1784885744647583091,1784885744652042557,0.0,0.0,0.0
1784885744697548327,1784885744702011499,0.0,0.0,0.0
1784885744747572172,1784885744755238758,0.0,0.0,0.0
1784885744797821654,1784885744800790833,0.0,0.0,0.0
1784885744847582507,1784885744858209414,0.0,0.0,0.0
1784885744897663332,1784885744899154508,0.0,0.0,0.0
1784885744947701130,1784885744950101169,0.0,0.0,0.0
1784885744997731516,1784885745003852548,0.0,0.0,0.0
1784885745047725628,1784885745051234546,0.0,0.0,0.0
1784885745097751390,1784885745106002093,0.0,0.0,0.0
1784885745147776097,1784885745151523061,0.0,0.0,0.0
1784885745197859319,1784885745210080375,0.0,0.0,0.0
1784885745247861975,1784885745251494817,0.0,0.0,0.0
1784885745297942344,1784885745302268331,0.0,0.0,0.0
1784885745347894545,1784885745358105707,0.0,0.0,0.0
1784885745397957959,1784885745402076492,0.0,0.0,0.0
1784885745447957188,1784885745458644998,0.0,0.0,0.0
1784885745498024419,1784885745499504468,0.0,0.0,0.0
1784885745548041825,1784885745550426587,0.0,0.0,0.0
1784885745598197107,1784885745603538039,0.0,0.0,0.0
1784885745648065148,1784885745651481012,0.0,0.0,0.0
1784885745698124708,1784885745707480130,0.0,0.0,0.0
1784885745748123177,1784885745750537401,0.0,0.0,0.0
1784885745798194985,1784885745810575264,0.0,0.0,0.0
1784885745848203719,1784885745851923427,0.0,0.0,0.0
1784885745898228704,1784885745899751722,0.0,0.0,0.0
1784885745948304588,1784885745956270458,0.0,0.0,0.0
1784885745998316305,1784885746001744991,0.0,0.0,0.0
1784885746048451836,1784885746058842579,0.0,0.0,0.0
1784885746098386060,1784885746100022819,0.0,0.0,0.0
1784885746148359214,1784885746150727479,0.0,0.0,0.0
1784885746198374522,1784885746203844354,0.0,0.0,0.0
1784885746248465483,1784885746253187134,0.0,0.0,0.0
1784885746298462521,1784885746306917541,0.0,0.0,0.0
1784885746348486649,1784885746351092844,0.0,0.0,0.0
1784885746398616725,1784885746411096019,0.0,0.0,0.0
1784885746448530568,1784885746452000381,0.0,0.0,0.0
1784885746498591753,1784885746500097771,0.0,0.0,0.0
1784885746548587586,1784885746556677492,0.0,0.0,0.0
1784885746598664781,1784885746602287291,0.0,0.0,0.0
1784885746648654444,1784885746659587550,0.0,0.0,0.0
1784885746698710775,1784885746700219535,0.0,0.0,0.0
1784885746748698474,1784885746751242282,0.0,0.0,0.0
1784885746798771963,1784885746805985874,0.0,0.0,0.0
1784885746848764980,1784885746852572502,0.0,0.0,0.0
1784885746898834818,1784885746907285743,0.0,0.0,0.0
1784885746948808213,1784885746951372867,0.0,0.0,0.0
1784885746998857466,1784885747011447480,0.0,0.0,0.0
1784885747048918427,1784885747052921065,0.0,0.0,0.0
1784885747098937029,1784885747100640148,0.0,0.0,0.0
1784885747148953297,1784885747156800302,0.0,0.0,0.0
1784885747199097376,1784885747202192128,0.0,0.0,0.0
1784885747248969824,1784885747259853179,0.0,0.0,0.0
1784885747299049127,1784885747303380464,0.0,0.0,0.0
1784885747349034563,1784885747351876788,0.0,0.0,0.0
1784885747399126354,1784885747404768113,0.0,0.0,0.0
1784885747449098616,1784885747450682837,0.0,0.0,0.0
1784885747499125520,1784885747509430687,0.0,0.0,0.0
1784885747549149366,1784885747552053902,0.0,0.0,0.0
1784885747599191852,1784885747611802079,0.0,0.0,0.0
1784885747649240360,1784885747653086690,0.0,0.0,0.0
1784885747699339284,1784885747701136899,0.0,0.0,0.0
1784885747749266818,1784885747757600405,0.0,0.0,0.0
1784885747799294648,1784885747802891898,0.0,0.0,0.0
1784885747849357960,1784885747861100953,0.0,0.0,0.0
1784885747899388106,1784885747902170224,0.0,0.0,0.0
1784885747949361351,1784885747951989995,0.0,0.0,0.0
1784885747999513600,1784885748006771060,0.0,0.0,0.0
1784885748049427777,1784885748051238518,0.0,0.0,0.0
1784885748099495697,1784885748110142399,0.0,0.0,0.0
1784885748149562857,1784885748152598806,0.0,0.0,0.0
1784885748199556144,1784885748212182585,0.0,0.0,0.0
1784885748249553101,1784885748254264997,0.0,0.0,0.0
1784885748299563879,1784885748302338726,0.0,0.0,0.0
1784885748349564003,1784885748357905738,0.0,0.0,0.0
1784885748399634072,1784885748403293779,0.0,0.0,0.0
1784885748449689041,1784885748461824035,0.0,0.0,0.0
1784885748499674361,1784885748503619182,0.0,0.0,0.0
1784885748549660441,1784885748553380513,0.0,0.0,0.0
1784885748599960596,1784885748606427500,0.0,0.0,0.0
1784885748649743104,1784885748652883590,0.0,0.0,0.0
1784885748699797035,1784885748709638605,0.0,0.0,0.0
1784885748749821913,1784885748754738845,0.0,0.0,0.0
1784885748799834415,1784885748801616252,0.0,0.0,0.0
1784885748849845916,1784885748855233449,0.0,0.0,0.0
1784885748899998566,1784885748902688516,0.0,0.0,0.0
1784885748949983367,1784885748959974814,0.0,0.0,0.0
1784885749000058791,1784885749002238136,0.0,0.0,0.0
1784885749049942264,1784885749062265933,0.0,0.0,0.0
1784885749100001260,1784885749102823460,0.0,0.0,0.0
1784885749150165607,1784885749154121486,0.0,0.0,0.0
1784885749200038303,1784885749206907985,0.0,0.0,0.0
1784885749250118033,1784885749253308108,0.0,0.0,0.0
1784885749300240617,1784885749310075332,0.0,0.0,0.0
1784885749350101196,1784885749354284526,0.0,0.0,0.0
1784885749400172736,1784885749402041128,0.0,0.0,0.0
1784885749450160103,1784885749455605048,0.0,0.0,0.0
1784885749500223694,1784885749505257853,0.0,0.0,0.0
1784885749550265274,1784885749559387509,0.0,0.0,0.0
1784885749600282563,1784885749602193033,0.0,0.0,0.0
1784885749650274469,1784885749663014779,0.0,0.0,0.0
1784885749700312195,1784885749704329977,0.0,0.0,0.0
1784885749750369635,1784885749752487212,0.0,0.0,0.0
1784885749800404267,1784885749808185457,0.0,0.0,0.0
1784885749850378794,1784885749853409453,0.0,0.0,0.0
1784885749900450556,1784885749911430530,0.0,0.0,0.0
1784885749950441850,1784885749952660275,0.0,0.0,0.0
1784885750000479021,1784885750003548289,0.0,0.0,0.0
1784885750050526308,1784885750057712683,0.0,0.0,0.0
1784885750100559994,1784885750104453805,0.0,0.0,0.0
1784885750150513177,1784885750160064036,0.0,0.0,0.0
1784885750200576062,1784885750203626523,0.0,0.0,0.0
1784885750250554257,1784885750262746612,0.0,0.0,0.0
1784885750300622108,1784885750304787778,0.0,0.0,0.0
1784885750350615700,1784885750352797649,0.0,0.0,0.0
1784885750400733335,1784885750408110176,0.0,0.0,0.0
1784885750450698394,1784885750453784724,0.0,0.0,0.0
1784885750500811453,1784885750511748010,0.0,0.0,0.0
1784885750550779903,1784885750553089286,0.0,0.0,0.0
1784885750600782943,1784885750604814545,0.0,0.0,0.0
1784885750650762824,1784885750656989605,0.0,0.0,0.0
1784885750700808701,1784885750702944591,0.0,0.0,0.0
1784885750750814688,1784885750761910640,0.0,0.0,0.0
1784885750800886727,1784885750804171490,0.0,0.0,0.0
1784885750850889601,1784885750864210079,0.0,0.0,0.0
1784885750900966549,1784885750905090679,0.0,0.0,0.0
1784885750950909893,1784885750953023734,0.0,0.0,0.0
1784885751000936501,1784885751009260665,0.0,0.0,0.0
1784885751050975597,1784885751055454995,0.0,0.0,0.0
1784885751101043157,1784885751112089364,0.0,0.0,0.0
1784885751151085724,1784885751153465186,0.0,0.0,0.0
1784885751201156211,1784885751204382199,0.0,0.0,0.0
1784885751251111476,1784885751259030299,0.0,0.0,0.0
1784885751301127770,1784885751303350340,0.0,0.0,0.0
1784885751351190105,1784885751361435346,0.0,0.0,0.0
1784885751401192504,1784885751404369597,0.0,0.0,0.0
1784885751451154253,1784885751453571715,0.0,0.0,0.0
1784885751501202267,1784885751506106039,0.0,0.0,0.0
1784885751551266362,1784885751554501632,0.0,0.0,0.0
1784885751601246287,1784885751609593746,0.0,0.0,0.0
1784885751651370931,1784885751655059182,0.0,0.0,0.0
1784885751701391523,1784885751712547895,0.0,0.0,0.0
1784885751751352142,1784885751754609497,0.0,0.0,0.0
1784885751801342016,1784885751805247596,0.0,0.0,0.0
1784885751851367982,1784885751858688883,0.0,0.0,0.0
1784885751901411957,1784885751904506287,0.0,0.0,0.0
1784885751951461545,1784885751961868513,0.0,0.0,0.0
1784885752001450956,1784885752004752592,0.0,0.0,0.0
1784885752051475917,1784885752054135965,0.0,0.0,0.0
1784885752101535761,1784885752110209458,0.0,0.0,0.0
1784885752151602516,1784885752155170590,0.0,0.0,0.0
1784885752201574207,1784885752210820065,0.0,0.0,0.0
1784885752251541525,1784885752253928554,0.0,0.0,0.0
1784885752301572466,1784885752313115996,0.0,0.0,0.0
1784885752351650597,1784885752355603429,0.0,0.0,0.0
1784885752401658416,1784885752406073320,0.0,0.0,0.0
1784885752451718872,1784885752458380441,0.0,0.0,0.0
1784885752501755816,1784885752504409564,0.0,0.0,0.0
1784885752551702328,1784885752561332407,0.0,0.0,0.0
1784885752601727452,1784885752606138724,0.0,0.0,0.0
1784885752651757393,1784885752654294845,0.0,0.0,0.0
1784885752701839933,1784885752706177781,0.0,0.0,0.0
1784885752751836987,1784885752758325567,0.0,0.0,0.0
1784885752801897739,1784885752810473797,0.0,0.0,0.0
1784885752851829022,1784885752854367827,0.0,0.0,0.0
1784885752901923623,1784885752913240841,0.0,0.0,0.0
1784885752951950859,1784885752955669116,0.0,0.0,0.0
1784885753002050852,1784885753003539893,0.0,0.0,0.0
1784885753051911370,1784885753059453328,0.0,0.0,0.0
1784885753101988233,1784885753105386705,0.0,0.0,0.0
1784885753152028135,1784885753163852495,0.0,0.0,0.0
1784885753201986091,1784885753204522495,0.0,0.0,0.0
1784885753252053339,1784885753254617830,0.0,0.0,0.0
1784885753302140782,1784885753308398623,0.0,0.0,0.0
1784885753352065519,1784885753355792718,0.0,0.0,0.0
1784885753402123855,1784885753410762935,0.0,0.0,0.0
1784885753452130445,1784885753455002042,0.0,0.0,0.0
1784885753502189078,1784885753514633671,0.0,0.0,0.0
1784885753552252824,1784885753556770558,0.0,0.0,0.0
1784885753602201072,1784885753604735067,0.0,0.0,0.0
1784885753652227023,1784885753660180228,0.0,0.0,0.0
1784885753702266406,1784885753705950178,0.0,0.0,0.0
1784885753752342288,1784885753763868286,0.0,0.0,0.0
1784885753802331647,1784885753804969636,0.0,0.0,0.0
1784885753852314300,1784885753857037297,0.0,0.0,0.0
1784885753902342308,1784885753907965427,0.0,0.0,0.0
1784885753952396346,1784885753955446452,0.0,0.0,0.0
1784885754002414830,1784885754012208950,0.0,0.0,0.0
1784885754052456871,1784885754056291171,0.0,0.0,0.0
1784885754102484334,1784885754104166266,0.0,0.0,0.0
1784885754152528249,1784885754158936646,0.0,0.0,0.0
1784885754202823055,1784885754205241470,0.0,0.0,0.0
1784885754252489280,1784885754261338917,0.0,0.0,0.0
1784885754302526599,1784885754305802330,0.0,0.0,0.0
1784885754352557674,1784885754364340812,0.0,0.0,0.0
1784885754402586656,1784885754406242597,0.0,0.0,0.0
1784885754452640816,1784885754456499924,0.0,0.0,0.0
1784885754502628538,1784885754509871315,0.0,0.0,0.0
1784885754552788006,1784885754555809788,0.0,0.0,0.0
1784885754602711217,1784885754612318347,0.0,0.0,0.0
1784885754652689361,1784885754654395749,0.0,0.0,0.0
1784885754702707542,1784885754704482090,0.0,0.0,0.0
1784885754752717237,1784885754757861374,0.0,0.0,0.0
1784885754802773195,1784885754805656117,0.0,0.0,0.0
1784885754852776350,1784885754862337107,0.0,0.0,0.0
1784885754902850797,1784885754904714404,0.0,0.0,0.0
1784885754952813082,1784885754965625059,0.0,0.0,0.0
1784885755002844194,1784885755005536952,0.0,0.0,0.0
1784885755052884213,1784885755058598161,0.0,0.0,0.0
1784885755102918557,1784885755109700999,0.0,0.0,0.0
1784885755152968371,1784885755155787717,0.0,0.0,0.0
1784885755202930461,1784885755213235562,0.0,0.0,0.0
1784885755253005675,1784885755254892607,0.0,0.0,0.0
1784885755302997093,1784885755305833058,0.0,0.0,0.0
1784885755353049853,1784885755358120200,0.0,0.0,0.0
1784885755403061483,1784885755407851206,0.0,0.0,0.0
1784885755453046306,1784885755462960659,0.0,0.0,0.0
1784885755503071238,1784885755505844175,0.0,0.0,0.0
1784885755553132113,1784885755565961874,0.0,0.0,0.0
1784885755603122919,1784885755607916570,0.0,0.0,0.0
1784885755653145759,1784885755655141461,0.0,0.0,0.0
1784885755703262584,1784885755710013494,0.0,0.0,0.0
1784885755753183600,1784885755757536443,0.0,0.0,0.0
1784885755803224558,1784885755814026714,0.0,0.0,0.0
1784885755853284970,1784885755856016981,0.0,0.0,0.0
1784885755903286744,1784885755906186941,0.0,0.0,0.0
1784885755953301617,1784885755959376429,0.0,0.0,0.0
1784885756003296036,1784885756006066204,0.0,0.0,0.0
1784885756053295201,1784885756062437272,0.0,0.0,0.0
1784885756103383016,1784885756106277146,0.0,0.0,0.0
1784885756153354151,1784885756166338097,0.0,0.0,0.0
1784885756203588325,1784885756207292511,0.0,0.0,0.0
1784885756253387570,1784885756256344542,0.0,0.0,0.0
1784885756303461101,1784885756311991962,0.0,0.0,0.0
1784885756353582134,1784885756355409355,0.0,0.0,0.0
1784885756403539411,1784885756415524515,0.0,0.0,0.0
1784885756453543634,1784885756456690077,0.0,0.0,0.0
1784885756503582298,1784885756507431658,0.0,0.0,0.0
1784885756553539111,1784885756561836889,0.0,0.0,0.0
1784885756603574181,1784885756607392472,0.0,0.0,0.0
1784885756653605453,1784885756663872106,0.0,0.0,0.0
1784885756703591779,1784885756707750367,0.0,0.0,0.0
1784885756753632703,1784885756755738156,0.0,0.0,0.0
1784885756803643114,1784885756808643309,0.0,0.0,0.0
1784885756853709253,1784885756856955147,0.0,0.0,0.0
1784885756903687483,1784885756911785674,0.0,0.0,0.0
1784885756953741283,1784885756955915933,0.0,0.0,0.0
1784885757003775219,1784885757015762809,0.0,0.0,0.0
1784885757053747442,1784885757056776252,0.0,0.0,0.0
1784885757104454016,1784885757109412611,0.0,0.0,0.0
1784885757154088985,1784885757160256985,0.0,0.0,0.0
1784885757203836632,1784885757205939436,0.0,0.0,0.0
1784885757253855617,1784885757264048665,0.0,0.0,0.0
1784885757303905429,1784885757307872768,0.0,0.0,0.0
1784885757353860220,1784885757356044169,0.0,0.0,0.0
1784885757403938582,1784885757408610313,0.0,0.0,0.0
1784885757453954176,1784885757457234537,0.0,0.0,0.0
1784885757503986648,1784885757512055031,0.0,0.0,0.0
1784885757553969172,1784885757557193139,0.0,0.0,0.0
1784885757603978134,1784885757615151822,0.0,0.0,0.0
1784885757654060590,1784885757657513191,0.0,0.0,0.0
1784885757704047135,1784885757707913801,0.0,0.0,0.0
1784885757754111139,1784885757759757601,0.0,0.0,0.0
1784885757804167324,1784885757808194040,0.0,0.0,0.0
1784885757854083117,1784885757862769189,0.0,0.0,0.0
1784885757904128946,1784885757906914133,0.0,0.0,0.0
1784885757954127644,1784885757965357634,0.0,0.0,0.0
1784885758004158701,1784885758007414191,0.0,0.0,0.0
1784885758054169465,1784885758059015508,0.0,0.0,0.0
1784885758104178470,1784885758110684484,0.0,0.0,0.0
1784885758154216208,1784885758156428855,0.0,0.0,0.0
1784885758204245425,1784885758215555316,0.0,0.0,0.0
1784885758254337482,1784885758257868013,0.0,0.0,0.0
1784885758304336908,1784885758316632879,0.0,0.0,0.0
1784885758354364569,1784885758358223014,0.0,0.0,0.0
1784885758404319439,1784885758409157350,0.0,0.0,0.0
1784885758454326943,1784885758461050178,0.0,0.0,0.0
1784885758504378299,1784885758506647321,0.0,0.0,0.0
1784885758554379485,1784885758564007674,0.0,0.0,0.0
1784885758604519229,1784885758607646702,0.0,0.0,0.0
1784885758654422078,1784885758666695205,0.0,0.0,0.0
1784885758704455092,1784885758708778547,0.0,0.0,0.0
1784885758754443810,1784885758759693152,0.0,0.0,0.0
1784885758804510635,1784885758811770891,0.0,0.0,0.0
1784885758854544372,1784885758857081006,0.0,0.0,0.0
1784885758904530867,1784885758914900014,0.0,0.0,0.0
1784885758954540057,1784885758955869612,0.0,0.0,0.0
1784885759004855028,1784885759007002168,0.0,0.0,0.0
1784885759054601086,1784885759059064712,0.0,0.0,0.0
1784885759104629760,1784885759108089604,0.0,0.0,0.0
1784885759154631793,1784885759163396886,0.0,0.0,0.0
1784885759204652371,1784885759208130538,0.0,0.0,0.0
1784885759254787441,1784885759266391234,0.0,0.0,0.0
1784885759304698566,1784885759307088305,0.0,0.0,0.0
1784885759354761384,1784885759357370064,0.0,0.0,0.0
1784885759404785963,1784885759410431166,0.0,0.0,0.0
1784885759454767266,1784885759458245543,0.0,0.0,0.0
1784885759504851277,1784885759513349038,0.0,0.0,0.0
1784885759554767294,1784885759557475700,0.0,0.0,0.0
1784885759604835298,1784885759616277118,0.0,0.0,0.0
1784885759654863435,1784885759657456868,0.0,0.0,0.0
1784885759704901372,1784885759709916001,0.0,0.0,0.0
1784885759754863945,1784885759760578342,0.0,0.0,0.0
1784885759804925002,1784885759807244842,0.0,0.0,0.0
1784885759855003845,1784885759864769811,0.0,0.0,0.0
1784885759904975476,1784885759907570077,0.0,0.0,0.0
1784885759954958243,1784885759966672026,0.0,0.0,0.0
1784885760004988071,1784885760008406725,0.0,0.0,0.0
1784885760055052964,1784885760058891527,0.0,0.0,0.0
1784885760105050070,1784885760111500426,0.0,0.0,0.0
1784885760155061182,1784885760157752951,0.0,0.0,0.0
1784885760205404872,1784885760214526655,0.0,0.0,0.0
1784885760255079664,1784885760259371762,0.0,0.0,0.0
1784885760305120250,1784885760317657297,0.0,0.0,0.0
1784885760355133900,1784885760360186619,0.0,0.0,0.0
1784885760405179785,1784885760407659006,0.0,0.0,0.0
1784885760455216056,1784885760461971201,0.0,0.0,0.0
1784885760505218442,1784885760508619237,0.0,0.0,0.0
1784885760555202469,1784885760565193713,0.0,0.0,0.0
1784885760605252152,1784885760608791595,0.0,0.0,0.0
1784885760655276973,1784885760668131128,0.0,0.0,0.0
1784885760705304295,1784885760709995350,0.0,0.0,0.0
1784885760755296473,1784885760757925772,0.0,0.0,0.0
1784885760805302250,1784885760813162062,0.0,0.0,0.0
1784885760855426648,1784885760859625338,0.0,0.0,0.0
1784885760905348483,1784885760916866175,0.0,0.0,0.0
1784885760955479014,1784885760957872662,0.0,0.0,0.0
1784885761005451984,1784885761008009348,0.0,0.0,0.0
1784885761055461138,1784885761060218279,0.0,0.0,0.0
1784885761105470495,1784885761109060767,0.0,0.0,0.0
1784885761155590285,1784885761163246425,0.0,0.0,0.0
1784885761205486838,1784885761207709718,0.0,0.0,0.0
1784885761255551625,1784885761266326091,0.0,0.0,0.0
1784885761305516409,1784885761308168699,0.0,0.0,0.0
1784885761355507797,1784885761358395717,0.0,0.0,0.0
1784885761405556262,1784885761412195147,0.0,0.0,0.0
1784885761455634498,1784885761460604779,0.0,0.0,0.0
1784885761505720516,1784885761514357303,0.0,0.0,0.0
1784885761555605935,1784885761557315871,0.0,0.0,0.0
1784885761605625500,1784885761617479430,0.0,0.0,0.0
1784885761655725801,1784885761658702645,0.0,0.0,0.0
1784885761705691511,1784885761709420950,0.0,0.0,0.0
1784885761755774435,1784885761763881068,0.0,0.0,0.0
1784885761805752484,1784885761807451471,0.0,0.0,0.0
1784885761855716897,1784885761864763735,0.0,0.0,0.0
1784885761905765214,1784885761908597557,0.0,0.0,0.0
1784885761955736038,1784885761967754663,0.0,0.0,0.0
1784885762005793769,1784885762010542042,0.0,0.0,0.0
1784885762055828960,1784885762059890762,0.0,0.0,0.0
1784885762105812315,1784885762112646734,0.0,0.0,0.0
1784885762155905251,1784885762157610136,0.0,0.0,0.0
1784885762205854352,1784885762215667059,0.0,0.0,0.0
1784885762255918462,1784885762259913109,0.0,0.0,0.0
1784885762306013009,1784885762318812026,0.0,0.0,0.0
1784885762355928320,1784885762360838249,0.0,0.0,0.0
1784885762405958212,1784885762408360184,0.0,0.0,0.0
1784885762455980509,1784885762463009040,0.0,0.0,0.0
1784885762505981242,1784885762510336344,0.0,0.0,0.0
1784885762556033069,1784885762566905318,0.0,0.0,0.0
1784885762606061350,1784885762607872703,0.0,0.0,0.0
1784885762656028218,1784885762657930124,0.0,0.0,0.0
1784885762706095643,1784885762712376142,0.0,0.0,0.0
1784885762756126666,1784885762759279300,0.0,0.0,0.0
1784885762806136069,1784885762813996423,0.0,0.0,0.0
1784885762856141044,1784885762860212091,0.0,0.0,0.0
1784885762906121139,1784885762917005596,0.0,0.0,0.0
1784885762956144066,1784885762958393163,0.0,0.0,0.0
1784885763006180238,1784885763009471024,0.0,0.0,0.0
1784885763056242160,1784885763061361825,0.0,0.0,0.0
1784885763106306650,1784885763110705464,0.0,0.0,0.0
1784885763156262413,1784885763165347615,0.0,0.0,0.0
1784885763206272067,1784885763208301233,0.0,0.0,0.0
1784885763256292225,1784885763268437044,0.0,0.0,0.0
1784885763306299712,1784885763309686417,0.0,0.0,0.0
1784885763356362775,1784885763358550187,0.0,0.0,0.0
1784885763406362574,1784885763413767429,0.0,0.0,0.0
1784885763456348626,1784885763459458373,0.0,0.0,0.0
1784885763506413172,1784885763516356462,0.0,0.0,0.0
1784885763556481830,1784885763558747050,0.0,0.0,0.0
1784885763606750435,1784885763609336389,0.0,0.0,0.0
1784885763656511420,1784885763661690218,0.0,0.0,0.0
1784885763706436042,1784885763709920673,0.0,0.0,0.0
1784885763756447419,1784885763765726806,0.0,0.0,0.0
1784885763806491456,1784885763808601857,0.0,0.0,0.0
1784885763856499832,1784885763868594465,0.0,0.0,0.0
1784885763906660822,1784885763909671253,0.0,0.0,0.0
1784885763956562602,1784885763960802299,0.0,0.0,0.0
1784885764006597191,1784885764013703654,0.0,0.0,0.0
1784885764056580850,1784885764060152105,0.0,0.0,0.0
1784885764106627696,1784885764116609684,0.0,0.0,0.0
1784885764156664464,1784885764161864926,0.0,0.0,0.0
1784885764206660420,1784885764209778115,0.0,0.0,0.0
1784885764256642222,1784885764261989110,0.0,0.0,0.0
1784885764306693736,1784885764310429313,0.0,0.0,0.0
1784885764356690211,1784885764365323228,0.0,0.0,0.0
1784885764406722366,1784885764410529414,0.0,0.0,0.0
1784885764456771657,1784885764468881541,0.0,0.0,0.0
1784885764506742771,1784885764509919747,0.0,0.0,0.0
1784885764556763088,1784885764557967098,0.0,0.0,0.0
1784885764606820882,1784885764614577531,0.0,0.0,0.0
1784885764656810002,1784885764660047816,0.0,0.0,0.0
1784885764706853698,1784885764717909351,0.0,0.0,0.0
1784885764756866605,1784885764758158185,0.0,0.0,0.0
1784885764806858967,1784885764809027026,0.0,0.0,0.0
1784885764856889381,1784885764862262575,0.0,0.0,0.0
1784885764906910921,1784885764910468115,0.0,0.0,0.0
1784885764956944076,1784885764965234019,0.0,0.0,0.0
1784885765006990865,1784885765009095796,0.0,0.0,0.0
1784885765056920473,1784885765069815214,0.0,0.0,0.0
1784885765106955825,1784885765110343084,0.0,0.0,0.0
1784885765157059312,1784885765161526530,0.0,0.0,0.0
1784885765207026046,1784885765213881206,0.0,0.0,0.0
1784885765257035554,1784885765260835430,0.0,0.0,0.0
1784885765307037226,1784885765317235964,0.0,0.0,0.0
1784885765357065315,1784885765358558612,0.0,0.0,0.0
1784885765407106576,1784885765409407228,0.0,0.0,0.0
1784885765457098171,1784885765462461795,0.0,0.0,0.0
1784885765507149028,1784885765511833529,0.0,0.0,0.0
1784885765557174153,1784885765565575834,0.0,0.0,0.0
1784885765607171879,1784885765609439741,0.0,0.0,0.0
1784885765657223829,1784885765668481165,0.0,0.0,0.0
1784885765707197361,1784885765711473711,0.0,0.0,0.0
1784885765757274136,1784885765760896409,0.0,0.0,0.0
1784885765807293537,1784885765814533118,0.0,0.0,0.0
1784885765857236854,1784885765859739785,0.0,0.0,0.0
1784885765907408589,1784885765916610975,0.0,0.0,0.0
1784885765957345348,1784885765961156933,0.0,0.0,0.0
1784885766007383865,1784885766009504477,0.0,0.0,0.0
1784885766057346550,1784885766061831455,0.0,0.0,0.0
1784885766107364922,1784885766111258832,0.0,0.0,0.0
1784885766157347392,1784885766166098529,0.0,0.0,0.0
1784885766207443033,1784885766209845896,0.0,0.0,0.0
1784885766257436673,1784885766268808235,0.0,0.0,0.0
1784885766307479610,1784885766312218756,0.0,0.0,0.0
1784885766357430420,1784885766362825566,0.0,0.0,0.0
1784885766407512352,1784885766414590931,0.0,0.0,0.0
1784885766457470905,1784885766460244534,0.0,0.0,0.0
1784885766507519010,1784885766516896655,0.0,0.0,0.0
1784885766557541680,1784885766561231108,0.0,0.0,0.0
1784885766607565109,1784885766610247408,0.0,0.0,0.0
1784885766657547468,1784885766663111213,0.0,0.0,0.0
1784885766707587700,1784885766710016721,0.0,0.0,0.0
1784885766757594067,1784885766765095894,0.0,0.0,0.0
1784885766807656177,1784885766809846537,0.0,0.0,0.0
1784885766857608432,1784885766869088812,0.0,0.0,0.0
1784885766907645218,1784885766911179682,0.0,0.0,0.0
1784885766957646695,1784885766963921979,0.0,0.0,0.0
1784885767007702819,1784885767014208657,0.0,0.0,0.0
1784885767057743038,1784885767060490552,0.0,0.0,0.0
1784885767107741834,1784885767117202261,0.0,0.0,0.0
1784885767157738648,1784885767161413312,0.0,0.0,0.0
1784885767207778051,1784885767209177151,0.0,0.0,0.0
1784885767257867158,1784885767262604467,0.0,0.0,0.0
1784885767307787537,1784885767311500623,0.0,0.0,0.0
1784885767357840723,1784885767366489041,0.0,0.0,0.0
1784885767407835703,1784885767412197969,0.0,0.0,0.0
1784885767457817549,1784885767469697167,0.0,0.0,0.0
1784885767507865566,1784885767512835922,0.0,0.0,0.0
1784885767557935648,1784885767561791341,0.0,0.0,0.0
1784885767608018678,1784885767615035590,0.0,0.0,0.0
1784885767657947004,1784885767660767267,0.0,0.0,0.0
1784885767707940484,1784885767717466360,0.0,0.0,0.0
1784885767757935297,1784885767760422735,0.0,0.0,0.0
1784885767807987353,1784885767810186353,0.0,0.0,0.0
1784885767858031851,1784885767862839555,0.0,0.0,0.0
1784885767908035038,1784885767911762888,0.0,0.0,0.0
1784885767958017346,1784885767967927306,0.0,0.0,0.0
1784885768008054561,1784885768011755645,0.0,0.0,0.0
1784885768058057398,1784885768069804008,0.0,0.0,0.0
1784885768108062290,1784885768111963094,0.0,0.0,0.0
1784885768158128353,1784885768160274121,0.0,0.0,0.0
1784885768208148881,1784885768215468370,0.0,0.0,0.0
1784885768258156571,1784885768261081988,0.0,0.0,0.0
1784885768308164391,1784885768317797319,0.0,0.0,0.0
1784885768358235251,1784885768362121957,0.0,0.0,0.0
1784885768408401628,1784885768410254031,0.0,0.0,0.0
1784885768458250891,1784885768464028013,0.0,0.0,0.0
1784885768508233924,1784885768512405639,0.0,0.0,0.0
1784885768558207713,1784885768566360611,0.0,0.0,0.0
1784885768608557136,1784885768610063416,0.0,0.0,0.0
1784885768658324610,1784885768670453710,0.0,0.0,0.0
1784885768708726701,1784885768714067871,0.0,0.0,0.0
1784885768758309702,1784885768762170287,0.0,0.0,0.0
1784885768808343475,1784885768815049264,0.0,0.0,0.0
1784885768858425673,1784885768861578561,0.0,0.0,0.0
1784885768908386291,1784885768918099155,0.0,0.0,0.0
1784885768958451075,1784885768962681645,0.0,0.0,0.0
1784885769008390405,1784885769011344339,0.0,0.0,0.0
1784885769058494385,1784885769064555548,0.0,0.0,0.0
1784885769108456927,1784885769111454728,0.0,0.0,0.0
1784885769158448830,1784885769166304738,0.0,0.0,0.0
1784885769208564315,1784885769211756981,0.0,0.0,0.0
1784885769258547437,1784885769270387884,0.0,0.0,0.0
1784885769308596824,1784885769311242334,0.0,0.0,0.0
1784885769358576223,1784885769361695197,0.0,0.0,0.0
1784885769408542451,1784885769414378089,0.0,0.0,0.0
1784885769458620292,1784885769460657272,0.0,0.0,0.0
1784885769508699727,1784885769518403567,0.0,0.0,0.0
1784885769558643391,1784885769562762515,0.0,0.0,0.0
1784885769608775141,1784885769611550919,0.0,0.0,0.0
1784885769658678754,1784885769663884021,0.0,0.0,0.0
1784885769708995402,1784885769711569090,0.0,0.0,0.0
1784885769758696591,1784885769766854755,0.0,0.0,0.0
1784885769808668821,1784885769810618863,0.0,0.0,0.0
1784885769858728897,1784885769870939160,0.0,0.0,0.0
1784885769908709056,1784885769912882625,0.0,0.0,0.0
1784885769958818094,1784885769963275355,0.0,0.0,0.0
1784885770009158653,1784885770015665559,0.0,0.0,0.0
1784885770058814968,1784885770061988115,0.0,0.0,0.0
1784885770108794822,1784885770118674111,0.0,0.0,0.0
1784885770158777362,1784885770162186480,0.0,0.0,0.0
1784885770208843820,1784885770211705043,0.0,0.0,0.0
1784885770258917317,1784885770263988462,0.0,0.0,0.0
1784885770308884000,1784885770312852462,0.0,0.0,0.0
1784885770358863743,1784885770368801367,0.0,0.0,0.0
1784885770408900913,1784885770411874360,0.0,0.0,0.0
1784885770458928487,1784885770470883595,0.0,0.0,0.0
1784885770508936813,1784885770512956423,0.0,0.0,0.0
1784885770558992360,1784885770561637730,0.0,0.0,0.0
1784885770608948817,1784885770616268544,0.0,0.0,0.0
1784885770659021074,1784885770662376006,0.0,0.0,0.0
1784885770709020527,1784885770720950422,0.0,0.0,0.0
1784885770759101027,1784885770761975884,0.0,0.0,0.0
1784885770809396787,1784885770812045418,0.0,0.0,0.0
1784885770859057418,1784885770864350992,0.0,0.0,0.0
1784885770909073600,1784885770913120534,0.0,0.0,0.0
1784885770959090967,1784885770968641974,0.0,0.0,0.0
1784885771009102903,1784885771012258495,0.0,0.0,0.0
1784885771059200523,1784885771071458415,0.0,0.0,0.0
1784885771109160059,1784885771113476090,0.0,0.0,0.0
1784885771159149216,1784885771161247720,0.0,0.0,0.0
1784885771209170124,1784885771216331196,0.0,0.0,0.0
1784885771259249275,1784885771262724793,0.0,0.0,0.0
1784885771309786863,1784885771319238894,0.0,0.0,0.0
1784885771359253216,1784885771361599833,0.0,0.0,0.0
1784885771409225320,1784885771412524881,0.0,0.0,0.0
1784885771459245976,1784885771465266660,0.0,0.0,0.0
1784885771509285824,1784885771513670722,0.0,0.0,0.0
1784885771559286363,1784885771568459247,0.0,0.0,0.0
1784885771609312910,1784885771613606316,0.0,0.0,0.0
1784885771659391287,1784885771671484245,0.0,0.0,0.0
1784885771709372376,1784885771713853193,0.0,0.0,0.0
1784885771759460183,1784885771764197561,0.0,0.0,0.0
1784885771809380326,1784885771816537029,0.0,0.0,0.0
1784885771859476432,1784885771862848627,0.0,0.0,0.0
1784885771909560256,1784885771920387450,0.0,0.0,0.0
1784885771959441517,1784885771961731598,0.0,0.0,0.0
1784885772009439463,1784885772012041736,0.0,0.0,0.0
1784885772059593013,1784885772065057754,0.0,0.0,0.0
1784885772109568568,1784885772113590149,0.0,0.0,0.0
1784885772159503606,1784885772168897616,0.0,0.0,0.0
1784885772209423422,1784885772212542179,0.0,0.0,0.0
1784885772259518880,1784885772271853580,0.0,0.0,0.0
1784885772309411568,1784885772313905190,0.0,0.0,0.0
1784885772359552618,1784885772362184112,0.0,0.0,0.0
1784885772409682668,1784885772417102313,0.0,0.0,0.0
1784885772459479580,1784885772463082156,0.0,0.0,0.0
1784885772509458005,1784885772520434653,0.0,0.0,0.0
1784885772559564075,1784885772562094443,0.0,0.0,0.0
1784885772609453114,1784885772612401876,0.0,0.0,0.0
1784885772659504074,1784885772665621240,0.0,0.0,0.0
1784885772709440556,1784885772712169436,0.0,0.0,0.0
1784885772759441092,1784885772768769771,0.0,0.0,0.0
1784885772809476590,1784885772813293566,0.0,0.0,0.0
1784885772859517569,1784885772872700483,0.0,0.0,0.0
1784885772909414367,1784885772913055182,0.0,0.0,0.0
1784885772959480938,1784885772962334518,0.0,0.0,0.0
1784885773009399419,1784885773016731299,0.0,0.0,0.0
1784885773059428939,1784885773063128341,0.0,0.0,0.0
1784885773109431478,1784885773119756219,0.0,0.0,0.0
1784885773159528459,1784885773162244919,0.0,0.0,0.0
1784885773209623495,1784885773211836670,0.0,0.0,0.0
1784885773259478482,1784885773264976716,0.0,0.0,0.0
1784885773309400670,1784885773314033515,0.0,0.0,0.0
1784885773359470689,1784885773368019580,0.0,0.0,0.0
1784885773409416896,1784885773412693918,0.0,0.0,0.0
1784885773459512525,1784885773471926425,0.0,0.0,0.0
1784885773509693486,1784885773512859566,0.0,0.0,0.0
1784885773559433289,1784885773560959923,0.0,0.0,0.0
1784885773609417384,1784885773617323103,0.0,0.0,0.0
1784885773659477440,1784885773663124825,0.0,0.0,0.0
1784885773710055874,1784885773719882552,0.0,0.0,0.0
1784885773759511683,1784885773761441679,0.0,0.0,0.0
1784885773809455723,1784885773811853135,0.0,0.0,0.0
1784885773859398560,1784885773865113863,0.0,0.0,0.0
1784885773909397395,1784885773913902261,0.0,0.0,0.0
1784885773959423340,1784885773969082948,0.0,0.0,0.0
1784885774009392173,1784885774012989627,0.0,0.0,0.0
1784885774059479867,1784885774072024077,0.0,0.0,0.0
1784885774109390488,1784885774112943906,0.0,0.0,0.0
1784885774159477756,1784885774161279121,0.0,0.0,0.0
1784885774209393210,1784885774215906794,0.0,0.0,0.0
1784885774259478644,1784885774262261350,0.0,0.0,0.0
1784885774309703651,1784885774320112777,0.0,0.0,0.0
1784885774359429756,1784885774360986403,0.0,0.0,0.0
1784885774409677336,1784885774412065769,0.0,0.0,0.0
1784885774459490422,1784885774464540506,0.0,0.0,0.0
1784885774509627596,1784885774513920041,0.0,0.0,0.0
1784885774559477718,1784885774568152904,0.0,0.0,0.0
1784885774609394007,1784885774611991733,0.0,0.0,0.0
1784885774659465848,1784885774670964664,0.0,0.0,0.0
1784885774709409636,1784885774713015905,0.0,0.0,0.0
1784885774759508514,1784885774764163973,0.0,0.0,0.0
1784885774809425617,1784885774815963830,0.0,0.0,0.0
1784885774859485459,1784885774862501809,0.0,0.0,0.0
1784885774909676059,1784885774919027013,0.0,0.0,0.0
1784885774959455219,1784885774963479815,0.0,0.0,0.0
1784885775009366225,1784885775011953121,0.0,0.0,0.0
1784885775059380283,1784885775064535316,0.0,0.0,0.0
1784885775109396805,1784885775113095326,0.0,0.0,0.0
1784885775159485271,1784885775168215696,0.0,0.0,0.0
1784885775209388015,1784885775211876301,0.0,0.0,0.0
1784885775259497277,1784885775271084597,0.0,0.0,0.0
1784885775309376411,1784885775312143528,0.0,0.0,0.0
1784885775359474006,1784885775363280563,0.0,0.0,0.0
1784885775409424158,1784885775416047443,0.0,0.0,0.0
1784885775459457901,1784885775462433407,0.0,0.0,0.0
1784885775509372331,1784885775519083733,0.0,0.0,0.0
1784885775559469112,1784885775564371072,0.0,0.0,0.0
1784885775609563726,1784885775611189792,0.0,0.0,0.0
1784885775659473544,1784885775664387467,0.0,0.0,0.0
1784885775709411103,1784885775712061536,0.0,0.0,0.0
1784885775759457402,1784885775768252364,0.0,0.0,0.0
1784885775809757312,1784885775813052631,0.0,0.0,0.0
1784885775859425057,1784885775871189006,0.0,0.0,0.0
1784885775909456968,1784885775912192696,0.0,0.0,0.0
1784885775959515360,1784885775963627434,0.0,0.0,0.0
1784885776009396468,1784885776016129568,0.0,0.0,0.0
1784885776059465620,1784885776062552446,0.0,0.0,0.0
1784885776109408140,1784885776120114310,0.0,0.0,0.0
1784885776159594625,1784885776163643214,0.0,0.0,0.0
1784885776209408849,1784885776211789618,0.0,0.0,0.0
1784885776259413185,1784885776264271685,0.0,0.0,0.0
1784885776309349095,1784885776312726886,0.0,0.0,0.0
1784885776359431783,1784885776367275035,0.0,0.0,0.0
1784885776409376508,1784885776411720591,0.0,0.0,0.0
1784885776459452900,1784885776471332555,0.0,0.0,0.0
1784885776509539606,1784885776512280024,0.0,0.0,0.0
1784885776559483609,1784885776563688587,0.0,0.0,0.0
1784885776609360500,1784885776616221785,0.0,0.0,0.0
1784885776659486484,1784885776663780112,0.0,0.0,0.0
1784885776709556246,1784885776719369894,0.0,0.0,0.0
1784885776759558027,1784885776763720431,0.0,0.0,0.0
1784885776809478140,1784885776811381703,0.0,0.0,0.0
1784885776859455643,1784885776864742570,0.0,0.0,0.0
1784885776909390923,1784885776914930147,0.0,0.0,0.0
1784885776959494667,1784885776968439663,0.0,0.0,0.0
1784885777009466199,1784885777012140545,0.0,0.0,0.0
1784885777059436651,1784885777071633052,0.0,0.0,0.0
1784885777109364251,1784885777112332378,0.0,0.0,0.0
1784885777159473797,1784885777163951849,0.0,0.0,0.0
1784885777209388952,1784885777217261766,0.0,0.0,0.0
1784885777259550165,1784885777262743017,0.0,0.0,0.0
1784885777309538562,1784885777319400899,0.0,0.0,0.0
1784885777359501606,1784885777363591931,0.0,0.0,0.0
1784885777409358575,1784885777411873882,0.0,0.0,0.0
1784885777459392009,1784885777464622255,0.0,0.0,0.0
1784885777509353720,1784885777512304292,0.0,0.0,0.0
1784885777559462229,1784885777567466841,0.0,0.0,0.0
1784885777609385477,1784885777612134139,0.0,0.0,0.0
1784885777659447300,1784885777672414970,0.0,0.0,0.0
1784885777709368196,1784885777712604104,0.0,0.0,0.0
1784885777759489390,1784885777763681902,0.0,0.0,0.0
1784885777809799791,1784885777815486172,0.0,0.0,0.0
1784885777859487962,1784885777862100973,0.0,0.0,0.0
1784885777909759936,1784885777920124852,0.0,0.0,0.0
1784885777959401717,1784885777964561166,0.0,0.0,0.0
1784885778009758963,1784885778023011497,0.0,0.0,0.0
1784885778059503163,1784885778063914007,0.0,0.0,0.0
1784885778109711834,1784885778112461498,0.0,0.0,0.0
1784885778159489719,1784885778167848103,0.0,0.0,0.0
1784885778209573148,1784885778213457982,0.0,0.0,0.0
1784885778259489239,1784885778270465543,0.0,0.0,0.0
1784885778309380553,1784885778312981992,0.0,0.0,0.0
1784885778359531112,1784885778362752840,0.0,0.0,0.0
1784885778409533390,1784885778415453338,0.0,0.0,0.0
1784885778459465426,1784885778461854473,0.0,0.0,0.0
1784885778509390778,1784885778518513750,0.0,0.0,0.0
1784885778559505391,1784885778563028533,0.0,0.0,0.0
1784885778609891418,1784885778622733832,0.0,0.0,0.0
1784885778659444077,1784885778663652750,0.0,0.0,0.0
1784885778709379243,1784885778711666824,0.0,0.0,0.0
1784885778759428578,1784885778766641791,0.0,0.0,0.0
1784885778809396782,1784885778814251079,0.0,0.0,0.0
1784885778859513044,1784885778871666389,0.0,0.0,0.0
1784885778909879385,1784885778911681031,0.0,0.0,0.0
1784885778959481711,1784885778962855091,0.0,0.0,0.0
1784885779009579649,1784885779015681923,0.0,0.0,0.0
1784885779059457683,1784885779061929841,0.0,0.0,0.0
1784885779109500499,1784885779118666428,0.0,0.0,0.0
1784885779159532444,1784885779162954813,0.0,0.0,0.0
1784885779209386422,1784885779221841921,0.0,0.0,0.0
1784885779259497462,1784885779263968933,0.0,0.0,0.0
1784885779309427868,1784885779311744374,0.0,0.0,0.0
1784885779359563742,1784885779367898501,0.0,0.0,0.0
1784885779409726320,1784885779412649213,0.0,0.0,0.0
1784885779459473869,1784885779471043826,0.0,0.0,0.0
1784885779509461591,1784885779511861674,0.0,0.0,0.0
1784885779559454091,1784885779563054631,0.0,0.0,0.0
1784885779609444683,1784885779615731221,0.0,0.0,0.0
1784885779659544779,1784885779661022892,0.0,0.0,0.0
1784885779709595780,1784885779718742283,0.0,0.0,0.0
1784885779759522852,1784885779763018279,0.0,0.0,0.0
1784885779809418127,1784885779821743512,0.0,0.0,0.0
1784885779859489315,1784885779864453058,0.0,0.0,0.0
1784885779909436869,1784885779912657603,0.0,0.0,0.0
1784885779959491630,1784885779968155546,0.0,0.0,0.0
1784885780009734534,1784885780012797619,0.0,0.0,0.0
1784885780059505051,1784885780070971606,0.0,0.0,0.0
1784885780109421648,1784885780111857360,0.0,0.0,0.0
1784885780159552881,1784885780162437238,0.0,0.0,0.0
1784885780209817896,1784885780214838196,0.0,0.0,0.0
1784885780259507096,1784885780261039388,0.0,0.0,0.0
1784885780309473157,1784885780318978830,0.0,0.0,0.0
1784885780359462885,1784885780362272999,0.0,0.0,0.0
1784885780409442576,1784885780421934869,0.0,0.0,0.0
1784885780459554827,1784885780464127241,0.0,0.0,0.0
1784885780509491276,1784885780511353987,0.0,0.0,0.0
1784885780559533432,1784885780566092228,0.0,0.0,0.0
1784885780609565384,1784885780612287069,0.0,0.0,0.0
1784885780659551205,1784885780669899907,0.0,0.0,0.0
1784885780709460467,1784885780711460961,0.0,0.0,0.0
1784885780759542125,1784885780761554822,0.0,0.0,0.0
1784885780809550669,1784885780813869611,0.0,0.0,0.0
1784885780859572916,1784885780863277838,0.0,0.0,0.0
1784885780909485216,1784885780917082029,0.0,0.0,0.0
1784885780959592449,1784885780963237609,0.0,0.0,0.0
1784885781009476957,1784885781021909668,0.0,0.0,0.0
1784885781059584352,1784885781062359095,0.0,0.0,0.0
1784885781109575575,1784885781112465267,0.0,0.0,0.0
1784885781159475740,1784885781165973616,0.0,0.0,0.0
1784885781209481186,1784885781210960839,0.0,0.0,0.0
1784885781259541227,1784885781269080061,0.0,0.0,0.0
1784885781309488042,1784885781312059980,0.0,0.0,0.0
1784885781359572473,1784885781372157300,0.0,0.0,0.0
1784885781409483211,1784885781414320834,0.0,0.0,0.0
1784885781459552845,1784885781461782899,0.0,0.0,0.0
1784885781509501215,1784885781516226249,0.0,0.0,0.0
1784885781559537070,1784885781564263874,0.0,0.0,0.0
1784885781609468680,1784885781619225578,0.0,0.0,0.0
1784885781659531555,1784885781663597980,0.0,0.0,0.0
1784885781709528334,1784885781711062063,0.0,0.0,0.0
1784885781759646804,1784885781766383949,0.0,0.0,0.0
1784885781809521763,1784885781812110832,0.0,0.0,0.0
1784885781859568841,1784885781867177040,0.0,0.0,0.0
1784885781909493080,1784885781912071167,0.0,0.0,0.0
1784885781959500804,1784885781970655574,0.0,0.0,0.0
1784885782009510682,1784885782013236229,0.0,0.0,0.0
1784885782059586338,1784885782062545312,0.0,0.0,0.0
1784885782109569823,1784885782116623195,0.0,0.0,0.0
1784885782159574143,1784885782163410140,0.0,0.0,0.0
1784885782209508477,1784885782218182575,0.0,0.0,0.0
1784885782259613950,1784885782262818380,0.0,0.0,0.0
1784885782310015566,1784885782321192653,0.0,0.0,0.0
1784885782359563216,1784885782363360730,0.0,0.0,0.0
1784885782409550905,1784885782411133480,0.0,0.0,0.0
1784885782459539205,1784885782466507573,0.0,0.0,0.0
1784885782509523987,1784885782512271414,0.0,0.0,0.0
1784885782559584142,1784885782569282159,0.0,0.0,0.0
1784885782609648817,1784885782613290230,0.0,0.0,0.0
1784885782659604875,1784885782662644519,0.0,0.0,0.0
1784885782709822519,1784885782714282898,0.0,0.0,0.0
1784885782759629366,1784885782762953450,0.0,0.0,0.0
1784885782809684077,1784885782817276160,0.0,0.0,0.0
1784885782859611578,1784885782863642085,0.0,0.0,0.0
1784885782909557136,1784885782920536713,0.0,0.0,0.0
1784885782959608754,1784885782962563172,0.0,0.0,0.0
1784885783009549574,1784885783012663465,0.0,0.0,0.0
1784885783059591740,1784885783066416886,0.0,0.0,0.0
1784885783109617090,1784885783113559044,0.0,0.0,0.0
1784885783159586585,1784885783168419377,0.0,0.0,0.0
1784885783209799464,1784885783212494036,0.0,0.0,0.0
1784885783259583171,1784885783272121312,0.0,0.0,0.0
1784885783309554148,1784885783313661944,0.0,0.0,0.0
1784885783359612556,1784885783363600401,0.0,0.0,0.0
1784885783409657833,1784885783416360399,0.0,0.0,0.0
1784885783459649107,1784885783462947452,0.0,0.0,0.0
1784885783509674124,1784885783520110687,0.0,0.0,0.0
1784885783559602469,1784885783564260702,0.0,0.0,0.0
1784885783609622244,1784885783612318760,0.0,0.0,0.0
1784885783659691912,1784885783664643068,0.0,0.0,0.0
1784885783709783784,1784885783713776537,0.0,0.0,0.0
1784885783759629365,1784885783767583832,0.0,0.0,0.0
1784885783809599397,1784885783813916927,0.0,0.0,0.0
1784885783859692584,1784885783870481519,0.0,0.0,0.0
1784885783909680451,1784885783912284277,0.0,0.0,0.0
1784885783959676966,1784885783962914715,0.0,0.0,0.0
1784885784009599017,1784885784015612898,0.0,0.0,0.0
1784885784059613497,1784885784061748070,0.0,0.0,0.0
1784885784110074652,1784885784118529903,0.0,0.0,0.0
1784885784159660810,1784885784162800610,0.0,0.0,0.0
1784885784209958381,1784885784221673754,0.0,0.0,0.0
1784885784259796443,1784885784264555156,0.0,0.0,0.0
1784885784309996138,1784885784313677915,0.0,0.0,0.0
1784885784359615353,1784885784367084174,0.0,0.0,0.0
1784885784409661131,1784885784413185881,0.0,0.0,0.0
1784885784459738522,1784885784469705327,0.0,0.0,0.0
1784885784509646181,1784885784513743910,0.0,0.0,0.0
1784885784559689496,1784885784561952151,0.0,0.0,0.0
1784885784609658973,1784885784615469194,0.0,0.0,0.0
1784885784659696732,1784885784663126013,0.0,0.0,0.0
1784885784709669839,1784885784717771032,0.0,0.0,0.0
1784885784759696746,1784885784764000857,0.0,0.0,0.0
1784885784809791583,1784885784821739729,0.0,0.0,0.0
1784885784859704871,1784885784861804813,0.0,0.0,0.0
1784885784909659422,1784885784912904617,0.0,0.0,0.0
1784885784959744647,1784885784966082270,0.0,0.0,0.0
1784885785009768074,1784885785013808917,0.0,0.0,0.0
1784885785059725486,1784885785068950876,0.0,0.0,0.0
1784885785109691212,1784885785111837059,0.0,0.0,0.0
1784885785159712684,1784885785171837360,0.0,0.0,0.0
1784885785209756193,1784885785212798247,0.0,0.0,0.0
1784885785259742014,1784885785261167368,0.0,0.0,0.0
1784885785309695981,1784885785316828955,0.0,0.0,0.0
1784885785359723971,1784885785362878422,0.0,0.0,0.0
1784885785409685809,1784885785419863004,0.0,0.0,0.0
1784885785459781656,1784885785463678581,0.0,0.0,0.0
1784885785509789719,1784885785523079528,0.0,0.0,0.0
1784885785559772095,1784885785564108179,0.0,0.0,0.0
1784885785609714283,1784885785612047957,0.0,0.0,0.0
1784885785659755534,1784885785670808027,0.0,0.0,0.0
1784885785709703352,1784885785714237301,0.0,0.0,0.0
1784885785759819237,1784885785770791929,0.0,0.0,0.0
1784885785809710477,1784885785813049366,0.0,0.0,0.0
1784885785859762636,1784885785862325454,0.0,0.0,0.0
1784885785909882188,1784885785916476570,0.0,0.0,0.0
1784885785959736537,1784885785964911399,0.0,0.0,0.0
1784885786009764565,1784885786017974104,0.0,0.0,0.0
1784885786059767943,1784885786062149967,0.0,0.0,0.0
1784885786109832102,1784885786122238092,0.0,0.0,0.0
1784885786159762493,1784885786163068102,0.0,0.0,0.0
1784885786209824763,1784885786213100426,0.0,0.0,0.0
1784885786259981003,1784885786266337834,0.0,0.0,0.0
1784885786310018365,1784885786312188373,0.0,0.0,0.0
1784885786359807597,1784885786370225888,0.0,0.0,0.0
1784885786409738098,1784885786413104342,0.0,0.0,0.0
1784885786459757829,1784885786462363832,0.0,0.0,0.0
1784885786509903365,1784885786514067240,0.0,0.0,0.0
1784885786559853979,1784885786562421998,0.0,0.0,0.0
1784885786609821279,1784885786618060783,0.0,0.0,0.0
1784885786659847973,1784885786663268443,0.0,0.0,0.0
1784885786709900391,1784885786721213932,0.0,0.0,0.0
1784885786759879378,1784885786762969583,0.0,0.0,0.0
1784885786809910498,1784885786812979739,0.0,0.0,0.0
1784885786859861594,1784885786865324637,0.0,0.0,0.0
1784885786909776298,1784885786911145804,0.0,0.0,0.0
1784885786959869219,1784885786970425223,0.0,0.0,0.0
1784885787009790183,1784885787013232507,0.0,0.0,0.0
1784885787059893114,1784885787072146867,0.0,0.0,0.0
1784885787110389132,1784885787113288599,0.0,0.0,0.0
1784885787159863236,1784885787161468528,0.0,0.0,0.0
1784885787209859825,1784885787216175800,0.0,0.0,0.0
1784885787259852822,1784885787262461248,0.0,0.0,0.0
1784885787309822132,1784885787319239330,0.0,0.0,0.0
1784885787359911488,1784885787364011327,0.0,0.0,0.0
1784885787409811959,1784885787412071302,0.0,0.0,0.0
1784885787459906297,1784885787465891986,0.0,0.0,0.0
1784885787509939204,1784885787513193736,0.0,0.0,0.0
1784885787559940998,1784885787567578409,0.0,0.0,0.0
1784885787609861563,1784885787613453769,0.0,0.0,0.0
1784885787659915324,1784885787671939040,0.0,0.0,0.0
1784885787709865743,1784885787712334324,0.0,0.0,0.0
1784885787759883075,1784885787762445090,0.0,0.0,0.0
1784885787809851607,1784885787815488288,0.0,0.0,0.0
1784885787859958538,1784885787863816710,0.0,0.0,0.0
1784885787909976296,1784885787918368025,0.0,0.0,0.0
1784885787959957514,1784885787962860648,0.0,0.0,0.0
1784885788009875375,1784885788021440083,0.0,0.0,0.0
1784885788059923191,1784885788064470553,0.0,0.0,0.0
1784885788109897816,1784885788111522748,0.0,0.0,0.0
1784885788159958707,1784885788166779759,0.0,0.0,0.0
1784885788210075047,1784885788212524549,0.0,0.0,0.0
1784885788259955257,1784885788269556041,0.0,0.0,0.0
1784885788309987627,1784885788313528516,0.0,0.0,0.0
1784885788360032851,1784885788373566927,0.0,0.0,0.0
1784885788409959157,1784885788414470367,0.0,0.0,0.0
1784885788459936782,1784885788462594541,0.0,0.0,0.0
1784885788509957133,1784885788517517358,0.0,0.0,0.0
1784885788559993077,1784885788563584211,0.0,0.0,0.0
1784885788609905271,1784885788622478693,0.0,0.0,0.0
1784885788660029964,1784885788663117833,0.0,0.0,0.0
1784885788710322449,1784885788712836159,0.0,0.0,0.0
1784885788760004031,1784885788765686339,0.0,0.0,0.0
1784885788809937022,1784885788811986805,0.0,0.0,0.0
1784885788859943316,1784885788870276292,0.0,0.0,0.0
1784885788910244839,1784885788913066279,0.0,0.0,0.0
1784885788960064858,1784885788973576174,0.0,0.0,0.0
1784885789009971736,1784885789014214965,0.0,0.0,0.0
1784885789060018117,1784885789062576327,0.0,0.0,0.0
