t_start_ns,t_end_ns,t_bag_ns,scan_idx,bssid,ssid,rssi_dbm,freq_mhz,last_seen_ms
1789658822891031040,1789658826507760896,1789658826555607955,0,02:91:9e:71:b0:15,poppy_net,-33.0,2412.0,0
1789658822891031040,1789658826507760896,1789658826555607955,0,32:0d:cb:9d:dd:f0,iPhone moe b,-39.0,2412.0,0
1789658822891031040,1789658826507760896,1789658826555607955,0,7c:26:64:69:50:05,,-87.0,5320.0,0
1789658822891031040,1789658826507760896,1789658826555607955,0,d4:bd:4f:a0:d2:d0,CESI_Corp,-63.0,5260.0,0
1789658822891031040,1789658826507760896,1789658826555607955,0,d4:bd:4f:a0:d2:d1,CESI_HotSpot,-63.0,5260.0,0
1789658822891031040,1789658826507760896,1789658826555607955,0,d4:bd:4f:a0:d2:d2,CESI_Robots,-63.0,5260.0,0
1789658822891031040,1789658826507760896,1789658826555607955,0,d4:bd:4f:a0:d2:d3,CESI_Recherche,-63.0,5260.0,0
1789658822891031040,1789658826507760896,1789658826555607955,0,d4:bd:4f:a0:d2:d4,CESI_Iot,-63.0,5260.0,0
1789658822891031040,1789658826507760896,1789658826555607955,0,d4:bd:4f:60:d2:d0,CESI_Corp,-66.0,2462.0,8280
1789658822891031040,1789658826507760896,1789658826555607955,0,d4:bd:4f:60:d2:d2,CESI_Robots,-70.0,2462.0,8280
1789658822891031040,1789658826507760896,1789658826555607955,0,d4:bd:4f:60:d2:d1,CESI_HotSpot,-61.0,2462.0,0
1789658822891031040,1789658826507760896,1789658826555607955,0,d4:bd:4f:60:d2:d3,CESI_Recherche,-67.0,2462.0,8280
1789658822891031040,1789658826507760896,1789658826555607955,0,d4:bd:4f:a1:91:c1,CESI_HotSpot,-71.0,5260.0,0
1789658822891031040,1789658826507760896,1789658826555607955,0,d4:bd:4f:a1:91:c2,CESI_Robots,-71.0,5260.0,0
1789658822891031040,1789658826507760896,1789658826555607955,0,d4:bd:4f:a1:91:c3,CESI_Recherche,-71.0,5260.0,0
1789658822891031040,1789658826507760896,1789658826555607955,0,d4:bd:4f:a1:91:c0,CESI_Corp,-72.0,5260.0,0
1789658822891031040,1789658826507760896,1789658826555607955,0,d4:bd:4f:a1:91:c4,CESI_Iot,-72.0,5260.0,0
1789658822891031040,1789658826507760896,1789658826555607955,0,d4:bd:4f:61:91:c3,CESI_Recherche,-67.0,2462.0,0
1789658822891031040,1789658826507760896,1789658826555607955,0,2c:5a:0f:e5:7f:ef,eduspot,-74.0,5180.0,0
1789658822891031040,1789658826507760896,1789658826555607955,0,d4:bd:4f:a1:e5:74,CESI_Iot,-58.0,5260.0,0
1789658822891031040,1789658826507760896,1789658826555607955,0,d4:bd:4f:61:91:c0,CESI_Corp,-67.0,2462.0,0
1789658822891031040,1789658826507760896,1789658826555607955,0,d4:bd:4f:61:91:c1,CESI_HotSpot,-67.0,2462.0,0
1789658822891031040,1789658826507760896,1789658826555607955,0,d4:bd:4f:61:91:c2,CESI_Robots,-71.0,2462.0,8280
1789658822891031040,1789658826507760896,1789658826555607955,0,d4:bd:4f:a1:e5:70,CESI_Corp,-58.0,5260.0,0
1789658822891031040,1789658826507760896,1789658826555607955,0,d4:bd:4f:a1:e5:71,CESI_HotSpot,-58.0,5260.0,0
1789658822891031040,1789658826507760896,1789658826555607955,0,d4:bd:4f:a1:e5:72,CESI_Robots,-59.0,5260.0,0
1789658822891031040,1789658826507760896,1789658826555607955,0,d4:bd:4f:a1:e5:73,CESI_Recherche,-57.0,5260.0,0
1789658822891031040,1789658826507760896,1789658826555607955,0,d4:bd:4f:61:e5:70,CESI_Corp,-54.0,2462.0,0
1789658822891031040,1789658826507760896,1789658826555607955,0,d4:bd:4f:61:e5:73,CESI_Recherche,-56.0,2462.0,0
1789658822891031040,1789658826507760896,1789658826555607955,0,d4:bd:4f:61:e5:74,CESI_Iot,-57.0,2462.0,0
1789658822891031040,1789658826507760896,1789658826555607955,0,d4:bd:4f:61:e5:72,CESI_Robots,-56.0,2462.0,0
1789658822891031040,1789658826507760896,1789658826555607955,0,d4:bd:4f:61:e5:71,CESI_HotSpot,-54.0,2462.0,0
1789658822891031040,1789658826507760896,1789658826555607955,0,d4:bd:4f:a1:f4:50,CESI_Corp,-81.0,5180.0,0
1789658822891031040,1789658826507760896,1789658826555607955,0,d4:bd:4f:a1:f4:51,CESI_HotSpot,-81.0,5180.0,0
1789658822891031040,1789658826507760896,1789658826555607955,0,d4:bd:4f:a1:f4:52,CESI_Robots,-81.0,5180.0,0
1789658822891031040,1789658826507760896,1789658826555607955,0,d4:bd:4f:a1:f4:53,CESI_Recherche,-82.0,5180.0,0
1789658822891031040,1789658826507760896,1789658826555607955,0,d4:bd:4f:a1:f4:54,CESI_Iot,-81.0,5180.0,0
1789658822891031040,1789658826507760896,1789658826555607955,0,d4:bd:4f:60:d2:d4,CESI_Iot,-67.0,2462.0,8280
1789658822891031040,1789658826507760896,1789658826555607955,0,2c:5a:0f:e5:7f:e0,eduspot,-58.0,2412.0,29088
1789658822891031040,1789658826507760896,1789658826555607955,0,d4:bd:4f:a1:d5:93,CESI_Recherche,-86.0,5260.0,0
1789658822891031040,1789658826507760896,1789658826555607955,0,d4:bd:4f:a1:d5:90,CESI_Corp,-88.0,5260.0,0
1789658822891031040,1789658826507760896,1789658826555607955,0,d4:bd:4f:a1:d5:91,CESI_HotSpot,-88.0,5260.0,0
1789658822891031040,1789658826507760896,1789658826555607955,0,d4:bd:4f:a1:d5:92,CESI_Robots,-88.0,5260.0,0
1789658822891031040,1789658826507760896,1789658826555607955,0,d4:bd:4f:a1:d5:94,CESI_Iot,-88.0,5260.0,0
1789658822891031040,1789658826507760896,1789658826555607955,0,d4:bd:4f:a1:a9:70,CESI_Corp,-83.0,5260.0,20760
1789658822891031040,1789658826507760896,1789658826555607955,0,d4:bd:4f:61:91:c4,CESI_Iot,-67.0,2462.0,0
1789658822891031040,1789658826507760896,1789658826555607955,0,38:9d:92:35:3d:10,EB353D10-EE89sIDJqG1AOAj,-76.0,2462.0,4160
1789658822891031040,1789658826507760896,1789658826555607955,0,d4:bd:4f:61:d5:90,CESI_Corp,-77.0,2462.0,29088
1789658822891031040,1789658826507760896,1789658826555607955,0,2c:5a:0f:e5:7f:e1,eduroam,-59.0,2412.0,29088
1789658822891031040,1789658826507760896,1789658826555607955,0,2c:5a:0f:e5:7f:ee,eduroam,-74.0,5180.0,0
1789658822891031040,1789658826507760896,1789658826555607955,0,d4:bd:4f:a0:5d:90,CESI_Corp,-91.0,5260.0,16576
1789658822891031040,1789658826507760896,1789658826555607955,0,d4:bd:4f:a1:a9:72,CESI_Robots,-83.0,5260.0,0
1789658822891031040,1789658826507760896,1789658826555607955,0,d4:bd:4f:a1:a9:74,CESI_Iot,-82.0,5260.0,0
1789658822891031040,1789658826507760896,1789658826555607955,0,32:24:a9:e8:3e:7f,DIRECT-7F-HP OfficeJet Pro 9010,-76.0,2437.0,4160
1789658822891031040,1789658826507760896,1789658826555607955,0,8e:97:ea:a4:87:85,,-90.0,5200.0,24912
1789658822891031040,1789658826507760896,1789658826555607955,0,0e:7e:24:f0:77:8c,MINI 57356,-88.0,5220.0,12464
1789658822891031040,1789658826507760896,1789658826555607955,0,d4:bd:4f:a1:a9:71,CESI_HotSpot,-88.0,5260.0,8280
1789658822891031040,1789658826507760896,1789658826555607955,0,d4:bd:4f:a1:91:30,CESI_Corp,-87.0,5260.0,4160
1789658822891031040,1789658826507760896,1789658826555607955,0,d4:bd:4f:a1:91:31,CESI_HotSpot,-90.0,5260.0,4160
1789658822891031040,1789658826507760896,1789658826555607955,0,d4:bd:4f:a1:91:32,CESI_Robots,-90.0,5260.0,4160
1789658822891031040,1789658826507760896,1789658826555607955,0,d4:bd:4f:a1:91:33,CESI_Recherche,-89.0,5260.0,4160
1789658822891031040,1789658826507760896,1789658826555607955,0,d4:bd:4f:a1:91:34,CESI_Iot,-89.0,5260.0,4160
1789658822891031040,1789658826507760896,1789658826555607955,0,d4:bd:4f:a1:a9:73,CESI_Recherche,-82.0,5260.0,0
1789658827058164992,1789658830660114176,1789658830703094269,1,02:91:9e:71:b0:15,poppy_net,-29.0,2412.0,0
1789658827058164992,1789658830660114176,1789658830703094269,1,32:0d:cb:9d:dd:f0,iPhone moe b,-35.0,2412.0,0
1789658827058164992,1789658830660114176,1789658830703094269,1,7c:26:64:69:50:05,,-85.0,5320.0,0
1789658827058164992,1789658830660114176,1789658830703094269,1,d4:bd:4f:a0:d2:d0,CESI_Corp,-62.0,5260.0,0
1789658827058164992,1789658830660114176,1789658830703094269,1,d4:bd:4f:a0:d2:d1,CESI_HotSpot,-62.0,5260.0,0
1789658827058164992,1789658830660114176,1789658830703094269,1,d4:bd:4f:a0:d2:d2,CESI_Robots,-62.0,5260.0,0
1789658827058164992,1789658830660114176,1789658830703094269,1,d4:bd:4f:a0:d2:d3,CESI_Recherche,-62.0,5260.0,0
1789658827058164992,1789658830660114176,1789658830703094269,1,d4:bd:4f:a0:d2:d4,CESI_Iot,-62.0,5260.0,0
1789658827058164992,1789658830660114176,1789658830703094269,1,d4:bd:4f:60:d2:d0,CESI_Corp,-66.0,2462.0,12432
1789658827058164992,1789658830660114176,1789658830703094269,1,d4:bd:4f:60:d2:d2,CESI_Robots,-69.0,2462.0,0
1789658827058164992,1789658830660114176,1789658830703094269,1,d4:bd:4f:60:d2:d1,CESI_HotSpot,-61.0,2462.0,4152
1789658827058164992,1789658830660114176,1789658830703094269,1,d4:bd:4f:60:d2:d3,CESI_Recherche,-69.0,2462.0,0
1789658827058164992,1789658830660114176,1789658830703094269,1,d4:bd:4f:a1:91:c1,CESI_HotSpot,-72.0,5260.0,0
1789658827058164992,1789658830660114176,1789658830703094269,1,d4:bd:4f:a1:91:c2,CESI_Robots,-72.0,5260.0,0
1789658827058164992,1789658830660114176,1789658830703094269,1,d4:bd:4f:a1:91:c3,CESI_Recherche,-72.0,5260.0,0
1789658827058164992,1789658830660114176,1789658830703094269,1,d4:bd:4f:a1:91:c0,CESI_Corp,-72.0,5260.0,0
1789658827058164992,1789658830660114176,1789658830703094269,1,d4:bd:4f:a1:91:c4,CESI_Iot,-72.0,5260.0,0
1789658827058164992,1789658830660114176,1789658830703094269,1,d4:bd:4f:61:91:c3,CESI_Recherche,-67.0,2462.0,4152
1789658827058164992,1789658830660114176,1789658830703094269,1,2c:5a:0f:e5:7f:ef,eduspot,-77.0,5180.0,0
1789658827058164992,1789658830660114176,1789658830703094269,1,d4:bd:4f:a1:e5:74,CESI_Iot,-59.0,5260.0,0
1789658827058164992,1789658830660114176,1789658830703094269,1,d4:bd:4f:61:91:c0,CESI_Corp,-67.0,2462.0,4152
1789658827058164992,1789658830660114176,1789658830703094269,1,d4:bd:4f:61:91:c1,CESI_HotSpot,-67.0,2462.0,4152
1789658827058164992,1789658830660114176,1789658830703094269,1,d4:bd:4f:61:91:c2,CESI_Robots,-71.0,2462.0,12432
1789658827058164992,1789658830660114176,1789658830703094269,1,d4:bd:4f:a1:e5:70,CESI_Corp,-59.0,5260.0,0
1789658827058164992,1789658830660114176,1789658830703094269,1,d4:bd:4f:a1:e5:71,CESI_HotSpot,-60.0,5260.0,0
1789658827058164992,1789658830660114176,1789658830703094269,1,d4:bd:4f:a1:e5:72,CESI_Robots,-59.0,5260.0,0
1789658827058164992,1789658830660114176,1789658830703094269,1,d4:bd:4f:a1:e5:73,CESI_Recherche,-59.0,5260.0,0
1789658827058164992,1789658830660114176,1789658830703094269,1,d4:bd:4f:61:e5:70,CESI_Corp,-56.0,2462.0,0
1789658827058164992,1789658830660114176,1789658830703094269,1,d4:bd:4f:61:e5:73,CESI_Recherche,-54.0,2462.0,0
1789658827058164992,1789658830660114176,1789658830703094269,1,d4:bd:4f:61:e5:74,CESI_Iot,-54.0,2462.0,0
1789658827058164992,1789658830660114176,1789658830703094269,1,d4:bd:4f:61:e5:72,CESI_Robots,-54.0,2462.0,0
1789658827058164992,1789658830660114176,1789658830703094269,1,d4:bd:4f:61:e5:71,CESI_HotSpot,-54.0,2462.0,0
1789658827058164992,1789658830660114176,1789658830703094269,1,d4:bd:4f:a1:f4:50,CESI_Corp,-79.0,5180.0,0
1789658827058164992,1789658830660114176,1789658830703094269,1,d4:bd:4f:a1:f4:51,CESI_HotSpot,-79.0,5180.0,4
1789658827058164992,1789658830660114176,1789658830703094269,1,d4:bd:4f:a1:f4:52,CESI_Robots,-80.0,5180.0,4
1789658827058164992,1789658830660114176,1789658830703094269,1,d4:bd:4f:a1:f4:53,CESI_Recherche,-80.0,5180.0,4
1789658827058164992,1789658830660114176,1789658830703094269,1,d4:bd:4f:a1:f4:54,CESI_Iot,-80.0,5180.0,4
1789658827058164992,1789658830660114176,1789658830703094269,1,d4:bd:4f:60:d2:d4,CESI_Iot,-67.0,2462.0,12436
1789658827058164992,1789658830660114176,1789658830703094269,1,d4:bd:4f:a1:d5:93,CESI_Recherche,-86.0,5260.0,4156
1789658827058164992,1789658830660114176,1789658830703094269,1,d4:bd:4f:a1:d5:90,CESI_Corp,-88.0,5260.0,4156
1789658827058164992,1789658830660114176,1789658830703094269,1,d4:bd:4f:a1:d5:91,CESI_HotSpot,-88.0,5260.0,4156
1789658827058164992,1789658830660114176,1789658830703094269,1,d4:bd:4f:a1:d5:92,CESI_Robots,-88.0,5260.0,4156
1789658827058164992,1789658830660114176,1789658830703094269,1,d4:bd:4f:a1:d5:94,CESI_Iot,-88.0,5260.0,4156
1789658827058164992,1789658830660114176,1789658830703094269,1,d4:bd:4f:a1:a9:70,CESI_Corp,-83.0,5260.0,24916
1789658827058164992,1789658830660114176,1789658830703094269,1,d4:bd:4f:61:91:c4,CESI_Iot,-67.0,2462.0,4156
1789658827058164992,1789658830660114176,1789658830703094269,1,38:9d:92:35:3d:10,EB353D10-EE89sIDJqG1AOAj,-76.0,2462.0,8316
1789658827058164992,1789658830660114176,1789658830703094269,1,2c:5a:0f:e5:7f:ee,eduroam,-76.0,5180.0,4
1789658827058164992,1789658830660114176,1789658830703094269,1,d4:bd:4f:a0:5d:90,CESI_Corp,-91.0,5260.0,20732
1789658827058164992,1789658830660114176,1789658830703094269,1,d4:bd:4f:a1:a9:72,CESI_Robots,-83.0,5260.0,4156
1789658827058164992,1789658830660114176,1789658830703094269,1,d4:bd:4f:a1:a9:74,CESI_Iot,-82.0,5260.0,4156
1789658827058164992,1789658830660114176,1789658830703094269,1,32:24:a9:e8:3e:7f,DIRECT-7F-HP OfficeJet Pro 9010,-76.0,2437.0,8316
1789658827058164992,1789658830660114176,1789658830703094269,1,8e:97:ea:a4:87:85,,-90.0,5200.0,29068
1789658827058164992,1789658830660114176,1789658830703094269,1,0e:7e:24:f0:77:8c,MINI 57356,-88.0,5220.0,16620
1789658827058164992,1789658830660114176,1789658830703094269,1,d4:bd:4f:a1:a9:71,CESI_HotSpot,-88.0,5260.0,12436
1789658827058164992,1789658830660114176,1789658830703094269,1,d4:bd:4f:a1:91:30,CESI_Corp,-87.0,5260.0,8316
1789658827058164992,1789658830660114176,1789658830703094269,1,d4:bd:4f:a1:91:31,CESI_HotSpot,-90.0,5260.0,8316
1789658827058164992,1789658830660114176,1789658830703094269,1,d4:bd:4f:a1:91:32,CESI_Robots,-90.0,5260.0,8316
1789658827058164992,1789658830660114176,1789658830703094269,1,d4:bd:4f:a1:91:33,CESI_Recherche,-89.0,5260.0,8316
1789658827058164992,1789658830660114176,1789658830703094269,1,d4:bd:4f:a1:91:34,CESI_Iot,-89.0,5260.0,8316
1789658827058164992,1789658830660114176,1789658830703094269,1,d4:bd:4f:a1:a9:73,CESI_Recherche,-82.0,5260.0,4156
1789658831205284096,1789658834834240000,1789658834883422358,2,02:91:9e:71:b0:15,poppy_net,-36.0,2412.0,4
1789658831205284096,1789658834834240000,1789658834883422358,2,32:0d:cb:9d:dd:f0,iPhone moe b,-42.0,2412.0,4
1789658831205284096,1789658834834240000,1789658834883422358,2,7c:26:64:69:50:05,,-87.0,5320.0,4
1789658831205284096,1789658834834240000,1789658834883422358,2,d4:bd:4f:a0:d2:d0,CESI_Corp,-67.0,5260.0,4
1789658831205284096,1789658834834240000,1789658834883422358,2,d4:bd:4f:a0:d2:d1,CESI_HotSpot,-66.0,5260.0,4
1789658831205284096,1789658834834240000,1789658834883422358,2,d4:bd:4f:a0:d2:d2,CESI_Robots,-67.0,5260.0,4
1789658831205284096,1789658834834240000,1789658834883422358,2,d4:bd:4f:a0:d2:d3,CESI_Recherche,-67.0,5260.0,4
1789658831205284096,1789658834834240000,1789658834883422358,2,d4:bd:4f:a0:d2:d4,CESI_Iot,-67.0,5260.0,4
1789658831205284096,1789658834834240000,1789658834883422358,2,d4:bd:4f:60:d2:d0,CESI_Corp,-61.0,2462.0,4
1789658831205284096,1789658834834240000,1789658834883422358,2,d4:bd:4f:60:d2:d2,CESI_Robots,-63.0,2462.0,4
1789658831205284096,1789658834834240000,1789658834883422358,2,d4:bd:4f:60:d2:d1,CESI_HotSpot,-61.0,2462.0,8328
1789658831205284096,1789658834834240000,1789658834883422358,2,d4:bd:4f:60:d2:d3,CESI_Recherche,-61.0,2462.0,4
1789658831205284096,1789658834834240000,1789658834883422358,2,d4:bd:4f:a1:91:c1,CESI_HotSpot,-74.0,5260.0,4
1789658831205284096,1789658834834240000,1789658834883422358,2,d4:bd:4f:a1:91:c2,CESI_Robots,-74.0,5260.0,4
1789658831205284096,1789658834834240000,1789658834883422358,2,d4:bd:4f:a1:91:c3,CESI_Recherche,-74.0,5260.0,4
1789658831205284096,1789658834834240000,1789658834883422358,2,d4:bd:4f:a1:91:c0,CESI_Corp,-75.0,5260.0,4
1789658831205284096,1789658834834240000,1789658834883422358,2,d4:bd:4f:a1:91:c4,CESI_Iot,-74.0,5260.0,4
1789658831205284096,1789658834834240000,1789658834883422358,2,d4:bd:4f:61:91:c3,CESI_Recherche,-67.0,2462.0,8328
1789658831205284096,1789658834834240000,1789658834883422358,2,2c:5a:0f:e5:7f:ef,eduspot,-72.0,5180.0,4
1789658831205284096,1789658834834240000,1789658834883422358,2,d4:bd:4f:a1:e5:74,CESI_Iot,-55.0,5260.0,4
1789658831205284096,1789658834834240000,1789658834883422358,2,d4:bd:4f:61:91:c0,CESI_Corp,-67.0,2462.0,8328
1789658831205284096,1789658834834240000,1789658834883422358,2,d4:bd:4f:61:91:c1,CESI_HotSpot,-67.0,2462.0,8328
1789658831205284096,1789658834834240000,1789658834883422358,2,d4:bd:4f:61:91:c2,CESI_Robots,-71.0,2462.0,16608
1789658831205284096,1789658834834240000,1789658834883422358,2,d4:bd:4f:a1:e5:70,CESI_Corp,-54.0,5260.0,4
1789658831205284096,1789658834834240000,1789658834883422358,2,d4:bd:4f:a1:e5:71,CESI_HotSpot,-54.0,5260.0,4
1789658831205284096,1789658834834240000,1789658834883422358,2,d4:bd:4f:a1:e5:72,CESI_Robots,-54.0,5260.0,4
1789658831205284096,1789658834834240000,1789658834883422358,2,d4:bd:4f:a1:e5:73,CESI_Recherche,-54.0,5260.0,4
1789658831205284096,1789658834834240000,1789658834883422358,2,d4:bd:4f:61:e5:70,CESI_Corp,-56.0,2462.0,4
1789658831205284096,1789658834834240000,1789658834883422358,2,d4:bd:4f:61:e5:73,CESI_Recherche,-56.0,2462.0,4
1789658831205284096,1789658834834240000,1789658834883422358,2,d4:bd:4f:61:e5:74,CESI_Iot,-54.0,2462.0,4
1789658831205284096,1789658834834240000,1789658834883422358,2,d4:bd:4f:61:e5:72,CESI_Robots,-57.0,2462.0,4
1789658831205284096,1789658834834240000,1789658834883422358,2,d4:bd:4f:61:e5:71,CESI_HotSpot,-56.0,2462.0,4
1789658831205284096,1789658834834240000,1789658834883422358,2,d4:bd:4f:a1:f4:50,CESI_Corp,-77.0,5180.0,4
1789658831205284096,1789658834834240000,1789658834883422358,2,d4:bd:4f:a1:f4:51,CESI_HotSpot,-77.0,5180.0,4
1789658831205284096,1789658834834240000,1789658834883422358,2,d4:bd:4f:a1:f4:52,CESI_Robots,-77.0,5180.0,4
1789658831205284096,1789658834834240000,1789658834883422358,2,d4:bd:4f:a1:f4:53,CESI_Recherche,-77.0,5180.0,4
1789658831205284096,1789658834834240000,1789658834883422358,2,d4:bd:4f:a1:f4:54,CESI_Iot,-77.0,5180.0,4
1789658831205284096,1789658834834240000,1789658834883422358,2,d4:bd:4f:60:d2:d4,CESI_Iot,-67.0,2462.0,16608
1789658831205284096,1789658834834240000,1789658834883422358,2,d4:bd:4f:a1:d5:93,CESI_Recherche,-86.0,5260.0,8328
1789658831205284096,1789658834834240000,1789658834883422358,2,d4:bd:4f:a1:d5:90,CESI_Corp,-88.0,5260.0,8328
1789658831205284096,1789658834834240000,1789658834883422358,2,d4:bd:4f:a1:d5:91,CESI_HotSpot,-88.0,5260.0,8328
1789658831205284096,1789658834834240000,1789658834883422358,2,d4:bd:4f:a1:d5:92,CESI_Robots,-88.0,5260.0,8328
1789658831205284096,1789658834834240000,1789658834883422358,2,d4:bd:4f:a1:d5:94,CESI_Iot,-88.0,5260.0,8328
1789658831205284096,1789658834834240000,1789658834883422358,2,d4:bd:4f:a1:a9:70,CESI_Corp,-83.0,5260.0,29088
1789658831205284096,1789658834834240000,1789658834883422358,2,d4:bd:4f:61:91:c4,CESI_Iot,-67.0,2462.0,8328
1789658831205284096,1789658834834240000,1789658834883422358,2,38:9d:92:35:3d:10,EB353D10-EE89sIDJqG1AOAj,-76.0,2462.0,12488
1789658831205284096,1789658834834240000,1789658834883422358,2,2c:5a:0f:e5:7f:ee,eduroam,-72.0,5180.0,4
1789658831205284096,1789658834834240000,1789658834883422358,2,d4:bd:4f:a0:5d:90,CESI_Corp,-91.0,5260.0,24904
1789658831205284096,1789658834834240000,1789658834883422358,2,d4:bd:4f:a1:a9:72,CESI_Robots,-83.0,5260.0,8328
1789658831205284096,1789658834834240000,1789658834883422358,2,d4:bd:4f:a1:a9:74,CESI_Iot,-82.0,5260.0,8328
1789658831205284096,1789658834834240000,1789658834883422358,2,32:24:a9:e8:3e:7f,DIRECT-7F-HP OfficeJet Pro 9010,-79.0,2437.0,4
1789658831205284096,1789658834834240000,1789658834883422358,2,0e:7e:24:f0:77:8c,MINI 57356,-88.0,5220.0,20792
1789658831205284096,1789658834834240000,1789658834883422358,2,d4:bd:4f:a1:a9:71,CESI_HotSpot,-88.0,5260.0,16608
1789658831205284096,1789658834834240000,1789658834883422358,2,d4:bd:4f:a1:91:30,CESI_Corp,-87.0,5260.0,12488
1789658831205284096,1789658834834240000,1789658834883422358,2,d4:bd:4f:a1:91:31,CESI_HotSpot,-90.0,5260.0,12488
1789658831205284096,1789658834834240000,1789658834883422358,2,d4:bd:4f:a1:91:32,CESI_Robots,-90.0,5260.0,12488
1789658831205284096,1789658834834240000,1789658834883422358,2,d4:bd:4f:a1:91:33,CESI_Recherche,-89.0,5260.0,12488
1789658831205284096,1789658834834240000,1789658834883422358,2,d4:bd:4f:a1:91:34,CESI_Iot,-89.0,5260.0,12488
1789658831205284096,1789658834834240000,1789658834883422358,2,d4:bd:4f:a1:a9:73,CESI_Recherche,-82.0,5260.0,8328
1789658835386542080,1789658838973881856,1789658839017319993,3,02:91:9e:71:b0:15,poppy_net,-37.0,2412.0,0
1789658835386542080,1789658838973881856,1789658839017319993,3,32:0d:cb:9d:dd:f0,iPhone moe b,-52.0,2412.0,0
1789658835386542080,1789658838973881856,1789658839017319993,3,7c:26:64:69:50:05,,-84.0,5320.0,0
1789658835386542080,1789658838973881856,1789658839017319993,3,d4:bd:4f:a0:d2:d0,CESI_Corp,-67.0,5260.0,4144
1789658835386542080,1789658838973881856,1789658839017319993,3,d4:bd:4f:a0:d2:d1,CESI_HotSpot,-66.0,5260.0,4144
1789658835386542080,1789658838973881856,1789658839017319993,3,d4:bd:4f:a0:d2:d2,CESI_Robots,-67.0,5260.0,4144
1789658835386542080,1789658838973881856,1789658839017319993,3,d4:bd:4f:a0:d2:d3,CESI_Recherche,-67.0,5260.0,4144
1789658835386542080,1789658838973881856,1789658839017319993,3,d4:bd:4f:a0:d2:d4,CESI_Iot,-67.0,5260.0,4144
1789658835386542080,1789658838973881856,1789658839017319993,3,d4:bd:4f:60:d2:d0,CESI_Corp,-66.0,2462.0,0
1789658835386542080,1789658838973881856,1789658839017319993,3,d4:bd:4f:60:d2:d2,CESI_Robots,-63.0,2462.0,4144
1789658835386542080,1789658838973881856,1789658839017319993,3,d4:bd:4f:60:d2:d1,CESI_HotSpot,-66.0,2462.0,0
1789658835386542080,1789658838973881856,1789658839017319993,3,d4:bd:4f:60:d2:d3,CESI_Recherche,-61.0,2462.0,4144
1789658835386542080,1789658838973881856,1789658839017319993,3,d4:bd:4f:a1:91:c1,CESI_HotSpot,-70.0,5260.0,0
1789658835386542080,1789658838973881856,1789658839017319993,3,d4:bd:4f:a1:91:c2,CESI_Robots,-70.0,5260.0,0
1789658835386542080,1789658838973881856,1789658839017319993,3,d4:bd:4f:a1:91:c3,CESI_Recherche,-71.0,5260.0,0
1789658835386542080,1789658838973881856,1789658839017319993,3,d4:bd:4f:a1:91:c0,CESI_Corp,-69.0,5260.0,0
1789658835386542080,1789658838973881856,1789658839017319993,3,d4:bd:4f:a1:91:c4,CESI_Iot,-71.0,5260.0,0
1789658835386542080,1789658838973881856,1789658839017319993,3,d4:bd:4f:61:91:c3,CESI_Recherche,-68.0,2462.0,0
1789658835386542080,1789658838973881856,1789658839017319993,3,2c:5a:0f:e5:7f:ef,eduspot,-69.0,5180.0,0
1789658835386542080,1789658838973881856,1789658839017319993,3,d4:bd:4f:a1:e5:74,CESI_Iot,-53.0,5260.0,0
1789658835386542080,1789658838973881856,1789658839017319993,3,d4:bd:4f:61:91:c0,CESI_Corp,-67.0,2462.0,0
1789658835386542080,1789658838973881856,1789658839017319993,3,d4:bd:4f:61:91:c1,CESI_HotSpot,-68.0,2462.0,0
1789658835386542080,1789658838973881856,1789658839017319993,3,d4:bd:4f:61:91:c2,CESI_Robots,-68.0,2462.0,0
1789658835386542080,1789658838973881856,1789658839017319993,3,d4:bd:4f:a1:e5:70,CESI_Corp,-53.0,5260.0,0
1789658835386542080,1789658838973881856,1789658839017319993,3,d4:bd:4f:a1:e5:71,CESI_HotSpot,-53.0,5260.0,0
1789658835386542080,1789658838973881856,1789658839017319993,3,d4:bd:4f:a1:e5:72,CESI_Robots,-53.0,5260.0,0
1789658835386542080,1789658838973881856,1789658839017319993,3,d4:bd:4f:a1:e5:73,CESI_Recherche,-53.0,5260.0,0
1789658835386542080,1789658838973881856,1789658839017319993,3,d4:bd:4f:61:e5:70,CESI_Corp,-48.0,2462.0,0
1789658835386542080,1789658838973881856,1789658839017319993,3,d4:bd:4f:61:e5:73,CESI_Recherche,-55.0,2462.0,0
1789658835386542080,1789658838973881856,1789658839017319993,3,d4:bd:4f:61:e5:74,CESI_Iot,-51.0,2462.0,0
1789658835386542080,1789658838973881856,1789658839017319993,3,d4:bd:4f:61:e5:72,CESI_Robots,-53.0,2462.0,0
1789658835386542080,1789658838973881856,1789658839017319993,3,d4:bd:4f:61:e5:71,CESI_HotSpot,-55.0,2462.0,0
1789658835386542080,1789658838973881856,1789658839017319993,3,d4:bd:4f:a1:f4:50,CESI_Corp,-76.0,5180.0,0
1789658835386542080,1789658838973881856,1789658839017319993,3,d4:bd:4f:a1:f4:51,CESI_HotSpot,-76.0,5180.0,0
1789658835386542080,1789658838973881856,1789658839017319993,3,d4:bd:4f:a1:f4:52,CESI_Robots,-76.0,5180.0,0
1789658835386542080,1789658838973881856,1789658839017319993,3,d4:bd:4f:a1:f4:53,CESI_Recherche,-76.0,5180.0,0
1789658835386542080,1789658838973881856,1789658839017319993,3,d4:bd:4f:a1:f4:54,CESI_Iot,-76.0,5180.0,0
1789658835386542080,1789658838973881856,1789658839017319993,3,d4:bd:4f:60:d2:d4,CESI_Iot,-67.0,2462.0,20748
1789658835386542080,1789658838973881856,1789658839017319993,3,d4:bd:4f:a1:d5:93,CESI_Recherche,-89.0,5260.0,0
1789658835386542080,1789658838973881856,1789658839017319993,3,d4:bd:4f:a1:d5:90,CESI_Corp,-88.0,5260.0,12468
1789658835386542080,1789658838973881856,1789658839017319993,3,d4:bd:4f:a1:d5:91,CESI_HotSpot,-88.0,5260.0,12468
1789658835386542080,1789658838973881856,1789658839017319993,3,d4:bd:4f:a1:d5:92,CESI_Robots,-88.0,5260.0,12468
1789658835386542080,1789658838973881856,1789658839017319993,3,d4:bd:4f:a1:d5:94,CESI_Iot,-89.0,5260.0,0
1789658835386542080,1789658838973881856,1789658839017319993,3,d4:bd:4f:a1:a9:70,CESI_Corp,-84.0,5260.0,0
1789658835386542080,1789658838973881856,1789658839017319993,3,d4:bd:4f:61:91:c4,CESI_Iot,-68.0,2462.0,0
1789658835386542080,1789658838973881856,1789658839017319993,3,38:9d:92:35:3d:10,EB353D10-EE89sIDJqG1AOAj,-76.0,2462.0,16628
1789658835386542080,1789658838973881856,1789658839017319993,3,2c:5a:0f:e5:7f:ee,eduroam,-69.0,5180.0,0
1789658835386542080,1789658838973881856,1789658839017319993,3,d4:bd:4f:a0:5d:90,CESI_Corp,-91.0,5260.0,29044
1789658835386542080,1789658838973881856,1789658839017319993,3,d4:bd:4f:a1:a9:72,CESI_Robots,-84.0,5260.0,0
1789658835386542080,1789658838973881856,1789658839017319993,3,d4:bd:4f:a1:a9:74,CESI_Iot,-84.0,5260.0,0
1789658835386542080,1789658838973881856,1789658839017319993,3,32:24:a9:e8:3e:7f,DIRECT-7F-HP OfficeJet Pro 9010,-73.0,2437.0,0
1789658835386542080,1789658838973881856,1789658839017319993,3,0e:7e:24:f0:77:8c,MINI 57356,-88.0,5220.0,24932
1789658835386542080,1789658838973881856,1789658839017319993,3,d4:bd:4f:a1:a9:71,CESI_HotSpot,-84.0,5260.0,0
1789658835386542080,1789658838973881856,1789658839017319993,3,d4:bd:4f:a1:91:30,CESI_Corp,-87.0,5260.0,16628
1789658835386542080,1789658838973881856,1789658839017319993,3,d4:bd:4f:a1:91:31,CESI_HotSpot,-90.0,5260.0,16628
1789658835386542080,1789658838973881856,1789658839017319993,3,d4:bd:4f:a1:91:32,CESI_Robots,-90.0,5260.0,16628
1789658835386542080,1789658838973881856,1789658839017319993,3,d4:bd:4f:a1:91:33,CESI_Recherche,-89.0,5260.0,16628
1789658835386542080,1789658838973881856,1789658839017319993,3,d4:bd:4f:a1:91:34,CESI_Iot,-89.0,5260.0,16628
1789658835386542080,1789658838973881856,1789658839017319993,3,d4:bd:4f:a1:a9:73,CESI_Recherche,-83.0,5260.0,0
1789658835386542080,1789658838973881856,1789658839017319993,3,d4:bd:4f:61:d5:93,CESI_Recherche,-79.0,2462.0,0
1789658835386542080,1789658838973881856,1789658839017319993,3,d4:bd:4f:61:d5:94,CESI_Iot,-80.0,2462.0,0
1789658835386542080,1789658838973881856,1789658839017319993,3,d4:bd:4f:61:a9:70,CESI_Corp,-81.0,2462.0,0
1789658839521820928,1789658843100368896,1789658843152120071,4,02:91:9e:71:b0:15,poppy_net,-35.0,2412.0,0
1789658839521820928,1789658843100368896,1789658843152120071,4,32:0d:cb:9d:dd:f0,iPhone moe b,-44.0,2412.0,0
1789658839521820928,1789658843100368896,1789658843152120071,4,7c:26:64:69:50:05,,-84.0,5320.0,0
1789658839521820928,1789658843100368896,1789658843152120071,4,d4:bd:4f:a0:d2:d0,CESI_Corp,-67.0,5260.0,0
1789658839521820928,1789658843100368896,1789658843152120071,4,d4:bd:4f:a0:d2:d1,CESI_HotSpot,-67.0,5260.0,0
1789658839521820928,1789658843100368896,1789658843152120071,4,d4:bd:4f:a0:d2:d2,CESI_Robots,-67.0,5260.0,0
1789658839521820928,1789658843100368896,1789658843152120071,4,d4:bd:4f:a0:d2:d3,CESI_Recherche,-67.0,5260.0,0
1789658839521820928,1789658843100368896,1789658843152120071,4,d4:bd:4f:a0:d2:d4,CESI_Iot,-67.0,5260.0,0
1789658839521820928,1789658843100368896,1789658843152120071,4,d4:bd:4f:60:d2:d0,CESI_Corp,-67.0,2462.0,0
1789658839521820928,1789658843100368896,1789658843152120071,4,d4:bd:4f:60:d2:d2,CESI_Robots,-67.0,2462.0,0
1789658839521820928,1789658843100368896,1789658843152120071,4,d4:bd:4f:60:d2:d1,CESI_HotSpot,-68.0,2462.0,0
1789658839521820928,1789658843100368896,1789658843152120071,4,d4:bd:4f:60:d2:d3,CESI_Recherche,-67.0,2462.0,0
1789658839521820928,1789658843100368896,1789658843152120071,4,d4:bd:4f:a1:91:c1,CESI_HotSpot,-73.0,5260.0,0
1789658839521820928,1789658843100368896,1789658843152120071,4,d4:bd:4f:a1:91:c2,CESI_Robots,-74.0,5260.0,0
1789658839521820928,1789658843100368896,1789658843152120071,4,d4:bd:4f:a1:91:c3,CESI_Recherche,-74.0,5260.0,0
1789658839521820928,1789658843100368896,1789658843152120071,4,d4:bd:4f:a1:91:c0,CESI_Corp,-73.0,5260.0,0
1789658839521820928,1789658843100368896,1789658843152120071,4,d4:bd:4f:a1:91:c4,CESI_Iot,-74.0,5260.0,0
1789658839521820928,1789658843100368896,1789658843152120071,4,d4:bd:4f:61:91:c3,CESI_Recherche,-68.0,2462.0,4124
1789658839521820928,1789658843100368896,1789658843152120071,4,2c:5a:0f:e5:7f:ef,eduspot,-71.0,5180.0,0
1789658839521820928,1789658843100368896,1789658843152120071,4,d4:bd:4f:a1:e5:74,CESI_Iot,-58.0,5260.0,0
1789658839521820928,1789658843100368896,1789658843152120071,4,d4:bd:4f:61:91:c0,CESI_Corp,-68.0,2462.0,0
1789658839521820928,1789658843100368896,1789658843152120071,4,d4:bd:4f:61:91:c1,CESI_HotSpot,-68.0,2462.0,0
1789658839521820928,1789658843100368896,1789658843152120071,4,d4:bd:4f:61:91:c2,CESI_Robots,-68.0,2462.0,4124
1789658839521820928,1789658843100368896,1789658843152120071,4,d4:bd:4f:a1:e5:70,CESI_Corp,-58.0,5260.0,0
1789658839521820928,1789658843100368896,1789658843152120071,4,d4:bd:4f:a1:e5:71,CESI_HotSpot,-57.0,5260.0,0
1789658839521820928,1789658843100368896,1789658843152120071,4,d4:bd:4f:a1:e5:72,CESI_Robots,-58.0,5260.0,0
1789658839521820928,1789658843100368896,1789658843152120071,4,d4:bd:4f:a1:e5:73,CESI_Recherche,-58.0,5260.0,0
1789658839521820928,1789658843100368896,1789658843152120071,4,d4:bd:4f:61:e5:70,CESI_Corp,-50.0,2462.0,0
1789658839521820928,1789658843100368896,1789658843152120071,4,d4:bd:4f:61:e5:73,CESI_Recherche,-49.0,2462.0,0
1789658839521820928,1789658843100368896,1789658843152120071,4,d4:bd:4f:61:e5:74,CESI_Iot,-51.0,2462.0,0
1789658839521820928,1789658843100368896,1789658843152120071,4,d4:bd:4f:61:e5:72,CESI_Robots,-45.0,2462.0,0
1789658839521820928,1789658843100368896,1789658843152120071,4,d4:bd:4f:61:e5:71,CESI_HotSpot,-50.0,2462.0,0
1789658839521820928,1789658843100368896,1789658843152120071,4,d4:bd:4f:a1:f4:50,CESI_Corp,-78.0,5180.0,0
1789658839521820928,1789658843100368896,1789658843152120071,4,d4:bd:4f:a1:f4:51,CESI_HotSpot,-79.0,5180.0,0
1789658839521820928,1789658843100368896,1789658843152120071,4,d4:bd:4f:a1:f4:52,CESI_Robots,-78.0,5180.0,0
1789658839521820928,1789658843100368896,1789658843152120071,4,d4:bd:4f:a1:f4:53,CESI_Recherche,-79.0,5180.0,0
1789658839521820928,1789658843100368896,1789658843152120071,4,d4:bd:4f:a1:f4:54,CESI_Iot,-78.0,5180.0,0
1789658839521820928,1789658843100368896,1789658843152120071,4,d4:bd:4f:60:d2:d4,CESI_Iot,-67.0,2462.0,0
1789658839521820928,1789658843100368896,1789658843152120071,4,d4:bd:4f:a1:d5:93,CESI_Recherche,-89.0,5260.0,4124
1789658839521820928,1789658843100368896,1789658843152120071,4,d4:bd:4f:a1:d5:90,CESI_Corp,-88.0,5260.0,16592
1789658839521820928,1789658843100368896,1789658843152120071,4,d4:bd:4f:a1:d5:91,CESI_HotSpot,-88.0,5260.0,16592
1789658839521820928,1789658843100368896,1789658843152120071,4,d4:bd:4f:a1:d5:92,CESI_Robots,-88.0,5260.0,16592
1789658839521820928,1789658843100368896,1789658843152120071,4,d4:bd:4f:a1:d5:94,CESI_Iot,-89.0,5260.0,4124
1789658839521820928,1789658843100368896,1789658843152120071,4,d4:bd:4f:a1:a9:70,CESI_Corp,-84.0,5260.0,4124
1789658839521820928,1789658843100368896,1789658843152120071,4,d4:bd:4f:61:91:c4,CESI_Iot,-68.0,2462.0,4124
1789658839521820928,1789658843100368896,1789658843152120071,4,38:9d:92:35:3d:10,EB353D10-EE89sIDJqG1AOAj,-76.0,2462.0,20752
1789658839521820928,1789658843100368896,1789658843152120071,4,2c:5a:0f:e5:7f:ee,eduroam,-71.0,5180.0,0
1789658839521820928,1789658843100368896,1789658843152120071,4,d4:bd:4f:a0:5d:90,CESI_Corp,-90.0,5260.0,0
1789658839521820928,1789658843100368896,1789658843152120071,4,d4:bd:4f:a1:a9:72,CESI_Robots,-84.0,5260.0,4124
1789658839521820928,1789658843100368896,1789658843152120071,4,d4:bd:4f:a1:a9:74,CESI_Iot,-84.0,5260.0,4124
1789658839521820928,1789658843100368896,1789658843152120071,4,32:24:a9:e8:3e:7f,DIRECT-7F-HP OfficeJet Pro 9010,-77.0,2437.0,0
1789658839521820928,1789658843100368896,1789658843152120071,4,0e:7e:24:f0:77:8c,MINI 57356,-88.0,5220.0,29056
1789658839521820928,1789658843100368896,1789658843152120071,4,d4:bd:4f:a1:a9:71,CESI_HotSpot,-84.0,5260.0,4124
1789658839521820928,1789658843100368896,1789658843152120071,4,d4:bd:4f:a1:91:30,CESI_Corp,-87.0,5260.0,20752
1789658839521820928,1789658843100368896,1789658843152120071,4,d4:bd:4f:a1:91:31,CESI_HotSpot,-90.0,5260.0,20752
1789658839521820928,1789658843100368896,1789658843152120071,4,d4:bd:4f:a1:91:32,CESI_Robots,-90.0,5260.0,20752
1789658839521820928,1789658843100368896,1789658843152120071,4,d4:bd:4f:a1:91:33,CESI_Recherche,-89.0,5260.0,20752
1789658839521820928,1789658843100368896,1789658843152120071,4,d4:bd:4f:a1:91:34,CESI_Iot,-89.0,5260.0,20752
1789658839521820928,1789658843100368896,1789658843152120071,4,d4:bd:4f:a1:a9:73,CESI_Recherche,-83.0,5260.0,4124
1789658839521820928,1789658843100368896,1789658843152120071,4,d4:bd:4f:61:d5:93,CESI_Recherche,-79.0,2462.0,4124
1789658839521820928,1789658843100368896,1789658843152120071,4,d4:bd:4f:61:d5:94,CESI_Iot,-80.0,2462.0,4124
1789658839521820928,1789658843100368896,1789658843152120071,4,d4:bd:4f:61:a9:70,CESI_Corp,-81.0,2462.0,4124
1789658843651504128,1789658847216212992,1789658847259149917,5,02:91:9e:71:b0:15,poppy_net,-32.0,2412.0,0
1789658843651504128,1789658847216212992,1789658847259149917,5,32:0d:cb:9d:dd:f0,iPhone moe b,-47.0,2412.0,0
1789658843651504128,1789658847216212992,1789658847259149917,5,7c:26:64:69:50:05,,-82.0,5320.0,0
1789658843651504128,1789658847216212992,1789658847259149917,5,d4:bd:4f:a0:d2:d0,CESI_Corp,-73.0,5260.0,0
1789658843651504128,1789658847216212992,1789658847259149917,5,d4:bd:4f:a0:d2:d1,CESI_HotSpot,-73.0,5260.0,0
1789658843651504128,1789658847216212992,1789658847259149917,5,d4:bd:4f:a0:d2:d2,CESI_Robots,-72.0,5260.0,0
1789658843651504128,1789658847216212992,1789658847259149917,5,d4:bd:4f:a0:d2:d3,CESI_Recherche,-73.0,5260.0,0
1789658843651504128,1789658847216212992,1789658847259149917,5,d4:bd:4f:a0:d2:d4,CESI_Iot,-73.0,5260.0,0
1789658843651504128,1789658847216212992,1789658847259149917,5,d4:bd:4f:60:d2:d0,CESI_Corp,-67.0,2462.0,4120
1789658843651504128,1789658847216212992,1789658847259149917,5,d4:bd:4f:60:d2:d2,CESI_Robots,-67.0,2462.0,4120
1789658843651504128,1789658847216212992,1789658847259149917,5,d4:bd:4f:60:d2:d1,CESI_HotSpot,-68.0,2462.0,4120
1789658843651504128,1789658847216212992,1789658847259149917,5,d4:bd:4f:60:d2:d3,CESI_Recherche,-67.0,2462.0,4120
1789658843651504128,1789658847216212992,1789658847259149917,5,d4:bd:4f:a1:91:c1,CESI_HotSpot,-76.0,5260.0,0
1789658843651504128,1789658847216212992,1789658847259149917,5,d4:bd:4f:a1:91:c2,CESI_Robots,-76.0,5260.0,0
1789658843651504128,1789658847216212992,1789658847259149917,5,d4:bd:4f:a1:91:c3,CESI_Recherche,-77.0,5260.0,0
1789658843651504128,1789658847216212992,1789658847259149917,5,d4:bd:4f:a1:91:c0,CESI_Corp,-76.0,5260.0,0
1789658843651504128,1789658847216212992,1789658847259149917,5,d4:bd:4f:a1:91:c4,CESI_Iot,-78.0,5260.0,0
1789658843651504128,1789658847216212992,1789658847259149917,5,d4:bd:4f:61:91:c3,CESI_Recherche,-68.0,2462.0,8244
1789658843651504128,1789658847216212992,1789658847259149917,5,2c:5a:0f:e5:7f:ef,eduspot,-66.0,5180.0,0
1789658843651504128,1789658847216212992,1789658847259149917,5,d4:bd:4f:a1:e5:74,CESI_Iot,-60.0,5260.0,0
1789658843651504128,1789658847216212992,1789658847259149917,5,d4:bd:4f:61:91:c0,CESI_Corp,-67.0,2462.0,0
1789658843651504128,1789658847216212992,1789658847259149917,5,d4:bd:4f:61:91:c1,CESI_HotSpot,-67.0,2462.0,0
1789658843651504128,1789658847216212992,1789658847259149917,5,d4:bd:4f:61:91:c2,CESI_Robots,-66.0,2462.0,0
1789658843651504128,1789658847216212992,1789658847259149917,5,d4:bd:4f:a1:e5:70,CESI_Corp,-60.0,5260.0,0
1789658843651504128,1789658847216212992,1789658847259149917,5,d4:bd:4f:a1:e5:71,CESI_HotSpot,-61.0,5260.0,0
1789658843651504128,1789658847216212992,1789658847259149917,5,d4:bd:4f:a1:e5:72,CESI_Robots,-60.0,5260.0,0
1789658843651504128,1789658847216212992,1789658847259149917,5,d4:bd:4f:a1:e5:73,CESI_Recherche,-61.0,5260.0,0
1789658843651504128,1789658847216212992,1789658847259149917,5,d4:bd:4f:61:e5:70,CESI_Corp,-52.0,2462.0,0
1789658843651504128,1789658847216212992,1789658847259149917,5,d4:bd:4f:61:e5:73,CESI_Recherche,-53.0,2462.0,0
1789658843651504128,1789658847216212992,1789658847259149917,5,d4:bd:4f:61:e5:74,CESI_Iot,-52.0,2462.0,0
1789658843651504128,1789658847216212992,1789658847259149917,5,d4:bd:4f:61:e5:72,CESI_Robots,-52.0,2462.0,0
1789658843651504128,1789658847216212992,1789658847259149917,5,d4:bd:4f:61:e5:71,CESI_HotSpot,-51.0,2462.0,0
1789658843651504128,1789658847216212992,1789658847259149917,5,d4:bd:4f:a1:f4:50,CESI_Corp,-77.0,5180.0,0
1789658843651504128,1789658847216212992,1789658847259149917,5,d4:bd:4f:a1:f4:51,CESI_HotSpot,-78.0,5180.0,0
1789658843651504128,1789658847216212992,1789658847259149917,5,d4:bd:4f:a1:f4:52,CESI_Robots,-78.0,5180.0,0
1789658843651504128,1789658847216212992,1789658847259149917,5,d4:bd:4f:a1:f4:53,CESI_Recherche,-78.0,5180.0,0
1789658843651504128,1789658847216212992,1789658847259149917,5,d4:bd:4f:a1:f4:54,CESI_Iot,-77.0,5180.0,0
1789658843651504128,1789658847216212992,1789658847259149917,5,d4:bd:4f:60:d2:d4,CESI_Iot,-67.0,2462.0,0
1789658843651504128,1789658847216212992,1789658847259149917,5,d4:bd:4f:a1:d5:93,CESI_Recherche,-89.0,5260.0,8244
1789658843651504128,1789658847216212992,1789658847259149917,5,d4:bd:4f:a1:d5:90,CESI_Corp,-88.0,5260.0,20712
1789658843651504128,1789658847216212992,1789658847259149917,5,d4:bd:4f:a1:d5:91,CESI_HotSpot,-88.0,5260.0,20712
1789658843651504128,1789658847216212992,1789658847259149917,5,d4:bd:4f:a1:d5:92,CESI_Robots,-88.0,5260.0,20712
1789658843651504128,1789658847216212992,1789658847259149917,5,d4:bd:4f:a1:d5:94,CESI_Iot,-89.0,5260.0,8244
1789658843651504128,1789658847216212992,1789658847259149917,5,d4:bd:4f:a1:a9:70,CESI_Corp,-84.0,5260.0,8244
1789658843651504128,1789658847216212992,1789658847259149917,5,d4:bd:4f:61:91:c4,CESI_Iot,-67.0,2462.0,0
1789658843651504128,1789658847216212992,1789658847259149917,5,38:9d:92:35:3d:10,EB353D10-EE89sIDJqG1AOAj,-76.0,2462.0,24872
1789658843651504128,1789658847216212992,1789658847259149917,5,2c:5a:0f:e5:7f:ee,eduroam,-67.0,5180.0,0
1789658843651504128,1789658847216212992,1789658847259149917,5,d4:bd:4f:a0:5d:90,CESI_Corp,-90.0,5260.0,4120
1789658843651504128,1789658847216212992,1789658847259149917,5,d4:bd:4f:a1:a9:72,CESI_Robots,-84.0,5260.0,8244
1789658843651504128,1789658847216212992,1789658847259149917,5,d4:bd:4f:a1:a9:74,CESI_Iot,-84.0,5260.0,8244
1789658843651504128,1789658847216212992,1789658847259149917,5,32:24:a9:e8:3e:7f,DIRECT-7F-HP OfficeJet Pro 9010,-75.0,2437.0,0
1789658843651504128,1789658847216212992,1789658847259149917,5,d4:bd:4f:a1:a9:71,CESI_HotSpot,-84.0,5260.0,8244
1789658843651504128,1789658847216212992,1789658847259149917,5,d4:bd:4f:a1:91:30,CESI_Corp,-87.0,5260.0,24872
1789658843651504128,1789658847216212992,1789658847259149917,5,d4:bd:4f:a1:91:31,CESI_HotSpot,-90.0,5260.0,24872
1789658843651504128,1789658847216212992,1789658847259149917,5,d4:bd:4f:a1:91:32,CESI_Robots,-90.0,5260.0,24872
1789658843651504128,1789658847216212992,1789658847259149917,5,d4:bd:4f:a1:91:33,CESI_Recherche,-89.0,5260.0,24872
1789658843651504128,1789658847216212992,1789658847259149917,5,d4:bd:4f:a1:91:34,CESI_Iot,-89.0,5260.0,24872
1789658843651504128,1789658847216212992,1789658847259149917,5,d4:bd:4f:a1:a9:73,CESI_Recherche,-83.0,5260.0,8244
1789658843651504128,1789658847216212992,1789658847259149917,5,d4:bd:4f:61:d5:93,CESI_Recherche,-79.0,2462.0,8244
1789658843651504128,1789658847216212992,1789658847259149917,5,d4:bd:4f:61:d5:94,CESI_Iot,-80.0,2462.0,8244
1789658843651504128,1789658847216212992,1789658847259149917,5,d4:bd:4f:61:a9:70,CESI_Corp,-81.0,2462.0,8244
1789658847762300928,1789658851402017024,1789658851453643600,6,02:91:9e:71:b0:15,poppy_net,-42.0,2412.0,0
1789658847762300928,1789658851402017024,1789658851453643600,6,32:0d:cb:9d:dd:f0,iPhone moe b,-44.0,2412.0,0
1789658847762300928,1789658851402017024,1789658851453643600,6,7c:26:64:69:50:05,,-80.0,5320.0,0
1789658847762300928,1789658851402017024,1789658851453643600,6,d4:bd:4f:a0:d2:d0,CESI_Corp,-71.0,5260.0,0
1789658847762300928,1789658851402017024,1789658851453643600,6,d4:bd:4f:a0:d2:d1,CESI_HotSpot,-71.0,5260.0,0
1789658847762300928,1789658851402017024,1789658851453643600,6,d4:bd:4f:a0:d2:d2,CESI_Robots,-71.0,5260.0,0
1789658847762300928,1789658851402017024,1789658851453643600,6,d4:bd:4f:a0:d2:d3,CESI_Recherche,-71.0,5260.0,0
1789658847762300928,1789658851402017024,1789658851453643600,6,d4:bd:4f:a0:d2:d4,CESI_Iot,-71.0,5260.0,0
1789658847762300928,1789658851402017024,1789658851453643600,6,d4:bd:4f:60:d2:d0,CESI_Corp,-66.0,2462.0,0
1789658847762300928,1789658851402017024,1789658851453643600,6,d4:bd:4f:60:d2:d2,CESI_Robots,-63.0,2462.0,0
1789658847762300928,1789658851402017024,1789658851453643600,6,d4:bd:4f:60:d2:d1,CESI_HotSpot,-67.0,2462.0,0
1789658847762300928,1789658851402017024,1789658851453643600,6,d4:bd:4f:60:d2:d3,CESI_Recherche,-67.0,2462.0,8304
1789658847762300928,1789658851402017024,1789658851453643600,6,d4:bd:4f:a1:91:c1,CESI_HotSpot,-73.0,5260.0,0
1789658847762300928,1789658851402017024,1789658851453643600,6,d4:bd:4f:a1:91:c2,CESI_Robots,-71.0,5260.0,0
1789658847762300928,1789658851402017024,1789658851453643600,6,d4:bd:4f:a1:91:c3,CESI_Recherche,-72.0,5260.0,0
1789658847762300928,1789658851402017024,1789658851453643600,6,d4:bd:4f:a1:91:c0,CESI_Corp,-72.0,5260.0,0
1789658847762300928,1789658851402017024,1789658851453643600,6,d4:bd:4f:a1:91:c4,CESI_Iot,-72.0,5260.0,0
1789658847762300928,1789658851402017024,1789658851453643600,6,d4:bd:4f:61:91:c3,CESI_Recherche,-68.0,2462.0,12428
1789658847762300928,1789658851402017024,1789658851453643600,6,2c:5a:0f:e5:7f:ef,eduspot,-71.0,5180.0,0
1789658847762300928,1789658851402017024,1789658851453643600,6,d4:bd:4f:a1:e5:74,CESI_Iot,-61.0,5260.0,0
1789658847762300928,1789658851402017024,1789658851453643600,6,d4:bd:4f:61:91:c0,CESI_Corp,-73.0,2462.0,0
1789658847762300928,1789658851402017024,1789658851453643600,6,d4:bd:4f:61:91:c1,CESI_HotSpot,-69.0,2462.0,0
1789658847762300928,1789658851402017024,1789658851453643600,6,d4:bd:4f:61:91:c2,CESI_Robots,-75.0,2462.0,0
1789658847762300928,1789658851402017024,1789658851453643600,6,d4:bd:4f:a1:e5:70,CESI_Corp,-63.0,5260.0,0
1789658847762300928,1789658851402017024,1789658851453643600,6,d4:bd:4f:a1:e5:71,CESI_HotSpot,-62.0,5260.0,0
1789658847762300928,1789658851402017024,1789658851453643600,6,d4:bd:4f:a1:e5:72,CESI_Robots,-62.0,5260.0,0
1789658847762300928,1789658851402017024,1789658851453643600,6,d4:bd:4f:a1:e5:73,CESI_Recherche,-62.0,5260.0,0
1789658847762300928,1789658851402017024,1789658851453643600,6,d4:bd:4f:61:e5:70,CESI_Corp,-65.0,2462.0,0
1789658847762300928,1789658851402017024,1789658851453643600,6,d4:bd:4f:61:e5:73,CESI_Recherche,-65.0,2462.0,0
1789658847762300928,1789658851402017024,1789658851453643600,6,d4:bd:4f:61:e5:74,CESI_Iot,-62.0,2462.0,0
1789658847762300928,1789658851402017024,1789658851453643600,6,d4:bd:4f:61:e5:72,CESI_Robots,-62.0,2462.0,0
1789658847762300928,1789658851402017024,1789658851453643600,6,d4:bd:4f:61:e5:71,CESI_HotSpot,-62.0,2462.0,0
1789658847762300928,1789658851402017024,1789658851453643600,6,d4:bd:4f:a1:f4:50,CESI_Corp,-80.0,5180.0,0
1789658847762300928,1789658851402017024,1789658851453643600,6,d4:bd:4f:a1:f4:51,CESI_HotSpot,-80.0,5180.0,0
1789658847762300928,1789658851402017024,1789658851453643600,6,d4:bd:4f:a1:f4:52,CESI_Robots,-81.0,5180.0,0
1789658847762300928,1789658851402017024,1789658851453643600,6,d4:bd:4f:a1:f4:53,CESI_Recherche,-81.0,5180.0,0
1789658847762300928,1789658851402017024,1789658851453643600,6,d4:bd:4f:a1:f4:54,CESI_Iot,-80.0,5180.0,0
1789658847762300928,1789658851402017024,1789658851453643600,6,d4:bd:4f:60:d2:d4,CESI_Iot,-67.0,2462.0,4184
1789658847762300928,1789658851402017024,1789658851453643600,6,d4:bd:4f:a1:d5:93,CESI_Recherche,-85.0,5260.0,0
1789658847762300928,1789658851402017024,1789658851453643600,6,d4:bd:4f:a1:d5:90,CESI_Corp,-85.0,5260.0,0
1789658847762300928,1789658851402017024,1789658851453643600,6,d4:bd:4f:a1:d5:91,CESI_HotSpot,-86.0,5260.0,0
1789658847762300928,1789658851402017024,1789658851453643600,6,d4:bd:4f:a1:d5:92,CESI_Robots,-87.0,5260.0,0
1789658847762300928,1789658851402017024,1789658851453643600,6,d4:bd:4f:a1:d5:94,CESI_Iot,-85.0,5260.0,0
1789658847762300928,1789658851402017024,1789658851453643600,6,d4:bd:4f:a1:a9:70,CESI_Corp,-80.0,5260.0,0
1789658847762300928,1789658851402017024,1789658851453643600,6,d4:bd:4f:61:91:c4,CESI_Iot,-67.0,2462.0,4184
1789658847762300928,1789658851402017024,1789658851453643600,6,38:9d:92:35:3d:10,EB353D10-EE89sIDJqG1AOAj,-76.0,2462.0,29056
1789658847762300928,1789658851402017024,1789658851453643600,6,2c:5a:0f:e5:7f:ee,eduroam,-71.0,5180.0,0
1789658847762300928,1789658851402017024,1789658851453643600,6,d4:bd:4f:a0:5d:90,CESI_Corp,-90.0,5260.0,8304
1789658847762300928,1789658851402017024,1789658851453643600,6,d4:bd:4f:a1:a9:72,CESI_Robots,-84.0,5260.0,12428
1789658847762300928,1789658851402017024,1789658851453643600,6,d4:bd:4f:a1:a9:74,CESI_Iot,-80.0,5260.0,0
1789658847762300928,1789658851402017024,1789658851453643600,6,32:24:a9:e8:3e:7f,DIRECT-7F-HP OfficeJet Pro 9010,-75.0,2437.0,4184
1789658847762300928,1789658851402017024,1789658851453643600,6,d4:bd:4f:a1:a9:71,CESI_HotSpot,-80.0,5260.0,0
1789658847762300928,1789658851402017024,1789658851453643600,6,d4:bd:4f:a1:91:30,CESI_Corp,-87.0,5260.0,29056
1789658847762300928,1789658851402017024,1789658851453643600,6,d4:bd:4f:a1:91:31,CESI_HotSpot,-90.0,5260.0,29056
1789658847762300928,1789658851402017024,1789658851453643600,6,d4:bd:4f:a1:91:32,CESI_Robots,-90.0,5260.0,29056
1789658847762300928,1789658851402017024,1789658851453643600,6,d4:bd:4f:a1:91:33,CESI_Recherche,-89.0,5260.0,29056
1789658847762300928,1789658851402017024,1789658851453643600,6,d4:bd:4f:a1:91:34,CESI_Iot,-89.0,5260.0,29056
1789658847762300928,1789658851402017024,1789658851453643600,6,d4:bd:4f:a1:a9:73,CESI_Recherche,-83.0,5260.0,12428
1789658847762300928,1789658851402017024,1789658851453643600,6,d4:bd:4f:61:d5:93,CESI_Recherche,-79.0,2462.0,12428
1789658847762300928,1789658851402017024,1789658851453643600,6,d4:bd:4f:61:d5:94,CESI_Iot,-80.0,2462.0,12428
1789658847762300928,1789658851402017024,1789658851453643600,6,d4:bd:4f:61:a9:70,CESI_Corp,-81.0,2462.0,12428
1789658847762300928,1789658851402017024,1789658851453643600,6,d4:bd:4f:61:f4:50,CESI_Corp,-72.0,2447.0,0
1789658847762300928,1789658851402017024,1789658851453643600,6,d4:bd:4f:61:f4:51,CESI_HotSpot,-73.0,2447.0,0
1789658847762300928,1789658851402017024,1789658851453643600,6,d4:bd:4f:61:f4:52,CESI_Robots,-71.0,2447.0,0
1789658847762300928,1789658851402017024,1789658851453643600,6,d4:bd:4f:61:f4:53,CESI_Recherche,-71.0,2447.0,0
1789658847762300928,1789658851402017024,1789658851453643600,6,d4:bd:4f:61:f4:54,CESI_Iot,-72.0,2447.0,0
1789658851955591936,1789658855556957952,1789658855612069884,7,02:91:9e:71:b0:15,poppy_net,-35.0,2412.0,0
1789658851955591936,1789658855556957952,1789658855612069884,7,32:0d:cb:9d:dd:f0,iPhone moe b,-46.0,2412.0,0
1789658851955591936,1789658855556957952,1789658855612069884,7,7c:26:64:69:50:05,,-82.0,5320.0,0
1789658851955591936,1789658855556957952,1789658855612069884,7,d4:bd:4f:a0:d2:d0,CESI_Corp,-57.0,5260.0,0
1789658851955591936,1789658855556957952,1789658855612069884,7,d4:bd:4f:a0:d2:d1,CESI_HotSpot,-58.0,5260.0,0
1789658851955591936,1789658855556957952,1789658855612069884,7,d4:bd:4f:a0:d2:d2,CESI_Robots,-59.0,5260.0,0
1789658851955591936,1789658855556957952,1789658855612069884,7,d4:bd:4f:a0:d2:d3,CESI_Recherche,-59.0,5260.0,0
1789658851955591936,1789658855556957952,1789658855612069884,7,d4:bd:4f:a0:d2:d4,CESI_Iot,-59.0,5260.0,0
1789658851955591936,1789658855556957952,1789658855612069884,7,d4:bd:4f:60:d2:d0,CESI_Corp,-69.0,2462.0,0
1789658851955591936,1789658855556957952,1789658855612069884,7,d4:bd:4f:60:d2:d2,CESI_Robots,-59.0,2462.0,0
1789658851955591936,1789658855556957952,1789658855612069884,7,d4:bd:4f:60:d2:d1,CESI_HotSpot,-59.0,2462.0,0
1789658851955591936,1789658855556957952,1789658855612069884,7,d4:bd:4f:60:d2:d3,CESI_Recherche,-67.0,2462.0,12456
1789658851955591936,1789658855556957952,1789658855612069884,7,d4:bd:4f:a1:91:c1,CESI_HotSpot,-70.0,5260.0,0
1789658851955591936,1789658855556957952,1789658855612069884,7,d4:bd:4f:a1:91:c2,CESI_Robots,-71.0,5260.0,0
1789658851955591936,1789658855556957952,1789658855612069884,7,d4:bd:4f:a1:91:c3,CESI_Recherche,-71.0,5260.0,0
1789658851955591936,1789658855556957952,1789658855612069884,7,d4:bd:4f:a1:91:c0,CESI_Corp,-70.0,5260.0,0
1789658851955591936,1789658855556957952,1789658855612069884,7,d4:bd:4f:a1:91:c4,CESI_Iot,-71.0,5260.0,0
1789658851955591936,1789658855556957952,1789658855612069884,7,d4:bd:4f:61:91:c3,CESI_Recherche,-68.0,2462.0,16580
1789658851955591936,1789658855556957952,1789658855612069884,7,2c:5a:0f:e5:7f:ef,eduspot,-75.0,5180.0,0
1789658851955591936,1789658855556957952,1789658855612069884,7,d4:bd:4f:a1:e5:74,CESI_Iot,-66.0,5260.0,0
1789658851955591936,1789658855556957952,1789658855612069884,7,d4:bd:4f:61:91:c0,CESI_Corp,-69.0,2462.0,0
1789658851955591936,1789658855556957952,1789658855612069884,7,d4:bd:4f:61:91:c1,CESI_HotSpot,-70.0,2462.0,0
1789658851955591936,1789658855556957952,1789658855612069884,7,d4:bd:4f:61:91:c2,CESI_Robots,-75.0,2462.0,4152
1789658851955591936,1789658855556957952,1789658855612069884,7,d4:bd:4f:a1:e5:70,CESI_Corp,-67.0,5260.0,0
1789658851955591936,1789658855556957952,1789658855612069884,7,d4:bd:4f:a1:e5:71,CESI_HotSpot,-66.0,5260.0,0
1789658851955591936,1789658855556957952,1789658855612069884,7,d4:bd:4f:a1:e5:72,CESI_Robots,-67.0,5260.0,0
1789658851955591936,1789658855556957952,1789658855612069884,7,d4:bd:4f:a1:e5:73,CESI_Recherche,-67.0,5260.0,0
1789658851955591936,1789658855556957952,1789658855612069884,7,d4:bd:4f:61:e5:70,CESI_Corp,-57.0,2462.0,0
1789658851955591936,1789658855556957952,1789658855612069884,7,d4:bd:4f:61:e5:73,CESI_Recherche,-59.0,2462.0,0
1789658851955591936,1789658855556957952,1789658855612069884,7,d4:bd:4f:61:e5:74,CESI_Iot,-58.0,2462.0,0
1789658851955591936,1789658855556957952,1789658855612069884,7,d4:bd:4f:61:e5:72,CESI_Robots,-59.0,2462.0,0
1789658851955591936,1789658855556957952,1789658855612069884,7,d4:bd:4f:61:e5:71,CESI_HotSpot,-58.0,2462.0,0
1789658851955591936,1789658855556957952,1789658855612069884,7,d4:bd:4f:a1:f4:50,CESI_Corp,-75.0,5180.0,0
1789658851955591936,1789658855556957952,1789658855612069884,7,d4:bd:4f:a1:f4:51,CESI_HotSpot,-75.0,5180.0,0
1789658851955591936,1789658855556957952,1789658855612069884,7,d4:bd:4f:a1:f4:52,CESI_Robots,-74.0,5180.0,0
1789658851955591936,1789658855556957952,1789658855612069884,7,d4:bd:4f:a1:f4:53,CESI_Recherche,-75.0,5180.0,0
1789658851955591936,1789658855556957952,1789658855612069884,7,d4:bd:4f:a1:f4:54,CESI_Iot,-74.0,5180.0,0
1789658851955591936,1789658855556957952,1789658855612069884,7,d4:bd:4f:60:d2:d4,CESI_Iot,-67.0,2462.0,8336
1789658851955591936,1789658855556957952,1789658855612069884,7,d4:bd:4f:a1:d5:93,CESI_Recherche,-85.0,5260.0,0
1789658851955591936,1789658855556957952,1789658855612069884,7,d4:bd:4f:a1:d5:90,CESI_Corp,-87.0,5260.0,0
1789658851955591936,1789658855556957952,1789658855612069884,7,d4:bd:4f:a1:d5:91,CESI_HotSpot,-87.0,5260.0,0
1789658851955591936,1789658855556957952,1789658855612069884,7,d4:bd:4f:a1:d5:92,CESI_Robots,-84.0,5260.0,0
1789658851955591936,1789658855556957952,1789658855612069884,7,d4:bd:4f:a1:d5:94,CESI_Iot,-85.0,5260.0,0
1789658851955591936,1789658855556957952,1789658855612069884,7,d4:bd:4f:a1:a9:70,CESI_Corp,-80.0,5260.0,4152
1789658851955591936,1789658855556957952,1789658855612069884,7,d4:bd:4f:61:91:c4,CESI_Iot,-67.0,2462.0,8336
1789658851955591936,1789658855556957952,1789658855612069884,7,2c:5a:0f:e5:7f:ee,eduroam,-75.0,5180.0,0
1789658851955591936,1789658855556957952,1789658855612069884,7,d4:bd:4f:a0:5d:90,CESI_Corp,-90.0,5260.0,12456
1789658851955591936,1789658855556957952,1789658855612069884,7,d4:bd:4f:a1:a9:72,CESI_Robots,-84.0,5260.0,16580
1789658851955591936,1789658855556957952,1789658855612069884,7,d4:bd:4f:a1:a9:74,CESI_Iot,-80.0,5260.0,4152
1789658851955591936,1789658855556957952,1789658855612069884,7,32:24:a9:e8:3e:7f,DIRECT-7F-HP OfficeJet Pro 9010,-75.0,2437.0,8336
1789658851955591936,1789658855556957952,1789658855612069884,7,d4:bd:4f:a1:a9:71,CESI_HotSpot,-80.0,5260.0,4152
1789658851955591936,1789658855556957952,1789658855612069884,7,d4:bd:4f:a1:a9:73,CESI_Recherche,-83.0,5260.0,16580
1789658851955591936,1789658855556957952,1789658855612069884,7,d4:bd:4f:61:d5:93,CESI_Recherche,-79.0,2462.0,16580
1789658851955591936,1789658855556957952,1789658855612069884,7,d4:bd:4f:61:d5:94,CESI_Iot,-80.0,2462.0,16580
1789658851955591936,1789658855556957952,1789658855612069884,7,d4:bd:4f:61:a9:70,CESI_Corp,-81.0,2462.0,16580
1789658851955591936,1789658855556957952,1789658855612069884,7,d4:bd:4f:61:f4:50,CESI_Corp,-72.0,2447.0,4152
1789658851955591936,1789658855556957952,1789658855612069884,7,d4:bd:4f:61:f4:51,CESI_HotSpot,-73.0,2447.0,4152
1789658851955591936,1789658855556957952,1789658855612069884,7,d4:bd:4f:61:f4:52,CESI_Robots,-71.0,2447.0,4152
1789658851955591936,1789658855556957952,1789658855612069884,7,d4:bd:4f:61:f4:53,CESI_Recherche,-71.0,2447.0,4152
1789658851955591936,1789658855556957952,1789658855612069884,7,d4:bd:4f:61:f4:54,CESI_Iot,-72.0,2447.0,4152
1789658851955591936,1789658855556957952,1789658855612069884,7,8e:97:ea:a4:87:85,,-88.0,5200.0,0
1789658856114518016,1789658859735263232,1789658859782827320,8,02:91:9e:71:b0:15,poppy_net,-34.0,2412.0,0
1789658856114518016,1789658859735263232,1789658859782827320,8,32:0d:cb:9d:dd:f0,iPhone moe b,-53.0,2412.0,0
1789658856114518016,1789658859735263232,1789658859782827320,8,7c:26:64:69:50:05,,-79.0,5320.0,0
1789658856114518016,1789658859735263232,1789658859782827320,8,d4:bd:4f:a0:d2:d0,CESI_Corp,-66.0,5260.0,0
1789658856114518016,1789658859735263232,1789658859782827320,8,d4:bd:4f:a0:d2:d1,CESI_HotSpot,-66.0,5260.0,0
1789658856114518016,1789658859735263232,1789658859782827320,8,d4:bd:4f:a0:d2:d2,CESI_Robots,-66.0,5260.0,0
1789658856114518016,1789658859735263232,1789658859782827320,8,d4:bd:4f:a0:d2:d3,CESI_Recherche,-66.0,5260.0,0
1789658856114518016,1789658859735263232,1789658859782827320,8,d4:bd:4f:a0:d2:d4,CESI_Iot,-66.0,5260.0,0
1789658856114518016,1789658859735263232,1789658859782827320,8,d4:bd:4f:60:d2:d0,CESI_Corp,-69.0,2462.0,4180
1789658856114518016,1789658859735263232,1789658859782827320,8,d4:bd:4f:60:d2:d2,CESI_Robots,-67.0,2462.0,0
1789658856114518016,1789658859735263232,1789658859782827320,8,d4:bd:4f:60:d2:d1,CESI_HotSpot,-62.0,2462.0,0
1789658856114518016,1789658859735263232,1789658859782827320,8,d4:bd:4f:60:d2:d3,CESI_Recherche,-63.0,2462.0,0
1789658856114518016,1789658859735263232,1789658859782827320,8,d4:bd:4f:a1:91:c1,CESI_HotSpot,-71.0,5260.0,0
1789658856114518016,1789658859735263232,1789658859782827320,8,d4:bd:4f:a1:91:c2,CESI_Robots,-70.0,5260.0,0
1789658856114518016,1789658859735263232,1789658859782827320,8,d4:bd:4f:a1:91:c3,CESI_Recherche,-70.0,5260.0,0
1789658856114518016,1789658859735263232,1789658859782827320,8,d4:bd:4f:a1:91:c0,CESI_Corp,-71.0,5260.0,0
1789658856114518016,1789658859735263232,1789658859782827320,8,d4:bd:4f:a1:91:c4,CESI_Iot,-70.0,5260.0,0
1789658856114518016,1789658859735263232,1789658859782827320,8,d4:bd:4f:61:91:c3,CESI_Recherche,-68.0,2462.0,20760
1789658856114518016,1789658859735263232,1789658859782827320,8,2c:5a:0f:e5:7f:ef,eduspot,-78.0,5180.0,0
1789658856114518016,1789658859735263232,1789658859782827320,8,d4:bd:4f:a1:e5:74,CESI_Iot,-62.0,5260.0,0
1789658856114518016,1789658859735263232,1789658859782827320,8,d4:bd:4f:61:91:c0,CESI_Corp,-57.0,2462.0,0
1789658856114518016,1789658859735263232,1789658859782827320,8,d4:bd:4f:61:91:c1,CESI_HotSpot,-54.0,2462.0,0
1789658856114518016,1789658859735263232,1789658859782827320,8,d4:bd:4f:61:91:c2,CESI_Robots,-54.0,2462.0,0
1789658856114518016,1789658859735263232,1789658859782827320,8,d4:bd:4f:a1:e5:70,CESI_Corp,-62.0,5260.0,0
1789658856114518016,1789658859735263232,1789658859782827320,8,d4:bd:4f:a1:e5:71,CESI_HotSpot,-61.0,5260.0,0
1789658856114518016,1789658859735263232,1789658859782827320,8,d4:bd:4f:a1:e5:72,CESI_Robots,-62.0,5260.0,0
1789658856114518016,1789658859735263232,1789658859782827320,8,d4:bd:4f:a1:e5:73,CESI_Recherche,-61.0,5260.0,0
1789658856114518016,1789658859735263232,1789658859782827320,8,d4:bd:4f:61:e5:70,CESI_Corp,-49.0,2462.0,0
1789658856114518016,1789658859735263232,1789658859782827320,8,d4:bd:4f:61:e5:73,CESI_Recherche,-46.0,2462.0,0
1789658856114518016,1789658859735263232,1789658859782827320,8,d4:bd:4f:61:e5:74,CESI_Iot,-46.0,2462.0,0
1789658856114518016,1789658859735263232,1789658859782827320,8,d4:bd:4f:61:e5:72,CESI_Robots,-48.0,2462.0,0
1789658856114518016,1789658859735263232,1789658859782827320,8,d4:bd:4f:61:e5:71,CESI_HotSpot,-47.0,2462.0,0
1789658856114518016,1789658859735263232,1789658859782827320,8,d4:bd:4f:a1:f4:50,CESI_Corp,-74.0,5180.0,0
1789658856114518016,1789658859735263232,1789658859782827320,8,d4:bd:4f:a1:f4:51,CESI_HotSpot,-74.0,5180.0,0
1789658856114518016,1789658859735263232,1789658859782827320,8,d4:bd:4f:a1:f4:52,CESI_Robots,-74.0,5180.0,0
1789658856114518016,1789658859735263232,1789658859782827320,8,d4:bd:4f:a1:f4:53,CESI_Recherche,-74.0,5180.0,0
1789658856114518016,1789658859735263232,1789658859782827320,8,d4:bd:4f:a1:f4:54,CESI_Iot,-74.0,5180.0,0
1789658856114518016,1789658859735263232,1789658859782827320,8,d4:bd:4f:60:d2:d4,CESI_Iot,-64.0,2462.0,0
1789658856114518016,1789658859735263232,1789658859782827320,8,d4:bd:4f:a1:d5:93,CESI_Recherche,-82.0,5260.0,0
1789658856114518016,1789658859735263232,1789658859782827320,8,d4:bd:4f:a1:d5:90,CESI_Corp,-82.0,5260.0,0
1789658856114518016,1789658859735263232,1789658859782827320,8,d4:bd:4f:a1:d5:91,CESI_HotSpot,-81.0,5260.0,0
1789658856114518016,1789658859735263232,1789658859782827320,8,d4:bd:4f:a1:d5:92,CESI_Robots,-82.0,5260.0,0
1789658856114518016,1789658859735263232,1789658859782827320,8,d4:bd:4f:a1:d5:94,CESI_Iot,-81.0,5260.0,0
1789658856114518016,1789658859735263232,1789658859782827320,8,d4:bd:4f:a1:a9:70,CESI_Corp,-80.0,5260.0,8332
1789658856114518016,1789658859735263232,1789658859782827320,8,d4:bd:4f:61:91:c4,CESI_Iot,-54.0,2462.0,0
1789658856114518016,1789658859735263232,1789658859782827320,8,2c:5a:0f:e5:7f:ee,eduroam,-78.0,5180.0,0
1789658856114518016,1789658859735263232,1789658859782827320,8,d4:bd:4f:a0:5d:90,CESI_Corp,-90.0,5260.0,16636
1789658856114518016,1789658859735263232,1789658859782827320,8,d4:bd:4f:a1:a9:72,CESI_Robots,-70.0,5260.0,0
1789658856114518016,1789658859735263232,1789658859782827320,8,d4:bd:4f:a1:a9:74,CESI_Iot,-69.0,5260.0,0
1789658856114518016,1789658859735263232,1789658859782827320,8,32:24:a9:e8:3e:7f,DIRECT-7F-HP OfficeJet Pro 9010,-75.0,2437.0,12516
1789658856114518016,1789658859735263232,1789658859782827320,8,d4:bd:4f:a1:a9:71,CESI_HotSpot,-70.0,5260.0,0
1789658856114518016,1789658859735263232,1789658859782827320,8,d4:bd:4f:a1:a9:73,CESI_Recherche,-69.0,5260.0,0
1789658856114518016,1789658859735263232,1789658859782827320,8,d4:bd:4f:61:d5:93,CESI_Recherche,-79.0,2462.0,20760
1789658856114518016,1789658859735263232,1789658859782827320,8,d4:bd:4f:61:d5:94,CESI_Iot,-80.0,2462.0,20760
1789658856114518016,1789658859735263232,1789658859782827320,8,d4:bd:4f:61:a9:70,CESI_Corp,-81.0,2462.0,20760
1789658856114518016,1789658859735263232,1789658859782827320,8,d4:bd:4f:61:f4:50,CESI_Corp,-72.0,2447.0,8332
1789658856114518016,1789658859735263232,1789658859782827320,8,d4:bd:4f:61:f4:51,CESI_HotSpot,-73.0,2447.0,8332
1789658856114518016,1789658859735263232,1789658859782827320,8,d4:bd:4f:61:f4:52,CESI_Robots,-71.0,2447.0,8332
1789658856114518016,1789658859735263232,1789658859782827320,8,d4:bd:4f:61:f4:53,CESI_Recherche,-71.0,2447.0,8332
1789658856114518016,1789658859735263232,1789658859782827320,8,d4:bd:4f:61:f4:54,CESI_Iot,-72.0,2447.0,8332
1789658856114518016,1789658859735263232,1789658859782827320,8,8e:97:ea:a4:87:85,,-88.0,5200.0,4180
1789658856114518016,1789658859735263232,1789658859782827320,8,d4:bd:4f:61:a9:71,CESI_HotSpot,-77.0,2462.0,0
1789658856114518016,1789658859735263232,1789658859782827320,8,d4:bd:4f:a0:5d:91,CESI_HotSpot,-85.0,5260.0,0
1789658856114518016,1789658859735263232,1789658859782827320,8,d4:bd:4f:a0:5d:92,CESI_Robots,-87.0,5260.0,0
1789658856114518016,1789658859735263232,1789658859782827320,8,d4:bd:4f:a0:5d:93,CESI_Recherche,-85.0,5260.0,0
1789658856114518016,1789658859735263232,1789658859782827320,8,d4:bd:4f:a0:5d:94,CESI_Iot,-85.0,5260.0,0
1789658856114518016,1789658859735263232,1789658859782827320,8,d4:bd:4f:a1:91:33,CESI_Recherche,-89.0,5260.0,8
1789658856114518016,1789658859735263232,1789658859782827320,8,d4:bd:4f:a1:91:34,CESI_Iot,-89.0,5260.0,8
1789658860286430976,1789658863907192064,1789658863960095894,9,02:91:9e:71:b0:15,poppy_net,-34.0,2412.0,4
1789658860286430976,1789658863907192064,1789658863960095894,9,32:0d:cb:9d:dd:f0,iPhone moe b,-46.0,2412.0,4
1789658860286430976,1789658863907192064,1789658863960095894,9,7c:26:64:69:50:05,,-77.0,5320.0,4
1789658860286430976,1789658863907192064,1789658863960095894,9,d4:bd:4f:a0:d2:d0,CESI_Corp,-57.0,5260.0,4
1789658860286430976,1789658863907192064,1789658863960095894,9,d4:bd:4f:a0:d2:d1,CESI_HotSpot,-57.0,5260.0,4
1789658860286430976,1789658863907192064,1789658863960095894,9,d4:bd:4f:a0:d2:d2,CESI_Robots,-57.0,5260.0,4
1789658860286430976,1789658863907192064,1789658863960095894,9,d4:bd:4f:a0:d2:d3,CESI_Recherche,-57.0,5260.0,4
1789658860286430976,1789658863907192064,1789658863960095894,9,d4:bd:4f:a0:d2:d4,CESI_Iot,-57.0,5260.0,4
1789658860286430976,1789658863907192064,1789658863960095894,9,d4:bd:4f:60:d2:d0,CESI_Corp,-53.0,2462.0,4
1789658860286430976,1789658863907192064,1789658863960095894,9,d4:bd:4f:60:d2:d2,CESI_Robots,-67.0,2462.0,4176
1789658860286430976,1789658863907192064,1789658863960095894,9,d4:bd:4f:60:d2:d1,CESI_HotSpot,-53.0,2462.0,4
1789658860286430976,1789658863907192064,1789658863960095894,9,d4:bd:4f:60:d2:d3,CESI_Recherche,-63.0,2462.0,4176
1789658860286430976,1789658863907192064,1789658863960095894,9,d4:bd:4f:a1:91:c1,CESI_HotSpot,-69.0,5260.0,4
1789658860286430976,1789658863907192064,1789658863960095894,9,d4:bd:4f:a1:91:c2,CESI_Robots,-69.0,5260.0,4
1789658860286430976,1789658863907192064,1789658863960095894,9,d4:bd:4f:a1:91:c3,CESI_Recherche,-67.0,5260.0,4
1789658860286430976,1789658863907192064,1789658863960095894,9,d4:bd:4f:a1:91:c0,CESI_Corp,-71.0,5260.0,4176
1789658860286430976,1789658863907192064,1789658863960095894,9,d4:bd:4f:a1:91:c4,CESI_Iot,-68.0,5260.0,4
1789658860286430976,1789658863907192064,1789658863960095894,9,d4:bd:4f:61:91:c3,CESI_Recherche,-65.0,2462.0,4
1789658860286430976,1789658863907192064,1789658863960095894,9,2c:5a:0f:e5:7f:ef,eduspot,-70.0,5180.0,4
1789658860286430976,1789658863907192064,1789658863960095894,9,d4:bd:4f:a1:e5:74,CESI_Iot,-59.0,5260.0,4
1789658860286430976,1789658863907192064,1789658863960095894,9,d4:bd:4f:61:91:c0,CESI_Corp,-65.0,2462.0,4
1789658860286430976,1789658863907192064,1789658863960095894,9,d4:bd:4f:61:91:c1,CESI_HotSpot,-65.0,2462.0,4
1789658860286430976,1789658863907192064,1789658863960095894,9,d4:bd:4f:61:91:c2,CESI_Robots,-65.0,2462.0,4
1789658860286430976,1789658863907192064,1789658863960095894,9,d4:bd:4f:a1:e5:70,CESI_Corp,-58.0,5260.0,4
1789658860286430976,1789658863907192064,1789658863960095894,9,d4:bd:4f:a1:e5:71,CESI_HotSpot,-59.0,5260.0,4
1789658860286430976,1789658863907192064,1789658863960095894,9,d4:bd:4f:a1:e5:72,CESI_Robots,-59.0,5260.0,4
1789658860286430976,1789658863907192064,1789658863960095894,9,d4:bd:4f:a1:e5:73,CESI_Recherche,-59.0,5260.0,4
1789658860286430976,1789658863907192064,1789658863960095894,9,d4:bd:4f:61:e5:70,CESI_Corp,-55.0,2462.0,4
1789658860286430976,1789658863907192064,1789658863960095894,9,d4:bd:4f:61:e5:73,CESI_Recherche,-54.0,2462.0,4
1789658860286430976,1789658863907192064,1789658863960095894,9,d4:bd:4f:61:e5:74,CESI_Iot,-55.0,2462.0,4
1789658860286430976,1789658863907192064,1789658863960095894,9,d4:bd:4f:61:e5:72,CESI_Robots,-53.0,2462.0,4
1789658860286430976,1789658863907192064,1789658863960095894,9,d4:bd:4f:61:e5:71,CESI_HotSpot,-53.0,2462.0,4
1789658860286430976,1789658863907192064,1789658863960095894,9,d4:bd:4f:a1:f4:50,CESI_Corp,-75.0,5180.0,4
1789658860286430976,1789658863907192064,1789658863960095894,9,d4:bd:4f:a1:f4:51,CESI_HotSpot,-75.0,5180.0,4
1789658860286430976,1789658863907192064,1789658863960095894,9,d4:bd:4f:a1:f4:52,CESI_Robots,-76.0,5180.0,4
1789658860286430976,1789658863907192064,1789658863960095894,9,d4:bd:4f:a1:f4:53,CESI_Recherche,-76.0,5180.0,4
1789658860286430976,1789658863907192064,1789658863960095894,9,d4:bd:4f:a1:f4:54,CESI_Iot,-76.0,5180.0,4
1789658860286430976,1789658863907192064,1789658863960095894,9,d4:bd:4f:60:d2:d4,CESI_Iot,-64.0,2462.0,4176
1789658860286430976,1789658863907192064,1789658863960095894,9,d4:bd:4f:a1:d5:93,CESI_Recherche,-80.0,5260.0,4
1789658860286430976,1789658863907192064,1789658863960095894,9,d4:bd:4f:a1:d5:90,CESI_Corp,-82.0,5260.0,4176
1789658860286430976,1789658863907192064,1789658863960095894,9,d4:bd:4f:a1:d5:91,CESI_HotSpot,-80.0,5260.0,4
1789658860286430976,1789658863907192064,1789658863960095894,9,d4:bd:4f:a1:d5:92,CESI_Robots,-80.0,5260.0,4
1789658860286430976,1789658863907192064,1789658863960095894,9,d4:bd:4f:a1:d5:94,CESI_Iot,-80.0,5260.0,4
1789658860286430976,1789658863907192064,1789658863960095894,9,d4:bd:4f:a1:a9:70,CESI_Corp,-80.0,5260.0,12508
1789658860286430976,1789658863907192064,1789658863960095894,9,d4:bd:4f:61:91:c4,CESI_Iot,-65.0,2462.0,4
1789658860286430976,1789658863907192064,1789658863960095894,9,2c:5a:0f:e5:7f:ee,eduroam,-70.0,5180.0,4
1789658860286430976,1789658863907192064,1789658863960095894,9,d4:bd:4f:a0:5d:90,CESI_Corp,-90.0,5260.0,20812
1789658860286430976,1789658863907192064,1789658863960095894,9,d4:bd:4f:a1:a9:72,CESI_Robots,-77.0,5260.0,4
1789658860286430976,1789658863907192064,1789658863960095894,9,d4:bd:4f:a1:a9:74,CESI_Iot,-77.0,5260.0,4
1789658860286430976,1789658863907192064,1789658863960095894,9,32:24:a9:e8:3e:7f,DIRECT-7F-HP OfficeJet Pro 9010,-75.0,2437.0,16692
1789658860286430976,1789658863907192064,1789658863960095894,9,d4:bd:4f:a1:a9:71,CESI_HotSpot,-70.0,5260.0,4176
1789658860286430976,1789658863907192064,1789658863960095894,9,d4:bd:4f:a1:a9:73,CESI_Recherche,-77.0,5260.0,4
1789658860286430976,1789658863907192064,1789658863960095894,9,d4:bd:4f:61:d5:93,CESI_Recherche,-79.0,2462.0,24936
1789658860286430976,1789658863907192064,1789658863960095894,9,d4:bd:4f:61:d5:94,CESI_Iot,-80.0,2462.0,24936
1789658860286430976,1789658863907192064,1789658863960095894,9,d4:bd:4f:61:a9:70,CESI_Corp,-81.0,2462.0,24936
1789658860286430976,1789658863907192064,1789658863960095894,9,d4:bd:4f:61:f4:50,CESI_Corp,-72.0,2447.0,12508
1789658860286430976,1789658863907192064,1789658863960095894,9,d4:bd:4f:61:f4:51,CESI_HotSpot,-73.0,2447.0,12508
1789658860286430976,1789658863907192064,1789658863960095894,9,d4:bd:4f:61:f4:52,CESI_Robots,-71.0,2447.0,12508
1789658860286430976,1789658863907192064,1789658863960095894,9,d4:bd:4f:61:f4:53,CESI_Recherche,-71.0,2447.0,12508
1789658860286430976,1789658863907192064,1789658863960095894,9,d4:bd:4f:61:f4:54,CESI_Iot,-72.0,2447.0,12508
1789658860286430976,1789658863907192064,1789658863960095894,9,8e:97:ea:a4:87:85,,-88.0,5200.0,8356
1789658860286430976,1789658863907192064,1789658863960095894,9,d4:bd:4f:61:a9:71,CESI_HotSpot,-77.0,2462.0,4176
1789658860286430976,1789658863907192064,1789658863960095894,9,d4:bd:4f:a0:5d:91,CESI_HotSpot,-85.0,5260.0,4176
1789658860286430976,1789658863907192064,1789658863960095894,9,d4:bd:4f:a0:5d:92,CESI_Robots,-87.0,5260.0,4176
1789658860286430976,1789658863907192064,1789658863960095894,9,d4:bd:4f:a0:5d:93,CESI_Recherche,-85.0,5260.0,4176
1789658860286430976,1789658863907192064,1789658863960095894,9,d4:bd:4f:a0:5d:94,CESI_Iot,-85.0,5260.0,4176
1789658860286430976,1789658863907192064,1789658863960095894,9,d4:bd:4f:a1:91:33,CESI_Recherche,-89.0,5260.0,4180
1789658860286430976,1789658863907192064,1789658863960095894,9,d4:bd:4f:a1:91:34,CESI_Iot,-89.0,5260.0,4180
1789658864463220992,1789658868071373824,1789658868127684945,10,02:91:9e:71:b0:15,poppy_net,-36.0,2412.0,0
1789658864463220992,1789658868071373824,1789658868127684945,10,32:0d:cb:9d:dd:f0,iPhone moe b,-49.0,2412.0,0
1789658864463220992,1789658868071373824,1789658868127684945,10,7c:26:64:69:50:05,,-79.0,5320.0,0
1789658864463220992,1789658868071373824,1789658868127684945,10,d4:bd:4f:a0:d2:d0,CESI_Corp,-54.0,5260.0,0
1789658864463220992,1789658868071373824,1789658868127684945,10,d4:bd:4f:a0:d2:d1,CESI_HotSpot,-55.0,5260.0,0
1789658864463220992,1789658868071373824,1789658868127684945,10,d4:bd:4f:a0:d2:d2,CESI_Robots,-55.0,5260.0,0
1789658864463220992,1789658868071373824,1789658868127684945,10,d4:bd:4f:a0:d2:d3,CESI_Recherche,-55.0,5260.0,0
1789658864463220992,1789658868071373824,1789658868127684945,10,d4:bd:4f:a0:d2:d4,CESI_Iot,-55.0,5260.0,0
1789658864463220992,1789658868071373824,1789658868127684945,10,d4:bd:4f:60:d2:d0,CESI_Corp,-53.0,2462.0,4164
1789658864463220992,1789658868071373824,1789658868127684945,10,d4:bd:4f:60:d2:d2,CESI_Robots,-67.0,2462.0,8336
1789658864463220992,1789658868071373824,1789658868127684945,10,d4:bd:4f:60:d2:d1,CESI_HotSpot,-53.0,2462.0,4164
1789658864463220992,1789658868071373824,1789658868127684945,10,d4:bd:4f:60:d2:d3,CESI_Recherche,-63.0,2462.0,8336
1789658864463220992,1789658868071373824,1789658868127684945,10,d4:bd:4f:a1:91:c1,CESI_HotSpot,-66.0,5260.0,0
1789658864463220992,1789658868071373824,1789658868127684945,10,d4:bd:4f:a1:91:c2,CESI_Robots,-67.0,5260.0,0
1789658864463220992,1789658868071373824,1789658868127684945,10,d4:bd:4f:a1:91:c3,CESI_Recherche,-67.0,5260.0,0
1789658864463220992,1789658868071373824,1789658868127684945,10,d4:bd:4f:a1:91:c0,CESI_Corp,-67.0,5260.0,0
1789658864463220992,1789658868071373824,1789658868127684945,10,d4:bd:4f:a1:91:c4,CESI_Iot,-67.0,5260.0,0
1789658864463220992,1789658868071373824,1789658868127684945,10,d4:bd:4f:61:91:c3,CESI_Recherche,-65.0,2462.0,4164
1789658864463220992,1789658868071373824,1789658868127684945,10,2c:5a:0f:e5:7f:ef,eduspot,-72.0,5180.0,0
1789658864463220992,1789658868071373824,1789658868127684945,10,d4:bd:4f:a1:e5:74,CESI_Iot,-58.0,5260.0,0
1789658864463220992,1789658868071373824,1789658868127684945,10,d4:bd:4f:61:91:c0,CESI_Corp,-69.0,2462.0,0
1789658864463220992,1789658868071373824,1789658868127684945,10,d4:bd:4f:61:91:c1,CESI_HotSpot,-65.0,2462.0,0
1789658864463220992,1789658868071373824,1789658868127684945,10,d4:bd:4f:61:91:c2,CESI_Robots,-65.0,2462.0,0
1789658864463220992,1789658868071373824,1789658868127684945,10,d4:bd:4f:a1:e5:70,CESI_Corp,-58.0,5260.0,0
1789658864463220992,1789658868071373824,1789658868127684945,10,d4:bd:4f:a1:e5:71,CESI_HotSpot,-58.0,5260.0,0
1789658864463220992,1789658868071373824,1789658868127684945,10,d4:bd:4f:a1:e5:72,CESI_Robots,-58.0,5260.0,0
1789658864463220992,1789658868071373824,1789658868127684945,10,d4:bd:4f:a1:e5:73,CESI_Recherche,-58.0,5260.0,0
1789658864463220992,1789658868071373824,1789658868127684945,10,d4:bd:4f:61:e5:70,CESI_Corp,-51.0,2462.0,0
1789658864463220992,1789658868071373824,1789658868127684945,10,d4:bd:4f:61:e5:73,CESI_Recherche,-51.0,2462.0,0
1789658864463220992,1789658868071373824,1789658868127684945,10,d4:bd:4f:61:e5:74,CESI_Iot,-53.0,2462.0,0
1789658864463220992,1789658868071373824,1789658868127684945,10,d4:bd:4f:61:e5:72,CESI_Robots,-51.0,2462.0,0
1789658864463220992,1789658868071373824,1789658868127684945,10,d4:bd:4f:61:e5:71,CESI_HotSpot,-51.0,2462.0,0
1789658864463220992,1789658868071373824,1789658868127684945,10,d4:bd:4f:a1:f4:50,CESI_Corp,-79.0,5180.0,0
1789658864463220992,1789658868071373824,1789658868127684945,10,d4:bd:4f:a1:f4:51,CESI_HotSpot,-80.0,5180.0,0
1789658864463220992,1789658868071373824,1789658868127684945,10,d4:bd:4f:a1:f4:52,CESI_Robots,-80.0,5180.0,0
1789658864463220992,1789658868071373824,1789658868127684945,10,d4:bd:4f:a1:f4:53,CESI_Recherche,-80.0,5180.0,0
1789658864463220992,1789658868071373824,1789658868127684945,10,d4:bd:4f:a1:f4:54,CESI_Iot,-81.0,5180.0,0
1789658864463220992,1789658868071373824,1789658868127684945,10,d4:bd:4f:60:d2:d4,CESI_Iot,-64.0,2462.0,8336
1789658864463220992,1789658868071373824,1789658868127684945,10,d4:bd:4f:a1:d5:93,CESI_Recherche,-84.0,5260.0,0
1789658864463220992,1789658868071373824,1789658868127684945,10,d4:bd:4f:a1:d5:90,CESI_Corp,-85.0,5260.0,0
1789658864463220992,1789658868071373824,1789658868127684945,10,d4:bd:4f:a1:d5:91,CESI_HotSpot,-83.0,5260.0,0
1789658864463220992,1789658868071373824,1789658868127684945,10,d4:bd:4f:a1:d5:92,CESI_Robots,-84.0,5260.0,0
1789658864463220992,1789658868071373824,1789658868127684945,10,d4:bd:4f:a1:d5:94,CESI_Iot,-84.0,5260.0,0
1789658864463220992,1789658868071373824,1789658868127684945,10,d4:bd:4f:a1:a9:70,CESI_Corp,-75.0,5260.0,0
1789658864463220992,1789658868071373824,1789658868127684945,10,d4:bd:4f:61:91:c4,CESI_Iot,-65.0,2462.0,0
1789658864463220992,1789658868071373824,1789658868127684945,10,2c:5a:0f:e5:7f:ee,eduroam,-72.0,5180.0,0
1789658864463220992,1789658868071373824,1789658868127684945,10,d4:bd:4f:a0:5d:90,CESI_Corp,-83.0,5260.0,0
1789658864463220992,1789658868071373824,1789658868127684945,10,d4:bd:4f:a1:a9:72,CESI_Robots,-77.0,5260.0,0
1789658864463220992,1789658868071373824,1789658868127684945,10,d4:bd:4f:a1:a9:74,CESI_Iot,-77.0,5260.0,0
1789658864463220992,1789658868071373824,1789658868127684945,10,32:24:a9:e8:3e:7f,DIRECT-7F-HP OfficeJet Pro 9010,-75.0,2437.0,20852
1789658864463220992,1789658868071373824,1789658868127684945,10,d4:bd:4f:a1:a9:71,CESI_HotSpot,-77.0,5260.0,0
1789658864463220992,1789658868071373824,1789658868127684945,10,d4:bd:4f:a1:a9:73,CESI_Recherche,-78.0,5260.0,0
1789658864463220992,1789658868071373824,1789658868127684945,10,d4:bd:4f:61:d5:93,CESI_Recherche,-79.0,2462.0,29096
1789658864463220992,1789658868071373824,1789658868127684945,10,d4:bd:4f:61:d5:94,CESI_Iot,-80.0,2462.0,29096
1789658864463220992,1789658868071373824,1789658868127684945,10,d4:bd:4f:61:a9:70,CESI_Corp,-81.0,2462.0,29096
1789658864463220992,1789658868071373824,1789658868127684945,10,d4:bd:4f:61:f4:50,CESI_Corp,-72.0,2447.0,16668
1789658864463220992,1789658868071373824,1789658868127684945,10,d4:bd:4f:61:f4:51,CESI_HotSpot,-73.0,2447.0,16668
1789658864463220992,1789658868071373824,1789658868127684945,10,d4:bd:4f:61:f4:52,CESI_Robots,-71.0,2447.0,16668
1789658864463220992,1789658868071373824,1789658868127684945,10,d4:bd:4f:61:f4:53,CESI_Recherche,-71.0,2447.0,16668
1789658864463220992,1789658868071373824,1789658868127684945,10,d4:bd:4f:61:f4:54,CESI_Iot,-72.0,2447.0,16668
1789658864463220992,1789658868071373824,1789658868127684945,10,8e:97:ea:a4:87:85,,-88.0,5200.0,12516
1789658864463220992,1789658868071373824,1789658868127684945,10,d4:bd:4f:61:a9:71,CESI_HotSpot,-77.0,2462.0,8336
1789658864463220992,1789658868071373824,1789658868127684945,10,d4:bd:4f:a0:5d:91,CESI_HotSpot,-85.0,5260.0,8336
1789658864463220992,1789658868071373824,1789658868127684945,10,d4:bd:4f:a0:5d:92,CESI_Robots,-82.0,5260.0,0
1789658864463220992,1789658868071373824,1789658868127684945,10,d4:bd:4f:a0:5d:93,CESI_Recherche,-82.0,5260.0,0
1789658864463220992,1789658868071373824,1789658868127684945,10,d4:bd:4f:a0:5d:94,CESI_Iot,-82.0,5260.0,0
1789658864463220992,1789658868071373824,1789658868127684945,10,d4:bd:4f:a1:91:33,CESI_Recherche,-89.0,5260.0,8344
1789658864463220992,1789658868071373824,1789658868127684945,10,d4:bd:4f:a1:91:34,CESI_Iot,-89.0,5260.0,8344
1789658864463220992,1789658868071373824,1789658868127684945,10,7c:26:64:69:50:04,,-68.0,2462.0,8
1789658868630208000,1789658872106695936,1789658872166562584,11,02:91:9e:71:b0:15,poppy_net,-30.0,2412.0,0
1789658868630208000,1789658872106695936,1789658872166562584,11,32:0d:cb:9d:dd:f0,iPhone moe b,-35.0,2412.0,0
1789658868630208000,1789658872106695936,1789658872166562584,11,7c:26:64:69:50:05,,-78.0,5320.0,0
1789658868630208000,1789658872106695936,1789658872166562584,11,d4:bd:4f:a0:d2:d0,CESI_Corp,-57.0,5260.0,0
1789658868630208000,1789658872106695936,1789658872166562584,11,d4:bd:4f:a0:d2:d1,CESI_HotSpot,-57.0,5260.0,0
1789658868630208000,1789658872106695936,1789658872166562584,11,d4:bd:4f:a0:d2:d2,CESI_Robots,-57.0,5260.0,0
1789658868630208000,1789658872106695936,1789658872166562584,11,d4:bd:4f:a0:d2:d3,CESI_Recherche,-57.0,5260.0,0
1789658868630208000,1789658872106695936,1789658872166562584,11,d4:bd:4f:a0:d2:d4,CESI_Iot,-56.0,5260.0,0
1789658868630208000,1789658872106695936,1789658872166562584,11,d4:bd:4f:60:d2:d0,CESI_Corp,-55.0,2462.0,0
1789658868630208000,1789658872106695936,1789658872166562584,11,d4:bd:4f:60:d2:d2,CESI_Robots,-54.0,2462.0,0
1789658868630208000,1789658872106695936,1789658872166562584,11,d4:bd:4f:60:d2:d1,CESI_HotSpot,-53.0,2462.0,0
1789658868630208000,1789658872106695936,1789658872166562584,11,d4:bd:4f:60:d2:d3,CESI_Recherche,-54.0,2462.0,0
1789658868630208000,1789658872106695936,1789658872166562584,11,d4:bd:4f:a1:91:c1,CESI_HotSpot,-69.0,5260.0,0
1789658868630208000,1789658872106695936,1789658872166562584,11,d4:bd:4f:a1:91:c2,CESI_Robots,-68.0,5260.0,0
1789658868630208000,1789658872106695936,1789658872166562584,11,d4:bd:4f:a1:91:c3,CESI_Recherche,-68.0,5260.0,0
1789658868630208000,1789658872106695936,1789658872166562584,11,d4:bd:4f:a1:91:c0,CESI_Corp,-68.0,5260.0,0
1789658868630208000,1789658872106695936,1789658872166562584,11,d4:bd:4f:a1:91:c4,CESI_Iot,-69.0,5260.0,0
1789658868630208000,1789658872106695936,1789658872166562584,11,d4:bd:4f:61:91:c3,CESI_Recherche,-57.0,2462.0,0
1789658868630208000,1789658872106695936,1789658872166562584,11,2c:5a:0f:e5:7f:ef,eduspot,-66.0,5180.0,0
1789658868630208000,1789658872106695936,1789658872166562584,11,d4:bd:4f:a1:e5:74,CESI_Iot,-56.0,5260.0,0
1789658868630208000,1789658872106695936,1789658872166562584,11,d4:bd:4f:61:91:c0,CESI_Corp,-56.0,2462.0,0
1789658868630208000,1789658872106695936,1789658872166562584,11,d4:bd:4f:61:91:c1,CESI_HotSpot,-58.0,2462.0,0
1789658868630208000,1789658872106695936,1789658872166562584,11,d4:bd:4f:61:91:c2,CESI_Robots,-56.0,2462.0,0
1789658868630208000,1789658872106695936,1789658872166562584,11,d4:bd:4f:a1:e5:70,CESI_Corp,-56.0,5260.0,0
1789658868630208000,1789658872106695936,1789658872166562584,11,d4:bd:4f:a1:e5:71,CESI_HotSpot,-56.0,5260.0,0
1789658868630208000,1789658872106695936,1789658872166562584,11,d4:bd:4f:a1:e5:72,CESI_Robots,-56.0,5260.0,0
1789658868630208000,1789658872106695936,1789658872166562584,11,d4:bd:4f:a1:e5:73,CESI_Recherche,-56.0,5260.0,0
1789658868630208000,1789658872106695936,1789658872166562584,11,d4:bd:4f:61:e5:70,CESI_Corp,-54.0,2462.0,0
1789658868630208000,1789658872106695936,1789658872166562584,11,d4:bd:4f:61:e5:73,CESI_Recherche,-55.0,2462.0,0
1789658868630208000,1789658872106695936,1789658872166562584,11,d4:bd:4f:61:e5:74,CESI_Iot,-54.0,2462.0,0
1789658868630208000,1789658872106695936,1789658872166562584,11,d4:bd:4f:61:e5:72,CESI_Robots,-55.0,2462.0,0
1789658868630208000,1789658872106695936,1789658872166562584,11,d4:bd:4f:61:e5:71,CESI_HotSpot,-55.0,2462.0,0
1789658868630208000,1789658872106695936,1789658872166562584,11,d4:bd:4f:a1:f4:50,CESI_Corp,-70.0,5180.0,0
1789658868630208000,1789658872106695936,1789658872166562584,11,d4:bd:4f:a1:f4:51,CESI_HotSpot,-71.0,5180.0,0
1789658868630208000,1789658872106695936,1789658872166562584,11,d4:bd:4f:a1:f4:52,CESI_Robots,-70.0,5180.0,0
1789658868630208000,1789658872106695936,1789658872166562584,11,d4:bd:4f:a1:f4:53,CESI_Recherche,-71.0,5180.0,0
1789658868630208000,1789658872106695936,1789658872166562584,11,d4:bd:4f:a1:f4:54,CESI_Iot,-70.0,5180.0,0
1789658868630208000,1789658872106695936,1789658872166562584,11,d4:bd:4f:60:d2:d4,CESI_Iot,-54.0,2462.0,0
1789658868630208000,1789658872106695936,1789658872166562584,11,d4:bd:4f:a1:d5:93,CESI_Recherche,-81.0,5260.0,0
1789658868630208000,1789658872106695936,1789658872166562584,11,d4:bd:4f:a1:d5:90,CESI_Corp,-85.0,5260.0,4040
1789658868630208000,1789658872106695936,1789658872166562584,11,d4:bd:4f:a1:d5:91,CESI_HotSpot,-81.0,5260.0,0
1789658868630208000,1789658872106695936,1789658872166562584,11,d4:bd:4f:a1:d5:92,CESI_Robots,-81.0,5260.0,0
1789658868630208000,1789658872106695936,1789658872166562584,11,d4:bd:4f:a1:d5:94,CESI_Iot,-80.0,5260.0,0
1789658868630208000,1789658872106695936,1789658872166562584,11,d4:bd:4f:a1:a9:70,CESI_Corp,-75.0,5260.0,4040
1789658868630208000,1789658872106695936,1789658872166562584,11,d4:bd:4f:61:91:c4,CESI_Iot,-56.0,2462.0,0
1789658868630208000,1789658872106695936,1789658872166562584,11,2c:5a:0f:e5:7f:ee,eduroam,-66.0,5180.0,0
1789658868630208000,1789658872106695936,1789658872166562584,11,d4:bd:4f:a0:5d:90,CESI_Corp,-83.0,5260.0,4040
1789658868630208000,1789658872106695936,1789658872166562584,11,d4:bd:4f:a1:a9:72,CESI_Robots,-82.0,5260.0,0
1789658868630208000,1789658872106695936,1789658872166562584,11,d4:bd:4f:a1:a9:74,CESI_Iot,-79.0,5260.0,0
1789658868630208000,1789658872106695936,1789658872166562584,11,32:24:a9:e8:3e:7f,DIRECT-7F-HP OfficeJet Pro 9010,-75.0,2437.0,24892
1789658868630208000,1789658872106695936,1789658872166562584,11,d4:bd:4f:a1:a9:71,CESI_HotSpot,-83.0,5260.0,0
1789658868630208000,1789658872106695936,1789658872166562584,11,d4:bd:4f:a1:a9:73,CESI_Recherche,-80.0,5260.0,0
1789658868630208000,1789658872106695936,1789658872166562584,11,d4:bd:4f:61:f4:50,CESI_Corp,-72.0,2447.0,20708
1789658868630208000,1789658872106695936,1789658872166562584,11,d4:bd:4f:61:f4:51,CESI_HotSpot,-73.0,2447.0,20708
1789658868630208000,1789658872106695936,1789658872166562584,11,d4:bd:4f:61:f4:52,CESI_Robots,-71.0,2447.0,20708
1789658868630208000,1789658872106695936,1789658872166562584,11,d4:bd:4f:61:f4:53,CESI_Recherche,-71.0,2447.0,20708
1789658868630208000,1789658872106695936,1789658872166562584,11,d4:bd:4f:61:f4:54,CESI_Iot,-72.0,2447.0,20708
1789658868630208000,1789658872106695936,1789658872166562584,11,8e:97:ea:a4:87:85,,-88.0,5200.0,16556
1789658868630208000,1789658872106695936,1789658872166562584,11,d4:bd:4f:61:a9:71,CESI_HotSpot,-77.0,2462.0,12376
1789658868630208000,1789658872106695936,1789658872166562584,11,d4:bd:4f:a0:5d:91,CESI_HotSpot,-85.0,5260.0,12376
1789658868630208000,1789658872106695936,1789658872166562584,11,d4:bd:4f:a0:5d:92,CESI_Robots,-82.0,5260.0,4040
1789658868630208000,1789658872106695936,1789658872166562584,11,d4:bd:4f:a0:5d:93,CESI_Recherche,-82.0,5260.0,4040
1789658868630208000,1789658872106695936,1789658872166562584,11,d4:bd:4f:a0:5d:94,CESI_Iot,-82.0,5260.0,4040
1789658868630208000,1789658872106695936,1789658872166562584,11,d4:bd:4f:a1:91:33,CESI_Recherche,-83.0,5260.0,0
1789658868630208000,1789658872106695936,1789658872166562584,11,d4:bd:4f:a1:91:34,CESI_Iot,-83.0,5260.0,0
1789658868630208000,1789658872106695936,1789658872166562584,11,7c:26:64:69:50:04,,-68.0,2462.0,4040
1789658868630208000,1789658872106695936,1789658872166562584,11,d4:bd:4f:a1:91:30,CESI_Corp,-83.0,5260.0,4
1789658868630208000,1789658872106695936,1789658872166562584,11,d4:bd:4f:a1:91:31,CESI_HotSpot,-84.0,5260.0,4
1789658868630208000,1789658872106695936,1789658872166562584,11,d4:bd:4f:a1:91:32,CESI_Robots,-83.0,5260.0,4
1789658868630208000,1789658872106695936,1789658872166562584,11,f8:0b:cb:42:a1:2d,\x00,-87.0,5500.0,4
1789658868630208000,1789658872106695936,1789658872166562584,11,f8:0b:cb:42:cc:8f,eduspot,-81.0,5680.0,4
1789658872669379840,1789658876183032064,1789658876231604125,12,02:91:9e:71:b0:15,poppy_net,-35.0,2412.0,4
1789658872669379840,1789658876183032064,1789658876231604125,12,32:0d:cb:9d:dd:f0,iPhone moe b,-40.0,2412.0,4
1789658872669379840,1789658876183032064,1789658876231604125,12,7c:26:64:69:50:05,,-78.0,5320.0,4
1789658872669379840,1789658876183032064,1789658876231604125,12,d4:bd:4f:a0:d2:d0,CESI_Corp,-54.0,5260.0,4
1789658872669379840,1789658876183032064,1789658876231604125,12,d4:bd:4f:a0:d2:d1,CESI_HotSpot,-57.0,5260.0,4076
1789658872669379840,1789658876183032064,1789658876231604125,12,d4:bd:4f:a0:d2:d2,CESI_Robots,-55.0,5260.0,4
1789658872669379840,1789658876183032064,1789658876231604125,12,d4:bd:4f:a0:d2:d3,CESI_Recherche,-55.0,5260.0,4
1789658872669379840,1789658876183032064,1789658876231604125,12,d4:bd:4f:a0:d2:d4,CESI_Iot,-56.0,5260.0,4076
1789658872669379840,1789658876183032064,1789658876231604125,12,d4:bd:4f:60:d2:d0,CESI_Corp,-55.0,2462.0,4
1789658872669379840,1789658876183032064,1789658876231604125,12,d4:bd:4f:60:d2:d2,CESI_Robots,-54.0,2462.0,4076
1789658872669379840,1789658876183032064,1789658876231604125,12,d4:bd:4f:60:d2:d1,CESI_HotSpot,-51.0,2462.0,4
1789658872669379840,1789658876183032064,1789658876231604125,12,d4:bd:4f:60:d2:d3,CESI_Recherche,-54.0,2462.0,4076
1789658872669379840,1789658876183032064,1789658876231604125,12,d4:bd:4f:a1:91:c1,CESI_HotSpot,-60.0,5260.0,4
1789658872669379840,1789658876183032064,1789658876231604125,12,d4:bd:4f:a1:91:c2,CESI_Robots,-59.0,5260.0,4
1789658872669379840,1789658876183032064,1789658876231604125,12,d4:bd:4f:a1:91:c3,CESI_Recherche,-61.0,5260.0,4
1789658872669379840,1789658876183032064,1789658876231604125,12,d4:bd:4f:a1:91:c0,CESI_Corp,-61.0,5260.0,4
1789658872669379840,1789658876183032064,1789658876231604125,12,d4:bd:4f:a1:91:c4,CESI_Iot,-61.0,5260.0,4
1789658872669379840,1789658876183032064,1789658876231604125,12,d4:bd:4f:61:91:c3,CESI_Recherche,-50.0,2462.0,4
1789658872669379840,1789658876183032064,1789658876231604125,12,2c:5a:0f:e5:7f:ef,eduspot,-60.0,5180.0,4
1789658872669379840,1789658876183032064,1789658876231604125,12,d4:bd:4f:a1:e5:74,CESI_Iot,-54.0,5260.0,4
1789658872669379840,1789658876183032064,1789658876231604125,12,d4:bd:4f:61:91:c0,CESI_Corp,-49.0,2462.0,4
1789658872669379840,1789658876183032064,1789658876231604125,12,d4:bd:4f:61:91:c1,CESI_HotSpot,-52.0,2462.0,4
1789658872669379840,1789658876183032064,1789658876231604125,12,d4:bd:4f:61:91:c2,CESI_Robots,-56.0,2462.0,4076
1789658872669379840,1789658876183032064,1789658876231604125,12,d4:bd:4f:a1:e5:70,CESI_Corp,-54.0,5260.0,4
1789658872669379840,1789658876183032064,1789658876231604125,12,d4:bd:4f:a1:e5:71,CESI_HotSpot,-54.0,5260.0,4
1789658872669379840,1789658876183032064,1789658876231604125,12,d4:bd:4f:a1:e5:72,CESI_Robots,-55.0,5260.0,4
1789658872669379840,1789658876183032064,1789658876231604125,12,d4:bd:4f:a1:e5:73,CESI_Recherche,-54.0,5260.0,4
1789658872669379840,1789658876183032064,1789658876231604125,12,d4:bd:4f:61:e5:70,CESI_Corp,-49.0,2462.0,4
1789658872669379840,1789658876183032064,1789658876231604125,12,d4:bd:4f:61:e5:73,CESI_Recherche,-53.0,2462.0,4
1789658872669379840,1789658876183032064,1789658876231604125,12,d4:bd:4f:61:e5:74,CESI_Iot,-53.0,2462.0,4
1789658872669379840,1789658876183032064,1789658876231604125,12,d4:bd:4f:61:e5:72,CESI_Robots,-53.0,2462.0,4
1789658872669379840,1789658876183032064,1789658876231604125,12,d4:bd:4f:61:e5:71,CESI_HotSpot,-53.0,2462.0,4
1789658872669379840,1789658876183032064,1789658876231604125,12,d4:bd:4f:a1:f4:50,CESI_Corp,-72.0,5180.0,4
1789658872669379840,1789658876183032064,1789658876231604125,12,d4:bd:4f:a1:f4:51,CESI_HotSpot,-72.0,5180.0,4
1789658872669379840,1789658876183032064,1789658876231604125,12,d4:bd:4f:a1:f4:52,CESI_Robots,-72.0,5180.0,4
1789658872669379840,1789658876183032064,1789658876231604125,12,d4:bd:4f:a1:f4:53,CESI_Recherche,-71.0,5180.0,4
1789658872669379840,1789658876183032064,1789658876231604125,12,d4:bd:4f:a1:f4:54,CESI_Iot,-71.0,5180.0,4
1789658872669379840,1789658876183032064,1789658876231604125,12,d4:bd:4f:60:d2:d4,CESI_Iot,-54.0,2462.0,4076
1789658872669379840,1789658876183032064,1789658876231604125,12,d4:bd:4f:a1:d5:93,CESI_Recherche,-76.0,5260.0,4
1789658872669379840,1789658876183032064,1789658876231604125,12,d4:bd:4f:a1:d5:90,CESI_Corp,-85.0,5260.0,8116
1789658872669379840,1789658876183032064,1789658876231604125,12,d4:bd:4f:a1:d5:91,CESI_HotSpot,-77.0,5260.0,4
1789658872669379840,1789658876183032064,1789658876231604125,12,d4:bd:4f:a1:d5:92,CESI_Robots,-76.0,5260.0,4
1789658872669379840,1789658876183032064,1789658876231604125,12,d4:bd:4f:a1:d5:94,CESI_Iot,-77.0,5260.0,4
1789658872669379840,1789658876183032064,1789658876231604125,12,d4:bd:4f:a1:a9:70,CESI_Corp,-75.0,5260.0,8116
1789658872669379840,1789658876183032064,1789658876231604125,12,d4:bd:4f:61:91:c4,CESI_Iot,-56.0,2462.0,4076
1789658872669379840,1789658876183032064,1789658876231604125,12,2c:5a:0f:e5:7f:ee,eduroam,-61.0,5180.0,4
1789658872669379840,1789658876183032064,1789658876231604125,12,d4:bd:4f:a0:5d:90,CESI_Corp,-73.0,5260.0,4
1789658872669379840,1789658876183032064,1789658876231604125,12,d4:bd:4f:a1:a9:72,CESI_Robots,-69.0,5260.0,4
1789658872669379840,1789658876183032064,1789658876231604125,12,d4:bd:4f:a1:a9:74,CESI_Iot,-68.0,5260.0,4
1789658872669379840,1789658876183032064,1789658876231604125,12,32:24:a9:e8:3e:7f,DIRECT-7F-HP OfficeJet Pro 9010,-75.0,2437.0,28968
1789658872669379840,1789658876183032064,1789658876231604125,12,d4:bd:4f:a1:a9:71,CESI_HotSpot,-69.0,5260.0,4
1789658872669379840,1789658876183032064,1789658876231604125,12,d4:bd:4f:a1:a9:73,CESI_Recherche,-68.0,5260.0,4
1789658872669379840,1789658876183032064,1789658876231604125,12,d4:bd:4f:61:f4:50,CESI_Corp,-64.0,2447.0,4
1789658872669379840,1789658876183032064,1789658876231604125,12,d4:bd:4f:61:f4:51,CESI_HotSpot,-66.0,2447.0,4
1789658872669379840,1789658876183032064,1789658876231604125,12,d4:bd:4f:61:f4:52,CESI_Robots,-64.0,2447.0,4
1789658872669379840,1789658876183032064,1789658876231604125,12,d4:bd:4f:61:f4:53,CESI_Recherche,-63.0,2447.0,4
1789658872669379840,1789658876183032064,1789658876231604125,12,d4:bd:4f:61:f4:54,CESI_Iot,-67.0,2447.0,4
1789658872669379840,1789658876183032064,1789658876231604125,12,8e:97:ea:a4:87:85,,-88.0,5200.0,20632
1789658872669379840,1789658876183032064,1789658876231604125,12,d4:bd:4f:61:a9:71,CESI_HotSpot,-77.0,2462.0,16452
1789658872669379840,1789658876183032064,1789658876231604125,12,d4:bd:4f:a0:5d:91,CESI_HotSpot,-73.0,5260.0,4
1789658872669379840,1789658876183032064,1789658876231604125,12,d4:bd:4f:a0:5d:92,CESI_Robots,-73.0,5260.0,4
1789658872669379840,1789658876183032064,1789658876231604125,12,d4:bd:4f:a0:5d:93,CESI_Recherche,-72.0,5260.0,4
1789658872669379840,1789658876183032064,1789658876231604125,12,d4:bd:4f:a0:5d:94,CESI_Iot,-72.0,5260.0,4
1789658872669379840,1789658876183032064,1789658876231604125,12,d4:bd:4f:a1:91:33,CESI_Recherche,-83.0,5260.0,4076
1789658872669379840,1789658876183032064,1789658876231604125,12,d4:bd:4f:a1:91:34,CESI_Iot,-83.0,5260.0,4076
1789658872669379840,1789658876183032064,1789658876231604125,12,7c:26:64:69:50:04,,-68.0,2462.0,8116
1789658872669379840,1789658876183032064,1789658876231604125,12,d4:bd:4f:a1:91:30,CESI_Corp,-83.0,5260.0,4080
1789658872669379840,1789658876183032064,1789658876231604125,12,d4:bd:4f:a1:91:31,CESI_HotSpot,-84.0,5260.0,4080
1789658872669379840,1789658876183032064,1789658876231604125,12,d4:bd:4f:a1:91:32,CESI_Robots,-83.0,5260.0,4080
1789658872669379840,1789658876183032064,1789658876231604125,12,f8:0b:cb:42:a1:2d,\x00,-87.0,5500.0,4080
1789658872669379840,1789658876183032064,1789658876231604125,12,f8:0b:cb:42:cc:8f,eduspot,-84.0,5680.0,8
1789658872669379840,1789658876183032064,1789658876231604125,12,78:c4:0e:d7:b1:30,RM828_WIFI,-78.0,2412.0,8
1789658872669379840,1789658876183032064,1789658876231604125,12,f8:0b:cb:42:a1:24,TEST-DN-802.1x,-90.0,5500.0,8
1789658876734204928,1789658880203756032,1789658880259339095,13,02:91:9e:71:b0:15,poppy_net,-35.0,2412.0,4
1789658876734204928,1789658880203756032,1789658880259339095,13,32:0d:cb:9d:dd:f0,iPhone moe b,-39.0,2412.0,4
1789658876734204928,1789658880203756032,1789658880259339095,13,7c:26:64:69:50:05,,-77.0,5320.0,4
1789658876734204928,1789658880203756032,1789658880259339095,13,d4:bd:4f:a0:d2:d0,CESI_Corp,-59.0,5260.0,4
1789658876734204928,1789658880203756032,1789658880259339095,13,d4:bd:4f:a0:d2:d1,CESI_HotSpot,-59.0,5260.0,4
1789658876734204928,1789658880203756032,1789658880259339095,13,d4:bd:4f:a0:d2:d2,CESI_Robots,-60.0,5260.0,4
1789658876734204928,1789658880203756032,1789658880259339095,13,d4:bd:4f:a0:d2:d3,CESI_Recherche,-60.0,5260.0,4
1789658876734204928,1789658880203756032,1789658880259339095,13,d4:bd:4f:a0:d2:d4,CESI_Iot,-60.0,5260.0,4
1789658876734204928,1789658880203756032,1789658880259339095,13,d4:bd:4f:60:d2:d0,CESI_Corp,-55.0,2462.0,4024
1789658876734204928,1789658880203756032,1789658880259339095,13,d4:bd:4f:60:d2:d2,CESI_Robots,-54.0,2462.0,8096
1789658876734204928,1789658880203756032,1789658880259339095,13,d4:bd:4f:60:d2:d1,CESI_HotSpot,-51.0,2462.0,4024
1789658876734204928,1789658880203756032,1789658880259339095,13,d4:bd:4f:60:d2:d3,CESI_Recherche,-54.0,2462.0,8096
1789658876734204928,1789658880203756032,1789658880259339095,13,d4:bd:4f:a1:91:c1,CESI_HotSpot,-53.0,5260.0,4
1789658876734204928,1789658880203756032,1789658880259339095,13,d4:bd:4f:a1:91:c2,CESI_Robots,-54.0,5260.0,4
1789658876734204928,1789658880203756032,1789658880259339095,13,d4:bd:4f:a1:91:c3,CESI_Recherche,-54.0,5260.0,4
1789658876734204928,1789658880203756032,1789658880259339095,13,d4:bd:4f:a1:91:c0,CESI_Corp,-53.0,5260.0,4
1789658876734204928,1789658880203756032,1789658880259339095,13,d4:bd:4f:a1:91:c4,CESI_Iot,-54.0,5260.0,4
1789658876734204928,1789658880203756032,1789658880259339095,13,d4:bd:4f:61:91:c3,CESI_Recherche,-60.0,2462.0,4
1789658876734204928,1789658880203756032,1789658880259339095,13,2c:5a:0f:e5:7f:ef,eduspot,-57.0,5180.0,4
1789658876734204928,1789658880203756032,1789658880259339095,13,d4:bd:4f:a1:e5:74,CESI_Iot,-58.0,5260.0,4
1789658876734204928,1789658880203756032,1789658880259339095,13,d4:bd:4f:61:91:c0,CESI_Corp,-54.0,2462.0,4
1789658876734204928,1789658880203756032,1789658880259339095,13,d4:bd:4f:61:91:c1,CESI_HotSpot,-54.0,2462.0,4
1789658876734204928,1789658880203756032,1789658880259339095,13,d4:bd:4f:61:91:c2,CESI_Robots,-58.0,2462.0,4
1789658876734204928,1789658880203756032,1789658880259339095,13,d4:bd:4f:a1:e5:70,CESI_Corp,-58.0,5260.0,4
1789658876734204928,1789658880203756032,1789658880259339095,13,d4:bd:4f:a1:e5:71,CESI_HotSpot,-58.0,5260.0,4
1789658876734204928,1789658880203756032,1789658880259339095,13,d4:bd:4f:a1:e5:72,CESI_Robots,-58.0,5260.0,4
1789658876734204928,1789658880203756032,1789658880259339095,13,d4:bd:4f:a1:e5:73,CESI_Recherche,-58.0,5260.0,4
1789658876734204928,1789658880203756032,1789658880259339095,13,d4:bd:4f:61:e5:70,CESI_Corp,-58.0,2462.0,4
1789658876734204928,1789658880203756032,1789658880259339095,13,d4:bd:4f:61:e5:73,CESI_Recherche,-61.0,2462.0,4
1789658876734204928,1789658880203756032,1789658880259339095,13,d4:bd:4f:61:e5:74,CESI_Iot,-59.0,2462.0,4
1789658876734204928,1789658880203756032,1789658880259339095,13,d4:bd:4f:61:e5:72,CESI_Robots,-59.0,2462.0,4
1789658876734204928,1789658880203756032,1789658880259339095,13,d4:bd:4f:61:e5:71,CESI_HotSpot,-58.0,2462.0,4
1789658876734204928,1789658880203756032,1789658880259339095,13,d4:bd:4f:a1:f4:50,CESI_Corp,-71.0,5180.0,4
1789658876734204928,1789658880203756032,1789658880259339095,13,d4:bd:4f:a1:f4:51,CESI_HotSpot,-71.0,5180.0,4
1789658876734204928,1789658880203756032,1789658880259339095,13,d4:bd:4f:a1:f4:52,CESI_Robots,-71.0,5180.0,4
1789658876734204928,1789658880203756032,1789658880259339095,13,d4:bd:4f:a1:f4:53,CESI_Recherche,-72.0,5180.0,4
1789658876734204928,1789658880203756032,1789658880259339095,13,d4:bd:4f:a1:f4:54,CESI_Iot,-71.0,5180.0,4
1789658876734204928,1789658880203756032,1789658880259339095,13,d4:bd:4f:60:d2:d4,CESI_Iot,-54.0,2462.0,8096
1789658876734204928,1789658880203756032,1789658880259339095,13,d4:bd:4f:a1:d5:93,CESI_Recherche,-77.0,5260.0,4
1789658876734204928,1789658880203756032,1789658880259339095,13,d4:bd:4f:a1:d5:90,CESI_Corp,-77.0,5260.0,4
1789658876734204928,1789658880203756032,1789658880259339095,13,d4:bd:4f:a1:d5:91,CESI_HotSpot,-77.0,5260.0,4
1789658876734204928,1789658880203756032,1789658880259339095,13,d4:bd:4f:a1:d5:92,CESI_Robots,-77.0,5260.0,4
1789658876734204928,1789658880203756032,1789658880259339095,13,d4:bd:4f:a1:d5:94,CESI_Iot,-77.0,5260.0,4
1789658876734204928,1789658880203756032,1789658880259339095,13,d4:bd:4f:a1:a9:70,CESI_Corp,-75.0,5260.0,12136
1789658876734204928,1789658880203756032,1789658880259339095,13,d4:bd:4f:61:91:c4,CESI_Iot,-58.0,2462.0,4
1789658876734204928,1789658880203756032,1789658880259339095,13,2c:5a:0f:e5:7f:ee,eduroam,-57.0,5180.0,4
1789658876734204928,1789658880203756032,1789658880259339095,13,d4:bd:4f:a0:5d:90,CESI_Corp,-73.0,5260.0,4024
1789658876734204928,1789658880203756032,1789658880259339095,13,d4:bd:4f:a1:a9:72,CESI_Robots,-68.0,5260.0,4
1789658876734204928,1789658880203756032,1789658880259339095,13,d4:bd:4f:a1:a9:74,CESI_Iot,-68.0,5260.0,4
1789658876734204928,1789658880203756032,1789658880259339095,13,d4:bd:4f:a1:a9:71,CESI_HotSpot,-67.0,5260.0,4
1789658876734204928,1789658880203756032,1789658880259339095,13,d4:bd:4f:a1:a9:73,CESI_Recherche,-68.0,5260.0,4
1789658876734204928,1789658880203756032,1789658880259339095,13,d4:bd:4f:61:f4:50,CESI_Corp,-64.0,2447.0,4024
1789658876734204928,1789658880203756032,1789658880259339095,13,d4:bd:4f:61:f4:51,CESI_HotSpot,-66.0,2447.0,4024
1789658876734204928,1789658880203756032,1789658880259339095,13,d4:bd:4f:61:f4:52,CESI_Robots,-64.0,2447.0,4024
1789658876734204928,1789658880203756032,1789658880259339095,13,d4:bd:4f:61:f4:53,CESI_Recherche,-63.0,2447.0,4024
1789658876734204928,1789658880203756032,1789658880259339095,13,d4:bd:4f:61:f4:54,CESI_Iot,-67.0,2447.0,4024
1789658876734204928,1789658880203756032,1789658880259339095,13,8e:97:ea:a4:87:85,,-88.0,5200.0,24652
1789658876734204928,1789658880203756032,1789658880259339095,13,d4:bd:4f:61:a9:71,CESI_HotSpot,-77.0,2462.0,20472
1789658876734204928,1789658880203756032,1789658880259339095,13,d4:bd:4f:a0:5d:91,CESI_HotSpot,-73.0,5260.0,4024
1789658876734204928,1789658880203756032,1789658880259339095,13,d4:bd:4f:a0:5d:92,CESI_Robots,-73.0,5260.0,4
1789658876734204928,1789658880203756032,1789658880259339095,13,d4:bd:4f:a0:5d:93,CESI_Recherche,-73.0,5260.0,4
1789658876734204928,1789658880203756032,1789658880259339095,13,d4:bd:4f:a0:5d:94,CESI_Iot,-74.0,5260.0,4
1789658876734204928,1789658880203756032,1789658880259339095,13,d4:bd:4f:a1:91:33,CESI_Recherche,-83.0,5260.0,4
1789658876734204928,1789658880203756032,1789658880259339095,13,d4:bd:4f:a1:91:34,CESI_Iot,-83.0,5260.0,4
1789658876734204928,1789658880203756032,1789658880259339095,13,7c:26:64:69:50:04,,-68.0,2462.0,12136
1789658876734204928,1789658880203756032,1789658880259339095,13,d4:bd:4f:a1:91:30,CESI_Corp,-83.0,5260.0,8096
1789658876734204928,1789658880203756032,1789658880259339095,13,d4:bd:4f:a1:91:31,CESI_HotSpot,-82.0,5260.0,8
1789658876734204928,1789658880203756032,1789658880259339095,13,d4:bd:4f:a1:91:32,CESI_Robots,-83.0,5260.0,8
1789658876734204928,1789658880203756032,1789658880259339095,13,f8:0b:cb:42:a1:2d,\x00,-87.0,5500.0,8100
1789658876734204928,1789658880203756032,1789658880259339095,13,f8:0b:cb:42:cc:8f,eduspot,-84.0,5680.0,4028
1789658876734204928,1789658880203756032,1789658880259339095,13,78:c4:0e:d7:b1:30,RM828_WIFI,-78.0,2412.0,4028
1789658876734204928,1789658880203756032,1789658880259339095,13,f8:0b:cb:42:a1:24,TEST-DN-802.1x,-90.0,5500.0,4028
1789658876734204928,1789658880203756032,1789658880259339095,13,d4:bd:4f:61:d5:90,CESI_Corp,-76.0,2462.0,8
1789658876734204928,1789658880203756032,1789658880259339095,13,d4:bd:4f:61:d5:94,CESI_Iot,-78.0,2462.0,8
1789658876734204928,1789658880203756032,1789658880259339095,13,d4:bd:4f:61:d5:93,CESI_Recherche,-78.0,2462.0,8
1789658876734204928,1789658880203756032,1789658880259339095,13,f4:6a:dd:3c:f0:8d,,-88.0,5180.0,8
1789658876734204928,1789658880203756032,1789658880259339095,13,f8:0b:cb:42:a1:2b,eduroam,-88.0,5500.0,8
1789658876734204928,1789658880203756032,1789658880259339095,13,f8:0b:cb:42:a1:26,iot3,-86.0,5500.0,8
1789658876734204928,1789658880203756032,1789658880259339095,13,f8:0b:cb:42:cc:8e,eduroam,-88.0,5680.0,8
1789658880762438912,1789658884280352000,1789658884338027281,14,02:91:9e:71:b0:15,poppy_net,-40.0,2412.0,4
1789658880762438912,1789658884280352000,1789658884338027281,14,32:0d:cb:9d:dd:f0,iPhone moe b,-41.0,2412.0,4
1789658880762438912,1789658884280352000,1789658884338027281,14,7c:26:64:69:50:05,,-72.0,5320.0,4
1789658880762438912,1789658884280352000,1789658884338027281,14,d4:bd:4f:a0:d2:d0,CESI_Corp,-53.0,5260.0,4
1789658880762438912,1789658884280352000,1789658884338027281,14,d4:bd:4f:a0:d2:d1,CESI_HotSpot,-54.0,5260.0,4
1789658880762438912,1789658884280352000,1789658884338027281,14,d4:bd:4f:a0:d2:d2,CESI_Robots,-53.0,5260.0,4
1789658880762438912,1789658884280352000,1789658884338027281,14,d4:bd:4f:a0:d2:d3,CESI_Recherche,-53.0,5260.0,4
1789658880762438912,1789658884280352000,1789658884338027281,14,d4:bd:4f:a0:d2:d4,CESI_Iot,-53.0,5260.0,4
1789658880762438912,1789658884280352000,1789658884338027281,14,d4:bd:4f:60:d2:d0,CESI_Corp,-50.0,2462.0,4
1789658880762438912,1789658884280352000,1789658884338027281,14,d4:bd:4f:60:d2:d2,CESI_Robots,-56.0,2462.0,4
1789658880762438912,1789658884280352000,1789658884338027281,14,d4:bd:4f:60:d2:d1,CESI_HotSpot,-55.0,2462.0,4
1789658880762438912,1789658884280352000,1789658884338027281,14,d4:bd:4f:60:d2:d3,CESI_Recherche,-55.0,2462.0,4
1789658880762438912,1789658884280352000,1789658884338027281,14,d4:bd:4f:a1:91:c1,CESI_HotSpot,-61.0,5260.0,4
1789658880762438912,1789658884280352000,1789658884338027281,14,d4:bd:4f:a1:91:c2,CESI_Robots,-60.0,5260.0,4
1789658880762438912,1789658884280352000,1789658884338027281,14,d4:bd:4f:a1:91:c3,CESI_Recherche,-60.0,5260.0,4
1789658880762438912,1789658884280352000,1789658884338027281,14,d4:bd:4f:a1:91:c0,CESI_Corp,-61.0,5260.0,4
1789658880762438912,1789658884280352000,1789658884338027281,14,d4:bd:4f:a1:91:c4,CESI_Iot,-59.0,5260.0,4
1789658880762438912,1789658884280352000,1789658884338027281,14,d4:bd:4f:61:91:c3,CESI_Recherche,-62.0,2462.0,4
1789658880762438912,1789658884280352000,1789658884338027281,14,2c:5a:0f:e5:7f:ef,eduspot,-69.0,5180.0,4
1789658880762438912,1789658884280352000,1789658884338027281,14,d4:bd:4f:a1:e5:74,CESI_Iot,-61.0,5260.0,4
1789658880762438912,1789658884280352000,1789658884338027281,14,d4:bd:4f:61:91:c0,CESI_Corp,-62.0,2462.0,4
1789658880762438912,1789658884280352000,1789658884338027281,14,d4:bd:4f:61:91:c1,CESI_HotSpot,-62.0,2462.0,4
1789658880762438912,1789658884280352000,1789658884338027281,14,d4:bd:4f:61:91:c2,CESI_Robots,-57.0,2462.0,4
1789658880762438912,1789658884280352000,1789658884338027281,14,d4:bd:4f:a1:e5:70,CESI_Corp,-61.0,5260.0,4
1789658880762438912,1789658884280352000,1789658884338027281,14,d4:bd:4f:a1:e5:71,CESI_HotSpot,-58.0,5260.0,4076
1789658880762438912,1789658884280352000,1789658884338027281,14,d4:bd:4f:a1:e5:72,CESI_Robots,-61.0,5260.0,4
1789658880762438912,1789658884280352000,1789658884338027281,14,d4:bd:4f:a1:e5:73,CESI_Recherche,-61.0,5260.0,4
1789658880762438912,1789658884280352000,1789658884338027281,14,d4:bd:4f:61:e5:70,CESI_Corp,-54.0,2462.0,4
1789658880762438912,1789658884280352000,1789658884338027281,14,d4:bd:4f:61:e5:73,CESI_Recherche,-53.0,2462.0,4
1789658880762438912,1789658884280352000,1789658884338027281,14,d4:bd:4f:61:e5:74,CESI_Iot,-52.0,2462.0,4
1789658880762438912,1789658884280352000,1789658884338027281,14,d4:bd:4f:61:e5:72,CESI_Robots,-53.0,2462.0,4
1789658880762438912,1789658884280352000,1789658884338027281,14,d4:bd:4f:61:e5:71,CESI_HotSpot,-53.0,2462.0,4
1789658880762438912,1789658884280352000,1789658884338027281,14,d4:bd:4f:a1:f4:50,CESI_Corp,-73.0,5180.0,4
1789658880762438912,1789658884280352000,1789658884338027281,14,d4:bd:4f:a1:f4:51,CESI_HotSpot,-73.0,5180.0,4
1789658880762438912,1789658884280352000,1789658884338027281,14,d4:bd:4f:a1:f4:52,CESI_Robots,-73.0,5180.0,4
1789658880762438912,1789658884280352000,1789658884338027281,14,d4:bd:4f:a1:f4:53,CESI_Recherche,-73.0,5180.0,4
1789658880762438912,1789658884280352000,1789658884338027281,14,d4:bd:4f:a1:f4:54,CESI_Iot,-73.0,5180.0,4
1789658880762438912,1789658884280352000,1789658884338027281,14,d4:bd:4f:60:d2:d4,CESI_Iot,-56.0,2462.0,4
1789658880762438912,1789658884280352000,1789658884338027281,14,d4:bd:4f:a1:d5:93,CESI_Recherche,-79.0,5260.0,4
1789658880762438912,1789658884280352000,1789658884338027281,14,d4:bd:4f:a1:d5:90,CESI_Corp,-77.0,5260.0,4076
1789658880762438912,1789658884280352000,1789658884338027281,14,d4:bd:4f:a1:d5:91,CESI_HotSpot,-77.0,5260.0,4076
1789658880762438912,1789658884280352000,1789658884338027281,14,d4:bd:4f:a1:d5:92,CESI_Robots,-79.0,5260.0,4
1789658880762438912,1789658884280352000,1789658884338027281,14,d4:bd:4f:a1:d5:94,CESI_Iot,-79.0,5260.0,4
1789658880762438912,1789658884280352000,1789658884338027281,14,d4:bd:4f:a1:a9:70,CESI_Corp,-75.0,5260.0,16208
1789658880762438912,1789658884280352000,1789658884338027281,14,d4:bd:4f:61:91:c4,CESI_Iot,-57.0,2462.0,4
1789658880762438912,1789658884280352000,1789658884338027281,14,2c:5a:0f:e5:7f:ee,eduroam,-69.0,5180.0,4
1789658880762438912,1789658884280352000,1789658884338027281,14,d4:bd:4f:a0:5d:90,CESI_Corp,-73.0,5260.0,8096
1789658880762438912,1789658884280352000,1789658884338027281,14,d4:bd:4f:a1:a9:72,CESI_Robots,-65.0,5260.0,4
1789658880762438912,1789658884280352000,1789658884338027281,14,d4:bd:4f:a1:a9:74,CESI_Iot,-64.0,5260.0,4
1789658880762438912,1789658884280352000,1789658884338027281,14,d4:bd:4f:a1:a9:71,CESI_HotSpot,-64.0,5260.0,4
1789658880762438912,1789658884280352000,1789658884338027281,14,d4:bd:4f:a1:a9:73,CESI_Recherche,-65.0,5260.0,4
1789658880762438912,1789658884280352000,1789658884338027281,14,d4:bd:4f:61:f4:50,CESI_Corp,-60.0,2447.0,4
1789658880762438912,1789658884280352000,1789658884338027281,14,d4:bd:4f:61:f4:51,CESI_HotSpot,-66.0,2447.0,8096
1789658880762438912,1789658884280352000,1789658884338027281,14,d4:bd:4f:61:f4:52,CESI_Robots,-64.0,2447.0,8096
1789658880762438912,1789658884280352000,1789658884338027281,14,d4:bd:4f:61:f4:53,CESI_Recherche,-63.0,2447.0,8096
1789658880762438912,1789658884280352000,1789658884338027281,14,d4:bd:4f:61:f4:54,CESI_Iot,-67.0,2447.0,8096
1789658880762438912,1789658884280352000,1789658884338027281,14,8e:97:ea:a4:87:85,,-88.0,5200.0,28724
1789658880762438912,1789658884280352000,1789658884338027281,14,d4:bd:4f:61:a9:71,CESI_HotSpot,-77.0,2462.0,24544
1789658880762438912,1789658884280352000,1789658884338027281,14,d4:bd:4f:a0:5d:91,CESI_HotSpot,-73.0,5260.0,8096
1789658880762438912,1789658884280352000,1789658884338027281,14,d4:bd:4f:a0:5d:92,CESI_Robots,-76.0,5260.0,4
1789658880762438912,1789658884280352000,1789658884338027281,14,d4:bd:4f:a0:5d:93,CESI_Recherche,-76.0,5260.0,4
1789658880762438912,1789658884280352000,1789658884338027281,14,d4:bd:4f:a0:5d:94,CESI_Iot,-76.0,5260.0,4
1789658880762438912,1789658884280352000,1789658884338027281,14,d4:bd:4f:a1:91:33,CESI_Recherche,-84.0,5260.0,4
1789658880762438912,1789658884280352000,1789658884338027281,14,d4:bd:4f:a1:91:34,CESI_Iot,-83.0,5260.0,4076
1789658880762438912,1789658884280352000,1789658884338027281,14,7c:26:64:69:50:04,,-68.0,2462.0,16208
1789658880762438912,1789658884280352000,1789658884338027281,14,d4:bd:4f:a1:91:30,CESI_Corp,-86.0,5260.0,4
1789658880762438912,1789658884280352000,1789658884338027281,14,d4:bd:4f:a1:91:31,CESI_HotSpot,-86.0,5260.0,12
1789658880762438912,1789658884280352000,1789658884338027281,14,d4:bd:4f:a1:91:32,CESI_Robots,-85.0,5260.0,12
1789658880762438912,1789658884280352000,1789658884338027281,14,f8:0b:cb:42:a1:2d,\x00,-87.0,5500.0,12176
1789658880762438912,1789658884280352000,1789658884338027281,14,f8:0b:cb:42:cc:8f,eduspot,-84.0,5680.0,8104
1789658880762438912,1789658884280352000,1789658884338027281,14,78:c4:0e:d7:b1:30,RM828_WIFI,-76.0,2412.0,12
1789658880762438912,1789658884280352000,1789658884338027281,14,f8:0b:cb:42:a1:24,TEST-DN-802.1x,-90.0,5500.0,8104
1789658880762438912,1789658884280352000,1789658884338027281,14,d4:bd:4f:61:d5:90,CESI_Corp,-76.0,2462.0,4084
1789658880762438912,1789658884280352000,1789658884338027281,14,d4:bd:4f:61:d5:94,CESI_Iot,-78.0,2462.0,4084
1789658880762438912,1789658884280352000,1789658884338027281,14,d4:bd:4f:61:d5:93,CESI_Recherche,-78.0,2462.0,4084
1789658880762438912,1789658884280352000,1789658884338027281,14,f4:6a:dd:3c:f0:8d,,-88.0,5180.0,4084
1789658880762438912,1789658884280352000,1789658884338027281,14,f8:0b:cb:42:a1:2b,eduroam,-88.0,5500.0,4084
1789658880762438912,1789658884280352000,1789658884338027281,14,f8:0b:cb:42:a1:26,iot3,-86.0,5500.0,4084
1789658880762438912,1789658884280352000,1789658884338027281,14,f8:0b:cb:42:cc:8e,eduroam,-89.0,5680.0,12
1789658880762438912,1789658884280352000,1789658884338027281,14,d4:bd:4f:60:5d:90,CESI_Corp,-75.0,2462.0,12
1789658880762438912,1789658884280352000,1789658884338027281,14,f8:0b:cb:42:a1:2c,iut-info,-88.0,5500.0,12
1789658880762438912,1789658884280352000,1789658884338027281,14,f8:0b:cb:42:a1:21,Examen,-88.0,5500.0,12
1789658880762438912,1789658884280352000,1789658884338027281,14,f8:0b:cb:42:a1:2a,eduspot,-88.0,5500.0,12
1789658880762438912,1789658884280352000,1789658884338027281,14,f8:0b:cb:42:a1:20,EEA-IOT,-90.0,5500.0,12
1789658884840161024,1789658888404954880,1789658888460212600,15,02:91:9e:71:b0:15,poppy_net,-42.0,2412.0,4
1789658884840161024,1789658888404954880,1789658888460212600,15,32:0d:cb:9d:dd:f0,iPhone moe b,-53.0,2412.0,4
1789658884840161024,1789658888404954880,1789658888460212600,15,7c:26:64:69:50:05,,-75.0,5320.0,4
1789658884840161024,1789658888404954880,1789658888460212600,15,d4:bd:4f:a0:d2:d0,CESI_Corp,-57.0,5260.0,4
1789658884840161024,1789658888404954880,1789658888460212600,15,d4:bd:4f:a0:d2:d1,CESI_HotSpot,-57.0,5260.0,4
1789658884840161024,1789658888404954880,1789658888460212600,15,d4:bd:4f:a0:d2:d2,CESI_Robots,-57.0,5260.0,4
1789658884840161024,1789658888404954880,1789658888460212600,15,d4:bd:4f:a0:d2:d3,CESI_Recherche,-57.0,5260.0,4
1789658884840161024,1789658888404954880,1789658888460212600,15,d4:bd:4f:a0:d2:d4,CESI_Iot,-57.0,5260.0,4
1789658884840161024,1789658888404954880,1789658888460212600,15,d4:bd:4f:60:d2:d0,CESI_Corp,-50.0,2462.0,4
1789658884840161024,1789658888404954880,1789658888460212600,15,d4:bd:4f:60:d2:d2,CESI_Robots,-50.0,2462.0,4
1789658884840161024,1789658888404954880,1789658888460212600,15,d4:bd:4f:60:d2:d1,CESI_HotSpot,-50.0,2462.0,4
1789658884840161024,1789658888404954880,1789658888460212600,15,d4:bd:4f:60:d2:d3,CESI_Recherche,-55.0,2462.0,4132
1789658884840161024,1789658888404954880,1789658888460212600,15,d4:bd:4f:a1:91:c1,CESI_HotSpot,-61.0,5260.0,4
1789658884840161024,1789658888404954880,1789658888460212600,15,d4:bd:4f:a1:91:c2,CESI_Robots,-61.0,5260.0,4
1789658884840161024,1789658888404954880,1789658888460212600,15,d4:bd:4f:a1:91:c3,CESI_Recherche,-61.0,5260.0,4
1789658884840161024,1789658888404954880,1789658888460212600,15,d4:bd:4f:a1:91:c0,CESI_Corp,-61.0,5260.0,4
1789658884840161024,1789658888404954880,1789658888460212600,15,d4:bd:4f:a1:91:c4,CESI_Iot,-60.0,5260.0,4
1789658884840161024,1789658888404954880,1789658888460212600,15,d4:bd:4f:61:91:c3,CESI_Recherche,-57.0,2462.0,4
1789658884840161024,1789658888404954880,1789658888460212600,15,2c:5a:0f:e5:7f:ef,eduspot,-68.0,5180.0,4
1789658884840161024,1789658888404954880,1789658888460212600,15,d4:bd:4f:a1:e5:74,CESI_Iot,-57.0,5260.0,4
1789658884840161024,1789658888404954880,1789658888460212600,15,d4:bd:4f:61:91:c0,CESI_Corp,-53.0,2462.0,4
1789658884840161024,1789658888404954880,1789658888460212600,15,d4:bd:4f:61:91:c1,CESI_HotSpot,-56.0,2462.0,4
1789658884840161024,1789658888404954880,1789658888460212600,15,d4:bd:4f:61:91:c2,CESI_Robots,-57.0,2462.0,4
1789658884840161024,1789658888404954880,1789658888460212600,15,d4:bd:4f:a1:e5:70,CESI_Corp,-56.0,5260.0,4
1789658884840161024,1789658888404954880,1789658888460212600,15,d4:bd:4f:a1:e5:71,CESI_HotSpot,-57.0,5260.0,4
1789658884840161024,1789658888404954880,1789658888460212600,15,d4:bd:4f:a1:e5:72,CESI_Robots,-56.0,5260.0,4
1789658884840161024,1789658888404954880,1789658888460212600,15,d4:bd:4f:a1:e5:73,CESI_Recherche,-57.0,5260.0,4
1789658884840161024,1789658888404954880,1789658888460212600,15,d4:bd:4f:61:e5:70,CESI_Corp,-53.0,2462.0,4
1789658884840161024,1789658888404954880,1789658888460212600,15,d4:bd:4f:61:e5:73,CESI_Recherche,-52.0,2462.0,4
1789658884840161024,1789658888404954880,1789658888460212600,15,d4:bd:4f:61:e5:74,CESI_Iot,-53.0,2462.0,4
1789658884840161024,1789658888404954880,1789658888460212600,15,d4:bd:4f:61:e5:72,CESI_Robots,-53.0,2462.0,4
1789658884840161024,1789658888404954880,1789658888460212600,15,d4:bd:4f:61:e5:71,CESI_HotSpot,-57.0,2462.0,4
1789658884840161024,1789658888404954880,1789658888460212600,15,d4:bd:4f:a1:f4:50,CESI_Corp,-77.0,5180.0,4
1789658884840161024,1789658888404954880,1789658888460212600,15,d4:bd:4f:a1:f4:51,CESI_HotSpot,-76.0,5180.0,4
1789658884840161024,1789658888404954880,1789658888460212600,15,d4:bd:4f:a1:f4:52,CESI_Robots,-77.0,5180.0,4
1789658884840161024,1789658888404954880,1789658888460212600,15,d4:bd:4f:a1:f4:53,CESI_Recherche,-76.0,5180.0,4
1789658884840161024,1789658888404954880,1789658888460212600,15,d4:bd:4f:a1:f4:54,CESI_Iot,-77.0,5180.0,4
1789658884840161024,1789658888404954880,1789658888460212600,15,d4:bd:4f:60:d2:d4,CESI_Iot,-56.0,2462.0,4132
1789658884840161024,1789658888404954880,1789658888460212600,15,d4:bd:4f:a1:d5:93,CESI_Recherche,-76.0,5260.0,4
1789658884840161024,1789658888404954880,1789658888460212600,15,d4:bd:4f:a1:d5:90,CESI_Corp,-76.0,5260.0,4
1789658884840161024,1789658888404954880,1789658888460212600,15,d4:bd:4f:a1:d5:91,CESI_HotSpot,-76.0,5260.0,4
1789658884840161024,1789658888404954880,1789658888460212600,15,d4:bd:4f:a1:d5:92,CESI_Robots,-76.0,5260.0,4
1789658884840161024,1789658888404954880,1789658888460212600,15,d4:bd:4f:a1:d5:94,CESI_Iot,-76.0,5260.0,4
1789658884840161024,1789658888404954880,1789658888460212600,15,d4:bd:4f:a1:a9:70,CESI_Corp,-73.0,5260.0,4
1789658884840161024,1789658888404954880,1789658888460212600,15,d4:bd:4f:61:91:c4,CESI_Iot,-56.0,2462.0,4
1789658884840161024,1789658888404954880,1789658888460212600,15,2c:5a:0f:e5:7f:ee,eduroam,-69.0,5180.0,4
1789658884840161024,1789658888404954880,1789658888460212600,15,d4:bd:4f:a0:5d:90,CESI_Corp,-73.0,5260.0,12224
1789658884840161024,1789658888404954880,1789658888460212600,15,d4:bd:4f:a1:a9:72,CESI_Robots,-73.0,5260.0,4
1789658884840161024,1789658888404954880,1789658888460212600,15,d4:bd:4f:a1:a9:74,CESI_Iot,-73.0,5260.0,4
1789658884840161024,1789658888404954880,1789658888460212600,15,d4:bd:4f:a1:a9:71,CESI_HotSpot,-73.0,5260.0,4
1789658884840161024,1789658888404954880,1789658888460212600,15,d4:bd:4f:a1:a9:73,CESI_Recherche,-73.0,5260.0,4
1789658884840161024,1789658888404954880,1789658888460212600,15,d4:bd:4f:61:f4:50,CESI_Corp,-69.0,2447.0,4
1789658884840161024,1789658888404954880,1789658888460212600,15,d4:bd:4f:61:f4:51,CESI_HotSpot,-63.0,2447.0,4
1789658884840161024,1789658888404954880,1789658888460212600,15,d4:bd:4f:61:f4:52,CESI_Robots,-63.0,2447.0,4
1789658884840161024,1789658888404954880,1789658888460212600,15,d4:bd:4f:61:f4:53,CESI_Recherche,-67.0,2447.0,4
1789658884840161024,1789658888404954880,1789658888460212600,15,d4:bd:4f:61:f4:54,CESI_Iot,-63.0,2447.0,4
1789658884840161024,1789658888404954880,1789658888460212600,15,d4:bd:4f:61:a9:71,CESI_HotSpot,-79.0,2462.0,4
1789658884840161024,1789658888404954880,1789658888460212600,15,d4:bd:4f:a0:5d:91,CESI_HotSpot,-73.0,5260.0,12224
1789658884840161024,1789658888404954880,1789658888460212600,15,d4:bd:4f:a0:5d:92,CESI_Robots,-83.0,5260.0,4
1789658884840161024,1789658888404954880,1789658888460212600,15,d4:bd:4f:a0:5d:93,CESI_Recherche,-81.0,5260.0,4
1789658884840161024,1789658888404954880,1789658888460212600,15,d4:bd:4f:a0:5d:94,CESI_Iot,-83.0,5260.0,4
1789658884840161024,1789658888404954880,1789658888460212600,15,d4:bd:4f:a1:91:33,CESI_Recherche,-82.0,5260.0,4
1789658884840161024,1789658888404954880,1789658888460212600,15,d4:bd:4f:a1:91:34,CESI_Iot,-81.0,5260.0,4
1789658884840161024,1789658888404954880,1789658888460212600,15,7c:26:64:69:50:04,,-68.0,2462.0,20336
1789658884840161024,1789658888404954880,1789658888460212600,15,d4:bd:4f:a1:91:30,CESI_Corp,-82.0,5260.0,4
1789658884840161024,1789658888404954880,1789658888460212600,15,d4:bd:4f:a1:91:31,CESI_HotSpot,-82.0,5260.0,8
1789658884840161024,1789658888404954880,1789658888460212600,15,d4:bd:4f:a1:91:32,CESI_Robots,-82.0,5260.0,8
1789658884840161024,1789658888404954880,1789658888460212600,15,f8:0b:cb:42:a1:2d,\x00,-87.0,5500.0,16300
1789658884840161024,1789658888404954880,1789658888460212600,15,f8:0b:cb:42:cc:8f,eduspot,-80.0,5680.0,8
1789658884840161024,1789658888404954880,1789658888460212600,15,78:c4:0e:d7:b1:30,RM828_WIFI,-76.0,2412.0,4136
1789658884840161024,1789658888404954880,1789658888460212600,15,f8:0b:cb:42:a1:24,TEST-DN-802.1x,-90.0,5500.0,12228
1789658884840161024,1789658888404954880,1789658888460212600,15,d4:bd:4f:61:d5:90,CESI_Corp,-76.0,2462.0,8208
1789658884840161024,1789658888404954880,1789658888460212600,15,d4:bd:4f:61:d5:94,CESI_Iot,-78.0,2462.0,8208
1789658884840161024,1789658888404954880,1789658888460212600,15,d4:bd:4f:61:d5:93,CESI_Recherche,-78.0,2462.0,8208
1789658884840161024,1789658888404954880,1789658888460212600,15,f4:6a:dd:3c:f0:8d,,-88.0,5180.0,8208
1789658884840161024,1789658888404954880,1789658888460212600,15,f8:0b:cb:42:a1:2b,eduroam,-88.0,5500.0,8208
1789658884840161024,1789658888404954880,1789658888460212600,15,f8:0b:cb:42:a1:26,iot3,-86.0,5500.0,8208
1789658884840161024,1789658888404954880,1789658888460212600,15,f8:0b:cb:42:cc:8e,eduroam,-82.0,5680.0,8
1789658884840161024,1789658888404954880,1789658888460212600,15,d4:bd:4f:60:5d:90,CESI_Corp,-75.0,2462.0,4136
1789658884840161024,1789658888404954880,1789658888460212600,15,f8:0b:cb:42:a1:2c,iut-info,-88.0,5500.0,4136
1789658884840161024,1789658888404954880,1789658888460212600,15,f8:0b:cb:42:a1:21,Examen,-88.0,5500.0,4136
1789658884840161024,1789658888404954880,1789658888460212600,15,f8:0b:cb:42:a1:2a,eduspot,-88.0,5500.0,4136
1789658884840161024,1789658888404954880,1789658888460212600,15,f8:0b:cb:42:a1:20,EEA-IOT,-90.0,5500.0,4136
1789658884840161024,1789658888404954880,1789658888460212600,15,d4:bd:4f:61:a9:70,CESI_Corp,-78.0,2462.0,8
1789658888962703872,1789658892489123072,1789658892547951148,16,02:91:9e:71:b0:15,poppy_net,-44.0,2412.0,0
1789658888962703872,1789658892489123072,1789658892547951148,16,32:0d:cb:9d:dd:f0,iPhone moe b,-46.0,2412.0,0
1789658888962703872,1789658892489123072,1789658892547951148,16,7c:26:64:69:50:05,,-75.0,5320.0,0
1789658888962703872,1789658892489123072,1789658892547951148,16,d4:bd:4f:a0:d2:d0,CESI_Corp,-54.0,5260.0,0
1789658888962703872,1789658892489123072,1789658892547951148,16,d4:bd:4f:a0:d2:d1,CESI_HotSpot,-54.0,5260.0,0
1789658888962703872,1789658892489123072,1789658892547951148,16,d4:bd:4f:a0:d2:d2,CESI_Robots,-54.0,5260.0,0
1789658888962703872,1789658892489123072,1789658892547951148,16,d4:bd:4f:a0:d2:d3,CESI_Recherche,-54.0,5260.0,0
1789658888962703872,1789658892489123072,1789658892547951148,16,d4:bd:4f:a0:d2:d4,CESI_Iot,-54.0,5260.0,0
1789658888962703872,1789658892489123072,1789658892547951148,16,d4:bd:4f:60:d2:d0,CESI_Corp,-48.0,2462.0,0
1789658888962703872,1789658892489123072,1789658892547951148,16,d4:bd:4f:60:d2:d2,CESI_Robots,-47.0,2462.0,0
1789658888962703872,1789658892489123072,1789658892547951148,16,d4:bd:4f:60:d2:d1,CESI_HotSpot,-49.0,2462.0,0
1789658888962703872,1789658892489123072,1789658892547951148,16,d4:bd:4f:60:d2:d3,CESI_Recherche,-47.0,2462.0,0
1789658888962703872,1789658892489123072,1789658892547951148,16,d4:bd:4f:a1:91:c1,CESI_HotSpot,-65.0,5260.0,0
1789658888962703872,1789658892489123072,1789658892547951148,16,d4:bd:4f:a1:91:c2,CESI_Robots,-66.0,5260.0,0
1789658888962703872,1789658892489123072,1789658892547951148,16,d4:bd:4f:a1:91:c3,CESI_Recherche,-65.0,5260.0,0
1789658888962703872,1789658892489123072,1789658892547951148,16,d4:bd:4f:a1:91:c0,CESI_Corp,-64.0,5260.0,0
1789658888962703872,1789658892489123072,1789658892547951148,16,d4:bd:4f:a1:91:c4,CESI_Iot,-64.0,5260.0,0
1789658888962703872,1789658892489123072,1789658892547951148,16,d4:bd:4f:61:91:c3,CESI_Recherche,-59.0,2462.0,0
1789658888962703872,1789658892489123072,1789658892547951148,16,2c:5a:0f:e5:7f:ef,eduspot,-68.0,5180.0,0
1789658888962703872,1789658892489123072,1789658892547951148,16,d4:bd:4f:a1:e5:74,CESI_Iot,-66.0,5260.0,0
1789658888962703872,1789658892489123072,1789658892547951148,16,d4:bd:4f:61:91:c0,CESI_Corp,-59.0,2462.0,0
1789658888962703872,1789658892489123072,1789658892547951148,16,d4:bd:4f:61:91:c1,CESI_HotSpot,-59.0,2462.0,0
1789658888962703872,1789658892489123072,1789658892547951148,16,d4:bd:4f:61:91:c2,CESI_Robots,-58.0,2462.0,0
1789658888962703872,1789658892489123072,1789658892547951148,16,d4:bd:4f:a1:e5:70,CESI_Corp,-66.0,5260.0,0
1789658888962703872,1789658892489123072,1789658892547951148,16,d4:bd:4f:a1:e5:71,CESI_HotSpot,-66.0,5260.0,0
1789658888962703872,1789658892489123072,1789658892547951148,16,d4:bd:4f:a1:e5:72,CESI_Robots,-67.0,5260.0,0
1789658888962703872,1789658892489123072,1789658892547951148,16,d4:bd:4f:a1:e5:73,CESI_Recherche,-66.0,5260.0,0
1789658888962703872,1789658892489123072,1789658892547951148,16,d4:bd:4f:61:e5:70,CESI_Corp,-54.0,2462.0,0
1789658888962703872,1789658892489123072,1789658892547951148,16,d4:bd:4f:61:e5:73,CESI_Recherche,-55.0,2462.0,0
1789658888962703872,1789658892489123072,1789658892547951148,16,d4:bd:4f:61:e5:74,CESI_Iot,-53.0,2462.0,0
1789658888962703872,1789658892489123072,1789658892547951148,16,d4:bd:4f:61:e5:72,CESI_Robots,-53.0,2462.0,0
1789658888962703872,1789658892489123072,1789658892547951148,16,d4:bd:4f:61:e5:71,CESI_HotSpot,-53.0,2462.0,0
1789658888962703872,1789658892489123072,1789658892547951148,16,d4:bd:4f:a1:f4:50,CESI_Corp,-69.0,5180.0,0
1789658888962703872,1789658892489123072,1789658892547951148,16,d4:bd:4f:a1:f4:51,CESI_HotSpot,-70.0,5180.0,0
1789658888962703872,1789658892489123072,1789658892547951148,16,d4:bd:4f:a1:f4:52,CESI_Robots,-69.0,5180.0,0
1789658888962703872,1789658892489123072,1789658892547951148,16,d4:bd:4f:a1:f4:53,CESI_Recherche,-70.0,5180.0,0
1789658888962703872,1789658892489123072,1789658892547951148,16,d4:bd:4f:a1:f4:54,CESI_Iot,-69.0,5180.0,0
1789658888962703872,1789658892489123072,1789658892547951148,16,d4:bd:4f:60:d2:d4,CESI_Iot,-47.0,2462.0,0
1789658888962703872,1789658892489123072,1789658892547951148,16,d4:bd:4f:a1:d5:93,CESI_Recherche,-74.0,5260.0,0
1789658888962703872,1789658892489123072,1789658892547951148,16,d4:bd:4f:a1:d5:90,CESI_Corp,-74.0,5260.0,0
1789658888962703872,1789658892489123072,1789658892547951148,16,d4:bd:4f:a1:d5:91,CESI_HotSpot,-76.0,5260.0,4080
1789658888962703872,1789658892489123072,1789658892547951148,16,d4:bd:4f:a1:d5:92,CESI_Robots,-72.0,5260.0,0
1789658888962703872,1789658892489123072,1789658892547951148,16,d4:bd:4f:a1:d5:94,CESI_Iot,-74.0,5260.0,0
1789658888962703872,1789658892489123072,1789658892547951148,16,d4:bd:4f:a1:a9:70,CESI_Corp,-73.0,5260.0,4080
1789658888962703872,1789658892489123072,1789658892547951148,16,d4:bd:4f:61:91:c4,CESI_Iot,-58.0,2462.0,0
1789658888962703872,1789658892489123072,1789658892547951148,16,2c:5a:0f:e5:7f:ee,eduroam,-69.0,5180.0,0
1789658888962703872,1789658892489123072,1789658892547951148,16,d4:bd:4f:a0:5d:90,CESI_Corp,-73.0,5260.0,16300
1789658888962703872,1789658892489123072,1789658892547951148,16,d4:bd:4f:a1:a9:72,CESI_Robots,-80.0,5260.0,0
1789658888962703872,1789658892489123072,1789658892547951148,16,d4:bd:4f:a1:a9:74,CESI_Iot,-84.0,5260.0,0
1789658888962703872,1789658892489123072,1789658892547951148,16,d4:bd:4f:a1:a9:71,CESI_HotSpot,-73.0,5260.0,4080
1789658888962703872,1789658892489123072,1789658892547951148,16,d4:bd:4f:a1:a9:73,CESI_Recherche,-81.0,5260.0,0
1789658888962703872,1789658892489123072,1789658892547951148,16,d4:bd:4f:61:f4:50,CESI_Corp,-62.0,2447.0,0
1789658888962703872,1789658892489123072,1789658892547951148,16,d4:bd:4f:61:f4:51,CESI_HotSpot,-68.0,2447.0,0
1789658888962703872,1789658892489123072,1789658892547951148,16,d4:bd:4f:61:f4:52,CESI_Robots,-67.0,2447.0,0
1789658888962703872,1789658892489123072,1789658892547951148,16,d4:bd:4f:61:f4:53,CESI_Recherche,-69.0,2447.0,0
1789658888962703872,1789658892489123072,1789658892547951148,16,d4:bd:4f:61:f4:54,CESI_Iot,-69.0,2447.0,0
1789658888962703872,1789658892489123072,1789658892547951148,16,d4:bd:4f:61:a9:71,CESI_HotSpot,-76.0,2462.0,0
1789658888962703872,1789658892489123072,1789658892547951148,16,d4:bd:4f:a0:5d:91,CESI_HotSpot,-73.0,5260.0,16300
1789658888962703872,1789658892489123072,1789658892547951148,16,d4:bd:4f:a0:5d:92,CESI_Robots,-83.0,5260.0,4080
1789658888962703872,1789658892489123072,1789658892547951148,16,d4:bd:4f:a0:5d:93,CESI_Recherche,-83.0,5260.0,0
1789658888962703872,1789658892489123072,1789658892547951148,16,d4:bd:4f:a0:5d:94,CESI_Iot,-83.0,5260.0,4080
1789658888962703872,1789658892489123072,1789658892547951148,16,d4:bd:4f:a1:91:33,CESI_Recherche,-77.0,5260.0,0
1789658888962703872,1789658892489123072,1789658892547951148,16,d4:bd:4f:a1:91:34,CESI_Iot,-77.0,5260.0,0
1789658888962703872,1789658892489123072,1789658892547951148,16,7c:26:64:69:50:04,,-68.0,2462.0,24412
1789658888962703872,1789658892489123072,1789658892547951148,16,d4:bd:4f:a1:91:30,CESI_Corp,-82.0,5260.0,4080
1789658888962703872,1789658892489123072,1789658892547951148,16,d4:bd:4f:a1:91:31,CESI_HotSpot,-76.0,5260.0,8
1789658888962703872,1789658892489123072,1789658892547951148,16,d4:bd:4f:a1:91:32,CESI_Robots,-77.0,5260.0,8
1789658888962703872,1789658892489123072,1789658892547951148,16,f8:0b:cb:42:a1:2d,\x00,-87.0,5500.0,20380
1789658888962703872,1789658892489123072,1789658892547951148,16,f8:0b:cb:42:cc:8f,eduspot,-86.0,5680.0,8
1789658888962703872,1789658892489123072,1789658892547951148,16,78:c4:0e:d7:b1:30,RM828_WIFI,-74.0,2412.0,8
1789658888962703872,1789658892489123072,1789658892547951148,16,f8:0b:cb:42:a1:24,TEST-DN-802.1x,-89.0,5500.0,8
1789658888962703872,1789658892489123072,1789658892547951148,16,d4:bd:4f:61:d5:90,CESI_Corp,-76.0,2462.0,8
1789658888962703872,1789658892489123072,1789658892547951148,16,d4:bd:4f:61:d5:94,CESI_Iot,-78.0,2462.0,12288
1789658888962703872,1789658892489123072,1789658892547951148,16,d4:bd:4f:61:d5:93,CESI_Recherche,-78.0,2462.0,12288
1789658888962703872,1789658892489123072,1789658892547951148,16,f4:6a:dd:3c:f0:8d,,-88.0,5180.0,12288
1789658888962703872,1789658892489123072,1789658892547951148,16,f8:0b:cb:42:a1:2b,eduroam,-88.0,5500.0,12288
1789658888962703872,1789658892489123072,1789658892547951148,16,f8:0b:cb:42:a1:26,iot3,-86.0,5500.0,12288
1789658888962703872,1789658892489123072,1789658892547951148,16,f8:0b:cb:42:cc:8e,eduroam,-82.0,5680.0,4088
1789658888962703872,1789658892489123072,1789658892547951148,16,d4:bd:4f:60:5d:90,CESI_Corp,-75.0,2462.0,8216
1789658888962703872,1789658892489123072,1789658892547951148,16,f8:0b:cb:42:a1:2c,iut-info,-88.0,5500.0,8216
1789658888962703872,1789658892489123072,1789658892547951148,16,f8:0b:cb:42:a1:21,Examen,-88.0,5500.0,8216
1789658888962703872,1789658892489123072,1789658892547951148,16,f8:0b:cb:42:a1:2a,eduspot,-88.0,5500.0,8216
1789658888962703872,1789658892489123072,1789658892547951148,16,f8:0b:cb:42:a1:20,EEA-IOT,-90.0,5500.0,8216
1789658888962703872,1789658892489123072,1789658892547951148,16,d4:bd:4f:61:a9:70,CESI_Corp,-78.0,2462.0,4088
1789658888962703872,1789658892489123072,1789658892547951148,16,d4:bd:4f:61:a9:72,CESI_Robots,-78.0,2462.0,8
1789658888962703872,1789658892489123072,1789658892547951148,16,f8:0b:cb:42:a1:25,interco,-87.0,5500.0,8
1789658888962703872,1789658892489123072,1789658892547951148,16,f8:0b:cb:42:a1:29,nologin,-88.0,5500.0,8
1789658888962703872,1789658892489123072,1789658892547951148,16,f8:0b:cb:42:a1:2e,SIDES,-88.0,5500.0,8
1789658888962703872,1789658892489123072,1789658892547951148,16,f8:0b:cb:42:a1:23,test-PCOIP,-88.0,5500.0,8
1789658888962703872,1789658892489123072,1789658892547951148,16,f8:0b:cb:42:a1:22,PC-1067,-89.0,5500.0,8
1789658893051470080,1789658896601641984,1789658896669791625,17,02:91:9e:71:b0:15,poppy_net,-44.0,2412.0,0
1789658893051470080,1789658896601641984,1789658896669791625,17,32:0d:cb:9d:dd:f0,iPhone moe b,-49.0,2412.0,0
1789658893051470080,1789658896601641984,1789658896669791625,17,7c:26:64:69:50:05,,-74.0,5320.0,0
1789658893051470080,1789658896601641984,1789658896669791625,17,d4:bd:4f:a0:d2:d0,CESI_Corp,-52.0,5260.0,0
1789658893051470080,1789658896601641984,1789658896669791625,17,d4:bd:4f:a0:d2:d1,CESI_HotSpot,-52.0,5260.0,0
1789658893051470080,1789658896601641984,1789658896669791625,17,d4:bd:4f:a0:d2:d2,CESI_Robots,-52.0,5260.0,0
1789658893051470080,1789658896601641984,1789658896669791625,17,d4:bd:4f:a0:d2:d3,CESI_Recherche,-52.0,5260.0,0
1789658893051470080,1789658896601641984,1789658896669791625,17,d4:bd:4f:a0:d2:d4,CESI_Iot,-52.0,5260.0,0
1789658893051470080,1789658896601641984,1789658896669791625,17,d4:bd:4f:60:d2:d0,CESI_Corp,-48.0,2462.0,4116
1789658893051470080,1789658896601641984,1789658896669791625,17,d4:bd:4f:60:d2:d2,CESI_Robots,-47.0,2462.0,0
1789658893051470080,1789658896601641984,1789658896669791625,17,d4:bd:4f:60:d2:d1,CESI_HotSpot,-49.0,2462.0,4116
1789658893051470080,1789658896601641984,1789658896669791625,17,d4:bd:4f:60:d2:d3,CESI_Recherche,-47.0,2462.0,0
1789658893051470080,1789658896601641984,1789658896669791625,17,d4:bd:4f:a1:91:c1,CESI_HotSpot,-62.0,5260.0,0
1789658893051470080,1789658896601641984,1789658896669791625,17,d4:bd:4f:a1:91:c2,CESI_Robots,-62.0,5260.0,0
1789658893051470080,1789658896601641984,1789658896669791625,17,d4:bd:4f:a1:91:c3,CESI_Recherche,-61.0,5260.0,0
1789658893051470080,1789658896601641984,1789658896669791625,17,d4:bd:4f:a1:91:c0,CESI_Corp,-63.0,5260.0,0
1789658893051470080,1789658896601641984,1789658896669791625,17,d4:bd:4f:a1:91:c4,CESI_Iot,-63.0,5260.0,0
1789658893051470080,1789658896601641984,1789658896669791625,17,d4:bd:4f:61:91:c3,CESI_Recherche,-56.0,2462.0,0
1789658893051470080,1789658896601641984,1789658896669791625,17,2c:5a:0f:e5:7f:ef,eduspot,-69.0,5180.0,0
1789658893051470080,1789658896601641984,1789658896669791625,17,d4:bd:4f:a1:e5:74,CESI_Iot,-67.0,5260.0,0
1789658893051470080,1789658896601641984,1789658896669791625,17,d4:bd:4f:61:91:c0,CESI_Corp,-57.0,2462.0,0
1789658893051470080,1789658896601641984,1789658896669791625,17,d4:bd:4f:61:91:c1,CESI_HotSpot,-57.0,2462.0,0
1789658893051470080,1789658896601641984,1789658896669791625,17,d4:bd:4f:61:91:c2,CESI_Robots,-56.0,2462.0,0
1789658893051470080,1789658896601641984,1789658896669791625,17,d4:bd:4f:a1:e5:70,CESI_Corp,-66.0,5260.0,4116
1789658893051470080,1789658896601641984,1789658896669791625,17,d4:bd:4f:a1:e5:71,CESI_HotSpot,-66.0,5260.0,0
1789658893051470080,1789658896601641984,1789658896669791625,17,d4:bd:4f:a1:e5:72,CESI_Robots,-66.0,5260.0,0
1789658893051470080,1789658896601641984,1789658896669791625,17,d4:bd:4f:a1:e5:73,CESI_Recherche,-66.0,5260.0,0
1789658893051470080,1789658896601641984,1789658896669791625,17,d4:bd:4f:61:e5:70,CESI_Corp,-61.0,2462.0,0
1789658893051470080,1789658896601641984,1789658896669791625,17,d4:bd:4f:61:e5:73,CESI_Recherche,-62.0,2462.0,0
1789658893051470080,1789658896601641984,1789658896669791625,17,d4:bd:4f:61:e5:74,CESI_Iot,-61.0,2462.0,0
1789658893051470080,1789658896601641984,1789658896669791625,17,d4:bd:4f:61:e5:72,CESI_Robots,-61.0,2462.0,0
1789658893051470080,1789658896601641984,1789658896669791625,17,d4:bd:4f:61:e5:71,CESI_HotSpot,-61.0,2462.0,0
1789658893051470080,1789658896601641984,1789658896669791625,17,d4:bd:4f:a1:f4:50,CESI_Corp,-71.0,5180.0,0
1789658893051470080,1789658896601641984,1789658896669791625,17,d4:bd:4f:a1:f4:51,CESI_HotSpot,-71.0,5180.0,4
1789658893051470080,1789658896601641984,1789658896669791625,17,d4:bd:4f:a1:f4:52,CESI_Robots,-71.0,5180.0,4
1789658893051470080,1789658896601641984,1789658896669791625,17,d4:bd:4f:a1:f4:53,CESI_Recherche,-71.0,5180.0,4
1789658893051470080,1789658896601641984,1789658896669791625,17,d4:bd:4f:a1:f4:54,CESI_Iot,-71.0,5180.0,4
1789658893051470080,1789658896601641984,1789658896669791625,17,d4:bd:4f:60:d2:d4,CESI_Iot,-47.0,2462.0,4120
1789658893051470080,1789658896601641984,1789658896669791625,17,d4:bd:4f:a1:d5:93,CESI_Recherche,-68.0,5260.0,4
1789658893051470080,1789658896601641984,1789658896669791625,17,d4:bd:4f:a1:d5:90,CESI_Corp,-68.0,5260.0,4
1789658893051470080,1789658896601641984,1789658896669791625,17,d4:bd:4f:a1:d5:91,CESI_HotSpot,-76.0,5260.0,8200
1789658893051470080,1789658896601641984,1789658896669791625,17,d4:bd:4f:a1:d5:92,CESI_Robots,-68.0,5260.0,4
1789658893051470080,1789658896601641984,1789658896669791625,17,d4:bd:4f:a1:d5:94,CESI_Iot,-68.0,5260.0,4
1789658893051470080,1789658896601641984,1789658896669791625,17,d4:bd:4f:a1:a9:70,CESI_Corp,-73.0,5260.0,8200
1789658893051470080,1789658896601641984,1789658896669791625,17,d4:bd:4f:61:91:c4,CESI_Iot,-58.0,2462.0,4120
1789658893051470080,1789658896601641984,1789658896669791625,17,2c:5a:0f:e5:7f:ee,eduroam,-68.0,5180.0,4
1789658893051470080,1789658896601641984,1789658896669791625,17,d4:bd:4f:a0:5d:90,CESI_Corp,-83.0,5260.0,4
1789658893051470080,1789658896601641984,1789658896669791625,17,d4:bd:4f:a1:a9:72,CESI_Robots,-78.0,5260.0,4
1789658893051470080,1789658896601641984,1789658896669791625,17,d4:bd:4f:a1:a9:74,CESI_Iot,-78.0,5260.0,4
1789658893051470080,1789658896601641984,1789658896669791625,17,d4:bd:4f:a1:a9:71,CESI_HotSpot,-73.0,5260.0,8200
1789658893051470080,1789658896601641984,1789658896669791625,17,d4:bd:4f:a1:a9:73,CESI_Recherche,-78.0,5260.0,4
1789658893051470080,1789658896601641984,1789658896669791625,17,d4:bd:4f:61:f4:50,CESI_Corp,-62.0,2447.0,4120
1789658893051470080,1789658896601641984,1789658896669791625,17,d4:bd:4f:61:f4:51,CESI_HotSpot,-68.0,2447.0,4120
1789658893051470080,1789658896601641984,1789658896669791625,17,d4:bd:4f:61:f4:52,CESI_Robots,-67.0,2447.0,4120
1789658893051470080,1789658896601641984,1789658896669791625,17,d4:bd:4f:61:f4:53,CESI_Recherche,-69.0,2447.0,4120
1789658893051470080,1789658896601641984,1789658896669791625,17,d4:bd:4f:61:f4:54,CESI_Iot,-69.0,2447.0,4120
1789658893051470080,1789658896601641984,1789658896669791625,17,d4:bd:4f:61:a9:71,CESI_HotSpot,-76.0,2462.0,4120
1789658893051470080,1789658896601641984,1789658896669791625,17,d4:bd:4f:a0:5d:91,CESI_HotSpot,-83.0,5260.0,4
1789658893051470080,1789658896601641984,1789658896669791625,17,d4:bd:4f:a0:5d:92,CESI_Robots,-82.0,5260.0,4
1789658893051470080,1789658896601641984,1789658896669791625,17,d4:bd:4f:a0:5d:93,CESI_Recherche,-83.0,5260.0,4
1789658893051470080,1789658896601641984,1789658896669791625,17,d4:bd:4f:a0:5d:94,CESI_Iot,-83.0,5260.0,8200
1789658893051470080,1789658896601641984,1789658896669791625,17,d4:bd:4f:a1:91:33,CESI_Recherche,-77.0,5260.0,4120
1789658893051470080,1789658896601641984,1789658896669791625,17,d4:bd:4f:a1:91:34,CESI_Iot,-76.0,5260.0,4
1789658893051470080,1789658896601641984,1789658896669791625,17,7c:26:64:69:50:04,,-68.0,2462.0,28532
1789658893051470080,1789658896601641984,1789658896669791625,17,d4:bd:4f:a1:91:30,CESI_Corp,-82.0,5260.0,8200
1789658893051470080,1789658896601641984,1789658896669791625,17,d4:bd:4f:a1:91:31,CESI_HotSpot,-76.0,5260.0,8
1789658893051470080,1789658896601641984,1789658896669791625,17,d4:bd:4f:a1:91:32,CESI_Robots,-75.0,5260.0,8
1789658893051470080,1789658896601641984,1789658896669791625,17,f8:0b:cb:42:a1:2d,\x00,-87.0,5500.0,24496
1789658893051470080,1789658896601641984,1789658896669791625,17,f8:0b:cb:42:cc:8f,eduspot,-82.0,5680.0,8
1789658893051470080,1789658896601641984,1789658896669791625,17,78:c4:0e:d7:b1:30,RM828_WIFI,-74.0,2412.0,4124
1789658893051470080,1789658896601641984,1789658896669791625,17,f8:0b:cb:42:a1:24,TEST-DN-802.1x,-89.0,5500.0,4124
1789658893051470080,1789658896601641984,1789658896669791625,17,d4:bd:4f:61:d5:90,CESI_Corp,-76.0,2462.0,4124
1789658893051470080,1789658896601641984,1789658896669791625,17,d4:bd:4f:61:d5:94,CESI_Iot,-78.0,2462.0,16404
1789658893051470080,1789658896601641984,1789658896669791625,17,d4:bd:4f:61:d5:93,CESI_Recherche,-78.0,2462.0,16404
1789658893051470080,1789658896601641984,1789658896669791625,17,f4:6a:dd:3c:f0:8d,,-88.0,5180.0,16404
1789658893051470080,1789658896601641984,1789658896669791625,17,f8:0b:cb:42:a1:2b,eduroam,-88.0,5500.0,16404
1789658893051470080,1789658896601641984,1789658896669791625,17,f8:0b:cb:42:a1:26,iot3,-86.0,5500.0,16404
1789658893051470080,1789658896601641984,1789658896669791625,17,f8:0b:cb:42:cc:8e,eduroam,-82.0,5680.0,8
1789658893051470080,1789658896601641984,1789658896669791625,17,d4:bd:4f:60:5d:90,CESI_Corp,-75.0,2462.0,12332
1789658893051470080,1789658896601641984,1789658896669791625,17,f8:0b:cb:42:a1:2c,iut-info,-88.0,5500.0,12332
1789658893051470080,1789658896601641984,1789658896669791625,17,f8:0b:cb:42:a1:21,Examen,-88.0,5500.0,12332
1789658893051470080,1789658896601641984,1789658896669791625,17,f8:0b:cb:42:a1:2a,eduspot,-88.0,5500.0,12332
1789658893051470080,1789658896601641984,1789658896669791625,17,f8:0b:cb:42:a1:20,EEA-IOT,-90.0,5500.0,12332
1789658893051470080,1789658896601641984,1789658896669791625,17,d4:bd:4f:61:a9:70,CESI_Corp,-78.0,2462.0,8204
1789658893051470080,1789658896601641984,1789658896669791625,17,d4:bd:4f:61:a9:72,CESI_Robots,-78.0,2462.0,4124
1789658893051470080,1789658896601641984,1789658896669791625,17,f8:0b:cb:42:a1:25,interco,-87.0,5500.0,4124
1789658893051470080,1789658896601641984,1789658896669791625,17,f8:0b:cb:42:a1:29,nologin,-88.0,5500.0,4124
1789658893051470080,1789658896601641984,1789658896669791625,17,f8:0b:cb:42:a1:2e,SIDES,-88.0,5500.0,4124
1789658893051470080,1789658896601641984,1789658896669791625,17,f8:0b:cb:42:a1:23,test-PCOIP,-88.0,5500.0,4124
1789658893051470080,1789658896601641984,1789658896669791625,17,f8:0b:cb:42:a1:22,PC-1067,-89.0,5500.0,4124
1789658893051470080,1789658896601641984,1789658896669791625,17,d4:bd:4f:61:91:33,CESI_Recherche,-70.0,2462.0,8
1789658893051470080,1789658896601641984,1789658896669791625,17,d4:bd:4f:61:91:34,CESI_Iot,-70.0,2462.0,8
1789658897174541056,1789658900784694016,1789658900852301495,18,02:91:9e:71:b0:15,poppy_net,-43.0,2412.0,0
1789658897174541056,1789658900784694016,1789658900852301495,18,32:0d:cb:9d:dd:f0,iPhone moe b,-56.0,2412.0,0
1789658897174541056,1789658900784694016,1789658900852301495,18,7c:26:64:69:50:05,,-69.0,5320.0,0
1789658897174541056,1789658900784694016,1789658900852301495,18,d4:bd:4f:a0:d2:d0,CESI_Corp,-49.0,5260.0,0
1789658897174541056,1789658900784694016,1789658900852301495,18,d4:bd:4f:a0:d2:d1,CESI_HotSpot,-49.0,5260.0,0
1789658897174541056,1789658900784694016,1789658900852301495,18,d4:bd:4f:a0:d2:d2,CESI_Robots,-49.0,5260.0,0
1789658897174541056,1789658900784694016,1789658900852301495,18,d4:bd:4f:a0:d2:d3,CESI_Recherche,-49.0,5260.0,0
1789658897174541056,1789658900784694016,1789658900852301495,18,d4:bd:4f:a0:d2:d4,CESI_Iot,-49.0,5260.0,0
1789658897174541056,1789658900784694016,1789658900852301495,18,d4:bd:4f:60:d2:d0,CESI_Corp,-46.0,2462.0,0
1789658897174541056,1789658900784694016,1789658900852301495,18,d4:bd:4f:60:d2:d2,CESI_Robots,-44.0,2462.0,0
1789658897174541056,1789658900784694016,1789658900852301495,18,d4:bd:4f:60:d2:d1,CESI_HotSpot,-45.0,2462.0,0
1789658897174541056,1789658900784694016,1789658900852301495,18,d4:bd:4f:60:d2:d3,CESI_Recherche,-44.0,2462.0,0
1789658897174541056,1789658900784694016,1789658900852301495,18,d4:bd:4f:a1:91:c1,CESI_HotSpot,-59.0,5260.0,0
1789658897174541056,1789658900784694016,1789658900852301495,18,d4:bd:4f:a1:91:c2,CESI_Robots,-58.0,5260.0,0
1789658897174541056,1789658900784694016,1789658900852301495,18,d4:bd:4f:a1:91:c3,CESI_Recherche,-58.0,5260.0,0
1789658897174541056,1789658900784694016,1789658900852301495,18,d4:bd:4f:a1:91:c0,CESI_Corp,-58.0,5260.0,0
1789658897174541056,1789658900784694016,1789658900852301495,18,d4:bd:4f:a1:91:c4,CESI_Iot,-58.0,5260.0,0
1789658897174541056,1789658900784694016,1789658900852301495,18,d4:bd:4f:61:91:c3,CESI_Recherche,-56.0,2462.0,4180
1789658897174541056,1789658900784694016,1789658900852301495,18,2c:5a:0f:e5:7f:ef,eduspot,-70.0,5180.0,0
1789658897174541056,1789658900784694016,1789658900852301495,18,d4:bd:4f:a1:e5:74,CESI_Iot,-64.0,5260.0,0
1789658897174541056,1789658900784694016,1789658900852301495,18,d4:bd:4f:61:91:c0,CESI_Corp,-53.0,2462.0,0
1789658897174541056,1789658900784694016,1789658900852301495,18,d4:bd:4f:61:91:c1,CESI_HotSpot,-55.0,2462.0,0
1789658897174541056,1789658900784694016,1789658900852301495,18,d4:bd:4f:61:91:c2,CESI_Robots,-56.0,2462.0,4180
1789658897174541056,1789658900784694016,1789658900852301495,18,d4:bd:4f:a1:e5:70,CESI_Corp,-66.0,5260.0,8296
1789658897174541056,1789658900784694016,1789658900852301495,18,d4:bd:4f:a1:e5:71,CESI_HotSpot,-66.0,5260.0,4180
1789658897174541056,1789658900784694016,1789658900852301495,18,d4:bd:4f:a1:e5:72,CESI_Robots,-65.0,5260.0,0
1789658897174541056,1789658900784694016,1789658900852301495,18,d4:bd:4f:a1:e5:73,CESI_Recherche,-66.0,5260.0,4180
1789658897174541056,1789658900784694016,1789658900852301495,18,d4:bd:4f:61:e5:70,CESI_Corp,-52.0,2462.0,0
1789658897174541056,1789658900784694016,1789658900852301495,18,d4:bd:4f:61:e5:73,CESI_Recherche,-54.0,2462.0,0
1789658897174541056,1789658900784694016,1789658900852301495,18,d4:bd:4f:61:e5:74,CESI_Iot,-55.0,2462.0,0
1789658897174541056,1789658900784694016,1789658900852301495,18,d4:bd:4f:61:e5:72,CESI_Robots,-54.0,2462.0,0
1789658897174541056,1789658900784694016,1789658900852301495,18,d4:bd:4f:61:e5:71,CESI_HotSpot,-55.0,2462.0,0
1789658897174541056,1789658900784694016,1789658900852301495,18,d4:bd:4f:a1:f4:50,CESI_Corp,-69.0,5180.0,0
1789658897174541056,1789658900784694016,1789658900852301495,18,d4:bd:4f:a1:f4:51,CESI_HotSpot,-69.0,5180.0,0
1789658897174541056,1789658900784694016,1789658900852301495,18,d4:bd:4f:a1:f4:52,CESI_Robots,-70.0,5180.0,0
1789658897174541056,1789658900784694016,1789658900852301495,18,d4:bd:4f:a1:f4:53,CESI_Recherche,-69.0,5180.0,0
1789658897174541056,1789658900784694016,1789658900852301495,18,d4:bd:4f:a1:f4:54,CESI_Iot,-69.0,5180.0,0
1789658897174541056,1789658900784694016,1789658900852301495,18,d4:bd:4f:60:d2:d4,CESI_Iot,-44.0,2462.0,0
1789658897174541056,1789658900784694016,1789658900852301495,18,d4:bd:4f:a1:d5:93,CESI_Recherche,-62.0,5260.0,0
1789658897174541056,1789658900784694016,1789658900852301495,18,d4:bd:4f:a1:d5:90,CESI_Corp,-68.0,5260.0,4180
1789658897174541056,1789658900784694016,1789658900852301495,18,d4:bd:4f:a1:d5:91,CESI_HotSpot,-61.0,5260.0,0
1789658897174541056,1789658900784694016,1789658900852301495,18,d4:bd:4f:a1:d5:92,CESI_Robots,-62.0,5260.0,0
1789658897174541056,1789658900784694016,1789658900852301495,18,d4:bd:4f:a1:d5:94,CESI_Iot,-61.0,5260.0,0
1789658897174541056,1789658900784694016,1789658900852301495,18,d4:bd:4f:a1:a9:70,CESI_Corp,-77.0,5260.0,0
1789658897174541056,1789658900784694016,1789658900852301495,18,d4:bd:4f:61:91:c4,CESI_Iot,-58.0,2462.0,8296
1789658897174541056,1789658900784694016,1789658900852301495,18,2c:5a:0f:e5:7f:ee,eduroam,-70.0,5180.0,0
1789658897174541056,1789658900784694016,1789658900852301495,18,d4:bd:4f:a0:5d:90,CESI_Corp,-83.0,5260.0,4180
1789658897174541056,1789658900784694016,1789658900852301495,18,d4:bd:4f:a1:a9:72,CESI_Robots,-76.0,5260.0,0
1789658897174541056,1789658900784694016,1789658900852301495,18,d4:bd:4f:a1:a9:74,CESI_Iot,-76.0,5260.0,0
1789658897174541056,1789658900784694016,1789658900852301495,18,d4:bd:4f:a1:a9:71,CESI_HotSpot,-73.0,5260.0,12376
1789658897174541056,1789658900784694016,1789658900852301495,18,d4:bd:4f:a1:a9:73,CESI_Recherche,-76.0,5260.0,0
1789658897174541056,1789658900784694016,1789658900852301495,18,d4:bd:4f:61:f4:50,CESI_Corp,-62.0,2447.0,8296
1789658897174541056,1789658900784694016,1789658900852301495,18,d4:bd:4f:61:f4:51,CESI_HotSpot,-68.0,2447.0,8296
1789658897174541056,1789658900784694016,1789658900852301495,18,d4:bd:4f:61:f4:52,CESI_Robots,-67.0,2447.0,8296
1789658897174541056,1789658900784694016,1789658900852301495,18,d4:bd:4f:61:f4:53,CESI_Recherche,-69.0,2447.0,8296
1789658897174541056,1789658900784694016,1789658900852301495,18,d4:bd:4f:61:f4:54,CESI_Iot,-69.0,2447.0,8296
1789658897174541056,1789658900784694016,1789658900852301495,18,d4:bd:4f:61:a9:71,CESI_HotSpot,-76.0,2462.0,8296
1789658897174541056,1789658900784694016,1789658900852301495,18,d4:bd:4f:a0:5d:91,CESI_HotSpot,-83.0,5260.0,4180
1789658897174541056,1789658900784694016,1789658900852301495,18,d4:bd:4f:a0:5d:92,CESI_Robots,-83.0,5260.0,0
1789658897174541056,1789658900784694016,1789658900852301495,18,d4:bd:4f:a0:5d:93,CESI_Recherche,-83.0,5260.0,0
1789658897174541056,1789658900784694016,1789658900852301495,18,d4:bd:4f:a0:5d:94,CESI_Iot,-83.0,5260.0,0
1789658897174541056,1789658900784694016,1789658900852301495,18,d4:bd:4f:a1:91:33,CESI_Recherche,-75.0,5260.0,0
1789658897174541056,1789658900784694016,1789658900852301495,18,d4:bd:4f:a1:91:34,CESI_Iot,-75.0,5260.0,0
1789658897174541056,1789658900784694016,1789658900852301495,18,d4:bd:4f:a1:91:30,CESI_Corp,-76.0,5260.0,0
1789658897174541056,1789658900784694016,1789658900852301495,18,d4:bd:4f:a1:91:31,CESI_HotSpot,-75.0,5260.0,0
1789658897174541056,1789658900784694016,1789658900852301495,18,d4:bd:4f:a1:91:32,CESI_Robots,-75.0,5260.0,8
1789658897174541056,1789658900784694016,1789658900852301495,18,f8:0b:cb:42:a1:2d,\x00,-87.0,5500.0,28676
1789658897174541056,1789658900784694016,1789658900852301495,18,f8:0b:cb:42:cc:8f,eduspot,-82.0,5680.0,4188
1789658897174541056,1789658900784694016,1789658900852301495,18,78:c4:0e:d7:b1:30,RM828_WIFI,-70.0,2412.0,8
1789658897174541056,1789658900784694016,1789658900852301495,18,f8:0b:cb:42:a1:24,TEST-DN-802.1x,-89.0,5500.0,8304
1789658897174541056,1789658900784694016,1789658900852301495,18,d4:bd:4f:61:d5:90,CESI_Corp,-70.0,2462.0,8
1789658897174541056,1789658900784694016,1789658900852301495,18,d4:bd:4f:61:d5:94,CESI_Iot,-78.0,2462.0,20584
1789658897174541056,1789658900784694016,1789658900852301495,18,d4:bd:4f:61:d5:93,CESI_Recherche,-78.0,2462.0,20584
1789658897174541056,1789658900784694016,1789658900852301495,18,f4:6a:dd:3c:f0:8d,,-88.0,5180.0,20584
1789658897174541056,1789658900784694016,1789658900852301495,18,f8:0b:cb:42:a1:2b,eduroam,-88.0,5500.0,20584
1789658897174541056,1789658900784694016,1789658900852301495,18,f8:0b:cb:42:a1:26,iot3,-86.0,5500.0,20584
1789658897174541056,1789658900784694016,1789658900852301495,18,f8:0b:cb:42:cc:8e,eduroam,-88.0,5680.0,8
1789658897174541056,1789658900784694016,1789658900852301495,18,d4:bd:4f:60:5d:90,CESI_Corp,-75.0,2462.0,16512
1789658897174541056,1789658900784694016,1789658900852301495,18,f8:0b:cb:42:a1:2c,iut-info,-88.0,5500.0,16512
1789658897174541056,1789658900784694016,1789658900852301495,18,f8:0b:cb:42:a1:21,Examen,-88.0,5500.0,16512
1789658897174541056,1789658900784694016,1789658900852301495,18,f8:0b:cb:42:a1:2a,eduspot,-88.0,5500.0,16512
1789658897174541056,1789658900784694016,1789658900852301495,18,f8:0b:cb:42:a1:20,EEA-IOT,-90.0,5500.0,16512
1789658897174541056,1789658900784694016,1789658900852301495,18,d4:bd:4f:61:a9:70,CESI_Corp,-78.0,2462.0,12384
1789658897174541056,1789658900784694016,1789658900852301495,18,d4:bd:4f:61:a9:72,CESI_Robots,-78.0,2462.0,8304
1789658897174541056,1789658900784694016,1789658900852301495,18,f8:0b:cb:42:a1:25,interco,-87.0,5500.0,8304
1789658897174541056,1789658900784694016,1789658900852301495,18,f8:0b:cb:42:a1:29,nologin,-88.0,5500.0,8304
1789658897174541056,1789658900784694016,1789658900852301495,18,f8:0b:cb:42:a1:2e,SIDES,-88.0,5500.0,8304
1789658897174541056,1789658900784694016,1789658900852301495,18,f8:0b:cb:42:a1:23,test-PCOIP,-88.0,5500.0,8304
1789658897174541056,1789658900784694016,1789658900852301495,18,f8:0b:cb:42:a1:22,PC-1067,-89.0,5500.0,8304
1789658897174541056,1789658900784694016,1789658900852301495,18,d4:bd:4f:61:91:33,CESI_Recherche,-70.0,2462.0,4188
1789658897174541056,1789658900784694016,1789658900852301495,18,d4:bd:4f:61:91:34,CESI_Iot,-70.0,2462.0,4188
1789658897174541056,1789658900784694016,1789658900852301495,18,2c:5a:0f:e5:7f:e0,eduspot,-56.0,2412.0,8
1789658897174541056,1789658900784694016,1789658900852301495,18,2c:5a:0f:e5:7f:e1,eduroam,-56.0,2412.0,8
1789658897174541056,1789658900784694016,1789658900852301495,18,d4:bd:4f:61:91:31,CESI_HotSpot,-67.0,2462.0,8
1789658897174541056,1789658900784694016,1789658900852301495,18,72:a7:41:22:25:eb,,-89.0,5220.0,8
1789658901348849920,1789658904942940928,1789658905009269439,19,02:91:9e:71:b0:15,poppy_net,-41.0,2412.0,0
1789658901348849920,1789658904942940928,1789658905009269439,19,32:0d:cb:9d:dd:f0,iPhone moe b,-47.0,2412.0,0
1789658901348849920,1789658904942940928,1789658905009269439,19,7c:26:64:69:50:05,,-69.0,5320.0,0
1789658901348849920,1789658904942940928,1789658905009269439,19,d4:bd:4f:a0:d2:d0,CESI_Corp,-40.0,5260.0,0
1789658901348849920,1789658904942940928,1789658905009269439,19,d4:bd:4f:a0:d2:d1,CESI_HotSpot,-41.0,5260.0,0
1789658901348849920,1789658904942940928,1789658905009269439,19,d4:bd:4f:a0:d2:d2,CESI_Robots,-41.0,5260.0,0
1789658901348849920,1789658904942940928,1789658905009269439,19,d4:bd:4f:a0:d2:d3,CESI_Recherche,-42.0,5260.0,0
1789658901348849920,1789658904942940928,1789658905009269439,19,d4:bd:4f:a0:d2:d4,CESI_Iot,-42.0,5260.0,0
1789658901348849920,1789658904942940928,1789658905009269439,19,d4:bd:4f:60:d2:d0,CESI_Corp,-61.0,2462.0,0
1789658901348849920,1789658904942940928,1789658905009269439,19,d4:bd:4f:60:d2:d2,CESI_Robots,-44.0,2462.0,4160
1789658901348849920,1789658904942940928,1789658905009269439,19,d4:bd:4f:60:d2:d1,CESI_HotSpot,-51.0,2462.0,0
1789658901348849920,1789658904942940928,1789658905009269439,19,d4:bd:4f:60:d2:d3,CESI_Recherche,-44.0,2462.0,4160
1789658901348849920,1789658904942940928,1789658905009269439,19,d4:bd:4f:a1:91:c1,CESI_HotSpot,-59.0,5260.0,0
1789658901348849920,1789658904942940928,1789658905009269439,19,d4:bd:4f:a1:91:c2,CESI_Robots,-60.0,5260.0,0
1789658901348849920,1789658904942940928,1789658905009269439,19,d4:bd:4f:a1:91:c3,CESI_Recherche,-59.0,5260.0,0
1789658901348849920,1789658904942940928,1789658905009269439,19,d4:bd:4f:a1:91:c0,CESI_Corp,-59.0,5260.0,0
1789658901348849920,1789658904942940928,1789658905009269439,19,d4:bd:4f:a1:91:c4,CESI_Iot,-61.0,5260.0,0
1789658901348849920,1789658904942940928,1789658905009269439,19,d4:bd:4f:61:91:c3,CESI_Recherche,-59.0,2462.0,0
1789658901348849920,1789658904942940928,1789658905009269439,19,2c:5a:0f:e5:7f:ef,eduspot,-71.0,5180.0,0
1789658901348849920,1789658904942940928,1789658905009269439,19,d4:bd:4f:a1:e5:74,CESI_Iot,-64.0,5260.0,4160
1789658901348849920,1789658904942940928,1789658905009269439,19,d4:bd:4f:61:91:c0,CESI_Corp,-58.0,2462.0,0
1789658901348849920,1789658904942940928,1789658905009269439,19,d4:bd:4f:61:91:c1,CESI_HotSpot,-58.0,2462.0,0
1789658901348849920,1789658904942940928,1789658905009269439,19,d4:bd:4f:61:91:c2,CESI_Robots,-56.0,2462.0,8340
1789658901348849920,1789658904942940928,1789658905009269439,19,d4:bd:4f:a1:e5:70,CESI_Corp,-64.0,5260.0,0
1789658901348849920,1789658904942940928,1789658905009269439,19,d4:bd:4f:a1:e5:71,CESI_HotSpot,-66.0,5260.0,8340
1789658901348849920,1789658904942940928,1789658905009269439,19,d4:bd:4f:a1:e5:72,CESI_Robots,-64.0,5260.0,0
1789658901348849920,1789658904942940928,1789658905009269439,19,d4:bd:4f:a1:e5:73,CESI_Recherche,-64.0,5260.0,0
1789658901348849920,1789658904942940928,1789658905009269439,19,d4:bd:4f:61:e5:70,CESI_Corp,-62.0,2462.0,0
1789658901348849920,1789658904942940928,1789658905009269439,19,d4:bd:4f:61:e5:73,CESI_Recherche,-63.0,2462.0,0
1789658901348849920,1789658904942940928,1789658905009269439,19,d4:bd:4f:61:e5:74,CESI_Iot,-62.0,2462.0,0
1789658901348849920,1789658904942940928,1789658905009269439,19,d4:bd:4f:61:e5:72,CESI_Robots,-65.0,2462.0,0
1789658901348849920,1789658904942940928,1789658905009269439,19,d4:bd:4f:61:e5:71,CESI_HotSpot,-64.0,2462.0,0
1789658901348849920,1789658904942940928,1789658905009269439,19,d4:bd:4f:a1:f4:50,CESI_Corp,-71.0,5180.0,0
1789658901348849920,1789658904942940928,1789658905009269439,19,d4:bd:4f:a1:f4:51,CESI_HotSpot,-71.0,5180.0,0
1789658901348849920,1789658904942940928,1789658905009269439,19,d4:bd:4f:a1:f4:52,CESI_Robots,-71.0,5180.0,0
1789658901348849920,1789658904942940928,1789658905009269439,19,d4:bd:4f:a1:f4:53,CESI_Recherche,-71.0,5180.0,0
1789658901348849920,1789658904942940928,1789658905009269439,19,d4:bd:4f:a1:f4:54,CESI_Iot,-70.0,5180.0,0
1789658901348849920,1789658904942940928,1789658905009269439,19,d4:bd:4f:60:d2:d4,CESI_Iot,-44.0,2462.0,4160
1789658901348849920,1789658904942940928,1789658905009269439,19,d4:bd:4f:a1:d5:93,CESI_Recherche,-61.0,5260.0,0
1789658901348849920,1789658904942940928,1789658905009269439,19,d4:bd:4f:a1:d5:90,CESI_Corp,-62.0,5260.0,0
1789658901348849920,1789658904942940928,1789658905009269439,19,d4:bd:4f:a1:d5:91,CESI_HotSpot,-61.0,5260.0,0
1789658901348849920,1789658904942940928,1789658905009269439,19,d4:bd:4f:a1:d5:92,CESI_Robots,-61.0,5260.0,0
1789658901348849920,1789658904942940928,1789658905009269439,19,d4:bd:4f:a1:d5:94,CESI_Iot,-61.0,5260.0,0
1789658901348849920,1789658904942940928,1789658905009269439,19,d4:bd:4f:a1:a9:70,CESI_Corp,-77.0,5260.0,4160
1789658901348849920,1789658904942940928,1789658905009269439,19,d4:bd:4f:61:91:c4,CESI_Iot,-56.0,2462.0,0
1789658901348849920,1789658904942940928,1789658905009269439,19,2c:5a:0f:e5:7f:ee,eduroam,-72.0,5180.0,0
1789658901348849920,1789658904942940928,1789658905009269439,19,d4:bd:4f:a0:5d:90,CESI_Corp,-85.0,5260.0,0
1789658901348849920,1789658904942940928,1789658905009269439,19,d4:bd:4f:a1:a9:72,CESI_Robots,-83.0,5260.0,0
1789658901348849920,1789658904942940928,1789658905009269439,19,d4:bd:4f:a1:a9:74,CESI_Iot,-82.0,5260.0,0
1789658901348849920,1789658904942940928,1789658905009269439,19,d4:bd:4f:a1:a9:71,CESI_HotSpot,-83.0,5260.0,0
1789658901348849920,1789658904942940928,1789658905009269439,19,d4:bd:4f:a1:a9:73,CESI_Recherche,-83.0,5260.0,0
1789658901348849920,1789658904942940928,1789658905009269439,19,d4:bd:4f:61:f4:50,CESI_Corp,-58.0,2447.0,0
1789658901348849920,1789658904942940928,1789658905009269439,19,d4:bd:4f:61:f4:51,CESI_HotSpot,-59.0,2447.0,0
1789658901348849920,1789658904942940928,1789658905009269439,19,d4:bd:4f:61:f4:52,CESI_Robots,-58.0,2447.0,0
1789658901348849920,1789658904942940928,1789658905009269439,19,d4:bd:4f:61:f4:53,CESI_Recherche,-59.0,2447.0,0
1789658901348849920,1789658904942940928,1789658905009269439,19,d4:bd:4f:61:f4:54,CESI_Iot,-64.0,2447.0,0
1789658901348849920,1789658904942940928,1789658905009269439,19,d4:bd:4f:61:a9:71,CESI_HotSpot,-76.0,2462.0,12456
1789658901348849920,1789658904942940928,1789658905009269439,19,d4:bd:4f:a0:5d:91,CESI_HotSpot,-83.0,5260.0,8340
1789658901348849920,1789658904942940928,1789658905009269439,19,d4:bd:4f:a0:5d:92,CESI_Robots,-83.0,5260.0,4160
1789658901348849920,1789658904942940928,1789658905009269439,19,d4:bd:4f:a0:5d:93,CESI_Recherche,-83.0,5260.0,4160
1789658901348849920,1789658904942940928,1789658905009269439,19,d4:bd:4f:a0:5d:94,CESI_Iot,-83.0,5260.0,4160
1789658901348849920,1789658904942940928,1789658905009269439,19,d4:bd:4f:a1:91:33,CESI_Recherche,-69.0,5260.0,0
1789658901348849920,1789658904942940928,1789658905009269439,19,d4:bd:4f:a1:91:34,CESI_Iot,-68.0,5260.0,0
1789658901348849920,1789658904942940928,1789658905009269439,19,d4:bd:4f:a1:91:30,CESI_Corp,-76.0,5260.0,4160
1789658901348849920,1789658904942940928,1789658905009269439,19,d4:bd:4f:a1:91:31,CESI_HotSpot,-75.0,5260.0,4160
1789658901348849920,1789658904942940928,1789658905009269439,19,d4:bd:4f:a1:91:32,CESI_Robots,-75.0,5260.0,4168
1789658901348849920,1789658904942940928,1789658905009269439,19,f8:0b:cb:42:cc:8f,eduspot,-82.0,5680.0,8348
1789658901348849920,1789658904942940928,1789658905009269439,19,78:c4:0e:d7:b1:30,RM828_WIFI,-78.0,2412.0,8
1789658901348849920,1789658904942940928,1789658905009269439,19,f8:0b:cb:42:a1:24,TEST-DN-802.1x,-89.0,5500.0,12464
1789658901348849920,1789658904942940928,1789658905009269439,19,d4:bd:4f:61:d5:90,CESI_Corp,-70.0,2462.0,4168
1789658901348849920,1789658904942940928,1789658905009269439,19,d4:bd:4f:61:d5:94,CESI_Iot,-57.0,2462.0,8
1789658901348849920,1789658904942940928,1789658905009269439,19,d4:bd:4f:61:d5:93,CESI_Recherche,-57.0,2462.0,8
1789658901348849920,1789658904942940928,1789658905009269439,19,f4:6a:dd:3c:f0:8d,,-88.0,5180.0,24744
1789658901348849920,1789658904942940928,1789658905009269439,19,f8:0b:cb:42:a1:2b,eduroam,-88.0,5500.0,24744
1789658901348849920,1789658904942940928,1789658905009269439,19,f8:0b:cb:42:a1:26,iot3,-86.0,5500.0,24744
1789658901348849920,1789658904942940928,1789658905009269439,19,f8:0b:cb:42:cc:8e,eduroam,-88.0,5680.0,4168
1789658901348849920,1789658904942940928,1789658905009269439,19,d4:bd:4f:60:5d:90,CESI_Corp,-75.0,2462.0,20672
1789658901348849920,1789658904942940928,1789658905009269439,19,f8:0b:cb:42:a1:2c,iut-info,-88.0,5500.0,20672
1789658901348849920,1789658904942940928,1789658905009269439,19,f8:0b:cb:42:a1:21,Examen,-88.0,5500.0,20672
1789658901348849920,1789658904942940928,1789658905009269439,19,f8:0b:cb:42:a1:2a,eduspot,-88.0,5500.0,20672
1789658901348849920,1789658904942940928,1789658905009269439,19,f8:0b:cb:42:a1:20,EEA-IOT,-90.0,5500.0,20672
1789658901348849920,1789658904942940928,1789658905009269439,19,d4:bd:4f:61:a9:70,CESI_Corp,-78.0,2462.0,16544
1789658901348849920,1789658904942940928,1789658905009269439,19,d4:bd:4f:61:a9:72,CESI_Robots,-78.0,2462.0,12464
1789658901348849920,1789658904942940928,1789658905009269439,19,f8:0b:cb:42:a1:25,interco,-87.0,5500.0,12464
1789658901348849920,1789658904942940928,1789658905009269439,19,f8:0b:cb:42:a1:29,nologin,-88.0,5500.0,12464
1789658901348849920,1789658904942940928,1789658905009269439,19,f8:0b:cb:42:a1:2e,SIDES,-88.0,5500.0,12464
1789658901348849920,1789658904942940928,1789658905009269439,19,f8:0b:cb:42:a1:23,test-PCOIP,-88.0,5500.0,12464
1789658901348849920,1789658904942940928,1789658905009269439,19,f8:0b:cb:42:a1:22,PC-1067,-89.0,5500.0,12464
1789658901348849920,1789658904942940928,1789658905009269439,19,d4:bd:4f:61:91:33,CESI_Recherche,-70.0,2462.0,8348
1789658901348849920,1789658904942940928,1789658905009269439,19,d4:bd:4f:61:91:34,CESI_Iot,-70.0,2462.0,8348
1789658901348849920,1789658904942940928,1789658905009269439,19,2c:5a:0f:e5:7f:e0,eduspot,-55.0,2412.0,8
1789658901348849920,1789658904942940928,1789658905009269439,19,2c:5a:0f:e5:7f:e1,eduroam,-55.0,2412.0,8
1789658901348849920,1789658904942940928,1789658905009269439,19,d4:bd:4f:61:91:31,CESI_HotSpot,-67.0,2462.0,4168
1789658901348849920,1789658904942940928,1789658905009269439,19,72:a7:41:22:25:eb,,-89.0,5220.0,4168
1789658901348849920,1789658904942940928,1789658905009269439,19,78:45:58:d8:a3:5f,FGNE-Admin,-76.0,2437.0,8
1789658901348849920,1789658904942940928,1789658905009269439,19,94:b3:4f:bc:d6:a0,CESI_Corp,-85.0,5180.0,8
1789658901348849920,1789658904942940928,1789658905009269439,19,94:b3:4f:bc:d6:a1,CESI_HotSpot,-86.0,5180.0,8
1789658901348849920,1789658904942940928,1789658905009269439,19,94:b3:4f:bc:d6:a2,CESI_Robots,-84.0,5180.0,8
1789658901348849920,1789658904942940928,1789658905009269439,19,94:b3:4f:bc:d6:a3,CESI_Recherche,-84.0,5180.0,8
1789658901348849920,1789658904942940928,1789658905009269439,19,94:b3:4f:bc:d6:a4,CESI_Iot,-85.0,5180.0,8
1789658905511770880,1789658909129419008,1789658909200356740,20,02:91:9e:71:b0:15,poppy_net,-40.0,2412.0,4
1789658905511770880,1789658909129419008,1789658909200356740,20,32:0d:cb:9d:dd:f0,iPhone moe b,-47.0,2412.0,4
1789658905511770880,1789658909129419008,1789658909200356740,20,7c:26:64:69:50:05,,-66.0,5320.0,4
1789658905511770880,1789658909129419008,1789658909200356740,20,d4:bd:4f:a0:d2:d0,CESI_Corp,-40.0,5260.0,4
1789658905511770880,1789658909129419008,1789658909200356740,20,d4:bd:4f:a0:d2:d1,CESI_HotSpot,-40.0,5260.0,4
1789658905511770880,1789658909129419008,1789658909200356740,20,d4:bd:4f:a0:d2:d2,CESI_Robots,-40.0,5260.0,4
1789658905511770880,1789658909129419008,1789658909200356740,20,d4:bd:4f:a0:d2:d3,CESI_Recherche,-40.0,5260.0,4
1789658905511770880,1789658909129419008,1789658909200356740,20,d4:bd:4f:a0:d2:d4,CESI_Iot,-40.0,5260.0,4
1789658905511770880,1789658909129419008,1789658909200356740,20,d4:bd:4f:60:d2:d0,CESI_Corp,-46.0,2462.0,4
1789658905511770880,1789658909129419008,1789658909200356740,20,d4:bd:4f:60:d2:d2,CESI_Robots,-48.0,2462.0,4
1789658905511770880,1789658909129419008,1789658909200356740,20,d4:bd:4f:60:d2:d1,CESI_HotSpot,-46.0,2462.0,4
1789658905511770880,1789658909129419008,1789658909200356740,20,d4:bd:4f:60:d2:d3,CESI_Recherche,-44.0,2462.0,4
1789658905511770880,1789658909129419008,1789658909200356740,20,d4:bd:4f:a1:91:c1,CESI_HotSpot,-52.0,5260.0,4
1789658905511770880,1789658909129419008,1789658909200356740,20,d4:bd:4f:a1:91:c2,CESI_Robots,-51.0,5260.0,4
1789658905511770880,1789658909129419008,1789658909200356740,20,d4:bd:4f:a1:91:c3,CESI_Recherche,-52.0,5260.0,4
1789658905511770880,1789658909129419008,1789658909200356740,20,d4:bd:4f:a1:91:c0,CESI_Corp,-52.0,5260.0,4
1789658905511770880,1789658909129419008,1789658909200356740,20,d4:bd:4f:a1:91:c4,CESI_Iot,-52.0,5260.0,4
1789658905511770880,1789658909129419008,1789658909200356740,20,d4:bd:4f:61:91:c3,CESI_Recherche,-48.0,2462.0,4
1789658905511770880,1789658909129419008,1789658909200356740,20,2c:5a:0f:e5:7f:ef,eduspot,-70.0,5180.0,4
1789658905511770880,1789658909129419008,1789658909200356740,20,d4:bd:4f:a1:e5:74,CESI_Iot,-64.0,5260.0,8344
1789658905511770880,1789658909129419008,1789658909200356740,20,d4:bd:4f:61:91:c0,CESI_Corp,-49.0,2462.0,4
1789658905511770880,1789658909129419008,1789658909200356740,20,d4:bd:4f:61:91:c1,CESI_HotSpot,-48.0,2462.0,4
1789658905511770880,1789658909129419008,1789658909200356740,20,d4:bd:4f:61:91:c2,CESI_Robots,-49.0,2462.0,4
1789658905511770880,1789658909129419008,1789658909200356740,20,d4:bd:4f:a1:e5:70,CESI_Corp,-67.0,5260.0,4
1789658905511770880,1789658909129419008,1789658909200356740,20,d4:bd:4f:a1:e5:71,CESI_HotSpot,-66.0,5260.0,12524
1789658905511770880,1789658909129419008,1789658909200356740,20,d4:bd:4f:a1:e5:72,CESI_Robots,-64.0,5260.0,4184
1789658905511770880,1789658909129419008,1789658909200356740,20,d4:bd:4f:a1:e5:73,CESI_Recherche,-67.0,5260.0,4
1789658905511770880,1789658909129419008,1789658909200356740,20,d4:bd:4f:61:e5:70,CESI_Corp,-56.0,2462.0,4
1789658905511770880,1789658909129419008,1789658909200356740,20,d4:bd:4f:61:e5:73,CESI_Recherche,-57.0,2462.0,4
1789658905511770880,1789658909129419008,1789658909200356740,20,d4:bd:4f:61:e5:74,CESI_Iot,-62.0,2462.0,4184
1789658905511770880,1789658909129419008,1789658909200356740,20,d4:bd:4f:61:e5:72,CESI_Robots,-56.0,2462.0,4
1789658905511770880,1789658909129419008,1789658909200356740,20,d4:bd:4f:61:e5:71,CESI_HotSpot,-57.0,2462.0,4
1789658905511770880,1789658909129419008,1789658909200356740,20,d4:bd:4f:a1:f4:50,CESI_Corp,-67.0,5180.0,4
1789658905511770880,1789658909129419008,1789658909200356740,20,d4:bd:4f:a1:f4:51,CESI_HotSpot,-67.0,5180.0,4
1789658905511770880,1789658909129419008,1789658909200356740,20,d4:bd:4f:a1:f4:52,CESI_Robots,-67.0,5180.0,4
1789658905511770880,1789658909129419008,1789658909200356740,20,d4:bd:4f:a1:f4:53,CESI_Recherche,-67.0,5180.0,4
1789658905511770880,1789658909129419008,1789658909200356740,20,d4:bd:4f:a1:f4:54,CESI_Iot,-67.0,5180.0,4
1789658905511770880,1789658909129419008,1789658909200356740,20,d4:bd:4f:60:d2:d4,CESI_Iot,-44.0,2462.0,8344
1789658905511770880,1789658909129419008,1789658909200356740,20,d4:bd:4f:a1:d5:93,CESI_Recherche,-66.0,5260.0,4
1789658905511770880,1789658909129419008,1789658909200356740,20,d4:bd:4f:a1:d5:90,CESI_Corp,-67.0,5260.0,4
1789658905511770880,1789658909129419008,1789658909200356740,20,d4:bd:4f:a1:d5:91,CESI_HotSpot,-67.0,5260.0,4
1789658905511770880,1789658909129419008,1789658909200356740,20,d4:bd:4f:a1:d5:92,CESI_Robots,-66.0,5260.0,4
1789658905511770880,1789658909129419008,1789658909200356740,20,d4:bd:4f:a1:d5:94,CESI_Iot,-66.0,5260.0,4
1789658905511770880,1789658909129419008,1789658909200356740,20,d4:bd:4f:a1:a9:70,CESI_Corp,-77.0,5260.0,8344
1789658905511770880,1789658909129419008,1789658909200356740,20,d4:bd:4f:61:91:c4,CESI_Iot,-50.0,2462.0,4
1789658905511770880,1789658909129419008,1789658909200356740,20,2c:5a:0f:e5:7f:ee,eduroam,-70.0,5180.0,4
1789658905511770880,1789658909129419008,1789658909200356740,20,d4:bd:4f:a0:5d:90,CESI_Corp,-85.0,5260.0,4184
1789658905511770880,1789658909129419008,1789658909200356740,20,d4:bd:4f:a1:a9:72,CESI_Robots,-82.0,5260.0,4
1789658905511770880,1789658909129419008,1789658909200356740,20,d4:bd:4f:a1:a9:74,CESI_Iot,-81.0,5260.0,4
1789658905511770880,1789658909129419008,1789658909200356740,20,d4:bd:4f:a1:a9:71,CESI_HotSpot,-83.0,5260.0,4184
1789658905511770880,1789658909129419008,1789658909200356740,20,d4:bd:4f:a1:a9:73,CESI_Recherche,-82.0,5260.0,4
1789658905511770880,1789658909129419008,1789658909200356740,20,d4:bd:4f:61:f4:50,CESI_Corp,-59.0,2447.0,4
1789658905511770880,1789658909129419008,1789658909200356740,20,d4:bd:4f:61:f4:51,CESI_HotSpot,-59.0,2447.0,4
1789658905511770880,1789658909129419008,1789658909200356740,20,d4:bd:4f:61:f4:52,CESI_Robots,-58.0,2447.0,4
1789658905511770880,1789658909129419008,1789658909200356740,20,d4:bd:4f:61:f4:53,CESI_Recherche,-59.0,2447.0,4
1789658905511770880,1789658909129419008,1789658909200356740,20,d4:bd:4f:61:f4:54,CESI_Iot,-60.0,2447.0,4
1789658905511770880,1789658909129419008,1789658909200356740,20,d4:bd:4f:61:a9:71,CESI_HotSpot,-76.0,2462.0,16640
1789658905511770880,1789658909129419008,1789658909200356740,20,d4:bd:4f:a0:5d:91,CESI_HotSpot,-83.0,5260.0,12524
1789658905511770880,1789658909129419008,1789658909200356740,20,d4:bd:4f:a0:5d:92,CESI_Robots,-83.0,5260.0,8344
1789658905511770880,1789658909129419008,1789658909200356740,20,d4:bd:4f:a0:5d:93,CESI_Recherche,-83.0,5260.0,8344
1789658905511770880,1789658909129419008,1789658909200356740,20,d4:bd:4f:a0:5d:94,CESI_Iot,-83.0,5260.0,8344
1789658905511770880,1789658909129419008,1789658909200356740,20,d4:bd:4f:a1:91:33,CESI_Recherche,-65.0,5260.0,4
1789658905511770880,1789658909129419008,1789658909200356740,20,d4:bd:4f:a1:91:34,CESI_Iot,-64.0,5260.0,4
1789658905511770880,1789658909129419008,1789658909200356740,20,d4:bd:4f:a1:91:30,CESI_Corp,-76.0,5260.0,8344
1789658905511770880,1789658909129419008,1789658909200356740,20,d4:bd:4f:a1:91:31,CESI_HotSpot,-75.0,5260.0,8344
1789658905511770880,1789658909129419008,1789658909200356740,20,d4:bd:4f:a1:91:32,CESI_Robots,-64.0,5260.0,12
1789658905511770880,1789658909129419008,1789658909200356740,20,f8:0b:cb:42:cc:8f,eduspot,-82.0,5680.0,12532
1789658905511770880,1789658909129419008,1789658909200356740,20,78:c4:0e:d7:b1:30,RM828_WIFI,-78.0,2412.0,4192
1789658905511770880,1789658909129419008,1789658909200356740,20,f8:0b:cb:42:a1:24,TEST-DN-802.1x,-89.0,5500.0,16648
1789658905511770880,1789658909129419008,1789658909200356740,20,d4:bd:4f:61:d5:90,CESI_Corp,-57.0,2462.0,12
1789658905511770880,1789658909129419008,1789658909200356740,20,d4:bd:4f:61:d5:94,CESI_Iot,-58.0,2462.0,12
1789658905511770880,1789658909129419008,1789658909200356740,20,d4:bd:4f:61:d5:93,CESI_Recherche,-50.0,2462.0,12
1789658905511770880,1789658909129419008,1789658909200356740,20,f4:6a:dd:3c:f0:8d,,-88.0,5180.0,28928
1789658905511770880,1789658909129419008,1789658909200356740,20,f8:0b:cb:42:a1:2b,eduroam,-88.0,5500.0,28928
1789658905511770880,1789658909129419008,1789658909200356740,20,f8:0b:cb:42:a1:26,iot3,-86.0,5500.0,28928
1789658905511770880,1789658909129419008,1789658909200356740,20,f8:0b:cb:42:cc:8e,eduroam,-88.0,5680.0,8352
1789658905511770880,1789658909129419008,1789658909200356740,20,d4:bd:4f:60:5d:90,CESI_Corp,-75.0,2462.0,24856
1789658905511770880,1789658909129419008,1789658909200356740,20,f8:0b:cb:42:a1:2c,iut-info,-88.0,5500.0,24856
1789658905511770880,1789658909129419008,1789658909200356740,20,f8:0b:cb:42:a1:21,Examen,-88.0,5500.0,24856
1789658905511770880,1789658909129419008,1789658909200356740,20,f8:0b:cb:42:a1:2a,eduspot,-88.0,5500.0,24856
1789658905511770880,1789658909129419008,1789658909200356740,20,f8:0b:cb:42:a1:20,EEA-IOT,-90.0,5500.0,24856
1789658905511770880,1789658909129419008,1789658909200356740,20,d4:bd:4f:61:a9:70,CESI_Corp,-78.0,2462.0,20728
1789658905511770880,1789658909129419008,1789658909200356740,20,d4:bd:4f:61:a9:72,CESI_Robots,-78.0,2462.0,16648
1789658905511770880,1789658909129419008,1789658909200356740,20,f8:0b:cb:42:a1:25,interco,-87.0,5500.0,16648
1789658905511770880,1789658909129419008,1789658909200356740,20,f8:0b:cb:42:a1:29,nologin,-88.0,5500.0,16648
1789658905511770880,1789658909129419008,1789658909200356740,20,f8:0b:cb:42:a1:2e,SIDES,-88.0,5500.0,16648
1789658905511770880,1789658909129419008,1789658909200356740,20,f8:0b:cb:42:a1:23,test-PCOIP,-88.0,5500.0,16648
1789658905511770880,1789658909129419008,1789658909200356740,20,f8:0b:cb:42:a1:22,PC-1067,-89.0,5500.0,16648
1789658905511770880,1789658909129419008,1789658909200356740,20,d4:bd:4f:61:91:33,CESI_Recherche,-70.0,2462.0,12532
1789658905511770880,1789658909129419008,1789658909200356740,20,d4:bd:4f:61:91:34,CESI_Iot,-67.0,2462.0,12
1789658905511770880,1789658909129419008,1789658909200356740,20,2c:5a:0f:e5:7f:e0,eduspot,-61.0,2412.0,12
1789658905511770880,1789658909129419008,1789658909200356740,20,2c:5a:0f:e5:7f:e1,eduroam,-62.0,2412.0,12
1789658905511770880,1789658909129419008,1789658909200356740,20,d4:bd:4f:61:91:31,CESI_HotSpot,-62.0,2462.0,12
1789658905511770880,1789658909129419008,1789658909200356740,20,72:a7:41:22:25:eb,,-89.0,5220.0,8352
1789658905511770880,1789658909129419008,1789658909200356740,20,78:45:58:d8:a3:5f,FGNE-Admin,-73.0,2437.0,12
1789658905511770880,1789658909129419008,1789658909200356740,20,94:b3:4f:bc:d6:a0,CESI_Corp,-85.0,5180.0,4192
1789658905511770880,1789658909129419008,1789658909200356740,20,94:b3:4f:bc:d6:a1,CESI_HotSpot,-86.0,5180.0,4192
1789658905511770880,1789658909129419008,1789658909200356740,20,94:b3:4f:bc:d6:a2,CESI_Robots,-84.0,5180.0,4192
1789658905511770880,1789658909129419008,1789658909200356740,20,94:b3:4f:bc:d6:a3,CESI_Recherche,-84.0,5180.0,4192
1789658905511770880,1789658909129419008,1789658909200356740,20,94:b3:4f:bc:d6:a4,CESI_Iot,-85.0,5180.0,4192
1789658905511770880,1789658909129419008,1789658909200356740,20,d4:bd:4f:61:91:32,CESI_Robots,-62.0,2462.0,12
1789658905511770880,1789658909129419008,1789658909200356740,20,d4:bd:4f:61:d5:92,CESI_Robots,-54.0,2462.0,12
1789658905511770880,1789658909129419008,1789658909200356740,20,78:45:58:d8:a3:60,FGNE-Admin,-91.0,5180.0,16
1789658905511770880,1789658909129419008,1789658909200356740,20,72:a7:41:12:25:eb,Cepsup-Etudiants,-84.0,5220.0,16
1789658905511770880,1789658909129419008,1789658909200356740,20,70:a7:41:72:25:eb,FGNE-Admin,-83.0,5220.0,16
1789658909703310848,1789658913273399040,1789658913340557249,21,02:91:9e:71:b0:15,poppy_net,-39.0,2412.0,0
1789658909703310848,1789658913273399040,1789658913340557249,21,32:0d:cb:9d:dd:f0,iPhone moe b,-52.0,2412.0,0
1789658909703310848,1789658913273399040,1789658913340557249,21,7c:26:64:69:50:05,,-72.0,5320.0,0
1789658909703310848,1789658913273399040,1789658913340557249,21,d4:bd:4f:a0:d2:d0,CESI_Corp,-54.0,5260.0,0
1789658909703310848,1789658913273399040,1789658913340557249,21,d4:bd:4f:a0:d2:d1,CESI_HotSpot,-54.0,5260.0,0
1789658909703310848,1789658913273399040,1789658913340557249,21,d4:bd:4f:a0:d2:d2,CESI_Robots,-53.0,5260.0,0
1789658909703310848,1789658913273399040,1789658913340557249,21,d4:bd:4f:a0:d2:d3,CESI_Recherche,-53.0,5260.0,0
1789658909703310848,1789658913273399040,1789658913340557249,21,d4:bd:4f:a0:d2:d4,CESI_Iot,-53.0,5260.0,0
1789658909703310848,1789658913273399040,1789658913340557249,21,d4:bd:4f:60:d2:d0,CESI_Corp,-50.0,2462.0,0
1789658909703310848,1789658913273399040,1789658913340557249,21,d4:bd:4f:60:d2:d2,CESI_Robots,-60.0,2462.0,0
1789658909703310848,1789658913273399040,1789658913340557249,21,d4:bd:4f:60:d2:d1,CESI_HotSpot,-59.0,2462.0,0
1789658909703310848,1789658913273399040,1789658913340557249,21,d4:bd:4f:60:d2:d3,CESI_Recherche,-60.0,2462.0,0
1789658909703310848,1789658913273399040,1789658913340557249,21,d4:bd:4f:a1:91:c1,CESI_HotSpot,-65.0,5260.0,0
1789658909703310848,1789658913273399040,1789658913340557249,21,d4:bd:4f:a1:91:c2,CESI_Robots,-63.0,5260.0,0
1789658909703310848,1789658913273399040,1789658913340557249,21,d4:bd:4f:a1:91:c3,CESI_Recherche,-63.0,5260.0,0
1789658909703310848,1789658913273399040,1789658913340557249,21,d4:bd:4f:a1:91:c0,CESI_Corp,-65.0,5260.0,0
1789658909703310848,1789658913273399040,1789658913340557249,21,d4:bd:4f:a1:91:c4,CESI_Iot,-63.0,5260.0,0
1789658909703310848,1789658913273399040,1789658913340557249,21,d4:bd:4f:61:91:c3,CESI_Recherche,-52.0,2462.0,0
1789658909703310848,1789658913273399040,1789658913340557249,21,2c:5a:0f:e5:7f:ef,eduspot,-73.0,5180.0,0
1789658909703310848,1789658913273399040,1789658913340557249,21,d4:bd:4f:a1:e5:74,CESI_Iot,-63.0,5260.0,0
1789658909703310848,1789658913273399040,1789658913340557249,21,d4:bd:4f:61:91:c0,CESI_Corp,-54.0,2462.0,0
1789658909703310848,1789658913273399040,1789658913340557249,21,d4:bd:4f:61:91:c1,CESI_HotSpot,-52.0,2462.0,0
1789658909703310848,1789658913273399040,1789658913340557249,21,d4:bd:4f:61:91:c2,CESI_Robots,-54.0,2462.0,0
1789658909703310848,1789658913273399040,1789658913340557249,21,d4:bd:4f:a1:e5:70,CESI_Corp,-62.0,5260.0,0
1789658909703310848,1789658913273399040,1789658913340557249,21,d4:bd:4f:a1:e5:71,CESI_HotSpot,-62.0,5260.0,0
1789658909703310848,1789658913273399040,1789658913340557249,21,d4:bd:4f:a1:e5:72,CESI_Robots,-62.0,5260.0,0
1789658909703310848,1789658913273399040,1789658913340557249,21,d4:bd:4f:a1:e5:73,CESI_Recherche,-63.0,5260.0,0
1789658909703310848,1789658913273399040,1789658913340557249,21,d4:bd:4f:61:e5:70,CESI_Corp,-60.0,2462.0,0
1789658909703310848,1789658913273399040,1789658913340557249,21,d4:bd:4f:61:e5:73,CESI_Recherche,-57.0,2462.0,4144
1789658909703310848,1789658913273399040,1789658913340557249,21,d4:bd:4f:61:e5:74,CESI_Iot,-63.0,2462.0,0
1789658909703310848,1789658913273399040,1789658913340557249,21,d4:bd:4f:61:e5:72,CESI_Robots,-65.0,2462.0,0
1789658909703310848,1789658913273399040,1789658913340557249,21,d4:bd:4f:61:e5:71,CESI_HotSpot,-64.0,2462.0,0
1789658909703310848,1789658913273399040,1789658913340557249,21,d4:bd:4f:a1:f4:50,CESI_Corp,-67.0,5180.0,4144
1789658909703310848,1789658913273399040,1789658913340557249,21,d4:bd:4f:a1:f4:51,CESI_HotSpot,-67.0,5180.0,4144
1789658909703310848,1789658913273399040,1789658913340557249,21,d4:bd:4f:a1:f4:52,CESI_Robots,-67.0,5180.0,4144
1789658909703310848,1789658913273399040,1789658913340557249,21,d4:bd:4f:a1:f4:53,CESI_Recherche,-67.0,5180.0,4144
1789658909703310848,1789658913273399040,1789658913340557249,21,d4:bd:4f:a1:f4:54,CESI_Iot,-67.0,5180.0,4144
1789658909703310848,1789658913273399040,1789658913340557249,21,d4:bd:4f:60:d2:d4,CESI_Iot,-47.0,2462.0,0
1789658909703310848,1789658913273399040,1789658913340557249,21,d4:bd:4f:a1:d5:93,CESI_Recherche,-66.0,5260.0,0
1789658909703310848,1789658913273399040,1789658913340557249,21,d4:bd:4f:a1:d5:90,CESI_Corp,-66.0,5260.0,0
1789658909703310848,1789658913273399040,1789658913340557249,21,d4:bd:4f:a1:d5:91,CESI_HotSpot,-66.0,5260.0,0
1789658909703310848,1789658913273399040,1789658913340557249,21,d4:bd:4f:a1:d5:92,CESI_Robots,-66.0,5260.0,0
1789658909703310848,1789658913273399040,1789658913340557249,21,d4:bd:4f:a1:d5:94,CESI_Iot,-66.0,5260.0,0
1789658909703310848,1789658913273399040,1789658913340557249,21,d4:bd:4f:a1:a9:70,CESI_Corp,-77.0,5260.0,12484
1789658909703310848,1789658913273399040,1789658913340557249,21,d4:bd:4f:61:91:c4,CESI_Iot,-54.0,2462.0,0
1789658909703310848,1789658913273399040,1789658913340557249,21,2c:5a:0f:e5:7f:ee,eduroam,-72.0,5180.0,0
1789658909703310848,1789658913273399040,1789658913340557249,21,d4:bd:4f:a0:5d:90,CESI_Corp,-85.0,5260.0,8324
1789658909703310848,1789658913273399040,1789658913340557249,21,d4:bd:4f:a1:a9:72,CESI_Robots,-82.0,5260.0,4144
1789658909703310848,1789658913273399040,1789658913340557249,21,d4:bd:4f:a1:a9:74,CESI_Iot,-81.0,5260.0,4144
1789658909703310848,1789658913273399040,1789658913340557249,21,d4:bd:4f:a1:a9:71,CESI_HotSpot,-77.0,5260.0,0
1789658909703310848,1789658913273399040,1789658913340557249,21,d4:bd:4f:a1:a9:73,CESI_Recherche,-66.0,5260.0,0
1789658909703310848,1789658913273399040,1789658913340557249,21,d4:bd:4f:61:f4:50,CESI_Corp,-63.0,2447.0,0
1789658909703310848,1789658913273399040,1789658913340557249,21,d4:bd:4f:61:f4:51,CESI_HotSpot,-62.0,2447.0,0
1789658909703310848,1789658913273399040,1789658913340557249,21,d4:bd:4f:61:f4:52,CESI_Robots,-62.0,2447.0,0
1789658909703310848,1789658913273399040,1789658913340557249,21,d4:bd:4f:61:f4:53,CESI_Recherche,-61.0,2447.0,0
1789658909703310848,1789658913273399040,1789658913340557249,21,d4:bd:4f:61:f4:54,CESI_Iot,-60.0,2447.0,0
1789658909703310848,1789658913273399040,1789658913340557249,21,d4:bd:4f:61:a9:71,CESI_HotSpot,-76.0,2462.0,20780
1789658909703310848,1789658913273399040,1789658913340557249,21,d4:bd:4f:a0:5d:91,CESI_HotSpot,-83.0,5260.0,16664
1789658909703310848,1789658913273399040,1789658913340557249,21,d4:bd:4f:a0:5d:92,CESI_Robots,-83.0,5260.0,12484
1789658909703310848,1789658913273399040,1789658913340557249,21,d4:bd:4f:a0:5d:93,CESI_Recherche,-83.0,5260.0,12484
1789658909703310848,1789658913273399040,1789658913340557249,21,d4:bd:4f:a0:5d:94,CESI_Iot,-83.0,5260.0,12484
1789658909703310848,1789658913273399040,1789658913340557249,21,d4:bd:4f:a1:91:33,CESI_Recherche,-77.0,5260.0,0
1789658909703310848,1789658913273399040,1789658913340557249,21,d4:bd:4f:a1:91:34,CESI_Iot,-77.0,5260.0,0
1789658909703310848,1789658913273399040,1789658913340557249,21,d4:bd:4f:a1:91:30,CESI_Corp,-76.0,5260.0,12484
1789658909703310848,1789658913273399040,1789658913340557249,21,d4:bd:4f:a1:91:31,CESI_HotSpot,-75.0,5260.0,12484
1789658909703310848,1789658913273399040,1789658913340557249,21,d4:bd:4f:a1:91:32,CESI_Robots,-77.0,5260.0,12
1789658909703310848,1789658913273399040,1789658913340557249,21,f8:0b:cb:42:cc:8f,eduspot,-87.0,5680.0,12
1789658909703310848,1789658913273399040,1789658913340557249,21,78:c4:0e:d7:b1:30,RM828_WIFI,-78.0,2412.0,8336
1789658909703310848,1789658913273399040,1789658913340557249,21,f8:0b:cb:42:a1:24,TEST-DN-802.1x,-89.0,5500.0,20792
1789658909703310848,1789658913273399040,1789658913340557249,21,d4:bd:4f:61:d5:90,CESI_Corp,-57.0,2462.0,4156
1789658909703310848,1789658913273399040,1789658913340557249,21,d4:bd:4f:61:d5:94,CESI_Iot,-58.0,2462.0,4156
1789658909703310848,1789658913273399040,1789658913340557249,21,d4:bd:4f:61:d5:93,CESI_Recherche,-50.0,2462.0,4156
1789658909703310848,1789658913273399040,1789658913340557249,21,f8:0b:cb:42:cc:8e,eduroam,-88.0,5680.0,12496
1789658909703310848,1789658913273399040,1789658913340557249,21,d4:bd:4f:60:5d:90,CESI_Corp,-75.0,2462.0,29000
1789658909703310848,1789658913273399040,1789658913340557249,21,f8:0b:cb:42:a1:2c,iut-info,-88.0,5500.0,29000
1789658909703310848,1789658913273399040,1789658913340557249,21,f8:0b:cb:42:a1:21,Examen,-88.0,5500.0,29000
1789658909703310848,1789658913273399040,1789658913340557249,21,f8:0b:cb:42:a1:2a,eduspot,-88.0,5500.0,29000
1789658909703310848,1789658913273399040,1789658913340557249,21,f8:0b:cb:42:a1:20,EEA-IOT,-90.0,5500.0,29000
1789658909703310848,1789658913273399040,1789658913340557249,21,d4:bd:4f:61:a9:70,CESI_Corp,-78.0,2462.0,24872
1789658909703310848,1789658913273399040,1789658913340557249,21,d4:bd:4f:61:a9:72,CESI_Robots,-78.0,2462.0,20792
1789658909703310848,1789658913273399040,1789658913340557249,21,f8:0b:cb:42:a1:25,interco,-87.0,5500.0,20792
1789658909703310848,1789658913273399040,1789658913340557249,21,f8:0b:cb:42:a1:29,nologin,-88.0,5500.0,20792
1789658909703310848,1789658913273399040,1789658913340557249,21,f8:0b:cb:42:a1:2e,SIDES,-88.0,5500.0,20792
1789658909703310848,1789658913273399040,1789658913340557249,21,f8:0b:cb:42:a1:23,test-PCOIP,-88.0,5500.0,20792
1789658909703310848,1789658913273399040,1789658913340557249,21,f8:0b:cb:42:a1:22,PC-1067,-89.0,5500.0,20792
1789658909703310848,1789658913273399040,1789658913340557249,21,d4:bd:4f:61:91:33,CESI_Recherche,-70.0,2462.0,16676
1789658909703310848,1789658913273399040,1789658913340557249,21,d4:bd:4f:61:91:34,CESI_Iot,-67.0,2462.0,4156
1789658909703310848,1789658913273399040,1789658913340557249,21,2c:5a:0f:e5:7f:e0,eduspot,-62.0,2412.0,12
1789658909703310848,1789658913273399040,1789658913340557249,21,2c:5a:0f:e5:7f:e1,eduroam,-62.0,2412.0,4156
1789658909703310848,1789658913273399040,1789658913340557249,21,d4:bd:4f:61:91:31,CESI_HotSpot,-62.0,2462.0,4156
1789658909703310848,1789658913273399040,1789658913340557249,21,72:a7:41:22:25:eb,,-89.0,5220.0,12496
1789658909703310848,1789658913273399040,1789658913340557249,21,78:45:58:d8:a3:5f,FGNE-Admin,-72.0,2437.0,12
1789658909703310848,1789658913273399040,1789658913340557249,21,94:b3:4f:bc:d6:a0,CESI_Corp,-85.0,5180.0,8336
1789658909703310848,1789658913273399040,1789658913340557249,21,94:b3:4f:bc:d6:a1,CESI_HotSpot,-86.0,5180.0,8336
1789658909703310848,1789658913273399040,1789658913340557249,21,94:b3:4f:bc:d6:a2,CESI_Robots,-84.0,5180.0,8336
1789658909703310848,1789658913273399040,1789658913340557249,21,94:b3:4f:bc:d6:a3,CESI_Recherche,-84.0,5180.0,8336
1789658909703310848,1789658913273399040,1789658913340557249,21,94:b3:4f:bc:d6:a4,CESI_Iot,-85.0,5180.0,8336
1789658909703310848,1789658913273399040,1789658913340557249,21,d4:bd:4f:61:91:32,CESI_Robots,-69.0,2462.0,12
1789658909703310848,1789658913273399040,1789658913340557249,21,d4:bd:4f:61:d5:92,CESI_Robots,-54.0,2462.0,4156
1789658909703310848,1789658913273399040,1789658913340557249,21,78:45:58:d8:a3:60,FGNE-Admin,-91.0,5180.0,4156
1789658909703310848,1789658913273399040,1789658913340557249,21,72:a7:41:12:25:eb,Cepsup-Etudiants,-84.0,5220.0,4156
1789658909703310848,1789658913273399040,1789658913340557249,21,70:a7:41:72:25:eb,FGNE-Admin,-83.0,5220.0,4160
1789658913844034816,1789658917413129984,1789658917479223580,22,02:91:9e:71:b0:15,poppy_net,-35.0,2412.0,4
1789658913844034816,1789658917413129984,1789658917479223580,22,32:0d:cb:9d:dd:f0,iPhone moe b,-43.0,2412.0,4
1789658913844034816,1789658917413129984,1789658917479223580,22,7c:26:64:69:50:05,,-76.0,5320.0,4
1789658913844034816,1789658917413129984,1789658917479223580,22,d4:bd:4f:a0:d2:d0,CESI_Corp,-56.0,5260.0,4
1789658913844034816,1789658917413129984,1789658917479223580,22,d4:bd:4f:a0:d2:d1,CESI_HotSpot,-56.0,5260.0,4
1789658913844034816,1789658917413129984,1789658917479223580,22,d4:bd:4f:a0:d2:d2,CESI_Robots,-57.0,5260.0,4
1789658913844034816,1789658917413129984,1789658917479223580,22,d4:bd:4f:a0:d2:d3,CESI_Recherche,-57.0,5260.0,4
1789658913844034816,1789658917413129984,1789658917479223580,22,d4:bd:4f:a0:d2:d4,CESI_Iot,-57.0,5260.0,4
1789658913844034816,1789658917413129984,1789658917479223580,22,d4:bd:4f:60:d2:d0,CESI_Corp,-49.0,2462.0,4
1789658913844034816,1789658917413129984,1789658917479223580,22,d4:bd:4f:60:d2:d2,CESI_Robots,-49.0,2462.0,4
1789658913844034816,1789658917413129984,1789658917479223580,22,d4:bd:4f:60:d2:d1,CESI_HotSpot,-48.0,2462.0,4
1789658913844034816,1789658917413129984,1789658917479223580,22,d4:bd:4f:60:d2:d3,CESI_Recherche,-46.0,2462.0,4
1789658913844034816,1789658917413129984,1789658917479223580,22,d4:bd:4f:a1:91:c1,CESI_HotSpot,-55.0,5260.0,4
1789658913844034816,1789658917413129984,1789658917479223580,22,d4:bd:4f:a1:91:c2,CESI_Robots,-55.0,5260.0,4
1789658913844034816,1789658917413129984,1789658917479223580,22,d4:bd:4f:a1:91:c3,CESI_Recherche,-55.0,5260.0,4
1789658913844034816,1789658917413129984,1789658917479223580,22,d4:bd:4f:a1:91:c0,CESI_Corp,-55.0,5260.0,4
1789658913844034816,1789658917413129984,1789658917479223580,22,d4:bd:4f:a1:91:c4,CESI_Iot,-55.0,5260.0,4
1789658913844034816,1789658917413129984,1789658917479223580,22,d4:bd:4f:61:91:c3,CESI_Recherche,-59.0,2462.0,4
1789658913844034816,1789658917413129984,1789658917479223580,22,2c:5a:0f:e5:7f:ef,eduspot,-77.0,5180.0,4
1789658913844034816,1789658917413129984,1789658917479223580,22,d4:bd:4f:a1:e5:74,CESI_Iot,-65.0,5260.0,4
1789658913844034816,1789658917413129984,1789658917479223580,22,d4:bd:4f:61:91:c0,CESI_Corp,-59.0,2462.0,4
1789658913844034816,1789658917413129984,1789658917479223580,22,d4:bd:4f:61:91:c1,CESI_HotSpot,-52.0,2462.0,4148
1789658913844034816,1789658917413129984,1789658917479223580,22,d4:bd:4f:61:91:c2,CESI_Robots,-54.0,2462.0,4148
1789658913844034816,1789658917413129984,1789658917479223580,22,d4:bd:4f:a1:e5:70,CESI_Corp,-66.0,5260.0,4
1789658913844034816,1789658917413129984,1789658917479223580,22,d4:bd:4f:a1:e5:71,CESI_HotSpot,-64.0,5260.0,4
1789658913844034816,1789658917413129984,1789658917479223580,22,d4:bd:4f:a1:e5:72,CESI_Robots,-66.0,5260.0,4
1789658913844034816,1789658917413129984,1789658917479223580,22,d4:bd:4f:a1:e5:73,CESI_Recherche,-65.0,5260.0,4
1789658913844034816,1789658917413129984,1789658917479223580,22,d4:bd:4f:61:e5:70,CESI_Corp,-65.0,2462.0,4
1789658913844034816,1789658917413129984,1789658917479223580,22,d4:bd:4f:61:e5:73,CESI_Recherche,-57.0,2462.0,8292
1789658913844034816,1789658917413129984,1789658917479223580,22,d4:bd:4f:61:e5:74,CESI_Iot,-63.0,2462.0,4148
1789658913844034816,1789658917413129984,1789658917479223580,22,d4:bd:4f:61:e5:72,CESI_Robots,-64.0,2462.0,4
1789658913844034816,1789658917413129984,1789658917479223580,22,d4:bd:4f:61:e5:71,CESI_HotSpot,-63.0,2462.0,4
1789658913844034816,1789658917413129984,1789658917479223580,22,d4:bd:4f:a1:f4:50,CESI_Corp,-66.0,5180.0,4
1789658913844034816,1789658917413129984,1789658917479223580,22,d4:bd:4f:a1:f4:51,CESI_HotSpot,-66.0,5180.0,4
1789658913844034816,1789658917413129984,1789658917479223580,22,d4:bd:4f:a1:f4:52,CESI_Robots,-66.0,5180.0,4
1789658913844034816,1789658917413129984,1789658917479223580,22,d4:bd:4f:a1:f4:53,CESI_Recherche,-66.0,5180.0,4
1789658913844034816,1789658917413129984,1789658917479223580,22,d4:bd:4f:a1:f4:54,CESI_Iot,-66.0,5180.0,4
1789658913844034816,1789658917413129984,1789658917479223580,22,d4:bd:4f:60:d2:d4,CESI_Iot,-47.0,2462.0,4148
1789658913844034816,1789658917413129984,1789658917479223580,22,d4:bd:4f:a1:d5:93,CESI_Recherche,-74.0,5260.0,4
1789658913844034816,1789658917413129984,1789658917479223580,22,d4:bd:4f:a1:d5:90,CESI_Corp,-75.0,5260.0,4
1789658913844034816,1789658917413129984,1789658917479223580,22,d4:bd:4f:a1:d5:91,CESI_HotSpot,-66.0,5260.0,4148
1789658913844034816,1789658917413129984,1789658917479223580,22,d4:bd:4f:a1:d5:92,CESI_Robots,-75.0,5260.0,4
1789658913844034816,1789658917413129984,1789658917479223580,22,d4:bd:4f:a1:d5:94,CESI_Iot,-74.0,5260.0,4
1789658913844034816,1789658917413129984,1789658917479223580,22,d4:bd:4f:a1:a9:70,CESI_Corp,-77.0,5260.0,16632
1789658913844034816,1789658917413129984,1789658917479223580,22,d4:bd:4f:61:91:c4,CESI_Iot,-59.0,2462.0,4
1789658913844034816,1789658917413129984,1789658917479223580,22,2c:5a:0f:e5:7f:ee,eduroam,-77.0,5180.0,4
1789658913844034816,1789658917413129984,1789658917479223580,22,d4:bd:4f:a0:5d:90,CESI_Corp,-85.0,5260.0,12472
1789658913844034816,1789658917413129984,1789658917479223580,22,d4:bd:4f:a1:a9:72,CESI_Robots,-82.0,5260.0,8292
1789658913844034816,1789658917413129984,1789658917479223580,22,d4:bd:4f:a1:a9:74,CESI_Iot,-87.0,5260.0,4
1789658913844034816,1789658917413129984,1789658917479223580,22,d4:bd:4f:a1:a9:71,CESI_HotSpot,-77.0,5260.0,4148
1789658913844034816,1789658917413129984,1789658917479223580,22,d4:bd:4f:a1:a9:73,CESI_Recherche,-85.0,5260.0,4
1789658913844034816,1789658917413129984,1789658917479223580,22,d4:bd:4f:61:f4:50,CESI_Corp,-59.0,2447.0,4
1789658913844034816,1789658917413129984,1789658917479223580,22,d4:bd:4f:61:f4:51,CESI_HotSpot,-58.0,2447.0,4
1789658913844034816,1789658917413129984,1789658917479223580,22,d4:bd:4f:61:f4:52,CESI_Robots,-59.0,2447.0,4
1789658913844034816,1789658917413129984,1789658917479223580,22,d4:bd:4f:61:f4:53,CESI_Recherche,-58.0,2447.0,4
1789658913844034816,1789658917413129984,1789658917479223580,22,d4:bd:4f:61:f4:54,CESI_Iot,-59.0,2447.0,4
1789658913844034816,1789658917413129984,1789658917479223580,22,d4:bd:4f:61:a9:71,CESI_HotSpot,-76.0,2462.0,24928
1789658913844034816,1789658917413129984,1789658917479223580,22,d4:bd:4f:a0:5d:91,CESI_HotSpot,-83.0,5260.0,20812
1789658913844034816,1789658917413129984,1789658917479223580,22,d4:bd:4f:a0:5d:92,CESI_Robots,-83.0,5260.0,16632
1789658913844034816,1789658917413129984,1789658917479223580,22,d4:bd:4f:a0:5d:93,CESI_Recherche,-83.0,5260.0,16632
1789658913844034816,1789658917413129984,1789658917479223580,22,d4:bd:4f:a0:5d:94,CESI_Iot,-83.0,5260.0,16632
1789658913844034816,1789658917413129984,1789658917479223580,22,d4:bd:4f:a1:91:33,CESI_Recherche,-77.0,5260.0,4148
1789658913844034816,1789658917413129984,1789658917479223580,22,d4:bd:4f:a1:91:34,CESI_Iot,-77.0,5260.0,4148
1789658913844034816,1789658917413129984,1789658917479223580,22,d4:bd:4f:a1:91:30,CESI_Corp,-76.0,5260.0,16632
1789658913844034816,1789658917413129984,1789658917479223580,22,d4:bd:4f:a1:91:31,CESI_HotSpot,-75.0,5260.0,16632
1789658913844034816,1789658917413129984,1789658917479223580,22,d4:bd:4f:a1:91:32,CESI_Robots,-77.0,5260.0,4152
1789658913844034816,1789658917413129984,1789658917479223580,22,f8:0b:cb:42:cc:8f,eduspot,-87.0,5680.0,4152
1789658913844034816,1789658917413129984,1789658917479223580,22,78:c4:0e:d7:b1:30,RM828_WIFI,-78.0,2412.0,12476
1789658913844034816,1789658917413129984,1789658917479223580,22,f8:0b:cb:42:a1:24,TEST-DN-802.1x,-89.0,5500.0,24932
1789658913844034816,1789658917413129984,1789658917479223580,22,d4:bd:4f:61:d5:90,CESI_Corp,-71.0,2462.0,8
1789658913844034816,1789658917413129984,1789658917479223580,22,d4:bd:4f:61:d5:94,CESI_Iot,-58.0,2462.0,8296
1789658913844034816,1789658917413129984,1789658917479223580,22,d4:bd:4f:61:d5:93,CESI_Recherche,-50.0,2462.0,8296
1789658913844034816,1789658917413129984,1789658917479223580,22,f8:0b:cb:42:cc:8e,eduroam,-88.0,5680.0,16636
1789658913844034816,1789658917413129984,1789658917479223580,22,d4:bd:4f:61:a9:70,CESI_Corp,-78.0,2462.0,29012
1789658913844034816,1789658917413129984,1789658917479223580,22,d4:bd:4f:61:a9:72,CESI_Robots,-78.0,2462.0,24932
1789658913844034816,1789658917413129984,1789658917479223580,22,f8:0b:cb:42:a1:25,interco,-87.0,5500.0,24932
1789658913844034816,1789658917413129984,1789658917479223580,22,f8:0b:cb:42:a1:29,nologin,-88.0,5500.0,24932
1789658913844034816,1789658917413129984,1789658917479223580,22,f8:0b:cb:42:a1:2e,SIDES,-88.0,5500.0,24932
1789658913844034816,1789658917413129984,1789658917479223580,22,f8:0b:cb:42:a1:23,test-PCOIP,-88.0,5500.0,24932
1789658913844034816,1789658917413129984,1789658917479223580,22,f8:0b:cb:42:a1:22,PC-1067,-89.0,5500.0,24932
1789658913844034816,1789658917413129984,1789658917479223580,22,d4:bd:4f:61:91:33,CESI_Recherche,-70.0,2462.0,20816
1789658913844034816,1789658917413129984,1789658917479223580,22,d4:bd:4f:61:91:34,CESI_Iot,-68.0,2462.0,8
1789658913844034816,1789658917413129984,1789658917479223580,22,2c:5a:0f:e5:7f:e0,eduspot,-62.0,2412.0,4152
1789658913844034816,1789658917413129984,1789658917479223580,22,2c:5a:0f:e5:7f:e1,eduroam,-62.0,2412.0,8296
1789658913844034816,1789658917413129984,1789658917479223580,22,d4:bd:4f:61:91:31,CESI_HotSpot,-62.0,2462.0,8296
1789658913844034816,1789658917413129984,1789658917479223580,22,72:a7:41:22:25:eb,,-89.0,5220.0,16636
1789658913844034816,1789658917413129984,1789658917479223580,22,78:45:58:d8:a3:5f,FGNE-Admin,-81.0,2437.0,8
1789658913844034816,1789658917413129984,1789658917479223580,22,94:b3:4f:bc:d6:a0,CESI_Corp,-85.0,5180.0,12476
1789658913844034816,1789658917413129984,1789658917479223580,22,94:b3:4f:bc:d6:a1,CESI_HotSpot,-86.0,5180.0,12476
1789658913844034816,1789658917413129984,1789658917479223580,22,94:b3:4f:bc:d6:a2,CESI_Robots,-84.0,5180.0,12476
1789658913844034816,1789658917413129984,1789658917479223580,22,94:b3:4f:bc:d6:a3,CESI_Recherche,-84.0,5180.0,12476
1789658913844034816,1789658917413129984,1789658917479223580,22,94:b3:4f:bc:d6:a4,CESI_Iot,-85.0,5180.0,12476
1789658913844034816,1789658917413129984,1789658917479223580,22,d4:bd:4f:61:91:32,CESI_Robots,-69.0,2462.0,4152
1789658913844034816,1789658917413129984,1789658917479223580,22,d4:bd:4f:61:d5:92,CESI_Robots,-54.0,2462.0,8296
1789658913844034816,1789658917413129984,1789658917479223580,22,78:45:58:d8:a3:60,FGNE-Admin,-91.0,5180.0,8296
1789658913844034816,1789658917413129984,1789658917479223580,22,72:a7:41:12:25:eb,Cepsup-Etudiants,-84.0,5220.0,8296
1789658913844034816,1789658917413129984,1789658917479223580,22,70:a7:41:72:25:eb,FGNE-Admin,-83.0,5220.0,8296
1789658913844034816,1789658917413129984,1789658917479223580,22,7a:45:58:98:a3:5f,Cepsup-Etudiants,-81.0,2437.0,8
1789658913844034816,1789658917413129984,1789658917479223580,22,d4:bd:4f:61:d5:91,CESI_HotSpot,-68.0,2462.0,8
1789658917982131968,1789658921568532992,1789658921635741433,23,02:91:9e:71:b0:15,poppy_net,-34.0,2412.0,4
1789658917982131968,1789658921568532992,1789658921635741433,23,32:0d:cb:9d:dd:f0,iPhone moe b,-42.0,2412.0,4
1789658917982131968,1789658921568532992,1789658921635741433,23,7c:26:64:69:50:05,,-78.0,5320.0,4
1789658917982131968,1789658921568532992,1789658921635741433,23,d4:bd:4f:a0:d2:d0,CESI_Corp,-58.0,5260.0,4
1789658917982131968,1789658921568532992,1789658921635741433,23,d4:bd:4f:a0:d2:d1,CESI_HotSpot,-58.0,5260.0,4
1789658917982131968,1789658921568532992,1789658921635741433,23,d4:bd:4f:a0:d2:d2,CESI_Robots,-58.0,5260.0,4
1789658917982131968,1789658921568532992,1789658921635741433,23,d4:bd:4f:a0:d2:d3,CESI_Recherche,-58.0,5260.0,4
1789658917982131968,1789658921568532992,1789658921635741433,23,d4:bd:4f:a0:d2:d4,CESI_Iot,-58.0,5260.0,4
1789658917982131968,1789658921568532992,1789658921635741433,23,d4:bd:4f:60:d2:d0,CESI_Corp,-55.0,2462.0,4
1789658917982131968,1789658921568532992,1789658921635741433,23,d4:bd:4f:60:d2:d2,CESI_Robots,-56.0,2462.0,4
1789658917982131968,1789658921568532992,1789658921635741433,23,d4:bd:4f:60:d2:d1,CESI_HotSpot,-48.0,2462.0,4156
1789658917982131968,1789658921568532992,1789658921635741433,23,d4:bd:4f:60:d2:d3,CESI_Recherche,-56.0,2462.0,4
1789658917982131968,1789658921568532992,1789658921635741433,23,d4:bd:4f:a1:91:c1,CESI_HotSpot,-52.0,5260.0,4
1789658917982131968,1789658921568532992,1789658921635741433,23,d4:bd:4f:a1:91:c2,CESI_Robots,-52.0,5260.0,4
1789658917982131968,1789658921568532992,1789658921635741433,23,d4:bd:4f:a1:91:c3,CESI_Recherche,-53.0,5260.0,4
1789658917982131968,1789658921568532992,1789658921635741433,23,d4:bd:4f:a1:91:c0,CESI_Corp,-53.0,5260.0,4
1789658917982131968,1789658921568532992,1789658921635741433,23,d4:bd:4f:a1:91:c4,CESI_Iot,-52.0,5260.0,4
1789658917982131968,1789658921568532992,1789658921635741433,23,d4:bd:4f:61:91:c3,CESI_Recherche,-48.0,2462.0,4
1789658917982131968,1789658921568532992,1789658921635741433,23,2c:5a:0f:e5:7f:ef,eduspot,-79.0,5180.0,4
1789658917982131968,1789658921568532992,1789658921635741433,23,d4:bd:4f:a1:e5:74,CESI_Iot,-65.0,5260.0,4156
1789658917982131968,1789658921568532992,1789658921635741433,23,d4:bd:4f:61:91:c0,CESI_Corp,-48.0,2462.0,4
1789658917982131968,1789658921568532992,1789658921635741433,23,d4:bd:4f:61:91:c1,CESI_HotSpot,-48.0,2462.0,4
1789658917982131968,1789658921568532992,1789658921635741433,23,d4:bd:4f:61:91:c2,CESI_Robots,-48.0,2462.0,4
1789658917982131968,1789658921568532992,1789658921635741433,23,d4:bd:4f:a1:e5:70,CESI_Corp,-66.0,5260.0,4156
1789658917982131968,1789658921568532992,1789658921635741433,23,d4:bd:4f:a1:e5:71,CESI_HotSpot,-64.0,5260.0,4156
1789658917982131968,1789658921568532992,1789658921635741433,23,d4:bd:4f:a1:e5:72,CESI_Robots,-66.0,5260.0,4156
1789658917982131968,1789658921568532992,1789658921635741433,23,d4:bd:4f:a1:e5:73,CESI_Recherche,-65.0,5260.0,4156
1789658917982131968,1789658921568532992,1789658921635741433,23,d4:bd:4f:61:e5:70,CESI_Corp,-64.0,2462.0,4
1789658917982131968,1789658921568532992,1789658921635741433,23,d4:bd:4f:61:e5:73,CESI_Recherche,-80.0,2462.0,4
1789658917982131968,1789658921568532992,1789658921635741433,23,d4:bd:4f:61:e5:74,CESI_Iot,-63.0,2462.0,8300
1789658917982131968,1789658921568532992,1789658921635741433,23,d4:bd:4f:61:e5:72,CESI_Robots,-65.0,2462.0,4
1789658917982131968,1789658921568532992,1789658921635741433,23,d4:bd:4f:61:e5:71,CESI_HotSpot,-71.0,2462.0,4
1789658917982131968,1789658921568532992,1789658921635741433,23,d4:bd:4f:a1:f4:50,CESI_Corp,-66.0,5180.0,4
1789658917982131968,1789658921568532992,1789658921635741433,23,d4:bd:4f:a1:f4:51,CESI_HotSpot,-66.0,5180.0,4
1789658917982131968,1789658921568532992,1789658921635741433,23,d4:bd:4f:a1:f4:52,CESI_Robots,-66.0,5180.0,4
1789658917982131968,1789658921568532992,1789658921635741433,23,d4:bd:4f:a1:f4:53,CESI_Recherche,-66.0,5180.0,4
1789658917982131968,1789658921568532992,1789658921635741433,23,d4:bd:4f:a1:f4:54,CESI_Iot,-66.0,5180.0,4
1789658917982131968,1789658921568532992,1789658921635741433,23,d4:bd:4f:60:d2:d4,CESI_Iot,-63.0,2462.0,4
1789658917982131968,1789658921568532992,1789658921635741433,23,d4:bd:4f:a1:d5:93,CESI_Recherche,-75.0,5260.0,4
1789658917982131968,1789658921568532992,1789658921635741433,23,d4:bd:4f:a1:d5:90,CESI_Corp,-74.0,5260.0,4
1789658917982131968,1789658921568532992,1789658921635741433,23,d4:bd:4f:a1:d5:91,CESI_HotSpot,-66.0,5260.0,8300
1789658917982131968,1789658921568532992,1789658921635741433,23,d4:bd:4f:a1:d5:92,CESI_Robots,-75.0,5260.0,4
1789658917982131968,1789658921568532992,1789658921635741433,23,d4:bd:4f:a1:d5:94,CESI_Iot,-75.0,5260.0,4
1789658917982131968,1789658921568532992,1789658921635741433,23,d4:bd:4f:a1:a9:70,CESI_Corp,-77.0,5260.0,20784
1789658917982131968,1789658921568532992,1789658921635741433,23,d4:bd:4f:61:91:c4,CESI_Iot,-48.0,2462.0,4
1789658917982131968,1789658921568532992,1789658921635741433,23,2c:5a:0f:e5:7f:ee,eduroam,-78.0,5180.0,4
1789658917982131968,1789658921568532992,1789658921635741433,23,d4:bd:4f:a0:5d:90,CESI_Corp,-85.0,5260.0,16624
1789658917982131968,1789658921568532992,1789658921635741433,23,d4:bd:4f:a1:a9:72,CESI_Robots,-82.0,5260.0,12444
1789658917982131968,1789658921568532992,1789658921635741433,23,d4:bd:4f:a1:a9:74,CESI_Iot,-87.0,5260.0,4156
1789658917982131968,1789658921568532992,1789658921635741433,23,d4:bd:4f:a1:a9:71,CESI_HotSpot,-77.0,5260.0,8300
1789658917982131968,1789658921568532992,1789658921635741433,23,d4:bd:4f:a1:a9:73,CESI_Recherche,-85.0,5260.0,4156
1789658917982131968,1789658921568532992,1789658921635741433,23,d4:bd:4f:61:f4:50,CESI_Corp,-64.0,2447.0,4
1789658917982131968,1789658921568532992,1789658921635741433,23,d4:bd:4f:61:f4:51,CESI_HotSpot,-64.0,2447.0,4
1789658917982131968,1789658921568532992,1789658921635741433,23,d4:bd:4f:61:f4:52,CESI_Robots,-64.0,2447.0,4
1789658917982131968,1789658921568532992,1789658921635741433,23,d4:bd:4f:61:f4:53,CESI_Recherche,-63.0,2447.0,4
1789658917982131968,1789658921568532992,1789658921635741433,23,d4:bd:4f:61:f4:54,CESI_Iot,-64.0,2447.0,4
1789658917982131968,1789658921568532992,1789658921635741433,23,d4:bd:4f:61:a9:71,CESI_HotSpot,-76.0,2462.0,29080
1789658917982131968,1789658921568532992,1789658921635741433,23,d4:bd:4f:a0:5d:91,CESI_HotSpot,-83.0,5260.0,24964
1789658917982131968,1789658921568532992,1789658921635741433,23,d4:bd:4f:a0:5d:92,CESI_Robots,-83.0,5260.0,20784
1789658917982131968,1789658921568532992,1789658921635741433,23,d4:bd:4f:a0:5d:93,CESI_Recherche,-83.0,5260.0,20784
1789658917982131968,1789658921568532992,1789658921635741433,23,d4:bd:4f:a0:5d:94,CESI_Iot,-83.0,5260.0,20784
1789658917982131968,1789658921568532992,1789658921635741433,23,d4:bd:4f:a1:91:33,CESI_Recherche,-74.0,5260.0,4
1789658917982131968,1789658921568532992,1789658921635741433,23,d4:bd:4f:a1:91:34,CESI_Iot,-74.0,5260.0,4
1789658917982131968,1789658921568532992,1789658921635741433,23,d4:bd:4f:a1:91:30,CESI_Corp,-74.0,5260.0,4
1789658917982131968,1789658921568532992,1789658921635741433,23,d4:bd:4f:a1:91:31,CESI_HotSpot,-74.0,5260.0,4
1789658917982131968,1789658921568532992,1789658921635741433,23,d4:bd:4f:a1:91:32,CESI_Robots,-74.0,5260.0,12
1789658917982131968,1789658921568532992,1789658921635741433,23,f8:0b:cb:42:cc:8f,eduspot,-87.0,5680.0,8308
1789658917982131968,1789658921568532992,1789658921635741433,23,78:c4:0e:d7:b1:30,RM828_WIFI,-78.0,2412.0,16632
1789658917982131968,1789658921568532992,1789658921635741433,23,f8:0b:cb:42:a1:24,TEST-DN-802.1x,-89.0,5500.0,29088
1789658917982131968,1789658921568532992,1789658921635741433,23,d4:bd:4f:61:d5:90,CESI_Corp,-71.0,2462.0,4164
1789658917982131968,1789658921568532992,1789658921635741433,23,d4:bd:4f:61:d5:94,CESI_Iot,-58.0,2462.0,12452
1789658917982131968,1789658921568532992,1789658921635741433,23,d4:bd:4f:61:d5:93,CESI_Recherche,-50.0,2462.0,12452
1789658917982131968,1789658921568532992,1789658921635741433,23,f8:0b:cb:42:cc:8e,eduroam,-88.0,5680.0,20792
1789658917982131968,1789658921568532992,1789658921635741433,23,d4:bd:4f:61:a9:72,CESI_Robots,-78.0,2462.0,29088
1789658917982131968,1789658921568532992,1789658921635741433,23,f8:0b:cb:42:a1:25,interco,-87.0,5500.0,29088
1789658917982131968,1789658921568532992,1789658921635741433,23,f8:0b:cb:42:a1:29,nologin,-88.0,5500.0,29088
1789658917982131968,1789658921568532992,1789658921635741433,23,f8:0b:cb:42:a1:2e,SIDES,-88.0,5500.0,29088
1789658917982131968,1789658921568532992,1789658921635741433,23,f8:0b:cb:42:a1:23,test-PCOIP,-88.0,5500.0,29088
1789658917982131968,1789658921568532992,1789658921635741433,23,f8:0b:cb:42:a1:22,PC-1067,-89.0,5500.0,29088
1789658917982131968,1789658921568532992,1789658921635741433,23,d4:bd:4f:61:91:33,CESI_Recherche,-70.0,2462.0,24972
1789658917982131968,1789658921568532992,1789658921635741433,23,d4:bd:4f:61:91:34,CESI_Iot,-68.0,2462.0,4164
1789658917982131968,1789658921568532992,1789658921635741433,23,2c:5a:0f:e5:7f:e0,eduspot,-62.0,2412.0,8308
1789658917982131968,1789658921568532992,1789658921635741433,23,2c:5a:0f:e5:7f:e1,eduroam,-62.0,2412.0,12452
1789658917982131968,1789658921568532992,1789658921635741433,23,d4:bd:4f:61:91:31,CESI_HotSpot,-62.0,2462.0,12452
1789658917982131968,1789658921568532992,1789658921635741433,23,72:a7:41:22:25:eb,,-89.0,5220.0,20792
1789658917982131968,1789658921568532992,1789658921635741433,23,78:45:58:d8:a3:5f,FGNE-Admin,-81.0,2437.0,4164
1789658917982131968,1789658921568532992,1789658921635741433,23,94:b3:4f:bc:d6:a0,CESI_Corp,-85.0,5180.0,16632
1789658917982131968,1789658921568532992,1789658921635741433,23,94:b3:4f:bc:d6:a1,CESI_HotSpot,-86.0,5180.0,16632
1789658917982131968,1789658921568532992,1789658921635741433,23,94:b3:4f:bc:d6:a2,CESI_Robots,-84.0,5180.0,16632
1789658917982131968,1789658921568532992,1789658921635741433,23,94:b3:4f:bc:d6:a3,CESI_Recherche,-84.0,5180.0,16632
1789658917982131968,1789658921568532992,1789658921635741433,23,94:b3:4f:bc:d6:a4,CESI_Iot,-85.0,5180.0,16632
1789658917982131968,1789658921568532992,1789658921635741433,23,d4:bd:4f:61:91:32,CESI_Robots,-69.0,2462.0,8308
1789658917982131968,1789658921568532992,1789658921635741433,23,d4:bd:4f:61:d5:92,CESI_Robots,-54.0,2462.0,12452
1789658917982131968,1789658921568532992,1789658921635741433,23,78:45:58:d8:a3:60,FGNE-Admin,-91.0,5180.0,12452
1789658917982131968,1789658921568532992,1789658921635741433,23,72:a7:41:12:25:eb,Cepsup-Etudiants,-84.0,5220.0,12452
1789658917982131968,1789658921568532992,1789658921635741433,23,70:a7:41:72:25:eb,FGNE-Admin,-83.0,5220.0,12452
1789658917982131968,1789658921568532992,1789658921635741433,23,7a:45:58:98:a3:5f,Cepsup-Etudiants,-81.0,2437.0,4164
1789658917982131968,1789658921568532992,1789658921635741433,23,d4:bd:4f:61:d5:91,CESI_HotSpot,-68.0,2462.0,4164
1789658917982131968,1789658921568532992,1789658921635741433,23,0e:7e:24:f0:77:8c,MINI 57356,-89.0,5220.0,12
1789658922138953984,1789658925731518976,1789658925796435458,24,02:91:9e:71:b0:15,poppy_net,-37.0,2412.0,4
1789658922138953984,1789658925731518976,1789658925796435458,24,32:0d:cb:9d:dd:f0,iPhone moe b,-42.0,2412.0,4
1789658922138953984,1789658925731518976,1789658925796435458,24,7c:26:64:69:50:05,,-78.0,5320.0,4
1789658922138953984,1789658925731518976,1789658925796435458,24,d4:bd:4f:a0:d2:d0,CESI_Corp,-61.0,5260.0,4
1789658922138953984,1789658925731518976,1789658925796435458,24,d4:bd:4f:a0:d2:d1,CESI_HotSpot,-60.0,5260.0,4
1789658922138953984,1789658925731518976,1789658925796435458,24,d4:bd:4f:a0:d2:d2,CESI_Robots,-60.0,5260.0,4
1789658922138953984,1789658925731518976,1789658925796435458,24,d4:bd:4f:a0:d2:d3,CESI_Recherche,-59.0,5260.0,4
1789658922138953984,1789658925731518976,1789658925796435458,24,d4:bd:4f:a0:d2:d4,CESI_Iot,-59.0,5260.0,4
1789658922138953984,1789658925731518976,1789658925796435458,24,d4:bd:4f:60:d2:d0,CESI_Corp,-56.0,2462.0,4
1789658922138953984,1789658925731518976,1789658925796435458,24,d4:bd:4f:60:d2:d2,CESI_Robots,-56.0,2462.0,4
1789658922138953984,1789658925731518976,1789658925796435458,24,d4:bd:4f:60:d2:d1,CESI_HotSpot,-57.0,2462.0,4
1789658922138953984,1789658925731518976,1789658925796435458,24,d4:bd:4f:60:d2:d3,CESI_Recherche,-56.0,2462.0,4
1789658922138953984,1789658925731518976,1789658925796435458,24,d4:bd:4f:a1:91:c1,CESI_HotSpot,-53.0,5260.0,4
1789658922138953984,1789658925731518976,1789658925796435458,24,d4:bd:4f:a1:91:c2,CESI_Robots,-54.0,5260.0,4
1789658922138953984,1789658925731518976,1789658925796435458,24,d4:bd:4f:a1:91:c3,CESI_Recherche,-53.0,5260.0,4
1789658922138953984,1789658925731518976,1789658925796435458,24,d4:bd:4f:a1:91:c0,CESI_Corp,-53.0,5260.0,4
1789658922138953984,1789658925731518976,1789658925796435458,24,d4:bd:4f:a1:91:c4,CESI_Iot,-53.0,5260.0,4
1789658922138953984,1789658925731518976,1789658925796435458,24,d4:bd:4f:61:91:c3,CESI_Recherche,-50.0,2462.0,4
1789658922138953984,1789658925731518976,1789658925796435458,24,2c:5a:0f:e5:7f:ef,eduspot,-79.0,5180.0,4172
1789658922138953984,1789658925731518976,1789658925796435458,24,d4:bd:4f:a1:e5:74,CESI_Iot,-65.0,5260.0,8324
1789658922138953984,1789658925731518976,1789658925796435458,24,d4:bd:4f:61:91:c0,CESI_Corp,-50.0,2462.0,4
1789658922138953984,1789658925731518976,1789658925796435458,24,d4:bd:4f:61:91:c1,CESI_HotSpot,-51.0,2462.0,4
1789658922138953984,1789658925731518976,1789658925796435458,24,d4:bd:4f:61:91:c2,CESI_Robots,-51.0,2462.0,4
1789658922138953984,1789658925731518976,1789658925796435458,24,d4:bd:4f:a1:e5:70,CESI_Corp,-66.0,5260.0,8324
1789658922138953984,1789658925731518976,1789658925796435458,24,d4:bd:4f:a1:e5:71,CESI_HotSpot,-64.0,5260.0,8324
1789658922138953984,1789658925731518976,1789658925796435458,24,d4:bd:4f:a1:e5:72,CESI_Robots,-76.0,5260.0,4
1789658922138953984,1789658925731518976,1789658925796435458,24,d4:bd:4f:a1:e5:73,CESI_Recherche,-77.0,5260.0,4
1789658922138953984,1789658925731518976,1789658925796435458,24,d4:bd:4f:61:e5:70,CESI_Corp,-64.0,2462.0,4172
1789658922138953984,1789658925731518976,1789658925796435458,24,d4:bd:4f:61:e5:73,CESI_Recherche,-80.0,2462.0,4172
1789658922138953984,1789658925731518976,1789658925796435458,24,d4:bd:4f:61:e5:74,CESI_Iot,-72.0,2462.0,4
1789658922138953984,1789658925731518976,1789658925796435458,24,d4:bd:4f:61:e5:72,CESI_Robots,-65.0,2462.0,4172
1789658922138953984,1789658925731518976,1789658925796435458,24,d4:bd:4f:61:e5:71,CESI_HotSpot,-71.0,2462.0,4172
1789658922138953984,1789658925731518976,1789658925796435458,24,d4:bd:4f:a1:f4:50,CESI_Corp,-69.0,5180.0,4
1789658922138953984,1789658925731518976,1789658925796435458,24,d4:bd:4f:a1:f4:51,CESI_HotSpot,-69.0,5180.0,4
1789658922138953984,1789658925731518976,1789658925796435458,24,d4:bd:4f:a1:f4:52,CESI_Robots,-69.0,5180.0,4
1789658922138953984,1789658925731518976,1789658925796435458,24,d4:bd:4f:a1:f4:53,CESI_Recherche,-69.0,5180.0,4
1789658922138953984,1789658925731518976,1789658925796435458,24,d4:bd:4f:a1:f4:54,CESI_Iot,-69.0,5180.0,4
1789658922138953984,1789658925731518976,1789658925796435458,24,d4:bd:4f:60:d2:d4,CESI_Iot,-57.0,2462.0,4
1789658922138953984,1789658925731518976,1789658925796435458,24,d4:bd:4f:a1:d5:93,CESI_Recherche,-80.0,5260.0,4
1789658922138953984,1789658925731518976,1789658925796435458,24,d4:bd:4f:a1:d5:90,CESI_Corp,-76.0,5260.0,4
1789658922138953984,1789658925731518976,1789658925796435458,24,d4:bd:4f:a1:d5:91,CESI_HotSpot,-66.0,5260.0,12468
1789658922138953984,1789658925731518976,1789658925796435458,24,d4:bd:4f:a1:d5:92,CESI_Robots,-75.0,5260.0,4172
1789658922138953984,1789658925731518976,1789658925796435458,24,d4:bd:4f:a1:d5:94,CESI_Iot,-76.0,5260.0,4
1789658922138953984,1789658925731518976,1789658925796435458,24,d4:bd:4f:a1:a9:70,CESI_Corp,-77.0,5260.0,24952
1789658922138953984,1789658925731518976,1789658925796435458,24,d4:bd:4f:61:91:c4,CESI_Iot,-51.0,2462.0,4
1789658922138953984,1789658925731518976,1789658925796435458,24,2c:5a:0f:e5:7f:ee,eduroam,-87.0,5180.0,4
1789658922138953984,1789658925731518976,1789658925796435458,24,d4:bd:4f:a0:5d:90,CESI_Corp,-85.0,5260.0,20792
1789658922138953984,1789658925731518976,1789658925796435458,24,d4:bd:4f:a1:a9:72,CESI_Robots,-82.0,5260.0,16612
1789658922138953984,1789658925731518976,1789658925796435458,24,d4:bd:4f:a1:a9:74,CESI_Iot,-87.0,5260.0,8324
1789658922138953984,1789658925731518976,1789658925796435458,24,d4:bd:4f:a1:a9:71,CESI_HotSpot,-77.0,5260.0,12468
1789658922138953984,1789658925731518976,1789658925796435458,24,d4:bd:4f:a1:a9:73,CESI_Recherche,-85.0,5260.0,8324
1789658922138953984,1789658925731518976,1789658925796435458,24,d4:bd:4f:61:f4:50,CESI_Corp,-62.0,2447.0,4
1789658922138953984,1789658925731518976,1789658925796435458,24,d4:bd:4f:61:f4:51,CESI_HotSpot,-62.0,2447.0,4
1789658922138953984,1789658925731518976,1789658925796435458,24,d4:bd:4f:61:f4:52,CESI_Robots,-62.0,2447.0,4
1789658922138953984,1789658925731518976,1789658925796435458,24,d4:bd:4f:61:f4:53,CESI_Recherche,-65.0,2447.0,4
1789658922138953984,1789658925731518976,1789658925796435458,24,d4:bd:4f:61:f4:54,CESI_Iot,-61.0,2447.0,4
1789658922138953984,1789658925731518976,1789658925796435458,24,d4:bd:4f:a0:5d:91,CESI_HotSpot,-83.0,5260.0,29132
1789658922138953984,1789658925731518976,1789658925796435458,24,d4:bd:4f:a0:5d:92,CESI_Robots,-83.0,5260.0,24952
1789658922138953984,1789658925731518976,1789658925796435458,24,d4:bd:4f:a0:5d:93,CESI_Recherche,-83.0,5260.0,24952
1789658922138953984,1789658925731518976,1789658925796435458,24,d4:bd:4f:a0:5d:94,CESI_Iot,-83.0,5260.0,24952
1789658922138953984,1789658925731518976,1789658925796435458,24,d4:bd:4f:a1:91:33,CESI_Recherche,-80.0,5260.0,4
1789658922138953984,1789658925731518976,1789658925796435458,24,d4:bd:4f:a1:91:34,CESI_Iot,-80.0,5260.0,4
1789658922138953984,1789658925731518976,1789658925796435458,24,d4:bd:4f:a1:91:30,CESI_Corp,-74.0,5260.0,4172
1789658922138953984,1789658925731518976,1789658925796435458,24,d4:bd:4f:a1:91:31,CESI_HotSpot,-74.0,5260.0,4172
1789658922138953984,1789658925731518976,1789658925796435458,24,d4:bd:4f:a1:91:32,CESI_Robots,-74.0,5260.0,4172
1789658922138953984,1789658925731518976,1789658925796435458,24,f8:0b:cb:42:cc:8f,eduspot,-87.0,5680.0,12476
1789658922138953984,1789658925731518976,1789658925796435458,24,78:c4:0e:d7:b1:30,RM828_WIFI,-78.0,2412.0,20800
1789658922138953984,1789658925731518976,1789658925796435458,24,d4:bd:4f:61:d5:90,CESI_Corp,-66.0,2462.0,12
1789658922138953984,1789658925731518976,1789658925796435458,24,d4:bd:4f:61:d5:94,CESI_Iot,-65.0,2462.0,12
1789658922138953984,1789658925731518976,1789658925796435458,24,d4:bd:4f:61:d5:93,CESI_Recherche,-50.0,2462.0,16620
1789658922138953984,1789658925731518976,1789658925796435458,24,f8:0b:cb:42:cc:8e,eduroam,-88.0,5680.0,24960
1789658922138953984,1789658925731518976,1789658925796435458,24,d4:bd:4f:61:91:33,CESI_Recherche,-70.0,2462.0,29140
1789658922138953984,1789658925731518976,1789658925796435458,24,d4:bd:4f:61:91:34,CESI_Iot,-68.0,2462.0,8332
1789658922138953984,1789658925731518976,1789658925796435458,24,2c:5a:0f:e5:7f:e0,eduspot,-62.0,2412.0,12476
1789658922138953984,1789658925731518976,1789658925796435458,24,2c:5a:0f:e5:7f:e1,eduroam,-62.0,2412.0,16620
1789658922138953984,1789658925731518976,1789658925796435458,24,d4:bd:4f:61:91:31,CESI_HotSpot,-69.0,2462.0,12
1789658922138953984,1789658925731518976,1789658925796435458,24,72:a7:41:22:25:eb,,-89.0,5220.0,24960
1789658922138953984,1789658925731518976,1789658925796435458,24,78:45:58:d8:a3:5f,FGNE-Admin,-80.0,2437.0,12
1789658922138953984,1789658925731518976,1789658925796435458,24,94:b3:4f:bc:d6:a0,CESI_Corp,-85.0,5180.0,20800
1789658922138953984,1789658925731518976,1789658925796435458,24,94:b3:4f:bc:d6:a1,CESI_HotSpot,-86.0,5180.0,20800
1789658922138953984,1789658925731518976,1789658925796435458,24,94:b3:4f:bc:d6:a2,CESI_Robots,-84.0,5180.0,20800
1789658922138953984,1789658925731518976,1789658925796435458,24,94:b3:4f:bc:d6:a3,CESI_Recherche,-84.0,5180.0,20800
1789658922138953984,1789658925731518976,1789658925796435458,24,94:b3:4f:bc:d6:a4,CESI_Iot,-85.0,5180.0,20800
1789658922138953984,1789658925731518976,1789658925796435458,24,d4:bd:4f:61:91:32,CESI_Robots,-69.0,2462.0,12476
1789658922138953984,1789658925731518976,1789658925796435458,24,d4:bd:4f:61:d5:92,CESI_Robots,-54.0,2462.0,16620
1789658922138953984,1789658925731518976,1789658925796435458,24,78:45:58:d8:a3:60,FGNE-Admin,-91.0,5180.0,16620
1789658922138953984,1789658925731518976,1789658925796435458,24,72:a7:41:12:25:eb,Cepsup-Etudiants,-84.0,5220.0,16620
1789658922138953984,1789658925731518976,1789658925796435458,24,70:a7:41:72:25:eb,FGNE-Admin,-83.0,5220.0,16620
1789658922138953984,1789658925731518976,1789658925796435458,24,7a:45:58:98:a3:5f,Cepsup-Etudiants,-81.0,2437.0,8332
1789658922138953984,1789658925731518976,1789658925796435458,24,d4:bd:4f:61:d5:91,CESI_HotSpot,-66.0,2462.0,12
1789658922138953984,1789658925731518976,1789658925796435458,24,0e:7e:24:f0:77:8c,MINI 57356,-89.0,5220.0,4180
1789658922138953984,1789658925731518976,1789658925796435458,24,d4:bd:4f:61:91:30,CESI_Corp,-69.0,2462.0,12
1789658926299320064,1789658929937256192,1789658929997195476,25,02:91:9e:71:b0:15,poppy_net,-38.0,2412.0,0
1789658926299320064,1789658929937256192,1789658929997195476,25,32:0d:cb:9d:dd:f0,iPhone moe b,-47.0,2412.0,0
1789658926299320064,1789658929937256192,1789658929997195476,25,7c:26:64:69:50:05,,-79.0,5320.0,0
1789658926299320064,1789658929937256192,1789658929997195476,25,d4:bd:4f:a0:d2:d0,CESI_Corp,-61.0,5260.0,0
1789658926299320064,1789658929937256192,1789658929997195476,25,d4:bd:4f:a0:d2:d1,CESI_HotSpot,-61.0,5260.0,0
1789658926299320064,1789658929937256192,1789658929997195476,25,d4:bd:4f:a0:d2:d2,CESI_Robots,-60.0,5260.0,0
1789658926299320064,1789658929937256192,1789658929997195476,25,d4:bd:4f:a0:d2:d3,CESI_Recherche,-59.0,5260.0,0
1789658926299320064,1789658929937256192,1789658929997195476,25,d4:bd:4f:a0:d2:d4,CESI_Iot,-58.0,5260.0,0
1789658926299320064,1789658929937256192,1789658929997195476,25,d4:bd:4f:60:d2:d0,CESI_Corp,-59.0,2462.0,0
1789658926299320064,1789658929937256192,1789658929997195476,25,d4:bd:4f:60:d2:d2,CESI_Robots,-57.0,2462.0,0
1789658926299320064,1789658929937256192,1789658929997195476,25,d4:bd:4f:60:d2:d1,CESI_HotSpot,-55.0,2462.0,0
1789658926299320064,1789658929937256192,1789658929997195476,25,d4:bd:4f:60:d2:d3,CESI_Recherche,-56.0,2462.0,0
1789658926299320064,1789658929937256192,1789658929997195476,25,d4:bd:4f:a1:91:c1,CESI_HotSpot,-58.0,5260.0,0
1789658926299320064,1789658929937256192,1789658929997195476,25,d4:bd:4f:a1:91:c2,CESI_Robots,-58.0,5260.0,0
1789658926299320064,1789658929937256192,1789658929997195476,25,d4:bd:4f:a1:91:c3,CESI_Recherche,-57.0,5260.0,0
1789658926299320064,1789658929937256192,1789658929997195476,25,d4:bd:4f:a1:91:c0,CESI_Corp,-58.0,5260.0,0
1789658926299320064,1789658929937256192,1789658929997195476,25,d4:bd:4f:a1:91:c4,CESI_Iot,-58.0,5260.0,0
1789658926299320064,1789658929937256192,1789658929997195476,25,d4:bd:4f:61:91:c3,CESI_Recherche,-61.0,2462.0,0
1789658926299320064,1789658929937256192,1789658929997195476,25,2c:5a:0f:e5:7f:ef,eduspot,-79.0,5180.0,8376
1789658926299320064,1789658929937256192,1789658929997195476,25,d4:bd:4f:a1:e5:74,CESI_Iot,-76.0,5260.0,0
1789658926299320064,1789658929937256192,1789658929997195476,25,d4:bd:4f:61:91:c0,CESI_Corp,-60.0,2462.0,0
1789658926299320064,1789658929937256192,1789658929997195476,25,d4:bd:4f:61:91:c1,CESI_HotSpot,-60.0,2462.0,0
1789658926299320064,1789658929937256192,1789658929997195476,25,d4:bd:4f:61:91:c2,CESI_Robots,-60.0,2462.0,0
1789658926299320064,1789658929937256192,1789658929997195476,25,d4:bd:4f:a1:e5:70,CESI_Corp,-76.0,5260.0,0
1789658926299320064,1789658929937256192,1789658929997195476,25,d4:bd:4f:a1:e5:71,CESI_HotSpot,-76.0,5260.0,0
1789658926299320064,1789658929937256192,1789658929997195476,25,d4:bd:4f:a1:e5:72,CESI_Robots,-76.0,5260.0,0
1789658926299320064,1789658929937256192,1789658929997195476,25,d4:bd:4f:a1:e5:73,CESI_Recherche,-76.0,5260.0,0
1789658926299320064,1789658929937256192,1789658929997195476,25,d4:bd:4f:61:e5:70,CESI_Corp,-76.0,2462.0,0
1789658926299320064,1789658929937256192,1789658929997195476,25,d4:bd:4f:61:e5:73,CESI_Recherche,-80.0,2462.0,8376
1789658926299320064,1789658929937256192,1789658929997195476,25,d4:bd:4f:61:e5:74,CESI_Iot,-72.0,2462.0,4208
1789658926299320064,1789658929937256192,1789658929997195476,25,d4:bd:4f:61:e5:72,CESI_Robots,-65.0,2462.0,8376
1789658926299320064,1789658929937256192,1789658929997195476,25,d4:bd:4f:61:e5:71,CESI_HotSpot,-71.0,2462.0,8376
1789658926299320064,1789658929937256192,1789658929997195476,25,d4:bd:4f:a1:f4:50,CESI_Corp,-71.0,5180.0,0
1789658926299320064,1789658929937256192,1789658929997195476,25,d4:bd:4f:a1:f4:51,CESI_HotSpot,-71.0,5180.0,0
1789658926299320064,1789658929937256192,1789658929997195476,25,d4:bd:4f:a1:f4:52,CESI_Robots,-71.0,5180.0,0
1789658926299320064,1789658929937256192,1789658929997195476,25,d4:bd:4f:a1:f4:53,CESI_Recherche,-71.0,5180.0,0
1789658926299320064,1789658929937256192,1789658929997195476,25,d4:bd:4f:a1:f4:54,CESI_Iot,-71.0,5180.0,0
1789658926299320064,1789658929937256192,1789658929997195476,25,d4:bd:4f:60:d2:d4,CESI_Iot,-56.0,2462.0,0
1789658926299320064,1789658929937256192,1789658929997195476,25,d4:bd:4f:a1:d5:93,CESI_Recherche,-76.0,5260.0,0
1789658926299320064,1789658929937256192,1789658929997195476,25,d4:bd:4f:a1:d5:90,CESI_Corp,-76.0,5260.0,0
1789658926299320064,1789658929937256192,1789658929997195476,25,d4:bd:4f:a1:d5:91,CESI_HotSpot,-76.0,5260.0,0
1789658926299320064,1789658929937256192,1789658929997195476,25,d4:bd:4f:a1:d5:92,CESI_Robots,-76.0,5260.0,0
1789658926299320064,1789658929937256192,1789658929997195476,25,d4:bd:4f:a1:d5:94,CESI_Iot,-76.0,5260.0,0
1789658926299320064,1789658929937256192,1789658929997195476,25,d4:bd:4f:a1:a9:70,CESI_Corp,-77.0,5260.0,29156
1789658926299320064,1789658929937256192,1789658929997195476,25,d4:bd:4f:61:91:c4,CESI_Iot,-60.0,2462.0,0
1789658926299320064,1789658929937256192,1789658929997195476,25,2c:5a:0f:e5:7f:ee,eduroam,-87.0,5180.0,4208
1789658926299320064,1789658929937256192,1789658929997195476,25,d4:bd:4f:a0:5d:90,CESI_Corp,-85.0,5260.0,24996
1789658926299320064,1789658929937256192,1789658929997195476,25,d4:bd:4f:a1:a9:72,CESI_Robots,-82.0,5260.0,20816
1789658926299320064,1789658929937256192,1789658929997195476,25,d4:bd:4f:a1:a9:74,CESI_Iot,-87.0,5260.0,12528
1789658926299320064,1789658929937256192,1789658929997195476,25,d4:bd:4f:a1:a9:71,CESI_HotSpot,-77.0,5260.0,16672
1789658926299320064,1789658929937256192,1789658929997195476,25,d4:bd:4f:a1:a9:73,CESI_Recherche,-85.0,5260.0,12528
1789658926299320064,1789658929937256192,1789658929997195476,25,d4:bd:4f:61:f4:50,CESI_Corp,-57.0,2447.0,0
1789658926299320064,1789658929937256192,1789658929997195476,25,d4:bd:4f:61:f4:51,CESI_HotSpot,-56.0,2447.0,0
1789658926299320064,1789658929937256192,1789658929997195476,25,d4:bd:4f:61:f4:52,CESI_Robots,-56.0,2447.0,0
1789658926299320064,1789658929937256192,1789658929997195476,25,d4:bd:4f:61:f4:53,CESI_Recherche,-56.0,2447.0,0
1789658926299320064,1789658929937256192,1789658929997195476,25,d4:bd:4f:61:f4:54,CESI_Iot,-56.0,2447.0,0
1789658926299320064,1789658929937256192,1789658929997195476,25,d4:bd:4f:a0:5d:92,CESI_Robots,-83.0,5260.0,29156
1789658926299320064,1789658929937256192,1789658929997195476,25,d4:bd:4f:a0:5d:93,CESI_Recherche,-83.0,5260.0,29156
1789658926299320064,1789658929937256192,1789658929997195476,25,d4:bd:4f:a0:5d:94,CESI_Iot,-83.0,5260.0,29156
1789658926299320064,1789658929937256192,1789658929997195476,25,d4:bd:4f:a1:91:33,CESI_Recherche,-83.0,5260.0,0
1789658926299320064,1789658929937256192,1789658929997195476,25,d4:bd:4f:a1:91:34,CESI_Iot,-83.0,5260.0,0
1789658926299320064,1789658929937256192,1789658929997195476,25,d4:bd:4f:a1:91:30,CESI_Corp,-74.0,5260.0,8376
1789658926299320064,1789658929937256192,1789658929997195476,25,d4:bd:4f:a1:91:31,CESI_HotSpot,-84.0,5260.0,0
1789658926299320064,1789658929937256192,1789658929997195476,25,d4:bd:4f:a1:91:32,CESI_Robots,-83.0,5260.0,0
1789658926299320064,1789658929937256192,1789658929997195476,25,f8:0b:cb:42:cc:8f,eduspot,-87.0,5680.0,16672
1789658926299320064,1789658929937256192,1789658929997195476,25,78:c4:0e:d7:b1:30,RM828_WIFI,-78.0,2412.0,25000
1789658926299320064,1789658929937256192,1789658929997195476,25,d4:bd:4f:61:d5:90,CESI_Corp,-73.0,2462.0,4
1789658926299320064,1789658929937256192,1789658929997195476,25,d4:bd:4f:61:d5:94,CESI_Iot,-71.0,2462.0,4
1789658926299320064,1789658929937256192,1789658929997195476,25,d4:bd:4f:61:d5:93,CESI_Recherche,-70.0,2462.0,4
1789658926299320064,1789658929937256192,1789658929997195476,25,f8:0b:cb:42:cc:8e,eduroam,-88.0,5680.0,29160
1789658926299320064,1789658929937256192,1789658929997195476,25,d4:bd:4f:61:91:34,CESI_Iot,-68.0,2462.0,12532
1789658926299320064,1789658929937256192,1789658929997195476,25,2c:5a:0f:e5:7f:e0,eduspot,-62.0,2412.0,16676
1789658926299320064,1789658929937256192,1789658929997195476,25,2c:5a:0f:e5:7f:e1,eduroam,-62.0,2412.0,20820
1789658926299320064,1789658929937256192,1789658929997195476,25,d4:bd:4f:61:91:31,CESI_HotSpot,-69.0,2462.0,4212
1789658926299320064,1789658929937256192,1789658929997195476,25,72:a7:41:22:25:eb,,-87.0,5220.0,4
1789658926299320064,1789658929937256192,1789658929997195476,25,78:45:58:d8:a3:5f,FGNE-Admin,-80.0,2437.0,4212
1789658926299320064,1789658929937256192,1789658929997195476,25,94:b3:4f:bc:d6:a0,CESI_Corp,-85.0,5180.0,25000
1789658926299320064,1789658929937256192,1789658929997195476,25,94:b3:4f:bc:d6:a1,CESI_HotSpot,-86.0,5180.0,25000
1789658926299320064,1789658929937256192,1789658929997195476,25,94:b3:4f:bc:d6:a2,CESI_Robots,-84.0,5180.0,25000
1789658926299320064,1789658929937256192,1789658929997195476,25,94:b3:4f:bc:d6:a3,CESI_Recherche,-84.0,5180.0,25000
1789658926299320064,1789658929937256192,1789658929997195476,25,94:b3:4f:bc:d6:a4,CESI_Iot,-85.0,5180.0,25000
1789658926299320064,1789658929937256192,1789658929997195476,25,d4:bd:4f:61:91:32,CESI_Robots,-69.0,2462.0,16676
1789658926299320064,1789658929937256192,1789658929997195476,25,d4:bd:4f:61:d5:92,CESI_Robots,-54.0,2462.0,20820
1789658926299320064,1789658929937256192,1789658929997195476,25,78:45:58:d8:a3:60,FGNE-Admin,-91.0,5180.0,20820
1789658926299320064,1789658929937256192,1789658929997195476,25,72:a7:41:12:25:eb,Cepsup-Etudiants,-84.0,5220.0,20820
1789658926299320064,1789658929937256192,1789658929997195476,25,70:a7:41:72:25:eb,FGNE-Admin,-83.0,5220.0,20820
1789658926299320064,1789658929937256192,1789658929997195476,25,7a:45:58:98:a3:5f,Cepsup-Etudiants,-81.0,2437.0,12532
1789658926299320064,1789658929937256192,1789658929997195476,25,d4:bd:4f:61:d5:91,CESI_HotSpot,-72.0,2462.0,4
1789658926299320064,1789658929937256192,1789658929997195476,25,0e:7e:24:f0:77:8c,MINI 57356,-88.0,5220.0,4
1789658926299320064,1789658929937256192,1789658929997195476,25,d4:bd:4f:61:91:30,CESI_Corp,-69.0,2462.0,4212
1789658930500058880,1789658934168683008,1789658934224544392,26,02:91:9e:71:b0:15,poppy_net,-35.0,2412.0,0
1789658930500058880,1789658934168683008,1789658934224544392,26,32:0d:cb:9d:dd:f0,iPhone moe b,-59.0,2412.0,0
1789658930500058880,1789658934168683008,1789658934224544392,26,7c:26:64:69:50:05,,-85.0,5320.0,0
1789658930500058880,1789658934168683008,1789658934224544392,26,d4:bd:4f:a0:d2:d0,CESI_Corp,-57.0,5260.0,0
1789658930500058880,1789658934168683008,1789658934224544392,26,d4:bd:4f:a0:d2:d1,CESI_HotSpot,-57.0,5260.0,0
1789658930500058880,1789658934168683008,1789658934224544392,26,d4:bd:4f:a0:d2:d2,CESI_Robots,-57.0,5260.0,0
1789658930500058880,1789658934168683008,1789658934224544392,26,d4:bd:4f:a0:d2:d3,CESI_Recherche,-57.0,5260.0,0
1789658930500058880,1789658934168683008,1789658934224544392,26,d4:bd:4f:a0:d2:d4,CESI_Iot,-58.0,5260.0,0
1789658930500058880,1789658934168683008,1789658934224544392,26,d4:bd:4f:60:d2:d0,CESI_Corp,-57.0,2462.0,0
1789658930500058880,1789658934168683008,1789658934224544392,26,d4:bd:4f:60:d2:d2,CESI_Robots,-57.0,2462.0,4232
1789658930500058880,1789658934168683008,1789658934224544392,26,d4:bd:4f:60:d2:d1,CESI_HotSpot,-56.0,2462.0,0
1789658930500058880,1789658934168683008,1789658934224544392,26,d4:bd:4f:60:d2:d3,CESI_Recherche,-56.0,2462.0,4232
1789658930500058880,1789658934168683008,1789658934224544392,26,d4:bd:4f:a1:91:c1,CESI_HotSpot,-59.0,5260.0,0
1789658930500058880,1789658934168683008,1789658934224544392,26,d4:bd:4f:a1:91:c2,CESI_Robots,-59.0,5260.0,0
1789658930500058880,1789658934168683008,1789658934224544392,26,d4:bd:4f:a1:91:c3,CESI_Recherche,-59.0,5260.0,0
1789658930500058880,1789658934168683008,1789658934224544392,26,d4:bd:4f:a1:91:c0,CESI_Corp,-59.0,5260.0,0
1789658930500058880,1789658934168683008,1789658934224544392,26,d4:bd:4f:a1:91:c4,CESI_Iot,-59.0,5260.0,0
1789658930500058880,1789658934168683008,1789658934224544392,26,d4:bd:4f:61:91:c3,CESI_Recherche,-56.0,2462.0,0
1789658930500058880,1789658934168683008,1789658934224544392,26,2c:5a:0f:e5:7f:ef,eduspot,-79.0,5180.0,12608
1789658930500058880,1789658934168683008,1789658934224544392,26,d4:bd:4f:a1:e5:74,CESI_Iot,-75.0,5260.0,0
1789658930500058880,1789658934168683008,1789658934224544392,26,d4:bd:4f:61:91:c0,CESI_Corp,-57.0,2462.0,0
1789658930500058880,1789658934168683008,1789658934224544392,26,d4:bd:4f:61:91:c1,CESI_HotSpot,-56.0,2462.0,0
1789658930500058880,1789658934168683008,1789658934224544392,26,d4:bd:4f:61:91:c2,CESI_Robots,-56.0,2462.0,0
1789658930500058880,1789658934168683008,1789658934224544392,26,d4:bd:4f:a1:e5:70,CESI_Corp,-76.0,5260.0,0
1789658930500058880,1789658934168683008,1789658934224544392,26,d4:bd:4f:a1:e5:71,CESI_HotSpot,-75.0,5260.0,0
1789658930500058880,1789658934168683008,1789658934224544392,26,d4:bd:4f:a1:e5:72,CESI_Robots,-75.0,5260.0,0
1789658930500058880,1789658934168683008,1789658934224544392,26,d4:bd:4f:a1:e5:73,CESI_Recherche,-75.0,5260.0,0
1789658930500058880,1789658934168683008,1789658934224544392,26,d4:bd:4f:61:e5:70,CESI_Corp,-72.0,2462.0,0
1789658930500058880,1789658934168683008,1789658934224544392,26,d4:bd:4f:61:e5:73,CESI_Recherche,-71.0,2462.0,0
1789658930500058880,1789658934168683008,1789658934224544392,26,d4:bd:4f:61:e5:74,CESI_Iot,-72.0,2462.0,0
1789658930500058880,1789658934168683008,1789658934224544392,26,d4:bd:4f:61:e5:72,CESI_Robots,-74.0,2462.0,0
1789658930500058880,1789658934168683008,1789658934224544392,26,d4:bd:4f:61:e5:71,CESI_HotSpot,-76.0,2462.0,0
1789658930500058880,1789658934168683008,1789658934224544392,26,d4:bd:4f:a1:f4:50,CESI_Corp,-73.0,5180.0,0
1789658930500058880,1789658934168683008,1789658934224544392,26,d4:bd:4f:a1:f4:51,CESI_HotSpot,-73.0,5180.0,0
1789658930500058880,1789658934168683008,1789658934224544392,26,d4:bd:4f:a1:f4:52,CESI_Robots,-73.0,5180.0,0
1789658930500058880,1789658934168683008,1789658934224544392,26,d4:bd:4f:a1:f4:53,CESI_Recherche,-73.0,5180.0,0
1789658930500058880,1789658934168683008,1789658934224544392,26,d4:bd:4f:a1:f4:54,CESI_Iot,-73.0,5180.0,0
1789658930500058880,1789658934168683008,1789658934224544392,26,d4:bd:4f:60:d2:d4,CESI_Iot,-56.0,2462.0,4232
1789658930500058880,1789658934168683008,1789658934224544392,26,d4:bd:4f:a1:d5:93,CESI_Recherche,-78.0,5260.0,0
1789658930500058880,1789658934168683008,1789658934224544392,26,d4:bd:4f:a1:d5:90,CESI_Corp,-77.0,5260.0,0
1789658930500058880,1789658934168683008,1789658934224544392,26,d4:bd:4f:a1:d5:91,CESI_HotSpot,-77.0,5260.0,0
1789658930500058880,1789658934168683008,1789658934224544392,26,d4:bd:4f:a1:d5:92,CESI_Robots,-77.0,5260.0,0
1789658930500058880,1789658934168683008,1789658934224544392,26,d4:bd:4f:a1:d5:94,CESI_Iot,-78.0,5260.0,0
1789658930500058880,1789658934168683008,1789658934224544392,26,d4:bd:4f:a1:a9:70,CESI_Corp,-89.0,5260.0,0
1789658930500058880,1789658934168683008,1789658934224544392,26,d4:bd:4f:61:91:c4,CESI_Iot,-56.0,2462.0,0
1789658930500058880,1789658934168683008,1789658934224544392,26,2c:5a:0f:e5:7f:ee,eduroam,-86.0,5180.0,0
1789658930500058880,1789658934168683008,1789658934224544392,26,d4:bd:4f:a0:5d:90,CESI_Corp,-85.0,5260.0,29228
1789658930500058880,1789658934168683008,1789658934224544392,26,d4:bd:4f:a1:a9:72,CESI_Robots,-82.0,5260.0,25048
1789658930500058880,1789658934168683008,1789658934224544392,26,d4:bd:4f:a1:a9:74,CESI_Iot,-87.0,5260.0,16760
1789658930500058880,1789658934168683008,1789658934224544392,26,d4:bd:4f:a1:a9:71,CESI_HotSpot,-77.0,5260.0,20904
1789658930500058880,1789658934168683008,1789658934224544392,26,d4:bd:4f:a1:a9:73,CESI_Recherche,-85.0,5260.0,16760
1789658930500058880,1789658934168683008,1789658934224544392,26,d4:bd:4f:61:f4:50,CESI_Corp,-56.0,2447.0,0
1789658930500058880,1789658934168683008,1789658934224544392,26,d4:bd:4f:61:f4:51,CESI_HotSpot,-57.0,2447.0,0
1789658930500058880,1789658934168683008,1789658934224544392,26,d4:bd:4f:61:f4:52,CESI_Robots,-57.0,2447.0,0
1789658930500058880,1789658934168683008,1789658934224544392,26,d4:bd:4f:61:f4:53,CESI_Recherche,-57.0,2447.0,0
1789658930500058880,1789658934168683008,1789658934224544392,26,d4:bd:4f:61:f4:54,CESI_Iot,-56.0,2447.0,0
1789658930500058880,1789658934168683008,1789658934224544392,26,d4:bd:4f:a1:91:33,CESI_Recherche,-79.0,5260.0,0
1789658930500058880,1789658934168683008,1789658934224544392,26,d4:bd:4f:a1:91:34,CESI_Iot,-80.0,5260.0,0
1789658930500058880,1789658934168683008,1789658934224544392,26,d4:bd:4f:a1:91:30,CESI_Corp,-74.0,5260.0,12608
1789658930500058880,1789658934168683008,1789658934224544392,26,d4:bd:4f:a1:91:31,CESI_HotSpot,-84.0,5260.0,4232
1789658930500058880,1789658934168683008,1789658934224544392,26,d4:bd:4f:a1:91:32,CESI_Robots,-79.0,5260.0,0
1789658930500058880,1789658934168683008,1789658934224544392,26,f8:0b:cb:42:cc:8f,eduspot,-87.0,5680.0,20904
1789658930500058880,1789658934168683008,1789658934224544392,26,78:c4:0e:d7:b1:30,RM828_WIFI,-78.0,2412.0,29228
1789658930500058880,1789658934168683008,1789658934224544392,26,d4:bd:4f:61:d5:90,CESI_Corp,-71.0,2462.0,0
1789658930500058880,1789658934168683008,1789658934224544392,26,d4:bd:4f:61:d5:94,CESI_Iot,-71.0,2462.0,4232
1789658930500058880,1789658934168683008,1789658934224544392,26,d4:bd:4f:61:d5:93,CESI_Recherche,-70.0,2462.0,4232
1789658930500058880,1789658934168683008,1789658934224544392,26,d4:bd:4f:61:91:34,CESI_Iot,-68.0,2462.0,16764
1789658930500058880,1789658934168683008,1789658934224544392,26,2c:5a:0f:e5:7f:e0,eduspot,-62.0,2412.0,20908
1789658930500058880,1789658934168683008,1789658934224544392,26,2c:5a:0f:e5:7f:e1,eduroam,-62.0,2412.0,25052
1789658930500058880,1789658934168683008,1789658934224544392,26,d4:bd:4f:61:91:31,CESI_HotSpot,-69.0,2462.0,8444
1789658930500058880,1789658934168683008,1789658934224544392,26,72:a7:41:22:25:eb,,-87.0,5220.0,4236
1789658930500058880,1789658934168683008,1789658934224544392,26,78:45:58:d8:a3:5f,FGNE-Admin,-80.0,2437.0,8444
1789658930500058880,1789658934168683008,1789658934224544392,26,94:b3:4f:bc:d6:a0,CESI_Corp,-85.0,5180.0,29232
1789658930500058880,1789658934168683008,1789658934224544392,26,94:b3:4f:bc:d6:a1,CESI_HotSpot,-86.0,5180.0,29232
1789658930500058880,1789658934168683008,1789658934224544392,26,94:b3:4f:bc:d6:a2,CESI_Robots,-84.0,5180.0,29232
1789658930500058880,1789658934168683008,1789658934224544392,26,94:b3:4f:bc:d6:a3,CESI_Recherche,-84.0,5180.0,29232
1789658930500058880,1789658934168683008,1789658934224544392,26,94:b3:4f:bc:d6:a4,CESI_Iot,-85.0,5180.0,29232
1789658930500058880,1789658934168683008,1789658934224544392,26,d4:bd:4f:61:91:32,CESI_Robots,-69.0,2462.0,20908
1789658930500058880,1789658934168683008,1789658934224544392,26,d4:bd:4f:61:d5:92,CESI_Robots,-54.0,2462.0,25052
1789658930500058880,1789658934168683008,1789658934224544392,26,78:45:58:d8:a3:60,FGNE-Admin,-91.0,5180.0,25052
1789658930500058880,1789658934168683008,1789658934224544392,26,72:a7:41:12:25:eb,Cepsup-Etudiants,-84.0,5220.0,25052
1789658930500058880,1789658934168683008,1789658934224544392,26,70:a7:41:72:25:eb,FGNE-Admin,-83.0,5220.0,25052
1789658930500058880,1789658934168683008,1789658934224544392,26,7a:45:58:98:a3:5f,Cepsup-Etudiants,-80.0,2437.0,4
1789658930500058880,1789658934168683008,1789658934224544392,26,d4:bd:4f:61:d5:91,CESI_HotSpot,-71.0,2462.0,4
1789658930500058880,1789658934168683008,1789658934224544392,26,0e:7e:24:f0:77:8c,MINI 57356,-88.0,5220.0,4236
1789658930500058880,1789658934168683008,1789658934224544392,26,d4:bd:4f:61:91:30,CESI_Corp,-69.0,2462.0,8444
1789658934727933952,1789658938364494080,1789658938420259984,27,02:91:9e:71:b0:15,poppy_net,-34.0,2412.0,4
1789658934727933952,1789658938364494080,1789658938420259984,27,32:0d:cb:9d:dd:f0,iPhone moe b,-51.0,2412.0,4
1789658934727933952,1789658938364494080,1789658938420259984,27,7c:26:64:69:50:05,,-79.0,5320.0,4
1789658934727933952,1789658938364494080,1789658938420259984,27,d4:bd:4f:a0:d2:d0,CESI_Corp,-60.0,5260.0,4
1789658934727933952,1789658938364494080,1789658938420259984,27,d4:bd:4f:a0:d2:d1,CESI_HotSpot,-60.0,5260.0,4
1789658934727933952,1789658938364494080,1789658938420259984,27,d4:bd:4f:a0:d2:d2,CESI_Robots,-60.0,5260.0,4
1789658934727933952,1789658938364494080,1789658938420259984,27,d4:bd:4f:a0:d2:d3,CESI_Recherche,-60.0,5260.0,4
1789658934727933952,1789658938364494080,1789658938420259984,27,d4:bd:4f:a0:d2:d4,CESI_Iot,-60.0,5260.0,4
1789658934727933952,1789658938364494080,1789658938420259984,27,d4:bd:4f:60:d2:d0,CESI_Corp,-72.0,2462.0,4
1789658934727933952,1789658938364494080,1789658938420259984,27,d4:bd:4f:60:d2:d2,CESI_Robots,-57.0,2462.0,8432
1789658934727933952,1789658938364494080,1789658938420259984,27,d4:bd:4f:60:d2:d1,CESI_HotSpot,-57.0,2462.0,4
1789658934727933952,1789658938364494080,1789658938420259984,27,d4:bd:4f:60:d2:d3,CESI_Recherche,-57.0,2462.0,4
1789658934727933952,1789658938364494080,1789658938420259984,27,d4:bd:4f:a1:91:c1,CESI_HotSpot,-59.0,5260.0,4
1789658934727933952,1789658938364494080,1789658938420259984,27,d4:bd:4f:a1:91:c2,CESI_Robots,-59.0,5260.0,4
1789658934727933952,1789658938364494080,1789658938420259984,27,d4:bd:4f:a1:91:c3,CESI_Recherche,-59.0,5260.0,4
1789658934727933952,1789658938364494080,1789658938420259984,27,d4:bd:4f:a1:91:c0,CESI_Corp,-59.0,5260.0,4
1789658934727933952,1789658938364494080,1789658938420259984,27,d4:bd:4f:a1:91:c4,CESI_Iot,-59.0,5260.0,4
1789658934727933952,1789658938364494080,1789658938420259984,27,d4:bd:4f:61:91:c3,CESI_Recherche,-58.0,2462.0,4
1789658934727933952,1789658938364494080,1789658938420259984,27,2c:5a:0f:e5:7f:ef,eduspot,-87.0,5180.0,4
1789658934727933952,1789658938364494080,1789658938420259984,27,d4:bd:4f:a1:e5:74,CESI_Iot,-78.0,5260.0,4
1789658934727933952,1789658938364494080,1789658938420259984,27,d4:bd:4f:61:91:c0,CESI_Corp,-55.0,2462.0,4
1789658934727933952,1789658938364494080,1789658938420259984,27,d4:bd:4f:61:91:c1,CESI_HotSpot,-56.0,2462.0,4
1789658934727933952,1789658938364494080,1789658938420259984,27,d4:bd:4f:61:91:c2,CESI_Robots,-57.0,2462.0,4
1789658934727933952,1789658938364494080,1789658938420259984,27,d4:bd:4f:a1:e5:70,CESI_Corp,-78.0,5260.0,4
1789658934727933952,1789658938364494080,1789658938420259984,27,d4:bd:4f:a1:e5:71,CESI_HotSpot,-77.0,5260.0,4
1789658934727933952,1789658938364494080,1789658938420259984,27,d4:bd:4f:a1:e5:72,CESI_Robots,-78.0,5260.0,4
1789658934727933952,1789658938364494080,1789658938420259984,27,d4:bd:4f:a1:e5:73,CESI_Recherche,-77.0,5260.0,4
1789658934727933952,1789658938364494080,1789658938420259984,27,d4:bd:4f:61:e5:70,CESI_Corp,-70.0,2462.0,4
1789658934727933952,1789658938364494080,1789658938420259984,27,d4:bd:4f:61:e5:73,CESI_Recherche,-68.0,2462.0,4
1789658934727933952,1789658938364494080,1789658938420259984,27,d4:bd:4f:61:e5:74,CESI_Iot,-70.0,2462.0,4
1789658934727933952,1789658938364494080,1789658938420259984,27,d4:bd:4f:61:e5:72,CESI_Robots,-69.0,2462.0,4
1789658934727933952,1789658938364494080,1789658938420259984,27,d4:bd:4f:61:e5:71,CESI_HotSpot,-70.0,2462.0,4
1789658934727933952,1789658938364494080,1789658938420259984,27,d4:bd:4f:a1:f4:50,CESI_Corp,-72.0,5180.0,4
1789658934727933952,1789658938364494080,1789658938420259984,27,d4:bd:4f:a1:f4:51,CESI_HotSpot,-72.0,5180.0,4
1789658934727933952,1789658938364494080,1789658938420259984,27,d4:bd:4f:a1:f4:52,CESI_Robots,-72.0,5180.0,4
1789658934727933952,1789658938364494080,1789658938420259984,27,d4:bd:4f:a1:f4:53,CESI_Recherche,-71.0,5180.0,4
1789658934727933952,1789658938364494080,1789658938420259984,27,d4:bd:4f:a1:f4:54,CESI_Iot,-71.0,5180.0,4
1789658934727933952,1789658938364494080,1789658938420259984,27,d4:bd:4f:60:d2:d4,CESI_Iot,-57.0,2462.0,4
1789658934727933952,1789658938364494080,1789658938420259984,27,d4:bd:4f:a1:d5:93,CESI_Recherche,-79.0,5260.0,4
1789658934727933952,1789658938364494080,1789658938420259984,27,d4:bd:4f:a1:d5:90,CESI_Corp,-79.0,5260.0,4
1789658934727933952,1789658938364494080,1789658938420259984,27,d4:bd:4f:a1:d5:91,CESI_HotSpot,-79.0,5260.0,4
1789658934727933952,1789658938364494080,1789658938420259984,27,d4:bd:4f:a1:d5:92,CESI_Robots,-79.0,5260.0,4
1789658934727933952,1789658938364494080,1789658938420259984,27,d4:bd:4f:a1:d5:94,CESI_Iot,-79.0,5260.0,4
1789658934727933952,1789658938364494080,1789658938420259984,27,d4:bd:4f:a1:a9:70,CESI_Corp,-89.0,5260.0,4200
1789658934727933952,1789658938364494080,1789658938420259984,27,d4:bd:4f:61:91:c4,CESI_Iot,-67.0,2462.0,4
1789658934727933952,1789658938364494080,1789658938420259984,27,2c:5a:0f:e5:7f:ee,eduroam,-86.0,5180.0,4200
1789658934727933952,1789658938364494080,1789658938420259984,27,d4:bd:4f:a1:a9:72,CESI_Robots,-82.0,5260.0,29248
1789658934727933952,1789658938364494080,1789658938420259984,27,d4:bd:4f:a1:a9:74,CESI_Iot,-87.0,5260.0,20960
1789658934727933952,1789658938364494080,1789658938420259984,27,d4:bd:4f:a1:a9:71,CESI_HotSpot,-77.0,5260.0,25104
1789658934727933952,1789658938364494080,1789658938420259984,27,d4:bd:4f:a1:a9:73,CESI_Recherche,-85.0,5260.0,20960
1789658934727933952,1789658938364494080,1789658938420259984,27,d4:bd:4f:61:f4:50,CESI_Corp,-69.0,2447.0,4
1789658934727933952,1789658938364494080,1789658938420259984,27,d4:bd:4f:61:f4:51,CESI_HotSpot,-70.0,2447.0,4
1789658934727933952,1789658938364494080,1789658938420259984,27,d4:bd:4f:61:f4:52,CESI_Robots,-70.0,2447.0,4
1789658934727933952,1789658938364494080,1789658938420259984,27,d4:bd:4f:61:f4:53,CESI_Recherche,-68.0,2447.0,4
1789658934727933952,1789658938364494080,1789658938420259984,27,d4:bd:4f:61:f4:54,CESI_Iot,-70.0,2447.0,4
1789658934727933952,1789658938364494080,1789658938420259984,27,d4:bd:4f:a1:91:33,CESI_Recherche,-80.0,5260.0,4
1789658934727933952,1789658938364494080,1789658938420259984,27,d4:bd:4f:a1:91:34,CESI_Iot,-80.0,5260.0,4
1789658934727933952,1789658938364494080,1789658938420259984,27,d4:bd:4f:a1:91:30,CESI_Corp,-80.0,5260.0,4
1789658934727933952,1789658938364494080,1789658938420259984,27,d4:bd:4f:a1:91:31,CESI_HotSpot,-80.0,5260.0,4
1789658934727933952,1789658938364494080,1789658938420259984,27,d4:bd:4f:a1:91:32,CESI_Robots,-80.0,5260.0,4
1789658934727933952,1789658938364494080,1789658938420259984,27,f8:0b:cb:42:cc:8f,eduspot,-87.0,5680.0,25104
1789658934727933952,1789658938364494080,1789658938420259984,27,d4:bd:4f:61:d5:90,CESI_Corp,-71.0,2462.0,4200
1789658934727933952,1789658938364494080,1789658938420259984,27,d4:bd:4f:61:d5:94,CESI_Iot,-71.0,2462.0,8432
1789658934727933952,1789658938364494080,1789658938420259984,27,d4:bd:4f:61:d5:93,CESI_Recherche,-70.0,2462.0,8432
1789658934727933952,1789658938364494080,1789658938420259984,27,d4:bd:4f:61:91:34,CESI_Iot,-68.0,2462.0,20960
1789658934727933952,1789658938364494080,1789658938420259984,27,2c:5a:0f:e5:7f:e0,eduspot,-62.0,2412.0,25104
1789658934727933952,1789658938364494080,1789658938420259984,27,2c:5a:0f:e5:7f:e1,eduroam,-62.0,2412.0,29252
1789658934727933952,1789658938364494080,1789658938420259984,27,d4:bd:4f:61:91:31,CESI_HotSpot,-69.0,2462.0,12644
1789658934727933952,1789658938364494080,1789658938420259984,27,72:a7:41:22:25:eb,,-87.0,5220.0,8436
1789658934727933952,1789658938364494080,1789658938420259984,27,78:45:58:d8:a3:5f,FGNE-Admin,-80.0,2437.0,12644
1789658934727933952,1789658938364494080,1789658938420259984,27,d4:bd:4f:61:91:32,CESI_Robots,-69.0,2462.0,25108
1789658934727933952,1789658938364494080,1789658938420259984,27,d4:bd:4f:61:d5:92,CESI_Robots,-54.0,2462.0,29252
1789658934727933952,1789658938364494080,1789658938420259984,27,78:45:58:d8:a3:60,FGNE-Admin,-91.0,5180.0,29252
1789658934727933952,1789658938364494080,1789658938420259984,27,72:a7:41:12:25:eb,Cepsup-Etudiants,-84.0,5220.0,29252
1789658934727933952,1789658938364494080,1789658938420259984,27,70:a7:41:72:25:eb,FGNE-Admin,-83.0,5220.0,29252
1789658934727933952,1789658938364494080,1789658938420259984,27,7a:45:58:98:a3:5f,Cepsup-Etudiants,-80.0,2437.0,4204
1789658934727933952,1789658938364494080,1789658938420259984,27,d4:bd:4f:61:d5:91,CESI_HotSpot,-71.0,2462.0,4204
1789658934727933952,1789658938364494080,1789658938420259984,27,0e:7e:24:f0:77:8c,MINI 57356,-88.0,5220.0,8436
1789658934727933952,1789658938364494080,1789658938420259984,27,d4:bd:4f:61:91:30,CESI_Corp,-69.0,2462.0,12644
1789658934727933952,1789658938364494080,1789658938420259984,27,d4:bd:4f:61:91:33,CESI_Recherche,-72.0,2462.0,8
